Num GPUs Available:  2
glm
Checking whether there is an H2O instance running at http://localhost:54321 . connected.
Warning: Your H2O cluster version is too old (5 months and 11 days)!Please download and install the latest version from http://h2o.ai/download/
--------------------------  ------------------------------------------------------------------
H2O_cluster_uptime:         2 days 18 hours 41 mins
H2O_cluster_timezone:       Asia/Shanghai
H2O_data_parsing_timezone:  UTC
H2O_cluster_version:        3.34.0.3
H2O_cluster_version_age:    5 months and 11 days !!!
H2O_cluster_name:           H2O_from_python_root_ijoqmh
H2O_cluster_total_nodes:    1
H2O_cluster_free_memory:    17.72 Gb
H2O_cluster_total_cores:    20
H2O_cluster_allowed_cores:  20
H2O_cluster_status:         locked, healthy
H2O_connection_url:         http://localhost:54321
H2O_connection_proxy:       {"http": null, "https": null}
H2O_internal_security:      False
H2O_API_Extensions:         Amazon S3, XGBoost, Algos, AutoML, Core V3, TargetEncoder, Core V4
Python_version:             3.8.10 final
--------------------------  ------------------------------------------------------------------
loading  bayes /data/paper4/model//3/bayes/NaiveBayes_model_python_1647354051846_1
loading  glm /data/paper4/model//3/glm/GLM_model_python_1647354051846_5
loading  rf /data/paper4/model//3/rf/DRF_model_python_1647354051846_22
loading  gbm /data/paper4/model//3/gbm/GBM_model_python_1647354051846_172
loading  xgboost /data/paper4/model//3/xgboost/XGBoost_model_python_1647361848945_226
loading  deeplearn /data/paper4/model//3/deeplearn/DeepLearning_model_python_1647354051846_465
3 glm /data/paper4/test/3.csv
Parse progress: |████████████████████████████████████████████████████████████████| (done) 100%
naivebayes prediction progress: |████████████████████████████████████████████████| (done) 100%
glm prediction progress: |███████████████████████████████████████████████████████| (done) 100%
drf prediction progress: |███████████████████████████████████████████████████████| (done) 100%
gbm prediction progress: |███████████████████████████████████████████████████████| (done) 100%
xgboost prediction progress: |███████████████████████████████████████████████████| (done) 100%
deeplearning prediction progress: |██████████████████████████████████████████████| (done) 100%
3 glm /data/paper4/test/0.csv
Parse progress: |████████████████████████████████████████████████████████████████| (done) 100%
naivebayes prediction progress: |████████████████████████████████████████████████| (done) 100%
glm prediction progress: |███████████████████████████████████████████████████████| (done) 100%
drf prediction progress: |███████████████████████████████████████████████████████| (done) 100%
gbm prediction progress: |███████████████████████████████████████████████████████| (done) 100%
xgboost prediction progress: |███████████████████████████████████████████████████| (done) 100%
deeplearning prediction progress: |██████████████████████████████████████████████| (done) 100%
3 glm /data/paper4/test/2.csv
Parse progress: |████████████████████████████████████████████████████████████████| (done) 100%
naivebayes prediction progress: |████████████████████████████████████████████████| (done) 100%
glm prediction progress: |███████████████████████████████████████████████████████| (done) 100%
drf prediction progress: |███████████████████████████████████████████████████████| (done) 100%
gbm prediction progress: |███████████████████████████████████████████████████████| (done) 100%
xgboost prediction progress: |███████████████████████████████████████████████████| (done) 100%
deeplearning prediction progress: |██████████████████████████████████████████████| (done) 100%
3 glm /data/paper4/test/5.csv
Parse progress: |████████████████████████████████████████████████████████████████| (done) 100%
naivebayes prediction progress: |████████████████████████████████████████████████| (done) 100%
glm prediction progress: |███████████████████████████████████████████████████████| (done) 100%
drf prediction progress: |███████████████████████████████████████████████████████| (done) 100%
gbm prediction progress: |███████████████████████████████████████████████████████| (done) 100%
xgboost prediction progress: |███████████████████████████████████████████████████| (done) 100%
deeplearning prediction progress: |██████████████████████████████████████████████| (done) 100%
3 glm /data/paper4/test/8.csv
Parse progress: |████████████████████████████████████████████████████████████████| (done) 100%
naivebayes prediction progress: |████████████████████████████████████████████████| (done) 100%
glm prediction progress: |███████████████████████████████████████████████████████| (done) 100%
drf prediction progress: |███████████████████████████████████████████████████████| (done) 100%
gbm prediction progress: |███████████████████████████████████████████████████████| (done) 100%
xgboost prediction progress: |███████████████████████████████████████████████████| (done) 100%
deeplearning prediction progress: |██████████████████████████████████████████████| (done) 100%
3 glm /data/paper4/test/7.csv
Parse progress: |████████████████████████████████████████████████████████████████| (done) 100%
naivebayes prediction progress: |████████████████████████████████████████████████| (done) 100%
glm prediction progress: |███████████████████████████████████████████████████████| (done) 100%
drf prediction progress: |███████████████████████████████████████████████████████| (done) 100%
gbm prediction progress: |███████████████████████████████████████████████████████| (done) 100%
xgboost prediction progress: |███████████████████████████████████████████████████| (done) 100%
deeplearning prediction progress: |██████████████████████████████████████████████| (done) 100%
3 glm /data/paper4/test/1.csv
Parse progress: |████████████████████████████████████████████████████████████████| (done) 100%
naivebayes prediction progress: |████████████████████████████████████████████████| (done) 100%
glm prediction progress: |███████████████████████████████████████████████████████| (done) 100%
drf prediction progress: |███████████████████████████████████████████████████████| (done) 100%
gbm prediction progress: |███████████████████████████████████████████████████████| (done) 100%
xgboost prediction progress: |███████████████████████████████████████████████████| (done) 100%
deeplearning prediction progress: |██████████████████████████████████████████████| (done) 100%
3 glm /data/paper4/test/4.csv
Parse progress: |████████████████████████████████████████████████████████████████| (done) 100%
naivebayes prediction progress: |████████████████████████████████████████████████| (done) 100%
glm prediction progress: |███████████████████████████████████████████████████████| (done) 100%
drf prediction progress: |███████████████████████████████████████████████████████| (done) 100%
gbm prediction progress: |███████████████████████████████████████████████████████| (done) 100%
xgboost prediction progress: |███████████████████████████████████████████████████| (done) 100%
deeplearning prediction progress: |██████████████████████████████████████████████| (done) 100%
3 glm /data/paper4/test/6.csv
Parse progress: |████████████████████████████████████████████████████████████████| (done) 100%
naivebayes prediction progress: |████████████████████████████████████████████████| (done) 100%
glm prediction progress: |███████████████████████████████████████████████████████| (done) 100%
drf prediction progress: |███████████████████████████████████████████████████████| (done) 100%
gbm prediction progress: |███████████████████████████████████████████████████████| (done) 100%
xgboost prediction progress: |███████████████████████████████████████████████████| (done) 100%
deeplearning prediction progress: |██████████████████████████████████████████████| (done) 100%
deeplearn
Checking whether there is an H2O instance running at http://localhost:54321 . connected.
Warning: Your H2O cluster version is too old (5 months and 11 days)!Please download and install the latest version from http://h2o.ai/download/
--------------------------  ------------------------------------------------------------------
H2O_cluster_uptime:         2 days 18 hours 42 mins
H2O_cluster_timezone:       Asia/Shanghai
H2O_data_parsing_timezone:  UTC
H2O_cluster_version:        3.34.0.3
H2O_cluster_version_age:    5 months and 11 days !!!
H2O_cluster_name:           H2O_from_python_root_ijoqmh
H2O_cluster_total_nodes:    1
H2O_cluster_free_memory:    17.64 Gb
H2O_cluster_total_cores:    20
H2O_cluster_allowed_cores:  20
H2O_cluster_status:         locked, healthy
H2O_connection_url:         http://localhost:54321
H2O_connection_proxy:       {"http": null, "https": null}
H2O_internal_security:      False
H2O_API_Extensions:         Amazon S3, XGBoost, Algos, AutoML, Core V3, TargetEncoder, Core V4
Python_version:             3.8.10 final
--------------------------  ------------------------------------------------------------------
loading  bayes /data/paper4/model//3/bayes/NaiveBayes_model_python_1647354051846_1
loading  glm /data/paper4/model//3/glm/GLM_model_python_1647354051846_5
loading  rf /data/paper4/model//3/rf/DRF_model_python_1647354051846_22
loading  gbm /data/paper4/model//3/gbm/GBM_model_python_1647354051846_172
loading  xgboost /data/paper4/model//3/xgboost/XGBoost_model_python_1647361848945_226
loading  deeplearn /data/paper4/model//3/deeplearn/DeepLearning_model_python_1647354051846_465
3 deeplearn /data/paper4/test/3.csv
Parse progress: |████████████████████████████████████████████████████████████████| (done) 100%
naivebayes prediction progress: |████████████████████████████████████████████████| (done) 100%
glm prediction progress: |███████████████████████████████████████████████████████| (done) 100%
drf prediction progress: |███████████████████████████████████████████████████████| (done) 100%
gbm prediction progress: |███████████████████████████████████████████████████████| (done) 100%
xgboost prediction progress: |███████████████████████████████████████████████████| (done) 100%
deeplearning prediction progress: |██████████████████████████████████████████████| (done) 100%
3 deeplearn /data/paper4/test/0.csv
Parse progress: |████████████████████████████████████████████████████████████████| (done) 100%
naivebayes prediction progress: |████████████████████████████████████████████████| (done) 100%
glm prediction progress: |███████████████████████████████████████████████████████| (done) 100%
drf prediction progress: |███████████████████████████████████████████████████████| (done) 100%
gbm prediction progress: |███████████████████████████████████████████████████████| (done) 100%
xgboost prediction progress: |███████████████████████████████████████████████████| (done) 100%
deeplearning prediction progress: |██████████████████████████████████████████████| (done) 100%
3 deeplearn /data/paper4/test/2.csv
Parse progress: |████████████████████████████████████████████████████████████████| (done) 100%
naivebayes prediction progress: |████████████████████████████████████████████████| (done) 100%
glm prediction progress: |███████████████████████████████████████████████████████| (done) 100%
drf prediction progress: |███████████████████████████████████████████████████████| (done) 100%
gbm prediction progress: |███████████████████████████████████████████████████████| (done) 100%
xgboost prediction progress: |███████████████████████████████████████████████████| (done) 100%
deeplearning prediction progress: |██████████████████████████████████████████████| (done) 100%
3 deeplearn /data/paper4/test/5.csv
Parse progress: |████████████████████████████████████████████████████████████████| (done) 100%
naivebayes prediction progress: |████████████████████████████████████████████████| (done) 100%
glm prediction progress: |███████████████████████████████████████████████████████| (done) 100%
drf prediction progress: |███████████████████████████████████████████████████████| (done) 100%
gbm prediction progress: |███████████████████████████████████████████████████████| (done) 100%
xgboost prediction progress: |███████████████████████████████████████████████████| (done) 100%
deeplearning prediction progress: |██████████████████████████████████████████████| (done) 100%
3 deeplearn /data/paper4/test/8.csv
Parse progress: |████████████████████████████████████████████████████████████████| (done) 100%
naivebayes prediction progress: |████████████████████████████████████████████████| (done) 100%
glm prediction progress: |███████████████████████████████████████████████████████| (done) 100%
drf prediction progress: |███████████████████████████████████████████████████████| (done) 100%
gbm prediction progress: |███████████████████████████████████████████████████████| (done) 100%
xgboost prediction progress: |███████████████████████████████████████████████████| (done) 100%
deeplearning prediction progress: |██████████████████████████████████████████████| (done) 100%
3 deeplearn /data/paper4/test/7.csv
Parse progress: |████████████████████████████████████████████████████████████████| (done) 100%
naivebayes prediction progress: |████████████████████████████████████████████████| (done) 100%
glm prediction progress: |███████████████████████████████████████████████████████| (done) 100%
drf prediction progress: |███████████████████████████████████████████████████████| (done) 100%
gbm prediction progress: |███████████████████████████████████████████████████████| (done) 100%
xgboost prediction progress: |███████████████████████████████████████████████████| (done) 100%
deeplearning prediction progress: |██████████████████████████████████████████████| (done) 100%
3 deeplearn /data/paper4/test/1.csv
Parse progress: |████████████████████████████████████████████████████████████████| (done) 100%
naivebayes prediction progress: |████████████████████████████████████████████████| (done) 100%
glm prediction progress: |███████████████████████████████████████████████████████| (done) 100%
drf prediction progress: |███████████████████████████████████████████████████████| (done) 100%
gbm prediction progress: |███████████████████████████████████████████████████████| (done) 100%
xgboost prediction progress: |███████████████████████████████████████████████████| (done) 100%
deeplearning prediction progress: |██████████████████████████████████████████████| (done) 100%
3 deeplearn /data/paper4/test/4.csv
Parse progress: |████████████████████████████████████████████████████████████████| (done) 100%
naivebayes prediction progress: |████████████████████████████████████████████████| (done) 100%
glm prediction progress: |███████████████████████████████████████████████████████| (done) 100%
drf prediction progress: |███████████████████████████████████████████████████████| (done) 100%
gbm prediction progress: |███████████████████████████████████████████████████████| (done) 100%
xgboost prediction progress: |███████████████████████████████████████████████████| (done) 100%
deeplearning prediction progress: |██████████████████████████████████████████████| (done) 100%
3 deeplearn /data/paper4/test/6.csv
Parse progress: |████████████████████████████████████████████████████████████████| (done) 100%
naivebayes prediction progress: |████████████████████████████████████████████████| (done) 100%
glm prediction progress: |███████████████████████████████████████████████████████| (done) 100%
drf prediction progress: |███████████████████████████████████████████████████████| (done) 100%
gbm prediction progress: |███████████████████████████████████████████████████████| (done) 100%
xgboost prediction progress: |███████████████████████████████████████████████████| (done) 100%
deeplearning prediction progress: |██████████████████████████████████████████████| (done) 100%
gbm
Checking whether there is an H2O instance running at http://localhost:54321 . connected.
Warning: Your H2O cluster version is too old (5 months and 11 days)!Please download and install the latest version from http://h2o.ai/download/
--------------------------  ------------------------------------------------------------------
H2O_cluster_uptime:         2 days 18 hours 42 mins
H2O_cluster_timezone:       Asia/Shanghai
H2O_data_parsing_timezone:  UTC
H2O_cluster_version:        3.34.0.3
H2O_cluster_version_age:    5 months and 11 days !!!
H2O_cluster_name:           H2O_from_python_root_ijoqmh
H2O_cluster_total_nodes:    1
H2O_cluster_free_memory:    17.58 Gb
H2O_cluster_total_cores:    20
H2O_cluster_allowed_cores:  20
H2O_cluster_status:         locked, healthy
H2O_connection_url:         http://localhost:54321
H2O_connection_proxy:       {"http": null, "https": null}
H2O_internal_security:      False
H2O_API_Extensions:         Amazon S3, XGBoost, Algos, AutoML, Core V3, TargetEncoder, Core V4
Python_version:             3.8.10 final
--------------------------  ------------------------------------------------------------------
loading  bayes /data/paper4/model//3/bayes/NaiveBayes_model_python_1647354051846_1
loading  glm /data/paper4/model//3/glm/GLM_model_python_1647354051846_5
loading  rf /data/paper4/model//3/rf/DRF_model_python_1647354051846_22
loading  gbm /data/paper4/model//3/gbm/GBM_model_python_1647354051846_172
loading  xgboost /data/paper4/model//3/xgboost/XGBoost_model_python_1647361848945_226
loading  deeplearn /data/paper4/model//3/deeplearn/DeepLearning_model_python_1647354051846_465
3 gbm /data/paper4/test/3.csv
Parse progress: |████████████████████████████████████████████████████████████████| (done) 100%
naivebayes prediction progress: |████████████████████████████████████████████████| (done) 100%
glm prediction progress: |███████████████████████████████████████████████████████| (done) 100%
drf prediction progress: |███████████████████████████████████████████████████████| (done) 100%
gbm prediction progress: |███████████████████████████████████████████████████████| (done) 100%
xgboost prediction progress: |███████████████████████████████████████████████████| (done) 100%
deeplearning prediction progress: |██████████████████████████████████████████████| (done) 100%
3 gbm /data/paper4/test/0.csv
Parse progress: |████████████████████████████████████████████████████████████████| (done) 100%
naivebayes prediction progress: |████████████████████████████████████████████████| (done) 100%
glm prediction progress: |███████████████████████████████████████████████████████| (done) 100%
drf prediction progress: |███████████████████████████████████████████████████████| (done) 100%
gbm prediction progress: |███████████████████████████████████████████████████████| (done) 100%
xgboost prediction progress: |███████████████████████████████████████████████████| (done) 100%
deeplearning prediction progress: |██████████████████████████████████████████████| (done) 100%
3 gbm /data/paper4/test/2.csv
Parse progress: |████████████████████████████████████████████████████████████████| (done) 100%
naivebayes prediction progress: |████████████████████████████████████████████████| (done) 100%
glm prediction progress: |███████████████████████████████████████████████████████| (done) 100%
drf prediction progress: |███████████████████████████████████████████████████████| (done) 100%
gbm prediction progress: |███████████████████████████████████████████████████████| (done) 100%
xgboost prediction progress: |███████████████████████████████████████████████████| (done) 100%
deeplearning prediction progress: |██████████████████████████████████████████████| (done) 100%
3 gbm /data/paper4/test/5.csv
Parse progress: |████████████████████████████████████████████████████████████████| (done) 100%
naivebayes prediction progress: |████████████████████████████████████████████████| (done) 100%
glm prediction progress: |███████████████████████████████████████████████████████| (done) 100%
drf prediction progress: |███████████████████████████████████████████████████████| (done) 100%
gbm prediction progress: |███████████████████████████████████████████████████████| (done) 100%
xgboost prediction progress: |███████████████████████████████████████████████████| (done) 100%
deeplearning prediction progress: |██████████████████████████████████████████████| (done) 100%
3 gbm /data/paper4/test/8.csv
Parse progress: |████████████████████████████████████████████████████████████████| (done) 100%
naivebayes prediction progress: |████████████████████████████████████████████████| (done) 100%
glm prediction progress: |███████████████████████████████████████████████████████| (done) 100%
drf prediction progress: |███████████████████████████████████████████████████████| (done) 100%
gbm prediction progress: |███████████████████████████████████████████████████████| (done) 100%
xgboost prediction progress: |███████████████████████████████████████████████████| (done) 100%
deeplearning prediction progress: |██████████████████████████████████████████████| (done) 100%
3 gbm /data/paper4/test/7.csv
Parse progress: |████████████████████████████████████████████████████████████████| (done) 100%
naivebayes prediction progress: |████████████████████████████████████████████████| (done) 100%
glm prediction progress: |███████████████████████████████████████████████████████| (done) 100%
drf prediction progress: |███████████████████████████████████████████████████████| (done) 100%
gbm prediction progress: |███████████████████████████████████████████████████████| (done) 100%
xgboost prediction progress: |███████████████████████████████████████████████████| (done) 100%
deeplearning prediction progress: |██████████████████████████████████████████████| (done) 100%
3 gbm /data/paper4/test/1.csv
Parse progress: |████████████████████████████████████████████████████████████████| (done) 100%
naivebayes prediction progress: |████████████████████████████████████████████████| (done) 100%
glm prediction progress: |███████████████████████████████████████████████████████| (done) 100%
drf prediction progress: |███████████████████████████████████████████████████████| (done) 100%
gbm prediction progress: |███████████████████████████████████████████████████████| (done) 100%
xgboost prediction progress: |███████████████████████████████████████████████████| (done) 100%
deeplearning prediction progress: |██████████████████████████████████████████████| (done) 100%
3 gbm /data/paper4/test/4.csv
Parse progress: |████████████████████████████████████████████████████████████████| (done) 100%
naivebayes prediction progress: |████████████████████████████████████████████████| (done) 100%
glm prediction progress: |███████████████████████████████████████████████████████| (done) 100%
drf prediction progress: |███████████████████████████████████████████████████████| (done) 100%
gbm prediction progress: |███████████████████████████████████████████████████████| (done) 100%
xgboost prediction progress: |███████████████████████████████████████████████████| (done) 100%
deeplearning prediction progress: |██████████████████████████████████████████████| (done) 100%
3 gbm /data/paper4/test/6.csv
Parse progress: |████████████████████████████████████████████████████████████████| (done) 100%
naivebayes prediction progress: |████████████████████████████████████████████████| (done) 100%
glm prediction progress: |███████████████████████████████████████████████████████| (done) 100%
drf prediction progress: |███████████████████████████████████████████████████████| (done) 100%
gbm prediction progress: |███████████████████████████████████████████████████████| (done) 100%
xgboost prediction progress: |███████████████████████████████████████████████████| (done) 100%
deeplearning prediction progress: |██████████████████████████████████████████████| (done) 100%
cnn
2022-03-18 19:14:20.745782: I tensorflow/core/platform/cpu_feature_guard.cc:142] This TensorFlow binary is optimized with oneAPI Deep Neural Network Library (oneDNN) to use the following CPU instructions in performance-critical operations:  AVX2 AVX512F FMA
To enable them in other operations, rebuild TensorFlow with the appropriate compiler flags.
2022-03-18 19:14:21.508951: I tensorflow/core/common_runtime/gpu/gpu_device.cc:1510] Created device /job:localhost/replica:0/task:0/device:GPU:0 with 8645 MB memory:  -> device: 0, name: NVIDIA GeForce GTX 1080 Ti, pci bus id: 0000:17:00.0, compute capability: 6.1
2022-03-18 19:14:21.509568: I tensorflow/core/common_runtime/gpu/gpu_device.cc:1510] Created device /job:localhost/replica:0/task:0/device:GPU:1 with 9165 MB memory:  -> device: 1, name: NVIDIA GeForce GTX 1080 Ti, pci bus id: 0000:65:00.0, compute capability: 6.1
3 cnn /data/paper4/test/3.csv
2022-03-18 19:14:21.841254: I tensorflow/compiler/mlir/mlir_graph_optimization_pass.cc:185] None of the MLIR Optimization Passes are enabled (registered 2)
2022-03-18 19:14:22.365615: I tensorflow/stream_executor/cuda/cuda_dnn.cc:369] Loaded cuDNN version 8301
3 cnn /data/paper4/test/0.csv
3 cnn /data/paper4/test/2.csv
3 cnn /data/paper4/test/5.csv
3 cnn /data/paper4/test/8.csv
3 cnn /data/paper4/test/7.csv
3 cnn /data/paper4/test/1.csv
3 cnn /data/paper4/test/4.csv
3 cnn /data/paper4/test/6.csv
xgboost
Checking whether there is an H2O instance running at http://localhost:54321 . connected.
Warning: Your H2O cluster version is too old (5 months and 11 days)!Please download and install the latest version from http://h2o.ai/download/
--------------------------  ------------------------------------------------------------------
H2O_cluster_uptime:         2 days 18 hours 44 mins
H2O_cluster_timezone:       Asia/Shanghai
H2O_data_parsing_timezone:  UTC
H2O_cluster_version:        3.34.0.3
H2O_cluster_version_age:    5 months and 11 days !!!
H2O_cluster_name:           H2O_from_python_root_ijoqmh
H2O_cluster_total_nodes:    1
H2O_cluster_free_memory:    17.52 Gb
H2O_cluster_total_cores:    20
H2O_cluster_allowed_cores:  20
H2O_cluster_status:         locked, healthy
H2O_connection_url:         http://localhost:54321
H2O_connection_proxy:       {"http": null, "https": null}
H2O_internal_security:      False
H2O_API_Extensions:         Amazon S3, XGBoost, Algos, AutoML, Core V3, TargetEncoder, Core V4
Python_version:             3.8.10 final
--------------------------  ------------------------------------------------------------------
loading  bayes /data/paper4/model//3/bayes/NaiveBayes_model_python_1647354051846_1
loading  glm /data/paper4/model//3/glm/GLM_model_python_1647354051846_5
loading  rf /data/paper4/model//3/rf/DRF_model_python_1647354051846_22
loading  gbm /data/paper4/model//3/gbm/GBM_model_python_1647354051846_172
loading  xgboost /data/paper4/model//3/xgboost/XGBoost_model_python_1647361848945_226
loading  deeplearn /data/paper4/model//3/deeplearn/DeepLearning_model_python_1647354051846_465
3 xgboost /data/paper4/test/3.csv
Parse progress: |████████████████████████████████████████████████████████████████| (done) 100%
naivebayes prediction progress: |████████████████████████████████████████████████| (done) 100%
glm prediction progress: |███████████████████████████████████████████████████████| (done) 100%
drf prediction progress: |███████████████████████████████████████████████████████| (done) 100%
gbm prediction progress: |███████████████████████████████████████████████████████| (done) 100%
xgboost prediction progress: |███████████████████████████████████████████████████| (done) 100%
deeplearning prediction progress: |██████████████████████████████████████████████| (done) 100%
3 xgboost /data/paper4/test/0.csv
Parse progress: |████████████████████████████████████████████████████████████████| (done) 100%
naivebayes prediction progress: |████████████████████████████████████████████████| (done) 100%
glm prediction progress: |███████████████████████████████████████████████████████| (done) 100%
drf prediction progress: |███████████████████████████████████████████████████████| (done) 100%
gbm prediction progress: |███████████████████████████████████████████████████████| (done) 100%
xgboost prediction progress: |███████████████████████████████████████████████████| (done) 100%
deeplearning prediction progress: |██████████████████████████████████████████████| (done) 100%
3 xgboost /data/paper4/test/2.csv
Parse progress: |████████████████████████████████████████████████████████████████| (done) 100%
naivebayes prediction progress: |████████████████████████████████████████████████| (done) 100%
glm prediction progress: |███████████████████████████████████████████████████████| (done) 100%
drf prediction progress: |███████████████████████████████████████████████████████| (done) 100%
gbm prediction progress: |███████████████████████████████████████████████████████| (done) 100%
xgboost prediction progress: |███████████████████████████████████████████████████| (done) 100%
deeplearning prediction progress: |██████████████████████████████████████████████| (done) 100%
3 xgboost /data/paper4/test/5.csv
Parse progress: |████████████████████████████████████████████████████████████████| (done) 100%
naivebayes prediction progress: |████████████████████████████████████████████████| (done) 100%
glm prediction progress: |███████████████████████████████████████████████████████| (done) 100%
drf prediction progress: |███████████████████████████████████████████████████████| (done) 100%
gbm prediction progress: |███████████████████████████████████████████████████████| (done) 100%
xgboost prediction progress: |███████████████████████████████████████████████████| (done) 100%
deeplearning prediction progress: |██████████████████████████████████████████████| (done) 100%
3 xgboost /data/paper4/test/8.csv
Parse progress: |████████████████████████████████████████████████████████████████| (done) 100%
naivebayes prediction progress: |████████████████████████████████████████████████| (done) 100%
glm prediction progress: |███████████████████████████████████████████████████████| (done) 100%
drf prediction progress: |███████████████████████████████████████████████████████| (done) 100%
gbm prediction progress: |███████████████████████████████████████████████████████| (done) 100%
xgboost prediction progress: |███████████████████████████████████████████████████| (done) 100%
deeplearning prediction progress: |██████████████████████████████████████████████| (done) 100%
3 xgboost /data/paper4/test/7.csv
Parse progress: |████████████████████████████████████████████████████████████████| (done) 100%
naivebayes prediction progress: |████████████████████████████████████████████████| (done) 100%
glm prediction progress: |███████████████████████████████████████████████████████| (done) 100%
drf prediction progress: |███████████████████████████████████████████████████████| (done) 100%
gbm prediction progress: |███████████████████████████████████████████████████████| (done) 100%
xgboost prediction progress: |███████████████████████████████████████████████████| (done) 100%
deeplearning prediction progress: |██████████████████████████████████████████████| (done) 100%
3 xgboost /data/paper4/test/1.csv
Parse progress: |████████████████████████████████████████████████████████████████| (done) 100%
naivebayes prediction progress: |████████████████████████████████████████████████| (done) 100%
glm prediction progress: |███████████████████████████████████████████████████████| (done) 100%
drf prediction progress: |███████████████████████████████████████████████████████| (done) 100%
gbm prediction progress: |███████████████████████████████████████████████████████| (done) 100%
xgboost prediction progress: |███████████████████████████████████████████████████| (done) 100%
deeplearning prediction progress: |██████████████████████████████████████████████| (done) 100%
3 xgboost /data/paper4/test/4.csv
Parse progress: |████████████████████████████████████████████████████████████████| (done) 100%
naivebayes prediction progress: |████████████████████████████████████████████████| (done) 100%
glm prediction progress: |███████████████████████████████████████████████████████| (done) 100%
drf prediction progress: |███████████████████████████████████████████████████████| (done) 100%
gbm prediction progress: |███████████████████████████████████████████████████████| (done) 100%
xgboost prediction progress: |███████████████████████████████████████████████████| (done) 100%
deeplearning prediction progress: |██████████████████████████████████████████████| (done) 100%
3 xgboost /data/paper4/test/6.csv
Parse progress: |████████████████████████████████████████████████████████████████| (done) 100%
naivebayes prediction progress: |████████████████████████████████████████████████| (done) 100%
glm prediction progress: |███████████████████████████████████████████████████████| (done) 100%
drf prediction progress: |███████████████████████████████████████████████████████| (done) 100%
gbm prediction progress: |███████████████████████████████████████████████████████| (done) 100%
xgboost prediction progress: |███████████████████████████████████████████████████| (done) 100%
deeplearning prediction progress: |██████████████████████████████████████████████| (done) 100%
svm
SVM /data/paper4/model/3/svm/sklearn_model_python_svm.pkl
3 svm /data/paper4/test/3.csv
[Parallel(n_jobs=22)]: Using backend LokyBackend with 22 concurrent workers.
[Parallel(n_jobs=22)]: Done   2 out of  22 | elapsed:   55.7s remaining:  9.3min
[Parallel(n_jobs=22)]: Done  22 out of  22 | elapsed:  1.1min finished
3 svm /data/paper4/test/0.csv
[Parallel(n_jobs=22)]: Using backend LokyBackend with 22 concurrent workers.
[Parallel(n_jobs=22)]: Done   2 out of  22 | elapsed:   54.0s remaining:  9.0min
[Parallel(n_jobs=22)]: Done  22 out of  22 | elapsed:  1.1min finished
3 svm /data/paper4/test/2.csv
[Parallel(n_jobs=22)]: Using backend LokyBackend with 22 concurrent workers.
[Parallel(n_jobs=22)]: Done   2 out of  22 | elapsed:   56.2s remaining:  9.4min
[Parallel(n_jobs=22)]: Done  22 out of  22 | elapsed:  1.1min finished
3 svm /data/paper4/test/5.csv
[Parallel(n_jobs=22)]: Using backend LokyBackend with 22 concurrent workers.
[Parallel(n_jobs=22)]: Done   2 out of  22 | elapsed:   56.5s remaining:  9.4min
[Parallel(n_jobs=22)]: Done  22 out of  22 | elapsed:  1.1min finished
3 svm /data/paper4/test/8.csv
[Parallel(n_jobs=22)]: Using backend LokyBackend with 22 concurrent workers.
[Parallel(n_jobs=22)]: Done   2 out of  22 | elapsed:   56.5s remaining:  9.4min
[Parallel(n_jobs=22)]: Done  22 out of  22 | elapsed:  1.1min finished
3 svm /data/paper4/test/7.csv
[Parallel(n_jobs=22)]: Using backend LokyBackend with 22 concurrent workers.
[Parallel(n_jobs=22)]: Done   2 out of  22 | elapsed:   56.3s remaining:  9.4min
[Parallel(n_jobs=22)]: Done  22 out of  22 | elapsed:  1.1min finished
3 svm /data/paper4/test/1.csv
[Parallel(n_jobs=22)]: Using backend LokyBackend with 22 concurrent workers.
[Parallel(n_jobs=22)]: Done   2 out of  22 | elapsed:  1.0min remaining: 10.1min
[Parallel(n_jobs=22)]: Done  22 out of  22 | elapsed:  1.2min finished
3 svm /data/paper4/test/4.csv
[Parallel(n_jobs=22)]: Using backend LokyBackend with 22 concurrent workers.
[Parallel(n_jobs=22)]: Done   2 out of  22 | elapsed:   53.5s remaining:  8.9min
[Parallel(n_jobs=22)]: Done  22 out of  22 | elapsed:  1.0min finished
3 svm /data/paper4/test/6.csv
[Parallel(n_jobs=22)]: Using backend LokyBackend with 22 concurrent workers.
[Parallel(n_jobs=22)]: Done   2 out of  22 | elapsed:   59.8s remaining: 10.0min
[Parallel(n_jobs=22)]: Done  22 out of  22 | elapsed:  1.2min finished
bayes
Checking whether there is an H2O instance running at http://localhost:54321 . connected.
Warning: Your H2O cluster version is too old (5 months and 11 days)!Please download and install the latest version from http://h2o.ai/download/
--------------------------  ------------------------------------------------------------------
H2O_cluster_uptime:         2 days 18 hours 54 mins
H2O_cluster_timezone:       Asia/Shanghai
H2O_data_parsing_timezone:  UTC
H2O_cluster_version:        3.34.0.3
H2O_cluster_version_age:    5 months and 11 days !!!
H2O_cluster_name:           H2O_from_python_root_ijoqmh
H2O_cluster_total_nodes:    1
H2O_cluster_free_memory:    17.47 Gb
H2O_cluster_total_cores:    20
H2O_cluster_allowed_cores:  20
H2O_cluster_status:         locked, healthy
H2O_connection_url:         http://localhost:54321
H2O_connection_proxy:       {"http": null, "https": null}
H2O_internal_security:      False
H2O_API_Extensions:         Amazon S3, XGBoost, Algos, AutoML, Core V3, TargetEncoder, Core V4
Python_version:             3.8.10 final
--------------------------  ------------------------------------------------------------------
loading  bayes /data/paper4/model//3/bayes/NaiveBayes_model_python_1647354051846_1
loading  glm /data/paper4/model//3/glm/GLM_model_python_1647354051846_5
loading  rf /data/paper4/model//3/rf/DRF_model_python_1647354051846_22
loading  gbm /data/paper4/model//3/gbm/GBM_model_python_1647354051846_172
loading  xgboost /data/paper4/model//3/xgboost/XGBoost_model_python_1647361848945_226
loading  deeplearn /data/paper4/model//3/deeplearn/DeepLearning_model_python_1647354051846_465
3 bayes /data/paper4/test/3.csv
Parse progress: |████████████████████████████████████████████████████████████████| (done) 100%
naivebayes prediction progress: |████████████████████████████████████████████████| (done) 100%
glm prediction progress: |███████████████████████████████████████████████████████| (done) 100%
drf prediction progress: |███████████████████████████████████████████████████████| (done) 100%
gbm prediction progress: |███████████████████████████████████████████████████████| (done) 100%
xgboost prediction progress: |███████████████████████████████████████████████████| (done) 100%
deeplearning prediction progress: |██████████████████████████████████████████████| (done) 100%
3 bayes /data/paper4/test/0.csv
Parse progress: |████████████████████████████████████████████████████████████████| (done) 100%
naivebayes prediction progress: |████████████████████████████████████████████████| (done) 100%
glm prediction progress: |███████████████████████████████████████████████████████| (done) 100%
drf prediction progress: |███████████████████████████████████████████████████████| (done) 100%
gbm prediction progress: |███████████████████████████████████████████████████████| (done) 100%
xgboost prediction progress: |███████████████████████████████████████████████████| (done) 100%
deeplearning prediction progress: |██████████████████████████████████████████████| (done) 100%
3 bayes /data/paper4/test/2.csv
Parse progress: |████████████████████████████████████████████████████████████████| (done) 100%
naivebayes prediction progress: |████████████████████████████████████████████████| (done) 100%
glm prediction progress: |███████████████████████████████████████████████████████| (done) 100%
drf prediction progress: |███████████████████████████████████████████████████████| (done) 100%
gbm prediction progress: |███████████████████████████████████████████████████████| (done) 100%
xgboost prediction progress: |███████████████████████████████████████████████████| (done) 100%
deeplearning prediction progress: |██████████████████████████████████████████████| (done) 100%
3 bayes /data/paper4/test/5.csv
Parse progress: |████████████████████████████████████████████████████████████████| (done) 100%
naivebayes prediction progress: |████████████████████████████████████████████████| (done) 100%
glm prediction progress: |███████████████████████████████████████████████████████| (done) 100%
drf prediction progress: |███████████████████████████████████████████████████████| (done) 100%
gbm prediction progress: |███████████████████████████████████████████████████████| (done) 100%
xgboost prediction progress: |███████████████████████████████████████████████████| (done) 100%
deeplearning prediction progress: |██████████████████████████████████████████████| (done) 100%
3 bayes /data/paper4/test/8.csv
Parse progress: |████████████████████████████████████████████████████████████████| (done) 100%
naivebayes prediction progress: |████████████████████████████████████████████████| (done) 100%
glm prediction progress: |███████████████████████████████████████████████████████| (done) 100%
drf prediction progress: |███████████████████████████████████████████████████████| (done) 100%
gbm prediction progress: |███████████████████████████████████████████████████████| (done) 100%
xgboost prediction progress: |███████████████████████████████████████████████████| (done) 100%
deeplearning prediction progress: |██████████████████████████████████████████████| (done) 100%
3 bayes /data/paper4/test/7.csv
Parse progress: |████████████████████████████████████████████████████████████████| (done) 100%
naivebayes prediction progress: |████████████████████████████████████████████████| (done) 100%
glm prediction progress: |███████████████████████████████████████████████████████| (done) 100%
drf prediction progress: |███████████████████████████████████████████████████████| (done) 100%
gbm prediction progress: |███████████████████████████████████████████████████████| (done) 100%
xgboost prediction progress: |███████████████████████████████████████████████████| (done) 100%
deeplearning prediction progress: |██████████████████████████████████████████████| (done) 100%
3 bayes /data/paper4/test/1.csv
Parse progress: |████████████████████████████████████████████████████████████████| (done) 100%
naivebayes prediction progress: |████████████████████████████████████████████████| (done) 100%
glm prediction progress: |███████████████████████████████████████████████████████| (done) 100%
drf prediction progress: |███████████████████████████████████████████████████████| (done) 100%
gbm prediction progress: |███████████████████████████████████████████████████████| (done) 100%
xgboost prediction progress: |███████████████████████████████████████████████████| (done) 100%
deeplearning prediction progress: |██████████████████████████████████████████████| (done) 100%
3 bayes /data/paper4/test/4.csv
Parse progress: |████████████████████████████████████████████████████████████████| (done) 100%
naivebayes prediction progress: |████████████████████████████████████████████████| (done) 100%
glm prediction progress: |███████████████████████████████████████████████████████| (done) 100%
drf prediction progress: |███████████████████████████████████████████████████████| (done) 100%
gbm prediction progress: |███████████████████████████████████████████████████████| (done) 100%
xgboost prediction progress: |███████████████████████████████████████████████████| (done) 100%
deeplearning prediction progress: |██████████████████████████████████████████████| (done) 100%
3 bayes /data/paper4/test/6.csv
Parse progress: |████████████████████████████████████████████████████████████████| (done) 100%
naivebayes prediction progress: |████████████████████████████████████████████████| (done) 100%
glm prediction progress: |███████████████████████████████████████████████████████| (done) 100%
drf prediction progress: |███████████████████████████████████████████████████████| (done) 100%
gbm prediction progress: |███████████████████████████████████████████████████████| (done) 100%
xgboost prediction progress: |███████████████████████████████████████████████████| (done) 100%
deeplearning prediction progress: |██████████████████████████████████████████████| (done) 100%
rf
Checking whether there is an H2O instance running at http://localhost:54321 . connected.
Warning: Your H2O cluster version is too old (5 months and 11 days)!Please download and install the latest version from http://h2o.ai/download/
--------------------------  ------------------------------------------------------------------
H2O_cluster_uptime:         2 days 18 hours 55 mins
H2O_cluster_timezone:       Asia/Shanghai
H2O_data_parsing_timezone:  UTC
H2O_cluster_version:        3.34.0.3
H2O_cluster_version_age:    5 months and 11 days !!!
H2O_cluster_name:           H2O_from_python_root_ijoqmh
H2O_cluster_total_nodes:    1
H2O_cluster_free_memory:    17.40 Gb
H2O_cluster_total_cores:    20
H2O_cluster_allowed_cores:  20
H2O_cluster_status:         locked, healthy
H2O_connection_url:         http://localhost:54321
H2O_connection_proxy:       {"http": null, "https": null}
H2O_internal_security:      False
H2O_API_Extensions:         Amazon S3, XGBoost, Algos, AutoML, Core V3, TargetEncoder, Core V4
Python_version:             3.8.10 final
--------------------------  ------------------------------------------------------------------
loading  bayes /data/paper4/model//3/bayes/NaiveBayes_model_python_1647354051846_1
loading  glm /data/paper4/model//3/glm/GLM_model_python_1647354051846_5
loading  rf /data/paper4/model//3/rf/DRF_model_python_1647354051846_22
loading  gbm /data/paper4/model//3/gbm/GBM_model_python_1647354051846_172
loading  xgboost /data/paper4/model//3/xgboost/XGBoost_model_python_1647361848945_226
loading  deeplearn /data/paper4/model//3/deeplearn/DeepLearning_model_python_1647354051846_465
3 rf /data/paper4/test/3.csv
Parse progress: |████████████████████████████████████████████████████████████████| (done) 100%
naivebayes prediction progress: |████████████████████████████████████████████████| (done) 100%
glm prediction progress: |███████████████████████████████████████████████████████| (done) 100%
drf prediction progress: |███████████████████████████████████████████████████████| (done) 100%
gbm prediction progress: |███████████████████████████████████████████████████████| (done) 100%
xgboost prediction progress: |███████████████████████████████████████████████████| (done) 100%
deeplearning prediction progress: |██████████████████████████████████████████████| (done) 100%
3 rf /data/paper4/test/0.csv
Parse progress: |████████████████████████████████████████████████████████████████| (done) 100%
naivebayes prediction progress: |████████████████████████████████████████████████| (done) 100%
glm prediction progress: |███████████████████████████████████████████████████████| (done) 100%
drf prediction progress: |███████████████████████████████████████████████████████| (done) 100%
gbm prediction progress: |███████████████████████████████████████████████████████| (done) 100%
xgboost prediction progress: |███████████████████████████████████████████████████| (done) 100%
deeplearning prediction progress: |██████████████████████████████████████████████| (done) 100%
3 rf /data/paper4/test/2.csv
Parse progress: |████████████████████████████████████████████████████████████████| (done) 100%
naivebayes prediction progress: |████████████████████████████████████████████████| (done) 100%
glm prediction progress: |███████████████████████████████████████████████████████| (done) 100%
drf prediction progress: |███████████████████████████████████████████████████████| (done) 100%
gbm prediction progress: |███████████████████████████████████████████████████████| (done) 100%
xgboost prediction progress: |███████████████████████████████████████████████████| (done) 100%
deeplearning prediction progress: |██████████████████████████████████████████████| (done) 100%
3 rf /data/paper4/test/5.csv
Parse progress: |████████████████████████████████████████████████████████████████| (done) 100%
naivebayes prediction progress: |████████████████████████████████████████████████| (done) 100%
glm prediction progress: |███████████████████████████████████████████████████████| (done) 100%
drf prediction progress: |███████████████████████████████████████████████████████| (done) 100%
gbm prediction progress: |███████████████████████████████████████████████████████| (done) 100%
xgboost prediction progress: |███████████████████████████████████████████████████| (done) 100%
deeplearning prediction progress: |██████████████████████████████████████████████| (done) 100%
3 rf /data/paper4/test/8.csv
Parse progress: |████████████████████████████████████████████████████████████████| (done) 100%
naivebayes prediction progress: |████████████████████████████████████████████████| (done) 100%
glm prediction progress: |███████████████████████████████████████████████████████| (done) 100%
drf prediction progress: |███████████████████████████████████████████████████████| (done) 100%
gbm prediction progress: |███████████████████████████████████████████████████████| (done) 100%
xgboost prediction progress: |███████████████████████████████████████████████████| (done) 100%
deeplearning prediction progress: |██████████████████████████████████████████████| (done) 100%
3 rf /data/paper4/test/7.csv
Parse progress: |████████████████████████████████████████████████████████████████| (done) 100%
naivebayes prediction progress: |████████████████████████████████████████████████| (done) 100%
glm prediction progress: |███████████████████████████████████████████████████████| (done) 100%
drf prediction progress: |███████████████████████████████████████████████████████| (done) 100%
gbm prediction progress: |███████████████████████████████████████████████████████| (done) 100%
xgboost prediction progress: |███████████████████████████████████████████████████| (done) 100%
deeplearning prediction progress: |██████████████████████████████████████████████| (done) 100%
3 rf /data/paper4/test/1.csv
Parse progress: |████████████████████████████████████████████████████████████████| (done) 100%
naivebayes prediction progress: |████████████████████████████████████████████████| (done) 100%
glm prediction progress: |███████████████████████████████████████████████████████| (done) 100%
drf prediction progress: |███████████████████████████████████████████████████████| (done) 100%
gbm prediction progress: |███████████████████████████████████████████████████████| (done) 100%
xgboost prediction progress: |███████████████████████████████████████████████████| (done) 100%
deeplearning prediction progress: |██████████████████████████████████████████████| (done) 100%
3 rf /data/paper4/test/4.csv
Parse progress: |████████████████████████████████████████████████████████████████| (done) 100%
naivebayes prediction progress: |████████████████████████████████████████████████| (done) 100%
glm prediction progress: |███████████████████████████████████████████████████████| (done) 100%
drf prediction progress: |███████████████████████████████████████████████████████| (done) 100%
gbm prediction progress: |███████████████████████████████████████████████████████| (done) 100%
xgboost prediction progress: |███████████████████████████████████████████████████| (done) 100%
deeplearning prediction progress: |██████████████████████████████████████████████| (done) 100%
3 rf /data/paper4/test/6.csv
Parse progress: |████████████████████████████████████████████████████████████████| (done) 100%
naivebayes prediction progress: |████████████████████████████████████████████████| (done) 100%
glm prediction progress: |███████████████████████████████████████████████████████| (done) 100%
drf prediction progress: |███████████████████████████████████████████████████████| (done) 100%
gbm prediction progress: |███████████████████████████████████████████████████████| (done) 100%
xgboost prediction progress: |███████████████████████████████████████████████████| (done) 100%
deeplearning prediction progress: |██████████████████████████████████████████████| (done) 100%
glm
Checking whether there is an H2O instance running at http://localhost:54321 . connected.
Warning: Your H2O cluster version is too old (5 months and 11 days)!Please download and install the latest version from http://h2o.ai/download/
--------------------------  ------------------------------------------------------------------
H2O_cluster_uptime:         2 days 18 hours 56 mins
H2O_cluster_timezone:       Asia/Shanghai
H2O_data_parsing_timezone:  UTC
H2O_cluster_version:        3.34.0.3
H2O_cluster_version_age:    5 months and 11 days !!!
H2O_cluster_name:           H2O_from_python_root_ijoqmh
H2O_cluster_total_nodes:    1
H2O_cluster_free_memory:    17.35 Gb
H2O_cluster_total_cores:    20
H2O_cluster_allowed_cores:  20
H2O_cluster_status:         locked, healthy
H2O_connection_url:         http://localhost:54321
H2O_connection_proxy:       {"http": null, "https": null}
H2O_internal_security:      False
H2O_API_Extensions:         Amazon S3, XGBoost, Algos, AutoML, Core V3, TargetEncoder, Core V4
Python_version:             3.8.10 final
--------------------------  ------------------------------------------------------------------
loading  bayes /data/paper4/model//2/bayes/NaiveBayes_model_python_1647354051846_1261
loading  glm /data/paper4/model//2/glm/GLM_model_python_1647354051846_1265
loading  rf /data/paper4/model//2/rf/DRF_model_python_1647354051846_1282
loading  gbm /data/paper4/model//2/gbm/GBM_model_python_1647354051846_1442
loading  xgboost /data/paper4/model//2/xgboost/XGBoost_model_python_1647361848945_684
loading  deeplearn /data/paper4/model//2/deeplearn/DeepLearning_model_python_1647354051846_1779
2 glm /data/paper4/test/3.csv
Parse progress: |████████████████████████████████████████████████████████████████| (done) 100%
naivebayes prediction progress: |████████████████████████████████████████████████| (done) 100%
glm prediction progress: |███████████████████████████████████████████████████████| (done) 100%
drf prediction progress: |███████████████████████████████████████████████████████| (done) 100%
gbm prediction progress: |███████████████████████████████████████████████████████| (done) 100%
xgboost prediction progress: |███████████████████████████████████████████████████| (done) 100%
deeplearning prediction progress: |██████████████████████████████████████████████| (done) 100%
2 glm /data/paper4/test/0.csv
Parse progress: |████████████████████████████████████████████████████████████████| (done) 100%
naivebayes prediction progress: |████████████████████████████████████████████████| (done) 100%
glm prediction progress: |███████████████████████████████████████████████████████| (done) 100%
drf prediction progress: |███████████████████████████████████████████████████████| (done) 100%
gbm prediction progress: |███████████████████████████████████████████████████████| (done) 100%
xgboost prediction progress: |███████████████████████████████████████████████████| (done) 100%
deeplearning prediction progress: |██████████████████████████████████████████████| (done) 100%
2 glm /data/paper4/test/2.csv
Parse progress: |████████████████████████████████████████████████████████████████| (done) 100%
naivebayes prediction progress: |████████████████████████████████████████████████| (done) 100%
glm prediction progress: |███████████████████████████████████████████████████████| (done) 100%
drf prediction progress: |███████████████████████████████████████████████████████| (done) 100%
gbm prediction progress: |███████████████████████████████████████████████████████| (done) 100%
xgboost prediction progress: |███████████████████████████████████████████████████| (done) 100%
deeplearning prediction progress: |██████████████████████████████████████████████| (done) 100%
2 glm /data/paper4/test/5.csv
Parse progress: |████████████████████████████████████████████████████████████████| (done) 100%
naivebayes prediction progress: |████████████████████████████████████████████████| (done) 100%
glm prediction progress: |███████████████████████████████████████████████████████| (done) 100%
drf prediction progress: |███████████████████████████████████████████████████████| (done) 100%
gbm prediction progress: |███████████████████████████████████████████████████████| (done) 100%
xgboost prediction progress: |███████████████████████████████████████████████████| (done) 100%
deeplearning prediction progress: |██████████████████████████████████████████████| (done) 100%
2 glm /data/paper4/test/8.csv
Parse progress: |████████████████████████████████████████████████████████████████| (done) 100%
naivebayes prediction progress: |████████████████████████████████████████████████| (done) 100%
glm prediction progress: |███████████████████████████████████████████████████████| (done) 100%
drf prediction progress: |███████████████████████████████████████████████████████| (done) 100%
gbm prediction progress: |███████████████████████████████████████████████████████| (done) 100%
xgboost prediction progress: |███████████████████████████████████████████████████| (done) 100%
deeplearning prediction progress: |██████████████████████████████████████████████| (done) 100%
2 glm /data/paper4/test/7.csv
Parse progress: |████████████████████████████████████████████████████████████████| (done) 100%
naivebayes prediction progress: |████████████████████████████████████████████████| (done) 100%
glm prediction progress: |███████████████████████████████████████████████████████| (done) 100%
drf prediction progress: |███████████████████████████████████████████████████████| (done) 100%
gbm prediction progress: |███████████████████████████████████████████████████████| (done) 100%
xgboost prediction progress: |███████████████████████████████████████████████████| (done) 100%
deeplearning prediction progress: |██████████████████████████████████████████████| (done) 100%
2 glm /data/paper4/test/1.csv
Parse progress: |████████████████████████████████████████████████████████████████| (done) 100%
naivebayes prediction progress: |████████████████████████████████████████████████| (done) 100%
glm prediction progress: |███████████████████████████████████████████████████████| (done) 100%
drf prediction progress: |███████████████████████████████████████████████████████| (done) 100%
gbm prediction progress: |███████████████████████████████████████████████████████| (done) 100%
xgboost prediction progress: |███████████████████████████████████████████████████| (done) 100%
deeplearning prediction progress: |██████████████████████████████████████████████| (done) 100%
2 glm /data/paper4/test/4.csv
Parse progress: |████████████████████████████████████████████████████████████████| (done) 100%
naivebayes prediction progress: |████████████████████████████████████████████████| (done) 100%
glm prediction progress: |███████████████████████████████████████████████████████| (done) 100%
drf prediction progress: |███████████████████████████████████████████████████████| (done) 100%
gbm prediction progress: |███████████████████████████████████████████████████████| (done) 100%
xgboost prediction progress: |███████████████████████████████████████████████████| (done) 100%
deeplearning prediction progress: |██████████████████████████████████████████████| (done) 100%
2 glm /data/paper4/test/6.csv
Parse progress: |████████████████████████████████████████████████████████████████| (done) 100%
naivebayes prediction progress: |████████████████████████████████████████████████| (done) 100%
glm prediction progress: |███████████████████████████████████████████████████████| (done) 100%
drf prediction progress: |███████████████████████████████████████████████████████| (done) 100%
gbm prediction progress: |███████████████████████████████████████████████████████| (done) 100%
xgboost prediction progress: |███████████████████████████████████████████████████| (done) 100%
deeplearning prediction progress: |██████████████████████████████████████████████| (done) 100%
deeplearn
Checking whether there is an H2O instance running at http://localhost:54321 . connected.
Warning: Your H2O cluster version is too old (5 months and 11 days)!Please download and install the latest version from http://h2o.ai/download/
--------------------------  ------------------------------------------------------------------
H2O_cluster_uptime:         2 days 18 hours 56 mins
H2O_cluster_timezone:       Asia/Shanghai
H2O_data_parsing_timezone:  UTC
H2O_cluster_version:        3.34.0.3
H2O_cluster_version_age:    5 months and 11 days !!!
H2O_cluster_name:           H2O_from_python_root_ijoqmh
H2O_cluster_total_nodes:    1
H2O_cluster_free_memory:    17.30 Gb
H2O_cluster_total_cores:    20
H2O_cluster_allowed_cores:  20
H2O_cluster_status:         locked, healthy
H2O_connection_url:         http://localhost:54321
H2O_connection_proxy:       {"http": null, "https": null}
H2O_internal_security:      False
H2O_API_Extensions:         Amazon S3, XGBoost, Algos, AutoML, Core V3, TargetEncoder, Core V4
Python_version:             3.8.10 final
--------------------------  ------------------------------------------------------------------
loading  bayes /data/paper4/model//2/bayes/NaiveBayes_model_python_1647354051846_1261
loading  glm /data/paper4/model//2/glm/GLM_model_python_1647354051846_1265
loading  rf /data/paper4/model//2/rf/DRF_model_python_1647354051846_1282
loading  gbm /data/paper4/model//2/gbm/GBM_model_python_1647354051846_1442
loading  xgboost /data/paper4/model//2/xgboost/XGBoost_model_python_1647361848945_684
loading  deeplearn /data/paper4/model//2/deeplearn/DeepLearning_model_python_1647354051846_1779
2 deeplearn /data/paper4/test/3.csv
Parse progress: |████████████████████████████████████████████████████████████████| (done) 100%
naivebayes prediction progress: |████████████████████████████████████████████████| (done) 100%
glm prediction progress: |███████████████████████████████████████████████████████| (done) 100%
drf prediction progress: |███████████████████████████████████████████████████████| (done) 100%
gbm prediction progress: |███████████████████████████████████████████████████████| (done) 100%
xgboost prediction progress: |███████████████████████████████████████████████████| (done) 100%
deeplearning prediction progress: |██████████████████████████████████████████████| (done) 100%
2 deeplearn /data/paper4/test/0.csv
Parse progress: |████████████████████████████████████████████████████████████████| (done) 100%
naivebayes prediction progress: |████████████████████████████████████████████████| (done) 100%
glm prediction progress: |███████████████████████████████████████████████████████| (done) 100%
drf prediction progress: |███████████████████████████████████████████████████████| (done) 100%
gbm prediction progress: |███████████████████████████████████████████████████████| (done) 100%
xgboost prediction progress: |███████████████████████████████████████████████████| (done) 100%
deeplearning prediction progress: |██████████████████████████████████████████████| (done) 100%
2 deeplearn /data/paper4/test/2.csv
Parse progress: |████████████████████████████████████████████████████████████████| (done) 100%
naivebayes prediction progress: |████████████████████████████████████████████████| (done) 100%
glm prediction progress: |███████████████████████████████████████████████████████| (done) 100%
drf prediction progress: |███████████████████████████████████████████████████████| (done) 100%
gbm prediction progress: |███████████████████████████████████████████████████████| (done) 100%
xgboost prediction progress: |███████████████████████████████████████████████████| (done) 100%
deeplearning prediction progress: |██████████████████████████████████████████████| (done) 100%
2 deeplearn /data/paper4/test/5.csv
Parse progress: |████████████████████████████████████████████████████████████████| (done) 100%
naivebayes prediction progress: |████████████████████████████████████████████████| (done) 100%
glm prediction progress: |███████████████████████████████████████████████████████| (done) 100%
drf prediction progress: |███████████████████████████████████████████████████████| (done) 100%
gbm prediction progress: |███████████████████████████████████████████████████████| (done) 100%
xgboost prediction progress: |███████████████████████████████████████████████████| (done) 100%
deeplearning prediction progress: |██████████████████████████████████████████████| (done) 100%
2 deeplearn /data/paper4/test/8.csv
Parse progress: |████████████████████████████████████████████████████████████████| (done) 100%
naivebayes prediction progress: |████████████████████████████████████████████████| (done) 100%
glm prediction progress: |███████████████████████████████████████████████████████| (done) 100%
drf prediction progress: |███████████████████████████████████████████████████████| (done) 100%
gbm prediction progress: |███████████████████████████████████████████████████████| (done) 100%
xgboost prediction progress: |███████████████████████████████████████████████████| (done) 100%
deeplearning prediction progress: |██████████████████████████████████████████████| (done) 100%
2 deeplearn /data/paper4/test/7.csv
Parse progress: |████████████████████████████████████████████████████████████████| (done) 100%
naivebayes prediction progress: |████████████████████████████████████████████████| (done) 100%
glm prediction progress: |███████████████████████████████████████████████████████| (done) 100%
drf prediction progress: |███████████████████████████████████████████████████████| (done) 100%
gbm prediction progress: |███████████████████████████████████████████████████████| (done) 100%
xgboost prediction progress: |███████████████████████████████████████████████████| (done) 100%
deeplearning prediction progress: |██████████████████████████████████████████████| (done) 100%
2 deeplearn /data/paper4/test/1.csv
Parse progress: |████████████████████████████████████████████████████████████████| (done) 100%
naivebayes prediction progress: |████████████████████████████████████████████████| (done) 100%
glm prediction progress: |███████████████████████████████████████████████████████| (done) 100%
drf prediction progress: |███████████████████████████████████████████████████████| (done) 100%
gbm prediction progress: |███████████████████████████████████████████████████████| (done) 100%
xgboost prediction progress: |███████████████████████████████████████████████████| (done) 100%
deeplearning prediction progress: |██████████████████████████████████████████████| (done) 100%
2 deeplearn /data/paper4/test/4.csv
Parse progress: |████████████████████████████████████████████████████████████████| (done) 100%
naivebayes prediction progress: |████████████████████████████████████████████████| (done) 100%
glm prediction progress: |███████████████████████████████████████████████████████| (done) 100%
drf prediction progress: |███████████████████████████████████████████████████████| (done) 100%
gbm prediction progress: |███████████████████████████████████████████████████████| (done) 100%
xgboost prediction progress: |███████████████████████████████████████████████████| (done) 100%
deeplearning prediction progress: |██████████████████████████████████████████████| (done) 100%
2 deeplearn /data/paper4/test/6.csv
Parse progress: |████████████████████████████████████████████████████████████████| (done) 100%
naivebayes prediction progress: |████████████████████████████████████████████████| (done) 100%
glm prediction progress: |███████████████████████████████████████████████████████| (done) 100%
drf prediction progress: |███████████████████████████████████████████████████████| (done) 100%
gbm prediction progress: |███████████████████████████████████████████████████████| (done) 100%
xgboost prediction progress: |███████████████████████████████████████████████████| (done) 100%
deeplearning prediction progress: |██████████████████████████████████████████████| (done) 100%
gbm
Checking whether there is an H2O instance running at http://localhost:54321 . connected.
Warning: Your H2O cluster version is too old (5 months and 11 days)!Please download and install the latest version from http://h2o.ai/download/
--------------------------  ------------------------------------------------------------------
H2O_cluster_uptime:         2 days 18 hours 57 mins
H2O_cluster_timezone:       Asia/Shanghai
H2O_data_parsing_timezone:  UTC
H2O_cluster_version:        3.34.0.3
H2O_cluster_version_age:    5 months and 11 days !!!
H2O_cluster_name:           H2O_from_python_root_ijoqmh
H2O_cluster_total_nodes:    1
H2O_cluster_free_memory:    17.24 Gb
H2O_cluster_total_cores:    20
H2O_cluster_allowed_cores:  20
H2O_cluster_status:         locked, healthy
H2O_connection_url:         http://localhost:54321
H2O_connection_proxy:       {"http": null, "https": null}
H2O_internal_security:      False
H2O_API_Extensions:         Amazon S3, XGBoost, Algos, AutoML, Core V3, TargetEncoder, Core V4
Python_version:             3.8.10 final
--------------------------  ------------------------------------------------------------------
loading  bayes /data/paper4/model//2/bayes/NaiveBayes_model_python_1647354051846_1261
loading  glm /data/paper4/model//2/glm/GLM_model_python_1647354051846_1265
loading  rf /data/paper4/model//2/rf/DRF_model_python_1647354051846_1282
loading  gbm /data/paper4/model//2/gbm/GBM_model_python_1647354051846_1442
loading  xgboost /data/paper4/model//2/xgboost/XGBoost_model_python_1647361848945_684
loading  deeplearn /data/paper4/model//2/deeplearn/DeepLearning_model_python_1647354051846_1779
2 gbm /data/paper4/test/3.csv
Parse progress: |████████████████████████████████████████████████████████████████| (done) 100%
naivebayes prediction progress: |████████████████████████████████████████████████| (done) 100%
glm prediction progress: |███████████████████████████████████████████████████████| (done) 100%
drf prediction progress: |███████████████████████████████████████████████████████| (done) 100%
gbm prediction progress: |███████████████████████████████████████████████████████| (done) 100%
xgboost prediction progress: |███████████████████████████████████████████████████| (done) 100%
deeplearning prediction progress: |██████████████████████████████████████████████| (done) 100%
2 gbm /data/paper4/test/0.csv
Parse progress: |████████████████████████████████████████████████████████████████| (done) 100%
naivebayes prediction progress: |████████████████████████████████████████████████| (done) 100%
glm prediction progress: |███████████████████████████████████████████████████████| (done) 100%
drf prediction progress: |███████████████████████████████████████████████████████| (done) 100%
gbm prediction progress: |███████████████████████████████████████████████████████| (done) 100%
xgboost prediction progress: |███████████████████████████████████████████████████| (done) 100%
deeplearning prediction progress: |██████████████████████████████████████████████| (done) 100%
2 gbm /data/paper4/test/2.csv
Parse progress: |████████████████████████████████████████████████████████████████| (done) 100%
naivebayes prediction progress: |████████████████████████████████████████████████| (done) 100%
glm prediction progress: |███████████████████████████████████████████████████████| (done) 100%
drf prediction progress: |███████████████████████████████████████████████████████| (done) 100%
gbm prediction progress: |███████████████████████████████████████████████████████| (done) 100%
xgboost prediction progress: |███████████████████████████████████████████████████| (done) 100%
deeplearning prediction progress: |██████████████████████████████████████████████| (done) 100%
2 gbm /data/paper4/test/5.csv
Parse progress: |████████████████████████████████████████████████████████████████| (done) 100%
naivebayes prediction progress: |████████████████████████████████████████████████| (done) 100%
glm prediction progress: |███████████████████████████████████████████████████████| (done) 100%
drf prediction progress: |███████████████████████████████████████████████████████| (done) 100%
gbm prediction progress: |███████████████████████████████████████████████████████| (done) 100%
xgboost prediction progress: |███████████████████████████████████████████████████| (done) 100%
deeplearning prediction progress: |██████████████████████████████████████████████| (done) 100%
2 gbm /data/paper4/test/8.csv
Parse progress: |████████████████████████████████████████████████████████████████| (done) 100%
naivebayes prediction progress: |████████████████████████████████████████████████| (done) 100%
glm prediction progress: |███████████████████████████████████████████████████████| (done) 100%
drf prediction progress: |███████████████████████████████████████████████████████| (done) 100%
gbm prediction progress: |███████████████████████████████████████████████████████| (done) 100%
xgboost prediction progress: |███████████████████████████████████████████████████| (done) 100%
deeplearning prediction progress: |██████████████████████████████████████████████| (done) 100%
2 gbm /data/paper4/test/7.csv
Parse progress: |████████████████████████████████████████████████████████████████| (done) 100%
naivebayes prediction progress: |████████████████████████████████████████████████| (done) 100%
glm prediction progress: |███████████████████████████████████████████████████████| (done) 100%
drf prediction progress: |███████████████████████████████████████████████████████| (done) 100%
gbm prediction progress: |███████████████████████████████████████████████████████| (done) 100%
xgboost prediction progress: |███████████████████████████████████████████████████| (done) 100%
deeplearning prediction progress: |██████████████████████████████████████████████| (done) 100%
2 gbm /data/paper4/test/1.csv
Parse progress: |████████████████████████████████████████████████████████████████| (done) 100%
naivebayes prediction progress: |████████████████████████████████████████████████| (done) 100%
glm prediction progress: |███████████████████████████████████████████████████████| (done) 100%
drf prediction progress: |███████████████████████████████████████████████████████| (done) 100%
gbm prediction progress: |███████████████████████████████████████████████████████| (done) 100%
xgboost prediction progress: |███████████████████████████████████████████████████| (done) 100%
deeplearning prediction progress: |██████████████████████████████████████████████| (done) 100%
2 gbm /data/paper4/test/4.csv
Parse progress: |████████████████████████████████████████████████████████████████| (done) 100%
naivebayes prediction progress: |████████████████████████████████████████████████| (done) 100%
glm prediction progress: |███████████████████████████████████████████████████████| (done) 100%
drf prediction progress: |███████████████████████████████████████████████████████| (done) 100%
gbm prediction progress: |███████████████████████████████████████████████████████| (done) 100%
xgboost prediction progress: |███████████████████████████████████████████████████| (done) 100%
deeplearning prediction progress: |██████████████████████████████████████████████| (done) 100%
2 gbm /data/paper4/test/6.csv
Parse progress: |████████████████████████████████████████████████████████████████| (done) 100%
naivebayes prediction progress: |████████████████████████████████████████████████| (done) 100%
glm prediction progress: |███████████████████████████████████████████████████████| (done) 100%
drf prediction progress: |███████████████████████████████████████████████████████| (done) 100%
gbm prediction progress: |███████████████████████████████████████████████████████| (done) 100%
xgboost prediction progress: |███████████████████████████████████████████████████| (done) 100%
deeplearning prediction progress: |██████████████████████████████████████████████| (done) 100%
cnn
2 cnn /data/paper4/test/3.csv
2 cnn /data/paper4/test/0.csv
2 cnn /data/paper4/test/2.csv
2 cnn /data/paper4/test/5.csv
2 cnn /data/paper4/test/8.csv
2 cnn /data/paper4/test/7.csv
2 cnn /data/paper4/test/1.csv
2 cnn /data/paper4/test/4.csv
2 cnn /data/paper4/test/6.csv
xgboost
Checking whether there is an H2O instance running at http://localhost:54321 . connected.
Warning: Your H2O cluster version is too old (5 months and 11 days)!Please download and install the latest version from http://h2o.ai/download/
--------------------------  ------------------------------------------------------------------
H2O_cluster_uptime:         2 days 18 hours 58 mins
H2O_cluster_timezone:       Asia/Shanghai
H2O_data_parsing_timezone:  UTC
H2O_cluster_version:        3.34.0.3
H2O_cluster_version_age:    5 months and 11 days !!!
H2O_cluster_name:           H2O_from_python_root_ijoqmh
H2O_cluster_total_nodes:    1
H2O_cluster_free_memory:    17.18 Gb
H2O_cluster_total_cores:    20
H2O_cluster_allowed_cores:  20
H2O_cluster_status:         locked, healthy
H2O_connection_url:         http://localhost:54321
H2O_connection_proxy:       {"http": null, "https": null}
H2O_internal_security:      False
H2O_API_Extensions:         Amazon S3, XGBoost, Algos, AutoML, Core V3, TargetEncoder, Core V4
Python_version:             3.8.10 final
--------------------------  ------------------------------------------------------------------
loading  bayes /data/paper4/model//2/bayes/NaiveBayes_model_python_1647354051846_1261
loading  glm /data/paper4/model//2/glm/GLM_model_python_1647354051846_1265
loading  rf /data/paper4/model//2/rf/DRF_model_python_1647354051846_1282
loading  gbm /data/paper4/model//2/gbm/GBM_model_python_1647354051846_1442
loading  xgboost /data/paper4/model//2/xgboost/XGBoost_model_python_1647361848945_684
loading  deeplearn /data/paper4/model//2/deeplearn/DeepLearning_model_python_1647354051846_1779
2 xgboost /data/paper4/test/3.csv
Parse progress: |████████████████████████████████████████████████████████████████| (done) 100%
naivebayes prediction progress: |████████████████████████████████████████████████| (done) 100%
glm prediction progress: |███████████████████████████████████████████████████████| (done) 100%
drf prediction progress: |███████████████████████████████████████████████████████| (done) 100%
gbm prediction progress: |███████████████████████████████████████████████████████| (done) 100%
xgboost prediction progress: |███████████████████████████████████████████████████| (done) 100%
deeplearning prediction progress: |██████████████████████████████████████████████| (done) 100%
2 xgboost /data/paper4/test/0.csv
Parse progress: |████████████████████████████████████████████████████████████████| (done) 100%
naivebayes prediction progress: |████████████████████████████████████████████████| (done) 100%
glm prediction progress: |███████████████████████████████████████████████████████| (done) 100%
drf prediction progress: |███████████████████████████████████████████████████████| (done) 100%
gbm prediction progress: |███████████████████████████████████████████████████████| (done) 100%
xgboost prediction progress: |███████████████████████████████████████████████████| (done) 100%
deeplearning prediction progress: |██████████████████████████████████████████████| (done) 100%
2 xgboost /data/paper4/test/2.csv
Parse progress: |████████████████████████████████████████████████████████████████| (done) 100%
naivebayes prediction progress: |████████████████████████████████████████████████| (done) 100%
glm prediction progress: |███████████████████████████████████████████████████████| (done) 100%
drf prediction progress: |███████████████████████████████████████████████████████| (done) 100%
gbm prediction progress: |███████████████████████████████████████████████████████| (done) 100%
xgboost prediction progress: |███████████████████████████████████████████████████| (done) 100%
deeplearning prediction progress: |██████████████████████████████████████████████| (done) 100%
2 xgboost /data/paper4/test/5.csv
Parse progress: |████████████████████████████████████████████████████████████████| (done) 100%
naivebayes prediction progress: |████████████████████████████████████████████████| (done) 100%
glm prediction progress: |███████████████████████████████████████████████████████| (done) 100%
drf prediction progress: |███████████████████████████████████████████████████████| (done) 100%
gbm prediction progress: |███████████████████████████████████████████████████████| (done) 100%
xgboost prediction progress: |███████████████████████████████████████████████████| (done) 100%
deeplearning prediction progress: |██████████████████████████████████████████████| (done) 100%
2 xgboost /data/paper4/test/8.csv
Parse progress: |████████████████████████████████████████████████████████████████| (done) 100%
naivebayes prediction progress: |████████████████████████████████████████████████| (done) 100%
glm prediction progress: |███████████████████████████████████████████████████████| (done) 100%
drf prediction progress: |███████████████████████████████████████████████████████| (done) 100%
gbm prediction progress: |███████████████████████████████████████████████████████| (done) 100%
xgboost prediction progress: |███████████████████████████████████████████████████| (done) 100%
deeplearning prediction progress: |██████████████████████████████████████████████| (done) 100%
2 xgboost /data/paper4/test/7.csv
Parse progress: |████████████████████████████████████████████████████████████████| (done) 100%
naivebayes prediction progress: |████████████████████████████████████████████████| (done) 100%
glm prediction progress: |███████████████████████████████████████████████████████| (done) 100%
drf prediction progress: |███████████████████████████████████████████████████████| (done) 100%
gbm prediction progress: |███████████████████████████████████████████████████████| (done) 100%
xgboost prediction progress: |███████████████████████████████████████████████████| (done) 100%
deeplearning prediction progress: |██████████████████████████████████████████████| (done) 100%
2 xgboost /data/paper4/test/1.csv
Parse progress: |████████████████████████████████████████████████████████████████| (done) 100%
naivebayes prediction progress: |████████████████████████████████████████████████| (done) 100%
glm prediction progress: |███████████████████████████████████████████████████████| (done) 100%
drf prediction progress: |███████████████████████████████████████████████████████| (done) 100%
gbm prediction progress: |███████████████████████████████████████████████████████| (done) 100%
xgboost prediction progress: |███████████████████████████████████████████████████| (done) 100%
deeplearning prediction progress: |██████████████████████████████████████████████| (done) 100%
2 xgboost /data/paper4/test/4.csv
Parse progress: |████████████████████████████████████████████████████████████████| (done) 100%
naivebayes prediction progress: |████████████████████████████████████████████████| (done) 100%
glm prediction progress: |███████████████████████████████████████████████████████| (done) 100%
drf prediction progress: |███████████████████████████████████████████████████████| (done) 100%
gbm prediction progress: |███████████████████████████████████████████████████████| (done) 100%
xgboost prediction progress: |███████████████████████████████████████████████████| (done) 100%
deeplearning prediction progress: |██████████████████████████████████████████████| (done) 100%
2 xgboost /data/paper4/test/6.csv
Parse progress: |████████████████████████████████████████████████████████████████| (done) 100%
naivebayes prediction progress: |████████████████████████████████████████████████| (done) 100%
glm prediction progress: |███████████████████████████████████████████████████████| (done) 100%
drf prediction progress: |███████████████████████████████████████████████████████| (done) 100%
gbm prediction progress: |███████████████████████████████████████████████████████| (done) 100%
xgboost prediction progress: |███████████████████████████████████████████████████| (done) 100%
deeplearning prediction progress: |██████████████████████████████████████████████| (done) 100%
svm
SVM /data/paper4/model/2/svm/sklearn_model_python_svm.pkl
2 svm /data/paper4/test/3.csv
[Parallel(n_jobs=22)]: Using backend LokyBackend with 22 concurrent workers.
[Parallel(n_jobs=22)]: Done   2 out of  22 | elapsed:   58.9s remaining:  9.8min
[Parallel(n_jobs=22)]: Done  22 out of  22 | elapsed:  1.2min finished
2 svm /data/paper4/test/0.csv
[Parallel(n_jobs=22)]: Using backend LokyBackend with 22 concurrent workers.
[Parallel(n_jobs=22)]: Done   2 out of  22 | elapsed:  1.0min remaining: 10.1min
[Parallel(n_jobs=22)]: Done  22 out of  22 | elapsed:  1.2min finished
2 svm /data/paper4/test/2.csv
[Parallel(n_jobs=22)]: Using backend LokyBackend with 22 concurrent workers.
[Parallel(n_jobs=22)]: Done   2 out of  22 | elapsed:  1.0min remaining: 10.1min
[Parallel(n_jobs=22)]: Done  22 out of  22 | elapsed:  1.2min finished
2 svm /data/paper4/test/5.csv
[Parallel(n_jobs=22)]: Using backend LokyBackend with 22 concurrent workers.
[Parallel(n_jobs=22)]: Done   2 out of  22 | elapsed:  1.0min remaining: 10.4min
[Parallel(n_jobs=22)]: Done  22 out of  22 | elapsed:  1.2min finished
2 svm /data/paper4/test/8.csv
[Parallel(n_jobs=22)]: Using backend LokyBackend with 22 concurrent workers.
[Parallel(n_jobs=22)]: Done   2 out of  22 | elapsed:  1.0min remaining: 10.5min
[Parallel(n_jobs=22)]: Done  22 out of  22 | elapsed:  1.3min finished
2 svm /data/paper4/test/7.csv
[Parallel(n_jobs=22)]: Using backend LokyBackend with 22 concurrent workers.
[Parallel(n_jobs=22)]: Done   2 out of  22 | elapsed:  1.1min remaining: 10.6min
[Parallel(n_jobs=22)]: Done  22 out of  22 | elapsed:  1.2min finished
2 svm /data/paper4/test/1.csv
[Parallel(n_jobs=22)]: Using backend LokyBackend with 22 concurrent workers.
[Parallel(n_jobs=22)]: Done   2 out of  22 | elapsed:  1.1min remaining: 11.1min
[Parallel(n_jobs=22)]: Done  22 out of  22 | elapsed:  1.3min finished
2 svm /data/paper4/test/4.csv
[Parallel(n_jobs=22)]: Using backend LokyBackend with 22 concurrent workers.
[Parallel(n_jobs=22)]: Done   2 out of  22 | elapsed:   59.2s remaining:  9.9min
[Parallel(n_jobs=22)]: Done  22 out of  22 | elapsed:  1.2min finished
2 svm /data/paper4/test/6.csv
[Parallel(n_jobs=22)]: Using backend LokyBackend with 22 concurrent workers.
[Parallel(n_jobs=22)]: Done   2 out of  22 | elapsed:  1.1min remaining: 10.9min
[Parallel(n_jobs=22)]: Done  22 out of  22 | elapsed:  1.3min finished
bayes
Checking whether there is an H2O instance running at http://localhost:54321 . connected.
Warning: Your H2O cluster version is too old (5 months and 11 days)!Please download and install the latest version from http://h2o.ai/download/
--------------------------  ------------------------------------------------------------------
H2O_cluster_uptime:         2 days 19 hours 10 mins
H2O_cluster_timezone:       Asia/Shanghai
H2O_data_parsing_timezone:  UTC
H2O_cluster_version:        3.34.0.3
H2O_cluster_version_age:    5 months and 11 days !!!
H2O_cluster_name:           H2O_from_python_root_ijoqmh
H2O_cluster_total_nodes:    1
H2O_cluster_free_memory:    17.11 Gb
H2O_cluster_total_cores:    20
H2O_cluster_allowed_cores:  20
H2O_cluster_status:         locked, healthy
H2O_connection_url:         http://localhost:54321
H2O_connection_proxy:       {"http": null, "https": null}
H2O_internal_security:      False
H2O_API_Extensions:         Amazon S3, XGBoost, Algos, AutoML, Core V3, TargetEncoder, Core V4
Python_version:             3.8.10 final
--------------------------  ------------------------------------------------------------------
loading  bayes /data/paper4/model//2/bayes/NaiveBayes_model_python_1647354051846_1261
loading  glm /data/paper4/model//2/glm/GLM_model_python_1647354051846_1265
loading  rf /data/paper4/model//2/rf/DRF_model_python_1647354051846_1282
loading  gbm /data/paper4/model//2/gbm/GBM_model_python_1647354051846_1442
loading  xgboost /data/paper4/model//2/xgboost/XGBoost_model_python_1647361848945_684
loading  deeplearn /data/paper4/model//2/deeplearn/DeepLearning_model_python_1647354051846_1779
2 bayes /data/paper4/test/3.csv
Parse progress: |████████████████████████████████████████████████████████████████| (done) 100%
naivebayes prediction progress: |████████████████████████████████████████████████| (done) 100%
glm prediction progress: |███████████████████████████████████████████████████████| (done) 100%
drf prediction progress: |███████████████████████████████████████████████████████| (done) 100%
gbm prediction progress: |███████████████████████████████████████████████████████| (done) 100%
xgboost prediction progress: |███████████████████████████████████████████████████| (done) 100%
deeplearning prediction progress: |██████████████████████████████████████████████| (done) 100%
2 bayes /data/paper4/test/0.csv
Parse progress: |████████████████████████████████████████████████████████████████| (done) 100%
naivebayes prediction progress: |████████████████████████████████████████████████| (done) 100%
glm prediction progress: |███████████████████████████████████████████████████████| (done) 100%
drf prediction progress: |███████████████████████████████████████████████████████| (done) 100%
gbm prediction progress: |███████████████████████████████████████████████████████| (done) 100%
xgboost prediction progress: |███████████████████████████████████████████████████| (done) 100%
deeplearning prediction progress: |██████████████████████████████████████████████| (done) 100%
2 bayes /data/paper4/test/2.csv
Parse progress: |████████████████████████████████████████████████████████████████| (done) 100%
naivebayes prediction progress: |████████████████████████████████████████████████| (done) 100%
glm prediction progress: |███████████████████████████████████████████████████████| (done) 100%
drf prediction progress: |███████████████████████████████████████████████████████| (done) 100%
gbm prediction progress: |███████████████████████████████████████████████████████| (done) 100%
xgboost prediction progress: |███████████████████████████████████████████████████| (done) 100%
deeplearning prediction progress: |██████████████████████████████████████████████| (done) 100%
2 bayes /data/paper4/test/5.csv
Parse progress: |████████████████████████████████████████████████████████████████| (done) 100%
naivebayes prediction progress: |████████████████████████████████████████████████| (done) 100%
glm prediction progress: |███████████████████████████████████████████████████████| (done) 100%
drf prediction progress: |███████████████████████████████████████████████████████| (done) 100%
gbm prediction progress: |███████████████████████████████████████████████████████| (done) 100%
xgboost prediction progress: |███████████████████████████████████████████████████| (done) 100%
deeplearning prediction progress: |██████████████████████████████████████████████| (done) 100%
2 bayes /data/paper4/test/8.csv
Parse progress: |████████████████████████████████████████████████████████████████| (done) 100%
naivebayes prediction progress: |████████████████████████████████████████████████| (done) 100%
glm prediction progress: |███████████████████████████████████████████████████████| (done) 100%
drf prediction progress: |███████████████████████████████████████████████████████| (done) 100%
gbm prediction progress: |███████████████████████████████████████████████████████| (done) 100%
xgboost prediction progress: |███████████████████████████████████████████████████| (done) 100%
deeplearning prediction progress: |██████████████████████████████████████████████| (done) 100%
2 bayes /data/paper4/test/7.csv
Parse progress: |████████████████████████████████████████████████████████████████| (done) 100%
naivebayes prediction progress: |████████████████████████████████████████████████| (done) 100%
glm prediction progress: |███████████████████████████████████████████████████████| (done) 100%
drf prediction progress: |███████████████████████████████████████████████████████| (done) 100%
gbm prediction progress: |███████████████████████████████████████████████████████| (done) 100%
xgboost prediction progress: |███████████████████████████████████████████████████| (done) 100%
deeplearning prediction progress: |██████████████████████████████████████████████| (done) 100%
2 bayes /data/paper4/test/1.csv
Parse progress: |████████████████████████████████████████████████████████████████| (done) 100%
naivebayes prediction progress: |████████████████████████████████████████████████| (done) 100%
glm prediction progress: |███████████████████████████████████████████████████████| (done) 100%
drf prediction progress: |███████████████████████████████████████████████████████| (done) 100%
gbm prediction progress: |███████████████████████████████████████████████████████| (done) 100%
xgboost prediction progress: |███████████████████████████████████████████████████| (done) 100%
deeplearning prediction progress: |██████████████████████████████████████████████| (done) 100%
2 bayes /data/paper4/test/4.csv
Parse progress: |████████████████████████████████████████████████████████████████| (done) 100%
naivebayes prediction progress: |████████████████████████████████████████████████| (done) 100%
glm prediction progress: |███████████████████████████████████████████████████████| (done) 100%
drf prediction progress: |███████████████████████████████████████████████████████| (done) 100%
gbm prediction progress: |███████████████████████████████████████████████████████| (done) 100%
xgboost prediction progress: |███████████████████████████████████████████████████| (done) 100%
deeplearning prediction progress: |██████████████████████████████████████████████| (done) 100%
2 bayes /data/paper4/test/6.csv
Parse progress: |████████████████████████████████████████████████████████████████| (done) 100%
naivebayes prediction progress: |████████████████████████████████████████████████| (done) 100%
glm prediction progress: |███████████████████████████████████████████████████████| (done) 100%
drf prediction progress: |███████████████████████████████████████████████████████| (done) 100%
gbm prediction progress: |███████████████████████████████████████████████████████| (done) 100%
xgboost prediction progress: |███████████████████████████████████████████████████| (done) 100%
deeplearning prediction progress: |██████████████████████████████████████████████| (done) 100%
rf
Checking whether there is an H2O instance running at http://localhost:54321 . connected.
Warning: Your H2O cluster version is too old (5 months and 11 days)!Please download and install the latest version from http://h2o.ai/download/
--------------------------  ------------------------------------------------------------------
H2O_cluster_uptime:         2 days 19 hours 10 mins
H2O_cluster_timezone:       Asia/Shanghai
H2O_data_parsing_timezone:  UTC
H2O_cluster_version:        3.34.0.3
H2O_cluster_version_age:    5 months and 11 days !!!
H2O_cluster_name:           H2O_from_python_root_ijoqmh
H2O_cluster_total_nodes:    1
H2O_cluster_free_memory:    17.05 Gb
H2O_cluster_total_cores:    20
H2O_cluster_allowed_cores:  20
H2O_cluster_status:         locked, healthy
H2O_connection_url:         http://localhost:54321
H2O_connection_proxy:       {"http": null, "https": null}
H2O_internal_security:      False
H2O_API_Extensions:         Amazon S3, XGBoost, Algos, AutoML, Core V3, TargetEncoder, Core V4
Python_version:             3.8.10 final
--------------------------  ------------------------------------------------------------------
loading  bayes /data/paper4/model//2/bayes/NaiveBayes_model_python_1647354051846_1261
loading  glm /data/paper4/model//2/glm/GLM_model_python_1647354051846_1265
loading  rf /data/paper4/model//2/rf/DRF_model_python_1647354051846_1282
loading  gbm /data/paper4/model//2/gbm/GBM_model_python_1647354051846_1442
loading  xgboost /data/paper4/model//2/xgboost/XGBoost_model_python_1647361848945_684
loading  deeplearn /data/paper4/model//2/deeplearn/DeepLearning_model_python_1647354051846_1779
2 rf /data/paper4/test/3.csv
Parse progress: |████████████████████████████████████████████████████████████████| (done) 100%
naivebayes prediction progress: |████████████████████████████████████████████████| (done) 100%
glm prediction progress: |███████████████████████████████████████████████████████| (done) 100%
drf prediction progress: |███████████████████████████████████████████████████████| (done) 100%
gbm prediction progress: |███████████████████████████████████████████████████████| (done) 100%
xgboost prediction progress: |███████████████████████████████████████████████████| (done) 100%
deeplearning prediction progress: |██████████████████████████████████████████████| (done) 100%
2 rf /data/paper4/test/0.csv
Parse progress: |████████████████████████████████████████████████████████████████| (done) 100%
naivebayes prediction progress: |████████████████████████████████████████████████| (done) 100%
glm prediction progress: |███████████████████████████████████████████████████████| (done) 100%
drf prediction progress: |███████████████████████████████████████████████████████| (done) 100%
gbm prediction progress: |███████████████████████████████████████████████████████| (done) 100%
xgboost prediction progress: |███████████████████████████████████████████████████| (done) 100%
deeplearning prediction progress: |██████████████████████████████████████████████| (done) 100%
2 rf /data/paper4/test/2.csv
Parse progress: |████████████████████████████████████████████████████████████████| (done) 100%
naivebayes prediction progress: |████████████████████████████████████████████████| (done) 100%
glm prediction progress: |███████████████████████████████████████████████████████| (done) 100%
drf prediction progress: |███████████████████████████████████████████████████████| (done) 100%
gbm prediction progress: |███████████████████████████████████████████████████████| (done) 100%
xgboost prediction progress: |███████████████████████████████████████████████████| (done) 100%
deeplearning prediction progress: |██████████████████████████████████████████████| (done) 100%
2 rf /data/paper4/test/5.csv
Parse progress: |████████████████████████████████████████████████████████████████| (done) 100%
naivebayes prediction progress: |████████████████████████████████████████████████| (done) 100%
glm prediction progress: |███████████████████████████████████████████████████████| (done) 100%
drf prediction progress: |███████████████████████████████████████████████████████| (done) 100%
gbm prediction progress: |███████████████████████████████████████████████████████| (done) 100%
xgboost prediction progress: |███████████████████████████████████████████████████| (done) 100%
deeplearning prediction progress: |██████████████████████████████████████████████| (done) 100%
2 rf /data/paper4/test/8.csv
Parse progress: |████████████████████████████████████████████████████████████████| (done) 100%
naivebayes prediction progress: |████████████████████████████████████████████████| (done) 100%
glm prediction progress: |███████████████████████████████████████████████████████| (done) 100%
drf prediction progress: |███████████████████████████████████████████████████████| (done) 100%
gbm prediction progress: |███████████████████████████████████████████████████████| (done) 100%
xgboost prediction progress: |███████████████████████████████████████████████████| (done) 100%
deeplearning prediction progress: |██████████████████████████████████████████████| (done) 100%
2 rf /data/paper4/test/7.csv
Parse progress: |████████████████████████████████████████████████████████████████| (done) 100%
naivebayes prediction progress: |████████████████████████████████████████████████| (done) 100%
glm prediction progress: |███████████████████████████████████████████████████████| (done) 100%
drf prediction progress: |███████████████████████████████████████████████████████| (done) 100%
gbm prediction progress: |███████████████████████████████████████████████████████| (done) 100%
xgboost prediction progress: |███████████████████████████████████████████████████| (done) 100%
deeplearning prediction progress: |██████████████████████████████████████████████| (done) 100%
2 rf /data/paper4/test/1.csv
Parse progress: |████████████████████████████████████████████████████████████████| (done) 100%
naivebayes prediction progress: |████████████████████████████████████████████████| (done) 100%
glm prediction progress: |███████████████████████████████████████████████████████| (done) 100%
drf prediction progress: |███████████████████████████████████████████████████████| (done) 100%
gbm prediction progress: |███████████████████████████████████████████████████████| (done) 100%
xgboost prediction progress: |███████████████████████████████████████████████████| (done) 100%
deeplearning prediction progress: |██████████████████████████████████████████████| (done) 100%
2 rf /data/paper4/test/4.csv
Parse progress: |████████████████████████████████████████████████████████████████| (done) 100%
naivebayes prediction progress: |████████████████████████████████████████████████| (done) 100%
glm prediction progress: |███████████████████████████████████████████████████████| (done) 100%
drf prediction progress: |███████████████████████████████████████████████████████| (done) 100%
gbm prediction progress: |███████████████████████████████████████████████████████| (done) 100%
xgboost prediction progress: |███████████████████████████████████████████████████| (done) 100%
deeplearning prediction progress: |██████████████████████████████████████████████| (done) 100%
2 rf /data/paper4/test/6.csv
Parse progress: |████████████████████████████████████████████████████████████████| (done) 100%
naivebayes prediction progress: |████████████████████████████████████████████████| (done) 100%
glm prediction progress: |███████████████████████████████████████████████████████| (done) 100%
drf prediction progress: |███████████████████████████████████████████████████████| (done) 100%
gbm prediction progress: |███████████████████████████████████████████████████████| (done) 100%
xgboost prediction progress: |███████████████████████████████████████████████████| (done) 100%
deeplearning prediction progress: |██████████████████████████████████████████████| (done) 100%
glm
Checking whether there is an H2O instance running at http://localhost:54321 . connected.
Warning: Your H2O cluster version is too old (5 months and 11 days)!Please download and install the latest version from http://h2o.ai/download/
--------------------------  ------------------------------------------------------------------
H2O_cluster_uptime:         2 days 19 hours 11 mins
H2O_cluster_timezone:       Asia/Shanghai
H2O_data_parsing_timezone:  UTC
H2O_cluster_version:        3.34.0.3
H2O_cluster_version_age:    5 months and 11 days !!!
H2O_cluster_name:           H2O_from_python_root_ijoqmh
H2O_cluster_total_nodes:    1
H2O_cluster_free_memory:    16.99 Gb
H2O_cluster_total_cores:    20
H2O_cluster_allowed_cores:  20
H2O_cluster_status:         locked, healthy
H2O_connection_url:         http://localhost:54321
H2O_connection_proxy:       {"http": null, "https": null}
H2O_internal_security:      False
H2O_API_Extensions:         Amazon S3, XGBoost, Algos, AutoML, Core V3, TargetEncoder, Core V4
Python_version:             3.8.10 final
--------------------------  ------------------------------------------------------------------
loading  bayes /data/paper4/model//5/bayes/NaiveBayes_model_python_1647354051846_1924
loading  glm /data/paper4/model//5/glm/GLM_model_python_1647354051846_1928
loading  rf /data/paper4/model//5/rf/DRF_model_python_1647354051846_1945
loading  gbm /data/paper4/model//5/gbm/GBM_model_python_1647354051846_2107
loading  xgboost /data/paper4/model//5/xgboost/XGBoost_model_python_1647361848945_887
loading  deeplearn /data/paper4/model//5/deeplearn/DeepLearning_model_python_1647354051846_2394
5 glm /data/paper4/test/3.csv
Parse progress: |████████████████████████████████████████████████████████████████| (done) 100%
naivebayes prediction progress: |████████████████████████████████████████████████| (done) 100%
glm prediction progress: |███████████████████████████████████████████████████████| (done) 100%
drf prediction progress: |███████████████████████████████████████████████████████| (done) 100%
gbm prediction progress: |███████████████████████████████████████████████████████| (done) 100%
xgboost prediction progress: |███████████████████████████████████████████████████| (done) 100%
deeplearning prediction progress: |██████████████████████████████████████████████| (done) 100%
5 glm /data/paper4/test/0.csv
Parse progress: |████████████████████████████████████████████████████████████████| (done) 100%
naivebayes prediction progress: |████████████████████████████████████████████████| (done) 100%
glm prediction progress: |███████████████████████████████████████████████████████| (done) 100%
drf prediction progress: |███████████████████████████████████████████████████████| (done) 100%
gbm prediction progress: |███████████████████████████████████████████████████████| (done) 100%
xgboost prediction progress: |███████████████████████████████████████████████████| (done) 100%
deeplearning prediction progress: |██████████████████████████████████████████████| (done) 100%
5 glm /data/paper4/test/2.csv
Parse progress: |████████████████████████████████████████████████████████████████| (done) 100%
naivebayes prediction progress: |████████████████████████████████████████████████| (done) 100%
glm prediction progress: |███████████████████████████████████████████████████████| (done) 100%
drf prediction progress: |███████████████████████████████████████████████████████| (done) 100%
gbm prediction progress: |███████████████████████████████████████████████████████| (done) 100%
xgboost prediction progress: |███████████████████████████████████████████████████| (done) 100%
deeplearning prediction progress: |██████████████████████████████████████████████| (done) 100%
5 glm /data/paper4/test/5.csv
Parse progress: |████████████████████████████████████████████████████████████████| (done) 100%
naivebayes prediction progress: |████████████████████████████████████████████████| (done) 100%
glm prediction progress: |███████████████████████████████████████████████████████| (done) 100%
drf prediction progress: |███████████████████████████████████████████████████████| (done) 100%
gbm prediction progress: |███████████████████████████████████████████████████████| (done) 100%
xgboost prediction progress: |███████████████████████████████████████████████████| (done) 100%
deeplearning prediction progress: |██████████████████████████████████████████████| (done) 100%
5 glm /data/paper4/test/8.csv
Parse progress: |████████████████████████████████████████████████████████████████| (done) 100%
naivebayes prediction progress: |████████████████████████████████████████████████| (done) 100%
glm prediction progress: |███████████████████████████████████████████████████████| (done) 100%
drf prediction progress: |███████████████████████████████████████████████████████| (done) 100%
gbm prediction progress: |███████████████████████████████████████████████████████| (done) 100%
xgboost prediction progress: |███████████████████████████████████████████████████| (done) 100%
deeplearning prediction progress: |██████████████████████████████████████████████| (done) 100%
5 glm /data/paper4/test/7.csv
Parse progress: |████████████████████████████████████████████████████████████████| (done) 100%
naivebayes prediction progress: |████████████████████████████████████████████████| (done) 100%
glm prediction progress: |███████████████████████████████████████████████████████| (done) 100%
drf prediction progress: |███████████████████████████████████████████████████████| (done) 100%
gbm prediction progress: |███████████████████████████████████████████████████████| (done) 100%
xgboost prediction progress: |███████████████████████████████████████████████████| (done) 100%
deeplearning prediction progress: |██████████████████████████████████████████████| (done) 100%
5 glm /data/paper4/test/1.csv
Parse progress: |████████████████████████████████████████████████████████████████| (done) 100%
naivebayes prediction progress: |████████████████████████████████████████████████| (done) 100%
glm prediction progress: |███████████████████████████████████████████████████████| (done) 100%
drf prediction progress: |███████████████████████████████████████████████████████| (done) 100%
gbm prediction progress: |███████████████████████████████████████████████████████| (done) 100%
xgboost prediction progress: |███████████████████████████████████████████████████| (done) 100%
deeplearning prediction progress: |██████████████████████████████████████████████| (done) 100%
5 glm /data/paper4/test/4.csv
Parse progress: |████████████████████████████████████████████████████████████████| (done) 100%
naivebayes prediction progress: |████████████████████████████████████████████████| (done) 100%
glm prediction progress: |███████████████████████████████████████████████████████| (done) 100%
drf prediction progress: |███████████████████████████████████████████████████████| (done) 100%
gbm prediction progress: |███████████████████████████████████████████████████████| (done) 100%
xgboost prediction progress: |███████████████████████████████████████████████████| (done) 100%
deeplearning prediction progress: |██████████████████████████████████████████████| (done) 100%
5 glm /data/paper4/test/6.csv
Parse progress: |████████████████████████████████████████████████████████████████| (done) 100%
naivebayes prediction progress: |████████████████████████████████████████████████| (done) 100%
glm prediction progress: |███████████████████████████████████████████████████████| (done) 100%
drf prediction progress: |███████████████████████████████████████████████████████| (done) 100%
gbm prediction progress: |███████████████████████████████████████████████████████| (done) 100%
xgboost prediction progress: |███████████████████████████████████████████████████| (done) 100%
deeplearning prediction progress: |██████████████████████████████████████████████| (done) 100%
deeplearn
Checking whether there is an H2O instance running at http://localhost:54321 . connected.
Warning: Your H2O cluster version is too old (5 months and 11 days)!Please download and install the latest version from http://h2o.ai/download/
--------------------------  ------------------------------------------------------------------
H2O_cluster_uptime:         2 days 19 hours 11 mins
H2O_cluster_timezone:       Asia/Shanghai
H2O_data_parsing_timezone:  UTC
H2O_cluster_version:        3.34.0.3
H2O_cluster_version_age:    5 months and 11 days !!!
H2O_cluster_name:           H2O_from_python_root_ijoqmh
H2O_cluster_total_nodes:    1
H2O_cluster_free_memory:    16.94 Gb
H2O_cluster_total_cores:    20
H2O_cluster_allowed_cores:  20
H2O_cluster_status:         locked, healthy
H2O_connection_url:         http://localhost:54321
H2O_connection_proxy:       {"http": null, "https": null}
H2O_internal_security:      False
H2O_API_Extensions:         Amazon S3, XGBoost, Algos, AutoML, Core V3, TargetEncoder, Core V4
Python_version:             3.8.10 final
--------------------------  ------------------------------------------------------------------
loading  bayes /data/paper4/model//5/bayes/NaiveBayes_model_python_1647354051846_1924
loading  glm /data/paper4/model//5/glm/GLM_model_python_1647354051846_1928
loading  rf /data/paper4/model//5/rf/DRF_model_python_1647354051846_1945
loading  gbm /data/paper4/model//5/gbm/GBM_model_python_1647354051846_2107
loading  xgboost /data/paper4/model//5/xgboost/XGBoost_model_python_1647361848945_887
loading  deeplearn /data/paper4/model//5/deeplearn/DeepLearning_model_python_1647354051846_2394
5 deeplearn /data/paper4/test/3.csv
Parse progress: |████████████████████████████████████████████████████████████████| (done) 100%
naivebayes prediction progress: |████████████████████████████████████████████████| (done) 100%
glm prediction progress: |███████████████████████████████████████████████████████| (done) 100%
drf prediction progress: |███████████████████████████████████████████████████████| (done) 100%
gbm prediction progress: |███████████████████████████████████████████████████████| (done) 100%
xgboost prediction progress: |███████████████████████████████████████████████████| (done) 100%
deeplearning prediction progress: |██████████████████████████████████████████████| (done) 100%
5 deeplearn /data/paper4/test/0.csv
Parse progress: |████████████████████████████████████████████████████████████████| (done) 100%
naivebayes prediction progress: |████████████████████████████████████████████████| (done) 100%
glm prediction progress: |███████████████████████████████████████████████████████| (done) 100%
drf prediction progress: |███████████████████████████████████████████████████████| (done) 100%
gbm prediction progress: |███████████████████████████████████████████████████████| (done) 100%
xgboost prediction progress: |███████████████████████████████████████████████████| (done) 100%
deeplearning prediction progress: |██████████████████████████████████████████████| (done) 100%
5 deeplearn /data/paper4/test/2.csv
Parse progress: |████████████████████████████████████████████████████████████████| (done) 100%
naivebayes prediction progress: |████████████████████████████████████████████████| (done) 100%
glm prediction progress: |███████████████████████████████████████████████████████| (done) 100%
drf prediction progress: |███████████████████████████████████████████████████████| (done) 100%
gbm prediction progress: |███████████████████████████████████████████████████████| (done) 100%
xgboost prediction progress: |███████████████████████████████████████████████████| (done) 100%
deeplearning prediction progress: |██████████████████████████████████████████████| (done) 100%
5 deeplearn /data/paper4/test/5.csv
Parse progress: |████████████████████████████████████████████████████████████████| (done) 100%
naivebayes prediction progress: |████████████████████████████████████████████████| (done) 100%
glm prediction progress: |███████████████████████████████████████████████████████| (done) 100%
drf prediction progress: |███████████████████████████████████████████████████████| (done) 100%
gbm prediction progress: |███████████████████████████████████████████████████████| (done) 100%
xgboost prediction progress: |███████████████████████████████████████████████████| (done) 100%
deeplearning prediction progress: |██████████████████████████████████████████████| (done) 100%
5 deeplearn /data/paper4/test/8.csv
Parse progress: |████████████████████████████████████████████████████████████████| (done) 100%
naivebayes prediction progress: |████████████████████████████████████████████████| (done) 100%
glm prediction progress: |███████████████████████████████████████████████████████| (done) 100%
drf prediction progress: |███████████████████████████████████████████████████████| (done) 100%
gbm prediction progress: |███████████████████████████████████████████████████████| (done) 100%
xgboost prediction progress: |███████████████████████████████████████████████████| (done) 100%
deeplearning prediction progress: |██████████████████████████████████████████████| (done) 100%
5 deeplearn /data/paper4/test/7.csv
Parse progress: |████████████████████████████████████████████████████████████████| (done) 100%
naivebayes prediction progress: |████████████████████████████████████████████████| (done) 100%
glm prediction progress: |███████████████████████████████████████████████████████| (done) 100%
drf prediction progress: |███████████████████████████████████████████████████████| (done) 100%
gbm prediction progress: |███████████████████████████████████████████████████████| (done) 100%
xgboost prediction progress: |███████████████████████████████████████████████████| (done) 100%
deeplearning prediction progress: |██████████████████████████████████████████████| (done) 100%
5 deeplearn /data/paper4/test/1.csv
Parse progress: |████████████████████████████████████████████████████████████████| (done) 100%
naivebayes prediction progress: |████████████████████████████████████████████████| (done) 100%
glm prediction progress: |███████████████████████████████████████████████████████| (done) 100%
drf prediction progress: |███████████████████████████████████████████████████████| (done) 100%
gbm prediction progress: |███████████████████████████████████████████████████████| (done) 100%
xgboost prediction progress: |███████████████████████████████████████████████████| (done) 100%
deeplearning prediction progress: |██████████████████████████████████████████████| (done) 100%
5 deeplearn /data/paper4/test/4.csv
Parse progress: |████████████████████████████████████████████████████████████████| (done) 100%
naivebayes prediction progress: |████████████████████████████████████████████████| (done) 100%
glm prediction progress: |███████████████████████████████████████████████████████| (done) 100%
drf prediction progress: |███████████████████████████████████████████████████████| (done) 100%
gbm prediction progress: |███████████████████████████████████████████████████████| (done) 100%
xgboost prediction progress: |███████████████████████████████████████████████████| (done) 100%
deeplearning prediction progress: |██████████████████████████████████████████████| (done) 100%
5 deeplearn /data/paper4/test/6.csv
Parse progress: |████████████████████████████████████████████████████████████████| (done) 100%
naivebayes prediction progress: |████████████████████████████████████████████████| (done) 100%
glm prediction progress: |███████████████████████████████████████████████████████| (done) 100%
drf prediction progress: |███████████████████████████████████████████████████████| (done) 100%
gbm prediction progress: |███████████████████████████████████████████████████████| (done) 100%
xgboost prediction progress: |███████████████████████████████████████████████████| (done) 100%
deeplearning prediction progress: |██████████████████████████████████████████████| (done) 100%
gbm
Checking whether there is an H2O instance running at http://localhost:54321 . connected.
Warning: Your H2O cluster version is too old (5 months and 11 days)!Please download and install the latest version from http://h2o.ai/download/
--------------------------  ------------------------------------------------------------------
H2O_cluster_uptime:         2 days 19 hours 12 mins
H2O_cluster_timezone:       Asia/Shanghai
H2O_data_parsing_timezone:  UTC
H2O_cluster_version:        3.34.0.3
H2O_cluster_version_age:    5 months and 11 days !!!
H2O_cluster_name:           H2O_from_python_root_ijoqmh
H2O_cluster_total_nodes:    1
H2O_cluster_free_memory:    16.88 Gb
H2O_cluster_total_cores:    20
H2O_cluster_allowed_cores:  20
H2O_cluster_status:         locked, healthy
H2O_connection_url:         http://localhost:54321
H2O_connection_proxy:       {"http": null, "https": null}
H2O_internal_security:      False
H2O_API_Extensions:         Amazon S3, XGBoost, Algos, AutoML, Core V3, TargetEncoder, Core V4
Python_version:             3.8.10 final
--------------------------  ------------------------------------------------------------------
loading  bayes /data/paper4/model//5/bayes/NaiveBayes_model_python_1647354051846_1924
loading  glm /data/paper4/model//5/glm/GLM_model_python_1647354051846_1928
loading  rf /data/paper4/model//5/rf/DRF_model_python_1647354051846_1945
loading  gbm /data/paper4/model//5/gbm/GBM_model_python_1647354051846_2107
loading  xgboost /data/paper4/model//5/xgboost/XGBoost_model_python_1647361848945_887
loading  deeplearn /data/paper4/model//5/deeplearn/DeepLearning_model_python_1647354051846_2394
5 gbm /data/paper4/test/3.csv
Parse progress: |████████████████████████████████████████████████████████████████| (done) 100%
naivebayes prediction progress: |████████████████████████████████████████████████| (done) 100%
glm prediction progress: |███████████████████████████████████████████████████████| (done) 100%
drf prediction progress: |███████████████████████████████████████████████████████| (done) 100%
gbm prediction progress: |███████████████████████████████████████████████████████| (done) 100%
xgboost prediction progress: |███████████████████████████████████████████████████| (done) 100%
deeplearning prediction progress: |██████████████████████████████████████████████| (done) 100%
5 gbm /data/paper4/test/0.csv
Parse progress: |████████████████████████████████████████████████████████████████| (done) 100%
naivebayes prediction progress: |████████████████████████████████████████████████| (done) 100%
glm prediction progress: |███████████████████████████████████████████████████████| (done) 100%
drf prediction progress: |███████████████████████████████████████████████████████| (done) 100%
gbm prediction progress: |███████████████████████████████████████████████████████| (done) 100%
xgboost prediction progress: |███████████████████████████████████████████████████| (done) 100%
deeplearning prediction progress: |██████████████████████████████████████████████| (done) 100%
5 gbm /data/paper4/test/2.csv
Parse progress: |████████████████████████████████████████████████████████████████| (done) 100%
naivebayes prediction progress: |████████████████████████████████████████████████| (done) 100%
glm prediction progress: |███████████████████████████████████████████████████████| (done) 100%
drf prediction progress: |███████████████████████████████████████████████████████| (done) 100%
gbm prediction progress: |███████████████████████████████████████████████████████| (done) 100%
xgboost prediction progress: |███████████████████████████████████████████████████| (done) 100%
deeplearning prediction progress: |██████████████████████████████████████████████| (done) 100%
5 gbm /data/paper4/test/5.csv
Parse progress: |████████████████████████████████████████████████████████████████| (done) 100%
naivebayes prediction progress: |████████████████████████████████████████████████| (done) 100%
glm prediction progress: |███████████████████████████████████████████████████████| (done) 100%
drf prediction progress: |███████████████████████████████████████████████████████| (done) 100%
gbm prediction progress: |███████████████████████████████████████████████████████| (done) 100%
xgboost prediction progress: |███████████████████████████████████████████████████| (done) 100%
deeplearning prediction progress: |██████████████████████████████████████████████| (done) 100%
5 gbm /data/paper4/test/8.csv
Parse progress: |████████████████████████████████████████████████████████████████| (done) 100%
naivebayes prediction progress: |████████████████████████████████████████████████| (done) 100%
glm prediction progress: |███████████████████████████████████████████████████████| (done) 100%
drf prediction progress: |███████████████████████████████████████████████████████| (done) 100%
gbm prediction progress: |███████████████████████████████████████████████████████| (done) 100%
xgboost prediction progress: |███████████████████████████████████████████████████| (done) 100%
deeplearning prediction progress: |██████████████████████████████████████████████| (done) 100%
5 gbm /data/paper4/test/7.csv
Parse progress: |████████████████████████████████████████████████████████████████| (done) 100%
naivebayes prediction progress: |████████████████████████████████████████████████| (done) 100%
glm prediction progress: |███████████████████████████████████████████████████████| (done) 100%
drf prediction progress: |███████████████████████████████████████████████████████| (done) 100%
gbm prediction progress: |███████████████████████████████████████████████████████| (done) 100%
xgboost prediction progress: |███████████████████████████████████████████████████| (done) 100%
deeplearning prediction progress: |██████████████████████████████████████████████| (done) 100%
5 gbm /data/paper4/test/1.csv
Parse progress: |████████████████████████████████████████████████████████████████| (done) 100%
naivebayes prediction progress: |████████████████████████████████████████████████| (done) 100%
glm prediction progress: |███████████████████████████████████████████████████████| (done) 100%
drf prediction progress: |███████████████████████████████████████████████████████| (done) 100%
gbm prediction progress: |███████████████████████████████████████████████████████| (done) 100%
xgboost prediction progress: |███████████████████████████████████████████████████| (done) 100%
deeplearning prediction progress: |██████████████████████████████████████████████| (done) 100%
5 gbm /data/paper4/test/4.csv
Parse progress: |████████████████████████████████████████████████████████████████| (done) 100%
naivebayes prediction progress: |████████████████████████████████████████████████| (done) 100%
glm prediction progress: |███████████████████████████████████████████████████████| (done) 100%
drf prediction progress: |███████████████████████████████████████████████████████| (done) 100%
gbm prediction progress: |███████████████████████████████████████████████████████| (done) 100%
xgboost prediction progress: |███████████████████████████████████████████████████| (done) 100%
deeplearning prediction progress: |██████████████████████████████████████████████| (done) 100%
5 gbm /data/paper4/test/6.csv
Parse progress: |████████████████████████████████████████████████████████████████| (done) 100%
naivebayes prediction progress: |████████████████████████████████████████████████| (done) 100%
glm prediction progress: |███████████████████████████████████████████████████████| (done) 100%
drf prediction progress: |███████████████████████████████████████████████████████| (done) 100%
gbm prediction progress: |███████████████████████████████████████████████████████| (done) 100%
xgboost prediction progress: |███████████████████████████████████████████████████| (done) 100%
deeplearning prediction progress: |██████████████████████████████████████████████| (done) 100%
cnn
5 cnn /data/paper4/test/3.csv
5 cnn /data/paper4/test/0.csv
5 cnn /data/paper4/test/2.csv
5 cnn /data/paper4/test/5.csv
5 cnn /data/paper4/test/8.csv
5 cnn /data/paper4/test/7.csv
5 cnn /data/paper4/test/1.csv
5 cnn /data/paper4/test/4.csv
5 cnn /data/paper4/test/6.csv
xgboost
Checking whether there is an H2O instance running at http://localhost:54321 . connected.
Warning: Your H2O cluster version is too old (5 months and 11 days)!Please download and install the latest version from http://h2o.ai/download/
--------------------------  ------------------------------------------------------------------
H2O_cluster_uptime:         2 days 19 hours 13 mins
H2O_cluster_timezone:       Asia/Shanghai
H2O_data_parsing_timezone:  UTC
H2O_cluster_version:        3.34.0.3
H2O_cluster_version_age:    5 months and 11 days !!!
H2O_cluster_name:           H2O_from_python_root_ijoqmh
H2O_cluster_total_nodes:    1
H2O_cluster_free_memory:    16.82 Gb
H2O_cluster_total_cores:    20
H2O_cluster_allowed_cores:  20
H2O_cluster_status:         locked, healthy
H2O_connection_url:         http://localhost:54321
H2O_connection_proxy:       {"http": null, "https": null}
H2O_internal_security:      False
H2O_API_Extensions:         Amazon S3, XGBoost, Algos, AutoML, Core V3, TargetEncoder, Core V4
Python_version:             3.8.10 final
--------------------------  ------------------------------------------------------------------
loading  bayes /data/paper4/model//5/bayes/NaiveBayes_model_python_1647354051846_1924
loading  glm /data/paper4/model//5/glm/GLM_model_python_1647354051846_1928
loading  rf /data/paper4/model//5/rf/DRF_model_python_1647354051846_1945
loading  gbm /data/paper4/model//5/gbm/GBM_model_python_1647354051846_2107
loading  xgboost /data/paper4/model//5/xgboost/XGBoost_model_python_1647361848945_887
loading  deeplearn /data/paper4/model//5/deeplearn/DeepLearning_model_python_1647354051846_2394
5 xgboost /data/paper4/test/3.csv
Parse progress: |████████████████████████████████████████████████████████████████| (done) 100%
naivebayes prediction progress: |████████████████████████████████████████████████| (done) 100%
glm prediction progress: |███████████████████████████████████████████████████████| (done) 100%
drf prediction progress: |███████████████████████████████████████████████████████| (done) 100%
gbm prediction progress: |███████████████████████████████████████████████████████| (done) 100%
xgboost prediction progress: |███████████████████████████████████████████████████| (done) 100%
deeplearning prediction progress: |██████████████████████████████████████████████| (done) 100%
5 xgboost /data/paper4/test/0.csv
Parse progress: |████████████████████████████████████████████████████████████████| (done) 100%
naivebayes prediction progress: |████████████████████████████████████████████████| (done) 100%
glm prediction progress: |███████████████████████████████████████████████████████| (done) 100%
drf prediction progress: |███████████████████████████████████████████████████████| (done) 100%
gbm prediction progress: |███████████████████████████████████████████████████████| (done) 100%
xgboost prediction progress: |███████████████████████████████████████████████████| (done) 100%
deeplearning prediction progress: |██████████████████████████████████████████████| (done) 100%
5 xgboost /data/paper4/test/2.csv
Parse progress: |████████████████████████████████████████████████████████████████| (done) 100%
naivebayes prediction progress: |████████████████████████████████████████████████| (done) 100%
glm prediction progress: |███████████████████████████████████████████████████████| (done) 100%
drf prediction progress: |███████████████████████████████████████████████████████| (done) 100%
gbm prediction progress: |███████████████████████████████████████████████████████| (done) 100%
xgboost prediction progress: |███████████████████████████████████████████████████| (done) 100%
deeplearning prediction progress: |██████████████████████████████████████████████| (done) 100%
5 xgboost /data/paper4/test/5.csv
Parse progress: |████████████████████████████████████████████████████████████████| (done) 100%
naivebayes prediction progress: |████████████████████████████████████████████████| (done) 100%
glm prediction progress: |███████████████████████████████████████████████████████| (done) 100%
drf prediction progress: |███████████████████████████████████████████████████████| (done) 100%
gbm prediction progress: |███████████████████████████████████████████████████████| (done) 100%
xgboost prediction progress: |███████████████████████████████████████████████████| (done) 100%
deeplearning prediction progress: |██████████████████████████████████████████████| (done) 100%
5 xgboost /data/paper4/test/8.csv
Parse progress: |████████████████████████████████████████████████████████████████| (done) 100%
naivebayes prediction progress: |████████████████████████████████████████████████| (done) 100%
glm prediction progress: |███████████████████████████████████████████████████████| (done) 100%
drf prediction progress: |███████████████████████████████████████████████████████| (done) 100%
gbm prediction progress: |███████████████████████████████████████████████████████| (done) 100%
xgboost prediction progress: |███████████████████████████████████████████████████| (done) 100%
deeplearning prediction progress: |██████████████████████████████████████████████| (done) 100%
5 xgboost /data/paper4/test/7.csv
Parse progress: |████████████████████████████████████████████████████████████████| (done) 100%
naivebayes prediction progress: |████████████████████████████████████████████████| (done) 100%
glm prediction progress: |███████████████████████████████████████████████████████| (done) 100%
drf prediction progress: |███████████████████████████████████████████████████████| (done) 100%
gbm prediction progress: |███████████████████████████████████████████████████████| (done) 100%
xgboost prediction progress: |███████████████████████████████████████████████████| (done) 100%
deeplearning prediction progress: |██████████████████████████████████████████████| (done) 100%
5 xgboost /data/paper4/test/1.csv
Parse progress: |████████████████████████████████████████████████████████████████| (done) 100%
naivebayes prediction progress: |████████████████████████████████████████████████| (done) 100%
glm prediction progress: |███████████████████████████████████████████████████████| (done) 100%
drf prediction progress: |███████████████████████████████████████████████████████| (done) 100%
gbm prediction progress: |███████████████████████████████████████████████████████| (done) 100%
xgboost prediction progress: |███████████████████████████████████████████████████| (done) 100%
deeplearning prediction progress: |██████████████████████████████████████████████| (done) 100%
5 xgboost /data/paper4/test/4.csv
Parse progress: |████████████████████████████████████████████████████████████████| (done) 100%
naivebayes prediction progress: |████████████████████████████████████████████████| (done) 100%
glm prediction progress: |███████████████████████████████████████████████████████| (done) 100%
drf prediction progress: |███████████████████████████████████████████████████████| (done) 100%
gbm prediction progress: |███████████████████████████████████████████████████████| (done) 100%
xgboost prediction progress: |███████████████████████████████████████████████████| (done) 100%
deeplearning prediction progress: |██████████████████████████████████████████████| (done) 100%
5 xgboost /data/paper4/test/6.csv
Parse progress: |████████████████████████████████████████████████████████████████| (done) 100%
naivebayes prediction progress: |████████████████████████████████████████████████| (done) 100%
glm prediction progress: |███████████████████████████████████████████████████████| (done) 100%
drf prediction progress: |███████████████████████████████████████████████████████| (done) 100%
gbm prediction progress: |███████████████████████████████████████████████████████| (done) 100%
xgboost prediction progress: |███████████████████████████████████████████████████| (done) 100%
deeplearning prediction progress: |██████████████████████████████████████████████| (done) 100%
svm
SVM /data/paper4/model/5/svm/sklearn_model_python_svm.pkl
5 svm /data/paper4/test/3.csv
[Parallel(n_jobs=22)]: Using backend LokyBackend with 22 concurrent workers.
[Parallel(n_jobs=22)]: Done   2 out of  22 | elapsed:   42.5s remaining:  7.1min
[Parallel(n_jobs=22)]: Done  22 out of  22 | elapsed:   50.7s finished
5 svm /data/paper4/test/0.csv
[Parallel(n_jobs=22)]: Using backend LokyBackend with 22 concurrent workers.
[Parallel(n_jobs=22)]: Done   2 out of  22 | elapsed:   42.6s remaining:  7.1min
[Parallel(n_jobs=22)]: Done  22 out of  22 | elapsed:   50.9s finished
5 svm /data/paper4/test/2.csv
[Parallel(n_jobs=22)]: Using backend LokyBackend with 22 concurrent workers.
[Parallel(n_jobs=22)]: Done   2 out of  22 | elapsed:   43.8s remaining:  7.3min
[Parallel(n_jobs=22)]: Done  22 out of  22 | elapsed:   52.7s finished
5 svm /data/paper4/test/5.csv
[Parallel(n_jobs=22)]: Using backend LokyBackend with 22 concurrent workers.
[Parallel(n_jobs=22)]: Done   2 out of  22 | elapsed:   43.6s remaining:  7.3min
[Parallel(n_jobs=22)]: Done  22 out of  22 | elapsed:   51.7s finished
5 svm /data/paper4/test/8.csv
[Parallel(n_jobs=22)]: Using backend LokyBackend with 22 concurrent workers.
[Parallel(n_jobs=22)]: Done   2 out of  22 | elapsed:   45.3s remaining:  7.6min
[Parallel(n_jobs=22)]: Done  22 out of  22 | elapsed:   53.8s finished
5 svm /data/paper4/test/7.csv
[Parallel(n_jobs=22)]: Using backend LokyBackend with 22 concurrent workers.
[Parallel(n_jobs=22)]: Done   2 out of  22 | elapsed:   46.7s remaining:  7.8min
[Parallel(n_jobs=22)]: Done  22 out of  22 | elapsed:   54.8s finished
5 svm /data/paper4/test/1.csv
[Parallel(n_jobs=22)]: Using backend LokyBackend with 22 concurrent workers.
[Parallel(n_jobs=22)]: Done   2 out of  22 | elapsed:   48.3s remaining:  8.0min
[Parallel(n_jobs=22)]: Done  22 out of  22 | elapsed:   58.0s finished
5 svm /data/paper4/test/4.csv
[Parallel(n_jobs=22)]: Using backend LokyBackend with 22 concurrent workers.
[Parallel(n_jobs=22)]: Done   2 out of  22 | elapsed:   41.6s remaining:  6.9min
[Parallel(n_jobs=22)]: Done  22 out of  22 | elapsed:   49.7s finished
5 svm /data/paper4/test/6.csv
[Parallel(n_jobs=22)]: Using backend LokyBackend with 22 concurrent workers.
[Parallel(n_jobs=22)]: Done   2 out of  22 | elapsed:   47.0s remaining:  7.8min
[Parallel(n_jobs=22)]: Done  22 out of  22 | elapsed:   56.2s finished
bayes
Checking whether there is an H2O instance running at http://localhost:54321 . connected.
Warning: Your H2O cluster version is too old (5 months and 11 days)!Please download and install the latest version from http://h2o.ai/download/
--------------------------  ------------------------------------------------------------------
H2O_cluster_uptime:         2 days 19 hours 22 mins
H2O_cluster_timezone:       Asia/Shanghai
H2O_data_parsing_timezone:  UTC
H2O_cluster_version:        3.34.0.3
H2O_cluster_version_age:    5 months and 11 days !!!
H2O_cluster_name:           H2O_from_python_root_ijoqmh
H2O_cluster_total_nodes:    1
H2O_cluster_free_memory:    16.75 Gb
H2O_cluster_total_cores:    20
H2O_cluster_allowed_cores:  20
H2O_cluster_status:         locked, healthy
H2O_connection_url:         http://localhost:54321
H2O_connection_proxy:       {"http": null, "https": null}
H2O_internal_security:      False
H2O_API_Extensions:         Amazon S3, XGBoost, Algos, AutoML, Core V3, TargetEncoder, Core V4
Python_version:             3.8.10 final
--------------------------  ------------------------------------------------------------------
loading  bayes /data/paper4/model//5/bayes/NaiveBayes_model_python_1647354051846_1924
loading  glm /data/paper4/model//5/glm/GLM_model_python_1647354051846_1928
loading  rf /data/paper4/model//5/rf/DRF_model_python_1647354051846_1945
loading  gbm /data/paper4/model//5/gbm/GBM_model_python_1647354051846_2107
loading  xgboost /data/paper4/model//5/xgboost/XGBoost_model_python_1647361848945_887
loading  deeplearn /data/paper4/model//5/deeplearn/DeepLearning_model_python_1647354051846_2394
5 bayes /data/paper4/test/3.csv
Parse progress: |████████████████████████████████████████████████████████████████| (done) 100%
naivebayes prediction progress: |████████████████████████████████████████████████| (done) 100%
glm prediction progress: |███████████████████████████████████████████████████████| (done) 100%
drf prediction progress: |███████████████████████████████████████████████████████| (done) 100%
gbm prediction progress: |███████████████████████████████████████████████████████| (done) 100%
xgboost prediction progress: |███████████████████████████████████████████████████| (done) 100%
deeplearning prediction progress: |██████████████████████████████████████████████| (done) 100%
5 bayes /data/paper4/test/0.csv
Parse progress: |████████████████████████████████████████████████████████████████| (done) 100%
naivebayes prediction progress: |████████████████████████████████████████████████| (done) 100%
glm prediction progress: |███████████████████████████████████████████████████████| (done) 100%
drf prediction progress: |███████████████████████████████████████████████████████| (done) 100%
gbm prediction progress: |███████████████████████████████████████████████████████| (done) 100%
xgboost prediction progress: |███████████████████████████████████████████████████| (done) 100%
deeplearning prediction progress: |██████████████████████████████████████████████| (done) 100%
5 bayes /data/paper4/test/2.csv
Parse progress: |████████████████████████████████████████████████████████████████| (done) 100%
naivebayes prediction progress: |████████████████████████████████████████████████| (done) 100%
glm prediction progress: |███████████████████████████████████████████████████████| (done) 100%
drf prediction progress: |███████████████████████████████████████████████████████| (done) 100%
gbm prediction progress: |███████████████████████████████████████████████████████| (done) 100%
xgboost prediction progress: |███████████████████████████████████████████████████| (done) 100%
deeplearning prediction progress: |██████████████████████████████████████████████| (done) 100%
5 bayes /data/paper4/test/5.csv
Parse progress: |████████████████████████████████████████████████████████████████| (done) 100%
naivebayes prediction progress: |████████████████████████████████████████████████| (done) 100%
glm prediction progress: |███████████████████████████████████████████████████████| (done) 100%
drf prediction progress: |███████████████████████████████████████████████████████| (done) 100%
gbm prediction progress: |███████████████████████████████████████████████████████| (done) 100%
xgboost prediction progress: |███████████████████████████████████████████████████| (done) 100%
deeplearning prediction progress: |██████████████████████████████████████████████| (done) 100%
5 bayes /data/paper4/test/8.csv
Parse progress: |████████████████████████████████████████████████████████████████| (done) 100%
naivebayes prediction progress: |████████████████████████████████████████████████| (done) 100%
glm prediction progress: |███████████████████████████████████████████████████████| (done) 100%
drf prediction progress: |███████████████████████████████████████████████████████| (done) 100%
gbm prediction progress: |███████████████████████████████████████████████████████| (done) 100%
xgboost prediction progress: |███████████████████████████████████████████████████| (done) 100%
deeplearning prediction progress: |██████████████████████████████████████████████| (done) 100%
5 bayes /data/paper4/test/7.csv
Parse progress: |████████████████████████████████████████████████████████████████| (done) 100%
naivebayes prediction progress: |████████████████████████████████████████████████| (done) 100%
glm prediction progress: |███████████████████████████████████████████████████████| (done) 100%
drf prediction progress: |███████████████████████████████████████████████████████| (done) 100%
gbm prediction progress: |███████████████████████████████████████████████████████| (done) 100%
xgboost prediction progress: |███████████████████████████████████████████████████| (done) 100%
deeplearning prediction progress: |██████████████████████████████████████████████| (done) 100%
5 bayes /data/paper4/test/1.csv
Parse progress: |████████████████████████████████████████████████████████████████| (done) 100%
naivebayes prediction progress: |████████████████████████████████████████████████| (done) 100%
glm prediction progress: |███████████████████████████████████████████████████████| (done) 100%
drf prediction progress: |███████████████████████████████████████████████████████| (done) 100%
gbm prediction progress: |███████████████████████████████████████████████████████| (done) 100%
xgboost prediction progress: |███████████████████████████████████████████████████| (done) 100%
deeplearning prediction progress: |██████████████████████████████████████████████| (done) 100%
5 bayes /data/paper4/test/4.csv
Parse progress: |████████████████████████████████████████████████████████████████| (done) 100%
naivebayes prediction progress: |████████████████████████████████████████████████| (done) 100%
glm prediction progress: |███████████████████████████████████████████████████████| (done) 100%
drf prediction progress: |███████████████████████████████████████████████████████| (done) 100%
gbm prediction progress: |███████████████████████████████████████████████████████| (done) 100%
xgboost prediction progress: |███████████████████████████████████████████████████| (done) 100%
deeplearning prediction progress: |██████████████████████████████████████████████| (done) 100%
5 bayes /data/paper4/test/6.csv
Parse progress: |████████████████████████████████████████████████████████████████| (done) 100%
naivebayes prediction progress: |████████████████████████████████████████████████| (done) 100%
glm prediction progress: |███████████████████████████████████████████████████████| (done) 100%
drf prediction progress: |███████████████████████████████████████████████████████| (done) 100%
gbm prediction progress: |███████████████████████████████████████████████████████| (done) 100%
xgboost prediction progress: |███████████████████████████████████████████████████| (done) 100%
deeplearning prediction progress: |██████████████████████████████████████████████| (done) 100%
rf
Checking whether there is an H2O instance running at http://localhost:54321 . connected.
Warning: Your H2O cluster version is too old (5 months and 11 days)!Please download and install the latest version from http://h2o.ai/download/
--------------------------  ------------------------------------------------------------------
H2O_cluster_uptime:         2 days 19 hours 22 mins
H2O_cluster_timezone:       Asia/Shanghai
H2O_data_parsing_timezone:  UTC
H2O_cluster_version:        3.34.0.3
H2O_cluster_version_age:    5 months and 11 days !!!
H2O_cluster_name:           H2O_from_python_root_ijoqmh
H2O_cluster_total_nodes:    1
H2O_cluster_free_memory:    16.69 Gb
H2O_cluster_total_cores:    20
H2O_cluster_allowed_cores:  20
H2O_cluster_status:         locked, healthy
H2O_connection_url:         http://localhost:54321
H2O_connection_proxy:       {"http": null, "https": null}
H2O_internal_security:      False
H2O_API_Extensions:         Amazon S3, XGBoost, Algos, AutoML, Core V3, TargetEncoder, Core V4
Python_version:             3.8.10 final
--------------------------  ------------------------------------------------------------------
loading  bayes /data/paper4/model//5/bayes/NaiveBayes_model_python_1647354051846_1924
loading  glm /data/paper4/model//5/glm/GLM_model_python_1647354051846_1928
loading  rf /data/paper4/model//5/rf/DRF_model_python_1647354051846_1945
loading  gbm /data/paper4/model//5/gbm/GBM_model_python_1647354051846_2107
loading  xgboost /data/paper4/model//5/xgboost/XGBoost_model_python_1647361848945_887
loading  deeplearn /data/paper4/model//5/deeplearn/DeepLearning_model_python_1647354051846_2394
5 rf /data/paper4/test/3.csv
Parse progress: |████████████████████████████████████████████████████████████████| (done) 100%
naivebayes prediction progress: |████████████████████████████████████████████████| (done) 100%
glm prediction progress: |███████████████████████████████████████████████████████| (done) 100%
drf prediction progress: |███████████████████████████████████████████████████████| (done) 100%
gbm prediction progress: |███████████████████████████████████████████████████████| (done) 100%
xgboost prediction progress: |███████████████████████████████████████████████████| (done) 100%
deeplearning prediction progress: |██████████████████████████████████████████████| (done) 100%
5 rf /data/paper4/test/0.csv
Parse progress: |████████████████████████████████████████████████████████████████| (done) 100%
naivebayes prediction progress: |████████████████████████████████████████████████| (done) 100%
glm prediction progress: |███████████████████████████████████████████████████████| (done) 100%
drf prediction progress: |███████████████████████████████████████████████████████| (done) 100%
gbm prediction progress: |███████████████████████████████████████████████████████| (done) 100%
xgboost prediction progress: |███████████████████████████████████████████████████| (done) 100%
deeplearning prediction progress: |██████████████████████████████████████████████| (done) 100%
5 rf /data/paper4/test/2.csv
Parse progress: |████████████████████████████████████████████████████████████████| (done) 100%
naivebayes prediction progress: |████████████████████████████████████████████████| (done) 100%
glm prediction progress: |███████████████████████████████████████████████████████| (done) 100%
drf prediction progress: |███████████████████████████████████████████████████████| (done) 100%
gbm prediction progress: |███████████████████████████████████████████████████████| (done) 100%
xgboost prediction progress: |███████████████████████████████████████████████████| (done) 100%
deeplearning prediction progress: |██████████████████████████████████████████████| (done) 100%
5 rf /data/paper4/test/5.csv
Parse progress: |████████████████████████████████████████████████████████████████| (done) 100%
naivebayes prediction progress: |████████████████████████████████████████████████| (done) 100%
glm prediction progress: |███████████████████████████████████████████████████████| (done) 100%
drf prediction progress: |███████████████████████████████████████████████████████| (done) 100%
gbm prediction progress: |███████████████████████████████████████████████████████| (done) 100%
xgboost prediction progress: |███████████████████████████████████████████████████| (done) 100%
deeplearning prediction progress: |██████████████████████████████████████████████| (done) 100%
5 rf /data/paper4/test/8.csv
Parse progress: |████████████████████████████████████████████████████████████████| (done) 100%
naivebayes prediction progress: |████████████████████████████████████████████████| (done) 100%
glm prediction progress: |███████████████████████████████████████████████████████| (done) 100%
drf prediction progress: |███████████████████████████████████████████████████████| (done) 100%
gbm prediction progress: |███████████████████████████████████████████████████████| (done) 100%
xgboost prediction progress: |███████████████████████████████████████████████████| (done) 100%
deeplearning prediction progress: |██████████████████████████████████████████████| (done) 100%
5 rf /data/paper4/test/7.csv
Parse progress: |████████████████████████████████████████████████████████████████| (done) 100%
naivebayes prediction progress: |████████████████████████████████████████████████| (done) 100%
glm prediction progress: |███████████████████████████████████████████████████████| (done) 100%
drf prediction progress: |███████████████████████████████████████████████████████| (done) 100%
gbm prediction progress: |███████████████████████████████████████████████████████| (done) 100%
xgboost prediction progress: |███████████████████████████████████████████████████| (done) 100%
deeplearning prediction progress: |██████████████████████████████████████████████| (done) 100%
5 rf /data/paper4/test/1.csv
Parse progress: |████████████████████████████████████████████████████████████████| (done) 100%
naivebayes prediction progress: |████████████████████████████████████████████████| (done) 100%
glm prediction progress: |███████████████████████████████████████████████████████| (done) 100%
drf prediction progress: |███████████████████████████████████████████████████████| (done) 100%
gbm prediction progress: |███████████████████████████████████████████████████████| (done) 100%
xgboost prediction progress: |███████████████████████████████████████████████████| (done) 100%
deeplearning prediction progress: |██████████████████████████████████████████████| (done) 100%
5 rf /data/paper4/test/4.csv
Parse progress: |████████████████████████████████████████████████████████████████| (done) 100%
naivebayes prediction progress: |████████████████████████████████████████████████| (done) 100%
glm prediction progress: |███████████████████████████████████████████████████████| (done) 100%
drf prediction progress: |███████████████████████████████████████████████████████| (done) 100%
gbm prediction progress: |███████████████████████████████████████████████████████| (done) 100%
xgboost prediction progress: |███████████████████████████████████████████████████| (done) 100%
deeplearning prediction progress: |██████████████████████████████████████████████| (done) 100%
5 rf /data/paper4/test/6.csv
Parse progress: |████████████████████████████████████████████████████████████████| (done) 100%
naivebayes prediction progress: |████████████████████████████████████████████████| (done) 100%
glm prediction progress: |███████████████████████████████████████████████████████| (done) 100%
drf prediction progress: |███████████████████████████████████████████████████████| (done) 100%
gbm prediction progress: |███████████████████████████████████████████████████████| (done) 100%
xgboost prediction progress: |███████████████████████████████████████████████████| (done) 100%
deeplearning prediction progress: |██████████████████████████████████████████████| (done) 100%
glm
Checking whether there is an H2O instance running at http://localhost:54321 . connected.
Warning: Your H2O cluster version is too old (5 months and 11 days)!Please download and install the latest version from http://h2o.ai/download/
--------------------------  ------------------------------------------------------------------
H2O_cluster_uptime:         2 days 19 hours 23 mins
H2O_cluster_timezone:       Asia/Shanghai
H2O_data_parsing_timezone:  UTC
H2O_cluster_version:        3.34.0.3
H2O_cluster_version_age:    5 months and 11 days !!!
H2O_cluster_name:           H2O_from_python_root_ijoqmh
H2O_cluster_total_nodes:    1
H2O_cluster_free_memory:    16.63 Gb
H2O_cluster_total_cores:    20
H2O_cluster_allowed_cores:  20
H2O_cluster_status:         locked, healthy
H2O_connection_url:         http://localhost:54321
H2O_connection_proxy:       {"http": null, "https": null}
H2O_internal_security:      False
H2O_API_Extensions:         Amazon S3, XGBoost, Algos, AutoML, Core V3, TargetEncoder, Core V4
Python_version:             3.8.10 final
--------------------------  ------------------------------------------------------------------
loading  bayes /data/paper4/model//0/bayes/NaiveBayes_model_python_1647354051846_602
loading  glm /data/paper4/model//0/glm/GLM_model_python_1647354051846_606
loading  rf /data/paper4/model//0/rf/DRF_model_python_1647354051846_623
loading  gbm /data/paper4/model//0/gbm/GBM_model_python_1647354051846_791
loading  xgboost /data/paper4/model//0/xgboost/XGBoost_model_python_1647361848945_421
loading  deeplearn /data/paper4/model//0/deeplearn/DeepLearning_model_python_1647354051846_1122
0 glm /data/paper4/test/3.csv
Parse progress: |████████████████████████████████████████████████████████████████| (done) 100%
naivebayes prediction progress: |████████████████████████████████████████████████| (done) 100%
glm prediction progress: |███████████████████████████████████████████████████████| (done) 100%
drf prediction progress: |███████████████████████████████████████████████████████| (done) 100%
gbm prediction progress: |███████████████████████████████████████████████████████| (done) 100%
xgboost prediction progress: |███████████████████████████████████████████████████| (done) 100%
deeplearning prediction progress: |██████████████████████████████████████████████| (done) 100%
0 glm /data/paper4/test/0.csv
Parse progress: |████████████████████████████████████████████████████████████████| (done) 100%
naivebayes prediction progress: |████████████████████████████████████████████████| (done) 100%
glm prediction progress: |███████████████████████████████████████████████████████| (done) 100%
drf prediction progress: |███████████████████████████████████████████████████████| (done) 100%
gbm prediction progress: |███████████████████████████████████████████████████████| (done) 100%
xgboost prediction progress: |███████████████████████████████████████████████████| (done) 100%
deeplearning prediction progress: |██████████████████████████████████████████████| (done) 100%
0 glm /data/paper4/test/2.csv
Parse progress: |████████████████████████████████████████████████████████████████| (done) 100%
naivebayes prediction progress: |████████████████████████████████████████████████| (done) 100%
glm prediction progress: |███████████████████████████████████████████████████████| (done) 100%
drf prediction progress: |███████████████████████████████████████████████████████| (done) 100%
gbm prediction progress: |███████████████████████████████████████████████████████| (done) 100%
xgboost prediction progress: |███████████████████████████████████████████████████| (done) 100%
deeplearning prediction progress: |██████████████████████████████████████████████| (done) 100%
0 glm /data/paper4/test/5.csv
Parse progress: |████████████████████████████████████████████████████████████████| (done) 100%
naivebayes prediction progress: |████████████████████████████████████████████████| (done) 100%
glm prediction progress: |███████████████████████████████████████████████████████| (done) 100%
drf prediction progress: |███████████████████████████████████████████████████████| (done) 100%
gbm prediction progress: |███████████████████████████████████████████████████████| (done) 100%
xgboost prediction progress: |███████████████████████████████████████████████████| (done) 100%
deeplearning prediction progress: |██████████████████████████████████████████████| (done) 100%
0 glm /data/paper4/test/8.csv
Parse progress: |████████████████████████████████████████████████████████████████| (done) 100%
naivebayes prediction progress: |████████████████████████████████████████████████| (done) 100%
glm prediction progress: |███████████████████████████████████████████████████████| (done) 100%
drf prediction progress: |███████████████████████████████████████████████████████| (done) 100%
gbm prediction progress: |███████████████████████████████████████████████████████| (done) 100%
xgboost prediction progress: |███████████████████████████████████████████████████| (done) 100%
deeplearning prediction progress: |██████████████████████████████████████████████| (done) 100%
0 glm /data/paper4/test/7.csv
Parse progress: |████████████████████████████████████████████████████████████████| (done) 100%
naivebayes prediction progress: |████████████████████████████████████████████████| (done) 100%
glm prediction progress: |███████████████████████████████████████████████████████| (done) 100%
drf prediction progress: |███████████████████████████████████████████████████████| (done) 100%
gbm prediction progress: |███████████████████████████████████████████████████████| (done) 100%
xgboost prediction progress: |███████████████████████████████████████████████████| (done) 100%
deeplearning prediction progress: |██████████████████████████████████████████████| (done) 100%
0 glm /data/paper4/test/1.csv
Parse progress: |████████████████████████████████████████████████████████████████| (done) 100%
naivebayes prediction progress: |████████████████████████████████████████████████| (done) 100%
glm prediction progress: |███████████████████████████████████████████████████████| (done) 100%
drf prediction progress: |███████████████████████████████████████████████████████| (done) 100%
gbm prediction progress: |███████████████████████████████████████████████████████| (done) 100%
xgboost prediction progress: |███████████████████████████████████████████████████| (done) 100%
deeplearning prediction progress: |██████████████████████████████████████████████| (done) 100%
0 glm /data/paper4/test/4.csv
Parse progress: |████████████████████████████████████████████████████████████████| (done) 100%
naivebayes prediction progress: |████████████████████████████████████████████████| (done) 100%
glm prediction progress: |███████████████████████████████████████████████████████| (done) 100%
drf prediction progress: |███████████████████████████████████████████████████████| (done) 100%
gbm prediction progress: |███████████████████████████████████████████████████████| (done) 100%
xgboost prediction progress: |███████████████████████████████████████████████████| (done) 100%
deeplearning prediction progress: |██████████████████████████████████████████████| (done) 100%
0 glm /data/paper4/test/6.csv
Parse progress: |████████████████████████████████████████████████████████████████| (done) 100%
naivebayes prediction progress: |████████████████████████████████████████████████| (done) 100%
glm prediction progress: |███████████████████████████████████████████████████████| (done) 100%
drf prediction progress: |███████████████████████████████████████████████████████| (done) 100%
gbm prediction progress: |███████████████████████████████████████████████████████| (done) 100%
xgboost prediction progress: |███████████████████████████████████████████████████| (done) 100%
deeplearning prediction progress: |██████████████████████████████████████████████| (done) 100%
deeplearn
Checking whether there is an H2O instance running at http://localhost:54321 . connected.
Warning: Your H2O cluster version is too old (5 months and 11 days)!Please download and install the latest version from http://h2o.ai/download/
--------------------------  ------------------------------------------------------------------
H2O_cluster_uptime:         2 days 19 hours 23 mins
H2O_cluster_timezone:       Asia/Shanghai
H2O_data_parsing_timezone:  UTC
H2O_cluster_version:        3.34.0.3
H2O_cluster_version_age:    5 months and 11 days !!!
H2O_cluster_name:           H2O_from_python_root_ijoqmh
H2O_cluster_total_nodes:    1
H2O_cluster_free_memory:    16.57 Gb
H2O_cluster_total_cores:    20
H2O_cluster_allowed_cores:  20
H2O_cluster_status:         locked, healthy
H2O_connection_url:         http://localhost:54321
H2O_connection_proxy:       {"http": null, "https": null}
H2O_internal_security:      False
H2O_API_Extensions:         Amazon S3, XGBoost, Algos, AutoML, Core V3, TargetEncoder, Core V4
Python_version:             3.8.10 final
--------------------------  ------------------------------------------------------------------
loading  bayes /data/paper4/model//0/bayes/NaiveBayes_model_python_1647354051846_602
loading  glm /data/paper4/model//0/glm/GLM_model_python_1647354051846_606
loading  rf /data/paper4/model//0/rf/DRF_model_python_1647354051846_623
loading  gbm /data/paper4/model//0/gbm/GBM_model_python_1647354051846_791
loading  xgboost /data/paper4/model//0/xgboost/XGBoost_model_python_1647361848945_421
loading  deeplearn /data/paper4/model//0/deeplearn/DeepLearning_model_python_1647354051846_1122
0 deeplearn /data/paper4/test/3.csv
Parse progress: |████████████████████████████████████████████████████████████████| (done) 100%
naivebayes prediction progress: |████████████████████████████████████████████████| (done) 100%
glm prediction progress: |███████████████████████████████████████████████████████| (done) 100%
drf prediction progress: |███████████████████████████████████████████████████████| (done) 100%
gbm prediction progress: |███████████████████████████████████████████████████████| (done) 100%
xgboost prediction progress: |███████████████████████████████████████████████████| (done) 100%
deeplearning prediction progress: |██████████████████████████████████████████████| (done) 100%
0 deeplearn /data/paper4/test/0.csv
Parse progress: |████████████████████████████████████████████████████████████████| (done) 100%
naivebayes prediction progress: |████████████████████████████████████████████████| (done) 100%
glm prediction progress: |███████████████████████████████████████████████████████| (done) 100%
drf prediction progress: |███████████████████████████████████████████████████████| (done) 100%
gbm prediction progress: |███████████████████████████████████████████████████████| (done) 100%
xgboost prediction progress: |███████████████████████████████████████████████████| (done) 100%
deeplearning prediction progress: |██████████████████████████████████████████████| (done) 100%
0 deeplearn /data/paper4/test/2.csv
Parse progress: |████████████████████████████████████████████████████████████████| (done) 100%
naivebayes prediction progress: |████████████████████████████████████████████████| (done) 100%
glm prediction progress: |███████████████████████████████████████████████████████| (done) 100%
drf prediction progress: |███████████████████████████████████████████████████████| (done) 100%
gbm prediction progress: |███████████████████████████████████████████████████████| (done) 100%
xgboost prediction progress: |███████████████████████████████████████████████████| (done) 100%
deeplearning prediction progress: |██████████████████████████████████████████████| (done) 100%
0 deeplearn /data/paper4/test/5.csv
Parse progress: |████████████████████████████████████████████████████████████████| (done) 100%
naivebayes prediction progress: |████████████████████████████████████████████████| (done) 100%
glm prediction progress: |███████████████████████████████████████████████████████| (done) 100%
drf prediction progress: |███████████████████████████████████████████████████████| (done) 100%
gbm prediction progress: |███████████████████████████████████████████████████████| (done) 100%
xgboost prediction progress: |███████████████████████████████████████████████████| (done) 100%
deeplearning prediction progress: |██████████████████████████████████████████████| (done) 100%
0 deeplearn /data/paper4/test/8.csv
Parse progress: |████████████████████████████████████████████████████████████████| (done) 100%
naivebayes prediction progress: |████████████████████████████████████████████████| (done) 100%
glm prediction progress: |███████████████████████████████████████████████████████| (done) 100%
drf prediction progress: |███████████████████████████████████████████████████████| (done) 100%
gbm prediction progress: |███████████████████████████████████████████████████████| (done) 100%
xgboost prediction progress: |███████████████████████████████████████████████████| (done) 100%
deeplearning prediction progress: |██████████████████████████████████████████████| (done) 100%
0 deeplearn /data/paper4/test/7.csv
Parse progress: |████████████████████████████████████████████████████████████████| (done) 100%
naivebayes prediction progress: |████████████████████████████████████████████████| (done) 100%
glm prediction progress: |███████████████████████████████████████████████████████| (done) 100%
drf prediction progress: |███████████████████████████████████████████████████████| (done) 100%
gbm prediction progress: |███████████████████████████████████████████████████████| (done) 100%
xgboost prediction progress: |███████████████████████████████████████████████████| (done) 100%
deeplearning prediction progress: |██████████████████████████████████████████████| (done) 100%
0 deeplearn /data/paper4/test/1.csv
Parse progress: |████████████████████████████████████████████████████████████████| (done) 100%
naivebayes prediction progress: |████████████████████████████████████████████████| (done) 100%
glm prediction progress: |███████████████████████████████████████████████████████| (done) 100%
drf prediction progress: |███████████████████████████████████████████████████████| (done) 100%
gbm prediction progress: |███████████████████████████████████████████████████████| (done) 100%
xgboost prediction progress: |███████████████████████████████████████████████████| (done) 100%
deeplearning prediction progress: |██████████████████████████████████████████████| (done) 100%
0 deeplearn /data/paper4/test/4.csv
Parse progress: |████████████████████████████████████████████████████████████████| (done) 100%
naivebayes prediction progress: |████████████████████████████████████████████████| (done) 100%
glm prediction progress: |███████████████████████████████████████████████████████| (done) 100%
drf prediction progress: |███████████████████████████████████████████████████████| (done) 100%
gbm prediction progress: |███████████████████████████████████████████████████████| (done) 100%
xgboost prediction progress: |███████████████████████████████████████████████████| (done) 100%
deeplearning prediction progress: |██████████████████████████████████████████████| (done) 100%
0 deeplearn /data/paper4/test/6.csv
Parse progress: |████████████████████████████████████████████████████████████████| (done) 100%
naivebayes prediction progress: |████████████████████████████████████████████████| (done) 100%
glm prediction progress: |███████████████████████████████████████████████████████| (done) 100%
drf prediction progress: |███████████████████████████████████████████████████████| (done) 100%
gbm prediction progress: |███████████████████████████████████████████████████████| (done) 100%
xgboost prediction progress: |███████████████████████████████████████████████████| (done) 100%
deeplearning prediction progress: |██████████████████████████████████████████████| (done) 100%
gbm
Checking whether there is an H2O instance running at http://localhost:54321 . connected.
Warning: Your H2O cluster version is too old (5 months and 11 days)!Please download and install the latest version from http://h2o.ai/download/
--------------------------  ------------------------------------------------------------------
H2O_cluster_uptime:         2 days 19 hours 24 mins
H2O_cluster_timezone:       Asia/Shanghai
H2O_data_parsing_timezone:  UTC
H2O_cluster_version:        3.34.0.3
H2O_cluster_version_age:    5 months and 11 days !!!
H2O_cluster_name:           H2O_from_python_root_ijoqmh
H2O_cluster_total_nodes:    1
H2O_cluster_free_memory:    16.51 Gb
H2O_cluster_total_cores:    20
H2O_cluster_allowed_cores:  20
H2O_cluster_status:         locked, healthy
H2O_connection_url:         http://localhost:54321
H2O_connection_proxy:       {"http": null, "https": null}
H2O_internal_security:      False
H2O_API_Extensions:         Amazon S3, XGBoost, Algos, AutoML, Core V3, TargetEncoder, Core V4
Python_version:             3.8.10 final
--------------------------  ------------------------------------------------------------------
loading  bayes /data/paper4/model//0/bayes/NaiveBayes_model_python_1647354051846_602
loading  glm /data/paper4/model//0/glm/GLM_model_python_1647354051846_606
loading  rf /data/paper4/model//0/rf/DRF_model_python_1647354051846_623
loading  gbm /data/paper4/model//0/gbm/GBM_model_python_1647354051846_791
loading  xgboost /data/paper4/model//0/xgboost/XGBoost_model_python_1647361848945_421
loading  deeplearn /data/paper4/model//0/deeplearn/DeepLearning_model_python_1647354051846_1122
0 gbm /data/paper4/test/3.csv
Parse progress: |████████████████████████████████████████████████████████████████| (done) 100%
naivebayes prediction progress: |████████████████████████████████████████████████| (done) 100%
glm prediction progress: |███████████████████████████████████████████████████████| (done) 100%
drf prediction progress: |███████████████████████████████████████████████████████| (done) 100%
gbm prediction progress: |███████████████████████████████████████████████████████| (done) 100%
xgboost prediction progress: |███████████████████████████████████████████████████| (done) 100%
deeplearning prediction progress: |██████████████████████████████████████████████| (done) 100%
0 gbm /data/paper4/test/0.csv
Parse progress: |████████████████████████████████████████████████████████████████| (done) 100%
naivebayes prediction progress: |████████████████████████████████████████████████| (done) 100%
glm prediction progress: |███████████████████████████████████████████████████████| (done) 100%
drf prediction progress: |███████████████████████████████████████████████████████| (done) 100%
gbm prediction progress: |███████████████████████████████████████████████████████| (done) 100%
xgboost prediction progress: |███████████████████████████████████████████████████| (done) 100%
deeplearning prediction progress: |██████████████████████████████████████████████| (done) 100%
0 gbm /data/paper4/test/2.csv
Parse progress: |████████████████████████████████████████████████████████████████| (done) 100%
naivebayes prediction progress: |████████████████████████████████████████████████| (done) 100%
glm prediction progress: |███████████████████████████████████████████████████████| (done) 100%
drf prediction progress: |███████████████████████████████████████████████████████| (done) 100%
gbm prediction progress: |███████████████████████████████████████████████████████| (done) 100%
xgboost prediction progress: |███████████████████████████████████████████████████| (done) 100%
deeplearning prediction progress: |██████████████████████████████████████████████| (done) 100%
0 gbm /data/paper4/test/5.csv
Parse progress: |████████████████████████████████████████████████████████████████| (done) 100%
naivebayes prediction progress: |████████████████████████████████████████████████| (done) 100%
glm prediction progress: |███████████████████████████████████████████████████████| (done) 100%
drf prediction progress: |███████████████████████████████████████████████████████| (done) 100%
gbm prediction progress: |███████████████████████████████████████████████████████| (done) 100%
xgboost prediction progress: |███████████████████████████████████████████████████| (done) 100%
deeplearning prediction progress: |██████████████████████████████████████████████| (done) 100%
0 gbm /data/paper4/test/8.csv
Parse progress: |████████████████████████████████████████████████████████████████| (done) 100%
naivebayes prediction progress: |████████████████████████████████████████████████| (done) 100%
glm prediction progress: |███████████████████████████████████████████████████████| (done) 100%
drf prediction progress: |███████████████████████████████████████████████████████| (done) 100%
gbm prediction progress: |███████████████████████████████████████████████████████| (done) 100%
xgboost prediction progress: |███████████████████████████████████████████████████| (done) 100%
deeplearning prediction progress: |██████████████████████████████████████████████| (done) 100%
0 gbm /data/paper4/test/7.csv
Parse progress: |████████████████████████████████████████████████████████████████| (done) 100%
naivebayes prediction progress: |████████████████████████████████████████████████| (done) 100%
glm prediction progress: |███████████████████████████████████████████████████████| (done) 100%
drf prediction progress: |███████████████████████████████████████████████████████| (done) 100%
gbm prediction progress: |███████████████████████████████████████████████████████| (done) 100%
xgboost prediction progress: |███████████████████████████████████████████████████| (done) 100%
deeplearning prediction progress: |██████████████████████████████████████████████| (done) 100%
0 gbm /data/paper4/test/1.csv
Parse progress: |████████████████████████████████████████████████████████████████| (done) 100%
naivebayes prediction progress: |████████████████████████████████████████████████| (done) 100%
glm prediction progress: |███████████████████████████████████████████████████████| (done) 100%
drf prediction progress: |███████████████████████████████████████████████████████| (done) 100%
gbm prediction progress: |███████████████████████████████████████████████████████| (done) 100%
xgboost prediction progress: |███████████████████████████████████████████████████| (done) 100%
deeplearning prediction progress: |██████████████████████████████████████████████| (done) 100%
0 gbm /data/paper4/test/4.csv
Parse progress: |████████████████████████████████████████████████████████████████| (done) 100%
naivebayes prediction progress: |████████████████████████████████████████████████| (done) 100%
glm prediction progress: |███████████████████████████████████████████████████████| (done) 100%
drf prediction progress: |███████████████████████████████████████████████████████| (done) 100%
gbm prediction progress: |███████████████████████████████████████████████████████| (done) 100%
xgboost prediction progress: |███████████████████████████████████████████████████| (done) 100%
deeplearning prediction progress: |██████████████████████████████████████████████| (done) 100%
0 gbm /data/paper4/test/6.csv
Parse progress: |████████████████████████████████████████████████████████████████| (done) 100%
naivebayes prediction progress: |████████████████████████████████████████████████| (done) 100%
glm prediction progress: |███████████████████████████████████████████████████████| (done) 100%
drf prediction progress: |███████████████████████████████████████████████████████| (done) 100%
gbm prediction progress: |███████████████████████████████████████████████████████| (done) 100%
xgboost prediction progress: |███████████████████████████████████████████████████| (done) 100%
deeplearning prediction progress: |██████████████████████████████████████████████| (done) 100%
cnn
0 cnn /data/paper4/test/3.csv
0 cnn /data/paper4/test/0.csv
0 cnn /data/paper4/test/2.csv
0 cnn /data/paper4/test/5.csv
0 cnn /data/paper4/test/8.csv
0 cnn /data/paper4/test/7.csv
0 cnn /data/paper4/test/1.csv
0 cnn /data/paper4/test/4.csv
0 cnn /data/paper4/test/6.csv
xgboost
Checking whether there is an H2O instance running at http://localhost:54321 . connected.
Warning: Your H2O cluster version is too old (5 months and 11 days)!Please download and install the latest version from http://h2o.ai/download/
--------------------------  ------------------------------------------------------------------
H2O_cluster_uptime:         2 days 19 hours 25 mins
H2O_cluster_timezone:       Asia/Shanghai
H2O_data_parsing_timezone:  UTC
H2O_cluster_version:        3.34.0.3
H2O_cluster_version_age:    5 months and 11 days !!!
H2O_cluster_name:           H2O_from_python_root_ijoqmh
H2O_cluster_total_nodes:    1
H2O_cluster_free_memory:    16.44 Gb
H2O_cluster_total_cores:    20
H2O_cluster_allowed_cores:  20
H2O_cluster_status:         locked, healthy
H2O_connection_url:         http://localhost:54321
H2O_connection_proxy:       {"http": null, "https": null}
H2O_internal_security:      False
H2O_API_Extensions:         Amazon S3, XGBoost, Algos, AutoML, Core V3, TargetEncoder, Core V4
Python_version:             3.8.10 final
--------------------------  ------------------------------------------------------------------
loading  bayes /data/paper4/model//0/bayes/NaiveBayes_model_python_1647354051846_602
loading  glm /data/paper4/model//0/glm/GLM_model_python_1647354051846_606
loading  rf /data/paper4/model//0/rf/DRF_model_python_1647354051846_623
loading  gbm /data/paper4/model//0/gbm/GBM_model_python_1647354051846_791
loading  xgboost /data/paper4/model//0/xgboost/XGBoost_model_python_1647361848945_421
loading  deeplearn /data/paper4/model//0/deeplearn/DeepLearning_model_python_1647354051846_1122
0 xgboost /data/paper4/test/3.csv
Parse progress: |████████████████████████████████████████████████████████████████| (done) 100%
naivebayes prediction progress: |████████████████████████████████████████████████| (done) 100%
glm prediction progress: |███████████████████████████████████████████████████████| (done) 100%
drf prediction progress: |███████████████████████████████████████████████████████| (done) 100%
gbm prediction progress: |███████████████████████████████████████████████████████| (done) 100%
xgboost prediction progress: |███████████████████████████████████████████████████| (done) 100%
deeplearning prediction progress: |██████████████████████████████████████████████| (done) 100%
0 xgboost /data/paper4/test/0.csv
Parse progress: |████████████████████████████████████████████████████████████████| (done) 100%
naivebayes prediction progress: |████████████████████████████████████████████████| (done) 100%
glm prediction progress: |███████████████████████████████████████████████████████| (done) 100%
drf prediction progress: |███████████████████████████████████████████████████████| (done) 100%
gbm prediction progress: |███████████████████████████████████████████████████████| (done) 100%
xgboost prediction progress: |███████████████████████████████████████████████████| (done) 100%
deeplearning prediction progress: |██████████████████████████████████████████████| (done) 100%
0 xgboost /data/paper4/test/2.csv
Parse progress: |████████████████████████████████████████████████████████████████| (done) 100%
naivebayes prediction progress: |████████████████████████████████████████████████| (done) 100%
glm prediction progress: |███████████████████████████████████████████████████████| (done) 100%
drf prediction progress: |███████████████████████████████████████████████████████| (done) 100%
gbm prediction progress: |███████████████████████████████████████████████████████| (done) 100%
xgboost prediction progress: |███████████████████████████████████████████████████| (done) 100%
deeplearning prediction progress: |██████████████████████████████████████████████| (done) 100%
0 xgboost /data/paper4/test/5.csv
Parse progress: |████████████████████████████████████████████████████████████████| (done) 100%
naivebayes prediction progress: |████████████████████████████████████████████████| (done) 100%
glm prediction progress: |███████████████████████████████████████████████████████| (done) 100%
drf prediction progress: |███████████████████████████████████████████████████████| (done) 100%
gbm prediction progress: |███████████████████████████████████████████████████████| (done) 100%
xgboost prediction progress: |███████████████████████████████████████████████████| (done) 100%
deeplearning prediction progress: |██████████████████████████████████████████████| (done) 100%
0 xgboost /data/paper4/test/8.csv
Parse progress: |████████████████████████████████████████████████████████████████| (done) 100%
naivebayes prediction progress: |████████████████████████████████████████████████| (done) 100%
glm prediction progress: |███████████████████████████████████████████████████████| (done) 100%
drf prediction progress: |███████████████████████████████████████████████████████| (done) 100%
gbm prediction progress: |███████████████████████████████████████████████████████| (done) 100%
xgboost prediction progress: |███████████████████████████████████████████████████| (done) 100%
deeplearning prediction progress: |██████████████████████████████████████████████| (done) 100%
0 xgboost /data/paper4/test/7.csv
Parse progress: |████████████████████████████████████████████████████████████████| (done) 100%
naivebayes prediction progress: |████████████████████████████████████████████████| (done) 100%
glm prediction progress: |███████████████████████████████████████████████████████| (done) 100%
drf prediction progress: |███████████████████████████████████████████████████████| (done) 100%
gbm prediction progress: |███████████████████████████████████████████████████████| (done) 100%
xgboost prediction progress: |███████████████████████████████████████████████████| (done) 100%
deeplearning prediction progress: |██████████████████████████████████████████████| (done) 100%
0 xgboost /data/paper4/test/1.csv
Parse progress: |████████████████████████████████████████████████████████████████| (done) 100%
naivebayes prediction progress: |████████████████████████████████████████████████| (done) 100%
glm prediction progress: |███████████████████████████████████████████████████████| (done) 100%
drf prediction progress: |███████████████████████████████████████████████████████| (done) 100%
gbm prediction progress: |███████████████████████████████████████████████████████| (done) 100%
xgboost prediction progress: |███████████████████████████████████████████████████| (done) 100%
deeplearning prediction progress: |██████████████████████████████████████████████| (done) 100%
0 xgboost /data/paper4/test/4.csv
Parse progress: |████████████████████████████████████████████████████████████████| (done) 100%
naivebayes prediction progress: |████████████████████████████████████████████████| (done) 100%
glm prediction progress: |███████████████████████████████████████████████████████| (done) 100%
drf prediction progress: |███████████████████████████████████████████████████████| (done) 100%
gbm prediction progress: |███████████████████████████████████████████████████████| (done) 100%
xgboost prediction progress: |███████████████████████████████████████████████████| (done) 100%
deeplearning prediction progress: |██████████████████████████████████████████████| (done) 100%
0 xgboost /data/paper4/test/6.csv
Parse progress: |████████████████████████████████████████████████████████████████| (done) 100%
naivebayes prediction progress: |████████████████████████████████████████████████| (done) 100%
glm prediction progress: |███████████████████████████████████████████████████████| (done) 100%
drf prediction progress: |███████████████████████████████████████████████████████| (done) 100%
gbm prediction progress: |███████████████████████████████████████████████████████| (done) 100%
xgboost prediction progress: |███████████████████████████████████████████████████| (done) 100%
deeplearning prediction progress: |██████████████████████████████████████████████| (done) 100%
svm
SVM /data/paper4/model/0/svm/sklearn_model_python_svm.pkl
0 svm /data/paper4/test/3.csv
[Parallel(n_jobs=22)]: Using backend LokyBackend with 22 concurrent workers.
[Parallel(n_jobs=22)]: Done   2 out of  22 | elapsed:   34.2s remaining:  5.7min
[Parallel(n_jobs=22)]: Done  22 out of  22 | elapsed:   41.1s finished
0 svm /data/paper4/test/0.csv
[Parallel(n_jobs=22)]: Using backend LokyBackend with 22 concurrent workers.
[Parallel(n_jobs=22)]: Done   2 out of  22 | elapsed:   34.7s remaining:  5.8min
[Parallel(n_jobs=22)]: Done  22 out of  22 | elapsed:   40.9s finished
0 svm /data/paper4/test/2.csv
[Parallel(n_jobs=22)]: Using backend LokyBackend with 22 concurrent workers.
[Parallel(n_jobs=22)]: Done   2 out of  22 | elapsed:   36.7s remaining:  6.1min
[Parallel(n_jobs=22)]: Done  22 out of  22 | elapsed:   43.1s finished
0 svm /data/paper4/test/5.csv
[Parallel(n_jobs=22)]: Using backend LokyBackend with 22 concurrent workers.
[Parallel(n_jobs=22)]: Done   2 out of  22 | elapsed:   36.5s remaining:  6.1min
[Parallel(n_jobs=22)]: Done  22 out of  22 | elapsed:   43.1s finished
0 svm /data/paper4/test/8.csv
[Parallel(n_jobs=22)]: Using backend LokyBackend with 22 concurrent workers.
[Parallel(n_jobs=22)]: Done   2 out of  22 | elapsed:   36.2s remaining:  6.0min
[Parallel(n_jobs=22)]: Done  22 out of  22 | elapsed:   43.7s finished
0 svm /data/paper4/test/7.csv
[Parallel(n_jobs=22)]: Using backend LokyBackend with 22 concurrent workers.
[Parallel(n_jobs=22)]: Done   2 out of  22 | elapsed:   36.5s remaining:  6.1min
[Parallel(n_jobs=22)]: Done  22 out of  22 | elapsed:   44.1s finished
0 svm /data/paper4/test/1.csv
[Parallel(n_jobs=22)]: Using backend LokyBackend with 22 concurrent workers.
[Parallel(n_jobs=22)]: Done   2 out of  22 | elapsed:   39.1s remaining:  6.5min
[Parallel(n_jobs=22)]: Done  22 out of  22 | elapsed:   46.5s finished
0 svm /data/paper4/test/4.csv
[Parallel(n_jobs=22)]: Using backend LokyBackend with 22 concurrent workers.
[Parallel(n_jobs=22)]: Done   2 out of  22 | elapsed:   33.7s remaining:  5.6min
[Parallel(n_jobs=22)]: Done  22 out of  22 | elapsed:   40.2s finished
0 svm /data/paper4/test/6.csv
[Parallel(n_jobs=22)]: Using backend LokyBackend with 22 concurrent workers.
[Parallel(n_jobs=22)]: Done   2 out of  22 | elapsed:   38.1s remaining:  6.3min
[Parallel(n_jobs=22)]: Done  22 out of  22 | elapsed:   45.7s finished
bayes
Checking whether there is an H2O instance running at http://localhost:54321 . connected.
Warning: Your H2O cluster version is too old (5 months and 11 days)!Please download and install the latest version from http://h2o.ai/download/
--------------------------  ------------------------------------------------------------------
H2O_cluster_uptime:         2 days 19 hours 32 mins
H2O_cluster_timezone:       Asia/Shanghai
H2O_data_parsing_timezone:  UTC
H2O_cluster_version:        3.34.0.3
H2O_cluster_version_age:    5 months and 11 days !!!
H2O_cluster_name:           H2O_from_python_root_ijoqmh
H2O_cluster_total_nodes:    1
H2O_cluster_free_memory:    16.39 Gb
H2O_cluster_total_cores:    20
H2O_cluster_allowed_cores:  20
H2O_cluster_status:         locked, healthy
H2O_connection_url:         http://localhost:54321
H2O_connection_proxy:       {"http": null, "https": null}
H2O_internal_security:      False
H2O_API_Extensions:         Amazon S3, XGBoost, Algos, AutoML, Core V3, TargetEncoder, Core V4
Python_version:             3.8.10 final
--------------------------  ------------------------------------------------------------------
loading  bayes /data/paper4/model//0/bayes/NaiveBayes_model_python_1647354051846_602
loading  glm /data/paper4/model//0/glm/GLM_model_python_1647354051846_606
loading  rf /data/paper4/model//0/rf/DRF_model_python_1647354051846_623
loading  gbm /data/paper4/model//0/gbm/GBM_model_python_1647354051846_791
loading  xgboost /data/paper4/model//0/xgboost/XGBoost_model_python_1647361848945_421
loading  deeplearn /data/paper4/model//0/deeplearn/DeepLearning_model_python_1647354051846_1122
0 bayes /data/paper4/test/3.csv
Parse progress: |████████████████████████████████████████████████████████████████| (done) 100%
naivebayes prediction progress: |████████████████████████████████████████████████| (done) 100%
glm prediction progress: |███████████████████████████████████████████████████████| (done) 100%
drf prediction progress: |███████████████████████████████████████████████████████| (done) 100%
gbm prediction progress: |███████████████████████████████████████████████████████| (done) 100%
xgboost prediction progress: |███████████████████████████████████████████████████| (done) 100%
deeplearning prediction progress: |██████████████████████████████████████████████| (done) 100%
0 bayes /data/paper4/test/0.csv
Parse progress: |████████████████████████████████████████████████████████████████| (done) 100%
naivebayes prediction progress: |████████████████████████████████████████████████| (done) 100%
glm prediction progress: |███████████████████████████████████████████████████████| (done) 100%
drf prediction progress: |███████████████████████████████████████████████████████| (done) 100%
gbm prediction progress: |███████████████████████████████████████████████████████| (done) 100%
xgboost prediction progress: |███████████████████████████████████████████████████| (done) 100%
deeplearning prediction progress: |██████████████████████████████████████████████| (done) 100%
0 bayes /data/paper4/test/2.csv
Parse progress: |████████████████████████████████████████████████████████████████| (done) 100%
naivebayes prediction progress: |████████████████████████████████████████████████| (done) 100%
glm prediction progress: |███████████████████████████████████████████████████████| (done) 100%
drf prediction progress: |███████████████████████████████████████████████████████| (done) 100%
gbm prediction progress: |███████████████████████████████████████████████████████| (done) 100%
xgboost prediction progress: |███████████████████████████████████████████████████| (done) 100%
deeplearning prediction progress: |██████████████████████████████████████████████| (done) 100%
0 bayes /data/paper4/test/5.csv
Parse progress: |████████████████████████████████████████████████████████████████| (done) 100%
naivebayes prediction progress: |████████████████████████████████████████████████| (done) 100%
glm prediction progress: |███████████████████████████████████████████████████████| (done) 100%
drf prediction progress: |███████████████████████████████████████████████████████| (done) 100%
gbm prediction progress: |███████████████████████████████████████████████████████| (done) 100%
xgboost prediction progress: |███████████████████████████████████████████████████| (done) 100%
deeplearning prediction progress: |██████████████████████████████████████████████| (done) 100%
0 bayes /data/paper4/test/8.csv
Parse progress: |████████████████████████████████████████████████████████████████| (done) 100%
naivebayes prediction progress: |████████████████████████████████████████████████| (done) 100%
glm prediction progress: |███████████████████████████████████████████████████████| (done) 100%
drf prediction progress: |███████████████████████████████████████████████████████| (done) 100%
gbm prediction progress: |███████████████████████████████████████████████████████| (done) 100%
xgboost prediction progress: |███████████████████████████████████████████████████| (done) 100%
deeplearning prediction progress: |██████████████████████████████████████████████| (done) 100%
0 bayes /data/paper4/test/7.csv
Parse progress: |████████████████████████████████████████████████████████████████| (done) 100%
naivebayes prediction progress: |████████████████████████████████████████████████| (done) 100%
glm prediction progress: |███████████████████████████████████████████████████████| (done) 100%
drf prediction progress: |███████████████████████████████████████████████████████| (done) 100%
gbm prediction progress: |███████████████████████████████████████████████████████| (done) 100%
xgboost prediction progress: |███████████████████████████████████████████████████| (done) 100%
deeplearning prediction progress: |██████████████████████████████████████████████| (done) 100%
0 bayes /data/paper4/test/1.csv
Parse progress: |████████████████████████████████████████████████████████████████| (done) 100%
naivebayes prediction progress: |████████████████████████████████████████████████| (done) 100%
glm prediction progress: |███████████████████████████████████████████████████████| (done) 100%
drf prediction progress: |███████████████████████████████████████████████████████| (done) 100%
gbm prediction progress: |███████████████████████████████████████████████████████| (done) 100%
xgboost prediction progress: |███████████████████████████████████████████████████| (done) 100%
deeplearning prediction progress: |██████████████████████████████████████████████| (done) 100%
0 bayes /data/paper4/test/4.csv
Parse progress: |████████████████████████████████████████████████████████████████| (done) 100%
naivebayes prediction progress: |████████████████████████████████████████████████| (done) 100%
glm prediction progress: |███████████████████████████████████████████████████████| (done) 100%
drf prediction progress: |███████████████████████████████████████████████████████| (done) 100%
gbm prediction progress: |███████████████████████████████████████████████████████| (done) 100%
xgboost prediction progress: |███████████████████████████████████████████████████| (done) 100%
deeplearning prediction progress: |██████████████████████████████████████████████| (done) 100%
0 bayes /data/paper4/test/6.csv
Parse progress: |████████████████████████████████████████████████████████████████| (done) 100%
naivebayes prediction progress: |████████████████████████████████████████████████| (done) 100%
glm prediction progress: |███████████████████████████████████████████████████████| (done) 100%
drf prediction progress: |███████████████████████████████████████████████████████| (done) 100%
gbm prediction progress: |███████████████████████████████████████████████████████| (done) 100%
xgboost prediction progress: |███████████████████████████████████████████████████| (done) 100%
deeplearning prediction progress: |██████████████████████████████████████████████| (done) 100%
rf
Checking whether there is an H2O instance running at http://localhost:54321 . connected.
Warning: Your H2O cluster version is too old (5 months and 11 days)!Please download and install the latest version from http://h2o.ai/download/
--------------------------  ------------------------------------------------------------------
H2O_cluster_uptime:         2 days 19 hours 33 mins
H2O_cluster_timezone:       Asia/Shanghai
H2O_data_parsing_timezone:  UTC
H2O_cluster_version:        3.34.0.3
H2O_cluster_version_age:    5 months and 11 days !!!
H2O_cluster_name:           H2O_from_python_root_ijoqmh
H2O_cluster_total_nodes:    1
H2O_cluster_free_memory:    16.33 Gb
H2O_cluster_total_cores:    20
H2O_cluster_allowed_cores:  20
H2O_cluster_status:         locked, healthy
H2O_connection_url:         http://localhost:54321
H2O_connection_proxy:       {"http": null, "https": null}
H2O_internal_security:      False
H2O_API_Extensions:         Amazon S3, XGBoost, Algos, AutoML, Core V3, TargetEncoder, Core V4
Python_version:             3.8.10 final
--------------------------  ------------------------------------------------------------------
loading  bayes /data/paper4/model//0/bayes/NaiveBayes_model_python_1647354051846_602
loading  glm /data/paper4/model//0/glm/GLM_model_python_1647354051846_606
loading  rf /data/paper4/model//0/rf/DRF_model_python_1647354051846_623
loading  gbm /data/paper4/model//0/gbm/GBM_model_python_1647354051846_791
loading  xgboost /data/paper4/model//0/xgboost/XGBoost_model_python_1647361848945_421
loading  deeplearn /data/paper4/model//0/deeplearn/DeepLearning_model_python_1647354051846_1122
0 rf /data/paper4/test/3.csv
Parse progress: |████████████████████████████████████████████████████████████████| (done) 100%
naivebayes prediction progress: |████████████████████████████████████████████████| (done) 100%
glm prediction progress: |███████████████████████████████████████████████████████| (done) 100%
drf prediction progress: |███████████████████████████████████████████████████████| (done) 100%
gbm prediction progress: |███████████████████████████████████████████████████████| (done) 100%
xgboost prediction progress: |███████████████████████████████████████████████████| (done) 100%
deeplearning prediction progress: |██████████████████████████████████████████████| (done) 100%
0 rf /data/paper4/test/0.csv
Parse progress: |████████████████████████████████████████████████████████████████| (done) 100%
naivebayes prediction progress: |████████████████████████████████████████████████| (done) 100%
glm prediction progress: |███████████████████████████████████████████████████████| (done) 100%
drf prediction progress: |███████████████████████████████████████████████████████| (done) 100%
gbm prediction progress: |███████████████████████████████████████████████████████| (done) 100%
xgboost prediction progress: |███████████████████████████████████████████████████| (done) 100%
deeplearning prediction progress: |██████████████████████████████████████████████| (done) 100%
0 rf /data/paper4/test/2.csv
Parse progress: |████████████████████████████████████████████████████████████████| (done) 100%
naivebayes prediction progress: |████████████████████████████████████████████████| (done) 100%
glm prediction progress: |███████████████████████████████████████████████████████| (done) 100%
drf prediction progress: |███████████████████████████████████████████████████████| (done) 100%
gbm prediction progress: |███████████████████████████████████████████████████████| (done) 100%
xgboost prediction progress: |███████████████████████████████████████████████████| (done) 100%
deeplearning prediction progress: |██████████████████████████████████████████████| (done) 100%
0 rf /data/paper4/test/5.csv
Parse progress: |████████████████████████████████████████████████████████████████| (done) 100%
naivebayes prediction progress: |████████████████████████████████████████████████| (done) 100%
glm prediction progress: |███████████████████████████████████████████████████████| (done) 100%
drf prediction progress: |███████████████████████████████████████████████████████| (done) 100%
gbm prediction progress: |███████████████████████████████████████████████████████| (done) 100%
xgboost prediction progress: |███████████████████████████████████████████████████| (done) 100%
deeplearning prediction progress: |██████████████████████████████████████████████| (done) 100%
0 rf /data/paper4/test/8.csv
Parse progress: |████████████████████████████████████████████████████████████████| (done) 100%
naivebayes prediction progress: |████████████████████████████████████████████████| (done) 100%
glm prediction progress: |███████████████████████████████████████████████████████| (done) 100%
drf prediction progress: |███████████████████████████████████████████████████████| (done) 100%
gbm prediction progress: |███████████████████████████████████████████████████████| (done) 100%
xgboost prediction progress: |███████████████████████████████████████████████████| (done) 100%
deeplearning prediction progress: |██████████████████████████████████████████████| (done) 100%
0 rf /data/paper4/test/7.csv
Parse progress: |████████████████████████████████████████████████████████████████| (done) 100%
naivebayes prediction progress: |████████████████████████████████████████████████| (done) 100%
glm prediction progress: |███████████████████████████████████████████████████████| (done) 100%
drf prediction progress: |███████████████████████████████████████████████████████| (done) 100%
gbm prediction progress: |███████████████████████████████████████████████████████| (done) 100%
xgboost prediction progress: |███████████████████████████████████████████████████| (done) 100%
deeplearning prediction progress: |██████████████████████████████████████████████| (done) 100%
0 rf /data/paper4/test/1.csv
Parse progress: |████████████████████████████████████████████████████████████████| (done) 100%
naivebayes prediction progress: |████████████████████████████████████████████████| (done) 100%
glm prediction progress: |███████████████████████████████████████████████████████| (done) 100%
drf prediction progress: |███████████████████████████████████████████████████████| (done) 100%
gbm prediction progress: |███████████████████████████████████████████████████████| (done) 100%
xgboost prediction progress: |███████████████████████████████████████████████████| (done) 100%
deeplearning prediction progress: |██████████████████████████████████████████████| (done) 100%
0 rf /data/paper4/test/4.csv
Parse progress: |████████████████████████████████████████████████████████████████| (done) 100%
naivebayes prediction progress: |████████████████████████████████████████████████| (done) 100%
glm prediction progress: |███████████████████████████████████████████████████████| (done) 100%
drf prediction progress: |███████████████████████████████████████████████████████| (done) 100%
gbm prediction progress: |███████████████████████████████████████████████████████| (done) 100%
xgboost prediction progress: |███████████████████████████████████████████████████| (done) 100%
deeplearning prediction progress: |██████████████████████████████████████████████| (done) 100%
0 rf /data/paper4/test/6.csv
Parse progress: |████████████████████████████████████████████████████████████████| (done) 100%
naivebayes prediction progress: |████████████████████████████████████████████████| (done) 100%
glm prediction progress: |███████████████████████████████████████████████████████| (done) 100%
drf prediction progress: |███████████████████████████████████████████████████████| (done) 100%
gbm prediction progress: |███████████████████████████████████████████████████████| (done) 100%
xgboost prediction progress: |███████████████████████████████████████████████████| (done) 100%
deeplearning prediction progress: |██████████████████████████████████████████████| (done) 100%
glm
Checking whether there is an H2O instance running at http://localhost:54321 . connected.
Warning: Your H2O cluster version is too old (5 months and 11 days)!Please download and install the latest version from http://h2o.ai/download/
--------------------------  ------------------------------------------------------------------
H2O_cluster_uptime:         2 days 19 hours 34 mins
H2O_cluster_timezone:       Asia/Shanghai
H2O_data_parsing_timezone:  UTC
H2O_cluster_version:        3.34.0.3
H2O_cluster_version_age:    5 months and 11 days !!!
H2O_cluster_name:           H2O_from_python_root_ijoqmh
H2O_cluster_total_nodes:    1
H2O_cluster_free_memory:    16.27 Gb
H2O_cluster_total_cores:    20
H2O_cluster_allowed_cores:  20
H2O_cluster_status:         locked, healthy
H2O_connection_url:         http://localhost:54321
H2O_connection_proxy:       {"http": null, "https": null}
H2O_internal_security:      False
H2O_API_Extensions:         Amazon S3, XGBoost, Algos, AutoML, Core V3, TargetEncoder, Core V4
Python_version:             3.8.10 final
--------------------------  ------------------------------------------------------------------
loading  bayes /data/paper4/model//4/bayes/NaiveBayes_model_python_1647354051846_4274
loading  glm /data/paper4/model//4/glm/GLM_model_python_1647354051846_4278
loading  rf /data/paper4/model//4/rf/DRF_model_python_1647354051846_4295
loading  gbm /data/paper4/model//4/gbm/GBM_model_python_1647354051846_4445
loading  xgboost /data/paper4/model//4/xgboost/XGBoost_model_python_1647361848945_1743
loading  deeplearn /data/paper4/model//4/deeplearn/DeepLearning_model_python_1647354051846_4736
4 glm /data/paper4/test/3.csv
Parse progress: |████████████████████████████████████████████████████████████████| (done) 100%
naivebayes prediction progress: |████████████████████████████████████████████████| (done) 100%
glm prediction progress: |███████████████████████████████████████████████████████| (done) 100%
drf prediction progress: |███████████████████████████████████████████████████████| (done) 100%
gbm prediction progress: |███████████████████████████████████████████████████████| (done) 100%
xgboost prediction progress: |███████████████████████████████████████████████████| (done) 100%
deeplearning prediction progress: |██████████████████████████████████████████████| (done) 100%
4 glm /data/paper4/test/0.csv
Parse progress: |████████████████████████████████████████████████████████████████| (done) 100%
naivebayes prediction progress: |████████████████████████████████████████████████| (done) 100%
glm prediction progress: |███████████████████████████████████████████████████████| (done) 100%
drf prediction progress: |███████████████████████████████████████████████████████| (done) 100%
gbm prediction progress: |███████████████████████████████████████████████████████| (done) 100%
xgboost prediction progress: |███████████████████████████████████████████████████| (done) 100%
deeplearning prediction progress: |██████████████████████████████████████████████| (done) 100%
4 glm /data/paper4/test/2.csv
Parse progress: |████████████████████████████████████████████████████████████████| (done) 100%
naivebayes prediction progress: |████████████████████████████████████████████████| (done) 100%
glm prediction progress: |███████████████████████████████████████████████████████| (done) 100%
drf prediction progress: |███████████████████████████████████████████████████████| (done) 100%
gbm prediction progress: |███████████████████████████████████████████████████████| (done) 100%
xgboost prediction progress: |███████████████████████████████████████████████████| (done) 100%
deeplearning prediction progress: |██████████████████████████████████████████████| (done) 100%
4 glm /data/paper4/test/5.csv
Parse progress: |████████████████████████████████████████████████████████████████| (done) 100%
naivebayes prediction progress: |████████████████████████████████████████████████| (done) 100%
glm prediction progress: |███████████████████████████████████████████████████████| (done) 100%
drf prediction progress: |███████████████████████████████████████████████████████| (done) 100%
gbm prediction progress: |███████████████████████████████████████████████████████| (done) 100%
xgboost prediction progress: |███████████████████████████████████████████████████| (done) 100%
deeplearning prediction progress: |██████████████████████████████████████████████| (done) 100%
4 glm /data/paper4/test/8.csv
Parse progress: |████████████████████████████████████████████████████████████████| (done) 100%
naivebayes prediction progress: |████████████████████████████████████████████████| (done) 100%
glm prediction progress: |███████████████████████████████████████████████████████| (done) 100%
drf prediction progress: |███████████████████████████████████████████████████████| (done) 100%
gbm prediction progress: |███████████████████████████████████████████████████████| (done) 100%
xgboost prediction progress: |███████████████████████████████████████████████████| (done) 100%
deeplearning prediction progress: |██████████████████████████████████████████████| (done) 100%
4 glm /data/paper4/test/7.csv
Parse progress: |████████████████████████████████████████████████████████████████| (done) 100%
naivebayes prediction progress: |████████████████████████████████████████████████| (done) 100%
glm prediction progress: |███████████████████████████████████████████████████████| (done) 100%
drf prediction progress: |███████████████████████████████████████████████████████| (done) 100%
gbm prediction progress: |███████████████████████████████████████████████████████| (done) 100%
xgboost prediction progress: |███████████████████████████████████████████████████| (done) 100%
deeplearning prediction progress: |██████████████████████████████████████████████| (done) 100%
4 glm /data/paper4/test/1.csv
Parse progress: |████████████████████████████████████████████████████████████████| (done) 100%
naivebayes prediction progress: |████████████████████████████████████████████████| (done) 100%
glm prediction progress: |███████████████████████████████████████████████████████| (done) 100%
drf prediction progress: |███████████████████████████████████████████████████████| (done) 100%
gbm prediction progress: |███████████████████████████████████████████████████████| (done) 100%
xgboost prediction progress: |███████████████████████████████████████████████████| (done) 100%
deeplearning prediction progress: |██████████████████████████████████████████████| (done) 100%
4 glm /data/paper4/test/4.csv
Parse progress: |████████████████████████████████████████████████████████████████| (done) 100%
naivebayes prediction progress: |████████████████████████████████████████████████| (done) 100%
glm prediction progress: |███████████████████████████████████████████████████████| (done) 100%
drf prediction progress: |███████████████████████████████████████████████████████| (done) 100%
gbm prediction progress: |███████████████████████████████████████████████████████| (done) 100%
xgboost prediction progress: |███████████████████████████████████████████████████| (done) 100%
deeplearning prediction progress: |██████████████████████████████████████████████| (done) 100%
4 glm /data/paper4/test/6.csv
Parse progress: |████████████████████████████████████████████████████████████████| (done) 100%
naivebayes prediction progress: |████████████████████████████████████████████████| (done) 100%
glm prediction progress: |███████████████████████████████████████████████████████| (done) 100%
drf prediction progress: |███████████████████████████████████████████████████████| (done) 100%
gbm prediction progress: |███████████████████████████████████████████████████████| (done) 100%
xgboost prediction progress: |███████████████████████████████████████████████████| (done) 100%
deeplearning prediction progress: |██████████████████████████████████████████████| (done) 100%
deeplearn
Checking whether there is an H2O instance running at http://localhost:54321 . connected.
Warning: Your H2O cluster version is too old (5 months and 11 days)!Please download and install the latest version from http://h2o.ai/download/
--------------------------  ------------------------------------------------------------------
H2O_cluster_uptime:         2 days 19 hours 34 mins
H2O_cluster_timezone:       Asia/Shanghai
H2O_data_parsing_timezone:  UTC
H2O_cluster_version:        3.34.0.3
H2O_cluster_version_age:    5 months and 11 days !!!
H2O_cluster_name:           H2O_from_python_root_ijoqmh
H2O_cluster_total_nodes:    1
H2O_cluster_free_memory:    16.21 Gb
H2O_cluster_total_cores:    20
H2O_cluster_allowed_cores:  20
H2O_cluster_status:         locked, healthy
H2O_connection_url:         http://localhost:54321
H2O_connection_proxy:       {"http": null, "https": null}
H2O_internal_security:      False
H2O_API_Extensions:         Amazon S3, XGBoost, Algos, AutoML, Core V3, TargetEncoder, Core V4
Python_version:             3.8.10 final
--------------------------  ------------------------------------------------------------------
loading  bayes /data/paper4/model//4/bayes/NaiveBayes_model_python_1647354051846_4274
loading  glm /data/paper4/model//4/glm/GLM_model_python_1647354051846_4278
loading  rf /data/paper4/model//4/rf/DRF_model_python_1647354051846_4295
loading  gbm /data/paper4/model//4/gbm/GBM_model_python_1647354051846_4445
loading  xgboost /data/paper4/model//4/xgboost/XGBoost_model_python_1647361848945_1743
loading  deeplearn /data/paper4/model//4/deeplearn/DeepLearning_model_python_1647354051846_4736
4 deeplearn /data/paper4/test/3.csv
Parse progress: |████████████████████████████████████████████████████████████████| (done) 100%
naivebayes prediction progress: |████████████████████████████████████████████████| (done) 100%
glm prediction progress: |███████████████████████████████████████████████████████| (done) 100%
drf prediction progress: |███████████████████████████████████████████████████████| (done) 100%
gbm prediction progress: |███████████████████████████████████████████████████████| (done) 100%
xgboost prediction progress: |███████████████████████████████████████████████████| (done) 100%
deeplearning prediction progress: |██████████████████████████████████████████████| (done) 100%
4 deeplearn /data/paper4/test/0.csv
Parse progress: |████████████████████████████████████████████████████████████████| (done) 100%
naivebayes prediction progress: |████████████████████████████████████████████████| (done) 100%
glm prediction progress: |███████████████████████████████████████████████████████| (done) 100%
drf prediction progress: |███████████████████████████████████████████████████████| (done) 100%
gbm prediction progress: |███████████████████████████████████████████████████████| (done) 100%
xgboost prediction progress: |███████████████████████████████████████████████████| (done) 100%
deeplearning prediction progress: |██████████████████████████████████████████████| (done) 100%
4 deeplearn /data/paper4/test/2.csv
Parse progress: |████████████████████████████████████████████████████████████████| (done) 100%
naivebayes prediction progress: |████████████████████████████████████████████████| (done) 100%
glm prediction progress: |███████████████████████████████████████████████████████| (done) 100%
drf prediction progress: |███████████████████████████████████████████████████████| (done) 100%
gbm prediction progress: |███████████████████████████████████████████████████████| (done) 100%
xgboost prediction progress: |███████████████████████████████████████████████████| (done) 100%
deeplearning prediction progress: |██████████████████████████████████████████████| (done) 100%
4 deeplearn /data/paper4/test/5.csv
Parse progress: |████████████████████████████████████████████████████████████████| (done) 100%
naivebayes prediction progress: |████████████████████████████████████████████████| (done) 100%
glm prediction progress: |███████████████████████████████████████████████████████| (done) 100%
drf prediction progress: |███████████████████████████████████████████████████████| (done) 100%
gbm prediction progress: |███████████████████████████████████████████████████████| (done) 100%
xgboost prediction progress: |███████████████████████████████████████████████████| (done) 100%
deeplearning prediction progress: |██████████████████████████████████████████████| (done) 100%
4 deeplearn /data/paper4/test/8.csv
Parse progress: |████████████████████████████████████████████████████████████████| (done) 100%
naivebayes prediction progress: |████████████████████████████████████████████████| (done) 100%
glm prediction progress: |███████████████████████████████████████████████████████| (done) 100%
drf prediction progress: |███████████████████████████████████████████████████████| (done) 100%
gbm prediction progress: |███████████████████████████████████████████████████████| (done) 100%
xgboost prediction progress: |███████████████████████████████████████████████████| (done) 100%
deeplearning prediction progress: |██████████████████████████████████████████████| (done) 100%
4 deeplearn /data/paper4/test/7.csv
Parse progress: |████████████████████████████████████████████████████████████████| (done) 100%
naivebayes prediction progress: |████████████████████████████████████████████████| (done) 100%
glm prediction progress: |███████████████████████████████████████████████████████| (done) 100%
drf prediction progress: |███████████████████████████████████████████████████████| (done) 100%
gbm prediction progress: |███████████████████████████████████████████████████████| (done) 100%
xgboost prediction progress: |███████████████████████████████████████████████████| (done) 100%
deeplearning prediction progress: |██████████████████████████████████████████████| (done) 100%
4 deeplearn /data/paper4/test/1.csv
Parse progress: |████████████████████████████████████████████████████████████████| (done) 100%
naivebayes prediction progress: |████████████████████████████████████████████████| (done) 100%
glm prediction progress: |███████████████████████████████████████████████████████| (done) 100%
drf prediction progress: |███████████████████████████████████████████████████████| (done) 100%
gbm prediction progress: |███████████████████████████████████████████████████████| (done) 100%
xgboost prediction progress: |███████████████████████████████████████████████████| (done) 100%
deeplearning prediction progress: |██████████████████████████████████████████████| (done) 100%
4 deeplearn /data/paper4/test/4.csv
Parse progress: |████████████████████████████████████████████████████████████████| (done) 100%
naivebayes prediction progress: |████████████████████████████████████████████████| (done) 100%
glm prediction progress: |███████████████████████████████████████████████████████| (done) 100%
drf prediction progress: |███████████████████████████████████████████████████████| (done) 100%
gbm prediction progress: |███████████████████████████████████████████████████████| (done) 100%
xgboost prediction progress: |███████████████████████████████████████████████████| (done) 100%
deeplearning prediction progress: |██████████████████████████████████████████████| (done) 100%
4 deeplearn /data/paper4/test/6.csv
Parse progress: |████████████████████████████████████████████████████████████████| (done) 100%
naivebayes prediction progress: |████████████████████████████████████████████████| (done) 100%
glm prediction progress: |███████████████████████████████████████████████████████| (done) 100%
drf prediction progress: |███████████████████████████████████████████████████████| (done) 100%
gbm prediction progress: |███████████████████████████████████████████████████████| (done) 100%
xgboost prediction progress: |███████████████████████████████████████████████████| (done) 100%
deeplearning prediction progress: |██████████████████████████████████████████████| (done) 100%
gbm
Checking whether there is an H2O instance running at http://localhost:54321 . connected.
Warning: Your H2O cluster version is too old (5 months and 11 days)!Please download and install the latest version from http://h2o.ai/download/
--------------------------  ------------------------------------------------------------------
H2O_cluster_uptime:         2 days 19 hours 35 mins
H2O_cluster_timezone:       Asia/Shanghai
H2O_data_parsing_timezone:  UTC
H2O_cluster_version:        3.34.0.3
H2O_cluster_version_age:    5 months and 11 days !!!
H2O_cluster_name:           H2O_from_python_root_ijoqmh
H2O_cluster_total_nodes:    1
H2O_cluster_free_memory:    16.15 Gb
H2O_cluster_total_cores:    20
H2O_cluster_allowed_cores:  20
H2O_cluster_status:         locked, healthy
H2O_connection_url:         http://localhost:54321
H2O_connection_proxy:       {"http": null, "https": null}
H2O_internal_security:      False
H2O_API_Extensions:         Amazon S3, XGBoost, Algos, AutoML, Core V3, TargetEncoder, Core V4
Python_version:             3.8.10 final
--------------------------  ------------------------------------------------------------------
loading  bayes /data/paper4/model//4/bayes/NaiveBayes_model_python_1647354051846_4274
loading  glm /data/paper4/model//4/glm/GLM_model_python_1647354051846_4278
loading  rf /data/paper4/model//4/rf/DRF_model_python_1647354051846_4295
loading  gbm /data/paper4/model//4/gbm/GBM_model_python_1647354051846_4445
loading  xgboost /data/paper4/model//4/xgboost/XGBoost_model_python_1647361848945_1743
loading  deeplearn /data/paper4/model//4/deeplearn/DeepLearning_model_python_1647354051846_4736
4 gbm /data/paper4/test/3.csv
Parse progress: |████████████████████████████████████████████████████████████████| (done) 100%
naivebayes prediction progress: |████████████████████████████████████████████████| (done) 100%
glm prediction progress: |███████████████████████████████████████████████████████| (done) 100%
drf prediction progress: |███████████████████████████████████████████████████████| (done) 100%
gbm prediction progress: |███████████████████████████████████████████████████████| (done) 100%
xgboost prediction progress: |███████████████████████████████████████████████████| (done) 100%
deeplearning prediction progress: |██████████████████████████████████████████████| (done) 100%
4 gbm /data/paper4/test/0.csv
Parse progress: |████████████████████████████████████████████████████████████████| (done) 100%
naivebayes prediction progress: |████████████████████████████████████████████████| (done) 100%
glm prediction progress: |███████████████████████████████████████████████████████| (done) 100%
drf prediction progress: |███████████████████████████████████████████████████████| (done) 100%
gbm prediction progress: |███████████████████████████████████████████████████████| (done) 100%
xgboost prediction progress: |███████████████████████████████████████████████████| (done) 100%
deeplearning prediction progress: |██████████████████████████████████████████████| (done) 100%
4 gbm /data/paper4/test/2.csv
Parse progress: |████████████████████████████████████████████████████████████████| (done) 100%
naivebayes prediction progress: |████████████████████████████████████████████████| (done) 100%
glm prediction progress: |███████████████████████████████████████████████████████| (done) 100%
drf prediction progress: |███████████████████████████████████████████████████████| (done) 100%
gbm prediction progress: |███████████████████████████████████████████████████████| (done) 100%
xgboost prediction progress: |███████████████████████████████████████████████████| (done) 100%
deeplearning prediction progress: |██████████████████████████████████████████████| (done) 100%
4 gbm /data/paper4/test/5.csv
Parse progress: |████████████████████████████████████████████████████████████████| (done) 100%
naivebayes prediction progress: |████████████████████████████████████████████████| (done) 100%
glm prediction progress: |███████████████████████████████████████████████████████| (done) 100%
drf prediction progress: |███████████████████████████████████████████████████████| (done) 100%
gbm prediction progress: |███████████████████████████████████████████████████████| (done) 100%
xgboost prediction progress: |███████████████████████████████████████████████████| (done) 100%
deeplearning prediction progress: |██████████████████████████████████████████████| (done) 100%
4 gbm /data/paper4/test/8.csv
Parse progress: |████████████████████████████████████████████████████████████████| (done) 100%
naivebayes prediction progress: |████████████████████████████████████████████████| (done) 100%
glm prediction progress: |███████████████████████████████████████████████████████| (done) 100%
drf prediction progress: |███████████████████████████████████████████████████████| (done) 100%
gbm prediction progress: |███████████████████████████████████████████████████████| (done) 100%
xgboost prediction progress: |███████████████████████████████████████████████████| (done) 100%
deeplearning prediction progress: |██████████████████████████████████████████████| (done) 100%
4 gbm /data/paper4/test/7.csv
Parse progress: |████████████████████████████████████████████████████████████████| (done) 100%
naivebayes prediction progress: |████████████████████████████████████████████████| (done) 100%
glm prediction progress: |███████████████████████████████████████████████████████| (done) 100%
drf prediction progress: |███████████████████████████████████████████████████████| (done) 100%
gbm prediction progress: |███████████████████████████████████████████████████████| (done) 100%
xgboost prediction progress: |███████████████████████████████████████████████████| (done) 100%
deeplearning prediction progress: |██████████████████████████████████████████████| (done) 100%
4 gbm /data/paper4/test/1.csv
Parse progress: |████████████████████████████████████████████████████████████████| (done) 100%
naivebayes prediction progress: |████████████████████████████████████████████████| (done) 100%
glm prediction progress: |███████████████████████████████████████████████████████| (done) 100%
drf prediction progress: |███████████████████████████████████████████████████████| (done) 100%
gbm prediction progress: |███████████████████████████████████████████████████████| (done) 100%
xgboost prediction progress: |███████████████████████████████████████████████████| (done) 100%
deeplearning prediction progress: |██████████████████████████████████████████████| (done) 100%
4 gbm /data/paper4/test/4.csv
Parse progress: |████████████████████████████████████████████████████████████████| (done) 100%
naivebayes prediction progress: |████████████████████████████████████████████████| (done) 100%
glm prediction progress: |███████████████████████████████████████████████████████| (done) 100%
drf prediction progress: |███████████████████████████████████████████████████████| (done) 100%
gbm prediction progress: |███████████████████████████████████████████████████████| (done) 100%
xgboost prediction progress: |███████████████████████████████████████████████████| (done) 100%
deeplearning prediction progress: |██████████████████████████████████████████████| (done) 100%
4 gbm /data/paper4/test/6.csv
Parse progress: |████████████████████████████████████████████████████████████████| (done) 100%
naivebayes prediction progress: |████████████████████████████████████████████████| (done) 100%
glm prediction progress: |███████████████████████████████████████████████████████| (done) 100%
drf prediction progress: |███████████████████████████████████████████████████████| (done) 100%
gbm prediction progress: |███████████████████████████████████████████████████████| (done) 100%
xgboost prediction progress: |███████████████████████████████████████████████████| (done) 100%
deeplearning prediction progress: |██████████████████████████████████████████████| (done) 100%
cnn
4 cnn /data/paper4/test/3.csv
4 cnn /data/paper4/test/0.csv
4 cnn /data/paper4/test/2.csv
4 cnn /data/paper4/test/5.csv
4 cnn /data/paper4/test/8.csv
4 cnn /data/paper4/test/7.csv
4 cnn /data/paper4/test/1.csv
4 cnn /data/paper4/test/4.csv
4 cnn /data/paper4/test/6.csv
xgboost
Checking whether there is an H2O instance running at http://localhost:54321 . connected.
Warning: Your H2O cluster version is too old (5 months and 11 days)!Please download and install the latest version from http://h2o.ai/download/
--------------------------  ------------------------------------------------------------------
H2O_cluster_uptime:         2 days 19 hours 36 mins
H2O_cluster_timezone:       Asia/Shanghai
H2O_data_parsing_timezone:  UTC
H2O_cluster_version:        3.34.0.3
H2O_cluster_version_age:    5 months and 11 days !!!
H2O_cluster_name:           H2O_from_python_root_ijoqmh
H2O_cluster_total_nodes:    1
H2O_cluster_free_memory:    16.09 Gb
H2O_cluster_total_cores:    20
H2O_cluster_allowed_cores:  20
H2O_cluster_status:         locked, healthy
H2O_connection_url:         http://localhost:54321
H2O_connection_proxy:       {"http": null, "https": null}
H2O_internal_security:      False
H2O_API_Extensions:         Amazon S3, XGBoost, Algos, AutoML, Core V3, TargetEncoder, Core V4
Python_version:             3.8.10 final
--------------------------  ------------------------------------------------------------------
loading  bayes /data/paper4/model//4/bayes/NaiveBayes_model_python_1647354051846_4274
loading  glm /data/paper4/model//4/glm/GLM_model_python_1647354051846_4278
loading  rf /data/paper4/model//4/rf/DRF_model_python_1647354051846_4295
loading  gbm /data/paper4/model//4/gbm/GBM_model_python_1647354051846_4445
loading  xgboost /data/paper4/model//4/xgboost/XGBoost_model_python_1647361848945_1743
loading  deeplearn /data/paper4/model//4/deeplearn/DeepLearning_model_python_1647354051846_4736
4 xgboost /data/paper4/test/3.csv
Parse progress: |████████████████████████████████████████████████████████████████| (done) 100%
naivebayes prediction progress: |████████████████████████████████████████████████| (done) 100%
glm prediction progress: |███████████████████████████████████████████████████████| (done) 100%
drf prediction progress: |███████████████████████████████████████████████████████| (done) 100%
gbm prediction progress: |███████████████████████████████████████████████████████| (done) 100%
xgboost prediction progress: |███████████████████████████████████████████████████| (done) 100%
deeplearning prediction progress: |██████████████████████████████████████████████| (done) 100%
4 xgboost /data/paper4/test/0.csv
Parse progress: |████████████████████████████████████████████████████████████████| (done) 100%
naivebayes prediction progress: |████████████████████████████████████████████████| (done) 100%
glm prediction progress: |███████████████████████████████████████████████████████| (done) 100%
drf prediction progress: |███████████████████████████████████████████████████████| (done) 100%
gbm prediction progress: |███████████████████████████████████████████████████████| (done) 100%
xgboost prediction progress: |███████████████████████████████████████████████████| (done) 100%
deeplearning prediction progress: |██████████████████████████████████████████████| (done) 100%
4 xgboost /data/paper4/test/2.csv
Parse progress: |████████████████████████████████████████████████████████████████| (done) 100%
naivebayes prediction progress: |████████████████████████████████████████████████| (done) 100%
glm prediction progress: |███████████████████████████████████████████████████████| (done) 100%
drf prediction progress: |███████████████████████████████████████████████████████| (done) 100%
gbm prediction progress: |███████████████████████████████████████████████████████| (done) 100%
xgboost prediction progress: |███████████████████████████████████████████████████| (done) 100%
deeplearning prediction progress: |██████████████████████████████████████████████| (done) 100%
4 xgboost /data/paper4/test/5.csv
Parse progress: |████████████████████████████████████████████████████████████████| (done) 100%
naivebayes prediction progress: |████████████████████████████████████████████████| (done) 100%
glm prediction progress: |███████████████████████████████████████████████████████| (done) 100%
drf prediction progress: |███████████████████████████████████████████████████████| (done) 100%
gbm prediction progress: |███████████████████████████████████████████████████████| (done) 100%
xgboost prediction progress: |███████████████████████████████████████████████████| (done) 100%
deeplearning prediction progress: |██████████████████████████████████████████████| (done) 100%
4 xgboost /data/paper4/test/8.csv
Parse progress: |████████████████████████████████████████████████████████████████| (done) 100%
naivebayes prediction progress: |████████████████████████████████████████████████| (done) 100%
glm prediction progress: |███████████████████████████████████████████████████████| (done) 100%
drf prediction progress: |███████████████████████████████████████████████████████| (done) 100%
gbm prediction progress: |███████████████████████████████████████████████████████| (done) 100%
xgboost prediction progress: |███████████████████████████████████████████████████| (done) 100%
deeplearning prediction progress: |██████████████████████████████████████████████| (done) 100%
4 xgboost /data/paper4/test/7.csv
Parse progress: |████████████████████████████████████████████████████████████████| (done) 100%
naivebayes prediction progress: |████████████████████████████████████████████████| (done) 100%
glm prediction progress: |███████████████████████████████████████████████████████| (done) 100%
drf prediction progress: |███████████████████████████████████████████████████████| (done) 100%
gbm prediction progress: |███████████████████████████████████████████████████████| (done) 100%
xgboost prediction progress: |███████████████████████████████████████████████████| (done) 100%
deeplearning prediction progress: |██████████████████████████████████████████████| (done) 100%
4 xgboost /data/paper4/test/1.csv
Parse progress: |████████████████████████████████████████████████████████████████| (done) 100%
naivebayes prediction progress: |████████████████████████████████████████████████| (done) 100%
glm prediction progress: |███████████████████████████████████████████████████████| (done) 100%
drf prediction progress: |███████████████████████████████████████████████████████| (done) 100%
gbm prediction progress: |███████████████████████████████████████████████████████| (done) 100%
xgboost prediction progress: |███████████████████████████████████████████████████| (done) 100%
deeplearning prediction progress: |██████████████████████████████████████████████| (done) 100%
4 xgboost /data/paper4/test/4.csv
Parse progress: |████████████████████████████████████████████████████████████████| (done) 100%
naivebayes prediction progress: |████████████████████████████████████████████████| (done) 100%
glm prediction progress: |███████████████████████████████████████████████████████| (done) 100%
drf prediction progress: |███████████████████████████████████████████████████████| (done) 100%
gbm prediction progress: |███████████████████████████████████████████████████████| (done) 100%
xgboost prediction progress: |███████████████████████████████████████████████████| (done) 100%
deeplearning prediction progress: |██████████████████████████████████████████████| (done) 100%
4 xgboost /data/paper4/test/6.csv
Parse progress: |████████████████████████████████████████████████████████████████| (done) 100%
naivebayes prediction progress: |████████████████████████████████████████████████| (done) 100%
glm prediction progress: |███████████████████████████████████████████████████████| (done) 100%
drf prediction progress: |███████████████████████████████████████████████████████| (done) 100%
gbm prediction progress: |███████████████████████████████████████████████████████| (done) 100%
xgboost prediction progress: |███████████████████████████████████████████████████| (done) 100%
deeplearning prediction progress: |██████████████████████████████████████████████| (done) 100%
svm
SVM /data/paper4/model/4/svm/sklearn_model_python_svm.pkl
4 svm /data/paper4/test/3.csv
[Parallel(n_jobs=22)]: Using backend LokyBackend with 22 concurrent workers.
[Parallel(n_jobs=22)]: Done   2 out of  22 | elapsed:   47.8s remaining:  8.0min
[Parallel(n_jobs=22)]: Done  22 out of  22 | elapsed:   56.3s finished
4 svm /data/paper4/test/0.csv
[Parallel(n_jobs=22)]: Using backend LokyBackend with 22 concurrent workers.
[Parallel(n_jobs=22)]: Done   2 out of  22 | elapsed:   49.2s remaining:  8.2min
[Parallel(n_jobs=22)]: Done  22 out of  22 | elapsed:   58.4s finished
4 svm /data/paper4/test/2.csv
[Parallel(n_jobs=22)]: Using backend LokyBackend with 22 concurrent workers.
[Parallel(n_jobs=22)]: Done   2 out of  22 | elapsed:   48.8s remaining:  8.1min
[Parallel(n_jobs=22)]: Done  22 out of  22 | elapsed:  1.0min finished
4 svm /data/paper4/test/5.csv
[Parallel(n_jobs=22)]: Using backend LokyBackend with 22 concurrent workers.
[Parallel(n_jobs=22)]: Done   2 out of  22 | elapsed:   48.7s remaining:  8.1min
[Parallel(n_jobs=22)]: Done  22 out of  22 | elapsed:   58.6s finished
4 svm /data/paper4/test/8.csv
[Parallel(n_jobs=22)]: Using backend LokyBackend with 22 concurrent workers.
[Parallel(n_jobs=22)]: Done   2 out of  22 | elapsed:   50.5s remaining:  8.4min
[Parallel(n_jobs=22)]: Done  22 out of  22 | elapsed:  1.0min finished
4 svm /data/paper4/test/7.csv
[Parallel(n_jobs=22)]: Using backend LokyBackend with 22 concurrent workers.
[Parallel(n_jobs=22)]: Done   2 out of  22 | elapsed:   51.5s remaining:  8.6min
[Parallel(n_jobs=22)]: Done  22 out of  22 | elapsed:  1.0min finished
4 svm /data/paper4/test/1.csv
[Parallel(n_jobs=22)]: Using backend LokyBackend with 22 concurrent workers.
[Parallel(n_jobs=22)]: Done   2 out of  22 | elapsed:   55.1s remaining:  9.2min
[Parallel(n_jobs=22)]: Done  22 out of  22 | elapsed:  1.1min finished
4 svm /data/paper4/test/4.csv
[Parallel(n_jobs=22)]: Using backend LokyBackend with 22 concurrent workers.
[Parallel(n_jobs=22)]: Done   2 out of  22 | elapsed:   47.4s remaining:  7.9min
[Parallel(n_jobs=22)]: Done  22 out of  22 | elapsed:   55.0s finished
4 svm /data/paper4/test/6.csv
[Parallel(n_jobs=22)]: Using backend LokyBackend with 22 concurrent workers.
[Parallel(n_jobs=22)]: Done   2 out of  22 | elapsed:   52.6s remaining:  8.8min
[Parallel(n_jobs=22)]: Done  22 out of  22 | elapsed:  1.0min finished
bayes
Checking whether there is an H2O instance running at http://localhost:54321 . connected.
Warning: Your H2O cluster version is too old (5 months and 11 days)!Please download and install the latest version from http://h2o.ai/download/
--------------------------  ------------------------------------------------------------------
H2O_cluster_uptime:         2 days 19 hours 46 mins
H2O_cluster_timezone:       Asia/Shanghai
H2O_data_parsing_timezone:  UTC
H2O_cluster_version:        3.34.0.3
H2O_cluster_version_age:    5 months and 11 days !!!
H2O_cluster_name:           H2O_from_python_root_ijoqmh
H2O_cluster_total_nodes:    1
H2O_cluster_free_memory:    16.02 Gb
H2O_cluster_total_cores:    20
H2O_cluster_allowed_cores:  20
H2O_cluster_status:         locked, healthy
H2O_connection_url:         http://localhost:54321
H2O_connection_proxy:       {"http": null, "https": null}
H2O_internal_security:      False
H2O_API_Extensions:         Amazon S3, XGBoost, Algos, AutoML, Core V3, TargetEncoder, Core V4
Python_version:             3.8.10 final
--------------------------  ------------------------------------------------------------------
loading  bayes /data/paper4/model//4/bayes/NaiveBayes_model_python_1647354051846_4274
loading  glm /data/paper4/model//4/glm/GLM_model_python_1647354051846_4278
loading  rf /data/paper4/model//4/rf/DRF_model_python_1647354051846_4295
loading  gbm /data/paper4/model//4/gbm/GBM_model_python_1647354051846_4445
loading  xgboost /data/paper4/model//4/xgboost/XGBoost_model_python_1647361848945_1743
loading  deeplearn /data/paper4/model//4/deeplearn/DeepLearning_model_python_1647354051846_4736
4 bayes /data/paper4/test/3.csv
Parse progress: |████████████████████████████████████████████████████████████████| (done) 100%
naivebayes prediction progress: |████████████████████████████████████████████████| (done) 100%
glm prediction progress: |███████████████████████████████████████████████████████| (done) 100%
drf prediction progress: |███████████████████████████████████████████████████████| (done) 100%
gbm prediction progress: |███████████████████████████████████████████████████████| (done) 100%
xgboost prediction progress: |███████████████████████████████████████████████████| (done) 100%
deeplearning prediction progress: |██████████████████████████████████████████████| (done) 100%
4 bayes /data/paper4/test/0.csv
Parse progress: |████████████████████████████████████████████████████████████████| (done) 100%
naivebayes prediction progress: |████████████████████████████████████████████████| (done) 100%
glm prediction progress: |███████████████████████████████████████████████████████| (done) 100%
drf prediction progress: |███████████████████████████████████████████████████████| (done) 100%
gbm prediction progress: |███████████████████████████████████████████████████████| (done) 100%
xgboost prediction progress: |███████████████████████████████████████████████████| (done) 100%
deeplearning prediction progress: |██████████████████████████████████████████████| (done) 100%
4 bayes /data/paper4/test/2.csv
Parse progress: |████████████████████████████████████████████████████████████████| (done) 100%
naivebayes prediction progress: |████████████████████████████████████████████████| (done) 100%
glm prediction progress: |███████████████████████████████████████████████████████| (done) 100%
drf prediction progress: |███████████████████████████████████████████████████████| (done) 100%
gbm prediction progress: |███████████████████████████████████████████████████████| (done) 100%
xgboost prediction progress: |███████████████████████████████████████████████████| (done) 100%
deeplearning prediction progress: |██████████████████████████████████████████████| (done) 100%
4 bayes /data/paper4/test/5.csv
Parse progress: |████████████████████████████████████████████████████████████████| (done) 100%
naivebayes prediction progress: |████████████████████████████████████████████████| (done) 100%
glm prediction progress: |███████████████████████████████████████████████████████| (done) 100%
drf prediction progress: |███████████████████████████████████████████████████████| (done) 100%
gbm prediction progress: |███████████████████████████████████████████████████████| (done) 100%
xgboost prediction progress: |███████████████████████████████████████████████████| (done) 100%
deeplearning prediction progress: |██████████████████████████████████████████████| (done) 100%
4 bayes /data/paper4/test/8.csv
Parse progress: |████████████████████████████████████████████████████████████████| (done) 100%
naivebayes prediction progress: |████████████████████████████████████████████████| (done) 100%
glm prediction progress: |███████████████████████████████████████████████████████| (done) 100%
drf prediction progress: |███████████████████████████████████████████████████████| (done) 100%
gbm prediction progress: |███████████████████████████████████████████████████████| (done) 100%
xgboost prediction progress: |███████████████████████████████████████████████████| (done) 100%
deeplearning prediction progress: |██████████████████████████████████████████████| (done) 100%
4 bayes /data/paper4/test/7.csv
Parse progress: |████████████████████████████████████████████████████████████████| (done) 100%
naivebayes prediction progress: |████████████████████████████████████████████████| (done) 100%
glm prediction progress: |███████████████████████████████████████████████████████| (done) 100%
drf prediction progress: |███████████████████████████████████████████████████████| (done) 100%
gbm prediction progress: |███████████████████████████████████████████████████████| (done) 100%
xgboost prediction progress: |███████████████████████████████████████████████████| (done) 100%
deeplearning prediction progress: |██████████████████████████████████████████████| (done) 100%
4 bayes /data/paper4/test/1.csv
Parse progress: |████████████████████████████████████████████████████████████████| (done) 100%
naivebayes prediction progress: |████████████████████████████████████████████████| (done) 100%
glm prediction progress: |███████████████████████████████████████████████████████| (done) 100%
drf prediction progress: |███████████████████████████████████████████████████████| (done) 100%
gbm prediction progress: |███████████████████████████████████████████████████████| (done) 100%
xgboost prediction progress: |███████████████████████████████████████████████████| (done) 100%
deeplearning prediction progress: |██████████████████████████████████████████████| (done) 100%
4 bayes /data/paper4/test/4.csv
Parse progress: |████████████████████████████████████████████████████████████████| (done) 100%
naivebayes prediction progress: |████████████████████████████████████████████████| (done) 100%
glm prediction progress: |███████████████████████████████████████████████████████| (done) 100%
drf prediction progress: |███████████████████████████████████████████████████████| (done) 100%
gbm prediction progress: |███████████████████████████████████████████████████████| (done) 100%
xgboost prediction progress: |███████████████████████████████████████████████████| (done) 100%
deeplearning prediction progress: |██████████████████████████████████████████████| (done) 100%
4 bayes /data/paper4/test/6.csv
Parse progress: |████████████████████████████████████████████████████████████████| (done) 100%
naivebayes prediction progress: |████████████████████████████████████████████████| (done) 100%
glm prediction progress: |███████████████████████████████████████████████████████| (done) 100%
drf prediction progress: |███████████████████████████████████████████████████████| (done) 100%
gbm prediction progress: |███████████████████████████████████████████████████████| (done) 100%
xgboost prediction progress: |███████████████████████████████████████████████████| (done) 100%
deeplearning prediction progress: |██████████████████████████████████████████████| (done) 100%
rf
Checking whether there is an H2O instance running at http://localhost:54321 . connected.
Warning: Your H2O cluster version is too old (5 months and 11 days)!Please download and install the latest version from http://h2o.ai/download/
--------------------------  ------------------------------------------------------------------
H2O_cluster_uptime:         2 days 19 hours 46 mins
H2O_cluster_timezone:       Asia/Shanghai
H2O_data_parsing_timezone:  UTC
H2O_cluster_version:        3.34.0.3
H2O_cluster_version_age:    5 months and 11 days !!!
H2O_cluster_name:           H2O_from_python_root_ijoqmh
H2O_cluster_total_nodes:    1
H2O_cluster_free_memory:    15.97 Gb
H2O_cluster_total_cores:    20
H2O_cluster_allowed_cores:  20
H2O_cluster_status:         locked, healthy
H2O_connection_url:         http://localhost:54321
H2O_connection_proxy:       {"http": null, "https": null}
H2O_internal_security:      False
H2O_API_Extensions:         Amazon S3, XGBoost, Algos, AutoML, Core V3, TargetEncoder, Core V4
Python_version:             3.8.10 final
--------------------------  ------------------------------------------------------------------
loading  bayes /data/paper4/model//4/bayes/NaiveBayes_model_python_1647354051846_4274
loading  glm /data/paper4/model//4/glm/GLM_model_python_1647354051846_4278
loading  rf /data/paper4/model//4/rf/DRF_model_python_1647354051846_4295
loading  gbm /data/paper4/model//4/gbm/GBM_model_python_1647354051846_4445
loading  xgboost /data/paper4/model//4/xgboost/XGBoost_model_python_1647361848945_1743
loading  deeplearn /data/paper4/model//4/deeplearn/DeepLearning_model_python_1647354051846_4736
4 rf /data/paper4/test/3.csv
Parse progress: |████████████████████████████████████████████████████████████████| (done) 100%
naivebayes prediction progress: |████████████████████████████████████████████████| (done) 100%
glm prediction progress: |███████████████████████████████████████████████████████| (done) 100%
drf prediction progress: |███████████████████████████████████████████████████████| (done) 100%
gbm prediction progress: |███████████████████████████████████████████████████████| (done) 100%
xgboost prediction progress: |███████████████████████████████████████████████████| (done) 100%
deeplearning prediction progress: |██████████████████████████████████████████████| (done) 100%
4 rf /data/paper4/test/0.csv
Parse progress: |████████████████████████████████████████████████████████████████| (done) 100%
naivebayes prediction progress: |████████████████████████████████████████████████| (done) 100%
glm prediction progress: |███████████████████████████████████████████████████████| (done) 100%
drf prediction progress: |███████████████████████████████████████████████████████| (done) 100%
gbm prediction progress: |███████████████████████████████████████████████████████| (done) 100%
xgboost prediction progress: |███████████████████████████████████████████████████| (done) 100%
deeplearning prediction progress: |██████████████████████████████████████████████| (done) 100%
4 rf /data/paper4/test/2.csv
Parse progress: |████████████████████████████████████████████████████████████████| (done) 100%
naivebayes prediction progress: |████████████████████████████████████████████████| (done) 100%
glm prediction progress: |███████████████████████████████████████████████████████| (done) 100%
drf prediction progress: |███████████████████████████████████████████████████████| (done) 100%
gbm prediction progress: |███████████████████████████████████████████████████████| (done) 100%
xgboost prediction progress: |███████████████████████████████████████████████████| (done) 100%
deeplearning prediction progress: |██████████████████████████████████████████████| (done) 100%
4 rf /data/paper4/test/5.csv
Parse progress: |████████████████████████████████████████████████████████████████| (done) 100%
naivebayes prediction progress: |████████████████████████████████████████████████| (done) 100%
glm prediction progress: |███████████████████████████████████████████████████████| (done) 100%
drf prediction progress: |███████████████████████████████████████████████████████| (done) 100%
gbm prediction progress: |███████████████████████████████████████████████████████| (done) 100%
xgboost prediction progress: |███████████████████████████████████████████████████| (done) 100%
deeplearning prediction progress: |██████████████████████████████████████████████| (done) 100%
4 rf /data/paper4/test/8.csv
Parse progress: |████████████████████████████████████████████████████████████████| (done) 100%
naivebayes prediction progress: |████████████████████████████████████████████████| (done) 100%
glm prediction progress: |███████████████████████████████████████████████████████| (done) 100%
drf prediction progress: |███████████████████████████████████████████████████████| (done) 100%
gbm prediction progress: |███████████████████████████████████████████████████████| (done) 100%
xgboost prediction progress: |███████████████████████████████████████████████████| (done) 100%
deeplearning prediction progress: |██████████████████████████████████████████████| (done) 100%
4 rf /data/paper4/test/7.csv
Parse progress: |████████████████████████████████████████████████████████████████| (done) 100%
naivebayes prediction progress: |████████████████████████████████████████████████| (done) 100%
glm prediction progress: |███████████████████████████████████████████████████████| (done) 100%
drf prediction progress: |███████████████████████████████████████████████████████| (done) 100%
gbm prediction progress: |███████████████████████████████████████████████████████| (done) 100%
xgboost prediction progress: |███████████████████████████████████████████████████| (done) 100%
deeplearning prediction progress: |██████████████████████████████████████████████| (done) 100%
4 rf /data/paper4/test/1.csv
Parse progress: |████████████████████████████████████████████████████████████████| (done) 100%
naivebayes prediction progress: |████████████████████████████████████████████████| (done) 100%
glm prediction progress: |███████████████████████████████████████████████████████| (done) 100%
drf prediction progress: |███████████████████████████████████████████████████████| (done) 100%
gbm prediction progress: |███████████████████████████████████████████████████████| (done) 100%
xgboost prediction progress: |███████████████████████████████████████████████████| (done) 100%
deeplearning prediction progress: |██████████████████████████████████████████████| (done) 100%
4 rf /data/paper4/test/4.csv
Parse progress: |████████████████████████████████████████████████████████████████| (done) 100%
naivebayes prediction progress: |████████████████████████████████████████████████| (done) 100%
glm prediction progress: |███████████████████████████████████████████████████████| (done) 100%
drf prediction progress: |███████████████████████████████████████████████████████| (done) 100%
gbm prediction progress: |███████████████████████████████████████████████████████| (done) 100%
xgboost prediction progress: |███████████████████████████████████████████████████| (done) 100%
deeplearning prediction progress: |██████████████████████████████████████████████| (done) 100%
4 rf /data/paper4/test/6.csv
Parse progress: |████████████████████████████████████████████████████████████████| (done) 100%
naivebayes prediction progress: |████████████████████████████████████████████████| (done) 100%
glm prediction progress: |███████████████████████████████████████████████████████| (done) 100%
drf prediction progress: |███████████████████████████████████████████████████████| (done) 100%
gbm prediction progress: |███████████████████████████████████████████████████████| (done) 100%
xgboost prediction progress: |███████████████████████████████████████████████████| (done) 100%
deeplearning prediction progress: |██████████████████████████████████████████████| (done) 100%
glm
Checking whether there is an H2O instance running at http://localhost:54321 . connected.
Warning: Your H2O cluster version is too old (5 months and 11 days)!Please download and install the latest version from http://h2o.ai/download/
--------------------------  ------------------------------------------------------------------
H2O_cluster_uptime:         2 days 19 hours 47 mins
H2O_cluster_timezone:       Asia/Shanghai
H2O_data_parsing_timezone:  UTC
H2O_cluster_version:        3.34.0.3
H2O_cluster_version_age:    5 months and 11 days !!!
H2O_cluster_name:           H2O_from_python_root_ijoqmh
H2O_cluster_total_nodes:    1
H2O_cluster_free_memory:    15.91 Gb
H2O_cluster_total_cores:    20
H2O_cluster_allowed_cores:  20
H2O_cluster_status:         locked, healthy
H2O_connection_url:         http://localhost:54321
H2O_connection_proxy:       {"http": null, "https": null}
H2O_internal_security:      False
H2O_API_Extensions:         Amazon S3, XGBoost, Algos, AutoML, Core V3, TargetEncoder, Core V4
Python_version:             3.8.10 final
--------------------------  ------------------------------------------------------------------
loading  bayes /data/paper4/model//7/bayes/NaiveBayes_model_python_1647354051846_3088
loading  glm /data/paper4/model//7/glm/GLM_model_python_1647354051846_3092
loading  rf /data/paper4/model//7/rf/DRF_model_python_1647354051846_3109
loading  gbm /data/paper4/model//7/gbm/GBM_model_python_1647354051846_3271
loading  xgboost /data/paper4/model//7/xgboost/XGBoost_model_python_1647361848945_1381
loading  deeplearn /data/paper4/model//7/deeplearn/DeepLearning_model_python_1647354051846_3552
7 glm /data/paper4/test/3.csv
Parse progress: |████████████████████████████████████████████████████████████████| (done) 100%
naivebayes prediction progress: |████████████████████████████████████████████████| (done) 100%
glm prediction progress: |███████████████████████████████████████████████████████| (done) 100%
drf prediction progress: |███████████████████████████████████████████████████████| (done) 100%
gbm prediction progress: |███████████████████████████████████████████████████████| (done) 100%
xgboost prediction progress: |███████████████████████████████████████████████████| (done) 100%
deeplearning prediction progress: |██████████████████████████████████████████████| (done) 100%
7 glm /data/paper4/test/0.csv
Parse progress: |████████████████████████████████████████████████████████████████| (done) 100%
naivebayes prediction progress: |████████████████████████████████████████████████| (done) 100%
glm prediction progress: |███████████████████████████████████████████████████████| (done) 100%
drf prediction progress: |███████████████████████████████████████████████████████| (done) 100%
gbm prediction progress: |███████████████████████████████████████████████████████| (done) 100%
xgboost prediction progress: |███████████████████████████████████████████████████| (done) 100%
deeplearning prediction progress: |██████████████████████████████████████████████| (done) 100%
7 glm /data/paper4/test/2.csv
Parse progress: |████████████████████████████████████████████████████████████████| (done) 100%
naivebayes prediction progress: |████████████████████████████████████████████████| (done) 100%
glm prediction progress: |███████████████████████████████████████████████████████| (done) 100%
drf prediction progress: |███████████████████████████████████████████████████████| (done) 100%
gbm prediction progress: |███████████████████████████████████████████████████████| (done) 100%
xgboost prediction progress: |███████████████████████████████████████████████████| (done) 100%
deeplearning prediction progress: |██████████████████████████████████████████████| (done) 100%
7 glm /data/paper4/test/5.csv
Parse progress: |████████████████████████████████████████████████████████████████| (done) 100%
naivebayes prediction progress: |████████████████████████████████████████████████| (done) 100%
glm prediction progress: |███████████████████████████████████████████████████████| (done) 100%
drf prediction progress: |███████████████████████████████████████████████████████| (done) 100%
gbm prediction progress: |███████████████████████████████████████████████████████| (done) 100%
xgboost prediction progress: |███████████████████████████████████████████████████| (done) 100%
deeplearning prediction progress: |██████████████████████████████████████████████| (done) 100%
7 glm /data/paper4/test/8.csv
Parse progress: |████████████████████████████████████████████████████████████████| (done) 100%
naivebayes prediction progress: |████████████████████████████████████████████████| (done) 100%
glm prediction progress: |███████████████████████████████████████████████████████| (done) 100%
drf prediction progress: |███████████████████████████████████████████████████████| (done) 100%
gbm prediction progress: |███████████████████████████████████████████████████████| (done) 100%
xgboost prediction progress: |███████████████████████████████████████████████████| (done) 100%
deeplearning prediction progress: |██████████████████████████████████████████████| (done) 100%
7 glm /data/paper4/test/7.csv
Parse progress: |████████████████████████████████████████████████████████████████| (done) 100%
naivebayes prediction progress: |████████████████████████████████████████████████| (done) 100%
glm prediction progress: |███████████████████████████████████████████████████████| (done) 100%
drf prediction progress: |███████████████████████████████████████████████████████| (done) 100%
gbm prediction progress: |███████████████████████████████████████████████████████| (done) 100%
xgboost prediction progress: |███████████████████████████████████████████████████| (done) 100%
deeplearning prediction progress: |██████████████████████████████████████████████| (done) 100%
7 glm /data/paper4/test/1.csv
Parse progress: |████████████████████████████████████████████████████████████████| (done) 100%
naivebayes prediction progress: |████████████████████████████████████████████████| (done) 100%
glm prediction progress: |███████████████████████████████████████████████████████| (done) 100%
drf prediction progress: |███████████████████████████████████████████████████████| (done) 100%
gbm prediction progress: |███████████████████████████████████████████████████████| (done) 100%
xgboost prediction progress: |███████████████████████████████████████████████████| (done) 100%
deeplearning prediction progress: |██████████████████████████████████████████████| (done) 100%
7 glm /data/paper4/test/4.csv
Parse progress: |████████████████████████████████████████████████████████████████| (done) 100%
naivebayes prediction progress: |████████████████████████████████████████████████| (done) 100%
glm prediction progress: |███████████████████████████████████████████████████████| (done) 100%
drf prediction progress: |███████████████████████████████████████████████████████| (done) 100%
gbm prediction progress: |███████████████████████████████████████████████████████| (done) 100%
xgboost prediction progress: |███████████████████████████████████████████████████| (done) 100%
deeplearning prediction progress: |██████████████████████████████████████████████| (done) 100%
7 glm /data/paper4/test/6.csv
Parse progress: |████████████████████████████████████████████████████████████████| (done) 100%
naivebayes prediction progress: |████████████████████████████████████████████████| (done) 100%
glm prediction progress: |███████████████████████████████████████████████████████| (done) 100%
drf prediction progress: |███████████████████████████████████████████████████████| (done) 100%
gbm prediction progress: |███████████████████████████████████████████████████████| (done) 100%
xgboost prediction progress: |███████████████████████████████████████████████████| (done) 100%
deeplearning prediction progress: |██████████████████████████████████████████████| (done) 100%
deeplearn
Checking whether there is an H2O instance running at http://localhost:54321 . connected.
Warning: Your H2O cluster version is too old (5 months and 11 days)!Please download and install the latest version from http://h2o.ai/download/
--------------------------  ------------------------------------------------------------------
H2O_cluster_uptime:         2 days 19 hours 47 mins
H2O_cluster_timezone:       Asia/Shanghai
H2O_data_parsing_timezone:  UTC
H2O_cluster_version:        3.34.0.3
H2O_cluster_version_age:    5 months and 11 days !!!
H2O_cluster_name:           H2O_from_python_root_ijoqmh
H2O_cluster_total_nodes:    1
H2O_cluster_free_memory:    15.85 Gb
H2O_cluster_total_cores:    20
H2O_cluster_allowed_cores:  20
H2O_cluster_status:         locked, healthy
H2O_connection_url:         http://localhost:54321
H2O_connection_proxy:       {"http": null, "https": null}
H2O_internal_security:      False
H2O_API_Extensions:         Amazon S3, XGBoost, Algos, AutoML, Core V3, TargetEncoder, Core V4
Python_version:             3.8.10 final
--------------------------  ------------------------------------------------------------------
loading  bayes /data/paper4/model//7/bayes/NaiveBayes_model_python_1647354051846_3088
loading  glm /data/paper4/model//7/glm/GLM_model_python_1647354051846_3092
loading  rf /data/paper4/model//7/rf/DRF_model_python_1647354051846_3109
loading  gbm /data/paper4/model//7/gbm/GBM_model_python_1647354051846_3271
loading  xgboost /data/paper4/model//7/xgboost/XGBoost_model_python_1647361848945_1381
loading  deeplearn /data/paper4/model//7/deeplearn/DeepLearning_model_python_1647354051846_3552
7 deeplearn /data/paper4/test/3.csv
Parse progress: |████████████████████████████████████████████████████████████████| (done) 100%
naivebayes prediction progress: |████████████████████████████████████████████████| (done) 100%
glm prediction progress: |███████████████████████████████████████████████████████| (done) 100%
drf prediction progress: |███████████████████████████████████████████████████████| (done) 100%
gbm prediction progress: |███████████████████████████████████████████████████████| (done) 100%
xgboost prediction progress: |███████████████████████████████████████████████████| (done) 100%
deeplearning prediction progress: |██████████████████████████████████████████████| (done) 100%
7 deeplearn /data/paper4/test/0.csv
Parse progress: |████████████████████████████████████████████████████████████████| (done) 100%
naivebayes prediction progress: |████████████████████████████████████████████████| (done) 100%
glm prediction progress: |███████████████████████████████████████████████████████| (done) 100%
drf prediction progress: |███████████████████████████████████████████████████████| (done) 100%
gbm prediction progress: |███████████████████████████████████████████████████████| (done) 100%
xgboost prediction progress: |███████████████████████████████████████████████████| (done) 100%
deeplearning prediction progress: |██████████████████████████████████████████████| (done) 100%
7 deeplearn /data/paper4/test/2.csv
Parse progress: |████████████████████████████████████████████████████████████████| (done) 100%
naivebayes prediction progress: |████████████████████████████████████████████████| (done) 100%
glm prediction progress: |███████████████████████████████████████████████████████| (done) 100%
drf prediction progress: |███████████████████████████████████████████████████████| (done) 100%
gbm prediction progress: |███████████████████████████████████████████████████████| (done) 100%
xgboost prediction progress: |███████████████████████████████████████████████████| (done) 100%
deeplearning prediction progress: |██████████████████████████████████████████████| (done) 100%
7 deeplearn /data/paper4/test/5.csv
Parse progress: |████████████████████████████████████████████████████████████████| (done) 100%
naivebayes prediction progress: |████████████████████████████████████████████████| (done) 100%
glm prediction progress: |███████████████████████████████████████████████████████| (done) 100%
drf prediction progress: |███████████████████████████████████████████████████████| (done) 100%
gbm prediction progress: |███████████████████████████████████████████████████████| (done) 100%
xgboost prediction progress: |███████████████████████████████████████████████████| (done) 100%
deeplearning prediction progress: |██████████████████████████████████████████████| (done) 100%
7 deeplearn /data/paper4/test/8.csv
Parse progress: |████████████████████████████████████████████████████████████████| (done) 100%
naivebayes prediction progress: |████████████████████████████████████████████████| (done) 100%
glm prediction progress: |███████████████████████████████████████████████████████| (done) 100%
drf prediction progress: |███████████████████████████████████████████████████████| (done) 100%
gbm prediction progress: |███████████████████████████████████████████████████████| (done) 100%
xgboost prediction progress: |███████████████████████████████████████████████████| (done) 100%
deeplearning prediction progress: |██████████████████████████████████████████████| (done) 100%
7 deeplearn /data/paper4/test/7.csv
Parse progress: |████████████████████████████████████████████████████████████████| (done) 100%
naivebayes prediction progress: |████████████████████████████████████████████████| (done) 100%
glm prediction progress: |███████████████████████████████████████████████████████| (done) 100%
drf prediction progress: |███████████████████████████████████████████████████████| (done) 100%
gbm prediction progress: |███████████████████████████████████████████████████████| (done) 100%
xgboost prediction progress: |███████████████████████████████████████████████████| (done) 100%
deeplearning prediction progress: |██████████████████████████████████████████████| (done) 100%
7 deeplearn /data/paper4/test/1.csv
Parse progress: |████████████████████████████████████████████████████████████████| (done) 100%
naivebayes prediction progress: |████████████████████████████████████████████████| (done) 100%
glm prediction progress: |███████████████████████████████████████████████████████| (done) 100%
drf prediction progress: |███████████████████████████████████████████████████████| (done) 100%
gbm prediction progress: |███████████████████████████████████████████████████████| (done) 100%
xgboost prediction progress: |███████████████████████████████████████████████████| (done) 100%
deeplearning prediction progress: |██████████████████████████████████████████████| (done) 100%
7 deeplearn /data/paper4/test/4.csv
Parse progress: |████████████████████████████████████████████████████████████████| (done) 100%
naivebayes prediction progress: |████████████████████████████████████████████████| (done) 100%
glm prediction progress: |███████████████████████████████████████████████████████| (done) 100%
drf prediction progress: |███████████████████████████████████████████████████████| (done) 100%
gbm prediction progress: |███████████████████████████████████████████████████████| (done) 100%
xgboost prediction progress: |███████████████████████████████████████████████████| (done) 100%
deeplearning prediction progress: |██████████████████████████████████████████████| (done) 100%
7 deeplearn /data/paper4/test/6.csv
Parse progress: |████████████████████████████████████████████████████████████████| (done) 100%
naivebayes prediction progress: |████████████████████████████████████████████████| (done) 100%
glm prediction progress: |███████████████████████████████████████████████████████| (done) 100%
drf prediction progress: |███████████████████████████████████████████████████████| (done) 100%
gbm prediction progress: |███████████████████████████████████████████████████████| (done) 100%
xgboost prediction progress: |███████████████████████████████████████████████████| (done) 100%
deeplearning prediction progress: |██████████████████████████████████████████████| (done) 100%
gbm
Checking whether there is an H2O instance running at http://localhost:54321 . connected.
Warning: Your H2O cluster version is too old (5 months and 11 days)!Please download and install the latest version from http://h2o.ai/download/
--------------------------  ------------------------------------------------------------------
H2O_cluster_uptime:         2 days 19 hours 48 mins
H2O_cluster_timezone:       Asia/Shanghai
H2O_data_parsing_timezone:  UTC
H2O_cluster_version:        3.34.0.3
H2O_cluster_version_age:    5 months and 11 days !!!
H2O_cluster_name:           H2O_from_python_root_ijoqmh
H2O_cluster_total_nodes:    1
H2O_cluster_free_memory:    15.79 Gb
H2O_cluster_total_cores:    20
H2O_cluster_allowed_cores:  20
H2O_cluster_status:         locked, healthy
H2O_connection_url:         http://localhost:54321
H2O_connection_proxy:       {"http": null, "https": null}
H2O_internal_security:      False
H2O_API_Extensions:         Amazon S3, XGBoost, Algos, AutoML, Core V3, TargetEncoder, Core V4
Python_version:             3.8.10 final
--------------------------  ------------------------------------------------------------------
loading  bayes /data/paper4/model//7/bayes/NaiveBayes_model_python_1647354051846_3088
loading  glm /data/paper4/model//7/glm/GLM_model_python_1647354051846_3092
loading  rf /data/paper4/model//7/rf/DRF_model_python_1647354051846_3109
loading  gbm /data/paper4/model//7/gbm/GBM_model_python_1647354051846_3271
loading  xgboost /data/paper4/model//7/xgboost/XGBoost_model_python_1647361848945_1381
loading  deeplearn /data/paper4/model//7/deeplearn/DeepLearning_model_python_1647354051846_3552
7 gbm /data/paper4/test/3.csv
Parse progress: |████████████████████████████████████████████████████████████████| (done) 100%
naivebayes prediction progress: |████████████████████████████████████████████████| (done) 100%
glm prediction progress: |███████████████████████████████████████████████████████| (done) 100%
drf prediction progress: |███████████████████████████████████████████████████████| (done) 100%
gbm prediction progress: |███████████████████████████████████████████████████████| (done) 100%
xgboost prediction progress: |███████████████████████████████████████████████████| (done) 100%
deeplearning prediction progress: |██████████████████████████████████████████████| (done) 100%
7 gbm /data/paper4/test/0.csv
Parse progress: |████████████████████████████████████████████████████████████████| (done) 100%
naivebayes prediction progress: |████████████████████████████████████████████████| (done) 100%
glm prediction progress: |███████████████████████████████████████████████████████| (done) 100%
drf prediction progress: |███████████████████████████████████████████████████████| (done) 100%
gbm prediction progress: |███████████████████████████████████████████████████████| (done) 100%
xgboost prediction progress: |███████████████████████████████████████████████████| (done) 100%
deeplearning prediction progress: |██████████████████████████████████████████████| (done) 100%
7 gbm /data/paper4/test/2.csv
Parse progress: |████████████████████████████████████████████████████████████████| (done) 100%
naivebayes prediction progress: |████████████████████████████████████████████████| (done) 100%
glm prediction progress: |███████████████████████████████████████████████████████| (done) 100%
drf prediction progress: |███████████████████████████████████████████████████████| (done) 100%
gbm prediction progress: |███████████████████████████████████████████████████████| (done) 100%
xgboost prediction progress: |███████████████████████████████████████████████████| (done) 100%
deeplearning prediction progress: |██████████████████████████████████████████████| (done) 100%
7 gbm /data/paper4/test/5.csv
Parse progress: |████████████████████████████████████████████████████████████████| (done) 100%
naivebayes prediction progress: |████████████████████████████████████████████████| (done) 100%
glm prediction progress: |███████████████████████████████████████████████████████| (done) 100%
drf prediction progress: |███████████████████████████████████████████████████████| (done) 100%
gbm prediction progress: |███████████████████████████████████████████████████████| (done) 100%
xgboost prediction progress: |███████████████████████████████████████████████████| (done) 100%
deeplearning prediction progress: |██████████████████████████████████████████████| (done) 100%
7 gbm /data/paper4/test/8.csv
Parse progress: |████████████████████████████████████████████████████████████████| (done) 100%
naivebayes prediction progress: |████████████████████████████████████████████████| (done) 100%
glm prediction progress: |███████████████████████████████████████████████████████| (done) 100%
drf prediction progress: |███████████████████████████████████████████████████████| (done) 100%
gbm prediction progress: |███████████████████████████████████████████████████████| (done) 100%
xgboost prediction progress: |███████████████████████████████████████████████████| (done) 100%
deeplearning prediction progress: |██████████████████████████████████████████████| (done) 100%
7 gbm /data/paper4/test/7.csv
Parse progress: |████████████████████████████████████████████████████████████████| (done) 100%
naivebayes prediction progress: |████████████████████████████████████████████████| (done) 100%
glm prediction progress: |███████████████████████████████████████████████████████| (done) 100%
drf prediction progress: |███████████████████████████████████████████████████████| (done) 100%
gbm prediction progress: |███████████████████████████████████████████████████████| (done) 100%
xgboost prediction progress: |███████████████████████████████████████████████████| (done) 100%
deeplearning prediction progress: |██████████████████████████████████████████████| (done) 100%
7 gbm /data/paper4/test/1.csv
Parse progress: |████████████████████████████████████████████████████████████████| (done) 100%
naivebayes prediction progress: |████████████████████████████████████████████████| (done) 100%
glm prediction progress: |███████████████████████████████████████████████████████| (done) 100%
drf prediction progress: |███████████████████████████████████████████████████████| (done) 100%
gbm prediction progress: |███████████████████████████████████████████████████████| (done) 100%
xgboost prediction progress: |███████████████████████████████████████████████████| (done) 100%
deeplearning prediction progress: |██████████████████████████████████████████████| (done) 100%
7 gbm /data/paper4/test/4.csv
Parse progress: |████████████████████████████████████████████████████████████████| (done) 100%
naivebayes prediction progress: |████████████████████████████████████████████████| (done) 100%
glm prediction progress: |███████████████████████████████████████████████████████| (done) 100%
drf prediction progress: |███████████████████████████████████████████████████████| (done) 100%
gbm prediction progress: |███████████████████████████████████████████████████████| (done) 100%
xgboost prediction progress: |███████████████████████████████████████████████████| (done) 100%
deeplearning prediction progress: |██████████████████████████████████████████████| (done) 100%
7 gbm /data/paper4/test/6.csv
Parse progress: |████████████████████████████████████████████████████████████████| (done) 100%
naivebayes prediction progress: |████████████████████████████████████████████████| (done) 100%
glm prediction progress: |███████████████████████████████████████████████████████| (done) 100%
drf prediction progress: |███████████████████████████████████████████████████████| (done) 100%
gbm prediction progress: |███████████████████████████████████████████████████████| (done) 100%
xgboost prediction progress: |███████████████████████████████████████████████████| (done) 100%
deeplearning prediction progress: |██████████████████████████████████████████████| (done) 100%
cnn
7 cnn /data/paper4/test/3.csv
7 cnn /data/paper4/test/0.csv
7 cnn /data/paper4/test/2.csv
7 cnn /data/paper4/test/5.csv
7 cnn /data/paper4/test/8.csv
7 cnn /data/paper4/test/7.csv
7 cnn /data/paper4/test/1.csv
7 cnn /data/paper4/test/4.csv
7 cnn /data/paper4/test/6.csv
xgboost
Checking whether there is an H2O instance running at http://localhost:54321 . connected.
Warning: Your H2O cluster version is too old (5 months and 11 days)!Please download and install the latest version from http://h2o.ai/download/
--------------------------  ------------------------------------------------------------------
H2O_cluster_uptime:         2 days 19 hours 49 mins
H2O_cluster_timezone:       Asia/Shanghai
H2O_data_parsing_timezone:  UTC
H2O_cluster_version:        3.34.0.3
H2O_cluster_version_age:    5 months and 11 days !!!
H2O_cluster_name:           H2O_from_python_root_ijoqmh
H2O_cluster_total_nodes:    1
H2O_cluster_free_memory:    15.73 Gb
H2O_cluster_total_cores:    20
H2O_cluster_allowed_cores:  20
H2O_cluster_status:         locked, healthy
H2O_connection_url:         http://localhost:54321
H2O_connection_proxy:       {"http": null, "https": null}
H2O_internal_security:      False
H2O_API_Extensions:         Amazon S3, XGBoost, Algos, AutoML, Core V3, TargetEncoder, Core V4
Python_version:             3.8.10 final
--------------------------  ------------------------------------------------------------------
loading  bayes /data/paper4/model//7/bayes/NaiveBayes_model_python_1647354051846_3088
loading  glm /data/paper4/model//7/glm/GLM_model_python_1647354051846_3092
loading  rf /data/paper4/model//7/rf/DRF_model_python_1647354051846_3109
loading  gbm /data/paper4/model//7/gbm/GBM_model_python_1647354051846_3271
loading  xgboost /data/paper4/model//7/xgboost/XGBoost_model_python_1647361848945_1381
loading  deeplearn /data/paper4/model//7/deeplearn/DeepLearning_model_python_1647354051846_3552
7 xgboost /data/paper4/test/3.csv
Parse progress: |████████████████████████████████████████████████████████████████| (done) 100%
naivebayes prediction progress: |████████████████████████████████████████████████| (done) 100%
glm prediction progress: |███████████████████████████████████████████████████████| (done) 100%
drf prediction progress: |███████████████████████████████████████████████████████| (done) 100%
gbm prediction progress: |███████████████████████████████████████████████████████| (done) 100%
xgboost prediction progress: |███████████████████████████████████████████████████| (done) 100%
deeplearning prediction progress: |██████████████████████████████████████████████| (done) 100%
7 xgboost /data/paper4/test/0.csv
Parse progress: |████████████████████████████████████████████████████████████████| (done) 100%
naivebayes prediction progress: |████████████████████████████████████████████████| (done) 100%
glm prediction progress: |███████████████████████████████████████████████████████| (done) 100%
drf prediction progress: |███████████████████████████████████████████████████████| (done) 100%
gbm prediction progress: |███████████████████████████████████████████████████████| (done) 100%
xgboost prediction progress: |███████████████████████████████████████████████████| (done) 100%
deeplearning prediction progress: |██████████████████████████████████████████████| (done) 100%
7 xgboost /data/paper4/test/2.csv
Parse progress: |████████████████████████████████████████████████████████████████| (done) 100%
naivebayes prediction progress: |████████████████████████████████████████████████| (done) 100%
glm prediction progress: |███████████████████████████████████████████████████████| (done) 100%
drf prediction progress: |███████████████████████████████████████████████████████| (done) 100%
gbm prediction progress: |███████████████████████████████████████████████████████| (done) 100%
xgboost prediction progress: |███████████████████████████████████████████████████| (done) 100%
deeplearning prediction progress: |██████████████████████████████████████████████| (done) 100%
7 xgboost /data/paper4/test/5.csv
Parse progress: |████████████████████████████████████████████████████████████████| (done) 100%
naivebayes prediction progress: |████████████████████████████████████████████████| (done) 100%
glm prediction progress: |███████████████████████████████████████████████████████| (done) 100%
drf prediction progress: |███████████████████████████████████████████████████████| (done) 100%
gbm prediction progress: |███████████████████████████████████████████████████████| (done) 100%
xgboost prediction progress: |███████████████████████████████████████████████████| (done) 100%
deeplearning prediction progress: |██████████████████████████████████████████████| (done) 100%
7 xgboost /data/paper4/test/8.csv
Parse progress: |████████████████████████████████████████████████████████████████| (done) 100%
naivebayes prediction progress: |████████████████████████████████████████████████| (done) 100%
glm prediction progress: |███████████████████████████████████████████████████████| (done) 100%
drf prediction progress: |███████████████████████████████████████████████████████| (done) 100%
gbm prediction progress: |███████████████████████████████████████████████████████| (done) 100%
xgboost prediction progress: |███████████████████████████████████████████████████| (done) 100%
deeplearning prediction progress: |██████████████████████████████████████████████| (done) 100%
7 xgboost /data/paper4/test/7.csv
Parse progress: |████████████████████████████████████████████████████████████████| (done) 100%
naivebayes prediction progress: |████████████████████████████████████████████████| (done) 100%
glm prediction progress: |███████████████████████████████████████████████████████| (done) 100%
drf prediction progress: |███████████████████████████████████████████████████████| (done) 100%
gbm prediction progress: |███████████████████████████████████████████████████████| (done) 100%
xgboost prediction progress: |███████████████████████████████████████████████████| (done) 100%
deeplearning prediction progress: |██████████████████████████████████████████████| (done) 100%
7 xgboost /data/paper4/test/1.csv
Parse progress: |████████████████████████████████████████████████████████████████| (done) 100%
naivebayes prediction progress: |████████████████████████████████████████████████| (done) 100%
glm prediction progress: |███████████████████████████████████████████████████████| (done) 100%
drf prediction progress: |███████████████████████████████████████████████████████| (done) 100%
gbm prediction progress: |███████████████████████████████████████████████████████| (done) 100%
xgboost prediction progress: |███████████████████████████████████████████████████| (done) 100%
deeplearning prediction progress: |██████████████████████████████████████████████| (done) 100%
7 xgboost /data/paper4/test/4.csv
Parse progress: |████████████████████████████████████████████████████████████████| (done) 100%
naivebayes prediction progress: |████████████████████████████████████████████████| (done) 100%
glm prediction progress: |███████████████████████████████████████████████████████| (done) 100%
drf prediction progress: |███████████████████████████████████████████████████████| (done) 100%
gbm prediction progress: |███████████████████████████████████████████████████████| (done) 100%
xgboost prediction progress: |███████████████████████████████████████████████████| (done) 100%
deeplearning prediction progress: |██████████████████████████████████████████████| (done) 100%
7 xgboost /data/paper4/test/6.csv
Parse progress: |████████████████████████████████████████████████████████████████| (done) 100%
naivebayes prediction progress: |████████████████████████████████████████████████| (done) 100%
glm prediction progress: |███████████████████████████████████████████████████████| (done) 100%
drf prediction progress: |███████████████████████████████████████████████████████| (done) 100%
gbm prediction progress: |███████████████████████████████████████████████████████| (done) 100%
xgboost prediction progress: |███████████████████████████████████████████████████| (done) 100%
deeplearning prediction progress: |██████████████████████████████████████████████| (done) 100%
svm
SVM /data/paper4/model/7/svm/sklearn_model_python_svm.pkl
7 svm /data/paper4/test/3.csv
[Parallel(n_jobs=22)]: Using backend LokyBackend with 22 concurrent workers.
[Parallel(n_jobs=22)]: Done   2 out of  22 | elapsed:   30.1s remaining:  5.0min
[Parallel(n_jobs=22)]: Done  22 out of  22 | elapsed:   36.3s finished
7 svm /data/paper4/test/0.csv
[Parallel(n_jobs=22)]: Using backend LokyBackend with 22 concurrent workers.
[Parallel(n_jobs=22)]: Done   2 out of  22 | elapsed:   30.8s remaining:  5.1min
[Parallel(n_jobs=22)]: Done  22 out of  22 | elapsed:   36.7s finished
7 svm /data/paper4/test/2.csv
[Parallel(n_jobs=22)]: Using backend LokyBackend with 22 concurrent workers.
[Parallel(n_jobs=22)]: Done   2 out of  22 | elapsed:   32.7s remaining:  5.5min
[Parallel(n_jobs=22)]: Done  22 out of  22 | elapsed:   38.9s finished
7 svm /data/paper4/test/5.csv
[Parallel(n_jobs=22)]: Using backend LokyBackend with 22 concurrent workers.
[Parallel(n_jobs=22)]: Done   2 out of  22 | elapsed:   31.4s remaining:  5.2min
[Parallel(n_jobs=22)]: Done  22 out of  22 | elapsed:   38.1s finished
7 svm /data/paper4/test/8.csv
[Parallel(n_jobs=22)]: Using backend LokyBackend with 22 concurrent workers.
[Parallel(n_jobs=22)]: Done   2 out of  22 | elapsed:   33.1s remaining:  5.5min
[Parallel(n_jobs=22)]: Done  22 out of  22 | elapsed:   38.6s finished
7 svm /data/paper4/test/7.csv
[Parallel(n_jobs=22)]: Using backend LokyBackend with 22 concurrent workers.
[Parallel(n_jobs=22)]: Done   2 out of  22 | elapsed:   33.4s remaining:  5.6min
[Parallel(n_jobs=22)]: Done  22 out of  22 | elapsed:   40.6s finished
7 svm /data/paper4/test/1.csv
[Parallel(n_jobs=22)]: Using backend LokyBackend with 22 concurrent workers.
[Parallel(n_jobs=22)]: Done   2 out of  22 | elapsed:   35.0s remaining:  5.8min
[Parallel(n_jobs=22)]: Done  22 out of  22 | elapsed:   41.6s finished
7 svm /data/paper4/test/4.csv
[Parallel(n_jobs=22)]: Using backend LokyBackend with 22 concurrent workers.
[Parallel(n_jobs=22)]: Done   2 out of  22 | elapsed:   31.0s remaining:  5.2min
[Parallel(n_jobs=22)]: Done  22 out of  22 | elapsed:   36.1s finished
7 svm /data/paper4/test/6.csv
[Parallel(n_jobs=22)]: Using backend LokyBackend with 22 concurrent workers.
[Parallel(n_jobs=22)]: Done   2 out of  22 | elapsed:   35.0s remaining:  5.8min
[Parallel(n_jobs=22)]: Done  22 out of  22 | elapsed:   41.0s finished
bayes
Checking whether there is an H2O instance running at http://localhost:54321 . connected.
Warning: Your H2O cluster version is too old (5 months and 11 days)!Please download and install the latest version from http://h2o.ai/download/
--------------------------  ------------------------------------------------------------------
H2O_cluster_uptime:         2 days 19 hours 56 mins
H2O_cluster_timezone:       Asia/Shanghai
H2O_data_parsing_timezone:  UTC
H2O_cluster_version:        3.34.0.3
H2O_cluster_version_age:    5 months and 11 days !!!
H2O_cluster_name:           H2O_from_python_root_ijoqmh
H2O_cluster_total_nodes:    1
H2O_cluster_free_memory:    15.67 Gb
H2O_cluster_total_cores:    20
H2O_cluster_allowed_cores:  20
H2O_cluster_status:         locked, healthy
H2O_connection_url:         http://localhost:54321
H2O_connection_proxy:       {"http": null, "https": null}
H2O_internal_security:      False
H2O_API_Extensions:         Amazon S3, XGBoost, Algos, AutoML, Core V3, TargetEncoder, Core V4
Python_version:             3.8.10 final
--------------------------  ------------------------------------------------------------------
loading  bayes /data/paper4/model//7/bayes/NaiveBayes_model_python_1647354051846_3088
loading  glm /data/paper4/model//7/glm/GLM_model_python_1647354051846_3092
loading  rf /data/paper4/model//7/rf/DRF_model_python_1647354051846_3109
loading  gbm /data/paper4/model//7/gbm/GBM_model_python_1647354051846_3271
loading  xgboost /data/paper4/model//7/xgboost/XGBoost_model_python_1647361848945_1381
loading  deeplearn /data/paper4/model//7/deeplearn/DeepLearning_model_python_1647354051846_3552
7 bayes /data/paper4/test/3.csv
Parse progress: |████████████████████████████████████████████████████████████████| (done) 100%
naivebayes prediction progress: |████████████████████████████████████████████████| (done) 100%
glm prediction progress: |███████████████████████████████████████████████████████| (done) 100%
drf prediction progress: |███████████████████████████████████████████████████████| (done) 100%
gbm prediction progress: |███████████████████████████████████████████████████████| (done) 100%
xgboost prediction progress: |███████████████████████████████████████████████████| (done) 100%
deeplearning prediction progress: |██████████████████████████████████████████████| (done) 100%
7 bayes /data/paper4/test/0.csv
Parse progress: |████████████████████████████████████████████████████████████████| (done) 100%
naivebayes prediction progress: |████████████████████████████████████████████████| (done) 100%
glm prediction progress: |███████████████████████████████████████████████████████| (done) 100%
drf prediction progress: |███████████████████████████████████████████████████████| (done) 100%
gbm prediction progress: |███████████████████████████████████████████████████████| (done) 100%
xgboost prediction progress: |███████████████████████████████████████████████████| (done) 100%
deeplearning prediction progress: |██████████████████████████████████████████████| (done) 100%
7 bayes /data/paper4/test/2.csv
Parse progress: |████████████████████████████████████████████████████████████████| (done) 100%
naivebayes prediction progress: |████████████████████████████████████████████████| (done) 100%
glm prediction progress: |███████████████████████████████████████████████████████| (done) 100%
drf prediction progress: |███████████████████████████████████████████████████████| (done) 100%
gbm prediction progress: |███████████████████████████████████████████████████████| (done) 100%
xgboost prediction progress: |███████████████████████████████████████████████████| (done) 100%
deeplearning prediction progress: |██████████████████████████████████████████████| (done) 100%
7 bayes /data/paper4/test/5.csv
Parse progress: |████████████████████████████████████████████████████████████████| (done) 100%
naivebayes prediction progress: |████████████████████████████████████████████████| (done) 100%
glm prediction progress: |███████████████████████████████████████████████████████| (done) 100%
drf prediction progress: |███████████████████████████████████████████████████████| (done) 100%
gbm prediction progress: |███████████████████████████████████████████████████████| (done) 100%
xgboost prediction progress: |███████████████████████████████████████████████████| (done) 100%
deeplearning prediction progress: |██████████████████████████████████████████████| (done) 100%
7 bayes /data/paper4/test/8.csv
Parse progress: |████████████████████████████████████████████████████████████████| (done) 100%
naivebayes prediction progress: |████████████████████████████████████████████████| (done) 100%
glm prediction progress: |███████████████████████████████████████████████████████| (done) 100%
drf prediction progress: |███████████████████████████████████████████████████████| (done) 100%
gbm prediction progress: |███████████████████████████████████████████████████████| (done) 100%
xgboost prediction progress: |███████████████████████████████████████████████████| (done) 100%
deeplearning prediction progress: |██████████████████████████████████████████████| (done) 100%
7 bayes /data/paper4/test/7.csv
Parse progress: |████████████████████████████████████████████████████████████████| (done) 100%
naivebayes prediction progress: |████████████████████████████████████████████████| (done) 100%
glm prediction progress: |███████████████████████████████████████████████████████| (done) 100%
drf prediction progress: |███████████████████████████████████████████████████████| (done) 100%
gbm prediction progress: |███████████████████████████████████████████████████████| (done) 100%
xgboost prediction progress: |███████████████████████████████████████████████████| (done) 100%
deeplearning prediction progress: |██████████████████████████████████████████████| (done) 100%
7 bayes /data/paper4/test/1.csv
Parse progress: |████████████████████████████████████████████████████████████████| (done) 100%
naivebayes prediction progress: |████████████████████████████████████████████████| (done) 100%
glm prediction progress: |███████████████████████████████████████████████████████| (done) 100%
drf prediction progress: |███████████████████████████████████████████████████████| (done) 100%
gbm prediction progress: |███████████████████████████████████████████████████████| (done) 100%
xgboost prediction progress: |███████████████████████████████████████████████████| (done) 100%
deeplearning prediction progress: |██████████████████████████████████████████████| (done) 100%
7 bayes /data/paper4/test/4.csv
Parse progress: |████████████████████████████████████████████████████████████████| (done) 100%
naivebayes prediction progress: |████████████████████████████████████████████████| (done) 100%
glm prediction progress: |███████████████████████████████████████████████████████| (done) 100%
drf prediction progress: |███████████████████████████████████████████████████████| (done) 100%
gbm prediction progress: |███████████████████████████████████████████████████████| (done) 100%
xgboost prediction progress: |███████████████████████████████████████████████████| (done) 100%
deeplearning prediction progress: |██████████████████████████████████████████████| (done) 100%
7 bayes /data/paper4/test/6.csv
Parse progress: |████████████████████████████████████████████████████████████████| (done) 100%
naivebayes prediction progress: |████████████████████████████████████████████████| (done) 100%
glm prediction progress: |███████████████████████████████████████████████████████| (done) 100%
drf prediction progress: |███████████████████████████████████████████████████████| (done) 100%
gbm prediction progress: |███████████████████████████████████████████████████████| (done) 100%
xgboost prediction progress: |███████████████████████████████████████████████████| (done) 100%
deeplearning prediction progress: |██████████████████████████████████████████████| (done) 100%
rf
Checking whether there is an H2O instance running at http://localhost:54321 . connected.
Warning: Your H2O cluster version is too old (5 months and 11 days)!Please download and install the latest version from http://h2o.ai/download/
--------------------------  ------------------------------------------------------------------
H2O_cluster_uptime:         2 days 19 hours 56 mins
H2O_cluster_timezone:       Asia/Shanghai
H2O_data_parsing_timezone:  UTC
H2O_cluster_version:        3.34.0.3
H2O_cluster_version_age:    5 months and 11 days !!!
H2O_cluster_name:           H2O_from_python_root_ijoqmh
H2O_cluster_total_nodes:    1
H2O_cluster_free_memory:    15.61 Gb
H2O_cluster_total_cores:    20
H2O_cluster_allowed_cores:  20
H2O_cluster_status:         locked, healthy
H2O_connection_url:         http://localhost:54321
H2O_connection_proxy:       {"http": null, "https": null}
H2O_internal_security:      False
H2O_API_Extensions:         Amazon S3, XGBoost, Algos, AutoML, Core V3, TargetEncoder, Core V4
Python_version:             3.8.10 final
--------------------------  ------------------------------------------------------------------
loading  bayes /data/paper4/model//7/bayes/NaiveBayes_model_python_1647354051846_3088
loading  glm /data/paper4/model//7/glm/GLM_model_python_1647354051846_3092
loading  rf /data/paper4/model//7/rf/DRF_model_python_1647354051846_3109
loading  gbm /data/paper4/model//7/gbm/GBM_model_python_1647354051846_3271
loading  xgboost /data/paper4/model//7/xgboost/XGBoost_model_python_1647361848945_1381
loading  deeplearn /data/paper4/model//7/deeplearn/DeepLearning_model_python_1647354051846_3552
7 rf /data/paper4/test/3.csv
Parse progress: |████████████████████████████████████████████████████████████████| (done) 100%
naivebayes prediction progress: |████████████████████████████████████████████████| (done) 100%
glm prediction progress: |███████████████████████████████████████████████████████| (done) 100%
drf prediction progress: |███████████████████████████████████████████████████████| (done) 100%
gbm prediction progress: |███████████████████████████████████████████████████████| (done) 100%
xgboost prediction progress: |███████████████████████████████████████████████████| (done) 100%
deeplearning prediction progress: |██████████████████████████████████████████████| (done) 100%
7 rf /data/paper4/test/0.csv
Parse progress: |████████████████████████████████████████████████████████████████| (done) 100%
naivebayes prediction progress: |████████████████████████████████████████████████| (done) 100%
glm prediction progress: |███████████████████████████████████████████████████████| (done) 100%
drf prediction progress: |███████████████████████████████████████████████████████| (done) 100%
gbm prediction progress: |███████████████████████████████████████████████████████| (done) 100%
xgboost prediction progress: |███████████████████████████████████████████████████| (done) 100%
deeplearning prediction progress: |██████████████████████████████████████████████| (done) 100%
7 rf /data/paper4/test/2.csv
Parse progress: |████████████████████████████████████████████████████████████████| (done) 100%
naivebayes prediction progress: |████████████████████████████████████████████████| (done) 100%
glm prediction progress: |███████████████████████████████████████████████████████| (done) 100%
drf prediction progress: |███████████████████████████████████████████████████████| (done) 100%
gbm prediction progress: |███████████████████████████████████████████████████████| (done) 100%
xgboost prediction progress: |███████████████████████████████████████████████████| (done) 100%
deeplearning prediction progress: |██████████████████████████████████████████████| (done) 100%
7 rf /data/paper4/test/5.csv
Parse progress: |████████████████████████████████████████████████████████████████| (done) 100%
naivebayes prediction progress: |████████████████████████████████████████████████| (done) 100%
glm prediction progress: |███████████████████████████████████████████████████████| (done) 100%
drf prediction progress: |███████████████████████████████████████████████████████| (done) 100%
gbm prediction progress: |███████████████████████████████████████████████████████| (done) 100%
xgboost prediction progress: |███████████████████████████████████████████████████| (done) 100%
deeplearning prediction progress: |██████████████████████████████████████████████| (done) 100%
7 rf /data/paper4/test/8.csv
Parse progress: |████████████████████████████████████████████████████████████████| (done) 100%
naivebayes prediction progress: |████████████████████████████████████████████████| (done) 100%
glm prediction progress: |███████████████████████████████████████████████████████| (done) 100%
drf prediction progress: |███████████████████████████████████████████████████████| (done) 100%
gbm prediction progress: |███████████████████████████████████████████████████████| (done) 100%
xgboost prediction progress: |███████████████████████████████████████████████████| (done) 100%
deeplearning prediction progress: |██████████████████████████████████████████████| (done) 100%
7 rf /data/paper4/test/7.csv
Parse progress: |████████████████████████████████████████████████████████████████| (done) 100%
naivebayes prediction progress: |████████████████████████████████████████████████| (done) 100%
glm prediction progress: |███████████████████████████████████████████████████████| (done) 100%
drf prediction progress: |███████████████████████████████████████████████████████| (done) 100%
gbm prediction progress: |███████████████████████████████████████████████████████| (done) 100%
xgboost prediction progress: |███████████████████████████████████████████████████| (done) 100%
deeplearning prediction progress: |██████████████████████████████████████████████| (done) 100%
7 rf /data/paper4/test/1.csv
Parse progress: |████████████████████████████████████████████████████████████████| (done) 100%
naivebayes prediction progress: |████████████████████████████████████████████████| (done) 100%
glm prediction progress: |███████████████████████████████████████████████████████| (done) 100%
drf prediction progress: |███████████████████████████████████████████████████████| (done) 100%
gbm prediction progress: |███████████████████████████████████████████████████████| (done) 100%
xgboost prediction progress: |███████████████████████████████████████████████████| (done) 100%
deeplearning prediction progress: |██████████████████████████████████████████████| (done) 100%
7 rf /data/paper4/test/4.csv
Parse progress: |████████████████████████████████████████████████████████████████| (done) 100%
naivebayes prediction progress: |████████████████████████████████████████████████| (done) 100%
glm prediction progress: |███████████████████████████████████████████████████████| (done) 100%
drf prediction progress: |███████████████████████████████████████████████████████| (done) 100%
gbm prediction progress: |███████████████████████████████████████████████████████| (done) 100%
xgboost prediction progress: |███████████████████████████████████████████████████| (done) 100%
deeplearning prediction progress: |██████████████████████████████████████████████| (done) 100%
7 rf /data/paper4/test/6.csv
Parse progress: |████████████████████████████████████████████████████████████████| (done) 100%
naivebayes prediction progress: |████████████████████████████████████████████████| (done) 100%
glm prediction progress: |███████████████████████████████████████████████████████| (done) 100%
drf prediction progress: |███████████████████████████████████████████████████████| (done) 100%
gbm prediction progress: |███████████████████████████████████████████████████████| (done) 100%
xgboost prediction progress: |███████████████████████████████████████████████████| (done) 100%
deeplearning prediction progress: |██████████████████████████████████████████████| (done) 100%
glm
Checking whether there is an H2O instance running at http://localhost:54321 . connected.
Warning: Your H2O cluster version is too old (5 months and 11 days)!Please download and install the latest version from http://h2o.ai/download/
--------------------------  ------------------------------------------------------------------
H2O_cluster_uptime:         2 days 19 hours 57 mins
H2O_cluster_timezone:       Asia/Shanghai
H2O_data_parsing_timezone:  UTC
H2O_cluster_version:        3.34.0.3
H2O_cluster_version_age:    5 months and 11 days !!!
H2O_cluster_name:           H2O_from_python_root_ijoqmh
H2O_cluster_total_nodes:    1
H2O_cluster_free_memory:    15.55 Gb
H2O_cluster_total_cores:    20
H2O_cluster_allowed_cores:  20
H2O_cluster_status:         locked, healthy
H2O_connection_url:         http://localhost:54321
H2O_connection_proxy:       {"http": null, "https": null}
H2O_internal_security:      False
H2O_API_Extensions:         Amazon S3, XGBoost, Algos, AutoML, Core V3, TargetEncoder, Core V4
Python_version:             3.8.10 final
--------------------------  ------------------------------------------------------------------
loading  bayes /data/paper4/model//8/bayes/NaiveBayes_model_python_1647354051846_2519
loading  glm /data/paper4/model//8/glm/GLM_model_python_1647354051846_2523
loading  rf /data/paper4/model//8/rf/DRF_model_python_1647354051846_2540
loading  gbm /data/paper4/model//8/gbm/GBM_model_python_1647354051846_2700
loading  xgboost /data/paper4/model//8/xgboost/XGBoost_model_python_1647361848945_1138
loading  deeplearn /data/paper4/model//8/deeplearn/DeepLearning_model_python_1647354051846_2953
8 glm /data/paper4/test/3.csv
Parse progress: |████████████████████████████████████████████████████████████████| (done) 100%
naivebayes prediction progress: |████████████████████████████████████████████████| (done) 100%
glm prediction progress: |███████████████████████████████████████████████████████| (done) 100%
drf prediction progress: |███████████████████████████████████████████████████████| (done) 100%
gbm prediction progress: |███████████████████████████████████████████████████████| (done) 100%
xgboost prediction progress: |███████████████████████████████████████████████████| (done) 100%
deeplearning prediction progress: |██████████████████████████████████████████████| (done) 100%
8 glm /data/paper4/test/0.csv
Parse progress: |████████████████████████████████████████████████████████████████| (done) 100%
naivebayes prediction progress: |████████████████████████████████████████████████| (done) 100%
glm prediction progress: |███████████████████████████████████████████████████████| (done) 100%
drf prediction progress: |███████████████████████████████████████████████████████| (done) 100%
gbm prediction progress: |███████████████████████████████████████████████████████| (done) 100%
xgboost prediction progress: |███████████████████████████████████████████████████| (done) 100%
deeplearning prediction progress: |██████████████████████████████████████████████| (done) 100%
8 glm /data/paper4/test/2.csv
Parse progress: |████████████████████████████████████████████████████████████████| (done) 100%
naivebayes prediction progress: |████████████████████████████████████████████████| (done) 100%
glm prediction progress: |███████████████████████████████████████████████████████| (done) 100%
drf prediction progress: |███████████████████████████████████████████████████████| (done) 100%
gbm prediction progress: |███████████████████████████████████████████████████████| (done) 100%
xgboost prediction progress: |███████████████████████████████████████████████████| (done) 100%
deeplearning prediction progress: |██████████████████████████████████████████████| (done) 100%
8 glm /data/paper4/test/5.csv
Parse progress: |████████████████████████████████████████████████████████████████| (done) 100%
naivebayes prediction progress: |████████████████████████████████████████████████| (done) 100%
glm prediction progress: |███████████████████████████████████████████████████████| (done) 100%
drf prediction progress: |███████████████████████████████████████████████████████| (done) 100%
gbm prediction progress: |███████████████████████████████████████████████████████| (done) 100%
xgboost prediction progress: |███████████████████████████████████████████████████| (done) 100%
deeplearning prediction progress: |██████████████████████████████████████████████| (done) 100%
8 glm /data/paper4/test/8.csv
Parse progress: |████████████████████████████████████████████████████████████████| (done) 100%
naivebayes prediction progress: |████████████████████████████████████████████████| (done) 100%
glm prediction progress: |███████████████████████████████████████████████████████| (done) 100%
drf prediction progress: |███████████████████████████████████████████████████████| (done) 100%
gbm prediction progress: |███████████████████████████████████████████████████████| (done) 100%
xgboost prediction progress: |███████████████████████████████████████████████████| (done) 100%
deeplearning prediction progress: |██████████████████████████████████████████████| (done) 100%
8 glm /data/paper4/test/7.csv
Parse progress: |████████████████████████████████████████████████████████████████| (done) 100%
naivebayes prediction progress: |████████████████████████████████████████████████| (done) 100%
glm prediction progress: |███████████████████████████████████████████████████████| (done) 100%
drf prediction progress: |███████████████████████████████████████████████████████| (done) 100%
gbm prediction progress: |███████████████████████████████████████████████████████| (done) 100%
xgboost prediction progress: |███████████████████████████████████████████████████| (done) 100%
deeplearning prediction progress: |██████████████████████████████████████████████| (done) 100%
8 glm /data/paper4/test/1.csv
Parse progress: |████████████████████████████████████████████████████████████████| (done) 100%
naivebayes prediction progress: |████████████████████████████████████████████████| (done) 100%
glm prediction progress: |███████████████████████████████████████████████████████| (done) 100%
drf prediction progress: |███████████████████████████████████████████████████████| (done) 100%
gbm prediction progress: |███████████████████████████████████████████████████████| (done) 100%
xgboost prediction progress: |███████████████████████████████████████████████████| (done) 100%
deeplearning prediction progress: |██████████████████████████████████████████████| (done) 100%
8 glm /data/paper4/test/4.csv
Parse progress: |████████████████████████████████████████████████████████████████| (done) 100%
naivebayes prediction progress: |████████████████████████████████████████████████| (done) 100%
glm prediction progress: |███████████████████████████████████████████████████████| (done) 100%
drf prediction progress: |███████████████████████████████████████████████████████| (done) 100%
gbm prediction progress: |███████████████████████████████████████████████████████| (done) 100%
xgboost prediction progress: |███████████████████████████████████████████████████| (done) 100%
deeplearning prediction progress: |██████████████████████████████████████████████| (done) 100%
8 glm /data/paper4/test/6.csv
Parse progress: |████████████████████████████████████████████████████████████████| (done) 100%
naivebayes prediction progress: |████████████████████████████████████████████████| (done) 100%
glm prediction progress: |███████████████████████████████████████████████████████| (done) 100%
drf prediction progress: |███████████████████████████████████████████████████████| (done) 100%
gbm prediction progress: |███████████████████████████████████████████████████████| (done) 100%
xgboost prediction progress: |███████████████████████████████████████████████████| (done) 100%
deeplearning prediction progress: |██████████████████████████████████████████████| (done) 100%
deeplearn
Checking whether there is an H2O instance running at http://localhost:54321 . connected.
Warning: Your H2O cluster version is too old (5 months and 11 days)!Please download and install the latest version from http://h2o.ai/download/
--------------------------  ------------------------------------------------------------------
H2O_cluster_uptime:         2 days 19 hours 57 mins
H2O_cluster_timezone:       Asia/Shanghai
H2O_data_parsing_timezone:  UTC
H2O_cluster_version:        3.34.0.3
H2O_cluster_version_age:    5 months and 11 days !!!
H2O_cluster_name:           H2O_from_python_root_ijoqmh
H2O_cluster_total_nodes:    1
H2O_cluster_free_memory:    15.48 Gb
H2O_cluster_total_cores:    20
H2O_cluster_allowed_cores:  20
H2O_cluster_status:         locked, healthy
H2O_connection_url:         http://localhost:54321
H2O_connection_proxy:       {"http": null, "https": null}
H2O_internal_security:      False
H2O_API_Extensions:         Amazon S3, XGBoost, Algos, AutoML, Core V3, TargetEncoder, Core V4
Python_version:             3.8.10 final
--------------------------  ------------------------------------------------------------------
loading  bayes /data/paper4/model//8/bayes/NaiveBayes_model_python_1647354051846_2519
loading  glm /data/paper4/model//8/glm/GLM_model_python_1647354051846_2523
loading  rf /data/paper4/model//8/rf/DRF_model_python_1647354051846_2540
loading  gbm /data/paper4/model//8/gbm/GBM_model_python_1647354051846_2700
loading  xgboost /data/paper4/model//8/xgboost/XGBoost_model_python_1647361848945_1138
loading  deeplearn /data/paper4/model//8/deeplearn/DeepLearning_model_python_1647354051846_2953
8 deeplearn /data/paper4/test/3.csv
Parse progress: |████████████████████████████████████████████████████████████████| (done) 100%
naivebayes prediction progress: |████████████████████████████████████████████████| (done) 100%
glm prediction progress: |███████████████████████████████████████████████████████| (done) 100%
drf prediction progress: |███████████████████████████████████████████████████████| (done) 100%
gbm prediction progress: |███████████████████████████████████████████████████████| (done) 100%
xgboost prediction progress: |███████████████████████████████████████████████████| (done) 100%
deeplearning prediction progress: |██████████████████████████████████████████████| (done) 100%
8 deeplearn /data/paper4/test/0.csv
Parse progress: |████████████████████████████████████████████████████████████████| (done) 100%
naivebayes prediction progress: |████████████████████████████████████████████████| (done) 100%
glm prediction progress: |███████████████████████████████████████████████████████| (done) 100%
drf prediction progress: |███████████████████████████████████████████████████████| (done) 100%
gbm prediction progress: |███████████████████████████████████████████████████████| (done) 100%
xgboost prediction progress: |███████████████████████████████████████████████████| (done) 100%
deeplearning prediction progress: |██████████████████████████████████████████████| (done) 100%
8 deeplearn /data/paper4/test/2.csv
Parse progress: |████████████████████████████████████████████████████████████████| (done) 100%
naivebayes prediction progress: |████████████████████████████████████████████████| (done) 100%
glm prediction progress: |███████████████████████████████████████████████████████| (done) 100%
drf prediction progress: |███████████████████████████████████████████████████████| (done) 100%
gbm prediction progress: |███████████████████████████████████████████████████████| (done) 100%
xgboost prediction progress: |███████████████████████████████████████████████████| (done) 100%
deeplearning prediction progress: |██████████████████████████████████████████████| (done) 100%
8 deeplearn /data/paper4/test/5.csv
Parse progress: |████████████████████████████████████████████████████████████████| (done) 100%
naivebayes prediction progress: |████████████████████████████████████████████████| (done) 100%
glm prediction progress: |███████████████████████████████████████████████████████| (done) 100%
drf prediction progress: |███████████████████████████████████████████████████████| (done) 100%
gbm prediction progress: |███████████████████████████████████████████████████████| (done) 100%
xgboost prediction progress: |███████████████████████████████████████████████████| (done) 100%
deeplearning prediction progress: |██████████████████████████████████████████████| (done) 100%
8 deeplearn /data/paper4/test/8.csv
Parse progress: |████████████████████████████████████████████████████████████████| (done) 100%
naivebayes prediction progress: |████████████████████████████████████████████████| (done) 100%
glm prediction progress: |███████████████████████████████████████████████████████| (done) 100%
drf prediction progress: |███████████████████████████████████████████████████████| (done) 100%
gbm prediction progress: |███████████████████████████████████████████████████████| (done) 100%
xgboost prediction progress: |███████████████████████████████████████████████████| (done) 100%
deeplearning prediction progress: |██████████████████████████████████████████████| (done) 100%
8 deeplearn /data/paper4/test/7.csv
Parse progress: |████████████████████████████████████████████████████████████████| (done) 100%
naivebayes prediction progress: |████████████████████████████████████████████████| (done) 100%
glm prediction progress: |███████████████████████████████████████████████████████| (done) 100%
drf prediction progress: |███████████████████████████████████████████████████████| (done) 100%
gbm prediction progress: |███████████████████████████████████████████████████████| (done) 100%
xgboost prediction progress: |███████████████████████████████████████████████████| (done) 100%
deeplearning prediction progress: |██████████████████████████████████████████████| (done) 100%
8 deeplearn /data/paper4/test/1.csv
Parse progress: |████████████████████████████████████████████████████████████████| (done) 100%
naivebayes prediction progress: |████████████████████████████████████████████████| (done) 100%
glm prediction progress: |███████████████████████████████████████████████████████| (done) 100%
drf prediction progress: |███████████████████████████████████████████████████████| (done) 100%
gbm prediction progress: |███████████████████████████████████████████████████████| (done) 100%
xgboost prediction progress: |███████████████████████████████████████████████████| (done) 100%
deeplearning prediction progress: |██████████████████████████████████████████████| (done) 100%
8 deeplearn /data/paper4/test/4.csv
Parse progress: |████████████████████████████████████████████████████████████████| (done) 100%
naivebayes prediction progress: |████████████████████████████████████████████████| (done) 100%
glm prediction progress: |███████████████████████████████████████████████████████| (done) 100%
drf prediction progress: |███████████████████████████████████████████████████████| (done) 100%
gbm prediction progress: |███████████████████████████████████████████████████████| (done) 100%
xgboost prediction progress: |███████████████████████████████████████████████████| (done) 100%
deeplearning prediction progress: |██████████████████████████████████████████████| (done) 100%
8 deeplearn /data/paper4/test/6.csv
Parse progress: |████████████████████████████████████████████████████████████████| (done) 100%
naivebayes prediction progress: |████████████████████████████████████████████████| (done) 100%
glm prediction progress: |███████████████████████████████████████████████████████| (done) 100%
drf prediction progress: |███████████████████████████████████████████████████████| (done) 100%
gbm prediction progress: |███████████████████████████████████████████████████████| (done) 100%
xgboost prediction progress: |███████████████████████████████████████████████████| (done) 100%
deeplearning prediction progress: |██████████████████████████████████████████████| (done) 100%
gbm
Checking whether there is an H2O instance running at http://localhost:54321 . connected.
Warning: Your H2O cluster version is too old (5 months and 11 days)!Please download and install the latest version from http://h2o.ai/download/
--------------------------  ------------------------------------------------------------------
H2O_cluster_uptime:         2 days 19 hours 58 mins
H2O_cluster_timezone:       Asia/Shanghai
H2O_data_parsing_timezone:  UTC
H2O_cluster_version:        3.34.0.3
H2O_cluster_version_age:    5 months and 11 days !!!
H2O_cluster_name:           H2O_from_python_root_ijoqmh
H2O_cluster_total_nodes:    1
H2O_cluster_free_memory:    15.41 Gb
H2O_cluster_total_cores:    20
H2O_cluster_allowed_cores:  20
H2O_cluster_status:         locked, healthy
H2O_connection_url:         http://localhost:54321
H2O_connection_proxy:       {"http": null, "https": null}
H2O_internal_security:      False
H2O_API_Extensions:         Amazon S3, XGBoost, Algos, AutoML, Core V3, TargetEncoder, Core V4
Python_version:             3.8.10 final
--------------------------  ------------------------------------------------------------------
loading  bayes /data/paper4/model//8/bayes/NaiveBayes_model_python_1647354051846_2519
loading  glm /data/paper4/model//8/glm/GLM_model_python_1647354051846_2523
loading  rf /data/paper4/model//8/rf/DRF_model_python_1647354051846_2540
loading  gbm /data/paper4/model//8/gbm/GBM_model_python_1647354051846_2700
loading  xgboost /data/paper4/model//8/xgboost/XGBoost_model_python_1647361848945_1138
loading  deeplearn /data/paper4/model//8/deeplearn/DeepLearning_model_python_1647354051846_2953
8 gbm /data/paper4/test/3.csv
Parse progress: |████████████████████████████████████████████████████████████████| (done) 100%
naivebayes prediction progress: |████████████████████████████████████████████████| (done) 100%
glm prediction progress: |███████████████████████████████████████████████████████| (done) 100%
drf prediction progress: |███████████████████████████████████████████████████████| (done) 100%
gbm prediction progress: |███████████████████████████████████████████████████████| (done) 100%
xgboost prediction progress: |███████████████████████████████████████████████████| (done) 100%
deeplearning prediction progress: |██████████████████████████████████████████████| (done) 100%
8 gbm /data/paper4/test/0.csv
Parse progress: |████████████████████████████████████████████████████████████████| (done) 100%
naivebayes prediction progress: |████████████████████████████████████████████████| (done) 100%
glm prediction progress: |███████████████████████████████████████████████████████| (done) 100%
drf prediction progress: |███████████████████████████████████████████████████████| (done) 100%
gbm prediction progress: |███████████████████████████████████████████████████████| (done) 100%
xgboost prediction progress: |███████████████████████████████████████████████████| (done) 100%
deeplearning prediction progress: |██████████████████████████████████████████████| (done) 100%
8 gbm /data/paper4/test/2.csv
Parse progress: |████████████████████████████████████████████████████████████████| (done) 100%
naivebayes prediction progress: |████████████████████████████████████████████████| (done) 100%
glm prediction progress: |███████████████████████████████████████████████████████| (done) 100%
drf prediction progress: |███████████████████████████████████████████████████████| (done) 100%
gbm prediction progress: |███████████████████████████████████████████████████████| (done) 100%
xgboost prediction progress: |███████████████████████████████████████████████████| (done) 100%
deeplearning prediction progress: |██████████████████████████████████████████████| (done) 100%
8 gbm /data/paper4/test/5.csv
Parse progress: |████████████████████████████████████████████████████████████████| (done) 100%
naivebayes prediction progress: |████████████████████████████████████████████████| (done) 100%
glm prediction progress: |███████████████████████████████████████████████████████| (done) 100%
drf prediction progress: |███████████████████████████████████████████████████████| (done) 100%
gbm prediction progress: |███████████████████████████████████████████████████████| (done) 100%
xgboost prediction progress: |███████████████████████████████████████████████████| (done) 100%
deeplearning prediction progress: |██████████████████████████████████████████████| (done) 100%
8 gbm /data/paper4/test/8.csv
Parse progress: |████████████████████████████████████████████████████████████████| (done) 100%
naivebayes prediction progress: |████████████████████████████████████████████████| (done) 100%
glm prediction progress: |███████████████████████████████████████████████████████| (done) 100%
drf prediction progress: |███████████████████████████████████████████████████████| (done) 100%
gbm prediction progress: |███████████████████████████████████████████████████████| (done) 100%
xgboost prediction progress: |███████████████████████████████████████████████████| (done) 100%
deeplearning prediction progress: |██████████████████████████████████████████████| (done) 100%
8 gbm /data/paper4/test/7.csv
Parse progress: |████████████████████████████████████████████████████████████████| (done) 100%
naivebayes prediction progress: |████████████████████████████████████████████████| (done) 100%
glm prediction progress: |███████████████████████████████████████████████████████| (done) 100%
drf prediction progress: |███████████████████████████████████████████████████████| (done) 100%
gbm prediction progress: |███████████████████████████████████████████████████████| (done) 100%
xgboost prediction progress: |███████████████████████████████████████████████████| (done) 100%
deeplearning prediction progress: |██████████████████████████████████████████████| (done) 100%
8 gbm /data/paper4/test/1.csv
Parse progress: |████████████████████████████████████████████████████████████████| (done) 100%
naivebayes prediction progress: |████████████████████████████████████████████████| (done) 100%
glm prediction progress: |███████████████████████████████████████████████████████| (done) 100%
drf prediction progress: |███████████████████████████████████████████████████████| (done) 100%
gbm prediction progress: |███████████████████████████████████████████████████████| (done) 100%
xgboost prediction progress: |███████████████████████████████████████████████████| (done) 100%
deeplearning prediction progress: |██████████████████████████████████████████████| (done) 100%
8 gbm /data/paper4/test/4.csv
Parse progress: |████████████████████████████████████████████████████████████████| (done) 100%
naivebayes prediction progress: |████████████████████████████████████████████████| (done) 100%
glm prediction progress: |███████████████████████████████████████████████████████| (done) 100%
drf prediction progress: |███████████████████████████████████████████████████████| (done) 100%
gbm prediction progress: |███████████████████████████████████████████████████████| (done) 100%
xgboost prediction progress: |███████████████████████████████████████████████████| (done) 100%
deeplearning prediction progress: |██████████████████████████████████████████████| (done) 100%
8 gbm /data/paper4/test/6.csv
Parse progress: |████████████████████████████████████████████████████████████████| (done) 100%
naivebayes prediction progress: |████████████████████████████████████████████████| (done) 100%
glm prediction progress: |███████████████████████████████████████████████████████| (done) 100%
drf prediction progress: |███████████████████████████████████████████████████████| (done) 100%
gbm prediction progress: |███████████████████████████████████████████████████████| (done) 100%
xgboost prediction progress: |███████████████████████████████████████████████████| (done) 100%
deeplearning prediction progress: |██████████████████████████████████████████████| (done) 100%
cnn
8 cnn /data/paper4/test/3.csv
8 cnn /data/paper4/test/0.csv
8 cnn /data/paper4/test/2.csv
8 cnn /data/paper4/test/5.csv
8 cnn /data/paper4/test/8.csv
8 cnn /data/paper4/test/7.csv
8 cnn /data/paper4/test/1.csv
8 cnn /data/paper4/test/4.csv
8 cnn /data/paper4/test/6.csv
xgboost
Checking whether there is an H2O instance running at http://localhost:54321 . connected.
Warning: Your H2O cluster version is too old (5 months and 11 days)!Please download and install the latest version from http://h2o.ai/download/
--------------------------  ------------------------------------------------------------------
H2O_cluster_uptime:         2 days 19 hours 59 mins
H2O_cluster_timezone:       Asia/Shanghai
H2O_data_parsing_timezone:  UTC
H2O_cluster_version:        3.34.0.3
H2O_cluster_version_age:    5 months and 11 days !!!
H2O_cluster_name:           H2O_from_python_root_ijoqmh
H2O_cluster_total_nodes:    1
H2O_cluster_free_memory:    15.35 Gb
H2O_cluster_total_cores:    20
H2O_cluster_allowed_cores:  20
H2O_cluster_status:         locked, healthy
H2O_connection_url:         http://localhost:54321
H2O_connection_proxy:       {"http": null, "https": null}
H2O_internal_security:      False
H2O_API_Extensions:         Amazon S3, XGBoost, Algos, AutoML, Core V3, TargetEncoder, Core V4
Python_version:             3.8.10 final
--------------------------  ------------------------------------------------------------------
loading  bayes /data/paper4/model//8/bayes/NaiveBayes_model_python_1647354051846_2519
loading  glm /data/paper4/model//8/glm/GLM_model_python_1647354051846_2523
loading  rf /data/paper4/model//8/rf/DRF_model_python_1647354051846_2540
loading  gbm /data/paper4/model//8/gbm/GBM_model_python_1647354051846_2700
loading  xgboost /data/paper4/model//8/xgboost/XGBoost_model_python_1647361848945_1138
loading  deeplearn /data/paper4/model//8/deeplearn/DeepLearning_model_python_1647354051846_2953
8 xgboost /data/paper4/test/3.csv
Parse progress: |████████████████████████████████████████████████████████████████| (done) 100%
naivebayes prediction progress: |████████████████████████████████████████████████| (done) 100%
glm prediction progress: |███████████████████████████████████████████████████████| (done) 100%
drf prediction progress: |███████████████████████████████████████████████████████| (done) 100%
gbm prediction progress: |███████████████████████████████████████████████████████| (done) 100%
xgboost prediction progress: |███████████████████████████████████████████████████| (done) 100%
deeplearning prediction progress: |██████████████████████████████████████████████| (done) 100%
8 xgboost /data/paper4/test/0.csv
Parse progress: |████████████████████████████████████████████████████████████████| (done) 100%
naivebayes prediction progress: |████████████████████████████████████████████████| (done) 100%
glm prediction progress: |███████████████████████████████████████████████████████| (done) 100%
drf prediction progress: |███████████████████████████████████████████████████████| (done) 100%
gbm prediction progress: |███████████████████████████████████████████████████████| (done) 100%
xgboost prediction progress: |███████████████████████████████████████████████████| (done) 100%
deeplearning prediction progress: |██████████████████████████████████████████████| (done) 100%
8 xgboost /data/paper4/test/2.csv
Parse progress: |████████████████████████████████████████████████████████████████| (done) 100%
naivebayes prediction progress: |████████████████████████████████████████████████| (done) 100%
glm prediction progress: |███████████████████████████████████████████████████████| (done) 100%
drf prediction progress: |███████████████████████████████████████████████████████| (done) 100%
gbm prediction progress: |███████████████████████████████████████████████████████| (done) 100%
xgboost prediction progress: |███████████████████████████████████████████████████| (done) 100%
deeplearning prediction progress: |██████████████████████████████████████████████| (done) 100%
8 xgboost /data/paper4/test/5.csv
Parse progress: |████████████████████████████████████████████████████████████████| (done) 100%
naivebayes prediction progress: |████████████████████████████████████████████████| (done) 100%
glm prediction progress: |███████████████████████████████████████████████████████| (done) 100%
drf prediction progress: |███████████████████████████████████████████████████████| (done) 100%
gbm prediction progress: |███████████████████████████████████████████████████████| (done) 100%
xgboost prediction progress: |███████████████████████████████████████████████████| (done) 100%
deeplearning prediction progress: |██████████████████████████████████████████████| (done) 100%
8 xgboost /data/paper4/test/8.csv
Parse progress: |████████████████████████████████████████████████████████████████| (done) 100%
naivebayes prediction progress: |████████████████████████████████████████████████| (done) 100%
glm prediction progress: |███████████████████████████████████████████████████████| (done) 100%
drf prediction progress: |███████████████████████████████████████████████████████| (done) 100%
gbm prediction progress: |███████████████████████████████████████████████████████| (done) 100%
xgboost prediction progress: |███████████████████████████████████████████████████| (done) 100%
deeplearning prediction progress: |██████████████████████████████████████████████| (done) 100%
8 xgboost /data/paper4/test/7.csv
Parse progress: |████████████████████████████████████████████████████████████████| (done) 100%
naivebayes prediction progress: |████████████████████████████████████████████████| (done) 100%
glm prediction progress: |███████████████████████████████████████████████████████| (done) 100%
drf prediction progress: |███████████████████████████████████████████████████████| (done) 100%
gbm prediction progress: |███████████████████████████████████████████████████████| (done) 100%
xgboost prediction progress: |███████████████████████████████████████████████████| (done) 100%
deeplearning prediction progress: |██████████████████████████████████████████████| (done) 100%
8 xgboost /data/paper4/test/1.csv
Parse progress: |████████████████████████████████████████████████████████████████| (done) 100%
naivebayes prediction progress: |████████████████████████████████████████████████| (done) 100%
glm prediction progress: |███████████████████████████████████████████████████████| (done) 100%
drf prediction progress: |███████████████████████████████████████████████████████| (done) 100%
gbm prediction progress: |███████████████████████████████████████████████████████| (done) 100%
xgboost prediction progress: |███████████████████████████████████████████████████| (done) 100%
deeplearning prediction progress: |██████████████████████████████████████████████| (done) 100%
8 xgboost /data/paper4/test/4.csv
Parse progress: |████████████████████████████████████████████████████████████████| (done) 100%
naivebayes prediction progress: |████████████████████████████████████████████████| (done) 100%
glm prediction progress: |███████████████████████████████████████████████████████| (done) 100%
drf prediction progress: |███████████████████████████████████████████████████████| (done) 100%
gbm prediction progress: |███████████████████████████████████████████████████████| (done) 100%
xgboost prediction progress: |███████████████████████████████████████████████████| (done) 100%
deeplearning prediction progress: |██████████████████████████████████████████████| (done) 100%
8 xgboost /data/paper4/test/6.csv
Parse progress: |████████████████████████████████████████████████████████████████| (done) 100%
naivebayes prediction progress: |████████████████████████████████████████████████| (done) 100%
glm prediction progress: |███████████████████████████████████████████████████████| (done) 100%
drf prediction progress: |███████████████████████████████████████████████████████| (done) 100%
gbm prediction progress: |███████████████████████████████████████████████████████| (done) 100%
xgboost prediction progress: |███████████████████████████████████████████████████| (done) 100%
deeplearning prediction progress: |██████████████████████████████████████████████| (done) 100%
svm
SVM /data/paper4/model/8/svm/sklearn_model_python_svm.pkl
8 svm /data/paper4/test/3.csv
[Parallel(n_jobs=22)]: Using backend LokyBackend with 22 concurrent workers.
[Parallel(n_jobs=22)]: Done   2 out of  22 | elapsed:   24.5s remaining:  4.1min
[Parallel(n_jobs=22)]: Done  22 out of  22 | elapsed:   29.6s finished
8 svm /data/paper4/test/0.csv
[Parallel(n_jobs=22)]: Using backend LokyBackend with 22 concurrent workers.
[Parallel(n_jobs=22)]: Done   2 out of  22 | elapsed:   24.2s remaining:  4.0min
[Parallel(n_jobs=22)]: Done  22 out of  22 | elapsed:   30.2s finished
8 svm /data/paper4/test/2.csv
[Parallel(n_jobs=22)]: Using backend LokyBackend with 22 concurrent workers.
[Parallel(n_jobs=22)]: Done   2 out of  22 | elapsed:   25.5s remaining:  4.2min
[Parallel(n_jobs=22)]: Done  22 out of  22 | elapsed:   31.5s finished
8 svm /data/paper4/test/5.csv
[Parallel(n_jobs=22)]: Using backend LokyBackend with 22 concurrent workers.
[Parallel(n_jobs=22)]: Done   2 out of  22 | elapsed:   25.5s remaining:  4.2min
[Parallel(n_jobs=22)]: Done  22 out of  22 | elapsed:   30.7s finished
8 svm /data/paper4/test/8.csv
[Parallel(n_jobs=22)]: Using backend LokyBackend with 22 concurrent workers.
[Parallel(n_jobs=22)]: Done   2 out of  22 | elapsed:   25.7s remaining:  4.3min
[Parallel(n_jobs=22)]: Done  22 out of  22 | elapsed:   31.6s finished
8 svm /data/paper4/test/7.csv
[Parallel(n_jobs=22)]: Using backend LokyBackend with 22 concurrent workers.
[Parallel(n_jobs=22)]: Done   2 out of  22 | elapsed:   25.9s remaining:  4.3min
[Parallel(n_jobs=22)]: Done  22 out of  22 | elapsed:   32.0s finished
8 svm /data/paper4/test/1.csv
[Parallel(n_jobs=22)]: Using backend LokyBackend with 22 concurrent workers.
[Parallel(n_jobs=22)]: Done   2 out of  22 | elapsed:   29.1s remaining:  4.8min
[Parallel(n_jobs=22)]: Done  22 out of  22 | elapsed:   35.2s finished
8 svm /data/paper4/test/4.csv
[Parallel(n_jobs=22)]: Using backend LokyBackend with 22 concurrent workers.
[Parallel(n_jobs=22)]: Done   2 out of  22 | elapsed:   23.8s remaining:  4.0min
[Parallel(n_jobs=22)]: Done  22 out of  22 | elapsed:   30.1s finished
8 svm /data/paper4/test/6.csv
[Parallel(n_jobs=22)]: Using backend LokyBackend with 22 concurrent workers.
[Parallel(n_jobs=22)]: Done   2 out of  22 | elapsed:   27.3s remaining:  4.6min
[Parallel(n_jobs=22)]: Done  22 out of  22 | elapsed:   33.4s finished
bayes
Checking whether there is an H2O instance running at http://localhost:54321 . connected.
Warning: Your H2O cluster version is too old (5 months and 11 days)!Please download and install the latest version from http://h2o.ai/download/
--------------------------  ------------------------------------------------------------------
H2O_cluster_uptime:         2 days 20 hours 5 mins
H2O_cluster_timezone:       Asia/Shanghai
H2O_data_parsing_timezone:  UTC
H2O_cluster_version:        3.34.0.3
H2O_cluster_version_age:    5 months and 11 days !!!
H2O_cluster_name:           H2O_from_python_root_ijoqmh
H2O_cluster_total_nodes:    1
H2O_cluster_free_memory:    15.29 Gb
H2O_cluster_total_cores:    20
H2O_cluster_allowed_cores:  20
H2O_cluster_status:         locked, healthy
H2O_connection_url:         http://localhost:54321
H2O_connection_proxy:       {"http": null, "https": null}
H2O_internal_security:      False
H2O_API_Extensions:         Amazon S3, XGBoost, Algos, AutoML, Core V3, TargetEncoder, Core V4
Python_version:             3.8.10 final
--------------------------  ------------------------------------------------------------------
loading  bayes /data/paper4/model//8/bayes/NaiveBayes_model_python_1647354051846_2519
loading  glm /data/paper4/model//8/glm/GLM_model_python_1647354051846_2523
loading  rf /data/paper4/model//8/rf/DRF_model_python_1647354051846_2540
loading  gbm /data/paper4/model//8/gbm/GBM_model_python_1647354051846_2700
loading  xgboost /data/paper4/model//8/xgboost/XGBoost_model_python_1647361848945_1138
loading  deeplearn /data/paper4/model//8/deeplearn/DeepLearning_model_python_1647354051846_2953
8 bayes /data/paper4/test/3.csv
Parse progress: |████████████████████████████████████████████████████████████████| (done) 100%
naivebayes prediction progress: |████████████████████████████████████████████████| (done) 100%
glm prediction progress: |███████████████████████████████████████████████████████| (done) 100%
drf prediction progress: |███████████████████████████████████████████████████████| (done) 100%
gbm prediction progress: |███████████████████████████████████████████████████████| (done) 100%
xgboost prediction progress: |███████████████████████████████████████████████████| (done) 100%
deeplearning prediction progress: |██████████████████████████████████████████████| (done) 100%
8 bayes /data/paper4/test/0.csv
Parse progress: |████████████████████████████████████████████████████████████████| (done) 100%
naivebayes prediction progress: |████████████████████████████████████████████████| (done) 100%
glm prediction progress: |███████████████████████████████████████████████████████| (done) 100%
drf prediction progress: |███████████████████████████████████████████████████████| (done) 100%
gbm prediction progress: |███████████████████████████████████████████████████████| (done) 100%
xgboost prediction progress: |███████████████████████████████████████████████████| (done) 100%
deeplearning prediction progress: |██████████████████████████████████████████████| (done) 100%
8 bayes /data/paper4/test/2.csv
Parse progress: |████████████████████████████████████████████████████████████████| (done) 100%
naivebayes prediction progress: |████████████████████████████████████████████████| (done) 100%
glm prediction progress: |███████████████████████████████████████████████████████| (done) 100%
drf prediction progress: |███████████████████████████████████████████████████████| (done) 100%
gbm prediction progress: |███████████████████████████████████████████████████████| (done) 100%
xgboost prediction progress: |███████████████████████████████████████████████████| (done) 100%
deeplearning prediction progress: |██████████████████████████████████████████████| (done) 100%
8 bayes /data/paper4/test/5.csv
Parse progress: |████████████████████████████████████████████████████████████████| (done) 100%
naivebayes prediction progress: |████████████████████████████████████████████████| (done) 100%
glm prediction progress: |███████████████████████████████████████████████████████| (done) 100%
drf prediction progress: |███████████████████████████████████████████████████████| (done) 100%
gbm prediction progress: |███████████████████████████████████████████████████████| (done) 100%
xgboost prediction progress: |███████████████████████████████████████████████████| (done) 100%
deeplearning prediction progress: |██████████████████████████████████████████████| (done) 100%
8 bayes /data/paper4/test/8.csv
Parse progress: |████████████████████████████████████████████████████████████████| (done) 100%
naivebayes prediction progress: |████████████████████████████████████████████████| (done) 100%
glm prediction progress: |███████████████████████████████████████████████████████| (done) 100%
drf prediction progress: |███████████████████████████████████████████████████████| (done) 100%
gbm prediction progress: |███████████████████████████████████████████████████████| (done) 100%
xgboost prediction progress: |███████████████████████████████████████████████████| (done) 100%
deeplearning prediction progress: |██████████████████████████████████████████████| (done) 100%
8 bayes /data/paper4/test/7.csv
Parse progress: |████████████████████████████████████████████████████████████████| (done) 100%
naivebayes prediction progress: |████████████████████████████████████████████████| (done) 100%
glm prediction progress: |███████████████████████████████████████████████████████| (done) 100%
drf prediction progress: |███████████████████████████████████████████████████████| (done) 100%
gbm prediction progress: |███████████████████████████████████████████████████████| (done) 100%
xgboost prediction progress: |███████████████████████████████████████████████████| (done) 100%
deeplearning prediction progress: |██████████████████████████████████████████████| (done) 100%
8 bayes /data/paper4/test/1.csv
Parse progress: |████████████████████████████████████████████████████████████████| (done) 100%
naivebayes prediction progress: |████████████████████████████████████████████████| (done) 100%
glm prediction progress: |███████████████████████████████████████████████████████| (done) 100%
drf prediction progress: |███████████████████████████████████████████████████████| (done) 100%
gbm prediction progress: |███████████████████████████████████████████████████████| (done) 100%
xgboost prediction progress: |███████████████████████████████████████████████████| (done) 100%
deeplearning prediction progress: |██████████████████████████████████████████████| (done) 100%
8 bayes /data/paper4/test/4.csv
Parse progress: |████████████████████████████████████████████████████████████████| (done) 100%
naivebayes prediction progress: |████████████████████████████████████████████████| (done) 100%
glm prediction progress: |███████████████████████████████████████████████████████| (done) 100%
drf prediction progress: |███████████████████████████████████████████████████████| (done) 100%
gbm prediction progress: |███████████████████████████████████████████████████████| (done) 100%
xgboost prediction progress: |███████████████████████████████████████████████████| (done) 100%
deeplearning prediction progress: |██████████████████████████████████████████████| (done) 100%
8 bayes /data/paper4/test/6.csv
Parse progress: |████████████████████████████████████████████████████████████████| (done) 100%
naivebayes prediction progress: |████████████████████████████████████████████████| (done) 100%
glm prediction progress: |███████████████████████████████████████████████████████| (done) 100%
drf prediction progress: |███████████████████████████████████████████████████████| (done) 100%
gbm prediction progress: |███████████████████████████████████████████████████████| (done) 100%
xgboost prediction progress: |███████████████████████████████████████████████████| (done) 100%
deeplearning prediction progress: |██████████████████████████████████████████████| (done) 100%
rf
Checking whether there is an H2O instance running at http://localhost:54321 . connected.
Warning: Your H2O cluster version is too old (5 months and 11 days)!Please download and install the latest version from http://h2o.ai/download/
--------------------------  ------------------------------------------------------------------
H2O_cluster_uptime:         2 days 20 hours 5 mins
H2O_cluster_timezone:       Asia/Shanghai
H2O_data_parsing_timezone:  UTC
H2O_cluster_version:        3.34.0.3
H2O_cluster_version_age:    5 months and 11 days !!!
H2O_cluster_name:           H2O_from_python_root_ijoqmh
H2O_cluster_total_nodes:    1
H2O_cluster_free_memory:    15.24 Gb
H2O_cluster_total_cores:    20
H2O_cluster_allowed_cores:  20
H2O_cluster_status:         locked, healthy
H2O_connection_url:         http://localhost:54321
H2O_connection_proxy:       {"http": null, "https": null}
H2O_internal_security:      False
H2O_API_Extensions:         Amazon S3, XGBoost, Algos, AutoML, Core V3, TargetEncoder, Core V4
Python_version:             3.8.10 final
--------------------------  ------------------------------------------------------------------
loading  bayes /data/paper4/model//8/bayes/NaiveBayes_model_python_1647354051846_2519
loading  glm /data/paper4/model//8/glm/GLM_model_python_1647354051846_2523
loading  rf /data/paper4/model//8/rf/DRF_model_python_1647354051846_2540
loading  gbm /data/paper4/model//8/gbm/GBM_model_python_1647354051846_2700
loading  xgboost /data/paper4/model//8/xgboost/XGBoost_model_python_1647361848945_1138
loading  deeplearn /data/paper4/model//8/deeplearn/DeepLearning_model_python_1647354051846_2953
8 rf /data/paper4/test/3.csv
Parse progress: |████████████████████████████████████████████████████████████████| (done) 100%
naivebayes prediction progress: |████████████████████████████████████████████████| (done) 100%
glm prediction progress: |███████████████████████████████████████████████████████| (done) 100%
drf prediction progress: |███████████████████████████████████████████████████████| (done) 100%
gbm prediction progress: |███████████████████████████████████████████████████████| (done) 100%
xgboost prediction progress: |███████████████████████████████████████████████████| (done) 100%
deeplearning prediction progress: |██████████████████████████████████████████████| (done) 100%
8 rf /data/paper4/test/0.csv
Parse progress: |████████████████████████████████████████████████████████████████| (done) 100%
naivebayes prediction progress: |████████████████████████████████████████████████| (done) 100%
glm prediction progress: |███████████████████████████████████████████████████████| (done) 100%
drf prediction progress: |███████████████████████████████████████████████████████| (done) 100%
gbm prediction progress: |███████████████████████████████████████████████████████| (done) 100%
xgboost prediction progress: |███████████████████████████████████████████████████| (done) 100%
deeplearning prediction progress: |██████████████████████████████████████████████| (done) 100%
8 rf /data/paper4/test/2.csv
Parse progress: |████████████████████████████████████████████████████████████████| (done) 100%
naivebayes prediction progress: |████████████████████████████████████████████████| (done) 100%
glm prediction progress: |███████████████████████████████████████████████████████| (done) 100%
drf prediction progress: |███████████████████████████████████████████████████████| (done) 100%
gbm prediction progress: |███████████████████████████████████████████████████████| (done) 100%
xgboost prediction progress: |███████████████████████████████████████████████████| (done) 100%
deeplearning prediction progress: |██████████████████████████████████████████████| (done) 100%
8 rf /data/paper4/test/5.csv
Parse progress: |████████████████████████████████████████████████████████████████| (done) 100%
naivebayes prediction progress: |████████████████████████████████████████████████| (done) 100%
glm prediction progress: |███████████████████████████████████████████████████████| (done) 100%
drf prediction progress: |███████████████████████████████████████████████████████| (done) 100%
gbm prediction progress: |███████████████████████████████████████████████████████| (done) 100%
xgboost prediction progress: |███████████████████████████████████████████████████| (done) 100%
deeplearning prediction progress: |██████████████████████████████████████████████| (done) 100%
8 rf /data/paper4/test/8.csv
Parse progress: |████████████████████████████████████████████████████████████████| (done) 100%
naivebayes prediction progress: |████████████████████████████████████████████████| (done) 100%
glm prediction progress: |███████████████████████████████████████████████████████| (done) 100%
drf prediction progress: |███████████████████████████████████████████████████████| (done) 100%
gbm prediction progress: |███████████████████████████████████████████████████████| (done) 100%
xgboost prediction progress: |███████████████████████████████████████████████████| (done) 100%
deeplearning prediction progress: |██████████████████████████████████████████████| (done) 100%
8 rf /data/paper4/test/7.csv
Parse progress: |████████████████████████████████████████████████████████████████| (done) 100%
naivebayes prediction progress: |████████████████████████████████████████████████| (done) 100%
glm prediction progress: |███████████████████████████████████████████████████████| (done) 100%
drf prediction progress: |███████████████████████████████████████████████████████| (done) 100%
gbm prediction progress: |███████████████████████████████████████████████████████| (done) 100%
xgboost prediction progress: |███████████████████████████████████████████████████| (done) 100%
deeplearning prediction progress: |██████████████████████████████████████████████| (done) 100%
8 rf /data/paper4/test/1.csv
Parse progress: |████████████████████████████████████████████████████████████████| (done) 100%
naivebayes prediction progress: |████████████████████████████████████████████████| (done) 100%
glm prediction progress: |███████████████████████████████████████████████████████| (done) 100%
drf prediction progress: |███████████████████████████████████████████████████████| (done) 100%
gbm prediction progress: |███████████████████████████████████████████████████████| (done) 100%
xgboost prediction progress: |███████████████████████████████████████████████████| (done) 100%
deeplearning prediction progress: |██████████████████████████████████████████████| (done) 100%
8 rf /data/paper4/test/4.csv
Parse progress: |████████████████████████████████████████████████████████████████| (done) 100%
naivebayes prediction progress: |████████████████████████████████████████████████| (done) 100%
glm prediction progress: |███████████████████████████████████████████████████████| (done) 100%
drf prediction progress: |███████████████████████████████████████████████████████| (done) 100%
gbm prediction progress: |███████████████████████████████████████████████████████| (done) 100%
xgboost prediction progress: |███████████████████████████████████████████████████| (done) 100%
deeplearning prediction progress: |██████████████████████████████████████████████| (done) 100%
8 rf /data/paper4/test/6.csv
Parse progress: |████████████████████████████████████████████████████████████████| (done) 100%
naivebayes prediction progress: |████████████████████████████████████████████████| (done) 100%
glm prediction progress: |███████████████████████████████████████████████████████| (done) 100%
drf prediction progress: |███████████████████████████████████████████████████████| (done) 100%
gbm prediction progress: |███████████████████████████████████████████████████████| (done) 100%
xgboost prediction progress: |███████████████████████████████████████████████████| (done) 100%
deeplearning prediction progress: |██████████████████████████████████████████████| (done) 100%
glm
Checking whether there is an H2O instance running at http://localhost:54321 . connected.
Warning: Your H2O cluster version is too old (5 months and 11 days)!Please download and install the latest version from http://h2o.ai/download/
--------------------------  ------------------------------------------------------------------
H2O_cluster_uptime:         2 days 20 hours 6 mins
H2O_cluster_timezone:       Asia/Shanghai
H2O_data_parsing_timezone:  UTC
H2O_cluster_version:        3.34.0.3
H2O_cluster_version_age:    5 months and 11 days !!!
H2O_cluster_name:           H2O_from_python_root_ijoqmh
H2O_cluster_total_nodes:    1
H2O_cluster_free_memory:    15.16 Gb
H2O_cluster_total_cores:    20
H2O_cluster_allowed_cores:  20
H2O_cluster_status:         locked, healthy
H2O_connection_url:         http://localhost:54321
H2O_connection_proxy:       {"http": null, "https": null}
H2O_internal_security:      False
H2O_API_Extensions:         Amazon S3, XGBoost, Algos, AutoML, Core V3, TargetEncoder, Core V4
Python_version:             3.8.10 final
--------------------------  ------------------------------------------------------------------
loading  bayes /data/paper4/model//baseline/bayes/NaiveBayes_model_python_1647354051846_5460
loading  glm /data/paper4/model//baseline/glm/GLM_model_python_1647354051846_5464
loading  rf /data/paper4/model//baseline/rf/DRF_model_python_1647354051846_5481
loading  gbm /data/paper4/model//baseline/gbm/GBM_model_python_1647354051846_5563
loading  xgboost /data/paper4/model//baseline/xgboost/XGBoost_model_python_1647361848945_2021
loading  deeplearn /data/paper4/model//baseline/deeplearn/DeepLearning_model_python_1647354051846_5660
baseline glm /data/paper4/test/3.csv
Parse progress: |████████████████████████████████████████████████████████████████| (done) 100%
naivebayes prediction progress: |████████████████████████████████████████████████| (done) 100%
glm prediction progress: |███████████████████████████████████████████████████████| (done) 100%
drf prediction progress: |███████████████████████████████████████████████████████| (done) 100%
gbm prediction progress: |███████████████████████████████████████████████████████| (done) 100%
xgboost prediction progress: |███████████████████████████████████████████████████| (done) 100%
deeplearning prediction progress: |██████████████████████████████████████████████| (done) 100%
baseline glm /data/paper4/test/0.csv
Parse progress: |████████████████████████████████████████████████████████████████| (done) 100%
naivebayes prediction progress: |████████████████████████████████████████████████| (done) 100%
glm prediction progress: |███████████████████████████████████████████████████████| (done) 100%
drf prediction progress: |███████████████████████████████████████████████████████| (done) 100%
gbm prediction progress: |███████████████████████████████████████████████████████| (done) 100%
xgboost prediction progress: |███████████████████████████████████████████████████| (done) 100%
deeplearning prediction progress: |██████████████████████████████████████████████| (done) 100%
baseline glm /data/paper4/test/2.csv
Parse progress: |████████████████████████████████████████████████████████████████| (done) 100%
naivebayes prediction progress: |████████████████████████████████████████████████| (done) 100%
glm prediction progress: |███████████████████████████████████████████████████████| (done) 100%
drf prediction progress: |███████████████████████████████████████████████████████| (done) 100%
gbm prediction progress: |███████████████████████████████████████████████████████| (done) 100%
xgboost prediction progress: |███████████████████████████████████████████████████| (done) 100%
deeplearning prediction progress: |██████████████████████████████████████████████| (done) 100%
baseline glm /data/paper4/test/5.csv
Parse progress: |████████████████████████████████████████████████████████████████| (done) 100%
naivebayes prediction progress: |████████████████████████████████████████████████| (done) 100%
glm prediction progress: |███████████████████████████████████████████████████████| (done) 100%
drf prediction progress: |███████████████████████████████████████████████████████| (done) 100%
gbm prediction progress: |███████████████████████████████████████████████████████| (done) 100%
xgboost prediction progress: |███████████████████████████████████████████████████| (done) 100%
deeplearning prediction progress: |██████████████████████████████████████████████| (done) 100%
baseline glm /data/paper4/test/8.csv
Parse progress: |████████████████████████████████████████████████████████████████| (done) 100%
naivebayes prediction progress: |████████████████████████████████████████████████| (done) 100%
glm prediction progress: |███████████████████████████████████████████████████████| (done) 100%
drf prediction progress: |███████████████████████████████████████████████████████| (done) 100%
gbm prediction progress: |███████████████████████████████████████████████████████| (done) 100%
xgboost prediction progress: |███████████████████████████████████████████████████| (done) 100%
deeplearning prediction progress: |██████████████████████████████████████████████| (done) 100%
baseline glm /data/paper4/test/7.csv
Parse progress: |████████████████████████████████████████████████████████████████| (done) 100%
naivebayes prediction progress: |████████████████████████████████████████████████| (done) 100%
glm prediction progress: |███████████████████████████████████████████████████████| (done) 100%
drf prediction progress: |███████████████████████████████████████████████████████| (done) 100%
gbm prediction progress: |███████████████████████████████████████████████████████| (done) 100%
xgboost prediction progress: |███████████████████████████████████████████████████| (done) 100%
deeplearning prediction progress: |██████████████████████████████████████████████| (done) 100%
baseline glm /data/paper4/test/1.csv
Parse progress: |████████████████████████████████████████████████████████████████| (done) 100%
naivebayes prediction progress: |████████████████████████████████████████████████| (done) 100%
glm prediction progress: |███████████████████████████████████████████████████████| (done) 100%
drf prediction progress: |███████████████████████████████████████████████████████| (done) 100%
gbm prediction progress: |███████████████████████████████████████████████████████| (done) 100%
xgboost prediction progress: |███████████████████████████████████████████████████| (done) 100%
deeplearning prediction progress: |██████████████████████████████████████████████| (done) 100%
baseline glm /data/paper4/test/4.csv
Parse progress: |████████████████████████████████████████████████████████████████| (done) 100%
naivebayes prediction progress: |████████████████████████████████████████████████| (done) 100%
glm prediction progress: |███████████████████████████████████████████████████████| (done) 100%
drf prediction progress: |███████████████████████████████████████████████████████| (done) 100%
gbm prediction progress: |███████████████████████████████████████████████████████| (done) 100%
xgboost prediction progress: |███████████████████████████████████████████████████| (done) 100%
deeplearning prediction progress: |██████████████████████████████████████████████| (done) 100%
baseline glm /data/paper4/test/6.csv
Parse progress: |████████████████████████████████████████████████████████████████| (done) 100%
naivebayes prediction progress: |████████████████████████████████████████████████| (done) 100%
glm prediction progress: |███████████████████████████████████████████████████████| (done) 100%
drf prediction progress: |███████████████████████████████████████████████████████| (done) 100%
gbm prediction progress: |███████████████████████████████████████████████████████| (done) 100%
xgboost prediction progress: |███████████████████████████████████████████████████| (done) 100%
deeplearning prediction progress: |██████████████████████████████████████████████| (done) 100%
deeplearn
Checking whether there is an H2O instance running at http://localhost:54321 . connected.
Warning: Your H2O cluster version is too old (5 months and 11 days)!Please download and install the latest version from http://h2o.ai/download/
--------------------------  ------------------------------------------------------------------
H2O_cluster_uptime:         2 days 20 hours 7 mins
H2O_cluster_timezone:       Asia/Shanghai
H2O_data_parsing_timezone:  UTC
H2O_cluster_version:        3.34.0.3
H2O_cluster_version_age:    5 months and 11 days !!!
H2O_cluster_name:           H2O_from_python_root_ijoqmh
H2O_cluster_total_nodes:    1
H2O_cluster_free_memory:    15.10 Gb
H2O_cluster_total_cores:    20
H2O_cluster_allowed_cores:  20
H2O_cluster_status:         locked, healthy
H2O_connection_url:         http://localhost:54321
H2O_connection_proxy:       {"http": null, "https": null}
H2O_internal_security:      False
H2O_API_Extensions:         Amazon S3, XGBoost, Algos, AutoML, Core V3, TargetEncoder, Core V4
Python_version:             3.8.10 final
--------------------------  ------------------------------------------------------------------
loading  bayes /data/paper4/model//baseline/bayes/NaiveBayes_model_python_1647354051846_5460
loading  glm /data/paper4/model//baseline/glm/GLM_model_python_1647354051846_5464
loading  rf /data/paper4/model//baseline/rf/DRF_model_python_1647354051846_5481
loading  gbm /data/paper4/model//baseline/gbm/GBM_model_python_1647354051846_5563
loading  xgboost /data/paper4/model//baseline/xgboost/XGBoost_model_python_1647361848945_2021
loading  deeplearn /data/paper4/model//baseline/deeplearn/DeepLearning_model_python_1647354051846_5660
baseline deeplearn /data/paper4/test/3.csv
Parse progress: |████████████████████████████████████████████████████████████████| (done) 100%
naivebayes prediction progress: |████████████████████████████████████████████████| (done) 100%
glm prediction progress: |███████████████████████████████████████████████████████| (done) 100%
drf prediction progress: |███████████████████████████████████████████████████████| (done) 100%
gbm prediction progress: |███████████████████████████████████████████████████████| (done) 100%
xgboost prediction progress: |███████████████████████████████████████████████████| (done) 100%
deeplearning prediction progress: |██████████████████████████████████████████████| (done) 100%
baseline deeplearn /data/paper4/test/0.csv
Parse progress: |████████████████████████████████████████████████████████████████| (done) 100%
naivebayes prediction progress: |████████████████████████████████████████████████| (done) 100%
glm prediction progress: |███████████████████████████████████████████████████████| (done) 100%
drf prediction progress: |███████████████████████████████████████████████████████| (done) 100%
gbm prediction progress: |███████████████████████████████████████████████████████| (done) 100%
xgboost prediction progress: |███████████████████████████████████████████████████| (done) 100%
deeplearning prediction progress: |██████████████████████████████████████████████| (done) 100%
baseline deeplearn /data/paper4/test/2.csv
Parse progress: |████████████████████████████████████████████████████████████████| (done) 100%
naivebayes prediction progress: |████████████████████████████████████████████████| (done) 100%
glm prediction progress: |███████████████████████████████████████████████████████| (done) 100%
drf prediction progress: |███████████████████████████████████████████████████████| (done) 100%
gbm prediction progress: |███████████████████████████████████████████████████████| (done) 100%
xgboost prediction progress: |███████████████████████████████████████████████████| (done) 100%
deeplearning prediction progress: |██████████████████████████████████████████████| (done) 100%
baseline deeplearn /data/paper4/test/5.csv
Parse progress: |████████████████████████████████████████████████████████████████| (done) 100%
naivebayes prediction progress: |████████████████████████████████████████████████| (done) 100%
glm prediction progress: |███████████████████████████████████████████████████████| (done) 100%
drf prediction progress: |███████████████████████████████████████████████████████| (done) 100%
gbm prediction progress: |███████████████████████████████████████████████████████| (done) 100%
xgboost prediction progress: |███████████████████████████████████████████████████| (done) 100%
deeplearning prediction progress: |██████████████████████████████████████████████| (done) 100%
baseline deeplearn /data/paper4/test/8.csv
Parse progress: |████████████████████████████████████████████████████████████████| (done) 100%
naivebayes prediction progress: |████████████████████████████████████████████████| (done) 100%
glm prediction progress: |███████████████████████████████████████████████████████| (done) 100%
drf prediction progress: |███████████████████████████████████████████████████████| (done) 100%
gbm prediction progress: |███████████████████████████████████████████████████████| (done) 100%
xgboost prediction progress: |███████████████████████████████████████████████████| (done) 100%
deeplearning prediction progress: |██████████████████████████████████████████████| (done) 100%
baseline deeplearn /data/paper4/test/7.csv
Parse progress: |████████████████████████████████████████████████████████████████| (done) 100%
naivebayes prediction progress: |████████████████████████████████████████████████| (done) 100%
glm prediction progress: |███████████████████████████████████████████████████████| (done) 100%
drf prediction progress: |███████████████████████████████████████████████████████| (done) 100%
gbm prediction progress: |███████████████████████████████████████████████████████| (done) 100%
xgboost prediction progress: |███████████████████████████████████████████████████| (done) 100%
deeplearning prediction progress: |██████████████████████████████████████████████| (done) 100%
baseline deeplearn /data/paper4/test/1.csv
Parse progress: |████████████████████████████████████████████████████████████████| (done) 100%
naivebayes prediction progress: |████████████████████████████████████████████████| (done) 100%
glm prediction progress: |███████████████████████████████████████████████████████| (done) 100%
drf prediction progress: |███████████████████████████████████████████████████████| (done) 100%
gbm prediction progress: |███████████████████████████████████████████████████████| (done) 100%
xgboost prediction progress: |███████████████████████████████████████████████████| (done) 100%
deeplearning prediction progress: |██████████████████████████████████████████████| (done) 100%
baseline deeplearn /data/paper4/test/4.csv
Parse progress: |████████████████████████████████████████████████████████████████| (done) 100%
naivebayes prediction progress: |████████████████████████████████████████████████| (done) 100%
glm prediction progress: |███████████████████████████████████████████████████████| (done) 100%
drf prediction progress: |███████████████████████████████████████████████████████| (done) 100%
gbm prediction progress: |███████████████████████████████████████████████████████| (done) 100%
xgboost prediction progress: |███████████████████████████████████████████████████| (done) 100%
deeplearning prediction progress: |██████████████████████████████████████████████| (done) 100%
baseline deeplearn /data/paper4/test/6.csv
Parse progress: |████████████████████████████████████████████████████████████████| (done) 100%
naivebayes prediction progress: |████████████████████████████████████████████████| (done) 100%
glm prediction progress: |███████████████████████████████████████████████████████| (done) 100%
drf prediction progress: |███████████████████████████████████████████████████████| (done) 100%
gbm prediction progress: |███████████████████████████████████████████████████████| (done) 100%
xgboost prediction progress: |███████████████████████████████████████████████████| (done) 100%
deeplearning prediction progress: |██████████████████████████████████████████████| (done) 100%
gbm
Checking whether there is an H2O instance running at http://localhost:54321 . connected.
Warning: Your H2O cluster version is too old (5 months and 11 days)!Please download and install the latest version from http://h2o.ai/download/
--------------------------  ------------------------------------------------------------------
H2O_cluster_uptime:         2 days 20 hours 7 mins
H2O_cluster_timezone:       Asia/Shanghai
H2O_data_parsing_timezone:  UTC
H2O_cluster_version:        3.34.0.3
H2O_cluster_version_age:    5 months and 11 days !!!
H2O_cluster_name:           H2O_from_python_root_ijoqmh
H2O_cluster_total_nodes:    1
H2O_cluster_free_memory:    15.04 Gb
H2O_cluster_total_cores:    20
H2O_cluster_allowed_cores:  20
H2O_cluster_status:         locked, healthy
H2O_connection_url:         http://localhost:54321
H2O_connection_proxy:       {"http": null, "https": null}
H2O_internal_security:      False
H2O_API_Extensions:         Amazon S3, XGBoost, Algos, AutoML, Core V3, TargetEncoder, Core V4
Python_version:             3.8.10 final
--------------------------  ------------------------------------------------------------------
loading  bayes /data/paper4/model//baseline/bayes/NaiveBayes_model_python_1647354051846_5460
loading  glm /data/paper4/model//baseline/glm/GLM_model_python_1647354051846_5464
loading  rf /data/paper4/model//baseline/rf/DRF_model_python_1647354051846_5481
loading  gbm /data/paper4/model//baseline/gbm/GBM_model_python_1647354051846_5563
loading  xgboost /data/paper4/model//baseline/xgboost/XGBoost_model_python_1647361848945_2021
loading  deeplearn /data/paper4/model//baseline/deeplearn/DeepLearning_model_python_1647354051846_5660
baseline gbm /data/paper4/test/3.csv
Parse progress: |████████████████████████████████████████████████████████████████| (done) 100%
naivebayes prediction progress: |████████████████████████████████████████████████| (done) 100%
glm prediction progress: |███████████████████████████████████████████████████████| (done) 100%
drf prediction progress: |███████████████████████████████████████████████████████| (done) 100%
gbm prediction progress: |███████████████████████████████████████████████████████| (done) 100%
xgboost prediction progress: |███████████████████████████████████████████████████| (done) 100%
deeplearning prediction progress: |██████████████████████████████████████████████| (done) 100%
baseline gbm /data/paper4/test/0.csv
Parse progress: |████████████████████████████████████████████████████████████████| (done) 100%
naivebayes prediction progress: |████████████████████████████████████████████████| (done) 100%
glm prediction progress: |███████████████████████████████████████████████████████| (done) 100%
drf prediction progress: |███████████████████████████████████████████████████████| (done) 100%
gbm prediction progress: |███████████████████████████████████████████████████████| (done) 100%
xgboost prediction progress: |███████████████████████████████████████████████████| (done) 100%
deeplearning prediction progress: |██████████████████████████████████████████████| (done) 100%
baseline gbm /data/paper4/test/2.csv
Parse progress: |████████████████████████████████████████████████████████████████| (done) 100%
naivebayes prediction progress: |████████████████████████████████████████████████| (done) 100%
glm prediction progress: |███████████████████████████████████████████████████████| (done) 100%
drf prediction progress: |███████████████████████████████████████████████████████| (done) 100%
gbm prediction progress: |███████████████████████████████████████████████████████| (done) 100%
xgboost prediction progress: |███████████████████████████████████████████████████| (done) 100%
deeplearning prediction progress: |██████████████████████████████████████████████| (done) 100%
baseline gbm /data/paper4/test/5.csv
Parse progress: |████████████████████████████████████████████████████████████████| (done) 100%
naivebayes prediction progress: |████████████████████████████████████████████████| (done) 100%
glm prediction progress: |███████████████████████████████████████████████████████| (done) 100%
drf prediction progress: |███████████████████████████████████████████████████████| (done) 100%
gbm prediction progress: |███████████████████████████████████████████████████████| (done) 100%
xgboost prediction progress: |███████████████████████████████████████████████████| (done) 100%
deeplearning prediction progress: |██████████████████████████████████████████████| (done) 100%
baseline gbm /data/paper4/test/8.csv
Parse progress: |████████████████████████████████████████████████████████████████| (done) 100%
naivebayes prediction progress: |████████████████████████████████████████████████| (done) 100%
glm prediction progress: |███████████████████████████████████████████████████████| (done) 100%
drf prediction progress: |███████████████████████████████████████████████████████| (done) 100%
gbm prediction progress: |███████████████████████████████████████████████████████| (done) 100%
xgboost prediction progress: |███████████████████████████████████████████████████| (done) 100%
deeplearning prediction progress: |██████████████████████████████████████████████| (done) 100%
baseline gbm /data/paper4/test/7.csv
Parse progress: |████████████████████████████████████████████████████████████████| (done) 100%
naivebayes prediction progress: |████████████████████████████████████████████████| (done) 100%
glm prediction progress: |███████████████████████████████████████████████████████| (done) 100%
drf prediction progress: |███████████████████████████████████████████████████████| (done) 100%
gbm prediction progress: |███████████████████████████████████████████████████████| (done) 100%
xgboost prediction progress: |███████████████████████████████████████████████████| (done) 100%
deeplearning prediction progress: |██████████████████████████████████████████████| (done) 100%
baseline gbm /data/paper4/test/1.csv
Parse progress: |████████████████████████████████████████████████████████████████| (done) 100%
naivebayes prediction progress: |████████████████████████████████████████████████| (done) 100%
glm prediction progress: |███████████████████████████████████████████████████████| (done) 100%
drf prediction progress: |███████████████████████████████████████████████████████| (done) 100%
gbm prediction progress: |███████████████████████████████████████████████████████| (done) 100%
xgboost prediction progress: |███████████████████████████████████████████████████| (done) 100%
deeplearning prediction progress: |██████████████████████████████████████████████| (done) 100%
baseline gbm /data/paper4/test/4.csv
Parse progress: |████████████████████████████████████████████████████████████████| (done) 100%
naivebayes prediction progress: |████████████████████████████████████████████████| (done) 100%
glm prediction progress: |███████████████████████████████████████████████████████| (done) 100%
drf prediction progress: |███████████████████████████████████████████████████████| (done) 100%
gbm prediction progress: |███████████████████████████████████████████████████████| (done) 100%
xgboost prediction progress: |███████████████████████████████████████████████████| (done) 100%
deeplearning prediction progress: |██████████████████████████████████████████████| (done) 100%
baseline gbm /data/paper4/test/6.csv
Parse progress: |████████████████████████████████████████████████████████████████| (done) 100%
naivebayes prediction progress: |████████████████████████████████████████████████| (done) 100%
glm prediction progress: |███████████████████████████████████████████████████████| (done) 100%
drf prediction progress: |███████████████████████████████████████████████████████| (done) 100%
gbm prediction progress: |███████████████████████████████████████████████████████| (done) 100%
xgboost prediction progress: |███████████████████████████████████████████████████| (done) 100%
deeplearning prediction progress: |██████████████████████████████████████████████| (done) 100%
cnn
baseline cnn /data/paper4/test/3.csv
baseline cnn /data/paper4/test/0.csv
baseline cnn /data/paper4/test/2.csv
baseline cnn /data/paper4/test/5.csv
baseline cnn /data/paper4/test/8.csv
baseline cnn /data/paper4/test/7.csv
baseline cnn /data/paper4/test/1.csv
baseline cnn /data/paper4/test/4.csv
baseline cnn /data/paper4/test/6.csv
xgboost
Checking whether there is an H2O instance running at http://localhost:54321 . connected.
Warning: Your H2O cluster version is too old (5 months and 11 days)!Please download and install the latest version from http://h2o.ai/download/
--------------------------  ------------------------------------------------------------------
H2O_cluster_uptime:         2 days 20 hours 9 mins
H2O_cluster_timezone:       Asia/Shanghai
H2O_data_parsing_timezone:  UTC
H2O_cluster_version:        3.34.0.3
H2O_cluster_version_age:    5 months and 11 days !!!
H2O_cluster_name:           H2O_from_python_root_ijoqmh
H2O_cluster_total_nodes:    1
H2O_cluster_free_memory:    14.97 Gb
H2O_cluster_total_cores:    20
H2O_cluster_allowed_cores:  20
H2O_cluster_status:         locked, healthy
H2O_connection_url:         http://localhost:54321
H2O_connection_proxy:       {"http": null, "https": null}
H2O_internal_security:      False
H2O_API_Extensions:         Amazon S3, XGBoost, Algos, AutoML, Core V3, TargetEncoder, Core V4
Python_version:             3.8.10 final
--------------------------  ------------------------------------------------------------------
loading  bayes /data/paper4/model//baseline/bayes/NaiveBayes_model_python_1647354051846_5460
loading  glm /data/paper4/model//baseline/glm/GLM_model_python_1647354051846_5464
loading  rf /data/paper4/model//baseline/rf/DRF_model_python_1647354051846_5481
loading  gbm /data/paper4/model//baseline/gbm/GBM_model_python_1647354051846_5563
loading  xgboost /data/paper4/model//baseline/xgboost/XGBoost_model_python_1647361848945_2021
loading  deeplearn /data/paper4/model//baseline/deeplearn/DeepLearning_model_python_1647354051846_5660
baseline xgboost /data/paper4/test/3.csv
Parse progress: |████████████████████████████████████████████████████████████████| (done) 100%
naivebayes prediction progress: |████████████████████████████████████████████████| (done) 100%
glm prediction progress: |███████████████████████████████████████████████████████| (done) 100%
drf prediction progress: |███████████████████████████████████████████████████████| (done) 100%
gbm prediction progress: |███████████████████████████████████████████████████████| (done) 100%
xgboost prediction progress: |███████████████████████████████████████████████████| (done) 100%
deeplearning prediction progress: |██████████████████████████████████████████████| (done) 100%
baseline xgboost /data/paper4/test/0.csv
Parse progress: |████████████████████████████████████████████████████████████████| (done) 100%
naivebayes prediction progress: |████████████████████████████████████████████████| (done) 100%
glm prediction progress: |███████████████████████████████████████████████████████| (done) 100%
drf prediction progress: |███████████████████████████████████████████████████████| (done) 100%
gbm prediction progress: |███████████████████████████████████████████████████████| (done) 100%
xgboost prediction progress: |███████████████████████████████████████████████████| (done) 100%
deeplearning prediction progress: |██████████████████████████████████████████████| (done) 100%
baseline xgboost /data/paper4/test/2.csv
Parse progress: |████████████████████████████████████████████████████████████████| (done) 100%
naivebayes prediction progress: |████████████████████████████████████████████████| (done) 100%
glm prediction progress: |███████████████████████████████████████████████████████| (done) 100%
drf prediction progress: |███████████████████████████████████████████████████████| (done) 100%
gbm prediction progress: |███████████████████████████████████████████████████████| (done) 100%
xgboost prediction progress: |███████████████████████████████████████████████████| (done) 100%
deeplearning prediction progress: |██████████████████████████████████████████████| (done) 100%
baseline xgboost /data/paper4/test/5.csv
Parse progress: |████████████████████████████████████████████████████████████████| (done) 100%
naivebayes prediction progress: |████████████████████████████████████████████████| (done) 100%
glm prediction progress: |███████████████████████████████████████████████████████| (done) 100%
drf prediction progress: |███████████████████████████████████████████████████████| (done) 100%
gbm prediction progress: |███████████████████████████████████████████████████████| (done) 100%
xgboost prediction progress: |███████████████████████████████████████████████████| (done) 100%
deeplearning prediction progress: |██████████████████████████████████████████████| (done) 100%
baseline xgboost /data/paper4/test/8.csv
Parse progress: |████████████████████████████████████████████████████████████████| (done) 100%
naivebayes prediction progress: |████████████████████████████████████████████████| (done) 100%
glm prediction progress: |███████████████████████████████████████████████████████| (done) 100%
drf prediction progress: |███████████████████████████████████████████████████████| (done) 100%
gbm prediction progress: |███████████████████████████████████████████████████████| (done) 100%
xgboost prediction progress: |███████████████████████████████████████████████████| (done) 100%
deeplearning prediction progress: |██████████████████████████████████████████████| (done) 100%
baseline xgboost /data/paper4/test/7.csv
Parse progress: |████████████████████████████████████████████████████████████████| (done) 100%
naivebayes prediction progress: |████████████████████████████████████████████████| (done) 100%
glm prediction progress: |███████████████████████████████████████████████████████| (done) 100%
drf prediction progress: |███████████████████████████████████████████████████████| (done) 100%
gbm prediction progress: |███████████████████████████████████████████████████████| (done) 100%
xgboost prediction progress: |███████████████████████████████████████████████████| (done) 100%
deeplearning prediction progress: |██████████████████████████████████████████████| (done) 100%
baseline xgboost /data/paper4/test/1.csv
Parse progress: |████████████████████████████████████████████████████████████████| (done) 100%
naivebayes prediction progress: |████████████████████████████████████████████████| (done) 100%
glm prediction progress: |███████████████████████████████████████████████████████| (done) 100%
drf prediction progress: |███████████████████████████████████████████████████████| (done) 100%
gbm prediction progress: |███████████████████████████████████████████████████████| (done) 100%
xgboost prediction progress: |███████████████████████████████████████████████████| (done) 100%
deeplearning prediction progress: |██████████████████████████████████████████████| (done) 100%
baseline xgboost /data/paper4/test/4.csv
Parse progress: |████████████████████████████████████████████████████████████████| (done) 100%
naivebayes prediction progress: |████████████████████████████████████████████████| (done) 100%
glm prediction progress: |███████████████████████████████████████████████████████| (done) 100%
drf prediction progress: |███████████████████████████████████████████████████████| (done) 100%
gbm prediction progress: |███████████████████████████████████████████████████████| (done) 100%
xgboost prediction progress: |███████████████████████████████████████████████████| (done) 100%
deeplearning prediction progress: |██████████████████████████████████████████████| (done) 100%
baseline xgboost /data/paper4/test/6.csv
Parse progress: |████████████████████████████████████████████████████████████████| (done) 100%
naivebayes prediction progress: |████████████████████████████████████████████████| (done) 100%
glm prediction progress: |███████████████████████████████████████████████████████| (done) 100%
drf prediction progress: |███████████████████████████████████████████████████████| (done) 100%
gbm prediction progress: |███████████████████████████████████████████████████████| (done) 100%
xgboost prediction progress: |███████████████████████████████████████████████████| (done) 100%
deeplearning prediction progress: |██████████████████████████████████████████████| (done) 100%
svm
SVM /data/paper4/model/baseline/svm/sklearn_model_python_svm.pkl
baseline svm /data/paper4/test/3.csv
[Parallel(n_jobs=22)]: Using backend LokyBackend with 22 concurrent workers.
[Parallel(n_jobs=22)]: Done   2 out of  22 | elapsed:  7.2min remaining: 71.7min
[Parallel(n_jobs=22)]: Done  22 out of  22 | elapsed:  8.4min finished
baseline svm /data/paper4/test/0.csv
[Parallel(n_jobs=22)]: Using backend LokyBackend with 22 concurrent workers.
[Parallel(n_jobs=22)]: Done   2 out of  22 | elapsed:  7.3min remaining: 72.8min
[Parallel(n_jobs=22)]: Done  22 out of  22 | elapsed:  8.5min finished
baseline svm /data/paper4/test/2.csv
[Parallel(n_jobs=22)]: Using backend LokyBackend with 22 concurrent workers.
[Parallel(n_jobs=22)]: Done   2 out of  22 | elapsed:  7.6min remaining: 75.9min
[Parallel(n_jobs=22)]: Done  22 out of  22 | elapsed:  8.8min finished
baseline svm /data/paper4/test/5.csv
[Parallel(n_jobs=22)]: Using backend LokyBackend with 22 concurrent workers.
[Parallel(n_jobs=22)]: Done   2 out of  22 | elapsed:  7.4min remaining: 74.4min
[Parallel(n_jobs=22)]: Done  22 out of  22 | elapsed:  8.7min finished
baseline svm /data/paper4/test/8.csv
[Parallel(n_jobs=22)]: Using backend LokyBackend with 22 concurrent workers.
[Parallel(n_jobs=22)]: Done   2 out of  22 | elapsed:  7.6min remaining: 76.1min
[Parallel(n_jobs=22)]: Done  22 out of  22 | elapsed:  9.0min finished
baseline svm /data/paper4/test/7.csv
[Parallel(n_jobs=22)]: Using backend LokyBackend with 22 concurrent workers.
[Parallel(n_jobs=22)]: Done   2 out of  22 | elapsed:  7.7min remaining: 77.2min
[Parallel(n_jobs=22)]: Done  22 out of  22 | elapsed:  9.0min finished
baseline svm /data/paper4/test/1.csv
[Parallel(n_jobs=22)]: Using backend LokyBackend with 22 concurrent workers.
[Parallel(n_jobs=22)]: Done   2 out of  22 | elapsed:  8.2min remaining: 81.9min
[Parallel(n_jobs=22)]: Done  22 out of  22 | elapsed:  9.5min finished
baseline svm /data/paper4/test/4.csv
[Parallel(n_jobs=22)]: Using backend LokyBackend with 22 concurrent workers.
[Parallel(n_jobs=22)]: Done   2 out of  22 | elapsed:  7.1min remaining: 70.6min
[Parallel(n_jobs=22)]: Done  22 out of  22 | elapsed:  8.3min finished
baseline svm /data/paper4/test/6.csv
[Parallel(n_jobs=22)]: Using backend LokyBackend with 22 concurrent workers.
[Parallel(n_jobs=22)]: Done   2 out of  22 | elapsed:  8.0min remaining: 80.0min
[Parallel(n_jobs=22)]: Done  22 out of  22 | elapsed:  9.3min finished
bayes
Checking whether there is an H2O instance running at http://localhost:54321 . connected.
Warning: Your H2O cluster version is too old (5 months and 11 days)!Please download and install the latest version from http://h2o.ai/download/
--------------------------  ------------------------------------------------------------------
H2O_cluster_uptime:         2 days 21 hours 29 mins
H2O_cluster_timezone:       Asia/Shanghai
H2O_data_parsing_timezone:  UTC
H2O_cluster_version:        3.34.0.3
H2O_cluster_version_age:    5 months and 11 days !!!
H2O_cluster_name:           H2O_from_python_root_ijoqmh
H2O_cluster_total_nodes:    1
H2O_cluster_free_memory:    14.90 Gb
H2O_cluster_total_cores:    20
H2O_cluster_allowed_cores:  20
H2O_cluster_status:         locked, healthy
H2O_connection_url:         http://localhost:54321
H2O_connection_proxy:       {"http": null, "https": null}
H2O_internal_security:      False
H2O_API_Extensions:         Amazon S3, XGBoost, Algos, AutoML, Core V3, TargetEncoder, Core V4
Python_version:             3.8.10 final
--------------------------  ------------------------------------------------------------------
loading  bayes /data/paper4/model//baseline/bayes/NaiveBayes_model_python_1647354051846_5460
loading  glm /data/paper4/model//baseline/glm/GLM_model_python_1647354051846_5464
loading  rf /data/paper4/model//baseline/rf/DRF_model_python_1647354051846_5481
loading  gbm /data/paper4/model//baseline/gbm/GBM_model_python_1647354051846_5563
loading  xgboost /data/paper4/model//baseline/xgboost/XGBoost_model_python_1647361848945_2021
loading  deeplearn /data/paper4/model//baseline/deeplearn/DeepLearning_model_python_1647354051846_5660
baseline bayes /data/paper4/test/3.csv
Parse progress: |████████████████████████████████████████████████████████████████| (done) 100%
naivebayes prediction progress: |████████████████████████████████████████████████| (done) 100%
glm prediction progress: |███████████████████████████████████████████████████████| (done) 100%
drf prediction progress: |███████████████████████████████████████████████████████| (done) 100%
gbm prediction progress: |███████████████████████████████████████████████████████| (done) 100%
xgboost prediction progress: |███████████████████████████████████████████████████| (done) 100%
deeplearning prediction progress: |██████████████████████████████████████████████| (done) 100%
baseline bayes /data/paper4/test/0.csv
Parse progress: |████████████████████████████████████████████████████████████████| (done) 100%
naivebayes prediction progress: |████████████████████████████████████████████████| (done) 100%
glm prediction progress: |███████████████████████████████████████████████████████| (done) 100%
drf prediction progress: |███████████████████████████████████████████████████████| (done) 100%
gbm prediction progress: |███████████████████████████████████████████████████████| (done) 100%
xgboost prediction progress: |███████████████████████████████████████████████████| (done) 100%
deeplearning prediction progress: |██████████████████████████████████████████████| (done) 100%
baseline bayes /data/paper4/test/2.csv
Parse progress: |████████████████████████████████████████████████████████████████| (done) 100%
naivebayes prediction progress: |████████████████████████████████████████████████| (done) 100%
glm prediction progress: |███████████████████████████████████████████████████████| (done) 100%
drf prediction progress: |███████████████████████████████████████████████████████| (done) 100%
gbm prediction progress: |███████████████████████████████████████████████████████| (done) 100%
xgboost prediction progress: |███████████████████████████████████████████████████| (done) 100%
deeplearning prediction progress: |██████████████████████████████████████████████| (done) 100%
baseline bayes /data/paper4/test/5.csv
Parse progress: |████████████████████████████████████████████████████████████████| (done) 100%
naivebayes prediction progress: |████████████████████████████████████████████████| (done) 100%
glm prediction progress: |███████████████████████████████████████████████████████| (done) 100%
drf prediction progress: |███████████████████████████████████████████████████████| (done) 100%
gbm prediction progress: |███████████████████████████████████████████████████████| (done) 100%
xgboost prediction progress: |███████████████████████████████████████████████████| (done) 100%
deeplearning prediction progress: |██████████████████████████████████████████████| (done) 100%
baseline bayes /data/paper4/test/8.csv
Parse progress: |████████████████████████████████████████████████████████████████| (done) 100%
naivebayes prediction progress: |████████████████████████████████████████████████| (done) 100%
glm prediction progress: |███████████████████████████████████████████████████████| (done) 100%
drf prediction progress: |███████████████████████████████████████████████████████| (done) 100%
gbm prediction progress: |███████████████████████████████████████████████████████| (done) 100%
xgboost prediction progress: |███████████████████████████████████████████████████| (done) 100%
deeplearning prediction progress: |██████████████████████████████████████████████| (done) 100%
baseline bayes /data/paper4/test/7.csv
Parse progress: |████████████████████████████████████████████████████████████████| (done) 100%
naivebayes prediction progress: |████████████████████████████████████████████████| (done) 100%
glm prediction progress: |███████████████████████████████████████████████████████| (done) 100%
drf prediction progress: |███████████████████████████████████████████████████████| (done) 100%
gbm prediction progress: |███████████████████████████████████████████████████████| (done) 100%
xgboost prediction progress: |███████████████████████████████████████████████████| (done) 100%
deeplearning prediction progress: |██████████████████████████████████████████████| (done) 100%
baseline bayes /data/paper4/test/1.csv
Parse progress: |████████████████████████████████████████████████████████████████| (done) 100%
naivebayes prediction progress: |████████████████████████████████████████████████| (done) 100%
glm prediction progress: |███████████████████████████████████████████████████████| (done) 100%
drf prediction progress: |███████████████████████████████████████████████████████| (done) 100%
gbm prediction progress: |███████████████████████████████████████████████████████| (done) 100%
xgboost prediction progress: |███████████████████████████████████████████████████| (done) 100%
deeplearning prediction progress: |██████████████████████████████████████████████| (done) 100%
baseline bayes /data/paper4/test/4.csv
Parse progress: |████████████████████████████████████████████████████████████████| (done) 100%
naivebayes prediction progress: |████████████████████████████████████████████████| (done) 100%
glm prediction progress: |███████████████████████████████████████████████████████| (done) 100%
drf prediction progress: |███████████████████████████████████████████████████████| (done) 100%
gbm prediction progress: |███████████████████████████████████████████████████████| (done) 100%
xgboost prediction progress: |███████████████████████████████████████████████████| (done) 100%
deeplearning prediction progress: |██████████████████████████████████████████████| (done) 100%
baseline bayes /data/paper4/test/6.csv
Parse progress: |████████████████████████████████████████████████████████████████| (done) 100%
naivebayes prediction progress: |████████████████████████████████████████████████| (done) 100%
glm prediction progress: |███████████████████████████████████████████████████████| (done) 100%
drf prediction progress: |███████████████████████████████████████████████████████| (done) 100%
gbm prediction progress: |███████████████████████████████████████████████████████| (done) 100%
xgboost prediction progress: |███████████████████████████████████████████████████| (done) 100%
deeplearning prediction progress: |██████████████████████████████████████████████| (done) 100%
rf
Checking whether there is an H2O instance running at http://localhost:54321 . connected.
Warning: Your H2O cluster version is too old (5 months and 11 days)!Please download and install the latest version from http://h2o.ai/download/
--------------------------  ------------------------------------------------------------------
H2O_cluster_uptime:         2 days 21 hours 29 mins
H2O_cluster_timezone:       Asia/Shanghai
H2O_data_parsing_timezone:  UTC
H2O_cluster_version:        3.34.0.3
H2O_cluster_version_age:    5 months and 11 days !!!
H2O_cluster_name:           H2O_from_python_root_ijoqmh
H2O_cluster_total_nodes:    1
H2O_cluster_free_memory:    14.84 Gb
H2O_cluster_total_cores:    20
H2O_cluster_allowed_cores:  20
H2O_cluster_status:         locked, healthy
H2O_connection_url:         http://localhost:54321
H2O_connection_proxy:       {"http": null, "https": null}
H2O_internal_security:      False
H2O_API_Extensions:         Amazon S3, XGBoost, Algos, AutoML, Core V3, TargetEncoder, Core V4
Python_version:             3.8.10 final
--------------------------  ------------------------------------------------------------------
loading  bayes /data/paper4/model//baseline/bayes/NaiveBayes_model_python_1647354051846_5460
loading  glm /data/paper4/model//baseline/glm/GLM_model_python_1647354051846_5464
loading  rf /data/paper4/model//baseline/rf/DRF_model_python_1647354051846_5481
loading  gbm /data/paper4/model//baseline/gbm/GBM_model_python_1647354051846_5563
loading  xgboost /data/paper4/model//baseline/xgboost/XGBoost_model_python_1647361848945_2021
loading  deeplearn /data/paper4/model//baseline/deeplearn/DeepLearning_model_python_1647354051846_5660
baseline rf /data/paper4/test/3.csv
Parse progress: |████████████████████████████████████████████████████████████████| (done) 100%
naivebayes prediction progress: |████████████████████████████████████████████████| (done) 100%
glm prediction progress: |███████████████████████████████████████████████████████| (done) 100%
drf prediction progress: |███████████████████████████████████████████████████████| (done) 100%
gbm prediction progress: |███████████████████████████████████████████████████████| (done) 100%
xgboost prediction progress: |███████████████████████████████████████████████████| (done) 100%
deeplearning prediction progress: |██████████████████████████████████████████████| (done) 100%
baseline rf /data/paper4/test/0.csv
Parse progress: |████████████████████████████████████████████████████████████████| (done) 100%
naivebayes prediction progress: |████████████████████████████████████████████████| (done) 100%
glm prediction progress: |███████████████████████████████████████████████████████| (done) 100%
drf prediction progress: |███████████████████████████████████████████████████████| (done) 100%
gbm prediction progress: |███████████████████████████████████████████████████████| (done) 100%
xgboost prediction progress: |███████████████████████████████████████████████████| (done) 100%
deeplearning prediction progress: |██████████████████████████████████████████████| (done) 100%
baseline rf /data/paper4/test/2.csv
Parse progress: |████████████████████████████████████████████████████████████████| (done) 100%
naivebayes prediction progress: |████████████████████████████████████████████████| (done) 100%
glm prediction progress: |███████████████████████████████████████████████████████| (done) 100%
drf prediction progress: |███████████████████████████████████████████████████████| (done) 100%
gbm prediction progress: |███████████████████████████████████████████████████████| (done) 100%
xgboost prediction progress: |███████████████████████████████████████████████████| (done) 100%
deeplearning prediction progress: |██████████████████████████████████████████████| (done) 100%
baseline rf /data/paper4/test/5.csv
Parse progress: |████████████████████████████████████████████████████████████████| (done) 100%
naivebayes prediction progress: |████████████████████████████████████████████████| (done) 100%
glm prediction progress: |███████████████████████████████████████████████████████| (done) 100%
drf prediction progress: |███████████████████████████████████████████████████████| (done) 100%
gbm prediction progress: |███████████████████████████████████████████████████████| (done) 100%
xgboost prediction progress: |███████████████████████████████████████████████████| (done) 100%
deeplearning prediction progress: |██████████████████████████████████████████████| (done) 100%
baseline rf /data/paper4/test/8.csv
Parse progress: |████████████████████████████████████████████████████████████████| (done) 100%
naivebayes prediction progress: |████████████████████████████████████████████████| (done) 100%
glm prediction progress: |███████████████████████████████████████████████████████| (done) 100%
drf prediction progress: |███████████████████████████████████████████████████████| (done) 100%
gbm prediction progress: |███████████████████████████████████████████████████████| (done) 100%
xgboost prediction progress: |███████████████████████████████████████████████████| (done) 100%
deeplearning prediction progress: |██████████████████████████████████████████████| (done) 100%
baseline rf /data/paper4/test/7.csv
Parse progress: |████████████████████████████████████████████████████████████████| (done) 100%
naivebayes prediction progress: |████████████████████████████████████████████████| (done) 100%
glm prediction progress: |███████████████████████████████████████████████████████| (done) 100%
drf prediction progress: |███████████████████████████████████████████████████████| (done) 100%
gbm prediction progress: |███████████████████████████████████████████████████████| (done) 100%
xgboost prediction progress: |███████████████████████████████████████████████████| (done) 100%
deeplearning prediction progress: |██████████████████████████████████████████████| (done) 100%
baseline rf /data/paper4/test/1.csv
Parse progress: |████████████████████████████████████████████████████████████████| (done) 100%
naivebayes prediction progress: |████████████████████████████████████████████████| (done) 100%
glm prediction progress: |███████████████████████████████████████████████████████| (done) 100%
drf prediction progress: |███████████████████████████████████████████████████████| (done) 100%
gbm prediction progress: |███████████████████████████████████████████████████████| (done) 100%
xgboost prediction progress: |███████████████████████████████████████████████████| (done) 100%
deeplearning prediction progress: |██████████████████████████████████████████████| (done) 100%
baseline rf /data/paper4/test/4.csv
Parse progress: |████████████████████████████████████████████████████████████████| (done) 100%
naivebayes prediction progress: |████████████████████████████████████████████████| (done) 100%
glm prediction progress: |███████████████████████████████████████████████████████| (done) 100%
drf prediction progress: |███████████████████████████████████████████████████████| (done) 100%
gbm prediction progress: |███████████████████████████████████████████████████████| (done) 100%
xgboost prediction progress: |███████████████████████████████████████████████████| (done) 100%
deeplearning prediction progress: |██████████████████████████████████████████████| (done) 100%
baseline rf /data/paper4/test/6.csv
Parse progress: |████████████████████████████████████████████████████████████████| (done) 100%
naivebayes prediction progress: |████████████████████████████████████████████████| (done) 100%
glm prediction progress: |███████████████████████████████████████████████████████| (done) 100%
drf prediction progress: |███████████████████████████████████████████████████████| (done) 100%
gbm prediction progress: |███████████████████████████████████████████████████████| (done) 100%
xgboost prediction progress: |███████████████████████████████████████████████████| (done) 100%
deeplearning prediction progress: |██████████████████████████████████████████████| (done) 100%
glm
Checking whether there is an H2O instance running at http://localhost:54321 . connected.
Warning: Your H2O cluster version is too old (5 months and 11 days)!Please download and install the latest version from http://h2o.ai/download/
--------------------------  ------------------------------------------------------------------
H2O_cluster_uptime:         2 days 21 hours 30 mins
H2O_cluster_timezone:       Asia/Shanghai
H2O_data_parsing_timezone:  UTC
H2O_cluster_version:        3.34.0.3
H2O_cluster_version_age:    5 months and 11 days !!!
H2O_cluster_name:           H2O_from_python_root_ijoqmh
H2O_cluster_total_nodes:    1
H2O_cluster_free_memory:    14.78 Gb
H2O_cluster_total_cores:    20
H2O_cluster_allowed_cores:  20
H2O_cluster_status:         locked, healthy
H2O_connection_url:         http://localhost:54321
H2O_connection_proxy:       {"http": null, "https": null}
H2O_internal_security:      False
H2O_API_Extensions:         Amazon S3, XGBoost, Algos, AutoML, Core V3, TargetEncoder, Core V4
Python_version:             3.8.10 final
--------------------------  ------------------------------------------------------------------
loading  bayes /data/paper4/model//6/bayes/NaiveBayes_model_python_1647354051846_4867
loading  glm /data/paper4/model//6/glm/GLM_model_python_1647354051846_4871
loading  rf /data/paper4/model//6/rf/DRF_model_python_1647354051846_4888
loading  gbm /data/paper4/model//6/gbm/GBM_model_python_1647354051846_5050
loading  xgboost /data/paper4/model//6/xgboost/XGBoost_model_python_1647361848945_1880
loading  deeplearn /data/paper4/model//6/deeplearn/DeepLearning_model_python_1647354051846_5337
6 glm /data/paper4/test/3.csv
Parse progress: |████████████████████████████████████████████████████████████████| (done) 100%
naivebayes prediction progress: |████████████████████████████████████████████████| (done) 100%
glm prediction progress: |███████████████████████████████████████████████████████| (done) 100%
drf prediction progress: |███████████████████████████████████████████████████████| (done) 100%
gbm prediction progress: |███████████████████████████████████████████████████████| (done) 100%
xgboost prediction progress: |███████████████████████████████████████████████████| (done) 100%
deeplearning prediction progress: |██████████████████████████████████████████████| (done) 100%
6 glm /data/paper4/test/0.csv
Parse progress: |████████████████████████████████████████████████████████████████| (done) 100%
naivebayes prediction progress: |████████████████████████████████████████████████| (done) 100%
glm prediction progress: |███████████████████████████████████████████████████████| (done) 100%
drf prediction progress: |███████████████████████████████████████████████████████| (done) 100%
gbm prediction progress: |███████████████████████████████████████████████████████| (done) 100%
xgboost prediction progress: |███████████████████████████████████████████████████| (done) 100%
deeplearning prediction progress: |██████████████████████████████████████████████| (done) 100%
6 glm /data/paper4/test/2.csv
Parse progress: |████████████████████████████████████████████████████████████████| (done) 100%
naivebayes prediction progress: |████████████████████████████████████████████████| (done) 100%
glm prediction progress: |███████████████████████████████████████████████████████| (done) 100%
drf prediction progress: |███████████████████████████████████████████████████████| (done) 100%
gbm prediction progress: |███████████████████████████████████████████████████████| (done) 100%
xgboost prediction progress: |███████████████████████████████████████████████████| (done) 100%
deeplearning prediction progress: |██████████████████████████████████████████████| (done) 100%
6 glm /data/paper4/test/5.csv
Parse progress: |████████████████████████████████████████████████████████████████| (done) 100%
naivebayes prediction progress: |████████████████████████████████████████████████| (done) 100%
glm prediction progress: |███████████████████████████████████████████████████████| (done) 100%
drf prediction progress: |███████████████████████████████████████████████████████| (done) 100%
gbm prediction progress: |███████████████████████████████████████████████████████| (done) 100%
xgboost prediction progress: |███████████████████████████████████████████████████| (done) 100%
deeplearning prediction progress: |██████████████████████████████████████████████| (done) 100%
6 glm /data/paper4/test/8.csv
Parse progress: |████████████████████████████████████████████████████████████████| (done) 100%
naivebayes prediction progress: |████████████████████████████████████████████████| (done) 100%
glm prediction progress: |███████████████████████████████████████████████████████| (done) 100%
drf prediction progress: |███████████████████████████████████████████████████████| (done) 100%
gbm prediction progress: |███████████████████████████████████████████████████████| (done) 100%
xgboost prediction progress: |███████████████████████████████████████████████████| (done) 100%
deeplearning prediction progress: |██████████████████████████████████████████████| (done) 100%
6 glm /data/paper4/test/7.csv
Parse progress: |████████████████████████████████████████████████████████████████| (done) 100%
naivebayes prediction progress: |████████████████████████████████████████████████| (done) 100%
glm prediction progress: |███████████████████████████████████████████████████████| (done) 100%
drf prediction progress: |███████████████████████████████████████████████████████| (done) 100%
gbm prediction progress: |███████████████████████████████████████████████████████| (done) 100%
xgboost prediction progress: |███████████████████████████████████████████████████| (done) 100%
deeplearning prediction progress: |██████████████████████████████████████████████| (done) 100%
6 glm /data/paper4/test/1.csv
Parse progress: |████████████████████████████████████████████████████████████████| (done) 100%
naivebayes prediction progress: |████████████████████████████████████████████████| (done) 100%
glm prediction progress: |███████████████████████████████████████████████████████| (done) 100%
drf prediction progress: |███████████████████████████████████████████████████████| (done) 100%
gbm prediction progress: |███████████████████████████████████████████████████████| (done) 100%
xgboost prediction progress: |███████████████████████████████████████████████████| (done) 100%
deeplearning prediction progress: |██████████████████████████████████████████████| (done) 100%
6 glm /data/paper4/test/4.csv
Parse progress: |████████████████████████████████████████████████████████████████| (done) 100%
naivebayes prediction progress: |████████████████████████████████████████████████| (done) 100%
glm prediction progress: |███████████████████████████████████████████████████████| (done) 100%
drf prediction progress: |███████████████████████████████████████████████████████| (done) 100%
gbm prediction progress: |███████████████████████████████████████████████████████| (done) 100%
xgboost prediction progress: |███████████████████████████████████████████████████| (done) 100%
deeplearning prediction progress: |██████████████████████████████████████████████| (done) 100%
6 glm /data/paper4/test/6.csv
Parse progress: |████████████████████████████████████████████████████████████████| (done) 100%
naivebayes prediction progress: |████████████████████████████████████████████████| (done) 100%
glm prediction progress: |███████████████████████████████████████████████████████| (done) 100%
drf prediction progress: |███████████████████████████████████████████████████████| (done) 100%
gbm prediction progress: |███████████████████████████████████████████████████████| (done) 100%
xgboost prediction progress: |███████████████████████████████████████████████████| (done) 100%
deeplearning prediction progress: |██████████████████████████████████████████████| (done) 100%
deeplearn
Checking whether there is an H2O instance running at http://localhost:54321 . connected.
Warning: Your H2O cluster version is too old (5 months and 11 days)!Please download and install the latest version from http://h2o.ai/download/
--------------------------  ------------------------------------------------------------------
H2O_cluster_uptime:         2 days 21 hours 30 mins
H2O_cluster_timezone:       Asia/Shanghai
H2O_data_parsing_timezone:  UTC
H2O_cluster_version:        3.34.0.3
H2O_cluster_version_age:    5 months and 11 days !!!
H2O_cluster_name:           H2O_from_python_root_ijoqmh
H2O_cluster_total_nodes:    1
H2O_cluster_free_memory:    14.71 Gb
H2O_cluster_total_cores:    20
H2O_cluster_allowed_cores:  20
H2O_cluster_status:         locked, healthy
H2O_connection_url:         http://localhost:54321
H2O_connection_proxy:       {"http": null, "https": null}
H2O_internal_security:      False
H2O_API_Extensions:         Amazon S3, XGBoost, Algos, AutoML, Core V3, TargetEncoder, Core V4
Python_version:             3.8.10 final
--------------------------  ------------------------------------------------------------------
loading  bayes /data/paper4/model//6/bayes/NaiveBayes_model_python_1647354051846_4867
loading  glm /data/paper4/model//6/glm/GLM_model_python_1647354051846_4871
loading  rf /data/paper4/model//6/rf/DRF_model_python_1647354051846_4888
loading  gbm /data/paper4/model//6/gbm/GBM_model_python_1647354051846_5050
loading  xgboost /data/paper4/model//6/xgboost/XGBoost_model_python_1647361848945_1880
loading  deeplearn /data/paper4/model//6/deeplearn/DeepLearning_model_python_1647354051846_5337
6 deeplearn /data/paper4/test/3.csv
Parse progress: |████████████████████████████████████████████████████████████████| (done) 100%
naivebayes prediction progress: |████████████████████████████████████████████████| (done) 100%
glm prediction progress: |███████████████████████████████████████████████████████| (done) 100%
drf prediction progress: |███████████████████████████████████████████████████████| (done) 100%
gbm prediction progress: |███████████████████████████████████████████████████████| (done) 100%
xgboost prediction progress: |███████████████████████████████████████████████████| (done) 100%
deeplearning prediction progress: |██████████████████████████████████████████████| (done) 100%
6 deeplearn /data/paper4/test/0.csv
Parse progress: |████████████████████████████████████████████████████████████████| (done) 100%
naivebayes prediction progress: |████████████████████████████████████████████████| (done) 100%
glm prediction progress: |███████████████████████████████████████████████████████| (done) 100%
drf prediction progress: |███████████████████████████████████████████████████████| (done) 100%
gbm prediction progress: |███████████████████████████████████████████████████████| (done) 100%
xgboost prediction progress: |███████████████████████████████████████████████████| (done) 100%
deeplearning prediction progress: |██████████████████████████████████████████████| (done) 100%
6 deeplearn /data/paper4/test/2.csv
Parse progress: |████████████████████████████████████████████████████████████████| (done) 100%
naivebayes prediction progress: |████████████████████████████████████████████████| (done) 100%
glm prediction progress: |███████████████████████████████████████████████████████| (done) 100%
drf prediction progress: |███████████████████████████████████████████████████████| (done) 100%
gbm prediction progress: |███████████████████████████████████████████████████████| (done) 100%
xgboost prediction progress: |███████████████████████████████████████████████████| (done) 100%
deeplearning prediction progress: |██████████████████████████████████████████████| (done) 100%
6 deeplearn /data/paper4/test/5.csv
Parse progress: |████████████████████████████████████████████████████████████████| (done) 100%
naivebayes prediction progress: |████████████████████████████████████████████████| (done) 100%
glm prediction progress: |███████████████████████████████████████████████████████| (done) 100%
drf prediction progress: |███████████████████████████████████████████████████████| (done) 100%
gbm prediction progress: |███████████████████████████████████████████████████████| (done) 100%
xgboost prediction progress: |███████████████████████████████████████████████████| (done) 100%
deeplearning prediction progress: |██████████████████████████████████████████████| (done) 100%
6 deeplearn /data/paper4/test/8.csv
Parse progress: |████████████████████████████████████████████████████████████████| (done) 100%
naivebayes prediction progress: |████████████████████████████████████████████████| (done) 100%
glm prediction progress: |███████████████████████████████████████████████████████| (done) 100%
drf prediction progress: |███████████████████████████████████████████████████████| (done) 100%
gbm prediction progress: |███████████████████████████████████████████████████████| (done) 100%
xgboost prediction progress: |███████████████████████████████████████████████████| (done) 100%
deeplearning prediction progress: |██████████████████████████████████████████████| (done) 100%
6 deeplearn /data/paper4/test/7.csv
Parse progress: |████████████████████████████████████████████████████████████████| (done) 100%
naivebayes prediction progress: |████████████████████████████████████████████████| (done) 100%
glm prediction progress: |███████████████████████████████████████████████████████| (done) 100%
drf prediction progress: |███████████████████████████████████████████████████████| (done) 100%
gbm prediction progress: |███████████████████████████████████████████████████████| (done) 100%
xgboost prediction progress: |███████████████████████████████████████████████████| (done) 100%
deeplearning prediction progress: |██████████████████████████████████████████████| (done) 100%
6 deeplearn /data/paper4/test/1.csv
Parse progress: |████████████████████████████████████████████████████████████████| (done) 100%
naivebayes prediction progress: |████████████████████████████████████████████████| (done) 100%
glm prediction progress: |███████████████████████████████████████████████████████| (done) 100%
drf prediction progress: |███████████████████████████████████████████████████████| (done) 100%
gbm prediction progress: |███████████████████████████████████████████████████████| (done) 100%
xgboost prediction progress: |███████████████████████████████████████████████████| (done) 100%
deeplearning prediction progress: |██████████████████████████████████████████████| (done) 100%
6 deeplearn /data/paper4/test/4.csv
Parse progress: |████████████████████████████████████████████████████████████████| (done) 100%
naivebayes prediction progress: |████████████████████████████████████████████████| (done) 100%
glm prediction progress: |███████████████████████████████████████████████████████| (done) 100%
drf prediction progress: |███████████████████████████████████████████████████████| (done) 100%
gbm prediction progress: |███████████████████████████████████████████████████████| (done) 100%
xgboost prediction progress: |███████████████████████████████████████████████████| (done) 100%
deeplearning prediction progress: |██████████████████████████████████████████████| (done) 100%
6 deeplearn /data/paper4/test/6.csv
Parse progress: |████████████████████████████████████████████████████████████████| (done) 100%
naivebayes prediction progress: |████████████████████████████████████████████████| (done) 100%
glm prediction progress: |███████████████████████████████████████████████████████| (done) 100%
drf prediction progress: |███████████████████████████████████████████████████████| (done) 100%
gbm prediction progress: |███████████████████████████████████████████████████████| (done) 100%
xgboost prediction progress: |███████████████████████████████████████████████████| (done) 100%
deeplearning prediction progress: |██████████████████████████████████████████████| (done) 100%
gbm
Checking whether there is an H2O instance running at http://localhost:54321 . connected.
Warning: Your H2O cluster version is too old (5 months and 11 days)!Please download and install the latest version from http://h2o.ai/download/
--------------------------  ------------------------------------------------------------------
H2O_cluster_uptime:         2 days 21 hours 31 mins
H2O_cluster_timezone:       Asia/Shanghai
H2O_data_parsing_timezone:  UTC
H2O_cluster_version:        3.34.0.3
H2O_cluster_version_age:    5 months and 11 days !!!
H2O_cluster_name:           H2O_from_python_root_ijoqmh
H2O_cluster_total_nodes:    1
H2O_cluster_free_memory:    14.66 Gb
H2O_cluster_total_cores:    20
H2O_cluster_allowed_cores:  20
H2O_cluster_status:         locked, healthy
H2O_connection_url:         http://localhost:54321
H2O_connection_proxy:       {"http": null, "https": null}
H2O_internal_security:      False
H2O_API_Extensions:         Amazon S3, XGBoost, Algos, AutoML, Core V3, TargetEncoder, Core V4
Python_version:             3.8.10 final
--------------------------  ------------------------------------------------------------------
loading  bayes /data/paper4/model//6/bayes/NaiveBayes_model_python_1647354051846_4867
loading  glm /data/paper4/model//6/glm/GLM_model_python_1647354051846_4871
loading  rf /data/paper4/model//6/rf/DRF_model_python_1647354051846_4888
loading  gbm /data/paper4/model//6/gbm/GBM_model_python_1647354051846_5050
loading  xgboost /data/paper4/model//6/xgboost/XGBoost_model_python_1647361848945_1880
loading  deeplearn /data/paper4/model//6/deeplearn/DeepLearning_model_python_1647354051846_5337
6 gbm /data/paper4/test/3.csv
Parse progress: |████████████████████████████████████████████████████████████████| (done) 100%
naivebayes prediction progress: |████████████████████████████████████████████████| (done) 100%
glm prediction progress: |███████████████████████████████████████████████████████| (done) 100%
drf prediction progress: |███████████████████████████████████████████████████████| (done) 100%
gbm prediction progress: |███████████████████████████████████████████████████████| (done) 100%
xgboost prediction progress: |███████████████████████████████████████████████████| (done) 100%
deeplearning prediction progress: |██████████████████████████████████████████████| (done) 100%
6 gbm /data/paper4/test/0.csv
Parse progress: |████████████████████████████████████████████████████████████████| (done) 100%
naivebayes prediction progress: |████████████████████████████████████████████████| (done) 100%
glm prediction progress: |███████████████████████████████████████████████████████| (done) 100%
drf prediction progress: |███████████████████████████████████████████████████████| (done) 100%
gbm prediction progress: |███████████████████████████████████████████████████████| (done) 100%
xgboost prediction progress: |███████████████████████████████████████████████████| (done) 100%
deeplearning prediction progress: |██████████████████████████████████████████████| (done) 100%
6 gbm /data/paper4/test/2.csv
Parse progress: |████████████████████████████████████████████████████████████████| (done) 100%
naivebayes prediction progress: |████████████████████████████████████████████████| (done) 100%
glm prediction progress: |███████████████████████████████████████████████████████| (done) 100%
drf prediction progress: |███████████████████████████████████████████████████████| (done) 100%
gbm prediction progress: |███████████████████████████████████████████████████████| (done) 100%
xgboost prediction progress: |███████████████████████████████████████████████████| (done) 100%
deeplearning prediction progress: |██████████████████████████████████████████████| (done) 100%
6 gbm /data/paper4/test/5.csv
Parse progress: |████████████████████████████████████████████████████████████████| (done) 100%
naivebayes prediction progress: |████████████████████████████████████████████████| (done) 100%
glm prediction progress: |███████████████████████████████████████████████████████| (done) 100%
drf prediction progress: |███████████████████████████████████████████████████████| (done) 100%
gbm prediction progress: |███████████████████████████████████████████████████████| (done) 100%
xgboost prediction progress: |███████████████████████████████████████████████████| (done) 100%
deeplearning prediction progress: |██████████████████████████████████████████████| (done) 100%
6 gbm /data/paper4/test/8.csv
Parse progress: |████████████████████████████████████████████████████████████████| (done) 100%
naivebayes prediction progress: |████████████████████████████████████████████████| (done) 100%
glm prediction progress: |███████████████████████████████████████████████████████| (done) 100%
drf prediction progress: |███████████████████████████████████████████████████████| (done) 100%
gbm prediction progress: |███████████████████████████████████████████████████████| (done) 100%
xgboost prediction progress: |███████████████████████████████████████████████████| (done) 100%
deeplearning prediction progress: |██████████████████████████████████████████████| (done) 100%
6 gbm /data/paper4/test/7.csv
Parse progress: |████████████████████████████████████████████████████████████████| (done) 100%
naivebayes prediction progress: |████████████████████████████████████████████████| (done) 100%
glm prediction progress: |███████████████████████████████████████████████████████| (done) 100%
drf prediction progress: |███████████████████████████████████████████████████████| (done) 100%
gbm prediction progress: |███████████████████████████████████████████████████████| (done) 100%
xgboost prediction progress: |███████████████████████████████████████████████████| (done) 100%
deeplearning prediction progress: |██████████████████████████████████████████████| (done) 100%
6 gbm /data/paper4/test/1.csv
Parse progress: |████████████████████████████████████████████████████████████████| (done) 100%
naivebayes prediction progress: |████████████████████████████████████████████████| (done) 100%
glm prediction progress: |███████████████████████████████████████████████████████| (done) 100%
drf prediction progress: |███████████████████████████████████████████████████████| (done) 100%
gbm prediction progress: |███████████████████████████████████████████████████████| (done) 100%
xgboost prediction progress: |███████████████████████████████████████████████████| (done) 100%
deeplearning prediction progress: |██████████████████████████████████████████████| (done) 100%
6 gbm /data/paper4/test/4.csv
Parse progress: |████████████████████████████████████████████████████████████████| (done) 100%
naivebayes prediction progress: |████████████████████████████████████████████████| (done) 100%
glm prediction progress: |███████████████████████████████████████████████████████| (done) 100%
drf prediction progress: |███████████████████████████████████████████████████████| (done) 100%
gbm prediction progress: |███████████████████████████████████████████████████████| (done) 100%
xgboost prediction progress: |███████████████████████████████████████████████████| (done) 100%
deeplearning prediction progress: |██████████████████████████████████████████████| (done) 100%
6 gbm /data/paper4/test/6.csv
Parse progress: |████████████████████████████████████████████████████████████████| (done) 100%
naivebayes prediction progress: |████████████████████████████████████████████████| (done) 100%
glm prediction progress: |███████████████████████████████████████████████████████| (done) 100%
drf prediction progress: |███████████████████████████████████████████████████████| (done) 100%
gbm prediction progress: |███████████████████████████████████████████████████████| (done) 100%
xgboost prediction progress: |███████████████████████████████████████████████████| (done) 100%
deeplearning prediction progress: |██████████████████████████████████████████████| (done) 100%
cnn
6 cnn /data/paper4/test/3.csv
6 cnn /data/paper4/test/0.csv
6 cnn /data/paper4/test/2.csv
6 cnn /data/paper4/test/5.csv
6 cnn /data/paper4/test/8.csv
6 cnn /data/paper4/test/7.csv
6 cnn /data/paper4/test/1.csv
6 cnn /data/paper4/test/4.csv
6 cnn /data/paper4/test/6.csv
xgboost
Checking whether there is an H2O instance running at http://localhost:54321 . connected.
Warning: Your H2O cluster version is too old (5 months and 11 days)!Please download and install the latest version from http://h2o.ai/download/
--------------------------  ------------------------------------------------------------------
H2O_cluster_uptime:         2 days 21 hours 32 mins
H2O_cluster_timezone:       Asia/Shanghai
H2O_data_parsing_timezone:  UTC
H2O_cluster_version:        3.34.0.3
H2O_cluster_version_age:    5 months and 11 days !!!
H2O_cluster_name:           H2O_from_python_root_ijoqmh
H2O_cluster_total_nodes:    1
H2O_cluster_free_memory:    14.60 Gb
H2O_cluster_total_cores:    20
H2O_cluster_allowed_cores:  20
H2O_cluster_status:         locked, healthy
H2O_connection_url:         http://localhost:54321
H2O_connection_proxy:       {"http": null, "https": null}
H2O_internal_security:      False
H2O_API_Extensions:         Amazon S3, XGBoost, Algos, AutoML, Core V3, TargetEncoder, Core V4
Python_version:             3.8.10 final
--------------------------  ------------------------------------------------------------------
loading  bayes /data/paper4/model//6/bayes/NaiveBayes_model_python_1647354051846_4867
loading  glm /data/paper4/model//6/glm/GLM_model_python_1647354051846_4871
loading  rf /data/paper4/model//6/rf/DRF_model_python_1647354051846_4888
loading  gbm /data/paper4/model//6/gbm/GBM_model_python_1647354051846_5050
loading  xgboost /data/paper4/model//6/xgboost/XGBoost_model_python_1647361848945_1880
loading  deeplearn /data/paper4/model//6/deeplearn/DeepLearning_model_python_1647354051846_5337
6 xgboost /data/paper4/test/3.csv
Parse progress: |████████████████████████████████████████████████████████████████| (done) 100%
naivebayes prediction progress: |████████████████████████████████████████████████| (done) 100%
glm prediction progress: |███████████████████████████████████████████████████████| (done) 100%
drf prediction progress: |███████████████████████████████████████████████████████| (done) 100%
gbm prediction progress: |███████████████████████████████████████████████████████| (done) 100%
xgboost prediction progress: |███████████████████████████████████████████████████| (done) 100%
deeplearning prediction progress: |██████████████████████████████████████████████| (done) 100%
6 xgboost /data/paper4/test/0.csv
Parse progress: |████████████████████████████████████████████████████████████████| (done) 100%
naivebayes prediction progress: |████████████████████████████████████████████████| (done) 100%
glm prediction progress: |███████████████████████████████████████████████████████| (done) 100%
drf prediction progress: |███████████████████████████████████████████████████████| (done) 100%
gbm prediction progress: |███████████████████████████████████████████████████████| (done) 100%
xgboost prediction progress: |███████████████████████████████████████████████████| (done) 100%
deeplearning prediction progress: |██████████████████████████████████████████████| (done) 100%
6 xgboost /data/paper4/test/2.csv
Parse progress: |████████████████████████████████████████████████████████████████| (done) 100%
naivebayes prediction progress: |████████████████████████████████████████████████| (done) 100%
glm prediction progress: |███████████████████████████████████████████████████████| (done) 100%
drf prediction progress: |███████████████████████████████████████████████████████| (done) 100%
gbm prediction progress: |███████████████████████████████████████████████████████| (done) 100%
xgboost prediction progress: |███████████████████████████████████████████████████| (done) 100%
deeplearning prediction progress: |██████████████████████████████████████████████| (done) 100%
6 xgboost /data/paper4/test/5.csv
Parse progress: |████████████████████████████████████████████████████████████████| (done) 100%
naivebayes prediction progress: |████████████████████████████████████████████████| (done) 100%
glm prediction progress: |███████████████████████████████████████████████████████| (done) 100%
drf prediction progress: |███████████████████████████████████████████████████████| (done) 100%
gbm prediction progress: |███████████████████████████████████████████████████████| (done) 100%
xgboost prediction progress: |███████████████████████████████████████████████████| (done) 100%
deeplearning prediction progress: |██████████████████████████████████████████████| (done) 100%
6 xgboost /data/paper4/test/8.csv
Parse progress: |████████████████████████████████████████████████████████████████| (done) 100%
naivebayes prediction progress: |████████████████████████████████████████████████| (done) 100%
glm prediction progress: |███████████████████████████████████████████████████████| (done) 100%
drf prediction progress: |███████████████████████████████████████████████████████| (done) 100%
gbm prediction progress: |███████████████████████████████████████████████████████| (done) 100%
xgboost prediction progress: |███████████████████████████████████████████████████| (done) 100%
deeplearning prediction progress: |██████████████████████████████████████████████| (done) 100%
6 xgboost /data/paper4/test/7.csv
Parse progress: |████████████████████████████████████████████████████████████████| (done) 100%
naivebayes prediction progress: |████████████████████████████████████████████████| (done) 100%
glm prediction progress: |███████████████████████████████████████████████████████| (done) 100%
drf prediction progress: |███████████████████████████████████████████████████████| (done) 100%
gbm prediction progress: |███████████████████████████████████████████████████████| (done) 100%
xgboost prediction progress: |███████████████████████████████████████████████████| (done) 100%
deeplearning prediction progress: |██████████████████████████████████████████████| (done) 100%
6 xgboost /data/paper4/test/1.csv
Parse progress: |████████████████████████████████████████████████████████████████| (done) 100%
naivebayes prediction progress: |████████████████████████████████████████████████| (done) 100%
glm prediction progress: |███████████████████████████████████████████████████████| (done) 100%
drf prediction progress: |███████████████████████████████████████████████████████| (done) 100%
gbm prediction progress: |███████████████████████████████████████████████████████| (done) 100%
xgboost prediction progress: |███████████████████████████████████████████████████| (done) 100%
deeplearning prediction progress: |██████████████████████████████████████████████| (done) 100%
6 xgboost /data/paper4/test/4.csv
Parse progress: |████████████████████████████████████████████████████████████████| (done) 100%
naivebayes prediction progress: |████████████████████████████████████████████████| (done) 100%
glm prediction progress: |███████████████████████████████████████████████████████| (done) 100%
drf prediction progress: |███████████████████████████████████████████████████████| (done) 100%
gbm prediction progress: |███████████████████████████████████████████████████████| (done) 100%
xgboost prediction progress: |███████████████████████████████████████████████████| (done) 100%
deeplearning prediction progress: |██████████████████████████████████████████████| (done) 100%
6 xgboost /data/paper4/test/6.csv
Parse progress: |████████████████████████████████████████████████████████████████| (done) 100%
naivebayes prediction progress: |████████████████████████████████████████████████| (done) 100%
glm prediction progress: |███████████████████████████████████████████████████████| (done) 100%
drf prediction progress: |███████████████████████████████████████████████████████| (done) 100%
gbm prediction progress: |███████████████████████████████████████████████████████| (done) 100%
xgboost prediction progress: |███████████████████████████████████████████████████| (done) 100%
deeplearning prediction progress: |██████████████████████████████████████████████| (done) 100%
svm
SVM /data/paper4/model/6/svm/sklearn_model_python_svm.pkl
6 svm /data/paper4/test/3.csv
[Parallel(n_jobs=22)]: Using backend LokyBackend with 22 concurrent workers.
[Parallel(n_jobs=22)]: Done   2 out of  22 | elapsed:   37.1s remaining:  6.2min
[Parallel(n_jobs=22)]: Done  22 out of  22 | elapsed:   44.9s finished
6 svm /data/paper4/test/0.csv
[Parallel(n_jobs=22)]: Using backend LokyBackend with 22 concurrent workers.
[Parallel(n_jobs=22)]: Done   2 out of  22 | elapsed:   36.9s remaining:  6.2min
[Parallel(n_jobs=22)]: Done  22 out of  22 | elapsed:   44.1s finished
6 svm /data/paper4/test/2.csv
[Parallel(n_jobs=22)]: Using backend LokyBackend with 22 concurrent workers.
[Parallel(n_jobs=22)]: Done   2 out of  22 | elapsed:   39.7s remaining:  6.6min
[Parallel(n_jobs=22)]: Done  22 out of  22 | elapsed:   46.8s finished
6 svm /data/paper4/test/5.csv
[Parallel(n_jobs=22)]: Using backend LokyBackend with 22 concurrent workers.
[Parallel(n_jobs=22)]: Done   2 out of  22 | elapsed:   37.8s remaining:  6.3min
[Parallel(n_jobs=22)]: Done  22 out of  22 | elapsed:   44.9s finished
6 svm /data/paper4/test/8.csv
[Parallel(n_jobs=22)]: Using backend LokyBackend with 22 concurrent workers.
[Parallel(n_jobs=22)]: Done   2 out of  22 | elapsed:   38.7s remaining:  6.4min
[Parallel(n_jobs=22)]: Done  22 out of  22 | elapsed:   46.5s finished
6 svm /data/paper4/test/7.csv
[Parallel(n_jobs=22)]: Using backend LokyBackend with 22 concurrent workers.
[Parallel(n_jobs=22)]: Done   2 out of  22 | elapsed:   39.3s remaining:  6.5min
[Parallel(n_jobs=22)]: Done  22 out of  22 | elapsed:   47.0s finished
6 svm /data/paper4/test/1.csv
[Parallel(n_jobs=22)]: Using backend LokyBackend with 22 concurrent workers.
[Parallel(n_jobs=22)]: Done   2 out of  22 | elapsed:   41.6s remaining:  6.9min
[Parallel(n_jobs=22)]: Done  22 out of  22 | elapsed:   48.9s finished
6 svm /data/paper4/test/4.csv
[Parallel(n_jobs=22)]: Using backend LokyBackend with 22 concurrent workers.
[Parallel(n_jobs=22)]: Done   2 out of  22 | elapsed:   35.7s remaining:  6.0min
[Parallel(n_jobs=22)]: Done  22 out of  22 | elapsed:   43.0s finished
6 svm /data/paper4/test/6.csv
[Parallel(n_jobs=22)]: Using backend LokyBackend with 22 concurrent workers.
[Parallel(n_jobs=22)]: Done   2 out of  22 | elapsed:   41.5s remaining:  6.9min
[Parallel(n_jobs=22)]: Done  22 out of  22 | elapsed:   49.5s finished
bayes
Checking whether there is an H2O instance running at http://localhost:54321 . connected.
Warning: Your H2O cluster version is too old (5 months and 11 days)!Please download and install the latest version from http://h2o.ai/download/
--------------------------  ------------------------------------------------------------------
H2O_cluster_uptime:         2 days 21 hours 40 mins
H2O_cluster_timezone:       Asia/Shanghai
H2O_data_parsing_timezone:  UTC
H2O_cluster_version:        3.34.0.3
H2O_cluster_version_age:    5 months and 11 days !!!
H2O_cluster_name:           H2O_from_python_root_ijoqmh
H2O_cluster_total_nodes:    1
H2O_cluster_free_memory:    14.53 Gb
H2O_cluster_total_cores:    20
H2O_cluster_allowed_cores:  20
H2O_cluster_status:         locked, healthy
H2O_connection_url:         http://localhost:54321
H2O_connection_proxy:       {"http": null, "https": null}
H2O_internal_security:      False
H2O_API_Extensions:         Amazon S3, XGBoost, Algos, AutoML, Core V3, TargetEncoder, Core V4
Python_version:             3.8.10 final
--------------------------  ------------------------------------------------------------------
loading  bayes /data/paper4/model//6/bayes/NaiveBayes_model_python_1647354051846_4867
loading  glm /data/paper4/model//6/glm/GLM_model_python_1647354051846_4871
loading  rf /data/paper4/model//6/rf/DRF_model_python_1647354051846_4888
loading  gbm /data/paper4/model//6/gbm/GBM_model_python_1647354051846_5050
loading  xgboost /data/paper4/model//6/xgboost/XGBoost_model_python_1647361848945_1880
loading  deeplearn /data/paper4/model//6/deeplearn/DeepLearning_model_python_1647354051846_5337
6 bayes /data/paper4/test/3.csv
Parse progress: |████████████████████████████████████████████████████████████████| (done) 100%
naivebayes prediction progress: |████████████████████████████████████████████████| (done) 100%
glm prediction progress: |███████████████████████████████████████████████████████| (done) 100%
drf prediction progress: |███████████████████████████████████████████████████████| (done) 100%
gbm prediction progress: |███████████████████████████████████████████████████████| (done) 100%
xgboost prediction progress: |███████████████████████████████████████████████████| (done) 100%
deeplearning prediction progress: |██████████████████████████████████████████████| (done) 100%
6 bayes /data/paper4/test/0.csv
Parse progress: |████████████████████████████████████████████████████████████████| (done) 100%
naivebayes prediction progress: |████████████████████████████████████████████████| (done) 100%
glm prediction progress: |███████████████████████████████████████████████████████| (done) 100%
drf prediction progress: |███████████████████████████████████████████████████████| (done) 100%
gbm prediction progress: |███████████████████████████████████████████████████████| (done) 100%
xgboost prediction progress: |███████████████████████████████████████████████████| (done) 100%
deeplearning prediction progress: |██████████████████████████████████████████████| (done) 100%
6 bayes /data/paper4/test/2.csv
Parse progress: |████████████████████████████████████████████████████████████████| (done) 100%
naivebayes prediction progress: |████████████████████████████████████████████████| (done) 100%
glm prediction progress: |███████████████████████████████████████████████████████| (done) 100%
drf prediction progress: |███████████████████████████████████████████████████████| (done) 100%
gbm prediction progress: |███████████████████████████████████████████████████████| (done) 100%
xgboost prediction progress: |███████████████████████████████████████████████████| (done) 100%
deeplearning prediction progress: |██████████████████████████████████████████████| (done) 100%
6 bayes /data/paper4/test/5.csv
Parse progress: |████████████████████████████████████████████████████████████████| (done) 100%
naivebayes prediction progress: |████████████████████████████████████████████████| (done) 100%
glm prediction progress: |███████████████████████████████████████████████████████| (done) 100%
drf prediction progress: |███████████████████████████████████████████████████████| (done) 100%
gbm prediction progress: |███████████████████████████████████████████████████████| (done) 100%
xgboost prediction progress: |███████████████████████████████████████████████████| (done) 100%
deeplearning prediction progress: |██████████████████████████████████████████████| (done) 100%
6 bayes /data/paper4/test/8.csv
Parse progress: |████████████████████████████████████████████████████████████████| (done) 100%
naivebayes prediction progress: |████████████████████████████████████████████████| (done) 100%
glm prediction progress: |███████████████████████████████████████████████████████| (done) 100%
drf prediction progress: |███████████████████████████████████████████████████████| (done) 100%
gbm prediction progress: |███████████████████████████████████████████████████████| (done) 100%
xgboost prediction progress: |███████████████████████████████████████████████████| (done) 100%
deeplearning prediction progress: |██████████████████████████████████████████████| (done) 100%
6 bayes /data/paper4/test/7.csv
Parse progress: |████████████████████████████████████████████████████████████████| (done) 100%
naivebayes prediction progress: |████████████████████████████████████████████████| (done) 100%
glm prediction progress: |███████████████████████████████████████████████████████| (done) 100%
drf prediction progress: |███████████████████████████████████████████████████████| (done) 100%
gbm prediction progress: |███████████████████████████████████████████████████████| (done) 100%
xgboost prediction progress: |███████████████████████████████████████████████████| (done) 100%
deeplearning prediction progress: |██████████████████████████████████████████████| (done) 100%
6 bayes /data/paper4/test/1.csv
Parse progress: |████████████████████████████████████████████████████████████████| (done) 100%
naivebayes prediction progress: |████████████████████████████████████████████████| (done) 100%
glm prediction progress: |███████████████████████████████████████████████████████| (done) 100%
drf prediction progress: |███████████████████████████████████████████████████████| (done) 100%
gbm prediction progress: |███████████████████████████████████████████████████████| (done) 100%
xgboost prediction progress: |███████████████████████████████████████████████████| (done) 100%
deeplearning prediction progress: |██████████████████████████████████████████████| (done) 100%
6 bayes /data/paper4/test/4.csv
Parse progress: |████████████████████████████████████████████████████████████████| (done) 100%
naivebayes prediction progress: |████████████████████████████████████████████████| (done) 100%
glm prediction progress: |███████████████████████████████████████████████████████| (done) 100%
drf prediction progress: |███████████████████████████████████████████████████████| (done) 100%
gbm prediction progress: |███████████████████████████████████████████████████████| (done) 100%
xgboost prediction progress: |███████████████████████████████████████████████████| (done) 100%
deeplearning prediction progress: |██████████████████████████████████████████████| (done) 100%
6 bayes /data/paper4/test/6.csv
Parse progress: |████████████████████████████████████████████████████████████████| (done) 100%
naivebayes prediction progress: |████████████████████████████████████████████████| (done) 100%
glm prediction progress: |███████████████████████████████████████████████████████| (done) 100%
drf prediction progress: |███████████████████████████████████████████████████████| (done) 100%
gbm prediction progress: |███████████████████████████████████████████████████████| (done) 100%
xgboost prediction progress: |███████████████████████████████████████████████████| (done) 100%
deeplearning prediction progress: |██████████████████████████████████████████████| (done) 100%
rf
Checking whether there is an H2O instance running at http://localhost:54321 . connected.
Warning: Your H2O cluster version is too old (5 months and 11 days)!Please download and install the latest version from http://h2o.ai/download/
--------------------------  ------------------------------------------------------------------
H2O_cluster_uptime:         2 days 21 hours 41 mins
H2O_cluster_timezone:       Asia/Shanghai
H2O_data_parsing_timezone:  UTC
H2O_cluster_version:        3.34.0.3
H2O_cluster_version_age:    5 months and 11 days !!!
H2O_cluster_name:           H2O_from_python_root_ijoqmh
H2O_cluster_total_nodes:    1
H2O_cluster_free_memory:    14.48 Gb
H2O_cluster_total_cores:    20
H2O_cluster_allowed_cores:  20
H2O_cluster_status:         locked, healthy
H2O_connection_url:         http://localhost:54321
H2O_connection_proxy:       {"http": null, "https": null}
H2O_internal_security:      False
H2O_API_Extensions:         Amazon S3, XGBoost, Algos, AutoML, Core V3, TargetEncoder, Core V4
Python_version:             3.8.10 final
--------------------------  ------------------------------------------------------------------
loading  bayes /data/paper4/model//6/bayes/NaiveBayes_model_python_1647354051846_4867
loading  glm /data/paper4/model//6/glm/GLM_model_python_1647354051846_4871
loading  rf /data/paper4/model//6/rf/DRF_model_python_1647354051846_4888
loading  gbm /data/paper4/model//6/gbm/GBM_model_python_1647354051846_5050
loading  xgboost /data/paper4/model//6/xgboost/XGBoost_model_python_1647361848945_1880
loading  deeplearn /data/paper4/model//6/deeplearn/DeepLearning_model_python_1647354051846_5337
6 rf /data/paper4/test/3.csv
Parse progress: |████████████████████████████████████████████████████████████████| (done) 100%
naivebayes prediction progress: |████████████████████████████████████████████████| (done) 100%
glm prediction progress: |███████████████████████████████████████████████████████| (done) 100%
drf prediction progress: |███████████████████████████████████████████████████████| (done) 100%
gbm prediction progress: |███████████████████████████████████████████████████████| (done) 100%
xgboost prediction progress: |███████████████████████████████████████████████████| (done) 100%
deeplearning prediction progress: |██████████████████████████████████████████████| (done) 100%
6 rf /data/paper4/test/0.csv
Parse progress: |████████████████████████████████████████████████████████████████| (done) 100%
naivebayes prediction progress: |████████████████████████████████████████████████| (done) 100%
glm prediction progress: |███████████████████████████████████████████████████████| (done) 100%
drf prediction progress: |███████████████████████████████████████████████████████| (done) 100%
gbm prediction progress: |███████████████████████████████████████████████████████| (done) 100%
xgboost prediction progress: |███████████████████████████████████████████████████| (done) 100%
deeplearning prediction progress: |██████████████████████████████████████████████| (done) 100%
6 rf /data/paper4/test/2.csv
Parse progress: |████████████████████████████████████████████████████████████████| (done) 100%
naivebayes prediction progress: |████████████████████████████████████████████████| (done) 100%
glm prediction progress: |███████████████████████████████████████████████████████| (done) 100%
drf prediction progress: |███████████████████████████████████████████████████████| (done) 100%
gbm prediction progress: |███████████████████████████████████████████████████████| (done) 100%
xgboost prediction progress: |███████████████████████████████████████████████████| (done) 100%
deeplearning prediction progress: |██████████████████████████████████████████████| (done) 100%
6 rf /data/paper4/test/5.csv
Parse progress: |████████████████████████████████████████████████████████████████| (done) 100%
naivebayes prediction progress: |████████████████████████████████████████████████| (done) 100%
glm prediction progress: |███████████████████████████████████████████████████████| (done) 100%
drf prediction progress: |███████████████████████████████████████████████████████| (done) 100%
gbm prediction progress: |███████████████████████████████████████████████████████| (done) 100%
xgboost prediction progress: |███████████████████████████████████████████████████| (done) 100%
deeplearning prediction progress: |██████████████████████████████████████████████| (done) 100%
6 rf /data/paper4/test/8.csv
Parse progress: |████████████████████████████████████████████████████████████████| (done) 100%
naivebayes prediction progress: |████████████████████████████████████████████████| (done) 100%
glm prediction progress: |███████████████████████████████████████████████████████| (done) 100%
drf prediction progress: |███████████████████████████████████████████████████████| (done) 100%
gbm prediction progress: |███████████████████████████████████████████████████████| (done) 100%
xgboost prediction progress: |███████████████████████████████████████████████████| (done) 100%
deeplearning prediction progress: |██████████████████████████████████████████████| (done) 100%
6 rf /data/paper4/test/7.csv
Parse progress: |████████████████████████████████████████████████████████████████| (done) 100%
naivebayes prediction progress: |████████████████████████████████████████████████| (done) 100%
glm prediction progress: |███████████████████████████████████████████████████████| (done) 100%
drf prediction progress: |███████████████████████████████████████████████████████| (done) 100%
gbm prediction progress: |███████████████████████████████████████████████████████| (done) 100%
xgboost prediction progress: |███████████████████████████████████████████████████| (done) 100%
deeplearning prediction progress: |██████████████████████████████████████████████| (done) 100%
6 rf /data/paper4/test/1.csv
Parse progress: |████████████████████████████████████████████████████████████████| (done) 100%
naivebayes prediction progress: |████████████████████████████████████████████████| (done) 100%
glm prediction progress: |███████████████████████████████████████████████████████| (done) 100%
drf prediction progress: |███████████████████████████████████████████████████████| (done) 100%
gbm prediction progress: |███████████████████████████████████████████████████████| (done) 100%
xgboost prediction progress: |███████████████████████████████████████████████████| (done) 100%
deeplearning prediction progress: |██████████████████████████████████████████████| (done) 100%
6 rf /data/paper4/test/4.csv
Parse progress: |████████████████████████████████████████████████████████████████| (done) 100%
naivebayes prediction progress: |████████████████████████████████████████████████| (done) 100%
glm prediction progress: |███████████████████████████████████████████████████████| (done) 100%
drf prediction progress: |███████████████████████████████████████████████████████| (done) 100%
gbm prediction progress: |███████████████████████████████████████████████████████| (done) 100%
xgboost prediction progress: |███████████████████████████████████████████████████| (done) 100%
deeplearning prediction progress: |██████████████████████████████████████████████| (done) 100%
6 rf /data/paper4/test/6.csv
Parse progress: |████████████████████████████████████████████████████████████████| (done) 100%
naivebayes prediction progress: |████████████████████████████████████████████████| (done) 100%
glm prediction progress: |███████████████████████████████████████████████████████| (done) 100%
drf prediction progress: |███████████████████████████████████████████████████████| (done) 100%
gbm prediction progress: |███████████████████████████████████████████████████████| (done) 100%
xgboost prediction progress: |███████████████████████████████████████████████████| (done) 100%
deeplearning prediction progress: |██████████████████████████████████████████████| (done) 100%
glm
Checking whether there is an H2O instance running at http://localhost:54321 . connected.
Warning: Your H2O cluster version is too old (5 months and 11 days)!Please download and install the latest version from http://h2o.ai/download/
--------------------------  ------------------------------------------------------------------
H2O_cluster_uptime:         2 days 21 hours 41 mins
H2O_cluster_timezone:       Asia/Shanghai
H2O_data_parsing_timezone:  UTC
H2O_cluster_version:        3.34.0.3
H2O_cluster_version_age:    5 months and 11 days !!!
H2O_cluster_name:           H2O_from_python_root_ijoqmh
H2O_cluster_total_nodes:    1
H2O_cluster_free_memory:    14.41 Gb
H2O_cluster_total_cores:    20
H2O_cluster_allowed_cores:  20
H2O_cluster_status:         locked, healthy
H2O_connection_url:         http://localhost:54321
H2O_connection_proxy:       {"http": null, "https": null}
H2O_internal_security:      False
H2O_API_Extensions:         Amazon S3, XGBoost, Algos, AutoML, Core V3, TargetEncoder, Core V4
Python_version:             3.8.10 final
--------------------------  ------------------------------------------------------------------
loading  bayes /data/paper4/model//1/bayes/NaiveBayes_model_python_1647354051846_3675
loading  glm /data/paper4/model//1/glm/GLM_model_python_1647354051846_3679
loading  rf /data/paper4/model//1/rf/DRF_model_python_1647354051846_3696
loading  gbm /data/paper4/model//1/gbm/GBM_model_python_1647354051846_3850
loading  xgboost /data/paper4/model//1/xgboost/XGBoost_model_python_1647361848945_1600
loading  deeplearn /data/paper4/model//1/deeplearn/DeepLearning_model_python_1647354051846_4139
1 glm /data/paper4/test/3.csv
Parse progress: |████████████████████████████████████████████████████████████████| (done) 100%
naivebayes prediction progress: |████████████████████████████████████████████████| (done) 100%
glm prediction progress: |███████████████████████████████████████████████████████| (done) 100%
drf prediction progress: |███████████████████████████████████████████████████████| (done) 100%
gbm prediction progress: |███████████████████████████████████████████████████████| (done) 100%
xgboost prediction progress: |███████████████████████████████████████████████████| (done) 100%
deeplearning prediction progress: |██████████████████████████████████████████████| (done) 100%
1 glm /data/paper4/test/0.csv
Parse progress: |████████████████████████████████████████████████████████████████| (done) 100%
naivebayes prediction progress: |████████████████████████████████████████████████| (done) 100%
glm prediction progress: |███████████████████████████████████████████████████████| (done) 100%
drf prediction progress: |███████████████████████████████████████████████████████| (done) 100%
gbm prediction progress: |███████████████████████████████████████████████████████| (done) 100%
xgboost prediction progress: |███████████████████████████████████████████████████| (done) 100%
deeplearning prediction progress: |██████████████████████████████████████████████| (done) 100%
1 glm /data/paper4/test/2.csv
Parse progress: |████████████████████████████████████████████████████████████████| (done) 100%
naivebayes prediction progress: |████████████████████████████████████████████████| (done) 100%
glm prediction progress: |███████████████████████████████████████████████████████| (done) 100%
drf prediction progress: |███████████████████████████████████████████████████████| (done) 100%
gbm prediction progress: |███████████████████████████████████████████████████████| (done) 100%
xgboost prediction progress: |███████████████████████████████████████████████████| (done) 100%
deeplearning prediction progress: |██████████████████████████████████████████████| (done) 100%
1 glm /data/paper4/test/5.csv
Parse progress: |████████████████████████████████████████████████████████████████| (done) 100%
naivebayes prediction progress: |████████████████████████████████████████████████| (done) 100%
glm prediction progress: |███████████████████████████████████████████████████████| (done) 100%
drf prediction progress: |███████████████████████████████████████████████████████| (done) 100%
gbm prediction progress: |███████████████████████████████████████████████████████| (done) 100%
xgboost prediction progress: |███████████████████████████████████████████████████| (done) 100%
deeplearning prediction progress: |██████████████████████████████████████████████| (done) 100%
1 glm /data/paper4/test/8.csv
Parse progress: |████████████████████████████████████████████████████████████████| (done) 100%
naivebayes prediction progress: |████████████████████████████████████████████████| (done) 100%
glm prediction progress: |███████████████████████████████████████████████████████| (done) 100%
drf prediction progress: |███████████████████████████████████████████████████████| (done) 100%
gbm prediction progress: |███████████████████████████████████████████████████████| (done) 100%
xgboost prediction progress: |███████████████████████████████████████████████████| (done) 100%
deeplearning prediction progress: |██████████████████████████████████████████████| (done) 100%
1 glm /data/paper4/test/7.csv
Parse progress: |████████████████████████████████████████████████████████████████| (done) 100%
naivebayes prediction progress: |████████████████████████████████████████████████| (done) 100%
glm prediction progress: |███████████████████████████████████████████████████████| (done) 100%
drf prediction progress: |███████████████████████████████████████████████████████| (done) 100%
gbm prediction progress: |███████████████████████████████████████████████████████| (done) 100%
xgboost prediction progress: |███████████████████████████████████████████████████| (done) 100%
deeplearning prediction progress: |██████████████████████████████████████████████| (done) 100%
1 glm /data/paper4/test/1.csv
Parse progress: |████████████████████████████████████████████████████████████████| (done) 100%
naivebayes prediction progress: |████████████████████████████████████████████████| (done) 100%
glm prediction progress: |███████████████████████████████████████████████████████| (done) 100%
drf prediction progress: |███████████████████████████████████████████████████████| (done) 100%
gbm prediction progress: |███████████████████████████████████████████████████████| (done) 100%
xgboost prediction progress: |███████████████████████████████████████████████████| (done) 100%
deeplearning prediction progress: |██████████████████████████████████████████████| (done) 100%
1 glm /data/paper4/test/4.csv
Parse progress: |████████████████████████████████████████████████████████████████| (done) 100%
naivebayes prediction progress: |████████████████████████████████████████████████| (done) 100%
glm prediction progress: |███████████████████████████████████████████████████████| (done) 100%
drf prediction progress: |███████████████████████████████████████████████████████| (done) 100%
gbm prediction progress: |███████████████████████████████████████████████████████| (done) 100%
xgboost prediction progress: |███████████████████████████████████████████████████| (done) 100%
deeplearning prediction progress: |██████████████████████████████████████████████| (done) 100%
1 glm /data/paper4/test/6.csv
Parse progress: |████████████████████████████████████████████████████████████████| (done) 100%
naivebayes prediction progress: |████████████████████████████████████████████████| (done) 100%
glm prediction progress: |███████████████████████████████████████████████████████| (done) 100%
drf prediction progress: |███████████████████████████████████████████████████████| (done) 100%
gbm prediction progress: |███████████████████████████████████████████████████████| (done) 100%
xgboost prediction progress: |███████████████████████████████████████████████████| (done) 100%
deeplearning prediction progress: |██████████████████████████████████████████████| (done) 100%
deeplearn
Checking whether there is an H2O instance running at http://localhost:54321 . connected.
Warning: Your H2O cluster version is too old (5 months and 11 days)!Please download and install the latest version from http://h2o.ai/download/
--------------------------  ------------------------------------------------------------------
H2O_cluster_uptime:         2 days 21 hours 42 mins
H2O_cluster_timezone:       Asia/Shanghai
H2O_data_parsing_timezone:  UTC
H2O_cluster_version:        3.34.0.3
H2O_cluster_version_age:    5 months and 11 days !!!
H2O_cluster_name:           H2O_from_python_root_ijoqmh
H2O_cluster_total_nodes:    1
H2O_cluster_free_memory:    14.36 Gb
H2O_cluster_total_cores:    20
H2O_cluster_allowed_cores:  20
H2O_cluster_status:         locked, healthy
H2O_connection_url:         http://localhost:54321
H2O_connection_proxy:       {"http": null, "https": null}
H2O_internal_security:      False
H2O_API_Extensions:         Amazon S3, XGBoost, Algos, AutoML, Core V3, TargetEncoder, Core V4
Python_version:             3.8.10 final
--------------------------  ------------------------------------------------------------------
loading  bayes /data/paper4/model//1/bayes/NaiveBayes_model_python_1647354051846_3675
loading  glm /data/paper4/model//1/glm/GLM_model_python_1647354051846_3679
loading  rf /data/paper4/model//1/rf/DRF_model_python_1647354051846_3696
loading  gbm /data/paper4/model//1/gbm/GBM_model_python_1647354051846_3850
loading  xgboost /data/paper4/model//1/xgboost/XGBoost_model_python_1647361848945_1600
loading  deeplearn /data/paper4/model//1/deeplearn/DeepLearning_model_python_1647354051846_4139
1 deeplearn /data/paper4/test/3.csv
Parse progress: |████████████████████████████████████████████████████████████████| (done) 100%
naivebayes prediction progress: |████████████████████████████████████████████████| (done) 100%
glm prediction progress: |███████████████████████████████████████████████████████| (done) 100%
drf prediction progress: |███████████████████████████████████████████████████████| (done) 100%
gbm prediction progress: |███████████████████████████████████████████████████████| (done) 100%
xgboost prediction progress: |███████████████████████████████████████████████████| (done) 100%
deeplearning prediction progress: |██████████████████████████████████████████████| (done) 100%
1 deeplearn /data/paper4/test/0.csv
Parse progress: |████████████████████████████████████████████████████████████████| (done) 100%
naivebayes prediction progress: |████████████████████████████████████████████████| (done) 100%
glm prediction progress: |███████████████████████████████████████████████████████| (done) 100%
drf prediction progress: |███████████████████████████████████████████████████████| (done) 100%
gbm prediction progress: |███████████████████████████████████████████████████████| (done) 100%
xgboost prediction progress: |███████████████████████████████████████████████████| (done) 100%
deeplearning prediction progress: |██████████████████████████████████████████████| (done) 100%
1 deeplearn /data/paper4/test/2.csv
Parse progress: |████████████████████████████████████████████████████████████████| (done) 100%
naivebayes prediction progress: |████████████████████████████████████████████████| (done) 100%
glm prediction progress: |███████████████████████████████████████████████████████| (done) 100%
drf prediction progress: |███████████████████████████████████████████████████████| (done) 100%
gbm prediction progress: |███████████████████████████████████████████████████████| (done) 100%
xgboost prediction progress: |███████████████████████████████████████████████████| (done) 100%
deeplearning prediction progress: |██████████████████████████████████████████████| (done) 100%
1 deeplearn /data/paper4/test/5.csv
Parse progress: |████████████████████████████████████████████████████████████████| (done) 100%
naivebayes prediction progress: |████████████████████████████████████████████████| (done) 100%
glm prediction progress: |███████████████████████████████████████████████████████| (done) 100%
drf prediction progress: |███████████████████████████████████████████████████████| (done) 100%
gbm prediction progress: |███████████████████████████████████████████████████████| (done) 100%
xgboost prediction progress: |███████████████████████████████████████████████████| (done) 100%
deeplearning prediction progress: |██████████████████████████████████████████████| (done) 100%
1 deeplearn /data/paper4/test/8.csv
Parse progress: |████████████████████████████████████████████████████████████████| (done) 100%
naivebayes prediction progress: |████████████████████████████████████████████████| (done) 100%
glm prediction progress: |███████████████████████████████████████████████████████| (done) 100%
drf prediction progress: |███████████████████████████████████████████████████████| (done) 100%
gbm prediction progress: |███████████████████████████████████████████████████████| (done) 100%
xgboost prediction progress: |███████████████████████████████████████████████████| (done) 100%
deeplearning prediction progress: |██████████████████████████████████████████████| (done) 100%
1 deeplearn /data/paper4/test/7.csv
Parse progress: |████████████████████████████████████████████████████████████████| (done) 100%
naivebayes prediction progress: |████████████████████████████████████████████████| (done) 100%
glm prediction progress: |███████████████████████████████████████████████████████| (done) 100%
drf prediction progress: |███████████████████████████████████████████████████████| (done) 100%
gbm prediction progress: |███████████████████████████████████████████████████████| (done) 100%
xgboost prediction progress: |███████████████████████████████████████████████████| (done) 100%
deeplearning prediction progress: |██████████████████████████████████████████████| (done) 100%
1 deeplearn /data/paper4/test/1.csv
Parse progress: |████████████████████████████████████████████████████████████████| (done) 100%
naivebayes prediction progress: |████████████████████████████████████████████████| (done) 100%
glm prediction progress: |███████████████████████████████████████████████████████| (done) 100%
drf prediction progress: |███████████████████████████████████████████████████████| (done) 100%
gbm prediction progress: |███████████████████████████████████████████████████████| (done) 100%
xgboost prediction progress: |███████████████████████████████████████████████████| (done) 100%
deeplearning prediction progress: |██████████████████████████████████████████████| (done) 100%
1 deeplearn /data/paper4/test/4.csv
Parse progress: |████████████████████████████████████████████████████████████████| (done) 100%
naivebayes prediction progress: |████████████████████████████████████████████████| (done) 100%
glm prediction progress: |███████████████████████████████████████████████████████| (done) 100%
drf prediction progress: |███████████████████████████████████████████████████████| (done) 100%
gbm prediction progress: |███████████████████████████████████████████████████████| (done) 100%
xgboost prediction progress: |███████████████████████████████████████████████████| (done) 100%
deeplearning prediction progress: |██████████████████████████████████████████████| (done) 100%
1 deeplearn /data/paper4/test/6.csv
Parse progress: |████████████████████████████████████████████████████████████████| (done) 100%
naivebayes prediction progress: |████████████████████████████████████████████████| (done) 100%
glm prediction progress: |███████████████████████████████████████████████████████| (done) 100%
drf prediction progress: |███████████████████████████████████████████████████████| (done) 100%
gbm prediction progress: |███████████████████████████████████████████████████████| (done) 100%
xgboost prediction progress: |███████████████████████████████████████████████████| (done) 100%
deeplearning prediction progress: |██████████████████████████████████████████████| (done) 100%
gbm
Checking whether there is an H2O instance running at http://localhost:54321 . connected.
Warning: Your H2O cluster version is too old (5 months and 11 days)!Please download and install the latest version from http://h2o.ai/download/
--------------------------  ------------------------------------------------------------------
H2O_cluster_uptime:         2 days 21 hours 42 mins
H2O_cluster_timezone:       Asia/Shanghai
H2O_data_parsing_timezone:  UTC
H2O_cluster_version:        3.34.0.3
H2O_cluster_version_age:    5 months and 11 days !!!
H2O_cluster_name:           H2O_from_python_root_ijoqmh
H2O_cluster_total_nodes:    1
H2O_cluster_free_memory:    14.30 Gb
H2O_cluster_total_cores:    20
H2O_cluster_allowed_cores:  20
H2O_cluster_status:         locked, healthy
H2O_connection_url:         http://localhost:54321
H2O_connection_proxy:       {"http": null, "https": null}
H2O_internal_security:      False
H2O_API_Extensions:         Amazon S3, XGBoost, Algos, AutoML, Core V3, TargetEncoder, Core V4
Python_version:             3.8.10 final
--------------------------  ------------------------------------------------------------------
loading  bayes /data/paper4/model//1/bayes/NaiveBayes_model_python_1647354051846_3675
loading  glm /data/paper4/model//1/glm/GLM_model_python_1647354051846_3679
loading  rf /data/paper4/model//1/rf/DRF_model_python_1647354051846_3696
loading  gbm /data/paper4/model//1/gbm/GBM_model_python_1647354051846_3850
loading  xgboost /data/paper4/model//1/xgboost/XGBoost_model_python_1647361848945_1600
loading  deeplearn /data/paper4/model//1/deeplearn/DeepLearning_model_python_1647354051846_4139
1 gbm /data/paper4/test/3.csv
Parse progress: |████████████████████████████████████████████████████████████████| (done) 100%
naivebayes prediction progress: |████████████████████████████████████████████████| (done) 100%
glm prediction progress: |███████████████████████████████████████████████████████| (done) 100%
drf prediction progress: |███████████████████████████████████████████████████████| (done) 100%
gbm prediction progress: |███████████████████████████████████████████████████████| (done) 100%
xgboost prediction progress: |███████████████████████████████████████████████████| (done) 100%
deeplearning prediction progress: |██████████████████████████████████████████████| (done) 100%
1 gbm /data/paper4/test/0.csv
Parse progress: |████████████████████████████████████████████████████████████████| (done) 100%
naivebayes prediction progress: |████████████████████████████████████████████████| (done) 100%
glm prediction progress: |███████████████████████████████████████████████████████| (done) 100%
drf prediction progress: |███████████████████████████████████████████████████████| (done) 100%
gbm prediction progress: |███████████████████████████████████████████████████████| (done) 100%
xgboost prediction progress: |███████████████████████████████████████████████████| (done) 100%
deeplearning prediction progress: |██████████████████████████████████████████████| (done) 100%
1 gbm /data/paper4/test/2.csv
Parse progress: |████████████████████████████████████████████████████████████████| (done) 100%
naivebayes prediction progress: |████████████████████████████████████████████████| (done) 100%
glm prediction progress: |███████████████████████████████████████████████████████| (done) 100%
drf prediction progress: |███████████████████████████████████████████████████████| (done) 100%
gbm prediction progress: |███████████████████████████████████████████████████████| (done) 100%
xgboost prediction progress: |███████████████████████████████████████████████████| (done) 100%
deeplearning prediction progress: |██████████████████████████████████████████████| (done) 100%
1 gbm /data/paper4/test/5.csv
Parse progress: |████████████████████████████████████████████████████████████████| (done) 100%
naivebayes prediction progress: |████████████████████████████████████████████████| (done) 100%
glm prediction progress: |███████████████████████████████████████████████████████| (done) 100%
drf prediction progress: |███████████████████████████████████████████████████████| (done) 100%
gbm prediction progress: |███████████████████████████████████████████████████████| (done) 100%
xgboost prediction progress: |███████████████████████████████████████████████████| (done) 100%
deeplearning prediction progress: |██████████████████████████████████████████████| (done) 100%
1 gbm /data/paper4/test/8.csv
Parse progress: |████████████████████████████████████████████████████████████████| (done) 100%
naivebayes prediction progress: |████████████████████████████████████████████████| (done) 100%
glm prediction progress: |███████████████████████████████████████████████████████| (done) 100%
drf prediction progress: |███████████████████████████████████████████████████████| (done) 100%
gbm prediction progress: |███████████████████████████████████████████████████████| (done) 100%
xgboost prediction progress: |███████████████████████████████████████████████████| (done) 100%
deeplearning prediction progress: |██████████████████████████████████████████████| (done) 100%
1 gbm /data/paper4/test/7.csv
Parse progress: |████████████████████████████████████████████████████████████████| (done) 100%
naivebayes prediction progress: |████████████████████████████████████████████████| (done) 100%
glm prediction progress: |███████████████████████████████████████████████████████| (done) 100%
drf prediction progress: |███████████████████████████████████████████████████████| (done) 100%
gbm prediction progress: |███████████████████████████████████████████████████████| (done) 100%
xgboost prediction progress: |███████████████████████████████████████████████████| (done) 100%
deeplearning prediction progress: |██████████████████████████████████████████████| (done) 100%
1 gbm /data/paper4/test/1.csv
Parse progress: |████████████████████████████████████████████████████████████████| (done) 100%
naivebayes prediction progress: |████████████████████████████████████████████████| (done) 100%
glm prediction progress: |███████████████████████████████████████████████████████| (done) 100%
drf prediction progress: |███████████████████████████████████████████████████████| (done) 100%
gbm prediction progress: |███████████████████████████████████████████████████████| (done) 100%
xgboost prediction progress: |███████████████████████████████████████████████████| (done) 100%
deeplearning prediction progress: |██████████████████████████████████████████████| (done) 100%
1 gbm /data/paper4/test/4.csv
Parse progress: |████████████████████████████████████████████████████████████████| (done) 100%
naivebayes prediction progress: |████████████████████████████████████████████████| (done) 100%
glm prediction progress: |███████████████████████████████████████████████████████| (done) 100%
drf prediction progress: |███████████████████████████████████████████████████████| (done) 100%
gbm prediction progress: |███████████████████████████████████████████████████████| (done) 100%
xgboost prediction progress: |███████████████████████████████████████████████████| (done) 100%
deeplearning prediction progress: |██████████████████████████████████████████████| (done) 100%
1 gbm /data/paper4/test/6.csv
Parse progress: |████████████████████████████████████████████████████████████████| (done) 100%
naivebayes prediction progress: |████████████████████████████████████████████████| (done) 100%
glm prediction progress: |███████████████████████████████████████████████████████| (done) 100%
drf prediction progress: |███████████████████████████████████████████████████████| (done) 100%
gbm prediction progress: |███████████████████████████████████████████████████████| (done) 100%
xgboost prediction progress: |███████████████████████████████████████████████████| (done) 100%
deeplearning prediction progress: |██████████████████████████████████████████████| (done) 100%
cnn
1 cnn /data/paper4/test/3.csv
1 cnn /data/paper4/test/0.csv
1 cnn /data/paper4/test/2.csv
1 cnn /data/paper4/test/5.csv
1 cnn /data/paper4/test/8.csv
1 cnn /data/paper4/test/7.csv
1 cnn /data/paper4/test/1.csv
1 cnn /data/paper4/test/4.csv
1 cnn /data/paper4/test/6.csv
xgboost
Checking whether there is an H2O instance running at http://localhost:54321 . connected.
Warning: Your H2O cluster version is too old (5 months and 11 days)!Please download and install the latest version from http://h2o.ai/download/
--------------------------  ------------------------------------------------------------------
H2O_cluster_uptime:         2 days 21 hours 44 mins
H2O_cluster_timezone:       Asia/Shanghai
H2O_data_parsing_timezone:  UTC
H2O_cluster_version:        3.34.0.3
H2O_cluster_version_age:    5 months and 11 days !!!
H2O_cluster_name:           H2O_from_python_root_ijoqmh
H2O_cluster_total_nodes:    1
H2O_cluster_free_memory:    14.24 Gb
H2O_cluster_total_cores:    20
H2O_cluster_allowed_cores:  20
H2O_cluster_status:         locked, healthy
H2O_connection_url:         http://localhost:54321
H2O_connection_proxy:       {"http": null, "https": null}
H2O_internal_security:      False
H2O_API_Extensions:         Amazon S3, XGBoost, Algos, AutoML, Core V3, TargetEncoder, Core V4
Python_version:             3.8.10 final
--------------------------  ------------------------------------------------------------------
loading  bayes /data/paper4/model//1/bayes/NaiveBayes_model_python_1647354051846_3675
loading  glm /data/paper4/model//1/glm/GLM_model_python_1647354051846_3679
loading  rf /data/paper4/model//1/rf/DRF_model_python_1647354051846_3696
loading  gbm /data/paper4/model//1/gbm/GBM_model_python_1647354051846_3850
loading  xgboost /data/paper4/model//1/xgboost/XGBoost_model_python_1647361848945_1600
loading  deeplearn /data/paper4/model//1/deeplearn/DeepLearning_model_python_1647354051846_4139
1 xgboost /data/paper4/test/3.csv
Parse progress: |████████████████████████████████████████████████████████████████| (done) 100%
naivebayes prediction progress: |████████████████████████████████████████████████| (done) 100%
glm prediction progress: |███████████████████████████████████████████████████████| (done) 100%
drf prediction progress: |███████████████████████████████████████████████████████| (done) 100%
gbm prediction progress: |███████████████████████████████████████████████████████| (done) 100%
xgboost prediction progress: |███████████████████████████████████████████████████| (done) 100%
deeplearning prediction progress: |██████████████████████████████████████████████| (done) 100%
1 xgboost /data/paper4/test/0.csv
Parse progress: |████████████████████████████████████████████████████████████████| (done) 100%
naivebayes prediction progress: |████████████████████████████████████████████████| (done) 100%
glm prediction progress: |███████████████████████████████████████████████████████| (done) 100%
drf prediction progress: |███████████████████████████████████████████████████████| (done) 100%
gbm prediction progress: |███████████████████████████████████████████████████████| (done) 100%
xgboost prediction progress: |███████████████████████████████████████████████████| (done) 100%
deeplearning prediction progress: |██████████████████████████████████████████████| (done) 100%
1 xgboost /data/paper4/test/2.csv
Parse progress: |████████████████████████████████████████████████████████████████| (done) 100%
naivebayes prediction progress: |████████████████████████████████████████████████| (done) 100%
glm prediction progress: |███████████████████████████████████████████████████████| (done) 100%
drf prediction progress: |███████████████████████████████████████████████████████| (done) 100%
gbm prediction progress: |███████████████████████████████████████████████████████| (done) 100%
xgboost prediction progress: |███████████████████████████████████████████████████| (done) 100%
deeplearning prediction progress: |██████████████████████████████████████████████| (done) 100%
1 xgboost /data/paper4/test/5.csv
Parse progress: |████████████████████████████████████████████████████████████████| (done) 100%
naivebayes prediction progress: |████████████████████████████████████████████████| (done) 100%
glm prediction progress: |███████████████████████████████████████████████████████| (done) 100%
drf prediction progress: |███████████████████████████████████████████████████████| (done) 100%
gbm prediction progress: |███████████████████████████████████████████████████████| (done) 100%
xgboost prediction progress: |███████████████████████████████████████████████████| (done) 100%
deeplearning prediction progress: |██████████████████████████████████████████████| (done) 100%
1 xgboost /data/paper4/test/8.csv
Parse progress: |████████████████████████████████████████████████████████████████| (done) 100%
naivebayes prediction progress: |████████████████████████████████████████████████| (done) 100%
glm prediction progress: |███████████████████████████████████████████████████████| (done) 100%
drf prediction progress: |███████████████████████████████████████████████████████| (done) 100%
gbm prediction progress: |███████████████████████████████████████████████████████| (done) 100%
xgboost prediction progress: |███████████████████████████████████████████████████| (done) 100%
deeplearning prediction progress: |██████████████████████████████████████████████| (done) 100%
1 xgboost /data/paper4/test/7.csv
Parse progress: |████████████████████████████████████████████████████████████████| (done) 100%
naivebayes prediction progress: |████████████████████████████████████████████████| (done) 100%
glm prediction progress: |███████████████████████████████████████████████████████| (done) 100%
drf prediction progress: |███████████████████████████████████████████████████████| (done) 100%
gbm prediction progress: |███████████████████████████████████████████████████████| (done) 100%
xgboost prediction progress: |███████████████████████████████████████████████████| (done) 100%
deeplearning prediction progress: |██████████████████████████████████████████████| (done) 100%
1 xgboost /data/paper4/test/1.csv
Parse progress: |████████████████████████████████████████████████████████████████| (done) 100%
naivebayes prediction progress: |████████████████████████████████████████████████| (done) 100%
glm prediction progress: |███████████████████████████████████████████████████████| (done) 100%
drf prediction progress: |███████████████████████████████████████████████████████| (done) 100%
gbm prediction progress: |███████████████████████████████████████████████████████| (done) 100%
xgboost prediction progress: |███████████████████████████████████████████████████| (done) 100%
deeplearning prediction progress: |██████████████████████████████████████████████| (done) 100%
1 xgboost /data/paper4/test/4.csv
Parse progress: |████████████████████████████████████████████████████████████████| (done) 100%
naivebayes prediction progress: |████████████████████████████████████████████████| (done) 100%
glm prediction progress: |███████████████████████████████████████████████████████| (done) 100%
drf prediction progress: |███████████████████████████████████████████████████████| (done) 100%
gbm prediction progress: |███████████████████████████████████████████████████████| (done) 100%
xgboost prediction progress: |███████████████████████████████████████████████████| (done) 100%
deeplearning prediction progress: |██████████████████████████████████████████████| (done) 100%
1 xgboost /data/paper4/test/6.csv
Parse progress: |████████████████████████████████████████████████████████████████| (done) 100%
naivebayes prediction progress: |████████████████████████████████████████████████| (done) 100%
glm prediction progress: |███████████████████████████████████████████████████████| (done) 100%
drf prediction progress: |███████████████████████████████████████████████████████| (done) 100%
gbm prediction progress: |███████████████████████████████████████████████████████| (done) 100%
xgboost prediction progress: |███████████████████████████████████████████████████| (done) 100%
deeplearning prediction progress: |██████████████████████████████████████████████| (done) 100%
svm
SVM /data/paper4/model/1/svm/sklearn_model_python_svm.pkl
1 svm /data/paper4/test/3.csv
[Parallel(n_jobs=22)]: Using backend LokyBackend with 22 concurrent workers.
[Parallel(n_jobs=22)]: Done   2 out of  22 | elapsed:  1.1min remaining: 10.8min
[Parallel(n_jobs=22)]: Done  22 out of  22 | elapsed:  1.3min finished
1 svm /data/paper4/test/0.csv
[Parallel(n_jobs=22)]: Using backend LokyBackend with 22 concurrent workers.
[Parallel(n_jobs=22)]: Done   2 out of  22 | elapsed:  1.1min remaining: 10.7min
[Parallel(n_jobs=22)]: Done  22 out of  22 | elapsed:  1.3min finished
1 svm /data/paper4/test/2.csv
[Parallel(n_jobs=22)]: Using backend LokyBackend with 22 concurrent workers.
[Parallel(n_jobs=22)]: Done   2 out of  22 | elapsed:  1.1min remaining: 11.2min
[Parallel(n_jobs=22)]: Done  22 out of  22 | elapsed:  1.3min finished
1 svm /data/paper4/test/5.csv
[Parallel(n_jobs=22)]: Using backend LokyBackend with 22 concurrent workers.
[Parallel(n_jobs=22)]: Done   2 out of  22 | elapsed:  1.1min remaining: 11.1min
[Parallel(n_jobs=22)]: Done  22 out of  22 | elapsed:  1.3min finished
1 svm /data/paper4/test/8.csv
[Parallel(n_jobs=22)]: Using backend LokyBackend with 22 concurrent workers.
[Parallel(n_jobs=22)]: Done   2 out of  22 | elapsed:  1.1min remaining: 11.2min
[Parallel(n_jobs=22)]: Done  22 out of  22 | elapsed:  1.4min finished
1 svm /data/paper4/test/7.csv
[Parallel(n_jobs=22)]: Using backend LokyBackend with 22 concurrent workers.
[Parallel(n_jobs=22)]: Done   2 out of  22 | elapsed:  1.1min remaining: 11.4min
[Parallel(n_jobs=22)]: Done  22 out of  22 | elapsed:  1.4min finished
1 svm /data/paper4/test/1.csv
[Parallel(n_jobs=22)]: Using backend LokyBackend with 22 concurrent workers.
[Parallel(n_jobs=22)]: Done   2 out of  22 | elapsed:  1.2min remaining: 12.2min
[Parallel(n_jobs=22)]: Done  22 out of  22 | elapsed:  1.4min finished
1 svm /data/paper4/test/4.csv
[Parallel(n_jobs=22)]: Using backend LokyBackend with 22 concurrent workers.
[Parallel(n_jobs=22)]: Done   2 out of  22 | elapsed:  1.1min remaining: 10.7min
[Parallel(n_jobs=22)]: Done  22 out of  22 | elapsed:  1.3min finished
1 svm /data/paper4/test/6.csv
[Parallel(n_jobs=22)]: Using backend LokyBackend with 22 concurrent workers.
[Parallel(n_jobs=22)]: Done   2 out of  22 | elapsed:  1.2min remaining: 11.8min
[Parallel(n_jobs=22)]: Done  22 out of  22 | elapsed:  1.4min finished
bayes
Checking whether there is an H2O instance running at http://localhost:54321 . connected.
Warning: Your H2O cluster version is too old (5 months and 11 days)!Please download and install the latest version from http://h2o.ai/download/
--------------------------  ------------------------------------------------------------------
H2O_cluster_uptime:         2 days 21 hours 57 mins
H2O_cluster_timezone:       Asia/Shanghai
H2O_data_parsing_timezone:  UTC
H2O_cluster_version:        3.34.0.3
H2O_cluster_version_age:    5 months and 11 days !!!
H2O_cluster_name:           H2O_from_python_root_ijoqmh
H2O_cluster_total_nodes:    1
H2O_cluster_free_memory:    14.13 Gb
H2O_cluster_total_cores:    20
H2O_cluster_allowed_cores:  20
H2O_cluster_status:         locked, healthy
H2O_connection_url:         http://localhost:54321
H2O_connection_proxy:       {"http": null, "https": null}
H2O_internal_security:      False
H2O_API_Extensions:         Amazon S3, XGBoost, Algos, AutoML, Core V3, TargetEncoder, Core V4
Python_version:             3.8.10 final
--------------------------  ------------------------------------------------------------------
loading  bayes /data/paper4/model//1/bayes/NaiveBayes_model_python_1647354051846_3675
loading  glm /data/paper4/model//1/glm/GLM_model_python_1647354051846_3679
loading  rf /data/paper4/model//1/rf/DRF_model_python_1647354051846_3696
loading  gbm /data/paper4/model//1/gbm/GBM_model_python_1647354051846_3850
loading  xgboost /data/paper4/model//1/xgboost/XGBoost_model_python_1647361848945_1600
loading  deeplearn /data/paper4/model//1/deeplearn/DeepLearning_model_python_1647354051846_4139
1 bayes /data/paper4/test/3.csv
Parse progress: |████████████████████████████████████████████████████████████████| (done) 100%
naivebayes prediction progress: |████████████████████████████████████████████████| (done) 100%
glm prediction progress: |███████████████████████████████████████████████████████| (done) 100%
drf prediction progress: |███████████████████████████████████████████████████████| (done) 100%
gbm prediction progress: |███████████████████████████████████████████████████████| (done) 100%
xgboost prediction progress: |███████████████████████████████████████████████████| (done) 100%
deeplearning prediction progress: |██████████████████████████████████████████████| (done) 100%
1 bayes /data/paper4/test/0.csv
Parse progress: |████████████████████████████████████████████████████████████████| (done) 100%
naivebayes prediction progress: |████████████████████████████████████████████████| (done) 100%
glm prediction progress: |███████████████████████████████████████████████████████| (done) 100%
drf prediction progress: |███████████████████████████████████████████████████████| (done) 100%
gbm prediction progress: |███████████████████████████████████████████████████████| (done) 100%
xgboost prediction progress: |███████████████████████████████████████████████████| (done) 100%
deeplearning prediction progress: |██████████████████████████████████████████████| (done) 100%
1 bayes /data/paper4/test/2.csv
Parse progress: |████████████████████████████████████████████████████████████████| (done) 100%
naivebayes prediction progress: |████████████████████████████████████████████████| (done) 100%
glm prediction progress: |███████████████████████████████████████████████████████| (done) 100%
drf prediction progress: |███████████████████████████████████████████████████████| (done) 100%
gbm prediction progress: |███████████████████████████████████████████████████████| (done) 100%
xgboost prediction progress: |███████████████████████████████████████████████████| (done) 100%
deeplearning prediction progress: |██████████████████████████████████████████████| (done) 100%
1 bayes /data/paper4/test/5.csv
Parse progress: |████████████████████████████████████████████████████████████████| (done) 100%
naivebayes prediction progress: |████████████████████████████████████████████████| (done) 100%
glm prediction progress: |███████████████████████████████████████████████████████| (done) 100%
drf prediction progress: |███████████████████████████████████████████████████████| (done) 100%
gbm prediction progress: |███████████████████████████████████████████████████████| (done) 100%
xgboost prediction progress: |███████████████████████████████████████████████████| (done) 100%
deeplearning prediction progress: |██████████████████████████████████████████████| (done) 100%
1 bayes /data/paper4/test/8.csv
Parse progress: |████████████████████████████████████████████████████████████████| (done) 100%
naivebayes prediction progress: |████████████████████████████████████████████████| (done) 100%
glm prediction progress: |███████████████████████████████████████████████████████| (done) 100%
drf prediction progress: |███████████████████████████████████████████████████████| (done) 100%
gbm prediction progress: |███████████████████████████████████████████████████████| (done) 100%
xgboost prediction progress: |███████████████████████████████████████████████████| (done) 100%
deeplearning prediction progress: |██████████████████████████████████████████████| (done) 100%
1 bayes /data/paper4/test/7.csv
Parse progress: |████████████████████████████████████████████████████████████████| (done) 100%
naivebayes prediction progress: |████████████████████████████████████████████████| (done) 100%
glm prediction progress: |███████████████████████████████████████████████████████| (done) 100%
drf prediction progress: |███████████████████████████████████████████████████████| (done) 100%
gbm prediction progress: |███████████████████████████████████████████████████████| (done) 100%
xgboost prediction progress: |███████████████████████████████████████████████████| (done) 100%
deeplearning prediction progress: |██████████████████████████████████████████████| (done) 100%
1 bayes /data/paper4/test/1.csv
Parse progress: |████████████████████████████████████████████████████████████████| (done) 100%
naivebayes prediction progress: |████████████████████████████████████████████████| (done) 100%
glm prediction progress: |███████████████████████████████████████████████████████| (done) 100%
drf prediction progress: |███████████████████████████████████████████████████████| (done) 100%
gbm prediction progress: |███████████████████████████████████████████████████████| (done) 100%
xgboost prediction progress: |███████████████████████████████████████████████████| (done) 100%
deeplearning prediction progress: |██████████████████████████████████████████████| (done) 100%
1 bayes /data/paper4/test/4.csv
Parse progress: |████████████████████████████████████████████████████████████████| (done) 100%
naivebayes prediction progress: |████████████████████████████████████████████████| (done) 100%
glm prediction progress: |███████████████████████████████████████████████████████| (done) 100%
drf prediction progress: |███████████████████████████████████████████████████████| (done) 100%
gbm prediction progress: |███████████████████████████████████████████████████████| (done) 100%
xgboost prediction progress: |███████████████████████████████████████████████████| (done) 100%
deeplearning prediction progress: |██████████████████████████████████████████████| (done) 100%
1 bayes /data/paper4/test/6.csv
Parse progress: |████████████████████████████████████████████████████████████████| (done) 100%
naivebayes prediction progress: |████████████████████████████████████████████████| (done) 100%
glm prediction progress: |███████████████████████████████████████████████████████| (done) 100%
drf prediction progress: |███████████████████████████████████████████████████████| (done) 100%
gbm prediction progress: |███████████████████████████████████████████████████████| (done) 100%
xgboost prediction progress: |███████████████████████████████████████████████████| (done) 100%
deeplearning prediction progress: |██████████████████████████████████████████████| (done) 100%
rf
Checking whether there is an H2O instance running at http://localhost:54321 . connected.
Warning: Your H2O cluster version is too old (5 months and 11 days)!Please download and install the latest version from http://h2o.ai/download/
--------------------------  ------------------------------------------------------------------
H2O_cluster_uptime:         2 days 21 hours 57 mins
H2O_cluster_timezone:       Asia/Shanghai
H2O_data_parsing_timezone:  UTC
H2O_cluster_version:        3.34.0.3
H2O_cluster_version_age:    5 months and 11 days !!!
H2O_cluster_name:           H2O_from_python_root_ijoqmh
H2O_cluster_total_nodes:    1
H2O_cluster_free_memory:    14.08 Gb
H2O_cluster_total_cores:    20
H2O_cluster_allowed_cores:  20
H2O_cluster_status:         locked, healthy
H2O_connection_url:         http://localhost:54321
H2O_connection_proxy:       {"http": null, "https": null}
H2O_internal_security:      False
H2O_API_Extensions:         Amazon S3, XGBoost, Algos, AutoML, Core V3, TargetEncoder, Core V4
Python_version:             3.8.10 final
--------------------------  ------------------------------------------------------------------
loading  bayes /data/paper4/model//1/bayes/NaiveBayes_model_python_1647354051846_3675
loading  glm /data/paper4/model//1/glm/GLM_model_python_1647354051846_3679
loading  rf /data/paper4/model//1/rf/DRF_model_python_1647354051846_3696
loading  gbm /data/paper4/model//1/gbm/GBM_model_python_1647354051846_3850
loading  xgboost /data/paper4/model//1/xgboost/XGBoost_model_python_1647361848945_1600
loading  deeplearn /data/paper4/model//1/deeplearn/DeepLearning_model_python_1647354051846_4139
1 rf /data/paper4/test/3.csv
Parse progress: |████████████████████████████████████████████████████████████████| (done) 100%
naivebayes prediction progress: |████████████████████████████████████████████████| (done) 100%
glm prediction progress: |███████████████████████████████████████████████████████| (done) 100%
drf prediction progress: |███████████████████████████████████████████████████████| (done) 100%
gbm prediction progress: |███████████████████████████████████████████████████████| (done) 100%
xgboost prediction progress: |███████████████████████████████████████████████████| (done) 100%
deeplearning prediction progress: |██████████████████████████████████████████████| (done) 100%
1 rf /data/paper4/test/0.csv
Parse progress: |████████████████████████████████████████████████████████████████| (done) 100%
naivebayes prediction progress: |████████████████████████████████████████████████| (done) 100%
glm prediction progress: |███████████████████████████████████████████████████████| (done) 100%
drf prediction progress: |███████████████████████████████████████████████████████| (done) 100%
gbm prediction progress: |███████████████████████████████████████████████████████| (done) 100%
xgboost prediction progress: |███████████████████████████████████████████████████| (done) 100%
deeplearning prediction progress: |██████████████████████████████████████████████| (done) 100%
1 rf /data/paper4/test/2.csv
Parse progress: |████████████████████████████████████████████████████████████████| (done) 100%
naivebayes prediction progress: |████████████████████████████████████████████████| (done) 100%
glm prediction progress: |███████████████████████████████████████████████████████| (done) 100%
drf prediction progress: |███████████████████████████████████████████████████████| (done) 100%
gbm prediction progress: |███████████████████████████████████████████████████████| (done) 100%
xgboost prediction progress: |███████████████████████████████████████████████████| (done) 100%
deeplearning prediction progress: |██████████████████████████████████████████████| (done) 100%
1 rf /data/paper4/test/5.csv
Parse progress: |████████████████████████████████████████████████████████████████| (done) 100%
naivebayes prediction progress: |████████████████████████████████████████████████| (done) 100%
glm prediction progress: |███████████████████████████████████████████████████████| (done) 100%
drf prediction progress: |███████████████████████████████████████████████████████| (done) 100%
gbm prediction progress: |███████████████████████████████████████████████████████| (done) 100%
xgboost prediction progress: |███████████████████████████████████████████████████| (done) 100%
deeplearning prediction progress: |██████████████████████████████████████████████| (done) 100%
1 rf /data/paper4/test/8.csv
Parse progress: |████████████████████████████████████████████████████████████████| (done) 100%
naivebayes prediction progress: |████████████████████████████████████████████████| (done) 100%
glm prediction progress: |███████████████████████████████████████████████████████| (done) 100%
drf prediction progress: |███████████████████████████████████████████████████████| (done) 100%
gbm prediction progress: |███████████████████████████████████████████████████████| (done) 100%
xgboost prediction progress: |███████████████████████████████████████████████████| (done) 100%
deeplearning prediction progress: |██████████████████████████████████████████████| (done) 100%
1 rf /data/paper4/test/7.csv
Parse progress: |████████████████████████████████████████████████████████████████| (done) 100%
naivebayes prediction progress: |████████████████████████████████████████████████| (done) 100%
glm prediction progress: |███████████████████████████████████████████████████████| (done) 100%
drf prediction progress: |███████████████████████████████████████████████████████| (done) 100%
gbm prediction progress: |███████████████████████████████████████████████████████| (done) 100%
xgboost prediction progress: |███████████████████████████████████████████████████| (done) 100%
deeplearning prediction progress: |██████████████████████████████████████████████| (done) 100%
1 rf /data/paper4/test/1.csv
Parse progress: |████████████████████████████████████████████████████████████████| (done) 100%
naivebayes prediction progress: |████████████████████████████████████████████████| (done) 100%
glm prediction progress: |███████████████████████████████████████████████████████| (done) 100%
drf prediction progress: |███████████████████████████████████████████████████████| (done) 100%
gbm prediction progress: |███████████████████████████████████████████████████████| (done) 100%
xgboost prediction progress: |███████████████████████████████████████████████████| (done) 100%
deeplearning prediction progress: |██████████████████████████████████████████████| (done) 100%
1 rf /data/paper4/test/4.csv
Parse progress: |████████████████████████████████████████████████████████████████| (done) 100%
naivebayes prediction progress: |████████████████████████████████████████████████| (done) 100%
glm prediction progress: |███████████████████████████████████████████████████████| (done) 100%
drf prediction progress: |███████████████████████████████████████████████████████| (done) 100%
gbm prediction progress: |███████████████████████████████████████████████████████| (done) 100%
xgboost prediction progress: |███████████████████████████████████████████████████| (done) 100%
deeplearning prediction progress: |██████████████████████████████████████████████| (done) 100%
1 rf /data/paper4/test/6.csv
Parse progress: |████████████████████████████████████████████████████████████████| (done) 100%
naivebayes prediction progress: |████████████████████████████████████████████████| (done) 100%
glm prediction progress: |███████████████████████████████████████████████████████| (done) 100%
drf prediction progress: |███████████████████████████████████████████████████████| (done) 100%
gbm prediction progress: |███████████████████████████████████████████████████████| (done) 100%
xgboost prediction progress: |███████████████████████████████████████████████████| (done) 100%
deeplearning prediction progress: |██████████████████████████████████████████████| (done) 100%
predict finished
Closing connection _sid_a7b1 at exit
H2O session _sid_a7b1 closed.
