,confusion_matrix,roc_curve,recall,mcc,accuracy,precision,auc,log_loss,f1_score,fbeta_score,model,train,valid
0,"[[    14 185983]
 [    11  63992]]","(array([0.        , 0.99992473, 1.        ]), array([0.        , 0.99982813, 1.        ]), array([2, 1, 0]))",0.999828133056263,-0.004215975590780725,0.256024,0.255993599359936,0.49995170154375,25.69661555329551,0.4076209161151418,0.3007417029560026,bayes,s-1-2-0,s-0-1-0
1,"[[    4 38467]
 [    2 11527]]","(array([0.        , 0.99989603, 1.        ]), array([0.        , 0.99982652, 1.        ]), array([2, 1, 0]))",0.9998265244166884,-0.0026725143676431663,0.23062,0.23056766812017443,0.4999652494194903,26.57405894500333,0.37472164881426456,0.27249946809768094,bayes,s-1-2-0,s-0-1-1
2,"[[    29 186189]
 [     4  63778]]","(array([0.        , 0.99984427, 1.        ]), array([0.        , 0.99993729, 1.        ]), array([2, 1, 0]))",0.9999372863817378,0.003529618927119119,0.255228,0.2551456792296583,0.5000465089181347,25.72410907817414,0.40655428383835485,0.2998072674281953,bayes,s-1-2-0,s-0-1-2
3,"[[    32 325123]
 [    27 174818]]","(array([0.        , 0.99990159, 1.        ]), array([0.        , 0.99984558, 1.        ]), array([2, 1, 0]))",0.9998455775115102,-0.002458870328704821,0.3497,0.3496772619169062,0.49997199605688836,22.461086224641022,0.518143529948754,0.40195271885658523,bayes,s-1-2-0,s-0-1-3
4,"[[    25 185869]
 [    14  64092]]","(array([0.        , 0.99986551, 1.        ]), array([0.        , 0.99978161, 1.        ]), array([2, 1, 0]))",0.9997816117056125,-0.0029335354754975503,0.256468,0.2564079996479451,0.49995804847494574,25.681279971959736,0.4081422116936832,0.301198364584802,bayes,s-1-2-0,s-0-2-0
5,"[[    6 38549]
 [    0 11445]]","(array([0.        , 0.99984438, 1.        ]), array([0., 1., 1.]), array([2, 1, 0]))",1.0,0.005968761518529997,0.22902,0.22892747129655558,0.5000778109194657,26.629322298574966,0.37256465762789104,0.27066847664139326,bayes,s-1-2-0,s-0-2-1
6,"[[     9 185900]
 [    12  64079]]","(array([0.        , 0.99995159, 1.        ]), array([0.        , 0.99981277, 1.        ]), array([2, 1, 0]))",0.9998127662230266,-0.006613764575023888,0.256352,0.2563375323527176,0.4999305885023228,25.685286569171634,0.4080555290221925,0.30112113924062534,bayes,s-1-2-0,s-0-2-2
7,"[[    32 325123]
 [    27 174818]]","(array([0.        , 0.99990159, 1.        ]), array([0.        , 0.99984558, 1.        ]), array([2, 1, 0]))",0.9998455775115102,-0.002458870328704821,0.3497,0.3496772619169062,0.49997199605688836,22.46108622464101,0.518143529948754,0.40195271885658523,bayes,s-1-2-0,s-0-2-3
8,"[[     4 137852]
 [    17 112127]]","(array([0.        , 0.99997098, 1.        ]), array([0.        , 0.99984841, 1.        ]), array([2, 1, 0]))",0.9998484091881866,-0.006651834658176174,0.448524,0.44854567783693833,0.4999387124863867,19.047747155579557,0.6192757709397084,0.5041409636170711,bayes,s-1-2-0,s-0-3-0
9,"[[    0 25391]
 [    5 24604]]","(array([0., 1., 1.]), array([0.        , 0.99979682, 1.        ]), array([2, 1, 0]))",0.9997968223007843,-0.010158150324617954,0.49208,0.49212921292129214,0.49989841115039213,17.543341358070037,0.6595892981609566,0.5477561234076468,bayes,s-1-2-0,s-0-3-1
10,"[[    26 138001]
 [    18 111955]]","(array([0.        , 0.99981163, 1.        ]), array([0.        , 0.99983925, 1.        ]), array([2, 1, 0]))",0.999839246961321,0.0010352370787623053,0.447924,0.44789883019411414,0.5000138079518147,19.068470897976567,0.6186572504551997,0.5034866976615335,bayes,s-1-2-0,s-0-3-2
11,"[[    32 325123]
 [    27 174818]]","(array([0.        , 0.99990159, 1.        ]), array([0.        , 0.99984558, 1.        ]), array([2, 1, 0]))",0.9998455775115102,-0.002458870328704821,0.3497,0.3496772619169062,0.49997199605688836,22.46108622464101,0.518143529948754,0.40195271885658523,bayes,s-1-2-0,s-0-3-3
12,"[[     4 137813]
 [    19 112164]]","(array([0.        , 0.99997098, 1.        ]), array([0.        , 0.99983063, 1.        ]), array([2, 1, 0]))",0.9998306338750078,-0.007277614361662105,0.448672,0.4486972801497738,0.4999298289352981,19.042635291935902,0.6194168323392976,0.5042932637706807,bayes,s-1-2-0,s-0-4-0
13,"[[    2 25342]
 [    6 24650]]","(array([0.        , 0.99992109, 1.        ]), array([0.        , 0.99975665, 1.        ]), array([2, 1, 0]))",0.9997566515249838,-0.006499742385654646,0.49304,0.4930788926228197,0.499917782833199,17.51018334912544,0.6604329653842032,0.5486947076002565,bayes,s-1-2-0,s-0-4-1
14,"[[     5 137808]
 [    14 112173]]","(array([0.        , 0.99996372, 1.        ]), array([0.        , 0.99987521, 1.        ]), array([2, 1, 0]))",0.9998752083574746,-0.005049883046026139,0.448712,0.448726103183842,0.4999557447024905,19.04125372488816,0.6194528506107663,0.5043246582400499,bayes,s-1-2-0,s-0-4-2
15,"[[    32 325123]
 [    27 174818]]","(array([0.        , 0.99990159, 1.        ]), array([0.        , 0.99984558, 1.        ]), array([2, 1, 0]))",0.9998455775115102,-0.002458870328704821,0.3497,0.3496772619169062,0.49997199605688836,22.46108622464102,0.518143529948754,0.40195271885658523,bayes,s-1-2-0,s-0-4-3
16,"[[     0   8813]
 [    45 241142]]","(array([0., 1., 1.]), array([0.        , 0.99981342, 1.        ]), array([2, 1, 0]))",0.9998134227798348,-0.0025648400102220806,0.964568,0.9647416534976295,0.4999067113899174,1.2238061126330853,0.9819644827768752,0.9715577752583184,bayes,s-1-2-0,s-1-1-0
17,"[[    4  1332]
 [    9 48655]]","(array([0.        , 0.99700599, 1.        ]), array([0.        , 0.99981506, 1.        ]), array([2, 1, 0]))",0.9998150583593621,0.028097619800121185,0.97318,0.9733530717986677,0.501404535167705,0.9263512841870459,0.9864066253763266,0.9785328141843516,bayes,s-1-2-0,s-1-1-1
18,"[[     2   8947]
 [    35 241016]]","(array([0.        , 0.99977651, 1.        ]), array([0.       , 0.9998548, 1.       ]), array([2, 1, 0]))",0.999854802510672,0.0011956822227296205,0.964072,0.9642067025919836,0.5000391455843113,1.2409377743091836,0.9817072425633484,0.9711315066528164,bayes,s-1-2-0,s-1-1-2
19,"[[     7  70502]
 [    57 429434]]","(array([0.        , 0.99990072, 1.        ]), array([0.        , 0.99986728, 1.        ]), array([2, 1, 0]))",0.999867284762661,-0.001028681964483679,0.858882,0.8589779491774947,0.499983281434501,4.874155793733054,0.9240833330643503,0.883887314319117,bayes,s-1-2-0,s-1-1-3
20,"[[     0   8913]
 [    36 241051]]","(array([0., 1., 1.]), array([0.        , 0.99985068, 1.        ]), array([2, 1, 0]))",0.9998506763118709,-0.00230747802821177,0.964204,0.9643428653726137,0.49992533815593543,1.236378547079805,0.9817758236924474,0.9712412254229243,bayes,s-1-2-0,s-1-2-0
21,"[[    0  1385]
 [    5 48610]]","(array([0., 1., 1.]), array([0.        , 0.99989715, 1.        ]), array([2, 1, 0]))",0.9998971510850561,-0.0016879573051276312,0.9722,0.9722972297229723,0.49994857554252803,0.9602001326273343,0.9859040665246933,0.9776946438987107,bayes,s-1-2-0,s-1-2-1
22,"[[     2   8819]
 [    28 241151]]","(array([0.        , 0.99977327, 1.        ]), array([0.       , 0.9998839, 1.       ]), array([2, 1, 0]))",0.9998839036566202,0.0018634505771217618,0.964612,0.9647197663719647,0.5000553176598485,1.2222864256620471,0.9819871362865444,0.9715533266347532,bayes,s-1-2-0,s-1-2-2
23,"[[    12  70499]
 [    72 429417]]","(array([0.        , 0.99982981, 1.        ]), array([0.        , 0.99983236, 1.        ]), array([2, 1, 0]))",0.9998323589195532,6.83481158777531e-05,0.858858,0.8589783083558038,0.5000012725658168,4.874984719568946,0.9240686245501154,0.8838821597486861,bayes,s-1-2-0,s-1-2-3
24,"[[     9  67991]
 [    39 181961]]","(array([0.        , 0.99986765, 1.        ]), array([0.        , 0.99978571, 1.        ]), array([2, 1, 0]))",0.9997857142857143,-0.002631472755000947,0.72788,0.7279837728843938,0.49995903361344535,9.398909294298603,0.8425056487757897,0.7698416324817567,bayes,s-1-2-0,s-1-3-0
25,"[[    7 23033]
 [   13 26947]]","(array([0.        , 0.99969618, 1.        ]), array([0.       , 0.9995178, 1.       ]), array([2, 1, 0]))",0.9995178041543027,-0.004446573294621987,0.53908,0.539155662264906,0.4999108117993736,15.919981158494423,0.7004678970626462,0.5938601904090268,bayes,s-1-2-0,s-1-3-1
26,"[[     9  68040]
 [    27 181924]]","(array([0.        , 0.99986774, 1.        ]), array([0.        , 0.99985161, 1.        ]), array([2, 1, 0]))",0.9998516084000637,-0.0005984655353613701,0.727732,0.7278008033156774,0.49999193301897116,9.404021189926146,0.8424064920181055,0.7696857439497312,bayes,s-1-2-0,s-1-3-2
27,"[[     4  70361]
 [    38 429597]]","(array([0.        , 0.99994315, 1.        ]), array([0.        , 0.99991155, 1.        ]), array([2, 1, 0]))",0.9999115528297275,-0.0011990404569294398,0.859202,0.8592661783589821,0.499984199636636,4.863103159800208,0.9242690080497594,0.8841383727377241,bayes,s-1-2-0,s-1-3-3
28,"[[    12  67699]
 [    17 182272]]","(array([0.        , 0.99982278, 1.        ]), array([0.        , 0.99990674, 1.        ]), array([2, 1, 0]))",0.9999067414929041,0.003464701184730979,0.729136,0.7291725840197463,0.5000419826411221,9.355527657216795,0.8433442835330588,0.7709193155316523,bayes,s-1-2-0,s-1-4-0
29,"[[    6 23125]
 [    8 26861]]","(array([0.        , 0.99974061, 1.        ]), array([0.        , 0.99970226, 1.        ]), array([2, 1, 0]))",0.9997022591090103,-0.0011428408848707773,0.53734,0.5373704637298443,0.4999808256333604,15.980080100680844,0.6990046190878926,0.5921397803476873,bayes,s-1-2-0,s-1-4-1
30,"[[     4  68093]
 [    44 181859]]","(array([0.        , 0.99994126, 1.        ]), array([0.        , 0.99975811, 1.        ]), array([2, 1, 0]))",0.99975811284036,-0.005884855463908145,0.727452,0.7275756945333504,0.49990842628963095,9.413692216831375,0.842222505239027,0.7694732468429252,bayes,s-1-2-0,s-1-4-2
31,"[[     3  70496]
 [   109 429392]]","(array([0.        , 0.99995745, 1.        ]), array([0.        , 0.99974622, 1.        ]), array([2, 1, 0]))",0.9997462171217296,-0.004912266442330039,0.85879,0.8589764107160004,0.4998943854584095,4.877333351566215,0.9240307341705141,0.8838670872969836,bayes,s-1-2-0,s-1-4-3
32,"[[    11 125318]
 [    30 124641]]","(array([0.        , 0.99991223, 1.        ]), array([0.        , 0.99975937, 1.        ]), array([2, 1, 0]))",0.9997593666530308,-0.005968819133601549,0.498608,0.49864577790757686,0.4999235678225219,17.317866990000084,0.6654085364226037,0.5542028640106288,bayes,s-1-2-0,s-2-1-0
33,"[[    4 25087]
 [   11 24898]]","(array([0.        , 0.99984058, 1.        ]), array([0.        , 0.99955839, 1.        ]), array([2, 1, 0]))",0.9995583925488779,-0.008147226559532848,0.49804,0.49810943282984893,0.49985890613056266,17.337485389203994,0.6648863727401394,0.5536604565730779,bayes,s-1-2-0,s-2-1-1
34,"[[     9 124791]
 [    18 125182]]","(array([0.        , 0.99992788, 1.        ]), array([0.        , 0.99985623, 1.        ]), array([2, 1, 0]))",0.9998562300319489,-0.0034476645190711893,0.500764,0.5007820844651222,0.49996417270828214,17.24339970254127,0.6673294720035824,0.5563189499169845,bayes,s-1-2-0,s-2-1-2
35,"[[     0 250233]
 [    60 249707]]","(array([0., 1., 1.]), array([0.        , 0.99975978, 1.        ]), array([2, 1, 0]))",0.9997597761113358,-0.010965323399804792,0.499414,0.4994739368724247,0.4998798880556679,17.29002809175026,0.6661455742043225,0.5550211222181374,bayes,s-1-2-0,s-2-1-3
36,"[[     0 124487]
 [    34 125479]]","(array([0., 1., 1.]), array([0.        , 0.99972911, 1.        ]), array([2, 1, 0]))",0.9997291117254786,-0.011614930986533328,0.501916,0.5019842698607011,0.4998645558627393,17.20361005982386,0.6683676051124031,0.5574976207972974,bayes,s-1-2-0,s-2-2-0
37,"[[    0 25159]
 [    6 24835]]","(array([0., 1., 1.]), array([0.        , 0.99975846, 1.        ]), array([2, 1, 0]))",0.9997584638299586,-0.011025005947036925,0.4967,0.4967596111533384,0.4998792319149793,17.383768500993472,0.6637268657713637,0.5523381238963245,bayes,s-1-2-0,s-2-2-1
38,"[[     7 125270]
 [    50 124673]]","(array([0.        , 0.99994412, 1.        ]), array([0.        , 0.99959911, 1.        ]), array([2, 1, 0]))",0.9995991116313752,-0.011425769799835403,0.49872,0.49880572770591697,0.4998274939048819,17.313998493521147,0.665515419066582,0.5543510642555103,bayes,s-1-2-0,s-2-2-2
39,"[[    11 250371]
 [    57 249561]]","(array([0.        , 0.99995607, 1.        ]), array([0.        , 0.99977165, 1.        ]), array([2, 1, 0]))",0.9997716510828546,-0.007907301250611905,0.499144,0.4991898898250162,0.4999077919767142,17.299353782065776,0.6658955373223934,0.5547412447884852,bayes,s-1-2-0,s-2-2-3
40,"[[    10 124788]
 [    17 125185]]","(array([0.        , 0.99991987, 1.        ]), array([0.        , 0.99986422, 1.        ]), array([2, 1, 0]))",0.999864219421415,-0.0026776553849861755,0.50078,0.5007940857612622,0.4999721744553348,17.242847072523787,0.6673419071100154,0.5563312932075007,bayes,s-1-2-0,s-2-3-0
41,"[[    3 25083]
 [    1 24913]]","(array([0.        , 0.99988041, 1.        ]), array([0.        , 0.99995986, 1.        ]), array([2, 1, 0]))",0.9999598619250221,0.0044415716049641795,0.49832,0.49829986398911913,0.5000397252700929,17.327814467845624,0.6651448404752369,0.5538733114567493,bayes,s-1-2-0,s-2-3-1
42,"[[    15 124959]
 [    34 124992]]","(array([0.        , 0.99987998, 1.        ]), array([0.        , 0.99972806, 1.        ]), array([2, 1, 0]))",0.9997280565642347,-0.005426191338749619,0.500028,0.5000660129385359,0.49992404076471375,17.268820779297403,0.6666648887798451,0.5556039579314207,bayes,s-1-2-0,s-2-3-2
43,"[[     2 249807]
 [    78 250113]]","(array([0.        , 0.99999199, 1.        ]), array([0.        , 0.99968824, 1.        ]), array([2, 1, 0]))",0.9996882381860259,-0.012007955367186171,0.50023,0.5003060489678348,0.49984812215134955,17.261843768955,0.6668693033431051,0.5558385347426585,bayes,s-1-2-0,s-2-3-3
44,"[[     0 124962]
 [    36 125002]]","(array([0., 1., 1.]), array([0.        , 0.99971209, 1.        ]), array([2, 1, 0]))",0.9997120875253923,-0.011997216385006216,0.500008,0.5000800115216592,0.49985604376269616,17.269511564420473,0.6666737777398521,0.5556167958936576,bayes,s-1-2-0,s-2-4-0
45,"[[    2 24973]
 [    5 25020]]","(array([0.        , 0.99991992, 1.        ]), array([0.       , 0.9998002, 1.       ]), array([2, 1, 0]))",0.9998001998001999,-0.00505945007225506,0.50044,0.5004700658092133,0.49994013994013997,17.254590502774064,0.6670399104214989,0.556007413432179,bayes,s-1-2-0,s-2-4-1
46,"[[     0 125060]
 [    40 124900]]","(array([0., 1., 1.]), array([0.        , 0.99967985, 1.        ]), array([2, 1, 0]))",0.9996798463262366,-0.012656196207857979,0.4996,0.4996799487918067,0.4998399231631183,17.283603698631786,0.6663110162710056,0.5552196874055372,bayes,s-1-2-0,s-2-4-2
47,"[[    24 249618]
 [    70 250288]]","(array([0.        , 0.99990386, 1.        ]), array([0.       , 0.9997204, 1.       ]), array([2, 1, 0]))",0.9997204003866463,-0.006690790837535789,0.500624,0.500670125983685,0.49990826902789426,17.248235188807577,0.6671998123327257,0.5562000051555969,bayes,s-1-2-0,s-2-4-3
48,"[[     6 191864]
 [     1  58129]]","(array([0.        , 0.99996873, 1.        ]), array([0.       , 0.9999828, 1.       ]), array([2, 1, 0]))",0.9999827971787373,0.001123140218112102,0.23254,0.23252251063029764,0.5000070341759637,26.50774298788354,0.3773103598238366,0.27468523828515584,bayes,s-1-2-0,s-3-1-0
49,"[[    8 39630]
 [    0 10362]]","(array([0.        , 0.99979817, 1.        ]), array([0., 1., 1.]), array([2, 1, 0]))",1.0,0.006467860806567145,0.2074,0.207273163706193,0.5001009132650487,27.37606793152938,0.3433740928521722,0.2463272001141064,bayes,s-1-2-0,s-3-1-1
50,"[[     5 192103]
 [     1  57891]]","(array([0.        , 0.99997397, 1.        ]), array([0.        , 0.99998273, 1.        ]), array([2, 1, 0]))",0.9999827264561597,0.0007537415529485926,0.231584,0.23156955766938406,0.5000043767413119,26.54076282253222,0.3760547735200691,0.273621094503284,bayes,s-1-2-0,s-3-1-2
51,"[[     0 333205]
 [    16 166779]]","(array([0., 1., 1.]), array([0.        , 0.99990407, 1.        ]), array([2, 1, 0]))",0.9999040738631254,-0.00799551015110662,0.333558,0.3335686741975743,0.4999520369315627,23.01862407790053,0.5002527074188,0.38486318790842056,bayes,s-1-2-0,s-3-1-3
52,"[[     3 191653]
 [     0  58344]]","(array([0.        , 0.99998435, 1.        ]), array([0., 1., 1.]), array([2, 1, 0]))",1.0,0.0019113055423178086,0.233388,0.23337880054560656,0.5000078265225195,26.47845343064042,0.3784381577539153,0.2756412921465098,bayes,s-1-2-0,s-3-2-0
53,"[[    0 39655]
 [    0 10345]]","(array([0., 1.]), array([0., 1.]), array([2, 1]))",1.0,0.0,0.2069,0.2069,0.5,27.393337719525547,0.34286187753749275,0.24590553614300314,bayes,s-1-2-0,s-3-2-1
54,"[[     2 191765]
 [     2  58231]]","(array([0.        , 0.99998957, 1.        ]), array([0.        , 0.99996566, 1.        ]), array([2, 1, 0]))",0.9999656552126801,-0.0025272826111978853,0.232932,0.2329277268436295,0.49998804226788246,26.49420347089615,0.3778424483095361,0.2751373300561227,bayes,s-1-2-0,s-3-2-2
55,"[[     5 333227]
 [     5 166763]]","(array([0.      , 0.999985, 1.      ]), array([0.        , 0.99997002, 1.        ]), array([2, 1, 0]))",0.9999700182289168,-0.0015789921150035774,0.333536,0.3335326706534131,0.4999925113951518,23.01938396616349,0.500220469795638,0.38482679874908166,bayes,s-1-2-0,s-3-2-3
56,"[[     4 139557]
 [     5 110434]]","(array([0.        , 0.99997134, 1.        ]), array([0.        , 0.99995473, 1.        ]), array([2, 1, 0]))",0.9999547261384113,-0.0013749799753481875,0.441752,0.4417519030685105,0.49999169372031876,19.281649202580358,0.6127902782787227,0.4972699101137155,bayes,s-1-2-0,s-3-3-0
57,"[[    1 25599]
 [    3 24397]]","(array([0.        , 0.99996094, 1.        ]), array([0.        , 0.99987705, 1.        ]), array([2, 1, 0]))",0.9998770491803278,-0.004688336399401591,0.48796,0.48797903832306583,0.4999580558401639,17.685644443142376,0.6558685950857572,0.5436439318311466,bayes,s-1-2-0,s-3-3-1
58,"[[     6 139582]
 [    30 110382]]","(array([0.        , 0.99995702, 1.        ]), array([0.        , 0.99972829, 1.        ]), array([2, 1, 0]))",0.9997282904032171,-0.009465807213141005,0.441552,0.44159158918884317,0.4998856370203895,19.288557037819082,0.6125935134415166,0.4970961965939755,bayes,s-1-2-0,s-3-3-2
59,"[[    34 332868]
 [    13 167085]]","(array([0.        , 0.99989787, 1.        ]), array([0.       , 0.9999222, 1.       ]), array([2, 1, 0]))",0.9999222013429245,0.0011839542595625883,0.334238,0.3342014149330037,0.5000121667509692,22.995137171023316,0.5009661929897414,0.3855374704071696,bayes,s-1-2-0,s-3-3-3
60,"[[    10 139320]
 [     8 110662]]","(array([0.        , 0.99992823, 1.        ]), array([0.        , 0.99992771, 1.        ]), array([2, 1, 0]))",0.9999277130206922,-3.0143425718683954e-05,0.442688,0.4426798729508525,0.49999974253632756,19.249320149856363,0.613677450839036,0.49820907294988825,bayes,s-1-2-0,s-3-4-0
61,"[[    3 25575]
 [    9 24413]]","(array([0.        , 0.99988271, 1.        ]), array([0.        , 0.99963148, 1.        ]), array([2, 1, 0]))",0.9996314798132832,-0.0081072799638312,0.48832,0.48837721053052735,0.4998743840539557,17.673210099833444,0.6561752452627335,0.54402470874522,bayes,s-1-2-0,s-3-4-1
62,"[[     0 139648]
 [    33 110319]]","(array([0., 1., 1.]), array([0.        , 0.99970096, 1.        ]), array([2, 1, 0]))",0.999700956937799,-0.012925367104887583,0.441276,0.4413342561218081,0.4998504784688995,19.298089951197802,0.6123407314074474,0.49683396083659104,bayes,s-1-2-0,s-3-4-2
63,"[[     6 332944]
 [     3 167047]]","(array([0.        , 0.99998198, 1.        ]), array([0.        , 0.99998204, 1.        ]), array([2, 1, 0]))",0.9999820413049985,6.896107093485387e-06,0.334106,0.3341000138002484,0.5000000310144154,22.99969641104625,0.5008597672406944,0.38543128932254245,bayes,s-1-2-0,s-3-4-3
64,"[[181071   4926]
 [ 35717  28286]]","(array([0.       , 0.0264843, 1.       ]), array([0.        , 0.44194803, 1.        ]), array([2, 1, 0]))",0.44194803368592095,0.5342212053404375,0.837428,0.8516801156208599,0.70773186777604,5.615053711341186,0.5819266574088361,0.7184621871364636,bayes,s-0-1-0,s-0-1-0
65,"[[37433  1038]
 [ 6425  5104]]","(array([0.        , 0.02698136, 1.        ]), array([0.        , 0.44270969, 1.        ]), array([2, 1, 0]))",0.442709688611328,0.5334489395888042,0.85074,0.8309996743731684,0.7078641630132619,5.15527436434702,0.5776696282044026,0.7069839598858633,bayes,s-0-1-0,s-0-1-1
66,"[[181205   5013]
 [ 35463  28319]]","(array([0.        , 0.02692006, 1.        ]), array([0.        , 0.44399674, 1.        ]), array([2, 1, 0]))",0.4439967388918504,0.5348693685026416,0.838096,0.8496039841593663,0.7085383387292383,5.59198208696929,0.5832114834112486,0.7183552331185633,bayes,s-0-1-0,s-0-1-2
67,"[[316411   8744]
 [ 97587  77258]]","(array([0.        , 0.02689179, 1.        ]), array([0.        , 0.44186565, 1.        ]), array([2, 1, 0]))",0.44186565243501386,0.5243716130025488,0.787338,0.8983279458617242,0.7074869311828313,7.345099249054356,0.5923625726958714,0.7445075965639593,bayes,s-0-1-0,s-0-1-3
68,"[[180887   5007]
 [ 35942  28164]]","(array([0.       , 0.0269347, 1.       ]), array([0.        , 0.43933485, 1.        ]), array([2, 1, 0]))",0.43933485165195146,0.5308390601727799,0.836204,0.849054897350095,0.7062000734638769,5.6573294327181225,0.5790474624011842,0.7155851415214187,bayes,s-0-1-0,s-0-2-0
69,"[[37547  1008]
 [ 6465  4980]]","(array([0.        , 0.02614447, 1.        ]), array([0.        , 0.43512451, 1.        ]), array([2, 1, 0]))",0.4351245085190039,0.529204973279233,0.85054,0.8316633266533067,0.7044900197892646,5.162181639867543,0.571330235759766,0.7034494448682093,bayes,s-0-1-0,s-0-2-1
70,"[[180927   4982]
 [ 35729  28362]]","(array([0.        , 0.02679806, 1.        ]), array([0.        , 0.44252703, 1.        ]), array([2, 1, 0]))",0.4425270318765505,0.5339060186039103,0.837156,0.850587811900192,0.707864487381293,5.624448437630424,0.5821727305383076,0.7181453103556544,bayes,s-0-1-0,s-0-2-2
71,"[[316411   8744]
 [ 97587  77258]]","(array([0.        , 0.02689179, 1.        ]), array([0.        , 0.44186565, 1.        ]), array([2, 1, 0]))",0.44186565243501386,0.5243716130025488,0.787338,0.8983279458617242,0.7074869311828313,7.345099249054356,0.5923625726958714,0.7445075965639593,bayes,s-0-1-0,s-0-2-3
72,"[[134205   3651]
 [ 62756  49388]]","(array([0.        , 0.02648416, 1.        ]), array([0.        , 0.44039806, 1.        ]), array([2, 1, 0]))",0.4403980596376088,0.5035273758373611,0.734372,0.9311638605554403,0.7069569511279966,9.174477773548206,0.5979792109357501,0.7614554424915202,bayes,s-0-1-0,s-0-3-0
73,"[[24707   684]
 [13908 10701]]","(array([0.        , 0.02693868, 1.        ]), array([0.        , 0.43484091, 1.        ]), array([2, 1, 0]))",0.4348409118615141,0.4862934627778134,0.70816,0.9399209486166008,0.7039511164010024,10.07980744158358,0.5945990998499749,0.7627336098875253,bayes,s-0-1-0,s-0-3-1
74,"[[134344   3683]
 [ 62734  49239]]","(array([0.        , 0.02668319, 1.        ]), array([0.        , 0.43973994, 1.        ]), array([2, 1, 0]))",0.4397399373063149,0.502818455724946,0.734332,0.9304070140962171,0.7065283760661998,9.175859426952472,0.5972164104430091,0.760656983695904,bayes,s-0-1-0,s-0-3-2
75,"[[316411   8744]
 [ 97587  77258]]","(array([0.        , 0.02689179, 1.        ]), array([0.        , 0.44186565, 1.        ]), array([2, 1, 0]))",0.44186565243501386,0.5243716130025488,0.787338,0.8983279458617242,0.7074869311828313,7.345099249054355,0.5923625726958714,0.7445075965639593,bayes,s-0-1-0,s-0-3-3
76,"[[134185   3632]
 [ 62965  49218]]","(array([0.        , 0.02635379, 1.        ]), array([0.        , 0.43872958, 1.        ]), array([2, 1, 0]))",0.43872957578242694,0.5023277755231991,0.733612,0.9312771996215705,0.7061878938941013,9.200727182838934,0.5964625256766829,0.760515849102085,bayes,s-0-1-0,s-0-4-0
77,"[[24685   659]
 [13973 10683]]","(array([0.        , 0.02600221, 1.        ]), array([0.        , 0.43328196, 1.        ]), array([2, 1, 0]))",0.43328195976638545,0.4862137046730091,0.70736,0.9418973725974255,0.703639875085213,10.107438062900792,0.5935329740541141,0.762809893750714,bayes,s-0-1-0,s-0-4-1
78,"[[134093   3720]
 [ 62837  49350]]","(array([0.       , 0.0269931, 1.       ]), array([0.        , 0.43989054, 1.        ]), array([2, 1, 0]))",0.4398905399021277,0.5022015713908569,0.733772,0.929903900508762,0.7064487202786817,9.195201260074043,0.5972515536406929,0.7604779530738103,bayes,s-0-1-0,s-0-4-2
79,"[[316411   8744]
 [ 97587  77258]]","(array([0.        , 0.02689179, 1.        ]), array([0.        , 0.44186565, 1.        ]), array([2, 1, 0]))",0.44186565243501386,0.5243716130025488,0.787338,0.8983279458617242,0.7074869311828313,7.345099249054356,0.5923625726958714,0.7445075965639593,bayes,s-0-1-0,s-0-4-3
80,"[[  8767     46]
 [241096     91]]","(array([0.        , 0.00521956, 1.        ]), array([0.       , 0.0003773, 1.       ]), array([2, 1, 0]))",0.00037730060077864895,-0.0381571391144675,0.035432,0.6642335766423357,0.49757886929505624,33.31499861681211,0.0007541728133132221,0.0018822264049475669,bayes,s-0-1-0,s-1-1-0
81,"[[ 1331     5]
 [48646    18]]","(array([0.        , 0.00374251, 1.        ]), array([0.        , 0.00036988, 1.        ]), array([2, 1, 0]))",0.00036988328127568633,-0.025364542747673198,0.02698,0.782608695652174,0.49831368415560795,33.606920287735726,0.0007394170928584632,0.0018459266551809008,bayes,s-0-1-0,s-1-1-1
82,"[[  8907     42]
 [240994     57]]","(array([0.        , 0.00469326, 1.        ]), array([0.        , 0.00023646, 1.        ]), array([2, 1, 0]))",0.00023646448261986053,-0.04161625674634382,0.035856,0.5757575757575758,0.4977716013328285,33.300354162827105,0.0004727348123574539,0.0011803832725194349,bayes,s-0-1-0,s-1-1-2
83,"[[ 70050    459]
 [429366    125]]","(array([0.        , 0.00650981, 1.        ]), array([0.        , 0.00029104, 1.        ]), array([2, 1, 0]))",0.0002910421871471113,-0.06336738897263744,0.14035,0.21404109589041095,0.4968906174642497,29.691259861915402,0.0005812939603557518,0.0014473388648694964,bayes,s-0-1-0,s-1-1-3
84,"[[  8868     45]
 [241001     86]]","(array([0.        , 0.00504881, 1.        ]), array([0.        , 0.00035672, 1.        ]), array([2, 1, 0]))",0.00035671769941971154,-0.0380165854580911,0.035816,0.6564885496183206,0.4976539562916486,33.301735723478075,0.0007130479483288976,0.0017797202941919033,bayes,s-0-1-0,s-1-2-0
85,"[[ 1382     3]
 [48609     6]]","(array([0.        , 0.00216606, 1.        ]), array([0.        , 0.00012342, 1.        ]), array([2, 1, 0]))",0.0001234186979327368,-0.024988260983482495,0.02776,0.6666666666666666,0.4989786768579916,33.5799800101638,0.00024679170779861795,0.0006166368625516433,bayes,s-0-1-0,s-1-2-1
86,"[[  8771     50]
 [241112     67]]","(array([0.        , 0.00566829, 1.        ]), array([0.       , 0.0002778, 1.       ]), array([2, 1, 0]))",0.0002778019645159819,-0.04598281801232752,0.035352,0.5726495726495726,0.49730475519379863,33.31776173171727,0.0005553345268881374,0.0013863197142939907,bayes,s-0-1-0,s-1-2-2
87,"[[ 70062    449]
 [429351    138]]","(array([0.       , 0.0063678, 1.       ]), array([0.        , 0.00032131, 1.        ]), array([2, 1, 0]))",0.00032131207085629666,-0.06145521365094963,0.1404,0.23509369676320271,0.49697675565109095,29.689532907103708,0.0006417470400580363,0.0015978251053059371,bayes,s-0-1-0,s-1-2-3
88,"[[ 67673    327]
 [181960     40]]","(array([0.        , 0.00480882, 1.        ]), array([0.        , 0.00021978, 1.        ]), array([2, 1, 0]))",0.00021978021978021978,-0.053336962174175266,0.270852,0.10899182561307902,0.49770547834518425,25.183880776669774,0.0004386758569258692,0.001090108356770663,bayes,s-0-1-0,s-1-3-0
89,"[[22916   124]
 [26954     6]]","(array([0.        , 0.00538194, 1.        ]), array([0.        , 0.00022255, 1.        ]), array([2, 1, 0]))",0.00022255192878338278,-0.050501978233765066,0.45844,0.046153846153846156,0.49742030374216945,18.70482172742945,0.0004429678848283499,0.001091703056768559,bayes,s-0-1-0,s-1-3-1
90,"[[ 67584    465]
 [181897     54]]","(array([0.        , 0.00683331, 1.        ]), array([0.        , 0.00029678, 1.        ]), array([2, 1, 0]))",0.00029678319987249313,-0.0639194180071531,0.270552,0.10404624277456648,0.49673173595473946,25.19424285096602,0.0005918781169507317,0.0014671760122155991,bayes,s-0-1-0,s-1-3-2
91,"[[ 70042    323]
 [429394    241]]","(array([0.        , 0.00459035, 1.        ]), array([0.        , 0.00056094, 1.        ]), array([2, 1, 0]))",0.0005609412640962678,-0.04174361504760372,0.140566,0.42730496453900707,0.497985295473944,29.683799268723597,0.0011204117164382065,0.0027900558242704757,bayes,s-0-1-0,s-1-3-3
92,"[[ 67312    399]
 [182221     68]]","(array([0.        , 0.00589269, 1.        ]), array([0.        , 0.00037303, 1.        ]), array([2, 1, 0]))",0.0003730340283835009,-0.05680669189893355,0.26952,0.145610278372591,0.49724017151641436,25.229886657111848,0.000744161614392961,0.0018462507534332119,bayes,s-0-1-0,s-1-4-0
93,"[[22980   151]
 [26864     5]]","(array([0.        , 0.00652804, 1.        ]), array([0.        , 0.00018609, 1.        ]), array([2, 1, 0]))",0.00018608805686851017,-0.05669919381548232,0.4597,0.03205128205128205,0.4968290260439113,18.66130330095448,0.0003700277520814061,0.0009093223729676644,bayes,s-0-1-0,s-1-4-1
94,"[[ 67690    407]
 [181867     36]]","(array([0.        , 0.00597677, 1.        ]), array([0.        , 0.00019791, 1.        ]), array([2, 1, 0]))",0.00019790767606911377,-0.06117013085975134,0.270904,0.08126410835214447,0.49711056962140243,25.18208501616841,0.0003948537395939588,0.0009799918334013884,bayes,s-0-1-0,s-1-4-2
95,"[[ 70281    218]
 [429271    230]]","(array([0.        , 0.00309224, 1.        ]), array([0.        , 0.00053551, 1.        ]), array([2, 1, 0]))",0.0005355051559833388,-0.0297392707785053,0.141022,0.5133928571428571,0.4987216313564141,29.66804941877206,0.0010698943363050036,0.002666400799456518,bayes,s-0-1-0,s-1-4-3
96,"[[110755  14574]
 [124661     10]]","(array([0.        , 0.11628594, 1.        ]), array([0.        , 0.00008021, 1.        ]), array([2, 1, 0]))",8.021111565640766e-05,-0.24790181973815917,0.44306,0.0006856829402084476,0.4418971378488382,19.236072738713347,0.00014362141395282034,0.00027321359292267506,bayes,s-0-1-0,s-2-1-0
97,"[[22209  2882]
 [24908     1]]","(array([0.       , 0.1148619, 1.       ]), array([0.        , 0.00004015, 1.        ]), array([2, 1, 0]))",4.014613192018949e-05,-0.2462919297128586,0.4442,0.000346860908775581,0.44258912172882725,19.196698009087235,7.196315486470927e-05,0.00013720808978897394,bayes,s-0-1-0,s-2-1-1
98,"[[110123  14677]
 [125154     46]]","(array([0.        , 0.11760417, 1.        ]), array([0.        , 0.00036741, 1.        ]), array([2, 1, 0]))",0.00036741214057507985,-0.24899197581673413,0.440676,0.003124363241187258,0.4413816227369542,19.31841351107295,0.0006575044846093923,0.0012493753123438282,bayes,s-0-1-0,s-2-1-2
99,"[[222502  27731]
 [249728     39]]","(array([0.        , 0.11082072, 1.        ]), array([0.        , 0.00015615, 1.        ]), array([2, 1, 0]))",0.0001561455276317528,-0.24159263606588732,0.445082,0.0014043932301044293,0.44466771521704945,19.16623306678372,0.0002810436085999344,0.0005403952367623952,bayes,s-0-1-0,s-2-1-3
100,"[[110662  13825]
 [125502     11]]","(array([0.        , 0.11105577, 1.        ]), array([0.        , 0.00008764, 1.        ]), array([2, 1, 0]))",8.764032410985317e-05,-0.24265682367484234,0.442692,0.0007950274645851402,0.44451593371608067,19.248780612832768,0.00015787698512368227,0.00030410766517193145,bayes,s-0-1-0,s-2-2-0
101,"[[22195  2964]
 [24832     9]]","(array([0.        , 0.11781072, 1.        ]), array([0.       , 0.0003623, 1.       ]), array([2, 1, 0]))",0.00036230425506219557,-0.24831749019499438,0.44408,0.0030272452068617556,0.4412757902292045,19.20084397359441,0.0006471561084346012,0.0012250564887158685,bayes,s-0-1-0,s-2-2-1
102,"[[110699  14578]
 [124709     14]]","(array([0.        , 0.11636613, 1.        ]), array([0.        , 0.00011225, 1.        ]), array([2, 1, 0]))",0.00011224874321496436,-0.247941028525462,0.442852,0.0009594298245614035,0.4418730580465838,19.243256816997043,0.00020098338298101426,0.0003823235440300178,bayes,s-0-1-0,s-2-2-2
103,"[[221421  28961]
 [249601     17]]","(array([0.        , 0.11566726, 1.        ]), array([0.       , 0.0000681, 1.       ]), array([2, 1, 0]))",6.810406300827665e-05,-0.2473656353349316,0.442876,0.0005866519428531989,0.44220042181846964,19.242427574520573,0.000122040517451794,0.00023253905288211636,bayes,s-0-1-0,s-2-2-3
104,"[[110312  14486]
 [125188     14]]","(array([0.        , 0.11607558, 1.        ]), array([0.        , 0.00011182, 1.        ]), array([2, 1, 0]))",0.00011181930001118193,-0.24805744901198748,0.441304,0.0009655172413793104,0.4420181205828731,19.29672254860451,0.00020042662238192727,0.0003820918985600594,bayes,s-0-1-0,s-2-3-0
105,"[[22162  2924]
 [24911     3]]","(array([0.        , 0.11655904, 1.        ]), array([0.        , 0.00012041, 1.        ]), array([2, 1, 0]))",0.00012041422493377217,-0.2479917303761253,0.4433,0.0010249402118209772,0.4417806886559573,19.227783579504493,0.00021550950037714162,0.0004095898640161651,bayes,s-0-1-0,s-2-3-1
106,"[[110488  14486]
 [125008     18]]","(array([0.        , 0.11591211, 1.        ]), array([0.        , 0.00014397, 1.        ]), array([2, 1, 0]))",0.00014397005422872044,-0.2476072718462703,0.442024,0.0012410369553226695,0.4421159301677036,19.271854629600174,0.0002580090303160611,0.000491690431704199,bayes,s-0-1-0,s-2-3-2
107,"[[222129  27680]
 [250157     34]]","(array([0.        , 0.11080465, 1.        ]), array([0.       , 0.0001359, 1.       ]), array([2, 1, 0]))",0.00013589617532205395,-0.2418314489235841,0.444326,0.0012268167713069206,0.44466562070954413,19.19234430017933,0.00024468793292671954,0.0004708528252554377,bayes,s-0-1-0,s-2-3-3
108,"[[111314  13648]
 [125026     12]]","(array([0.       , 0.1092172, 1.       ]), array([0.        , 0.00009597, 1.        ]), array([2, 1, 0]))",9.597082486923976e-05,-0.24006303098902057,0.445304,0.0008784773060029283,0.4454393843977262,19.158564762774276,0.00017303782318418435,0.00033393069824909,bayes,s-0-1-0,s-2-4-0
109,"[[22105  2870]
 [25022     3]]","(array([0.        , 0.11491491, 1.        ]), array([0.        , 0.00011988, 1.        ]), array([2, 1, 0]))",0.00011988011988011988,-0.24663811092594481,0.44216,0.0010442046641141664,0.4426024826024826,19.267156921029464,0.00021506918058642198,0.00041076758769888,bayes,s-0-1-0,s-2-4-1
110,"[[111215  13845]
 [124920     20]]","(array([0.        , 0.11070686, 1.        ]), array([0.        , 0.00016008, 1.        ]), array([2, 1, 0]))",0.00016007683688170322,-0.24149934471077936,0.44494,0.00144248106743599,0.44472660806501046,19.171137507464802,0.00028817405713050685,0.0005543237250554325,bayes,s-0-1-0,s-2-4-2
111,"[[220629  29013]
 [250321     37]]","(array([0.        , 0.11621842, 1.        ]), array([0.        , 0.00014779, 1.        ]), array([2, 1, 0]))",0.0001477883670583724,-0.24808554486972717,0.441332,0.0012736660929432014,0.44196468179138365,19.29575552843244,0.00026484567371013,0.0005046950277991477,bayes,s-0-1-0,s-2-4-3
112,"[[170083  21787]
 [ 58088     42]]","(array([0.        , 0.11355084, 1.        ]), array([0.        , 0.00072252, 1.        ]), array([2, 1, 0]))",0.0007225184930328574,-0.16883974592202594,0.6805,0.001924045993861377,0.4435858383886439,11.035208741490807,0.001050538400930477,0.0014438348252959862,bayes,s-0-1-0,s-3-1-0
113,"[[35208  4430]
 [10359     3]]","(array([0.        , 0.11176144, 1.        ]), array([0.        , 0.00028952, 1.        ]), array([2, 1, 0]))",0.00028951939779965256,-0.15895312279581086,0.70422,0.0006767426122264832,0.44426403917818735,10.215950126418996,0.0004055424129773572,0.0005339218338435253,bayes,s-0-1-0,s-3-1-1
114,"[[170007  22101]
 [ 57858     34]]","(array([0.        , 0.11504466, 1.        ]), array([0.       , 0.0005873, 1.       ]), array([2, 1, 0]))",0.0005873004905686451,-0.16996017092904023,0.680164,0.0015360289134854304,0.4427713190565779,11.046814774653873,0.0008497132217876466,0.0011609484265734267,bayes,s-0-1-0,s-3-1-2
115,"[[296165  37040]
 [166771     24]]","(array([0.       , 0.1111628, 1.       ]), array([0.        , 0.00014389, 1.        ]), array([2, 1, 0]))",0.00014388920531190983,-0.19980557452781908,0.592378,0.0006475285991797971,0.4444905457641031,14.07882434582392,0.00023545685988845232,0.0003808907129321919,bayes,s-0-1-0,s-3-1-3
116,"[[169748  21908]
 [ 58288     56]]","(array([0.        , 0.11430897, 1.        ]), array([0.        , 0.00095982, 1.        ]), array([2, 1, 0]))",0.0009598244892362539,-0.16936362356732093,0.679216,0.002549626661810235,0.4433254271254462,11.079556917387032,0.0013946306719131343,0.0019151846785225716,bayes,s-0-1-0,s-3-2-0
117,"[[35158  4497]
 [10336     9]]","(array([0.       , 0.1134031, 1.       ]), array([0.        , 0.00086999, 1.        ]), array([2, 1, 0]))",0.0008699855002416626,-0.1591922476902166,0.70334,0.0019973368841544607,0.44373344187381264,10.246345321107075,0.001212039593293381,0.0015862384997708768,bayes,s-0-1-0,s-3-2-1
118,"[[170489  21278]
 [ 58228      5]]","(array([0.        , 0.11095757, 1.        ]), array([0.        , 0.00008586, 1.        ]), array([2, 1, 0]))",8.58619682997613e-05,-0.16792934932381334,0.681976,0.00023492928628482827,0.4445641468346351,10.984227879551554,0.00012576085316162784,0.00017438007881979563,bayes,s-0-1-0,s-3-2-2
119,"[[294865  38367]
 [166689     79]]","(array([0.      , 0.115136, 1.      ]), array([0.        , 0.00047371, 1.        ]), array([2, 1, 0]))",0.0004737119831142665,-0.20291468509979466,0.589888,0.002054830151381158,0.44266885531935274,14.164828021178817,0.000769927977623359,0.0012322493698370312,bayes,s-0-1-0,s-3-2-3
120,"[[123627  15934]
 [110385     54]]","(array([0.       , 0.1141723, 1.       ]), array([0.        , 0.00048896, 1.        ]), array([2, 1, 0]))",0.0004889577051585038,-0.23074056867823758,0.494724,0.0033775331498623966,0.44315833014341266,17.451665744856705,0.000854247905906175,0.0015482450355809646,bayes,s-0-1-0,s-3-3-0
121,"[[22675  2925]
 [24399     1]]","(array([0.        , 0.11425781, 1.        ]), array([0.        , 0.00004098, 1.        ]), array([2, 1, 0]))",4.098360655737705e-05,-0.24323007947324604,0.45352,0.0003417634996582365,0.4428915855532787,18.874797300740454,7.319036814755179e-05,0.00013848881010414358,bayes,s-0-1-0,s-3-3-1
122,"[[123680  15908]
 [110394     18]]","(array([0.        , 0.11396395, 1.        ]), array([0.        , 0.00016303, 1.        ]), array([2, 1, 0]))",0.00016302575806977502,-0.23139183489948986,0.494792,0.0011302273012683663,0.44309953735105256,17.44931702490371,0.00028494989630989886,0.0005168967814560408,bayes,s-0-1-0,s-3-3-2
123,"[[294390  38512]
 [167067     31]]","(array([0.       , 0.1156857, 1.       ]), array([0.        , 0.00018552, 1.        ]), array([2, 1, 0]))",0.00018551987456462676,-0.2042622459001152,0.588842,0.0008042965000129726,0.44224991129113417,14.200955813171152,0.00030149629694467545,0.0004824602359386186,bayes,s-0-1-0,s-3-3-3
124,"[[123193  16137]
 [110635     35]]","(array([0.        , 0.11581856, 1.        ]), array([0.        , 0.00031626, 1.        ]), array([2, 1, 0]))",0.00031625553447185326,-0.23323718966556506,0.492912,0.0021642344793470197,0.4422488476409171,17.514250656957394,0.0005518676778984879,0.0009979584621174968,bayes,s-0-1-0,s-3-4-0
125,"[[22638  2940]
 [24418     4]]","(array([0.        , 0.11494253, 1.        ]), array([0.        , 0.00016379, 1.        ]), array([2, 1, 0]))",0.00016378674965195316,-0.24372998343678248,0.45284,0.001358695652173913,0.4426106290070099,18.89828390856822,0.00029233355258349777,0.0005525167136305873,bayes,s-0-1-0,s-3-4-1
126,"[[124212  15436]
 [110346      6]]","(array([0.        , 0.11053506, 1.        ]), array([0.        , 0.00005437, 1.        ]), array([2, 1, 0]))",5.437146585471944e-05,-0.2278856277065293,0.496872,0.00038855070586711566,0.4447596559437431,17.37747486036235,9.539405695025201e-05,0.00017429700209156402,bayes,s-0-1-0,s-3-4-2
127,"[[295888  37062]
 [166972     78]]","(array([0.        , 0.11131401, 1.        ]), array([0.        , 0.00046693, 1.        ]), array([2, 1, 0]))",0.0004669260700389105,-0.19938443468953734,0.591932,0.00210016155088853,0.4445764574786296,14.094228675278329,0.0007639943190166021,0.001235702290801939,bayes,s-0-1-0,s-3-4-3
128,"[[185494    503]
 [ 60122   3881]]","(array([0.        , 0.00270434, 1.        ]), array([0.        , 0.06063778, 1.        ]), array([2, 1, 0]))",0.06063778260394044,0.19262774326215823,0.7575,0.8852645985401459,0.5289667189551044,8.375654884555871,0.11350110401099624,0.23798427746231865,bayes,s-3-1-0,s-0-1-0
129,"[[38066   405]
 [10743   786]]","(array([0.        , 0.01052741, 1.        ]), array([0.       , 0.0681759, 1.       ]), array([2, 1, 0]))",0.06817590424147801,0.15923725696569074,0.77704,0.6599496221662469,0.5288242469922007,7.700772061748471,0.12358490566037736,0.24120788068495672,bayes,s-3-1-0,s-0-1-1
130,"[[184119   2099]
 [ 58852   4930]]","(array([0.        , 0.01127174, 1.        ]), array([0.        , 0.07729453, 1.        ]), array([2, 1, 0]))",0.07729453450816845,0.17411245411573484,0.756196,0.701379997154645,0.5330113996150804,8.420698553604826,0.13924390278346585,0.2682321704498466,bayes,s-3-1-0,s-0-1-2
131,"[[323678   1477]
 [173663   1182]]","(array([0.        , 0.00454245, 1.        ]), array([0.        , 0.00676027, 1.        ]), array([2, 1, 0]))",0.006760273384998141,0.014541616391381811,0.64972,0.44452801805189923,0.5011089121995649,12.09824495762012,0.013318009734991887,0.0318631018810552,bayes,s-3-1-0,s-0-1-3
132,"[[183817   2077]
 [ 59634   4472]]","(array([0.        , 0.01117303, 1.        ]), array([0.        , 0.06975946, 1.        ]), array([2, 1, 0]))",0.06975946089289614,0.16017169088701838,0.753156,0.682852343869293,0.5292932133990985,8.52569636348078,0.1265869365225391,0.24761356337622645,bayes,s-3-1-0,s-0-2-0
133,"[[38108   447]
 [10624   821]]","(array([0.        , 0.01159383, 1.        ]), array([0.        , 0.07173438, 1.        ]), array([2, 1, 0]))",0.07173438182612495,0.1607122339837248,0.77858,0.6474763406940063,0.5300702774128679,7.64758301776215,0.1291591284511917,0.2485318157050312,bayes,s-3-1-0,s-0-2-1
134,"[[185367    542]
 [ 60177   3914]]","(array([0.       , 0.0029154, 1.       ]), array([0.        , 0.06106942, 1.        ]), array([2, 1, 0]))",0.061069416922812876,0.19190715156692767,0.757124,0.8783662477558348,0.5290770060371022,8.388641589217556,0.11419901673304447,0.238906183238723,bayes,s-3-1-0,s-0-2-2
135,"[[323678   1477]
 [173663   1182]]","(array([0.        , 0.00454245, 1.        ]), array([0.        , 0.00676027, 1.        ]), array([2, 1, 0]))",0.006760273384998141,0.014541616391381811,0.64972,0.44452801805189923,0.5011089121995649,12.098244957620121,0.013318009734991887,0.0318631018810552,bayes,s-3-1-0,s-0-2-3
136,"[[136378   1478]
 [104879   7265]]","(array([0.        , 0.01072133, 1.        ]), array([0.        , 0.06478278, 1.        ]), array([2, 1, 0]))",0.064782779283778,0.14635862536568484,0.574572,0.8309504746654467,0.5270307234394749,14.693767291354067,0.1201948927510816,0.2469139998368634,bayes,s-3-1-0,s-0-3-0
137,"[[17757  7634]
 [18108  6501]]","(array([0.        , 0.30065771, 1.        ]), array([0.        , 0.26417164, 1.        ]), array([2, 1, 0]))",0.26417164452029746,-0.04050705177815262,0.48516,0.4599221789883268,0.48175696557864744,17.78206572169146,0.33558744579805905,0.40055946468841264,bayes,s-3-1-0,s-0-3-1
138,"[[137979     48]
 [111911     62]]","(array([0.        , 0.00034776, 1.        ]), array([0.       , 0.0005537, 1.       ]), array([2, 1, 0]))",0.0005537049110053316,0.004883408815360888,0.552164,0.5636363636363636,0.5001029734318334,15.467707619113924,0.0011063229927821346,0.0027576881677386068,bayes,s-3-1-0,s-0-3-2
139,"[[323678   1477]
 [173663   1182]]","(array([0.        , 0.00454245, 1.        ]), array([0.        , 0.00676027, 1.        ]), array([2, 1, 0]))",0.006760273384998141,0.014541616391381811,0.64972,0.44452801805189923,0.5011089121995649,12.098244957620125,0.013318009734991887,0.0318631018810552,bayes,s-3-1-0,s-0-3-3
140,"[[137758     59]
 [112087     96]]","(array([0.       , 0.0004281, 1.       ]), array([0.        , 0.00085574, 1.        ]), array([2, 1, 0]))",0.0008557446315395381,0.008544620303794338,0.551416,0.6193548387096774,0.5002138203483056,15.493542659039601,0.001709127810714095,0.0042552059785644,bayes,s-3-1-0,s-0-4-0
141,"[[17650  7694]
 [ 8957 15699]]","(array([0.       , 0.3035827, 1.       ]), array([0.        , 0.63672128, 1.        ]), array([2, 1, 0]))",0.6367212848799481,0.33379736911293495,0.66698,0.6710981917667679,0.6665692914298731,11.502226357085714,0.6534579283647943,0.6639290185066143,bayes,s-3-1-0,s-0-4-1
142,"[[136570   1243]
 [104749   7438]]","(array([0.        , 0.00901947, 1.        ]), array([0.        , 0.06630002, 1.        ]), array([2, 1, 0]))",0.06630001693600863,0.1556119311393826,0.576032,0.8568137311369658,0.5286402742629583,14.643339926195916,0.12307641393917332,0.2531464628244311,bayes,s-3-1-0,s-0-4-2
143,"[[323678   1477]
 [173663   1182]]","(array([0.        , 0.00454245, 1.        ]), array([0.        , 0.00676027, 1.        ]), array([2, 1, 0]))",0.006760273384998141,0.014541616391381811,0.64972,0.44452801805189923,0.5011089121995649,12.098244957620125,0.013318009734991887,0.0318631018810552,bayes,s-3-1-0,s-0-4-3
144,"[[    58   8755]
 [  2893 238294]]","(array([0.        , 0.99341881, 1.        ]), array([0.        , 0.98800516, 1.        ]), array([2, 1, 0]))",0.9880051578235974,-0.00924385825074984,0.953408,0.9645616861432348,0.49729317235330556,1.609258671693685,0.9761426850949131,0.9691609530959838,bayes,s-3-1-0,s-1-1-0
145,"[[    8  1328]
 [ 1395 47269]]","(array([0.        , 0.99401198, 1.        ]), array([0.        , 0.97133405, 1.        ]), array([2, 1, 0]))",0.9713340457011344,-0.022145066168740107,0.94554,0.9726732102804699,0.4886610348266151,1.8810029997745825,0.9720031667369243,0.9724050820400574,bayes,s-3-1-0,s-1-1-1
146,"[[   766   8183]
 [ 37005 204046]]","(array([0.        , 0.91440384, 1.        ]), array([0.        , 0.84648477, 1.        ]), array([2, 1, 0]))",0.8464847687833695,-0.03523318314772551,0.819248,0.9614425926711241,0.4660404623892264,6.24297908335598,0.9003088598658665,0.9360191638829433,bayes,s-3-1-0,s-1-1-2
147,"[[ 70320    189]
 [429471     20]]","(array([0.        , 0.00268051, 1.        ]), array([0.        , 0.00004657, 1.        ]), array([2, 1, 0]))",4.656674994353781e-05,-0.0448474939770359,0.14068,0.09569377990430622,0.49868302893936783,29.679861633922474,9.308820107051431e-05,0.00023238142157010829,bayes,s-3-1-0,s-1-1-3
148,"[[    48   8865]
 [  3087 238000]]","(array([0.        , 0.99461461, 1.        ]), array([0.        , 0.98719549, 1.        ]), array([2, 1, 0]))",0.9871954937429227,-0.012362387964437789,0.952192,0.964089684645454,0.49629044293339336,1.6512581756127658,0.9755057874545038,0.9686239110103236,bayes,s-3-1-0,s-1-2-0
149,"[[ 1384     1]
 [48608     7]]","(array([0.        , 0.00072202, 1.        ]), array([0.        , 0.00014399, 1.        ]), array([2, 1, 0]))",0.00014398848092152627,-0.007500108575757196,0.02782,0.875,0.49971098341013587,33.577907651596206,0.0002879295806511322,0.0007194688264435627,bayes,s-3-1-0,s-1-2-1
150,"[[    50   8771]
 [  6700 234479]]","(array([0.        , 0.99433171, 1.        ]), array([0.       , 0.9722198, 1.       ]), array([2, 1, 0]))",0.9722198035484018,-0.025169610945474683,0.938116,0.9639424460431655,0.48894404756266024,2.1374256914988936,0.968063431380037,0.9655866227302565,bayes,s-3-1-0,s-1-2-2
151,"[[ 70120    391]
 [429382    107]]","(array([0.        , 0.00554523, 1.        ]), array([0.        , 0.00024913, 1.        ]), array([2, 1, 0]))",0.0002491332723306068,-0.058435587571462555,0.140454,0.21485943775100402,0.4973519495976891,29.68766772042508,0.0004976894650303381,0.0012399155466868762,bayes,s-3-1-0,s-1-2-3
152,"[[ 67825    175]
 [181995      5]]","(array([0.        , 0.00257353, 1.        ]), array([0.        , 0.00002747, 1.        ]), array([2, 1, 0]))",2.7472527472527473e-05,-0.04223849138326767,0.27132,0.027777777777777776,0.4987269715578539,25.167716143161705,5.4890767372927874e-05,0.0001368213660245184,bayes,s-3-1-0,s-1-3-0
153,"[[ 1568 21472]
 [ 1066 25894]]","(array([0.        , 0.93194444, 1.        ]), array([0.        , 0.96045994, 1.        ]), array([2, 1, 0]))",0.960459940652819,0.06362691607364038,0.54924,0.5466790524849048,0.5142577481041873,15.569042226890362,0.6967682910421655,0.5982238568735444,bayes,s-3-1-0,s-1-3-1
154,"[[ 67853    196]
 [181944      7]]","(array([0.        , 0.00288028, 1.        ]), array([0.        , 0.00003847, 1.        ]), array([2, 1, 0]))",3.847189627976763e-05,-0.04440591540728619,0.27144,0.034482758620689655,0.49857909722457305,25.163571557160502,7.685804319422028e-05,0.00019150484507258038,bayes,s-3-1-0,s-1-3-2
155,"[[ 70162    203]
 [429503    132]]","(array([0.        , 0.00288496, 1.        ]), array([0.        , 0.00030724, 1.        ]), array([2, 1, 0]))",0.0003072375388411093,-0.03464192017488927,0.140588,0.3940298507462687,0.498711140264482,29.683039223739527,0.0006139963253250227,0.0015314113347641974,bayes,s-3-1-0,s-1-3-3
156,"[[ 67546    165]
 [182283      6]]","(array([0.        , 0.00243683, 1.        ]), array([0.        , 0.00003291, 1.        ]), array([2, 1, 0]))",3.2914767210308904e-05,-0.040861000026176444,0.270208,0.03508771929824561,0.4987980438318927,25.206123230528963,6.576783952647154e-05,0.0001639586168451083,bayes,s-3-1-0,s-1-4-0
157,"[[ 1910 21221]
 [ 6109 20760]]","(array([0.        , 0.91742683, 1.        ]), array([0.        , 0.77263761, 1.        ]), array([2, 1, 0]))",0.7726376121180543,-0.1967309463509756,0.4534,0.4945094209285153,0.42760539116127083,18.8792345425995,0.6030501089324619,0.5328733578722028,bayes,s-3-1-0,s-1-4-1
158,"[[   385  67712]
 [  2591 179312]]","(array([0.       , 0.9943463, 1.       ]), array([0.        , 0.98575614, 1.        ]), array([2, 1, 0]))",0.9857561447584702,-0.035261347227181036,0.718788,0.7258889824470497,0.49570492231388713,9.712934956930393,0.8360956526401929,0.7662912532403875,bayes,s-3-1-0,s-1-4-2
159,"[[ 70124    375]
 [366455  63046]]","(array([0.        , 0.00531922, 1.        ]), array([0.        , 0.14678895, 1.        ]), array([2, 1, 0]))",0.14678894810489382,0.14794119069177541,0.26634,0.9940871320225162,0.5707348618593662,25.33971928958823,0.2558051781012006,0.46141235536494507,bayes,s-3-1-0,s-1-4-3
160,"[[ 50646  74683]
 [   134 124537]]","(array([0.       , 0.5958956, 1.       ]), array([0.        , 0.99892517, 1.        ]), array([2, 1, 0]))",0.9989251710502042,0.5008787442019181,0.700732,0.62512297962052,0.701514784138352,10.336589399491645,0.7690056222618104,0.6756923924991671,bayes,s-3-1-0,s-2-1-0
161,"[[ 8198 16893]
 [   34 24875]]","(array([0.       , 0.6732693, 1.       ]), array([0.        , 0.99863503, 1.        ]), array([2, 1, 0]))",0.9986350315147136,0.4386664506758276,0.66146,0.5955516184638958,0.6626828658828998,11.69302751272083,0.7461343491758778,0.6478505685458457,bayes,s-3-1-0,s-2-1-1
162,"[[124632    168]
 [125165     35]]","(array([0.        , 0.00134615, 1.        ]), array([0.        , 0.00027955, 1.        ]), array([2, 1, 0]))",0.0002795527156549521,-0.01872275993032292,0.498668,0.1724137931034483,0.4994666994347505,17.315394384942838,0.0005582003620328063,0.0013887566263530457,bayes,s-3-1-0,s-2-1-2
163,"[[147176 103057]
 [ 11027 238740]]","(array([0.        , 0.41184416, 1.        ]), array([0.        , 0.95585085, 1.        ]), array([2, 1, 0]))",0.9558508529949913,0.584860890718895,0.771832,0.6984847731255687,0.7720033458766342,7.8808083406987075,0.8071485080228006,0.7382394686308523,bayes,s-3-1-0,s-2-1-3
164,"[[ 50701  73786]
 [   176 125337]]","(array([0.        , 0.59272053, 1.        ]), array([0.        , 0.99859775, 1.        ]), array([2, 1, 0]))",0.9985977548142424,0.5040569210860182,0.704152,0.6294451168373317,0.7029386148897498,10.21846391526547,0.7721694451631981,0.6796980493598191,bayes,s-3-1-0,s-2-2-0
165,"[[22199  2960]
 [24832     9]]","(array([0.        , 0.11765173, 1.        ]), array([0.       , 0.0003623, 1.       ]), array([2, 1, 0]))",0.00036230425506219557,-0.24813778317845028,0.44416,0.0030313236780060626,0.4413552846447218,19.19808080751502,0.0006472491909385113,0.0012255903260070269,bayes,s-3-1-0,s-2-2-1
166,"[[ 59500  65777]
 [  1529 123194]]","(array([0.        , 0.52505248, 1.        ]), array([0.        , 0.98774083, 1.        ]), array([2, 1, 0]))",0.9877408336874514,0.5385571594568981,0.730776,0.6519201358938673,0.7313441749956611,9.298877916624097,0.7854405885990806,0.6994834245015086,bayes,s-3-1-0,s-2-2-2
167,"[[250007    375]
 [249552     66]]","(array([0.        , 0.00149771, 1.        ]), array([0.       , 0.0002644, 1.       ]), array([2, 1, 0]))",0.00026440400932625053,-0.020772950264409503,0.500146,0.14965986394557823,0.4993833462562467,17.264346135799755,0.0005278754214005495,0.0013127431558345466,bayes,s-3-1-0,s-2-2-3
168,"[[124591    207]
 [125163     39]]","(array([0.        , 0.00165868, 1.        ]), array([0.       , 0.0003115, 1.       ]), array([2, 1, 0]))",0.0003114966214597211,-0.021483870202128517,0.49852,0.15853658536585366,0.49932640809694434,17.32050624858648,0.0006217715706906448,0.0015453378346250777,bayes,s-3-1-0,s-2-3-0
169,"[[11929 13157]
 [  160 24754]]","(array([0.       , 0.5244758, 1.       ]), array([0.        , 0.99357791, 1.        ]), array([2, 1, 0]))",0.9935779080035322,0.5478062863232073,0.73366,0.6529503310384849,0.7345510523833335,9.199268111088294,0.7880302427377637,0.7010160966934378,bayes,s-3-1-0,s-2-3-1
170,"[[124794    180]
 [124970     56]]","(array([0.       , 0.0014403, 1.       ]), array([0.        , 0.00044791, 1.        ]), array([2, 1, 0]))",0.00044790683537824133,-0.016157444138530628,0.4994,0.23728813559322035,0.4995038036265325,17.290112039002437,0.000894125912088263,0.0022227514487576407,bayes,s-3-1-0,s-2-3-2
171,"[[248154   1655]
 [136964 113227]]","(array([0.        , 0.00662506, 1.        ]), array([0.        , 0.45256224, 1.        ]), array([2, 1, 0]))",0.4525622424467707,0.5300180541428386,0.722762,0.9855939137549834,0.7229685904498743,9.575463936839743,0.6202978582365719,0.797688944497752,bayes,s-3-1-0,s-2-3-3
172,"[[ 51984  72978]
 [   194 124844]]","(array([0.        , 0.58400154, 1.        ]), array([0.        , 0.99844847, 1.        ]), array([2, 1, 0]))",0.9984484716646139,0.5099151518473638,0.707312,0.6310925983965383,0.707223467598764,10.10931879755866,0.7733630675834727,0.6812204390140628,bayes,s-3-1-0,s-2-4-0
173,"[[11936 13039]
 [ 1422 23603]]","(array([0.        , 0.52208208, 1.        ]), array([0.        , 0.94317682, 1.        ]), array([2, 1, 0]))",0.9431768231768232,0.4758382005215481,0.71078,0.6441515201135309,0.7105473705473706,9.989513427953915,0.7654985648726224,0.687761155758102,bayes,s-3-1-0,s-2-4-1
174,"[[ 73583  51477]
 [  5392 119548]]","(array([0.        , 0.41161842, 1.        ]), array([0.        , 0.95684328, 1.        ]), array([2, 1, 0]))",0.9568432847766928,0.5864230023205004,0.772524,0.6990089168250255,0.772612430809904,7.856907342716359,0.8078522798303853,0.7388262632255512,bayes,s-3-1-0,s-2-4-2
175,"[[104442 145200]
 [   307 250051]]","(array([0.       , 0.5816329, 1.       ]), array([0.        , 0.99877376, 1.        ]), array([2, 1, 0]))",0.9987737559814346,0.5125200521104972,0.708986,0.6326385005983539,0.708570428835527,10.051499676882266,0.7746205520678924,0.6826913521193515,bayes,s-3-1-0,s-2-4-3
176,"[[ 61793 130077]
 [    60  58070]]","(array([0.       , 0.6779434, 1.       ]), array([0.        , 0.99896783, 1.        ]), array([2, 1, 0]))",0.9989678307242388,0.3142771105419413,0.479452,0.30864164722265036,0.6605122157738565,17.97950701175768,0.4715828112247591,0.3581393283484516,bayes,s-3-1-0,s-3-1-0
177,"[[38429  1209]
 [10358     4]]","(array([0.        , 0.03050103, 1.        ]), array([0.        , 0.00038603, 1.        ]), array([2, 1, 0]))",0.0003860258637328701,-0.07933744195077753,0.76866,0.0032976092333058533,0.4849424957513831,7.9902198654645,0.0006911447084233261,0.0013145786775338503,bayes,s-3-1-0,s-3-1-1
178,"[[112964  79144]
 [  2474  55418]]","(array([0.       , 0.4119766, 1.       ]), array([0.        , 0.95726525, 1.        ]), array([2, 1, 0]))",0.9572652525392109,0.46139496537775215,0.673528,0.4118398953642187,0.7726443280207038,11.27619654055534,0.5759090483959802,0.464806924547925,bayes,s-3-1-0,s-3-1-2
179,"[[105150 228055]
 [   194 166601]]","(array([0.       , 0.6844285, 1.       ]), array([0.       , 0.9988369, 1.       ]), array([2, 1, 0]))",0.9988368955903953,0.363519020000964,0.543502,0.42214232141409225,0.6572041953079901,15.76724705110782,0.5934658589974904,0.4772521669581916,bayes,s-3-1-0,s-3-1-3
180,"[[ 75912 115744]
 [    56  58288]]","(array([0.        , 0.60391535, 1.        ]), array([0.        , 0.99904018, 1.        ]), array([2, 1, 0]))",0.9990401755107637,0.36338226453727707,0.5368,0.3349269099935644,0.6975624135891674,15.99873142054247,0.5016697077150825,0.3862833875876109,bayes,s-3-1-0,s-3-2-0
181,"[[12098 27557]
 [   14 10331]]","(array([0.        , 0.69491867, 1.        ]), array([0.        , 0.99864669, 1.        ]), array([2, 1, 0]))",0.9986466892218463,0.28717081846722026,0.44858,0.27267208614864863,0.6518640078311979,19.045812769809327,0.42837891070428963,0.3190608843894575,bayes,s-3-1-0,s-3-2-1
182,"[[ 61952 129815]
 [    48  58185]]","(array([0.        , 0.67694129, 1.        ]), array([0.        , 0.99917573, 1.        ]), array([2, 1, 0]))",0.9991757251043223,0.31540509255518645,0.480548,0.30949468085106385,0.661117218489314,17.941651674850746,0.47260115419135534,0.3590633805337478,bayes,s-3-1-0,s-3-2-2
183,"[[156386 176846]
 [   175 166593]]","(array([0.        , 0.53069933, 1.        ]), array([0.        , 0.99895064, 1.        ]), array([2, 1, 0]))",0.9989506380120886,0.47603853290255854,0.645958,0.4850730406273021,0.7341256527074895,12.228460283621247,0.6530408246064833,0.5407023843834955,bayes,s-3-1-0,s-3-2-3
184,"[[ 58324  81237]
 [   126 110313]]","(array([0.        , 0.58208955, 1.        ]), array([0.       , 0.9988591, 1.       ]), array([2, 1, 0]))",0.9988590986879635,0.48899668000521745,0.674548,0.5758966327329679,0.7083847732245787,11.240973682862219,0.7305762792684501,0.6291814532549888,bayes,s-3-1-0,s-3-3-0
185,"[[12193 13407]
 [ 1301 23099]]","(array([0.        , 0.52371094, 1.        ]), array([0.        , 0.94668033, 1.        ]), array([2, 1, 0]))",0.9466803278688525,0.4762898839223563,0.70584,0.6327453021421137,0.7114846951844263,10.16014086838186,0.7585131185761665,0.6776921090926161,bayes,s-3-1-0,s-3-3-1
186,"[[ 73735  65853]
 [  1359 109053]]","(array([0.        , 0.47176691, 1.        ]), array([0.        , 0.98769156, 1.        ]), array([2, 1, 0]))",0.9876915552657319,0.5588734501435353,0.731152,0.6234949058351343,0.7579623206021756,9.285891579777232,0.7644312661661724,0.6731367494778011,bayes,s-3-1-0,s-3-3-2
187,"[[332179    723]
 [124995  42103]]","(array([0.        , 0.00217181, 1.        ]), array([0.        , 0.25196591, 1.        ]), array([2, 1, 0]))",0.25196591221917675,0.421047884459398,0.748564,0.9831177322187457,0.6248970509483096,8.684292937848646,0.40112612183456864,0.6220855668701721,bayes,s-3-1-0,s-3-3-3
188,"[[ 77304  62026]
 [  3588 107082]]","(array([0.        , 0.44517333, 1.        ]), array([0.        , 0.96757929, 1.        ]), array([2, 1, 0]))",0.9675792897804283,0.5546391652717317,0.737544,0.6332166426189181,0.7612029801374689,9.065107480823498,0.7654783435438097,0.680229500115614,bayes,s-3-1-0,s-3-4-0
189,"[[25524    54]
 [24422     0]]","(array([0.        , 0.00211119, 1.        ]), array([0., 0., 1.]), array([2, 1, 0]))",0.0,-0.03212949099868704,0.51048,0.0,0.4989444053483462,16.9074226844019,0.0,0.0,bayes,s-3-1-0,s-3-4-1
190,"[[ 45027  94621]
 [   161 110191]]","(array([0.        , 0.67756788, 1.        ]), array([0.        , 0.99854103, 1.        ]), array([2, 1, 0]))",0.9985410323328984,0.4141778849193782,0.620872,0.5380104681366327,0.6604865736824896,13.09491985188347,0.6992613369547285,0.5926796471600688,bayes,s-3-1-0,s-3-4-2
191,"[[106880 226070]
 [   206 166844]]","(array([0.        , 0.67899084, 1.        ]), array([0.        , 0.99876684, 1.        ]), array([2, 1, 0]))",0.9987668362765639,0.3676575687282645,0.547448,0.424632362298111,0.6598879984055894,15.630953865051703,0.5959097370545249,0.4797935936265246,bayes,s-3-1-0,s-3-4-3
192,"[[    76 185921]
 [    24  63979]]","(array([0.        , 0.99959139, 1.        ]), array([0.        , 0.99962502, 1.        ]), array([2, 1, 0]))",0.999625017577301,0.0007339210207384083,0.25622,0.2560184073629452,0.5000168131591511,25.689845754821945,0.4076354797501139,0.3007654171716327,bayes,s-2-2-0,s-0-1-0
193,"[[   13 38458]
 [   25 11504]]","(array([0.        , 0.99966208, 1.        ]), array([0.        , 0.99783156, 1.        ]), array([2, 1, 0]))",0.9978315552086043,-0.027978679184303877,0.23034,0.2302549937952844,0.49908473604052683,26.583729658466364,0.3741685775154088,0.27212042937500297,bayes,s-2-2-0,s-0-1-1
194,"[[    74 186144]
 [    69  63713]]","(array([0.        , 0.99960262, 1.        ]), array([0.        , 0.99891819, 1.        ]), array([2, 1, 0]))",0.998918190084977,-0.012478797710131315,0.255148,0.2549978587752194,0.4996577868982704,25.72687203635819,0.4062823819741805,0.29962566191062906,bayes,s-2-2-0,s-0-1-2
195,"[[   138 325017]
 [   623 174222]]","(array([0.        , 0.99957559, 1.        ]), array([0.        , 0.99643684, 1.        ]), array([2, 1, 0]))",0.9964368440618834,-0.03839555934747266,0.34872,0.3489751401633286,0.4984306285170791,22.494934055993372,0.5169148058698916,0.4011002849708606,bayes,s-2-2-0,s-0-1-3
196,"[[    71 185823]
 [    38  64068]]","(array([0.        , 0.99961806, 1.        ]), array([0.        , 0.99940723, 1.        ]), array([2, 1, 0]))",0.999407231772377,-0.004409873726236346,0.256556,0.25638378332953166,0.49989458493306466,25.678240412511062,0.40808033197769406,0.3011648349582107,bayes,s-2-2-0,s-0-2-0
197,"[[   20 38535]
 [    4 11441]]","(array([0.        , 0.99948126, 1.        ]), array([0.       , 0.9996505, 1.       ]), array([2, 1, 0]))",0.999650502402796,0.0032461582640742905,0.22922,0.2289298863454458,0.5000846209329503,26.62241431940871,0.37254359258234154,0.2706660547246497,bayes,s-2-2-0,s-0-2-1
198,"[[    77 185832]
 [    44  64047]]","(array([0.        , 0.99958582, 1.        ]), array([0.        , 0.99931348, 1.        ]), array([2, 1, 0]))",0.9993134761510977,-0.00540638454367483,0.256496,0.2563120550346368,0.4998638286413633,25.680312767880263,0.40798165429818134,0.30108395300143753,bayes,s-2-2-0,s-0-2-2
199,"[[   138 325017]
 [   623 174222]]","(array([0.        , 0.99957559, 1.        ]), array([0.        , 0.99643684, 1.        ]), array([2, 1, 0]))",0.9964368440618834,-0.03839555934747266,0.34872,0.3489751401633286,0.4984306285170791,22.494934055993365,0.5169148058698916,0.4011002849708606,bayes,s-2-2-0,s-0-2-3
200,"[[    61 137795]
 [   396 111748]]","(array([0.        , 0.99955751, 1.        ]), array([0.        , 0.99646883, 1.        ]), array([2, 1, 0]))",0.9964688257954059,-0.03596196950553681,0.447236,0.4478105977727285,0.4984556582551774,19.092232917267978,0.6179265497515808,0.5032261086033165,bayes,s-2-2-0,s-0-3-0
201,"[[  163 25228]
 [   33 24576]]","(array([0.       , 0.9935804, 1.       ]), array([0.        , 0.99865903, 1.        ]), array([2, 1, 0]))",0.9986590271851762,0.04063243570579914,0.49478,0.4934543410167858,0.5025393123401759,17.450084055116154,0.6605297461465066,0.5490003350832123,bayes,s-2-2-0,s-0-3-1
202,"[[   106 137921]
 [    74 111899]]","(array([0.        , 0.99923203, 1.        ]), array([0.        , 0.99933913, 1.        ]), array([2, 1, 0]))",0.999339126396542,0.001985391684136023,0.44802,0.44791850132095107,0.5000535460422073,19.065154919571476,0.6185802378708266,0.503481205450064,bayes,s-2-2-0,s-0-3-2
203,"[[   138 325017]
 [   623 174222]]","(array([0.        , 0.99957559, 1.        ]), array([0.        , 0.99643684, 1.        ]), array([2, 1, 0]))",0.9964368440618834,-0.03839555934747266,0.34872,0.3489751401633286,0.4984306285170791,22.49493405599336,0.5169148058698916,0.4011002849708606,bayes,s-2-2-0,s-0-3-3
204,"[[    81 137736]
 [   119 112064]]","(array([0.        , 0.99941226, 1.        ]), array([0.        , 0.99893923, 1.        ]), array([2, 1, 0]))",0.9989392332171542,-0.008321338555338403,0.44858,0.4486148919135308,0.4997634845639092,19.04581261308823,0.6191671984595962,0.5041646309148151,bayes,s-2-2-0,s-0-4-0
205,"[[   27 25317]
 [   35 24621]]","(array([0.        , 0.99893466, 1.        ]), array([0.        , 0.99858047, 1.        ]), array([2, 1, 0]))",0.998580467229072,-0.005031831061496941,0.49296,0.4930313588850174,0.4998229040690815,17.51294605143832,0.6601335228034426,0.5485766995829026,bayes,s-2-2-0,s-0-4-1
206,"[[    68 137745]
 [    70 112117]]","(array([0.        , 0.99950658, 1.        ]), array([0.        , 0.99937604, 1.        ]), array([2, 1, 0]))",0.9993760417873728,-0.002764120047437246,0.44874,0.4487156910614659,0.49993473201672994,19.040286437650547,0.6193471049498824,0.5042887278648116,bayes,s-2-2-0,s-0-4-2
207,"[[   138 325017]
 [   623 174222]]","(array([0.        , 0.99957559, 1.        ]), array([0.        , 0.99643684, 1.        ]), array([2, 1, 0]))",0.9964368440618834,-0.03839555934747266,0.34872,0.3489751401633286,0.4984306285170791,22.494934055993365,0.5169148058698916,0.4011002849708606,bayes,s-2-2-0,s-0-4-3
208,"[[  8235    578]
 [165658  75529]]","(array([0.        , 0.06558493, 1.        ]), array([0.        , 0.31315535, 1.        ]), array([2, 1, 0]))",0.3131553524858305,0.09921657632113597,0.335056,0.9924054291983655,0.6237852105672088,22.966353979806748,0.4760821194223654,0.692145560514282,bayes,s-2-2-0,s-1-1-0
209,"[[ 1247    89]
 [33397 15267]]","(array([0.        , 0.06661677, 1.        ]), array([0.        , 0.31372267, 1.        ]), array([2, 1, 0]))",0.313722669735328,0.08638477069517184,0.33028,0.9942042198489189,0.623552951634131,23.131310750483003,0.47694470477975637,0.6933998255940702,bayes,s-2-2-0,s-1-1-1
210,"[[  8359    590]
 [165885  75166]]","(array([0.        , 0.06592915, 1.        ]), array([0.        , 0.31182613, 1.        ]), array([2, 1, 0]))",0.3118261280807796,0.09940482687397918,0.3341,0.9922118380062306,0.622948486992675,22.999373088420953,0.4745223432563044,0.6907687359279513,bayes,s-2-2-0,s-1-1-2
211,"[[ 65907   4602]
 [295570 133921]]","(array([0.        , 0.06526826, 1.        ]), array([0.        , 0.31181329, 1.        ]), array([2, 1, 0]))",0.31181328595942637,0.1917318537466577,0.399656,0.9667780801744115,0.6232725111667531,20.735154535520998,0.47154119440718006,0.6807813880475772,bayes,s-2-2-0,s-1-1-3
212,"[[  8339    574]
 [165782  75305]]","(array([0.        , 0.06440031, 1.        ]), array([0.        , 0.31235612, 1.        ]), array([2, 1, 0]))",0.3123561204046672,0.0999969505803061,0.334576,0.9924353246616323,0.6239779031283966,22.982932579682746,0.47516137377510514,0.6913751852266699,bayes,s-2-2-0,s-1-2-0
213,"[[ 1290    95]
 [33343 15272]]","(array([0.        , 0.06859206, 1.        ]), array([0.        , 0.31414173, 1.        ]), array([2, 1, 0]))",0.31414172580479277,0.08733931491414822,0.33124,0.9938179215201406,0.6227748340215299,23.09815362109558,0.4773842643243413,0.693658421372964,bayes,s-2-2-0,s-1-2-1
214,"[[  8255    566]
 [165690  75489]]","(array([0.        , 0.06416506, 1.        ]), array([0.        , 0.31299989, 1.        ]), array([2, 1, 0]))",0.3129998880499546,0.09978607972542206,0.334976,0.9925580172243771,0.6244174136996173,22.96911704353767,0.47591998335613456,0.692052974061192,bayes,s-2-2-0,s-1-2-2
215,"[[ 65824   4687]
 [295392 134097]]","(array([0.       , 0.0664719, 1.       ]), array([0.        , 0.31222453, 1.        ]), array([2, 1, 0]))",0.3122245272870784,0.19100707007508333,0.399842,0.9662280954576896,0.6228763146426741,20.728730459043117,0.47194570215371845,0.6809546781769711,bayes,s-2-2-0,s-1-2-3
216,"[[ 63598   4402]
 [122922  59078]]","(array([0.        , 0.06473529, 1.        ]), array([0.       , 0.3246044, 1.       ]), array([2, 1, 0]))",0.3246043956043956,0.2656829181595151,0.490704,0.9306553245116572,0.6299345507433742,17.59047474213398,0.48132638096789965,0.6776243347403192,bayes,s-2-2-0,s-1-3-0
217,"[[21568  1472]
 [18570  8390]]","(array([0.        , 0.06388889, 1.        ]), array([0.        , 0.31120178, 1.        ]), array([2, 1, 0]))",0.3112017804154303,0.3098043939440969,0.59916,0.8507402149665382,0.6236564457632707,13.844546670284341,0.45570582803758625,0.6317009998795325,bayes,s-2-2-0,s-1-3-1
218,"[[ 63855   4194]
 [177611   4340]]","(array([0.        , 0.06163206, 1.        ]), array([0.        , 0.02385258, 1.        ]), array([2, 1, 0]))",0.02385257569345593,-0.09260614393546583,0.27278,0.5085540192172486,0.4811102582210171,25.117302383953433,0.04556789248497257,0.10042251500553018,bayes,s-2-2-0,s-1-3-2
219,"[[ 65733   4632]
 [295360 134275]]","(array([0.        , 0.06582818, 1.        ]), array([0.        , 0.31253273, 1.        ]), array([2, 1, 0]))",0.31253273127189357,0.19152864265745725,0.400016,0.9666539483251384,0.6233522748237532,20.722720623994682,0.4723485687952693,0.681417042962133,bayes,s-2-2-0,s-1-3-3
220,"[[ 63206   4505]
 [124725  57564]]","(array([0.        , 0.06653276, 1.        ]), array([0.        , 0.31578428, 1.        ]), array([2, 1, 0]))",0.31578427661570363,0.25639589087481396,0.48308,0.9274194847669529,0.6246257561838247,17.853798702802926,0.4711447957504972,0.6684704980664941,bayes,s-2-2-0,s-1-4-0
221,"[[   47 23084]
 [   11 26858]]","(array([0.        , 0.99796809, 1.        ]), array([0.        , 0.99959061, 1.        ]), array([2, 1, 0]))",0.9995906062748893,0.02376642069737511,0.5381,0.5377838292419206,0.5008112557551438,15.953829974950816,0.6993269193214513,0.5925334345230477,bayes,s-2-2-0,s-1-4-1
222,"[[ 63762   4335]
 [178804   3099]]","(array([0.        , 0.06365919, 1.        ]), array([0.        , 0.01703655, 1.        ]), array([2, 1, 0]))",0.017036552448282876,-0.1221953098114774,0.267444,0.4168684422921711,0.47668868020669575,25.301601745769617,0.03273528153504069,0.073214294151834,bayes,s-2-2-0,s-1-4-2
223,"[[ 65815   4684]
 [294877 134624]]","(array([0.        , 0.06644066, 1.        ]), array([0.        , 0.31344281, 1.        ]), array([2, 1, 0]))",0.3134428092134826,0.1917423380919553,0.400878,0.9663766617853964,0.6235010752403674,20.6929482819004,0.4733539729504983,0.6821703540876813,bayes,s-2-2-0,s-1-4-3
224,"[[ 31963  93366]
 [   137 124534]]","(array([0.        , 0.74496725, 1.        ]), array([0.        , 0.99890111, 1.        ]), array([2, 1, 0]))",0.9989011077155072,0.3795316463236646,0.625988,0.5715190454336851,0.6269669307537633,12.918215457868007,0.7270551214200852,0.6250006273393484,bayes,s-2-2-0,s-2-1-0
225,"[[ 4900 20191]
 [  505 24404]]","(array([0.        , 0.80471085, 1.        ]), array([0.       , 0.9797262, 1.       ]), array([2, 1, 0]))",0.9797262033803044,0.2818203444019362,0.58608,0.5472362372463281,0.5875076754416966,14.29661321881569,0.7022329650092081,0.6002292303075918,bayes,s-2-2-0,s-2-1-1
226,"[[107029  17771]
 [ 75932  49268]]","(array([0.        , 0.14239583, 1.        ]), array([0.        , 0.39351438, 1.        ]), array([2, 1, 0]))",0.39351437699680514,0.28342960712894544,0.625188,0.7349154969495368,0.6255592718317359,12.945604696712989,0.5125702901076263,0.6262520464922359,bayes,s-2-2-0,s-2-1-2
227,"[[ 64314 185919]
 [   279 249488]]","(array([0.        , 0.74298354, 1.        ]), array([0.        , 0.99888296, 1.        ]), array([2, 1, 0]))",0.9988829589177113,0.38147729074775794,0.627604,0.5729995153959399,0.6279497097881888,12.862399495068408,0.7282471313856043,0.6264151511879863,bayes,s-2-2-0,s-2-1-3
228,"[[ 32082  92405]
 [   105 125408]]","(array([0.        , 0.74228634, 1.        ]), array([0.        , 0.99916343, 1.        ]), array([2, 1, 0]))",0.9991634332698605,0.3834860586978663,0.62996,0.5757599408667068,0.6284385450587817,12.781024364374899,0.7305476427651854,0.6290750578120219,bayes,s-2-2-0,s-2-2-0
229,"[[24918   241]
 [24826    15]]","(array([0.        , 0.00957908, 1.        ]), array([0.        , 0.00060384, 1.        ]), array([2, 1, 0]))",0.0006038404251036593,-0.06287627404652724,0.49866,0.05859375,0.4955123816776339,17.315674011884134,0.0011953619954576246,0.002899671370578002,bayes,s-2-2-0,s-2-2-1
230,"[[ 32090  93187]
 [   149 124574]]","(array([0.        , 0.74384763, 1.        ]), array([0.        , 0.99880535, 1.        ]), array([2, 1, 0]))",0.9988053526614978,0.38036126184182073,0.626656,0.5720675419381799,0.6274788595088263,12.895142982724447,0.7274734002172364,0.6255178169190181,bayes,s-2-2-0,s-2-2-2
231,"[[ 67551 182831]
 [   214 249404]]","(array([0.        , 0.73020824, 1.        ]), array([0.        , 0.99914269, 1.        ]), array([2, 1, 0]))",0.9991426900303664,0.392846827437757,0.63391,0.5770101912154268,0.6344672241119234,12.644593032808373,0.7315477089636623,0.6302670935095156,bayes,s-2-2-0,s-2-2-3
232,"[[ 31105  93693]
 [   108 125094]]","(array([0.        , 0.75075722, 1.        ]), array([0.        , 0.99913739, 1.        ]), array([2, 1, 0]))",0.9991373939713423,0.3757057602391905,0.624796,0.5717615763276611,0.624190085148943,12.959386725204178,0.7273139548066943,0.6252511620932674,bayes,s-2-2-0,s-2-3-0
233,"[[ 4946 20140]
 [  710 24204]]","(array([0.        , 0.80283824, 1.        ]), array([0.        , 0.97150197, 1.        ]), array([2, 1, 0]))",0.9715019667656739,0.26624840032893604,0.583,0.5458235612484215,0.5843318651495595,14.402991834522638,0.6989517456467124,0.5982500370754857,bayes,s-2-2-0,s-2-3-1
234,"[[ 33735  91239]
 [   121 124905]]","(array([0.        , 0.73006385, 1.        ]), array([0.       , 0.9990322, 1.       ]), array([2, 1, 0]))",0.9990322013021291,0.3930264367798409,0.63456,0.5778786364645792,0.6344841740103233,12.622142263635896,0.7322156109857255,0.6310870430738822,bayes,s-2-2-0,s-2-3-2
235,"[[ 64475 185334]
 [   237 249954]]","(array([0.        , 0.74190281, 1.        ]), array([0.        , 0.99905272, 1.        ]), array([2, 1, 0]))",0.9990527237190786,0.38304120941493286,0.628858,0.5742267188619948,0.628574954984687,12.819086933940195,0.7292827351384944,0.6276015734105075,bayes,s-2-2-0,s-2-3-3
236,"[[ 32294  92668]
 [   106 124932]]","(array([0.        , 0.74156944, 1.        ]), array([0.        , 0.99915226, 1.        ]), array([2, 1, 0]))",0.999152257713655,0.38346429904073637,0.628904,0.5741360294117647,0.6287914103023868,12.817498153424422,0.7292361034094291,0.6275227588257631,bayes,s-2-2-0,s-2-4-0
237,"[[24556   419]
 [25013    12]]","(array([0.        , 0.01677678, 1.        ]), array([0.        , 0.00047952, 1.        ]), array([2, 1, 0]))",0.0004795204795204795,-0.08814761642250961,0.49136,0.027842227378190254,0.49185137185137184,17.56780992613383,0.0009428032683846638,0.0022430745074582224,bayes,s-2-2-0,s-2-4-1
238,"[[ 32279  92781]
 [   138 124802]]","(array([0.        , 0.74189189, 1.        ]), array([0.        , 0.99889547, 1.        ]), array([2, 1, 0]))",0.9988954698255162,0.38251656024188135,0.628324,0.5735834141454066,0.6285017889668122,12.837531005151503,0.7287218668527369,0.6269743346542452,bayes,s-2-2-0,s-2-4-2
239,"[[ 63844 185798]
 [   254 250104]]","(array([0.        , 0.74425778, 1.        ]), array([0.        , 0.99898545, 1.        ]), array([2, 1, 0]))",0.9989854528315453,0.3809772354192515,0.627896,0.5737619923744328,0.6273638378473426,12.852313978858513,0.7288899251012737,0.6271521179398244,bayes,s-2-2-0,s-2-4-3
240,"[[  1177 190693]
 [   635  57495]]","(array([0.        , 0.99386564, 1.        ]), array([0.        , 0.98907621, 1.        ]), array([2, 1, 0]))",0.9890762084981937,-0.023851627347161286,0.234688,0.2316590649024127,0.49760528515283375,26.433549950872905,0.3753941981861987,0.2735559273067766,bayes,s-2-2-0,s-3-1-0
241,"[[34769  4869]
 [10028   334]]","(array([0.        , 0.12283667, 1.        ]), array([0.        , 0.03223316, 1.        ]), array([2, 1, 0]))",0.03223315962169465,-0.12027387844235535,0.70206,0.06419373438400923,0.454698243870588,10.290560903897441,0.04291680051397366,0.053570282928081095,bayes,s-2-2-0,s-3-1-1
242,"[[   101 192007]
 [    13  57879]]","(array([0.        , 0.99947425, 1.        ]), array([0.        , 0.99977544, 1.        ]), array([2, 1, 0]))",0.9997754439300767,0.005951123556085173,0.23192,0.23162161945847307,0.5001505949323276,26.52915748661812,0.3761087537120912,0.27367613737379853,bayes,s-2-2-0,s-3-1-2
243,"[[  9931 323274]
 [  2376 164419]]","(array([0.        , 0.97019553, 1.        ]), array([0.        , 0.98575497, 1.        ]), array([2, 1, 0]))",0.9857549686741209,0.04734694526740318,0.3487,0.33713627220403,0.5077797216984445,22.495622044124637,0.5024354915598146,0.3882262048851347,bayes,s-2-2-0,s-3-1-3
244,"[[    36 191620]
 [     1  58343]]","(array([0.        , 0.99981216, 1.        ]), array([0.        , 0.99998286, 1.        ]), array([2, 1, 0]))",0.9999828602769779,0.005935345546988166,0.233516,0.23340654416853696,0.5000853484087231,26.474032361715015,0.3784734047556494,0.27567199271212517,bayes,s-2-2-0,s-3-2-0
245,"[[   15 39640]
 [    1 10344]]","(array([0.        , 0.99962174, 1.        ]), array([0.        , 0.99990333, 1.        ]), array([2, 1, 0]))",0.9999033349444176,0.006377749543745789,0.20718,0.2069462227912932,0.5001407987293013,27.383666622255745,0.342919657212949,0.24595660092923285,bayes,s-2-2-0,s-3-2-1
246,"[[    61 191706]
 [    14  58219]]","(array([0.        , 0.99968191, 1.        ]), array([0.        , 0.99975959, 1.        ]), array([2, 1, 0]))",0.9997595864887606,0.0018960507879511395,0.23312,0.23294588376512954,0.5000388404214232,26.487709992228915,0.37785162157075264,0.2751544757560261,bayes,s-2-2-0,s-3-2-2
247,"[[   253 332979]
 [    65 166703]]","(array([0.        , 0.99924077, 1.        ]), array([0.        , 0.99961024, 1.        ]), array([2, 1, 0]))",0.9996102369759187,0.0069094880650139,0.333912,0.3336181811632198,0.5001847338910418,23.006396989638674,0.5002715882661865,0.38490719908972354,bayes,s-2-2-0,s-3-2-3
248,"[[   154 139407]
 [    83 110356]]","(array([0.        , 0.99889654, 1.        ]), array([0.        , 0.99924845, 1.        ]), array([2, 1, 0]))",0.9992484538976267,0.005678604609030579,0.44204,0.441842867037952,0.500175957016669,19.271701555220165,0.6127450708213725,0.4973271527213831,bayes,s-2-2-0,s-3-3-0
249,"[[22920  2680]
 [23637   763]]","(array([0.       , 0.1046875, 1.       ]), array([0.        , 0.03127049, 1.        ]), array([2, 1, 0]))",0.03127049180327869,-0.1449274240921449,0.47366,0.22160906186465293,0.4632914959016393,18.17918242611955,0.054807312430413396,0.09994236613224353,bayes,s-2-2-0,s-3-3-1
250,"[[ 36131 103457]
 [   135 110277]]","(array([0.       , 0.7411597, 1.       ]), array([0.        , 0.99877731, 1.        ]), array([2, 1, 0]))",0.9987773068144767,0.363262936465966,0.585632,0.5159544106225495,0.6288088041365274,14.312094593011691,0.6804156151857497,0.5711774406742439,bayes,s-2-2-0,s-3-3-2
251,"[[   358 332544]
 [    71 167027]]","(array([0.        , 0.99892461, 1.        ]), array([0.       , 0.9995751, 1.       ]), array([2, 1, 0]))",0.9995750996421262,0.010479920714488314,0.33477,0.33434086446170813,0.5003252455994003,22.976762023842088,0.5010792462226382,0.38567559903979987,bayes,s-2-2-0,s-3-3-3
252,"[[   166 139164]
 [    45 110625]]","(array([0.        , 0.99880858, 1.        ]), array([0.        , 0.99959339, 1.        ]), array([2, 1, 0]))",0.9995933857413933,0.013423611788853445,0.443164,0.44287378547494083,0.5003924009019892,19.23287919334359,0.613800737393157,0.49838893664412254,bayes,s-2-2-0,s-3-4-0
253,"[[ 9110 16468]
 [   10 24412]]","(array([0.        , 0.64383455, 1.        ]), array([0.        , 0.99959053, 1.        ]), array([2, 1, 0]))",0.9995905331258701,0.4604932416934759,0.67044,0.5971624266144814,0.6778779939067461,11.382862504116371,0.747664696333956,0.6494556831362868,bayes,s-2-2-0,s-3-4-1
254,"[[ 36030 103618]
 [   122 110230]]","(array([0.        , 0.74199416, 1.        ]), array([0.        , 0.99889445, 1.        ]), array([2, 1, 0]))",0.9988944468609541,0.3627047962635458,0.58504,0.5154595787662265,0.6284501450620077,14.332542063578225,0.6800123380629242,0.5706998956245134,bayes,s-2-2-0,s-3-4-2
255,"[[   149 332801]
 [    55 166995]]","(array([0.        , 0.99955249, 1.        ]), array([0.        , 0.99967076, 1.        ]), array([2, 1, 0]))",0.9996707572583059,0.002762376381240844,0.334288,0.3341263235400043,0.500059135950072,22.99341012505751,0.5008502712770265,0.3854500483327286,bayes,s-2-2-0,s-3-4-3
256,"[[    11 185986]
 [    15  63988]]","(array([0.        , 0.99994086, 1.        ]), array([0.        , 0.99976564, 1.        ]), array([2, 1, 0]))",0.9997656359858131,-0.0074991291920229845,0.255996,0.25597862177666475,0.4999123883623211,25.69758264862974,0.40759673479267583,0.3007240348942897,bayes,s-1-1-0,s-0-1-0
257,"[[    3 38468]
 [    4 11525]]","(array([0.        , 0.99992202, 1.        ]), array([0.        , 0.99965305, 1.        ]), array([2, 1, 0]))",0.9996530488333767,-0.00957554156489176,0.23056,0.23053227451843258,0.4998655148250479,26.576131287578974,0.37466272227820946,0.27245734062723104,bayes,s-1-1-0,s-0-1-1
258,"[[    29 186189]
 [    14  63768]]","(array([0.        , 0.99984427, 1.        ]), array([0.       , 0.9997805, 1.       ]), array([2, 1, 0]))",0.9997805023360823,-0.0021197449871622276,0.255188,0.2551158799313482,0.499968116895307,25.725490629229938,0.40650349494324894,0.29977153279867624,bayes,s-1-1-0,s-0-1-2
259,"[[    20 325135]
 [    32 174813]]","(array([0.        , 0.99993849, 1.        ]), array([0.        , 0.99981698, 1.        ]), array([2, 1, 0]))",0.9998169807543824,-0.005682247999905357,0.349666,0.34966236488594815,0.49993924494039954,22.462260562228785,0.5181233356006952,0.40193604725754223,bayes,s-1-1-0,s-0-1-3
260,"[[    27 185867]
 [    18  64088]]","(array([0.        , 0.99985476, 1.        ]), array([0.        , 0.99971922, 1.        ]), array([2, 1, 0]))",0.9997192150500733,-0.004411793486710657,0.25646,0.2563981516673001,0.4999322295569473,25.68155627577412,0.4081245363161934,0.30118636070553784,bayes,s-1-1-0,s-0-2-0
261,"[[    4 38551]
 [    0 11445]]","(array([0.        , 0.99989625, 1.        ]), array([0., 1., 1.]), array([2, 1, 0]))",1.0,0.004873375894012228,0.22898,0.2289183134650772,0.5000518739463105,26.63070388161466,0.37255253006949757,0.2706582351522261,bayes,s-1-1-0,s-0-2-1
262,"[[    10 185899]
 [    13  64078]]","(array([0.        , 0.99994621, 1.        ]), array([0.        , 0.99979716, 1.        ]), array([2, 1, 0]))",0.9997971634082788,-0.0067851201713804415,0.256352,0.25633558287362435,0.4999254765828166,25.685286565973243,0.408051759491575,0.3011187040589324,bayes,s-1-1-0,s-0-2-2
263,"[[    20 325135]
 [    32 174813]]","(array([0.        , 0.99993849, 1.        ]), array([0.        , 0.99981698, 1.        ]), array([2, 1, 0]))",0.9998169807543824,-0.005682247999905357,0.349666,0.34966236488594815,0.49993924494039954,22.462260562228778,0.5181233356006952,0.40193604725754223,bayes,s-1-1-0,s-0-2-3
264,"[[     1 137855]
 [    20 112124]]","(array([0.        , 0.99999275, 1.        ]), array([0.        , 0.99982166, 1.        ]), array([2, 1, 0]))",0.9998216578684549,-0.009284520240279657,0.4485,0.44853367682885364,0.4999144559073008,19.048576095808198,0.6192592019838563,0.5041274751362336,bayes,s-1-1-0,s-0-3-0
265,"[[    1 25390]
 [    6 24603]]","(array([0.        , 0.99996062, 1.        ]), array([0.        , 0.99975619, 1.        ]), array([2, 1, 0]))",0.9997561867609411,-0.00863825871333325,0.49208,0.4921288980457264,0.49989778539732693,17.543341342078087,0.6595801721133482,0.5477533718346611,bayes,s-1-1-0,s-0-3-1
266,"[[    16 138011]
 [    18 111955]]","(array([0.        , 0.99988408, 1.        ]), array([0.        , 0.99983925, 1.        ]), array([2, 1, 0]))",0.999839246961321,-0.0019118914584942152,0.447884,0.44788091180400535,0.4999775831552169,19.069852481016262,0.618640157595617,0.5034685839740897,bayes,s-1-1-0,s-0-3-2
267,"[[    20 325135]
 [    32 174813]]","(array([0.        , 0.99993849, 1.        ]), array([0.        , 0.99981698, 1.        ]), array([2, 1, 0]))",0.9998169807543824,-0.005682247999905357,0.349666,0.34966236488594815,0.49993924494039954,22.462260562228774,0.5181233356006952,0.40193604725754223,bayes,s-1-1-0,s-0-3-3
268,"[[    16 137801]
 [    20 112163]]","(array([0.       , 0.9998839, 1.       ]), array([0.        , 0.99982172, 1.        ]), array([2, 1, 0]))",0.9998217198684293,-0.002577535375072829,0.448716,0.4487166151925877,0.49996890792539134,19.041115547393854,0.6194335449416949,0.5043123487575525,bayes,s-1-1-0,s-0-4-0
269,"[[    2 25342]
 [    5 24651]]","(array([0.        , 0.99992109, 1.        ]), array([0.        , 0.99979721, 1.        ]), array([2, 1, 0]))",0.9997972096041532,-0.005234598020569549,0.49306,0.49308903246454505,0.49993806187278367,17.509492573597544,0.6604509102600169,0.5487071958972167,bayes,s-1-1-0,s-0-4-1
270,"[[     5 137808]
 [    13 112174]]","(array([0.        , 0.99996372, 1.        ]), array([0.        , 0.99988412, 1.        ]), array([2, 1, 0]))",0.9998841220462263,-0.004665754967860794,0.448716,0.44872830843820755,0.4999602015468664,19.041115569782576,0.6194566624973423,0.5043273402480858,bayes,s-1-1-0,s-0-4-2
271,"[[    20 325135]
 [    32 174813]]","(array([0.        , 0.99993849, 1.        ]), array([0.        , 0.99981698, 1.        ]), array([2, 1, 0]))",0.9998169807543824,-0.005682247999905357,0.349666,0.34966236488594815,0.49993924494039954,22.462260562228778,0.5181233356006952,0.40193604725754223,bayes,s-1-1-0,s-0-4-3
272,"[[     0   8813]
 [   133 241054]]","(array([0., 1., 1.]), array([0.        , 0.99944856, 1.        ]), array([2, 1, 0]))",0.9994485606604004,-0.004410179909364125,0.964216,0.9647292359535273,0.4997242803302002,1.2359637619240937,0.9817820443372827,0.9714787753243247,bayes,s-1-1-0,s-1-1-0
273,"[[    3  1333]
 [   23 48641]]","(array([0.        , 0.99775449, 1.        ]), array([0.        , 0.99952737, 1.        ]), array([2, 1, 0]))",0.9995273713628144,0.012540874616145812,0.97288,0.9733261295873854,0.5008864401724251,0.9367129330974676,0.9862527626269795,0.9784559060186674,bayes,s-1-1-0,s-1-1-1
274,"[[     1   8948]
 [    84 240967]]","(array([0.        , 0.99988826, 1.        ]), array([0.        , 0.99965153, 1.        ]), array([2, 1, 0]))",0.9996515260256128,-0.0023855512205424242,0.963872,0.9641958265810375,0.49988163517729406,1.2478455327865554,0.9816036140995507,0.9710843218122513,bayes,s-1-1-0,s-1-1-2
275,"[[     5  70504]
 [   205 429286]]","(array([0.        , 0.99992909, 1.        ]), array([0.        , 0.99952269, 1.        ]), array([2, 1, 0]))",0.9995226908130788,-0.006903122477676107,0.858582,0.8589327517557374,0.4997968018730897,4.884517429849917,0.9239099906271624,0.8837951603585694,bayes,s-1-1-0,s-1-1-3
276,"[[     0   8913]
 [   131 240956]]","(array([0., 1., 1.]), array([0.        , 0.99945663, 1.        ]), array([2, 1, 0]))",0.9994566276904188,-0.004402552213588052,0.963824,0.9643293085576842,0.4997283138452094,1.249503282109871,0.9815787972852964,0.9711558381154363,bayes,s-1-1-0,s-1-2-0
277,"[[    0  1385]
 [   23 48592]]","(array([0., 1., 1.]), array([0.        , 0.99952689, 1.        ]), array([2, 1, 0]))",0.9995268949912578,-0.0036209169861342017,0.97184,0.9722872521359825,0.4997634474956289,0.9726340921295019,0.9857189224277831,0.9776157538738869,bayes,s-1-1-0,s-1-2-1
278,"[[     1   8820]
 [   127 241052]]","(array([0.        , 0.99988663, 1.        ]), array([0.        , 0.99947342, 1.        ]), array([2, 1, 0]))",0.999473420156813,-0.003370077702657781,0.964212,0.964701927386822,0.4997933929941757,1.2361019394184019,0.9817798965891525,0.9714613187906181,bayes,s-1-1-0,s-1-2-2
279,"[[    12  70499]
 [   241 429248]]","(array([0.        , 0.99982981, 1.        ]), array([0.        , 0.99943887, 1.        ]), array([2, 1, 0]))",0.9994388680501712,-0.00605042084723858,0.85852,0.8589306188931599,0.49980452713112583,4.886658825990427,0.9238729450860707,0.8837802458083811,bayes,s-1-1-0,s-1-2-3
280,"[[    10  67990]
 [    42 181958]]","(array([0.        , 0.99985294, 1.        ]), array([0.        , 0.99976923, 1.        ]), array([2, 1, 0]))",0.9997692307692307,-0.0025831111867652737,0.727872,0.7279834205514747,0.49995814479638007,9.399185601311371,0.842499560132238,0.7698393625951098,bayes,s-1-1-0,s-1-3-0
281,"[[    7 23033]
 [   12 26948]]","(array([0.        , 0.99969618, 1.        ]), array([0.       , 0.9995549, 1.       ]), array([2, 1, 0]))",0.9995548961424332,-0.0036134010152799405,0.5391,0.5391648826554091,0.49992935779343883,15.91929038296653,0.7004847870446186,0.59387175825532,bayes,s-1-1-0,s-1-3-1
282,"[[     8  68041]
 [    29 181922]]","(array([0.        , 0.99988244, 1.        ]), array([0.        , 0.99984062, 1.        ]), array([2, 1, 0]))",0.9998406164296981,-0.0015301927011688431,0.72772,0.7277957137656373,0.49997908938723956,9.404435658441274,0.8423991813185033,0.7696798874262462,bayes,s-1-1-0,s-1-3-2
283,"[[     4  70361]
 [   167 429468]]","(array([0.        , 0.99994315, 1.        ]), array([0.       , 0.9996113, 1.       ]), array([2, 1, 0]))",0.9996112979622237,-0.006241206263682975,0.858944,0.859229856610961,0.49983407220288406,4.872014164110094,0.9241197077025037,0.8840606500501658,bayes,s-1-1-0,s-1-3-3
284,"[[     9  67702]
 [    99 182190]]","(array([0.        , 0.99986708, 1.        ]), array([0.        , 0.99945691, 1.        ]), array([2, 1, 0]))",0.9994569063410299,-0.008771863050733752,0.728796,0.7290749603828854,0.49979491209151744,9.367270850786234,0.8431189709866932,0.7707785290436998,bayes,s-1-1-0,s-1-4-0
285,"[[    3 23128]
 [    8 26861]]","(array([0.       , 0.9998703, 1.       ]), array([0.        , 0.99970226, 1.        ]), array([2, 1, 0]))",0.9997022591090103,-0.005649558348431449,0.53728,0.5373382144071696,0.4999159775939328,15.982152475240381,0.6989773348252623,0.5921084536536977,bayes,s-1-1-0,s-1-4-1
286,"[[     6  68091]
 [    25 181878]]","(array([0.        , 0.99991189, 1.        ]), array([0.        , 0.99986256, 1.        ]), array([2, 1, 0]))",0.9998625641138409,-0.0019721427248619457,0.727536,0.7276022226756118,0.49997533686109685,9.41079095321742,0.8422773414344992,0.7695093583487268,bayes,s-1-1-0,s-1-4-2
287,"[[     2  70497]
 [   106 429395]]","(array([0.        , 0.99997163, 1.        ]), array([0.       , 0.9997532, 1.       ]), array([2, 1, 0]))",0.9997532019715902,-0.005172893769687602,0.858794,0.8589755387163628,0.4998907855841582,4.877195198059832,0.9240332130756312,0.8838674405708524,bayes,s-1-1-0,s-1-4-3
288,"[[     9 125320]
 [    33 124638]]","(array([0.        , 0.99992819, 1.        ]), array([0.       , 0.9997353, 1.       ]), array([2, 1, 0]))",0.9997353033183338,-0.007441326287370808,0.498588,0.498635770809496,0.4999035571558995,17.31855777192476,0.6653942967575922,0.5541914961543011,bayes,s-1-1-0,s-2-1-0
289,"[[    2 25089]
 [   15 24894]]","(array([0.        , 0.99992029, 1.        ]), array([0.        , 0.99939781, 1.        ]), array([2, 1, 0]))",0.9993978080211972,-0.014170101022264504,0.49792,0.4980493367745033,0.49973875893866043,17.34163007435528,0.6647973081236981,0.5535912044511454,bayes,s-1-1-0,s-2-1-1
290,"[[     1 124799]
 [    41 125159]]","(array([0.        , 0.99999199, 1.        ]), array([0.        , 0.99967252, 1.        ]), array([2, 1, 0]))",0.9996725239616614,-0.012324580709145,0.50064,0.5007201209803247,0.4998402683910871,17.24768253640136,0.667233538935595,0.5562464001023971,bayes,s-1-1-0,s-2-1-2
291,"[[     0 250233]
 [    67 249700]]","(array([0., 1., 1.]), array([0.        , 0.99973175, 1.        ]), array([2, 1, 0]))",0.9997317499909916,-0.01158740699727593,0.4994,0.49946692856842817,0.4998658749954958,17.29051163461979,0.6661331199146325,0.5550124716659133,bayes,s-1-1-0,s-2-1-3
292,"[[     0 124487]
 [    41 125472]]","(array([0., 1., 1.]), array([0.        , 0.99967334, 1.        ]), array([2, 1, 0]))",0.999673340610136,-0.012754844976695734,0.501888,0.5019703231329938,0.499836670305068,17.204577145562922,0.668342779221886,0.5574803905277386,bayes,s-1-1-0,s-2-2-0
293,"[[    0 25159]
 [    8 24833]]","(array([0., 1., 1.]), array([0.        , 0.99967795, 1.        ]), array([2, 1, 0]))",0.999677951773278,-0.012730834952481538,0.49666,0.49673947831653065,0.499838975886639,17.38515005204927,0.6636911522991192,0.552313297065509,bayes,s-1-1-0,s-2-2-1
294,"[[     2 125275]
 [    51 124672]]","(array([0.        , 0.99998404, 1.        ]), array([0.        , 0.99959109, 1.        ]), array([2, 1, 0]))",0.9995910938640026,-0.013495064397987989,0.498696,0.49879374427378603,0.49980352924319965,17.314827440146573,0.6655029759521712,0.5543387303459014,bayes,s-1-1-0,s-2-2-2
295,"[[     6 250376]
 [    52 249566]]","(array([0.        , 0.99997604, 1.        ]), array([0.        , 0.99979168, 1.        ]), array([2, 1, 0]))",0.9997916816896217,-0.008558949044311488,0.499144,0.49918990602909935,0.4999078225367855,17.299353790061758,0.6658999946635359,0.5547424941739657,bayes,s-1-1-0,s-2-2-3
296,"[[     9 124789]
 [    14 125188]]","(array([0.        , 0.99992788, 1.        ]), array([0.        , 0.99988818, 1.        ]), array([2, 1, 0]))",0.9998881806999889,-0.0020697419258033064,0.500788,0.5007980734227548,0.499980148620159,17.242570765511015,0.6673507845588372,0.556336713743545,bayes,s-1-1-0,s-2-3-0
297,"[[    2 25084]
 [    1 24913]]","(array([0.        , 0.99992027, 1.        ]), array([0.        , 0.99995986, 1.        ]), array([2, 1, 0]))",0.9999598619250221,0.0025554345558226623,0.4983,0.4982898973938436,0.5000197938342323,17.328505259365468,0.665135961340791,0.5538634605294751,bayes,s-1-1-0,s-2-3-1
298,"[[     7 124967]
 [    23 125003]]","(array([0.        , 0.99994399, 1.        ]), array([0.        , 0.99981604, 1.        ]), array([2, 1, 0]))",0.9998160382640411,-0.005840445984488001,0.50004,0.500072008641037,0.49993602495723216,17.268406339567782,0.666689778024299,0.555615313635095,bayes,s-1-1-0,s-2-3-2
299,"[[     2 249807]
 [    84 250107]]","(array([0.        , 0.99999199, 1.        ]), array([0.        , 0.99966426, 1.        ]), array([2, 1, 0]))",0.9996642565080278,-0.012495941344980456,0.500218,0.5003000516088767,0.4998361313123505,17.262258234271737,0.6668586397904293,0.5558311298501631,bayes,s-1-1-0,s-2-3-3
300,"[[     0 124962]
 [    37 125001]]","(array([0., 1., 1.]), array([0.        , 0.99970409, 1.        ]), array([2, 1, 0]))",0.9997040899566532,-0.012162727378081738,0.500004,0.5000780115457087,0.4998520449783266,17.269649719526054,0.6666702222127407,0.5556143267341696,bayes,s-1-1-0,s-2-4-0
301,"[[    0 24975]
 [    5 25020]]","(array([0., 1., 1.]), array([0.       , 0.9998002, 1.       ]), array([2, 1, 0]))",0.9998001998001999,-0.009990504532719137,0.5004,0.5004500450045004,0.4999000999000999,17.25597208581376,0.6670221274326846,0.5559876447190062,bayes,s-1-1-0,s-2-4-1
302,"[[     0 125060]
 [    45 124895]]","(array([0., 1., 1.]), array([0.        , 0.99963983, 1.        ]), array([2, 1, 0]))",0.9996398271170162,-0.013424057506634189,0.49958,0.4996699405893061,0.4998199135585081,17.284294474159683,0.6662932287707225,0.5552073331199545,bayes,s-1-1-0,s-2-4-2
303,"[[    12 249630]
 [    68 250290]]","(array([0.        , 0.99995193, 1.        ]), array([0.        , 0.99972839, 1.        ]), array([2, 1, 0]))",0.9997283889470279,-0.008836979968653477,0.500604,0.5006601056168987,0.4998882288907995,17.24892598352582,0.6671926939081246,0.5561906065586447,bayes,s-1-1-0,s-2-4-3
304,"[[     3 191867]
 [     2  58128]]","(array([0.        , 0.99998436, 1.        ]), array([0.        , 0.99996559, 1.        ]), array([2, 1, 0]))",0.9999655943574747,-0.0017730402817309969,0.232524,0.23251665033300667,0.4999906149720349,26.50829561790103,0.3773014198782962,0.2746784360794246,bayes,s-1-1-0,s-3-1-0
305,"[[    2 39636]
 [    0 10362]]","(array([0.        , 0.99994954, 1.        ]), array([0., 1., 1.]), array([2, 1, 0]))",1.0,0.0032337363538757426,0.20728,0.20724828993159727,0.5000252283162622,27.380212680648462,0.3433399602385686,0.24629909580992046,bayes,s-1-1-0,s-3-1-1
306,"[[     3 192105]
 [     3  57889]]","(array([0.        , 0.99998438, 1.        ]), array([0.        , 0.99994818, 1.        ]), array([2, 1, 0]))",0.9999481793684792,-0.003117476054027086,0.231568,0.23156155747737947,0.4999818977921789,26.54131544935131,0.37604178169842084,0.27361164152805456,bayes,s-1-1-0,s-3-1-2
307,"[[     0 333205]
 [    19 166776]]","(array([0., 1., 1.]), array([0.        , 0.99988609, 1.        ]), array([2, 1, 0]))",0.9998860877124615,-0.008712931327351504,0.333552,0.3335646754576674,0.49994304385623073,23.018831310558888,0.5002459596626153,0.3848583964971923,bayes,s-1-1-0,s-3-1-3
308,"[[     2 191654]
 [     0  58344]]","(array([0.        , 0.99998956, 1.        ]), array([0., 1., 1.]), array([2, 1, 0]))",1.0,0.0015605713192337325,0.233384,0.2333778670229362,0.5000052176816796,26.478591588944393,0.3784369304214152,0.27564025035527473,bayes,s-1-1-0,s-3-2-0
309,"[[    0 39655]
 [    0 10345]]","(array([0., 1.]), array([0., 1.]), array([2, 1]))",1.0,0.0,0.2069,0.2069,0.5,27.39333771952555,0.34286187753749275,0.24590553614300314,bayes,s-1-1-0,s-3-2-1
310,"[[     2 191765]
 [     2  58231]]","(array([0.        , 0.99998957, 1.        ]), array([0.        , 0.99996566, 1.        ]), array([2, 1, 0]))",0.9999656552126801,-0.0025272826111978853,0.232932,0.2329277268436295,0.49998804226788246,26.49420347089615,0.3778424483095361,0.2751373300561227,bayes,s-1-1-0,s-3-2-2
311,"[[     2 333230]
 [     8 166760]]","(array([0.      , 0.999994, 1.      ]), array([0.        , 0.99995203, 1.        ]), array([2, 1, 0]))",0.9999520291662669,-0.004424638227683035,0.333524,0.3335266705334107,0.4999790154954108,23.01979843627782,0.5002114710284691,0.3848198758681292,bayes,s-1-1-0,s-3-2-3
312,"[[     4 139557]
 [     4 110435]]","(array([0.        , 0.99997134, 1.        ]), array([0.        , 0.99996378, 1.        ]), array([2, 1, 0]))",0.999963780910729,-0.0006634831085628306,0.441756,0.44175413613235626,0.4999962211064776,19.28151104747478,0.6127941270312488,0.49727262166034625,bayes,s-1-1-0,s-3-3-0
313,"[[    1 25599]
 [    3 24397]]","(array([0.        , 0.99996094, 1.        ]), array([0.        , 0.99987705, 1.        ]), array([2, 1, 0]))",0.9998770491803278,-0.004688336399401591,0.48796,0.48797903832306583,0.4999580558401639,17.685644443142376,0.6558685950857572,0.5436439318311466,bayes,s-1-1-0,s-3-3-1
314,"[[     3 139585]
 [    33 110379]]","(array([0.        , 0.99997851, 1.        ]), array([0.        , 0.99970112, 1.        ]), array([2, 1, 0]))",0.9997011194435388,-0.01147971276597019,0.441528,0.44157958746059434,0.4998613056311599,19.289385978047733,0.6125768641640953,0.49708268634239666,bayes,s-1-1-0,s-3-3-2
315,"[[    13 332889]
 [    15 167083]]","(array([0.        , 0.99996095, 1.        ]), array([0.        , 0.99991023, 1.        ]), array([2, 1, 0]))",0.9999102323187591,-0.00319703072726312,0.334192,0.33418471434400326,0.49997464142507336,22.996725988320556,0.5009459277137333,0.3855193342273554,bayes,s-1-1-0,s-3-3-3
316,"[[     1 139329]
 [    10 110660]]","(array([0.        , 0.99999282, 1.        ]), array([0.        , 0.99990964, 1.        ]), array([2, 1, 0]))",0.9999096412758652,-0.006228842187804824,0.442644,0.44265947701698877,0.49995840924053075,19.25083988480325,0.6136544492165731,0.49818750866628375,bayes,s-1-1-0,s-3-4-0
317,"[[    2 25576]
 [    9 24413]]","(array([0.        , 0.99992181, 1.        ]), array([0.        , 0.99963148, 1.        ]), array([2, 1, 0]))",0.9996314798132832,-0.009785414929676918,0.4883,0.48836744083698413,0.499854836004851,17.67390089135329,0.6561664270067598,0.5440150103842623,bayes,s-1-1-0,s-3-4-1
318,"[[     0 139648]
 [    32 110320]]","(array([0., 1., 1.]), array([0.        , 0.99971002, 1.        ]), array([2, 1, 0]))",0.9997100188487749,-0.012727996207839085,0.44128,0.4413364910708571,0.49985500942438743,19.297951796092228,0.6123445825932505,0.4968366744008416,bayes,s-1-1-0,s-3-4-2
319,"[[     2 332948]
 [     5 167045]]","(array([0.        , 0.99999399, 1.        ]), array([0.        , 0.99997007, 1.        ]), array([2, 1, 0]))",0.9999700688416642,-0.0030159220090900146,0.334094,0.33409467732548254,0.49998803787480417,23.000110882759778,0.5008522688942092,0.3854252517971668,bayes,s-1-1-0,s-3-4-3
320,"[[ 27770 158227]
 [ 14448  49555]]","(array([0.        , 0.85069652, 1.        ]), array([0.        , 0.77426058, 1.        ]), array([2, 1, 0]))",0.7742605815352406,-0.08904261978628371,0.3093,0.23849515357441933,0.4617820324623788,23.856438927575155,0.36466324484427026,0.27680306011075473,bayes,s-3-3-0,s-0-1-0
321,"[[  134 38337]
 [   94 11435]]","(array([0.        , 0.99651686, 1.        ]), array([0.        , 0.99184665, 1.        ]), array([2, 1, 0]))",0.9918466475843525,-0.029197047000272414,0.23138,0.22974764928072008,0.4976648953655692,26.54780739598987,0.37307711130324134,0.2714643167455619,bayes,s-3-3-0,s-0-1-1
322,"[[ 21734 164484]
 [ 11563  52219]]","(array([0.        , 0.88328733, 1.        ]), array([0.        , 0.81871061, 1.        ]), array([2, 1, 0]))",0.818710608008529,-0.0828515954406217,0.295812,0.24097036035495586,0.46771163905243385,24.3223179559142,0.3723478973920174,0.2805681102607582,bayes,s-3-3-0,s-0-1-2
323,"[[ 42972 282183]
 [ 39011 135834]]","(array([0.        , 0.86784149, 1.        ]), array([0.        , 0.77688238, 1.        ]), array([2, 1, 0]))",0.7768823815379337,-0.11715454763002657,0.357612,0.32494850687890686,0.45452044527835467,22.18774675637717,0.4582314265377103,0.36773253531703987,bayes,s-3-3-0,s-0-1-3
324,"[[ 19890 166004]
 [  6099  58007]]","(array([0.        , 0.89300354, 1.        ]), array([0.       , 0.9048607, 1.       ]), array([2, 1, 0]))",0.9048606994665086,0.0169641944705451,0.311588,0.25894710527608017,0.5059285799074396,23.777439081060454,0.40266280712349495,0.30207259282403787,bayes,s-3-3-0,s-0-2-0
325,"[[ 8291 30264]
 [ 3155  8290]]","(array([0.        , 0.78495656, 1.        ]), array([0.        , 0.72433377, 1.        ]), array([2, 1, 0]))",0.7243337702053299,-0.06062092326517671,0.33162,0.21502308450485033,0.4696886073176824,23.085511347162953,0.3316066321326427,0.25020976572639303,bayes,s-3-3-0,s-0-2-1
326,"[[ 27922 157987]
 [ 14288  49803]]","(array([0.        , 0.84980824, 1.        ]), array([0.        , 0.77706698, 1.        ]), array([2, 1, 0]))",0.7770669828837122,-0.08478314706285824,0.3109,0.2396794840945185,0.4636293716843403,23.801176117729764,0.36635881139174864,0.2781510436737853,bayes,s-3-3-0,s-0-2-2
327,"[[ 42972 282183]
 [ 39011 135834]]","(array([0.        , 0.86784149, 1.        ]), array([0.        , 0.77688238, 1.        ]), array([2, 1, 0]))",0.7768823815379337,-0.11715454763002657,0.357612,0.32494850687890686,0.45452044527835467,22.187746756377173,0.4582314265377103,0.36773253531703987,bayes,s-3-3-0,s-0-2-3
328,"[[ 10664 127192]
 [  6214 105930]]","(array([0.        , 0.92264392, 1.        ]), array([0.       , 0.9445891, 1.       ]), array([2, 1, 0]))",0.9445890997289199,0.043499865304669906,0.466376,0.45439726838307837,0.5109725907186846,18.43112682454318,0.6136138513493944,0.50702065416338,bayes,s-3-3-0,s-0-3-0
329,"[[  288 25103]
 [  237 24372]]","(array([0.       , 0.9886574, 1.       ]), array([0.        , 0.99036938, 1.        ]), array([2, 1, 0]))",0.9903693770571742,0.008396778685033371,0.4932,0.4926124305204649,0.5008559893832206,17.504653322826538,0.657955833918255,0.5476632405880211,bayes,s-3-3-0,s-0-3-1
330,"[[  1389 136638]
 [  2084 109889]]","(array([0.        , 0.98993675, 1.        ]), array([0.        , 0.98138837, 1.        ]), array([2, 1, 0]))",0.981388370410724,-0.03631933762899645,0.445112,0.44574833588207374,0.4957258094527919,19.165589577793874,0.6130488145048814,0.5003683699107808,bayes,s-3-3-0,s-0-3-2
331,"[[ 42972 282183]
 [ 39011 135834]]","(array([0.        , 0.86784149, 1.        ]), array([0.        , 0.77688238, 1.        ]), array([2, 1, 0]))",0.7768823815379337,-0.11715454763002657,0.357612,0.32494850687890686,0.45452044527835467,22.187746756377177,0.4582314265377103,0.36773253531703987,bayes,s-3-3-0,s-0-3-3
332,"[[  1352 136465]
 [   531 111652]]","(array([0.        , 0.99018989, 1.        ]), array([0.        , 0.99526666, 1.        ]), array([2, 1, 0]))",0.995266662506797,0.029204464444676136,0.452016,0.4499973802681799,0.5025383865078301,18.927133312241978,0.6197724118789898,0.5053722850022314,bayes,s-3-3-0,s-0-4-0
333,"[[ 1677 23667]
 [ 3586 21070]]","(array([0.        , 0.93383049, 1.        ]), array([0.        , 0.85455873, 1.        ]), array([2, 1, 0]))",0.8545587280986372,-0.12914193848693326,0.45494,0.4709748083242059,0.46036411783719744,18.826083943257622,0.6072658625509778,0.517425983772421,bayes,s-3-3-0,s-0-4-1
334,"[[   265 137548]
 [   873 111314]]","(array([0.       , 0.9980771, 1.       ]), array([0.        , 0.99221835, 1.        ]), array([2, 1, 0]))",0.9922183497196645,-0.04328837226832174,0.446316,0.4472920735186569,0.49707062261875196,19.124007801549045,0.6166143653631502,0.5024850243988317,bayes,s-3-3-0,s-0-4-2
335,"[[ 42972 282183]
 [ 39011 135834]]","(array([0.        , 0.86784149, 1.        ]), array([0.        , 0.77688238, 1.        ]), array([2, 1, 0]))",0.7768823815379337,-0.11715454763002657,0.357612,0.32494850687890686,0.45452044527835467,22.187746756377173,0.4582314265377103,0.36773253531703987,bayes,s-3-3-0,s-0-4-3
336,"[[     5   8808]
 [   117 241070]]","(array([0.        , 0.99943266, 1.        ]), array([0.       , 0.9995149, 1.       ]), array([2, 1, 0]))",0.9995148992275703,0.0006867417509007497,0.9643,0.9647507983896141,0.5000411214621909,1.2330624887149728,0.9818252166210176,0.9715088026991235,bayes,s-3-3-0,s-1-1-0
337,"[[    0  1336]
 [   23 48641]]","(array([0., 1., 1.]), array([0.        , 0.99952737, 1.        ]), array([2, 1, 0]))",0.9995273713628144,-0.0035544970153530866,0.97282,0.973267703143446,0.4997636856814072,0.9387853076570081,0.9862227674090895,0.9784086703248958,bayes,s-3-3-0,s-1-1-1
338,"[[     6   8943]
 [    90 240961]]","(array([0.        , 0.99932953, 1.        ]), array([0.        , 0.99962664, 1.        ]), array([2, 1, 0]))",0.9996266350274423,0.0028172385206769205,0.963868,0.9642142582751777,0.500148550500647,1.2479836719001862,0.981601165076229,0.9710945805764158,bayes,s-3-3-0,s-1-1-2
339,"[[    56  70453]
 [   206 429285]]","(array([0.        , 0.99920578, 1.        ]), array([0.        , 0.99952036, 1.        ]), array([2, 1, 0]))",0.9995203624755815,0.004784303267767147,0.858682,0.8590201265463102,0.500157293663155,4.881063470651488,0.9239595406514433,0.8838687998853585,bayes,s-3-3-0,s-1-1-3
340,"[[     1   8912]
 [   122 240965]]","(array([0.       , 0.9998878, 1.       ]), array([0.        , 0.99949396, 1.        ]), array([2, 1, 0]))",0.9994939586124512,-0.003293133074147092,0.963864,0.964334452550655,0.49980307714084915,1.2481217278556842,0.9815994655412617,0.9711670609667137,bayes,s-3-3-0,s-1-2-0
341,"[[    1  1384]
 [   19 48596]]","(array([0.        , 0.99927798, 1.        ]), array([0.        , 0.99960917, 1.        ]), array([2, 1, 0]))",0.999609174123213,0.002718201874164677,0.97194,0.9723089235694278,0.5001655978919314,0.9691801984980624,0.9857700694761398,0.9776490232763997,bayes,s-3-3-0,s-1-2-1
342,"[[     1   8820]
 [   114 241065]]","(array([0.        , 0.99988663, 1.        ]), array([0.        , 0.99952732, 1.        ]), array([2, 1, 0]))",0.9995273220305251,-0.0030915874144933683,0.964264,0.9647037637313164,0.49982034393103175,1.2343059230458662,0.9818068520600166,0.9714729926760209,bayes,s-3-3-0,s-1-2-2
343,"[[    59  70452]
 [   216 429273]]","(array([0.        , 0.99916325, 1.        ]), array([0.        , 0.99949708, 1.        ]), array([2, 1, 0]))",0.9994970767586597,0.004955554511540094,0.858664,0.8590184601530843,0.5001669128173608,4.881685167027399,0.9239486275497356,0.8838637467061496,bayes,s-3-3-0,s-1-2-3
344,"[[   383  67617]
 [    82 181918]]","(array([0.        , 0.99436765, 1.        ]), array([0.        , 0.99954945, 1.        ]), array([2, 1, 0]))",0.9995494505494505,0.05351541267290019,0.729204,0.7290279920652414,0.5025909017453135,9.353178758153984,0.8431204884887669,0.7707475384276442,bayes,s-3-3-0,s-1-3-0
345,"[[   15 23025]
 [    4 26956]]","(array([0.        , 0.99934896, 1.        ]), array([0.        , 0.99985163, 1.        ]), array([2, 1, 0]))",0.9998516320474777,0.012856065781802742,0.53942,0.5393249434785219,0.5002513368570722,15.908237846584568,0.7006927385919082,0.5940480598014846,bayes,s-3-3-0,s-1-3-1
346,"[[   474  67575]
 [    79 181872]]","(array([0.        , 0.99303443, 1.        ]), array([0.        , 0.99956582, 1.        ]), array([2, 1, 0]))",0.9995658171705569,0.06187878055327644,0.729384,0.7291007709052424,0.5032656930494146,9.346961644070532,0.8431749799489103,0.7708145615258969,bayes,s-3-3-0,s-1-3-2
347,"[[   492  69873]
 [   164 429471]]","(array([0.        , 0.99300789, 1.        ]), array([0.        , 0.99961828, 1.        ]), array([2, 1, 0]))",0.9996182806335611,0.06350437228357479,0.859926,0.860070412381044,0.5033051965947597,4.8380963052832,0.9246086294738632,0.8847734929919973,bayes,s-3-3-0,s-1-3-3
348,"[[   353  67358]
 [    77 182212]]","(array([0.        , 0.99478667, 1.        ]), array([0.        , 0.99957759, 1.        ]), array([2, 1, 0]))",0.999577593820801,0.051380577049292435,0.73026,0.7301037784990183,0.5023954634786095,9.316704981898019,0.8438494971738462,0.7717126233197721,bayes,s-3-3-0,s-1-4-0
349,"[[    0 23131]
 [    1 26868]]","(array([0., 1., 1.]), array([0.        , 0.99996278, 1.        ]), array([2, 1, 0]))",0.9999627823886263,-0.004149452461809473,0.53736,0.5373707474149483,0.4999813911943132,15.979389421104635,0.699068533069678,0.5921583320476935,bayes,s-3-3-0,s-1-4-1
350,"[[   322  67775]
 [    84 181819]]","(array([0.        , 0.99527145, 1.        ]), array([0.        , 0.99953822, 1.        ]), array([2, 1, 0]))",0.9995382154225054,0.047173977606856946,0.728564,0.7284590174443296,0.5021333822020526,9.375284080392303,0.8427358707013028,0.7702373760780291,bayes,s-3-3-0,s-1-4-2
351,"[[   356  70143]
 [   203 429298]]","(array([0.        , 0.99495028, 1.        ]), array([0.        , 0.99952736, 1.        ]), array([2, 1, 0]))",0.9995273584927625,0.04766654185580804,0.859308,0.8595569847089045,0.5022885377550126,4.859441700877867,0.9242729901328608,0.8843245381118254,bayes,s-3-3-0,s-1-4-3
352,"[[   617 124712]
 [   124 124547]]","(array([0.        , 0.99507696, 1.        ]), array([0.        , 0.99900538, 1.        ]), array([2, 1, 0]))",0.9990053821658605,0.036132034442928895,0.500656,0.4996690189722337,0.5019642123589318,17.24712963771914,0.6661514187147328,0.5551672584730236,bayes,s-3-3-0,s-2-1-0
353,"[[   18 25073]
 [   31 24878]]","(array([0.        , 0.99928261, 1.        ]), array([0.        , 0.99875547, 1.        ]), array([2, 1, 0]))",0.9987554699104741,-0.008423529687453482,0.49792,0.4980480871253829,0.4997364293077938,17.3416298184841,0.6646540208388992,0.5535505288968595,bayes,s-3-3-0,s-2-1-1
354,"[[ 36438  88362]
 [    90 125110]]","(array([0.        , 0.70802885, 1.        ]), array([0.        , 0.99928115, 1.        ]), array([2, 1, 0]))",0.9992811501597444,0.4122829929877375,0.646192,0.5860721780842453,0.6456261520029491,12.220378014843064,0.7388269476071243,0.6389109048420571,bayes,s-3-3-0,s-2-1-2
355,"[[  3116 247117]
 [  2766 247001]]","(array([0.        , 0.98754761, 1.        ]), array([0.        , 0.98892568, 1.        ]), array([2, 1, 0]))",0.9889256787325788,0.006390491009785033,0.500234,0.49988261913146254,0.5006890365505137,17.26170131201525,0.6640838301619202,0.554749512518647,bayes,s-3-3-0,s-2-1-3
356,"[[   359 124128]
 [   132 125381]]","(array([0.        , 0.99711616, 1.        ]), array([0.        , 0.99894832, 1.        ]), array([2, 1, 0]))",0.9989483161106818,0.020691113048958647,0.50296,0.502510931469406,0.5009160756852943,17.167550429045665,0.6686594386462662,0.5579685443180494,bayes,s-3-3-0,s-2-2-0
357,"[[10170 14989]
 [   24 24817]]","(array([0.       , 0.5957709, 1.       ]), array([0.        , 0.99903386, 1.        ]), array([2, 1, 0]))",0.9990338553198341,0.5004641497464272,0.69974,0.6234487263226649,0.7016314791126774,10.370852703653505,0.7677695794081705,0.6741368538288105,bayes,s-3-3-0,s-2-2-1
358,"[[   895 124382]
 [   134 124589]]","(array([0.        , 0.99285583, 1.        ]), array([0.        , 0.99892562, 1.        ]), array([2, 1, 0]))",0.9989256191720853,0.04740240519486215,0.501936,0.5004157110667508,0.5030348938473197,17.202918948465044,0.6667968979967568,0.5558996151193059,bayes,s-3-3-0,s-2-2-2
359,"[[ 13898 236484]
 [   243 249375]]","(array([0.        , 0.94449281, 1.        ]), array([0.        , 0.99902651, 1.        ]), array([2, 1, 0]))",0.999026512511117,0.16447854654760105,0.526546,0.513266194513223,0.5272668487662022,16.352900023273413,0.6781313351743155,0.5685564514143291,bayes,s-3-3-0,s-2-2-3
360,"[[  6917 117881]
 [   112 125090]]","(array([0.        , 0.94457443, 1.        ]), array([0.        , 0.99910545, 1.        ]), array([2, 1, 0]))",0.9991054455999105,0.16494115132777845,0.528028,0.5148351037778172,0.5272655066586709,16.301712402037463,0.6795175094317075,0.5701011588881819,bayes,s-3-3-0,s-2-3-0
361,"[[ 9626 15460]
 [   16 24898]]","(array([0.     , 0.61628, 1.     ]), array([0.        , 0.99935779, 1.        ]), array([2, 1, 0]))",0.9993577908003533,0.4854852450097292,0.69048,0.6169284900143713,0.6915388969946915,10.69068930527817,0.7628998651795563,0.6680583430822234,bayes,s-3-3-0,s-2-3-1
362,"[[  1511 123463]
 [   127 124899]]","(array([0.        , 0.98790949, 1.        ]), array([0.        , 0.99898421, 1.        ]), array([2, 1, 0]))",0.9989842112840529,0.068634658188932,0.50564,0.5028909414483698,0.5055373630555685,17.074984381378144,0.6690038244399927,0.5583455672639687,bayes,s-3-3-0,s-2-3-2
363,"[[   243 249566]
 [   265 249926]]","(array([0.        , 0.99902726, 1.        ]), array([0.        , 0.99894081, 1.        ]), array([2, 1, 0]))",0.9989408092217545,-0.0013567402535210437,0.500338,0.5003603661319901,0.49995677619877044,17.25811319569839,0.666751146818055,0.5558459165921984,bayes,s-3-3-0,s-2-3-3
364,"[[ 99301  25661]
 [120822   4216]]","(array([0.        , 0.20535043, 1.        ]), array([0.        , 0.03371775, 1.        ]), array([2, 1, 0]))",0.03371774980405957,-0.2645506077132151,0.414068,0.14111189209090605,0.4141836616371972,20.237456404501426,0.054429848626666236,0.0862005512255363,bayes,s-3-3-0,s-2-4-0
365,"[[10161 14814]
 [   23 25002]]","(array([0.        , 0.59315315, 1.        ]), array([0.        , 0.99908092, 1.        ]), array([2, 1, 0]))",0.9990809190809191,0.5039651912977807,0.70326,0.6279385171790235,0.7029638829638829,10.249273412152414,0.7711787295075647,0.6783367428332673,bayes,s-3-3-0,s-2-4-1
366,"[[  4268 120792]
 [  1656 123284]]","(array([0.        , 0.96587238, 1.        ]), array([0.        , 0.98674564, 1.        ]), array([2, 1, 0]))",0.986745637906195,0.06861674500553458,0.510208,0.5051049673052656,0.5104366283245991,16.917202707907244,0.6681769896156264,0.5597487931829821,bayes,s-3-3-0,s-2-4-2
367,"[[  2202 247440]
 [   276 250082]]","(array([0.        , 0.99117937, 1.        ]), array([0.        , 0.99889758, 1.        ]), array([2, 1, 0]))",0.9988975786673484,0.0549540048541858,0.504568,0.5026551589678446,0.5038591049055732,17.11201077165964,0.6687757394234369,0.558107626785024,bayes,s-3-3-0,s-2-4-3
368,"[[   384 191486]
 [    41  58089]]","(array([0.        , 0.99799864, 1.        ]), array([0.        , 0.99929468, 1.        ]), array([2, 1, 0]))",0.9992946843282299,0.013290058815096002,0.233892,0.232751677852349,0.5006480197062008,26.46104535320631,0.3775629255293219,0.2749306627036339,bayes,s-3-3-0,s-3-1-0
369,"[[16207 23431]
 [   17 10345]]","(array([0.        , 0.59112468, 1.        ]), array([0.        , 0.99835939, 1.        ]), array([2, 1, 0]))",0.9983593900791353,0.35256514318311793,0.53104,0.3062825675035528,0.7036173558700839,16.197679285505053,0.46875708006706235,0.35558137296687886,bayes,s-3-3-0,s-3-1-1
370,"[[   942 191166]
 [    58  57834]]","(array([0.        , 0.99509651, 1.        ]), array([0.        , 0.99899813, 1.        ]), array([2, 1, 0]))",0.9989981344572653,0.026075220656741685,0.235104,0.23226506024096386,0.5019508131215679,26.41918333273096,0.3769013203341892,0.27438295385105876,bayes,s-3-3-0,s-3-1-2
371,"[[116900 216305]
 [   145 166650]]","(array([0.        , 0.64916493, 1.        ]), array([0.        , 0.99913067, 1.        ]), array([2, 1, 0]))",0.9991306693845738,0.3896929022506541,0.5671,0.43516862294525466,0.6749828704435512,14.952182215201116,0.606275579809004,0.49054671011382806,bayes,s-3-3-0,s-3-1-3
372,"[[ 56618 135038]
 [   182  58162]]","(array([0.       , 0.7045853, 1.       ]), array([0.        , 0.99688057, 1.        ]), array([2, 1, 0]))",0.9968805704099821,0.29505526691272815,0.45912,0.3010455486542443,0.6461476358749414,18.6817652806304,0.4624399707407054,0.34989123425062324,bayes,s-3-3-0,s-3-2-0
373,"[[   40 39615]
 [   12 10333]]","(array([0.       , 0.9989913, 1.       ]), array([0.        , 0.99884002, 1.        ]), array([2, 1, 0]))",0.9988400193330111,-0.0019012394768696634,0.20746,0.2068751501561624,0.4999243596854187,27.373995365066452,0.34275952432288986,0.24586341291633557,bayes,s-3-3-0,s-3-2-1
374,"[[   169 191598]
 [    57  58176]]","(array([0.        , 0.99911872, 1.        ]), array([0.        , 0.99902117, 1.        ]), array([2, 1, 0]))",0.9990211735613828,-0.0013720340676956636,0.23338,0.23291455475750078,0.49995122568102357,26.47872956494016,0.3777576483651346,0.27510831538716907,bayes,s-3-3-0,s-3-2-2
375,"[[  2592 330640]
 [   155 166613]]","(array([0.        , 0.99222164, 1.        ]), array([0.        , 0.99907057, 1.        ]), array([2, 1, 0]))",0.9990705650964213,0.043685205603719114,0.33841,0.3350668573140836,0.5034244648596333,22.851037832897603,0.501830514396382,0.3864332167475345,bayes,s-3-3-0,s-3-2-3
376,"[[ 39149 100412]
 [   102 110337]]","(array([0.        , 0.71948467, 1.        ]), array([0.        , 0.99907641, 1.        ]), array([2, 1, 0]))",0.9990764132235895,0.38164492103920156,0.597944,0.5235469681943924,0.6397958717188089,13.886843438940849,0.6870555562474314,0.5786288525174763,bayes,s-3-3-0,s-3-3-0
377,"[[10755 14845]
 [   22 24378]]","(array([0.        , 0.57988281, 1.        ]), array([0.        , 0.99909836, 1.        ]), array([2, 1, 0]))",0.9990983606557376,0.509604121915159,0.70266,0.6215230859444714,0.7096077740778688,10.269997173739768,0.7663266428807192,0.6723407541424884,bayes,s-3-3-0,s-3-3-1
378,"[[  1070 138518]
 [   125 110287]]","(array([0.        , 0.99233458, 1.        ]), array([0.        , 0.99886788, 1.        ]), array([2, 1, 0]))",0.998867876680071,0.04703820584736519,0.445428,0.44326681537750445,0.5032666460226443,19.154681337425746,0.6140410949370436,0.4987509406384765,bayes,s-3-3-0,s-3-3-2
379,"[[ 18739 314163]
 [   168 166930]]","(array([0.        , 0.94371016, 1.        ]), array([0.       , 0.9989946, 1.       ]), array([2, 1, 0]))",0.9989946019701014,0.13671649626159824,0.371338,0.34698072929766177,0.5276422205109171,21.713718653832263,0.5150642326104496,0.3990733790109348,bayes,s-3-3-0,s-3-3-3
380,"[[137086   2244]
 [ 82661  28009]]","(array([0.        , 0.01610565, 1.        ]), array([0.        , 0.25308575, 1.        ]), array([2, 1, 0]))",0.25308575042920395,0.36091377197969415,0.66038,0.9258255379631772,0.6184900509843572,11.7300664164261,0.39750785890166973,0.6044707832287359,bayes,s-3-3-0,s-3-4-0
381,"[[24845   733]
 [24415     7]]","(array([0.        , 0.02865744, 1.        ]), array([0.        , 0.00028663, 1.        ]), array([2, 1, 0]))",0.00028662681189091805,-0.11744448429973521,0.49704,0.00945945945945946,0.4858145934122008,17.371634697682605,0.000556394563230268,0.0012782119640639838,bayes,s-3-3-0,s-3-4-1
382,"[[  1052 138596]
 [   259 110093]]","(array([0.        , 0.99246677, 1.        ]), array([0.        , 0.99765297, 1.        ]), array([2, 1, 0]))",0.9976529650572713,0.0356554872664436,0.44458,0.4426934846334176,0.5025930957275357,19.18397046928303,0.6132614381087396,0.4981096870170155,bayes,s-3-3-0,s-3-4-2
383,"[[   584 332366]
 [   146 166904]]","(array([0.        , 0.99824598, 1.        ]), array([0.        , 0.99912601, 1.        ]), array([2, 1, 0]))",0.9991260101765939,0.01087125610852013,0.334976,0.3342960722655076,0.5004400136481407,22.969646751248046,0.5009725057029656,0.3856145425644485,bayes,s-3-3-0,s-3-4-3
384,"[[  5326 180671]
 [  5047  58956]]","(array([0.        , 0.97136513, 1.        ]), array([0.        , 0.92114432, 1.        ]), array([2, 1, 0]))",0.9211443213599363,-0.10990482734408681,0.257128,0.24603237531663794,0.474889595907418,25.65846775430933,0.3883410730165004,0.28829029712149795,bayes,s-3-4-0,s-0-1-0
385,"[[ 2752 35719]
 [ 2193  9336]]","(array([0.       , 0.9284656, 1.       ]), array([0.        , 0.80978402, 1.        ]), array([2, 1, 0]))",0.809784022898777,-0.16745233653019487,0.24176,0.20721340583730996,0.44065921271787645,26.18925303008926,0.3299872755549272,0.24344325133377487,bayes,s-3-4-0,s-0-1-1
386,"[[  5236 180982]
 [  3464  60318]]","(array([0.        , 0.97188242, 1.        ]), array([0.        , 0.94569001, 1.        ]), array([2, 1, 0]))",0.94569000658493,-0.06230129611980721,0.262216,0.24997099046829674,0.4869037946015758,25.482735454711232,0.3954215587940291,0.29309550604383755,bayes,s-3-4-0,s-0-1-2
387,"[[ 10551 314604]
 [ 12697 162148]]","(array([0.        , 0.96755086, 1.        ]), array([0.        , 0.92738139, 1.        ]), array([2, 1, 0]))",0.9273813949498126,-0.09097641492921063,0.345398,0.34010974259153604,0.4799152672954534,22.60965521876118,0.49769412689131465,0.3894319147413386,bayes,s-3-4-0,s-0-1-3
388,"[[  3023 182871]
 [  3303  60803]]","(array([0.        , 0.98373804, 1.        ]), array([0.        , 0.94847596, 1.        ]), array([2, 1, 0]))",0.9484759616884535,-0.09804394867078539,0.255304,0.24952600605727324,0.48236895871333496,25.72147351891103,0.3951068945350575,0.2926592363125985,bayes,s-3-4-0,s-0-2-0
389,"[[ 2608 35947]
 [ 2158  9287]]","(array([0.        , 0.93235637, 1.        ]), array([0.        , 0.81144605, 1.        ]), array([2, 1, 0]))",0.8114460463084316,-0.1729824861529608,0.2379,0.20531016492019277,0.4395448361486394,26.322576353137894,0.3277051465269324,0.24136998975990348,bayes,s-3-4-0,s-0-2-1
390,"[[  4022 181887]
 [  3096  60995]]","(array([0.        , 0.97836576, 1.        ]), array([0.        , 0.95169369, 1.        ]), array([2, 1, 0]))",0.9516936855408715,-0.07002108927591903,0.260068,0.2511301784405596,0.4866639629744065,25.5569276409502,0.3973965136999019,0.2944857133752857,bayes,s-3-4-0,s-0-2-2
391,"[[ 10551 314604]
 [ 12697 162148]]","(array([0.        , 0.96755086, 1.        ]), array([0.        , 0.92738139, 1.        ]), array([2, 1, 0]))",0.9273813949498126,-0.09097641492921063,0.345398,0.34010974259153604,0.4799152672954534,22.60965521876118,0.49769412689131465,0.3894319147413386,bayes,s-3-4-0,s-0-2-3
392,"[[ 11111 126745]
 [ 21481  90663]]","(array([0.       , 0.9194014, 1.       ]), array([0.        , 0.80845163, 1.        ]), array([2, 1, 0]))",0.8084516336139249,-0.16388303596523518,0.407096,0.4170177730350309,0.44452511462497546,20.47858405955328,0.5502196921881828,0.4617295594921855,bayes,s-3-4-0,s-0-3-0
393,"[[  240 25151]
 [  898 23711]]","(array([0.        , 0.99054783, 1.        ]), array([0.        , 0.96350929, 1.        ]), array([2, 1, 0]))",0.9635092852208541,-0.09063866074844906,0.47902,0.48526462281527566,0.486480726655955,17.9944139397199,0.645451947026718,0.5387467792435596,bayes,s-3-4-0,s-0-3-1
394,"[[  2180 135847]
 [  3566 108407]]","(array([0.        , 0.98420599, 1.        ]), array([0.        , 0.96815304, 1.        ]), array([2, 1, 0]))",0.9681530368928224,-0.05327088718810546,0.442348,0.44382896492994994,0.49197352410472445,19.261052225823136,0.6086399964067856,0.4977414831554772,bayes,s-3-4-0,s-0-3-2
395,"[[ 10551 314604]
 [ 12697 162148]]","(array([0.        , 0.96755086, 1.        ]), array([0.        , 0.92738139, 1.        ]), array([2, 1, 0]))",0.9273813949498126,-0.09097641492921063,0.345398,0.34010974259153604,0.4799152672954534,22.609655218761173,0.49769412689131465,0.3894319147413386,bayes,s-3-4-0,s-0-3-3
396,"[[  3736 134081]
 [  7599 104584]]","(array([0.        , 0.97289159, 1.        ]), array([0.        , 0.93226246, 1.        ]), array([2, 1, 0]))",0.9322624640096985,-0.09712862731763765,0.43328,0.4382041774034735,0.47968543794460994,19.574244201815933,0.5961784020430501,0.4901564710083864,bayes,s-3-4-0,s-0-4-0
397,"[[ 1522 23822]
 [ 4155 20501]]","(array([0.        , 0.93994634, 1.        ]), array([0.        , 0.83148118, 1.        ]), array([2, 1, 0]))",0.8314811810512654,-0.17092875136683522,0.44046,0.46253638066015385,0.44576742133371355,19.326207904207962,0.5944127922991055,0.5075811595064076,bayes,s-3-4-0,s-0-4-1
398,"[[  4949 132864]
 [  8058 104129]]","(array([0.        , 0.96408902, 1.        ]), array([0.       , 0.9281735, 1.       ]), array([2, 1, 0]))",0.9281734960378654,-0.08043447435802369,0.436312,0.43937584654399076,0.48204223842985183,19.469518739346274,0.5964201844320981,0.4911008631724109,bayes,s-3-4-0,s-0-4-2
399,"[[ 10551 314604]
 [ 12697 162148]]","(array([0.        , 0.96755086, 1.        ]), array([0.        , 0.92738139, 1.        ]), array([2, 1, 0]))",0.9273813949498126,-0.09097641492921063,0.345398,0.34010974259153604,0.4799152672954534,22.609655218761187,0.49769412689131465,0.3894319147413386,bayes,s-3-4-0,s-0-4-3
400,"[[    10   8803]
 [   113 241074]]","(array([0.        , 0.99886531, 1.        ]), array([0.        , 0.99953148, 1.        ]), array([2, 1, 0]))",0.9995314838693627,0.005539990626050171,0.964336,0.9647706671682468,0.5003330856314929,1.2318190767728072,0.9818435071599629,0.9715280548402306,bayes,s-3-4-0,s-1-1-0
401,"[[    3  1333]
 [   21 48643]]","(array([0.        , 0.99775449, 1.        ]), array([0.        , 0.99956847, 1.        ]), array([2, 1, 0]))",0.9995684695051784,0.013355276865909597,0.97292,0.9733271970545861,0.5009069892436071,0.9353313820416712,0.9862733171127331,0.9784646454893631,bayes,s-3-4-0,s-1-1-1
402,"[[    41   8908]
 [   106 240945]]","(array([0.        , 0.99541848, 1.        ]), array([0.        , 0.99956026, 1.        ]), array([2, 1, 0]))",0.9995602590323209,0.031741499030010424,0.963944,0.9643470360572016,0.5020708882601542,1.245358612950533,0.981637957726969,0.971189789618876,bayes,s-3-4-0,s-1-1-2
403,"[[   437  70072]
 [   228 429263]]","(array([0.        , 0.99380221, 1.        ]), array([0.        , 0.99946914, 1.        ]), array([2, 1, 0]))",0.9994691390506437,0.05411781916248391,0.8594,0.8596693602491313,0.5028334647018241,4.856264019906698,0.9243130575586815,0.8844105749432077,bayes,s-3-4-0,s-1-1-3
404,"[[     6   8907]
 [   123 240964]]","(array([0.        , 0.99932683, 1.        ]), array([0.        , 0.99948981, 1.        ]), array([2, 1, 0]))",0.9994898107322253,0.0013307394494210512,0.96388,0.9643536064609338,0.5000814923738541,1.2475690914414175,0.9816073880046765,0.9711818186947784,bayes,s-3-4-0,s-1-2-0
405,"[[    3  1382]
 [   23 48592]]","(array([0.        , 0.99783394, 1.        ]), array([0.        , 0.99952689, 1.        ]), array([2, 1, 0]))",0.9995268949912578,0.012187033128534542,0.9719,0.9723456197222555,0.5008464799866037,0.9705617175699616,0.9857489172220023,0.9776629605932937,bayes,s-3-4-0,s-1-2-1
406,"[[     6   8815]
 [   116 241063]]","(array([0.        , 0.99931981, 1.        ]), array([0.        , 0.99951903, 1.        ]), array([2, 1, 0]))",0.9995190294345694,0.0016642835077967804,0.964276,0.9647227847189428,0.5000996122118998,1.2338914417371787,0.9818127019877531,0.9714868569208609,bayes,s-3-4-0,s-1-2-2
407,"[[   382  70129]
 [   224 429265]]","(array([0.        , 0.99458241, 1.        ]), array([0.        , 0.99947845, 1.        ]), array([2, 1, 0]))",0.9994784499719434,0.04897696102941978,0.859294,0.8595718010228397,0.5024480221949178,4.85992522135867,0.9242606442361416,0.8843294266943819,bayes,s-3-4-0,s-1-2-3
408,"[[   432  67568]
 [    92 181908]]","(array([0.        , 0.99364706, 1.        ]), array([0.        , 0.99949451, 1.        ]), array([2, 1, 0]))",0.9994945054945055,0.05689529983873381,0.72936,0.7291603200307846,0.502923723335488,9.34779055231528,0.8431894242089943,0.7708593241484053,bayes,s-3-4-0,s-1-3-0
409,"[[  117 22923]
 [    7 26953]]","(array([0.        , 0.99492187, 1.        ]), array([0.        , 0.99974036, 1.        ]), array([2, 1, 0]))",0.9997403560830861,0.048289720188299426,0.5414,0.5404001924773438,0.502409240541543,15.839849438143887,0.7015721797074288,0.5950835452875513,bayes,s-3-4-0,s-1-3-1
410,"[[   509  67540]
 [    98 181853]]","(array([0.       , 0.9925201, 1.       ]), array([0.        , 0.99946139, 1.        ]), array([2, 1, 0]))",0.9994613934520833,0.06277580477113341,0.729448,0.7291824550007417,0.5034706488193862,9.344751050437615,0.8431924403724174,0.7708751758125953,bayes,s-3-4-0,s-1-3-2
411,"[[   496  69869]
 [   190 429445]]","(array([0.        , 0.99295104, 1.        ]), array([0.        , 0.99955776, 1.        ]), array([2, 1, 0]))",0.9995577641486378,0.062067657032647806,0.859882,0.8600700160620371,0.5033033615740702,4.839616005047797,0.9245825120647098,0.8847636750064177,bayes,s-3-4-0,s-1-3-3
412,"[[   391  67320]
 [    87 182202]]","(array([0.        , 0.99422546, 1.        ]), array([0.        , 0.99952274, 1.        ]), array([2, 1, 0]))",0.9995227358754505,0.053888266625831426,0.730372,0.7302041503354414,0.502648638839056,9.31283651740298,0.8438969827077124,0.7717957906668803,bayes,s-3-4-0,s-1-4-0
413,"[[   14 23117]
 [    1 26868]]","(array([0.        , 0.99939475, 1.        ]), array([0.        , 0.99996278, 1.        ]), array([2, 1, 0]))",0.9999627823886263,0.016354200954184286,0.53764,0.5375212563769131,0.5002840153783087,15.969718339826777,0.6991958778983528,0.5923045381797017,bayes,s-3-4-0,s-1-4-1
414,"[[   397  67700]
 [    70 181833]]","(array([0.        , 0.99417008, 1.        ]), array([0.        , 0.99961518, 1.        ]), array([2, 1, 0]))",0.9996151795187544,0.05613933128293612,0.72892,0.7286931988955369,0.502722549302382,9.362988036116489,0.8429199232331099,0.7704559610520025,bayes,s-3-4-0,s-1-4-2
415,"[[   391  70108]
 [   210 429291]]","(array([0.        , 0.99445382, 1.        ]), array([0.        , 0.99951106, 1.        ]), array([2, 1, 0]))",0.9995110605097544,0.050795580835181355,0.859364,0.8596152575395626,0.5025286192348627,4.8575074734279315,0.9242997093336204,0.8843713292052192,bayes,s-3-4-0,s-1-4-3
416,"[[125245     84]
 [124627     44]]","(array([0.        , 0.00067024, 1.        ]), array([0.        , 0.00035293, 1.        ]), array([2, 1, 0]))",0.00035292890888819373,-0.007013332379273632,0.501156,0.34375,0.49984134648493983,17.22946164060756,0.0007051338552392246,0.0017574271266865308,bayes,s-3-4-0,s-2-1-0
417,"[[  160 24931]
 [   33 24876]]","(array([0.        , 0.99362321, 1.        ]), array([0.        , 0.99867518, 1.        ]), array([2, 1, 0]))",0.9986751776466337,0.040735562333545895,0.50072,0.4994478687734656,0.5025259830682652,17.24491897372165,0.6658814711708335,0.5549284589335987,bayes,s-3-4-0,s-2-1-1
418,"[[ 39210  85590]
 [   117 125083]]","(array([0.        , 0.68581731, 1.        ]), array([0.       , 0.9990655, 1.       ]), array([2, 1, 0]))",0.9990654952076677,0.4301779790821852,0.657172,0.5937305682265881,0.6566240937576799,11.841133384090641,0.7448231920993947,0.6461619684840871,bayes,s-3-4-0,s-2-1-2
419,"[[212320  37913]
 [178760  71007]]","(array([0.        , 0.15151079, 1.        ]), array([0.        , 0.28429296, 1.        ]), array([2, 1, 0]))",0.284292961039689,0.1608395907407134,0.566654,0.6519188395152405,0.5663910845488894,14.967301225903707,0.39592736842985665,0.5179612719874768,bayes,s-3-4-0,s-2-1-3
420,"[[64603 59884]
 [34367 91146]]","(array([0.        , 0.48104621, 1.        ]), array([0.        , 0.72618773, 1.        ]), array([2, 1, 0]))",0.7261877255742433,0.25063390435410915,0.622996,0.6034959941733431,0.6225707559566895,13.021448388356944,0.6591813931287358,0.6246016833120213,bayes,s-3-4-0,s-2-2-0
421,"[[11774 13385]
 [   25 24816]]","(array([0.        , 0.53201638, 1.        ]), array([0.       , 0.9989936, 1.       ]), array([2, 1, 0]))",0.9989935992914939,0.5498787758383434,0.7318,0.6496165021858067,0.7334886117209486,9.263513881347109,0.7872846673646141,0.6984716710293,bayes,s-3-4-0,s-2-2-1
422,"[[125155    122]
 [124675     48]]","(array([0.        , 0.00097384, 1.        ]), array([0.        , 0.00038485, 1.        ]), array([2, 1, 0]))",0.00038485283387987784,-0.01129716504298131,0.500812,0.2823529411764706,0.4997055054338385,17.241343101226217,0.0007686579712233672,0.0019138298126839073,bayes,s-3-4-0,s-2-2-2
423,"[[ 74075 176307]
 [   245 249373]]","(array([0.        , 0.70415206, 1.        ]), array([0.       , 0.9990185, 1.       ]), array([2, 1, 0]))",0.9990185002684101,0.41444831805078197,0.646896,0.5858226837060703,0.6474332223047286,12.196062049396792,0.7385569037669294,0.6386522210805711,bayes,s-3-4-0,s-2-2-3
424,"[[124743     55]
 [125164     38]]","(array([0.        , 0.00044071, 1.        ]), array([0.        , 0.00030351, 1.        ]), array([2, 1, 0]))",0.0003035095286017795,-0.0035574704366204825,0.499124,0.40860215053763443,0.4999313986688506,17.29964434148872,0.0006065684983439084,0.0015130520649178968,bayes,s-3-4-0,s-2-3-0
425,"[[ 7821 17265]
 [   22 24892]]","(array([0.        , 0.68823248, 1.        ]), array([0.        , 0.99911696, 1.        ]), array([2, 1, 0]))",0.9991169623504856,0.427425597264922,0.65426,0.5904594729226463,0.6554422410413036,11.941712651769068,0.7422582039927839,0.6430645544636308,bayes,s-3-4-0,s-2-3-1
426,"[[124903     71]
 [124973     53]]","(array([0.        , 0.00056812, 1.        ]), array([0.        , 0.00042391, 1.        ]), array([2, 1, 0]))",0.00042391182634012124,-0.003238331092186752,0.499824,0.4274193548387097,0.4999278968288805,17.275467249186516,0.0008469836196564124,0.0021111836968818213,bayes,s-3-4-0,s-2-3-2
427,"[[249578    231]
 [250109     82]]","(array([0.        , 0.00092471, 1.        ]), array([0.        , 0.00032775, 1.        ]), array([2, 1, 0]))",0.0003277495993061301,-0.011933329900475409,0.49932,0.26198083067092653,0.4997015215617793,17.292874934817892,0.0006546801647877878,0.0016305882446518694,bayes,s-3-4-0,s-2-3-3
428,"[[ 43870  81092]
 [   137 124901]]","(array([0.        , 0.64893328, 1.        ]), array([0.        , 0.99890433, 1.        ]), array([2, 1, 0]))",0.9989043330827428,0.45946772457784557,0.675084,0.6063361376357449,0.6749855286834626,11.222460434948037,0.7546181475450939,0.6580594514283306,bayes,s-3-4-0,s-2-4-0
429,"[[10546 14429]
 [   25 25000]]","(array([0.        , 0.57773774, 1.        ]), array([0.      , 0.999001, 1.      ]), array([2, 1, 0]))",0.999000999000999,0.5158547802797907,0.71092,0.6340510791549367,0.7106316306316307,9.984700228067187,0.775747044403761,0.6840282147958039,bayes,s-3-4-0,s-2-4-1
430,"[[ 37207  87853]
 [  2021 122919]]","(array([0.        , 0.70248681, 1.        ]), array([0.        , 0.98382424, 1.        ]), array([2, 1, 0]))",0.9838242356331038,0.38675232768874873,0.640504,0.5831846734860417,0.6406687146500718,12.416832946996951,0.732288390048613,0.6348938253852161,bayes,s-3-4-0,s-2-4-2
431,"[[ 89146 160496]
 [  9762 240596]]","(array([0.        , 0.64290464, 1.        ]), array([0.        , 0.96100784, 1.        ]), array([2, 1, 0]))",0.9610078367777343,0.3992729492388708,0.659484,0.5998524029399739,0.6590515986670253,11.761262647267714,0.738647632205081,0.6486025429093032,bayes,s-3-4-0,s-2-4-3
432,"[[  1938 189932]
 [    57  58073]]","(array([0.        , 0.98989941, 1.        ]), array([0.        , 0.99901944, 1.        ]), array([2, 1, 0]))",0.9990194391880268,0.04330102817409173,0.240044,0.23416060160077418,0.5045600140642276,26.24855783052719,0.37939471148349585,0.27649859543874683,bayes,s-3-4-0,s-3-1-0
433,"[[20630 19008]
 [   85 10277]]","(array([0.        , 0.47953984, 1.        ]), array([0.        , 0.99179695, 1.        ]), array([2, 1, 0]))",0.9917969503956765,0.4215029095271276,0.61814,0.3509305105002561,0.7561285574421492,13.189281129119655,0.5184251015209221,0.4030132860661009,bayes,s-3-4-0,s-3-1-1
434,"[[191888    220]
 [ 57875     17]]","(array([0.        , 0.00114519, 1.        ]), array([0.        , 0.00029365, 1.        ]), array([2, 1, 0]))",0.00029365024528432254,-0.011672080654561408,0.76762,0.07172995780590717,0.49957423054042804,8.026121562295081,0.0005849059849644755,0.0014445955132562883,bayes,s-3-4-0,s-3-1-2
435,"[[ 95467 237738]
 [   225 166570]]","(array([0.        , 0.71348869, 1.        ]), array([0.        , 0.99865104, 1.        ]), array([2, 1, 0]))",0.9986510387002009,0.34177907006646674,0.524074,0.4119878904201747,0.6425811727766697,16.438281883911976,0.5833273507580944,0.46683710504381387,bayes,s-3-4-0,s-3-1-3
436,"[[ 57456 134200]
 [ 13319  45025]]","(array([0.        , 0.70021288, 1.        ]), array([0.        , 0.77171603, 1.        ]), array([2, 1, 0]))",0.7717160290689703,0.06713441935519535,0.409924,0.25122053284976986,0.5357515738282198,20.380932243903846,0.37904777138431367,0.29039244418531457,bayes,s-3-4-0,s-3-2-0
437,"[[  262 39393]
 [   12 10333]]","(array([0.        , 0.99339301, 1.        ]), array([0.        , 0.99884002, 1.        ]), array([2, 1, 0]))",0.9988400193330111,0.02988855512743768,0.2119,0.207798737079194,0.5027235022903865,27.22063964766046,0.3440262356211816,0.24690679525350187,bayes,s-3-4-0,s-3-2-1
438,"[[191521    246]
 [ 58231      2]]","(array([0.        , 0.00128281, 1.        ]), array([0.        , 0.00003434, 1.        ]), array([2, 1, 0]))",3.434478731990452e-05,-0.016763569638003295,0.766092,0.008064516129032258,0.49937576902394565,8.07889689578464,6.83982832030916e-05,0.00016884761502743772,bayes,s-3-4-0,s-3-2-2
439,"[[333055    177]
 [166718     50]]","(array([0.        , 0.00053116, 1.        ]), array([0.        , 0.00029982, 1.        ]), array([2, 1, 0]))",0.0002998177108318143,-0.005120214799861609,0.66621,0.22026431718061673,0.49988432811887196,11.52869845591473,0.0005988203239617952,0.001490970681552518,bayes,s-3-4-0,s-3-2-3
440,"[[139493     68]
 [110407     32]]","(array([0.        , 0.00048724, 1.        ]), array([0.        , 0.00028975, 1.        ]), array([2, 1, 0]))",0.00028975271416800224,-0.004904604400676374,0.5581,0.32,0.49990125528816076,15.262685506401533,0.0005789811740652621,0.0014435352177482655,bayes,s-3-4-0,s-3-3-0
441,"[[12141 13459]
 [   24 24376]]","(array([0.        , 0.52574219, 1.        ]), array([0.        , 0.99901639, 1.        ]), array([2, 1, 0]))",0.9990163934426229,0.5513467330395353,0.73034,0.6442711774811682,0.7366371029713115,9.313941678287875,0.7833534184944163,0.6935245248662798,bayes,s-3-4-0,s-3-3-1
442,"[[138903    685]
 [110245    167]]","(array([0.       , 0.0049073, 1.       ]), array([0.        , 0.00151252, 1.        ]), array([2, 1, 0]))",0.001512516755425135,-0.028926477727262576,0.55628,0.1960093896713615,0.4983026090668835,15.325548052846727,0.0030018694276675293,0.007336144790019329,bayes,s-3-4-0,s-3-3-2
443,"[[331579   1323]
 [164674   2424]]","(array([0.        , 0.00397414, 1.        ]), array([0.        , 0.01450646, 1.        ]), array([2, 1, 0]))",0.014506457288537266,0.057606864564147084,0.668006,0.6469175340272217,0.5052661573740449,11.466668646186777,0.02837659867131025,0.06656195424140242,bayes,s-3-4-0,s-3-3-3
444,"[[ 39103 100227]
 [    96 110574]]","(array([0.        , 0.71934975, 1.        ]), array([0.        , 0.99913256, 1.        ]), array([2, 1, 0]))",0.9991325562483058,0.3821945373822537,0.598708,0.5245421036902101,0.639891405519545,13.860455222073044,0.6879251938744085,0.5796048534712132,bayes,s-3-4-0,s-3-4-0
445,"[[23081  2497]
 [24412    10]]","(array([0.        , 0.09762296, 1.        ]), array([0.        , 0.00040947, 1.        ]), array([2, 1, 0]))",0.0004094668741298829,-0.22266834054029863,0.46182,0.003988831272437176,0.45139325482263065,18.588118612108694,0.0007426937502320917,0.0014513788098693757,bayes,s-3-4-0,s-3-4-1
446,"[[134563   5085]
 [107765   2587]]","(array([0.        , 0.03641298, 1.        ]), array([0.        , 0.02344316, 1.        ]), array([2, 1, 0]))",0.023443163694359868,-0.03734093893114863,0.5486,0.33720020855057353,0.49351509124223036,15.59081992847441,0.04383854131363113,0.0917115711854793,bayes,s-3-4-0,s-3-4-2
447,"[[331329   1621]
 [166711    339]]","(array([0.       , 0.0048686, 1.       ]), array([0.        , 0.00202933, 1.        ]), array([2, 1, 0]))",0.002029332535169111,-0.021431804430923157,0.663336,0.17295918367346938,0.4985803668232235,11.627965208511077,0.004011596946926217,0.00969180627823203,bayes,s-3-4-0,s-3-4-3
448,"[[  1011 184986]
 [   545  63458]]","(array([0.        , 0.99456443, 1.        ]), array([0.        , 0.99148477, 1.        ]), array([2, 1, 0]))",0.9914847741512116,-0.017089763470683392,0.257876,0.25542174494050973,0.49846017284634403,25.632646550617583,0.4062000915355245,0.29995868702252554,bayes,s-2-1-0,s-0-1-0
449,"[[  419 38052]
 [  229 11300]]","(array([0.        , 0.98910868, 1.        ]), array([0.        , 0.98013705, 1.        ]), array([2, 1, 0]))",0.9801370457108162,-0.033411363724297954,0.23438,0.22896741773383045,0.49551418322295765,26.44418650909979,0.37121597871257045,0.2704164413196323,bayes,s-2-1-0,s-0-1-1
450,"[[   788 185430]
 [   554  63228]]","(array([0.       , 0.9957684, 1.       ]), array([0.        , 0.99131416, 1.        ]), array([2, 1, 0]))",0.9913141638706845,-0.026573924838651494,0.256064,0.2542769587143788,0.49777288169691203,25.695232233530195,0.4047369094866214,0.2986921941697672,bayes,s-2-1-0,s-0-1-2
451,"[[  1089 324066]
 [   134 174711]]","(array([0.        , 0.99665083, 1.        ]), array([0.        , 0.99923361, 1.        ]), array([2, 1, 0]))",0.9992336069089766,0.024934037553530755,0.3516,0.3502787819005287,0.5012913894211811,22.39546085914171,0.518721181909142,0.4025686270624294,bayes,s-2-1-0,s-0-1-3
452,"[[   318 185576]
 [   217  63889]]","(array([0.        , 0.99828935, 1.        ]), array([0.        , 0.99661498, 1.        ]), array([2, 1, 0]))",0.996614981436995,-0.015821614058835174,0.256828,0.2561040626941655,0.49916281687211195,25.66884507532939,0.4074930398538131,0.30080529885137564,bayes,s-2-1-0,s-0-2-0
453,"[[10835 27720]
 [ 3423  8022]]","(array([0.       , 0.7189729, 1.       ]), array([0.        , 0.70091743, 1.        ]), array([2, 1, 0]))",0.7009174311926606,-0.016801118370073673,0.37714,0.2244418331374853,0.49097226766480395,21.51326556214937,0.3400089007565643,0.25975792193662445,bayes,s-2-1-0,s-0-2-1
454,"[[   228 185681]
 [   193  63898]]","(array([0.        , 0.99877359, 1.        ]), array([0.        , 0.99698866, 1.        ]), array([2, 1, 0]))",0.9969886567536783,-0.019007565754700344,0.256504,0.2560231429727661,0.4991075316106794,25.680035974712258,0.4074218127331271,0.3007227926773826,bayes,s-2-1-0,s-0-2-2
455,"[[  1089 324066]
 [   134 174711]]","(array([0.        , 0.99665083, 1.        ]), array([0.        , 0.99923361, 1.        ]), array([2, 1, 0]))",0.9992336069089766,0.024934037553530755,0.3516,0.3502787819005287,0.5012913894211811,22.395460859141718,0.518721181909142,0.4025686270624294,bayes,s-2-1-0,s-0-2-3
456,"[[ 11160 126696]
 [  6472 105672]]","(array([0.        , 0.91904596, 1.        ]), array([0.        , 0.94228849, 1.        ]), array([2, 1, 0]))",0.9422884862319875,0.04514869692069584,0.467328,0.4547614129312126,0.5116212626146011,18.398244323013927,0.6134590377113134,0.5072502726532618,bayes,s-2-1-0,s-0-3-0
457,"[[  536 24855]
 [  847 23762]]","(array([0.        , 0.97889016, 1.        ]), array([0.       , 0.9655817, 1.       ]), array([2, 1, 0]))",0.9655816977528546,-0.04057042217765077,0.48596,0.48875907604335933,0.49334576991143975,17.754710097922437,0.6490044519706115,0.5423207365446852,bayes,s-2-1-0,s-0-3-1
458,"[[  1892 136135]
 [  2369 109604]]","(array([0.        , 0.98629254, 1.        ]), array([0.        , 0.97884311, 1.        ]), array([2, 1, 0]))",0.9788431139649737,-0.028619926006548092,0.445984,0.44601792959196546,0.4962752884987844,19.13547015598748,0.6128058326251287,0.5005073388320156,bayes,s-2-1-0,s-0-3-2
459,"[[  1089 324066]
 [   134 174711]]","(array([0.        , 0.99665083, 1.        ]), array([0.        , 0.99923361, 1.        ]), array([2, 1, 0]))",0.9992336069089766,0.024934037553530755,0.3516,0.3502787819005287,0.5012913894211811,22.395460859141707,0.518721181909142,0.4025686270624294,bayes,s-2-1-0,s-0-3-3
460,"[[  1695 136122]
 [   569 111614]]","(array([0.        , 0.98770108, 1.        ]), array([0.        , 0.99492793, 1.        ]), array([2, 1, 0]))",0.9949279302568125,0.03794294993297813,0.453236,0.4505360545096393,0.5036134241936885,18.884994907992517,0.62021732667628,0.5058982329323821,bayes,s-2-1-0,s-0-4-0
461,"[[  809 24535]
 [ 1541 23115]]","(array([0.        , 0.96807923, 1.        ]), array([0.    , 0.9375, 1.    ]), array([2, 1, 0]))",0.9375,-0.07223705791176686,0.47848,0.485099685204617,0.4847103851010101,18.013055027932815,0.6393660277155423,0.5369188315308285,bayes,s-2-1-0,s-0-4-1
462,"[[   430 137383]
 [    49 112138]]","(array([0.        , 0.99687983, 1.        ]), array([0.        , 0.99956323, 1.        ]), array([2, 1, 0]))",0.999563229251161,0.030519707075594444,0.450272,0.44941307545256715,0.5013416996683558,18.98737187439647,0.6200471098233935,0.5050028326417605,bayes,s-2-1-0,s-0-4-2
463,"[[  1089 324066]
 [   134 174711]]","(array([0.        , 0.99665083, 1.        ]), array([0.        , 0.99923361, 1.        ]), array([2, 1, 0]))",0.9992336069089766,0.024934037553530755,0.3516,0.3502787819005287,0.5012913894211811,22.395460859141703,0.518721181909142,0.4025686270624294,bayes,s-2-1-0,s-0-4-3
464,"[[    52   8761]
 [   129 241058]]","(array([0.        , 0.99409963, 1.        ]), array([0.        , 0.99946515, 1.        ]), array([2, 1, 0]))",0.9994651453021929,0.03678735898516721,0.96444,0.9649306097614673,0.5026827598745164,1.228226909695368,0.9818943149370882,0.9716452647116439,bayes,s-2-1-0,s-1-1-0
465,"[[    7  1329]
 [   25 48639]]","(array([0.        , 0.99476048, 1.        ]), array([0.        , 0.99948627, 1.        ]), array([2, 1, 0]))",0.9994862732204505,0.030134289843557555,0.97292,0.9734029779058597,0.5023628970892672,0.9353313180738767,0.9862722037472624,0.9785101554704346,bayes,s-2-1-0,s-1-1-1
466,"[[    43   8906]
 [    98 240953]]","(array([0.        , 0.99519499, 1.        ]), array([0.        , 0.99959345, 1.        ]), array([2, 1, 0]))",0.9995934470298816,0.03441792157964059,0.963984,0.9643558967257533,0.5021992265879098,1.2439770554979575,0.981658552484162,0.9712032451770958,bayes,s-2-1-0,s-1-1-2
467,"[[   537  69972]
 [   225 429266]]","(array([0.        , 0.99238395, 1.        ]), array([0.        , 0.99947612, 1.        ]), array([2, 1, 0]))",0.9994761240631352,0.06327721173927421,0.859606,0.8598423998173216,0.5035460865390773,4.84914887204986,0.9244160567829798,0.8845581783705614,bayes,s-2-1-0,s-1-1-3
468,"[[    46   8867]
 [   137 240950]]","(array([0.      , 0.994839, 1.      ]), array([0.        , 0.99943174, 1.        ]), array([2, 1, 0]))",0.9994317404090639,0.03148721746660336,0.963984,0.9645060184054728,0.5022963705972168,1.243976930760758,0.9816583283085899,0.9712945084270229,bayes,s-2-1-0,s-1-2-0
469,"[[    3  1382]
 [   22 48593]]","(array([0.        , 0.99783394, 1.        ]), array([0.        , 0.99954746, 1.        ]), array([2, 1, 0]))",0.9995474647742466,0.012579265298682052,0.97192,0.9723461730865433,0.500856764878098,0.9698709420420633,0.9857592047875038,0.9776673440234995,bayes,s-2-1-0,s-1-2-1
470,"[[    44   8777]
 [   125 241054]]","(array([0.       , 0.9950119, 1.       ]), array([0.        , 0.99948171, 1.        ]), array([2, 1, 0]))",0.9994817127527686,0.031728616783150865,0.964392,0.9648682509376338,0.5022349046702286,1.2298848221365597,0.9818700230137879,0.9715978115329024,bayes,s-2-1-0,s-1-2-2
471,"[[   494  70017]
 [   230 429259]]","(array([0.      , 0.992994, 1.      ]), array([0.        , 0.99946448, 1.        ]), array([2, 1, 0]))",0.9994644798819061,0.05922448048678017,0.859506,0.8597629367323885,0.503235239472941,4.852602821653123,0.9243651515722492,0.884489075835956,bayes,s-2-1-0,s-1-2-3
472,"[[   368  67632]
 [    72 181928]]","(array([0.        , 0.99458824, 1.        ]), array([0.       , 0.9996044, 1.       ]), array([2, 1, 0]))",0.9996043956043956,0.05325344786565726,0.729184,0.7289950312550089,0.5025080801551389,9.35386958165773,0.8431179905459264,0.7707245983867688,bayes,s-2-1-0,s-1-3-0
473,"[[    2 23038]
 [    4 26956]]","(array([0.        , 0.99991319, 1.        ]), array([0.        , 0.99985163, 1.        ]), array([2, 1, 0]))",0.9998516320474777,-0.002801445217167719,0.53916,0.5391847021642597,0.4999692188015166,15.917218136342575,0.7005743691036204,0.5939119399302005,bayes,s-2-1-0,s-1-3-1
474,"[[   363  67686]
 [    64 181887]]","(array([0.        , 0.99466561, 1.        ]), array([0.        , 0.99964826, 1.        ]), array([2, 1, 0]))",0.9996482569482993,0.05370758163142604,0.729,0.7287927780649349,0.5024913241713679,9.360224889227437,0.8429983036864694,0.7705489462763176,bayes,s-2-1-0,s-1-3-2
475,"[[   370  69995]
 [   136 429499]]","(array([0.       , 0.9947417, 1.       ]), array([0.        , 0.99968345, 1.        ]), array([2, 1, 0]))",0.9996834522327092,0.05404660203639825,0.859738,0.8598681866048441,0.5024708741302819,4.844589790347217,0.9245196307509507,0.8846124852787369,bayes,s-2-1-0,s-1-3-3
476,"[[   322  67389]
 [    72 182217]]","(array([0.        , 0.99524449, 1.        ]), array([0.        , 0.99960502, 1.        ]), array([2, 1, 0]))",0.9996050227934763,0.04885098042028522,0.730156,0.7300185091704526,0.5021802639037163,9.32029711379317,0.8438023130622025,0.7716396787364923,bayes,s-2-1-0,s-1-4-0
477,"[[    2 23129]
 [    1 26868]]","(array([0.        , 0.99991354, 1.        ]), array([0.        , 0.99996278, 1.        ]), array([2, 1, 0]))",0.9999627823886263,0.0031700433943145476,0.5374,0.5373922435346121,0.5000246232205983,15.97800783806494,0.6990867223479823,0.5921792142186488,bayes,s-2-1-0,s-1-4-1
478,"[[    21  68076]
 [    81 181822]]","(array([0.        , 0.99969162, 1.        ]), array([0.        , 0.99955471, 1.        ]), array([2, 1, 0]))",0.9995547077288445,-0.0030180977876635893,0.727372,0.7275848546206852,0.49993154567903964,9.416455264570342,0.8421564563305781,0.7694573400649177,bayes,s-2-1-0,s-1-4-2
479,"[[    18  70481]
 [   182 429319]]","(array([0.        , 0.99974468, 1.        ]), array([0.        , 0.99957625, 1.        ]), array([2, 1, 0]))",0.999576252441787,-0.00293134174529863,0.858674,0.8589815926370549,0.4999157876061614,4.8813398256401035,0.9239611277723795,0.8838449030984052,bayes,s-2-1-0,s-1-4-3
480,"[[ 35025  90304]
 [   132 124539]]","(array([0.        , 0.72053555, 1.        ]), array([0.        , 0.99894121, 1.        ]), array([2, 1, 0]))",0.9989412132733354,0.40042396793131096,0.638256,0.5796744599544784,0.6392028314210352,12.494483955585913,0.7336310137431741,0.6327924694347707,bayes,s-2-1-0,s-2-1-0
481,"[[ 1535 23556]
 [   34 24875]]","(array([0.        , 0.93882269, 1.        ]), array([0.        , 0.99863503, 1.        ]), array([2, 1, 0]))",0.9986350315147136,0.17153580269100446,0.5282,0.5136173112262807,0.5299061730448305,16.295771409460176,0.6783474229615489,0.5688756958007255,bayes,s-2-1-0,s-2-1-1
482,"[[ 49697  75103]
 [   131 125069]]","(array([0.        , 0.60178686, 1.        ]), array([0.        , 0.99895367, 1.        ]), array([2, 1, 0]))",0.9989536741214058,0.49710029325320493,0.699064,0.6248076654077493,0.6985834075735233,10.394201421842043,0.7687754324281131,0.6754002643948297,bayes,s-2-1-0,s-2-1-2
483,"[[ 80620 169613]
 [  6149 243618]]","(array([0.        , 0.67782027, 1.        ]), array([0.        , 0.97538106, 1.        ]), array([2, 1, 0]))",0.9753810551433937,0.39285905763958384,0.648476,0.5895443468665226,0.6487803918182191,12.141480077682434,0.7348981444891237,0.6401932841433527,bayes,s-2-1-0,s-2-1-3
484,"[[ 40642  83845]
 [   276 125237]]","(array([0.        , 0.67352414, 1.        ]), array([0.        , 0.99780102, 1.        ]), array([2, 1, 0]))",0.9978010245950618,0.4382347595375153,0.663516,0.5989850871906716,0.6621384407559241,11.622013805451271,0.748588592178604,0.6510275606883049,bayes,s-2-1-0,s-2-2-0
485,"[[11718 13441]
 [   22 24819]]","(array([0.        , 0.53424222, 1.        ]), array([0.        , 0.99911437, 1.        ]), array([2, 1, 0]))",0.9991143673765146,0.5483504706267461,0.73074,0.6486931521170936,0.7324360739462167,9.300125879874836,0.7866436348076892,0.6976293139795706,bayes,s-2-1-0,s-2-2-1
486,"[[ 36855  88422]
 [   141 124582]]","(array([0.        , 0.70581192, 1.        ]), array([0.        , 0.99886949, 1.        ]), array([2, 1, 0]))",0.9988694948004778,0.4126583447796487,0.645748,0.5848810350979324,0.646528787008467,12.235713423465793,0.7377674867570553,0.6377445765962043,bayes,s-2-1-0,s-2-2-2
487,"[[ 88022 162360]
 [   257 249361]]","(array([0.        , 0.64844917, 1.        ]), array([0.        , 0.99897043, 1.        ]), array([2, 1, 0]))",0.998970426812169,0.45964617491879894,0.674766,0.6056552859824978,0.6752606285717114,11.23344404729991,0.754109465795908,0.6574235091763678,bayes,s-2-1-0,s-2-2-3
488,"[[ 36763  88035]
 [   115 125087]]","(array([0.        , 0.70541996, 1.        ]), array([0.        , 0.99908148, 1.        ]), array([2, 1, 0]))",0.9990814843213367,0.41405561185733614,0.6474,0.5869267367986412,0.6468307628340766,12.178654127084574,0.7394509405185561,0.6397068600476634,bayes,s-2-1-0,s-2-3-0
489,"[[ 5044 20042]
 [   21 24893]]","(array([0.        , 0.79893168, 1.        ]), array([0.       , 0.9991571, 1.       ]), array([2, 1, 0]))",0.9991571004254636,0.33179861295503765,0.59874,0.5539779681762546,0.6001127126937968,13.859349926855781,0.7127661097510344,0.6081728185131978,bayes,s-2-1-0,s-2-3-1
490,"[[ 39192  85782]
 [   131 124895]]","(array([0.        , 0.68639877, 1.        ]), array([0.        , 0.99895222, 1.        ]), array([2, 1, 0]))",0.9989522179386687,0.4292422000246388,0.656348,0.5928269341219022,0.6562767234971562,11.869593949930877,0.7440803329133191,0.6452961247615564,bayes,s-2-1-0,s-2-3-2
491,"[[ 72895 176914]
 [   284 249907]]","(array([0.        , 0.70819706, 1.        ]), array([0.        , 0.99886487, 1.        ]), array([2, 1, 0]))",0.9988648672414275,0.4111693068060899,0.645604,0.5855077421214046,0.6453339023428175,12.240687119210298,0.7382646097853509,0.6383402086872119,bayes,s-2-1-0,s-2-3-3
492,"[[107272  17690]
 [120842   4196]]","(array([0.        , 0.14156304, 1.        ]), array([0.       , 0.0335578, 1.       ]), array([2, 1, 0]))",0.0335577984292775,-0.1910713792949377,0.445872,0.19172073471625697,0.445997381633294,19.138959665673223,0.057117965751000525,0.09869132852264069,bayes,s-2-1-0,s-2-4-0
493,"[[11532 13443]
 [   25 25000]]","(array([0.        , 0.53825826, 1.        ]), array([0.      , 0.999001, 1.      ]), array([2, 1, 0]))",0.999000999000999,0.5464709756058878,0.73064,0.6503134510834222,0.7303713703713703,9.303579789498224,0.7877985756601752,0.6991168755627891,bayes,s-2-1-0,s-2-4-1
494,"[[ 53127  71933]
 [  3631 121309]]","(array([0.        , 0.57518791, 1.        ]), array([0.        , 0.97093805, 1.        ]), array([2, 1, 0]))",0.9709380502641268,0.47235306416722583,0.697744,0.6277569058486251,0.6978750702304163,10.439782467787909,0.7625132785638409,0.6755090721989336,bayes,s-2-1-0,s-2-4-2
495,"[[ 99596 150046]
 [  4187 246171]]","(array([0.       , 0.6010447, 1.       ]), array([0.        , 0.98327595, 1.        ]), array([2, 1, 0]))",0.9832759488412594,0.47123343220174635,0.691534,0.6213034776397782,0.6911156264182903,10.654278152224542,0.7614615473842942,0.6706830657368629,bayes,s-2-1-0,s-2-4-3
496,"[[   185 191685]
 [    54  58076]]","(array([0.        , 0.99903581, 1.        ]), array([0.        , 0.99907105, 1.        ]), array([2, 1, 0]))",0.9990710476518149,0.0004817313794826284,0.233044,0.23252629513815207,0.5000176210792561,26.49033487206874,0.3772503905602957,0.2746756919863712,bayes,s-2-1-0,s-3-1-0
497,"[[ 8609 31029]
 [   16 10346]]","(array([0.        , 0.78280943, 1.        ]), array([0.       , 0.9984559, 1.       ]), array([2, 1, 0]))",0.9984558965450685,0.23135104274510446,0.3791,0.2500543806646526,0.6078232356230564,21.445622477773274,0.39994588012447574,0.2941510957455278,bayes,s-2-1-0,s-3-1-1
498,"[[   770 191338]
 [    71  57821]]","(array([0.        , 0.99599184, 1.        ]), array([0.        , 0.99877358, 1.        ]), array([2, 1, 0]))",0.9987735783873419,0.020265733269522846,0.234364,0.23206466553485927,0.5013908702314206,26.44474257738623,0.3766214733057375,0.2741558308551314,bayes,s-2-1-0,s-3-1-2
499,"[[  1472 331733]
 [   165 166630]]","(array([0.       , 0.9955823, 1.       ]), array([0.        , 0.99901076, 1.        ]), array([2, 1, 0]))",0.9990107617134806,0.028297589384278267,0.336204,0.334354677213196,0.5017142312641472,22.927232121544755,0.5010238168976394,0.38567349011478774,bayes,s-2-1-0,s-3-1-3
500,"[[    78 191578]
 [    33  58311]]","(array([0.        , 0.99959302, 1.        ]), array([0.        , 0.99943439, 1.        ]), array([2, 1, 0]))",0.9994343891402715,-0.003185034924411646,0.233556,0.23334760633721371,0.4999206841556431,26.472650676326857,0.3783566328069999,0.275597882597599,bayes,s-2-1-0,s-3-2-0
501,"[[   49 39606]
 [   13 10332]]","(array([0.        , 0.99876434, 1.        ]), array([0.        , 0.99874335, 1.        ]), array([2, 1, 0]))",0.9987433542774287,-0.0002415891966064344,0.20762,0.20689655172413793,0.4999895059118829,27.368469016915732,0.3427832058789377,0.24588642388991755,bayes,s-2-1-0,s-3-2-1
502,"[[   173 191594]
 [    56  58177]]","(array([0.        , 0.99909786, 1.        ]), array([0.        , 0.99903835, 1.        ]), array([2, 1, 0]))",0.9990383459550427,-0.0008316262101019574,0.2334,0.23292135596206126,0.4999702412009383,26.478038776618693,0.3777678211971273,0.27511616667470595,bayes,s-2-1-0,s-3-2-2
503,"[[  2473 330759]
 [   203 166565]]","(array([0.        , 0.99257874, 1.        ]), array([0.        , 0.99878274, 1.        ]), array([2, 1, 0]))",0.9987827400940228,0.04009022249490002,0.338076,0.33492250524808775,0.5031019980779329,22.862573974517677,0.5016323039578854,0.38627100123187436,bayes,s-2-1-0,s-3-2-3
504,"[[  1609 137952]
 [    99 110340]]","(array([0.        , 0.98847099, 1.        ]), array([0.        , 0.99910358, 1.        ]), array([2, 1, 0]))",0.9991035775405428,0.06409983202082571,0.447796,0.4443961142525736,0.5053162931805293,19.072891704634017,0.6151684688527057,0.4999062166151538,bayes,s-2-1-0,s-3-3-0
505,"[[ 9947 15653]
 [   21 24379]]","(array([0.        , 0.61144531, 1.        ]), array([0.        , 0.99913934, 1.        ]), array([2, 1, 0]))",0.9991393442622951,0.4850609942291676,0.68652,0.6089878097521982,0.6938470158811476,10.827465946248099,0.7567357834616341,0.6605772565681088,bayes,s-2-1-0,s-3-3-1
506,"[[ 41312  98276]
 [   135 110277]]","(array([0.        , 0.70404333, 1.        ]), array([0.        , 0.99877731, 1.        ]), array([2, 1, 0]))",0.9987773068144767,0.393556978071163,0.606356,0.52877206273705,0.6473669896539072,13.59629642014642,0.6914677158935933,0.5837084384898118,bayes,s-2-1-0,s-3-3-2
507,"[[  3581 329321]
 [   169 166929]]","(array([0.        , 0.98924308, 1.        ]), array([0.        , 0.99898862, 1.        ]), array([2, 1, 0]))",0.9989886174580187,0.05328239098614823,0.34102,0.3363808564231738,0.5048727684558959,22.760889517168856,0.5032923895150057,0.3878285282547542,bayes,s-2-1-0,s-3-3-3
508,"[[ 40816  98514]
 [    92 110578]]","(array([0.        , 0.70705519, 1.        ]), array([0.       , 0.9991687, 1.       ]), array([2, 1, 0]))",0.9991686997379597,0.3922076680396565,0.605576,0.5288485451380254,0.6460567535150001,13.623237426951206,0.6916268975050194,0.5838097309717246,bayes,s-2-1-0,s-3-4-0
509,"[[24998   580]
 [24415     7]]","(array([0.        , 0.02267574, 1.        ]), array([0.        , 0.00028663, 1.        ]), array([2, 1, 0]))",0.00028662681189091805,-0.10390132271368803,0.5001,0.01192504258943782,0.4888054449252198,17.26594359514604,0.0005597984725498822,0.0013074336944340682,bayes,s-2-1-0,s-3-4-1
510,"[[ 44087  95561]
 [  1679 108673]]","(array([0.        , 0.68429909, 1.        ]), array([0.        , 0.98478505, 1.        ]), array([2, 1, 0]))",0.9847850514716543,0.3858301346199297,0.61104,0.5321004338161129,0.65024297830228,13.434508107884568,0.6908953354567591,0.5859722114380862,bayes,s-2-1-0,s-3-4-2
511,"[[  1463 331487]
 [   147 166903]]","(array([0.        , 0.99560595, 1.        ]), array([0.        , 0.99912002, 1.        ]), array([2, 1, 0]))",0.9991200239449267,0.02925677409060921,0.336732,0.33488432753466163,0.501757038553031,22.908995254206303,0.501632002885309,0.3862404598701293,bayes,s-2-1-0,s-3-4-3
512,"[[ 16045 169952]
 [  3187  60816]]","(array([0.        , 0.91373517, 1.        ]), array([0.        , 0.95020546, 1.        ]), array([2, 1, 0]))",0.9502054591191038,0.05972997730529239,0.307444,0.2635374055328295,0.5182351456737903,23.920580397683587,0.4126321788778408,0.30806169743940426,bayes,s-3-2-0,s-0-1-0
513,"[[27348 11123]
 [ 2414  9115]]","(array([0.        , 0.28912687, 1.        ]), array([0.        , 0.79061497, 1.        ]), array([2, 1, 0]))",0.7906149709428398,0.43033664918526565,0.72926,0.45039035477814016,0.750744048077019,9.35120619960244,0.5738659615324079,0.49280392729317374,bayes,s-3-2-0,s-0-1-1
514,"[[103148  83070]
 [ 11368  52414]]","(array([0.        , 0.44609007, 1.        ]), array([0.       , 0.8217679, 1.       ]), array([2, 1, 0]))",0.8217678968988116,0.32869899233459404,0.622248,0.3868648696525051,0.6878389152087954,13.047357550964406,0.5260706793933736,0.4326600827447757,bayes,s-3-2-0,s-0-1-2
515,"[[162689 162466]
 [ 31655 143190]]","(array([0.        , 0.49965709, 1.        ]), array([0.        , 0.81895393, 1.        ]), array([2, 1, 0]))",0.8189539306242672,0.3123664785933945,0.611758,0.46846782003297827,0.65964842200202,13.409663439905101,0.5960029219502145,0.5123190568091314,bayes,s-3-2-0,s-0-1-3
516,"[[119054  66840]
 [ 12136  51970]]","(array([0.        , 0.35955975, 1.        ]), array([0.        , 0.81068855, 1.        ]), array([2, 1, 0]))",0.8106885470938757,0.39446249127520894,0.684096,0.43742109250063127,0.7255643989947737,10.911151398626803,0.5682389730805396,0.4817872015366759,bayes,s-3-2-0,s-0-2-0
517,"[[  569 37986]
 [  444 11001]]","(array([0.        , 0.98524186, 1.        ]), array([0.        , 0.96120577, 1.        ]), array([2, 1, 0]))",0.9612057667103538,-0.07167488911129508,0.2314,0.22456978382019718,0.4879819522178407,26.54711100728802,0.3640786338363781,0.26522110196583293,bayes,s-3-2-0,s-0-2-1
518,"[[92364 93545]
 [11507 52584]]","(array([0.        , 0.50317629, 1.        ]), array([0.        , 0.82045841, 1.        ]), array([2, 1, 0]))",0.8204584106972898,0.2811117346764432,0.579792,0.3598464370521936,0.6586410627627561,14.513769344719059,0.5002759014365903,0.4053610275559777,bayes,s-3-2-0,s-0-2-2
519,"[[162689 162466]
 [ 31655 143190]]","(array([0.        , 0.49965709, 1.        ]), array([0.        , 0.81895393, 1.        ]), array([2, 1, 0]))",0.8189539306242672,0.3123664785933945,0.611758,0.46846782003297827,0.65964842200202,13.409663439905104,0.5960029219502145,0.5123190568091314,bayes,s-3-2-0,s-0-2-3
520,"[[  4457 133399]
 [  4401 107743]]","(array([0.        , 0.96766916, 1.        ]), array([0.        , 0.96075581, 1.        ]), array([2, 1, 0]))",0.9607558139534884,-0.018598803826251863,0.4488,0.44680312844713904,0.49654332596467365,19.038200210865128,0.6099477477171471,0.5003334224936659,bayes,s-3-2-0,s-0-3-0
521,"[[  768 24623]
 [ 1186 23423]]","(array([0.        , 0.96975306, 1.        ]), array([0.        , 0.95180625, 1.        ]), array([2, 1, 0]))",0.9518062497460279,-0.04630024721701012,0.48382,0.4875119676976231,0.4910265938187034,17.82861936927547,0.6447732434106394,0.540215781874876,bayes,s-3-2-0,s-0-3-1
522,"[[  4006 134021]
 [   855 111118]]","(array([0.        , 0.97097669, 1.        ]), array([0.        , 0.99236423, 1.        ]), array([2, 1, 0]))",0.992364230662749,0.07702477774204498,0.460496,0.45328568689600596,0.5106937688484401,18.634236671548653,0.6223145679786733,0.5085357001965165,bayes,s-3-2-0,s-0-3-2
523,"[[162689 162466]
 [ 31655 143190]]","(array([0.        , 0.49965709, 1.        ]), array([0.        , 0.81895393, 1.        ]), array([2, 1, 0]))",0.8189539306242672,0.3123664785933945,0.611758,0.46846782003297827,0.65964842200202,13.409663439905101,0.5960029219502145,0.5123190568091314,bayes,s-3-2-0,s-0-3-3
524,"[[68695 69122]
 [19964 92219]]","(array([0.        , 0.50154916, 1.        ]), array([0.        , 0.82204077, 1.        ]), array([2, 1, 0]))",0.8220407726660902,0.33319448819480657,0.643656,0.5715782101263783,0.660245808450781,12.307906814762333,0.674302803410304,0.608668505056452,bayes,s-3-2-0,s-0-4-0
525,"[[  441 24903]
 [   48 24608]]","(array([0.        , 0.98259943, 1.        ]), array([0.        , 0.99805321, 1.        ]), array([2, 1, 0]))",0.9980532121998702,0.07851060935034859,0.50098,0.497020864050413,0.5077268901908442,17.23593844408441,0.6635835344560249,0.5524921418949259,bayes,s-3-2-0,s-0-4-1
526,"[[68822 68991]
 [20196 91991]]","(array([0.        , 0.50061315, 1.        ]), array([0.        , 0.81997914, 1.        ]), array([2, 1, 0]))",0.8199791419683208,0.3317244276747556,0.643252,0.5714365581245108,0.6596829961327313,12.32186006143682,0.6735098052853727,0.6083135501874715,bayes,s-3-2-0,s-0-4-2
527,"[[162689 162466]
 [ 31655 143190]]","(array([0.        , 0.49965709, 1.        ]), array([0.        , 0.81895393, 1.        ]), array([2, 1, 0]))",0.8189539306242672,0.3123664785933945,0.611758,0.46846782003297827,0.65964842200202,13.409663439905101,0.5960029219502145,0.5123190568091314,bayes,s-3-2-0,s-0-4-3
528,"[[    46   8767]
 [    16 241171]]","(array([0.        , 0.99478044, 1.        ]), array([0.        , 0.99993366, 1.        ]), array([2, 1, 0]))",0.9999336614328301,0.06035396640924473,0.964868,0.9649233009786427,0.5025766117217482,1.2134443325886848,0.9821165691015524,0.9717278609182242,bayes,s-3-2-0,s-1-1-0
529,"[[   10  1326]
 [    7 48657]]","(array([0.        , 0.99251497, 1.        ]), array([0.        , 0.99985616, 1.        ]), array([2, 1, 0]))",0.9998561565017261,0.06421518889507696,0.97334,0.9734709801332453,0.503670593220923,0.9208249840121684,0.9864871714294403,0.9786360198876892,bayes,s-3-2-0,s-1-1-1
530,"[[    61   8888]
 [    68 240983]]","(array([0.       , 0.9931836, 1.       ]), array([0.       , 0.9997179, 1.       ]), array([2, 1, 0]))",0.9997179020207342,0.053455009933080645,0.964176,0.9644296456971797,0.5032671530441138,1.237345552859119,0.9817567760255194,0.9712865819988957,bayes,s-3-2-0,s-1-1-2
531,"[[   442  70067]
 [    76 429415]]","(array([0.       , 0.9937313, 1.       ]), array([0.        , 0.99982305, 1.        ]), array([2, 1, 0]))",0.9998230463502146,0.06590472567003317,0.859714,0.8597206706147569,0.50304587481816,4.845418836122724,0.924494038039857,0.8845094316226411,bayes,s-3-2-0,s-1-1-3
532,"[[    45   8868]
 [    20 241067]]","(array([0.        , 0.99495119, 1.        ]), array([0.        , 0.99991704, 1.        ]), array([2, 1, 0]))",0.9999170423954837,0.057111295534670356,0.964448,0.9645187748814692,0.5024829237558032,1.2279509417119094,0.9818989780498633,0.9713964960465883,bayes,s-3-2-0,s-1-2-0
533,"[[    3  1382]
 [    5 48610]]","(array([0.        , 0.99783394, 1.        ]), array([0.        , 0.99989715, 1.        ]), array([2, 1, 0]))",0.9998971510850561,0.026770685594660577,0.97226,0.9723555768923028,0.5010316080335028,0.9581277580677937,0.9859340614763658,0.9777418407533902,bayes,s-3-2-0,s-1-2-1
534,"[[    42   8779]
 [    24 241155]]","(array([0.        , 0.99523864, 1.        ]), array([0.        , 0.99990049, 1.        ]), array([2, 1, 0]))",0.9999004888485316,0.05294228303038318,0.964788,0.964874726927909,0.5023309268865717,1.2162074730809547,0.982075408307253,0.9716821861287841,bayes,s-3-2-0,s-1-2-2
535,"[[   380  70131]
 [    34 429455]]","(array([0.        , 0.99461077, 1.        ]), array([0.        , 0.99992084, 1.        ]), array([2, 1, 0]))",0.9999208361564557,0.06425384113001148,0.85967,0.8596217668229293,0.502655033102834,4.846938644632568,0.9244786481177516,0.8844409809076654,bayes,s-3-2-0,s-1-2-3
536,"[[ 63494   4506]
 [124800  57200]]","(array([0.        , 0.06626471, 1.        ]), array([0.        , 0.31428571, 1.        ]), array([2, 1, 0]))",0.3142857142857143,0.2559744869074065,0.482776,0.9269763070041811,0.6240105042016807,17.86429849402536,0.46941806931302466,0.6669402831931049,bayes,s-3-2-0,s-1-3-0
537,"[[   16 23024]
 [    3 26957]]","(array([0.        , 0.99930556, 1.        ]), array([0.        , 0.99988872, 1.        ]), array([2, 1, 0]))",0.9998887240356084,0.014914749131438077,0.53946,0.5393449510814109,0.5002915842400264,15.906856279536823,0.7007187325353194,0.5940700974947549,bayes,s-3-2-0,s-1-3-1
538,"[[ 63657   4392]
 [124860  57091]]","(array([0.        , 0.06454173, 1.        ]), array([0.        , 0.31377129, 1.        ]), array([2, 1, 0]))",0.31377129007260196,0.25759348080225425,0.482992,0.928565619764813,0.6246147813939256,17.856837753707637,0.4690470517676249,0.6671333051324778,bayes,s-3-2-0,s-1-3-2
539,"[[   428  69937]
 [    98 429537]]","(array([0.        , 0.99391743, 1.        ]), array([0.       , 0.9997719, 1.       ]), array([2, 1, 0]))",0.9997718994029816,0.06280097094106084,0.85993,0.8599786975898646,0.5029272344311149,4.837958252526089,0.9246213307588238,0.8847199067694707,bayes,s-3-2-0,s-1-3-3
540,"[[   333  67378]
 [    27 182262]]","(array([0.        , 0.99508204, 1.        ]), array([0.        , 0.99985188, 1.        ]), array([2, 1, 0]))",0.9998518835475536,0.05589920818293416,0.73038,0.7300993430539977,0.5023849218508691,9.312560392698426,0.8439442593574406,0.7717413488092042,bayes,s-3-2-0,s-1-4-0
541,"[[  114 23017]
 [    0 26869]]","(array([0.        , 0.99507155, 1.        ]), array([0., 1., 1.]), array([2, 1, 0]))",1.0,0.051521871704548826,0.53966,0.538608026299964,0.5024642254982491,15.899948412314199,0.700123770438408,0.5933625719371238,bayes,s-3-2-0,s-1-4-1
542,"[[ 63554   4543]
 [125121  56782]]","(array([0.        , 0.06671366, 1.        ]), array([0.        , 0.31215538, 1.        ]), array([2, 1, 0]))",0.312155379515456,0.25395475589958627,0.481344,0.9259192825112108,0.622720860528834,17.9137581401633,0.4669034815070633,0.6645786663483169,bayes,s-3-2-0,s-1-4-2
543,"[[   357  70142]
 [   189 429312]]","(array([0.       , 0.9949361, 1.       ]), array([0.        , 0.99955995, 1.        ]), array([2, 1, 0]))",0.9995599544587789,0.04872297590666057,0.859338,0.8595626424055068,0.5023119280372023,4.858405535986825,0.9242901970493728,0.8843344318026858,bayes,s-3-2-0,s-1-4-3
544,"[[ 26785  98544]
 [   128 124543]]","(array([0.       , 0.7862825, 1.       ]), array([0.       , 0.9989733, 1.       ]), array([2, 1, 0]))",0.998973297719598,0.34311445317374395,0.605312,0.5582709884484528,0.6063453966356529,13.63235575987115,0.716262458376227,0.6122943622488861,bayes,s-3-2-0,s-2-1-0
545,"[[20463  4628]
 [24347   562]]","(array([0.        , 0.18444861, 1.        ]), array([0.        , 0.02256213, 1.        ]), array([2, 1, 0]))",0.022562126139146495,-0.26538511671846415,0.4205,0.10828516377649326,0.4190567595344411,20.01529493158888,0.037343433336655706,0.06152970286189757,bayes,s-3-2-0,s-2-1-1
546,"[[108745  16055]
 [ 89505  35695]]","(array([0.        , 0.12864583, 1.        ]), array([0.        , 0.28510383, 1.        ]), array([2, 1, 0]))",0.28510383386581467,0.1930836312775128,0.57776,0.6897584541062802,0.5782290002662407,14.583704295134057,0.40344730149759817,0.537251655629139,bayes,s-3-2-0,s-2-1-2
547,"[[ 69487 180746]
 [   340 249427]]","(array([0.        , 0.72231081, 1.        ]), array([0.        , 0.99863873, 1.        ]), array([2, 1, 0]))",0.9986387312975693,0.3985945257665844,0.637828,0.5798295104527713,0.6381639624845337,12.509266772571829,0.7336735594317145,0.6329159855647846,bayes,s-3-2-0,s-2-1-3
548,"[[ 27943  96544]
 [   165 125348]]","(array([0.        , 0.77553479, 1.        ]), array([0.       , 0.9986854, 1.       ]), array([2, 1, 0]))",0.9986853951383522,0.35319831287150194,0.613164,0.564905449497954,0.611575300170251,13.361150890838875,0.7216246168017155,0.6186474724133609,bayes,s-3-2-0,s-2-2-0
549,"[[11823 13336]
 [  294 24547]]","(array([0.        , 0.53006876, 1.        ]), array([0.        , 0.98816473, 1.        ]), array([2, 1, 0]))",0.9881647276679683,0.5345249178888631,0.7274,0.6479687458754586,0.7290479824992729,9.415483713879233,0.7826988074740131,0.6958831567189989,bayes,s-3-2-0,s-2-2-1
550,"[[ 35234  90043]
 [   138 124585]]","(array([0.        , 0.71875125, 1.        ]), array([0.        , 0.99889355, 1.        ]), array([2, 1, 0]))",0.9988935481025953,0.4018968853324828,0.639276,0.5804694634437259,0.6400711504332353,12.45925356888339,0.734254503449231,0.6335464054880063,bayes,s-3-2-0,s-2-2-2
551,"[[ 73800 176582]
 [   241 249377]]","(array([0.        , 0.70525038, 1.        ]), array([0.        , 0.99903452, 1.        ]), array([2, 1, 0]))",0.9990345247538238,0.4135688515267332,0.646354,0.58544836474872,0.6468920736652632,12.214782505981423,0.7382637360360107,0.6382976000458676,bayes,s-3-2-0,s-2-2-3
552,"[[ 36750  88048]
 [   114 125088]]","(array([0.        , 0.70552413, 1.        ]), array([0.        , 0.99908947, 1.        ]), array([2, 1, 0]))",0.9990894714141947,0.4139849921426831,0.647352,0.586892875910217,0.6467826722124901,12.180312029930596,0.7394262542191538,0.6396753349029298,bayes,s-3-2-0,s-2-3-0
553,"[[21516  3570]
 [24132   782]]","(array([0.        , 0.14231045, 1.        ]), array([0.        , 0.03138797, 1.        ]), array([2, 1, 0]))",0.03138797463273661,-0.19674408270443586,0.44596,0.1796875,0.4445387612938857,19.13592076509283,0.0534408528668079,0.0923869382354331,bayes,s-3-2-0,s-2-3-1
554,"[[ 36842  88132]
 [   127 124899]]","(array([0.        , 0.70520268, 1.        ]), array([0.        , 0.99898421, 1.        ]), array([2, 1, 0]))",0.9989842112840529,0.4138035727348396,0.646964,0.5862949523778229,0.6468907645630821,12.193713343836563,0.7389227260491573,0.6390983984035205,bayes,s-3-2-0,s-2-3-2
555,"[[ 69455 180354]
 [   341 249850]]","(array([0.        , 0.72196758, 1.        ]), array([0.        , 0.99863704, 1.        ]), array([2, 1, 0]))",0.9986370413004465,0.39916146903296845,0.63861,0.5807709830684977,0.638334729033428,12.482256822546628,0.7344263258842291,0.6338130711864545,bayes,s-3-2-0,s-2-3-3
556,"[[ 31880  93082]
 [  1988 123050]]","(array([0.        , 0.74488244, 1.        ]), array([0.        , 0.98410083, 1.        ]), array([2, 1, 0]))",0.9841008333466627,0.34950246468980045,0.61972,0.5693280032572687,0.6196091945418034,13.134703599968626,0.7213412668171294,0.6217372060074822,bayes,s-3-2-0,s-2-4-0
557,"[[10004 14971]
 [   25 25000]]","(array([0.        , 0.59943944, 1.        ]), array([0.      , 0.999001, 1.      ]), array([2, 1, 0]))",0.999000999000999,0.4989099537602088,0.70008,0.6254534537539717,0.6997807797807798,10.35910923182416,0.7692781094221184,0.676008198627433,bayes,s-3-2-0,s-2-4-1
558,"[[ 30490  94570]
 [   180 124760]]","(array([0.        , 0.75619703, 1.        ]), array([0.        , 0.99855931, 1.        ]), array([2, 1, 0]))",0.9985593084680646,0.36937635430189203,0.621,0.5688232343956595,0.6211811415201349,13.090498725387043,0.7247799692102129,0.6223933909364835,bayes,s-3-2-0,s-2-4-2
559,"[[ 57009 192633]
 [   304 250054]]","(array([0.        , 0.77163698, 1.        ]), array([0.        , 0.99878574, 1.        ]), array([2, 1, 0]))",0.9987857388220069,0.35651266965335865,0.614126,0.5648550781929444,0.613574377330344,13.32792386031331,0.7216097078833265,0.6186068419964119,bayes,s-3-2-0,s-2-4-3
560,"[[  5292 186578]
 [   572  57558]]","(array([0.        , 0.97241883, 1.        ]), array([0.        , 0.99015999, 1.        ]), array([2, 1, 0]))",0.990159986237743,0.049519111417208266,0.2514,0.23576203427597733,0.5088705804957413,25.85632475838746,0.3808433631304877,0.2781455801537489,bayes,s-3-2-0,s-3-1-0
561,"[[   66 39572]
 [   16 10346]]","(array([0.        , 0.99833493, 1.        ]), array([0.       , 0.9984559, 1.       ]), array([2, 1, 0]))",0.9984558965450685,0.0012117230739686713,0.20824,0.20725990624624385,0.500060482709186,27.34705443182464,0.34326476443264764,0.24629345724977864,bayes,s-3-2-0,s-3-1-1
562,"[[  1306 190802]
 [    59  57833]]","(array([0.        , 0.99320174, 1.        ]), array([0.        , 0.99898086, 1.        ]), array([2, 1, 0]))",0.998980860913425,0.033082344052821906,0.236556,0.23260200695799063,0.5028895601129475,26.3690318651917,0.37734359452837757,0.2747588442768749,bayes,s-3-2-0,s-3-1-2
563,"[[271826  61379]
 [155826  10969]]","(array([0.        , 0.18420792, 1.        ]), array([0.        , 0.06576336, 1.        ]), array([2, 1, 0]))",0.06576336221109745,-0.15874639114183361,0.56559,0.1516144191961077,0.4407777210809392,15.004088010694488,0.09173590696779751,0.12022482008474597,bayes,s-3-2-0,s-3-1-3
564,"[[ 54067 137589]
 [    37  58307]]","(array([0.       , 0.7178956, 1.       ]), array([0.        , 0.99936583, 1.        ]), array([2, 1, 0]))",0.9993658302481832,0.2891107898060028,0.449496,0.29764262669988156,0.640735112811615,19.0141746237472,0.458676840780365,0.3462707024828726,bayes,s-3-2-0,s-3-2-0
565,"[[  166 39489]
 [   10 10335]]","(array([0.        , 0.99581389, 1.        ]), array([0.        , 0.99903335, 1.        ]), array([2, 1, 0]))",0.9990333494441759,0.022020181817796153,0.21002,0.2074301541425819,0.5016097273005774,27.285574082509964,0.3435323837856704,0.24649281390567684,bayes,s-3-2-0,s-3-2-1
566,"[[   171 191596]
 [    56  58177]]","(array([0.        , 0.99910829, 1.        ]), array([0.        , 0.99903835, 1.        ]), array([2, 1, 0]))",0.9990383459550427,-0.000981644977468848,0.233392,0.23291949089773514,0.4999650265393959,26.478315093226623,0.3777653682071129,0.27511408507317997,bayes,s-3-2-0,s-3-2-2
567,"[[   129 333103]
 [   146 166622]]","(array([0.        , 0.99961288, 1.        ]), array([0.        , 0.99912453, 1.        ]), array([2, 1, 0]))",0.9991245322843711,-0.009820397005260174,0.333502,0.333427385061784,0.4997558249840735,23.02055808626076,0.4999962490228705,0.3846896200156257,bayes,s-3-2-0,s-3-2-3
568,"[[ 31817 107744]
 [    96 110343]]","(array([0.        , 0.77202084, 1.        ]), array([0.        , 0.99913074, 1.        ]), array([2, 1, 0]))",0.999130741857496,0.3379719360816671,0.56864,0.5059586311884706,0.6135549525453887,14.898991193010751,0.671745919653239,0.561377999505488,bayes,s-3-2-0,s-3-3-0
569,"[[10647 14953]
 [   23 24377]]","(array([0.        , 0.58410156, 1.        ]), array([0.        , 0.99905738, 1.        ]), array([2, 1, 0]))",0.9990573770491803,0.5062587790532175,0.70048,0.6198067632850242,0.7074779072745901,10.345293433411122,0.765008630158481,0.6707296940347789,bayes,s-3-2-0,s-3-3-1
570,"[[ 39416 100172]
 [   127 110285]]","(array([0.        , 0.71762616, 1.        ]), array([0.        , 0.99884976, 1.        ]), array([2, 1, 0]))",0.9988497627069521,0.3827079271388627,0.598804,0.5240262856545518,0.6406118028653539,13.857139323627694,0.6874144900255245,0.5790819541292112,bayes,s-3-2-0,s-3-3-2
571,"[[    51 332851]
 [   157 166941]]","(array([0.       , 0.9998468, 1.       ]), array([0.        , 0.99906043, 1.        ]), array([2, 1, 0]))",0.9990604316030114,-0.01819049573523687,0.333984,0.33402095271633,0.49960681492076603,23.003909993041308,0.5006552804810388,0.3853197160459519,bayes,s-3-2-0,s-3-3-3
572,"[[ 39054 100276]
 [    94 110576]]","(array([0.        , 0.71970143, 1.        ]), array([0.        , 0.99915063, 1.        ]), array([2, 1, 0]))",0.9991506279931327,0.3819411853170823,0.59852,0.5244247149659477,0.6397245998646494,13.866948668756383,0.6878285156225701,0.5794914042667371,bayes,s-3-2-0,s-3-4-0
573,"[[22664  2914]
 [24412    10]]","(array([0.        , 0.11392603, 1.        ]), array([0.        , 0.00040947, 1.        ]), array([2, 1, 0]))",0.0004094668741298829,-0.24182137052293542,0.45348,0.003419972640218878,0.44324171834597104,18.876178675884816,0.0007313683902581729,0.0013843512929841075,bayes,s-3-2-0,s-3-4-1
574,"[[ 29479 110169]
 [   161 110191]]","(array([0.        , 0.78890496, 1.        ]), array([0.        , 0.99854103, 1.        ]), array([2, 1, 0]))",0.9985410323328984,0.3220089888033929,0.55868,0.5000499183154837,0.6048180356439927,15.243005161999129,0.6663864631461816,0.5555146643651089,bayes,s-3-2-0,s-3-4-2
575,"[[   132 332818]
 [   139 166911]]","(array([0.        , 0.99960354, 1.        ]), array([0.        , 0.99916791, 1.        ]), array([2, 1, 0]))",0.999167913798264,-0.008828336623823525,0.334086,0.334003029642066,0.49978218486128845,23.000386985075597,0.5006486407040414,0.3853038321007809,bayes,s-3-2-0,s-3-4-3
576,"[[    14 185983]
 [    16  63987]]","(array([0.        , 0.99992473, 1.        ]), array([0.        , 0.99975001, 1.        ]), array([2, 1, 0]))",0.9997500117182007,-0.006961243658512262,0.256004,0.2559787174460935,0.49991264087471887,25.69730632882341,0.4075955575797918,0.30072385779263316,bayes,s-1-4-0,s-0-1-0
577,"[[    3 38468]
 [    4 11525]]","(array([0.        , 0.99992202, 1.        ]), array([0.        , 0.99965305, 1.        ]), array([2, 1, 0]))",0.9996530488333767,-0.00957554156489176,0.23056,0.23053227451843258,0.4998655148250479,26.576131287578967,0.37466272227820946,0.27245734062723104,bayes,s-1-4-0,s-0-1-1
578,"[[     7 186211]
 [    15  63767]]","(array([0.        , 0.99996241, 1.        ]), array([0.        , 0.99976482, 1.        ]), array([2, 1, 0]))",0.9997648239315168,-0.009182336599386503,0.255096,0.25509044795942043,0.4999012071413053,25.72866826702284,0.40646991330953597,0.29974315921684247,bayes,s-1-4-0,s-0-1-2
579,"[[    36 325119]
 [     9 174836]]","(array([0.        , 0.99988928, 1.        ]), array([0.        , 0.99994853, 1.        ]), array([2, 1, 0]))",0.9999485258371701,0.002978048487766576,0.349744,0.34970347331259816,0.50002962113236,22.459566512082862,0.5181861292234736,0.40198375381955387,bayes,s-1-4-0,s-0-1-3
580,"[[    14 185880]
 [    18  64088]]","(array([0.        , 0.99992469, 1.        ]), array([0.        , 0.99971922, 1.        ]), array([2, 1, 0]))",0.9997192150500733,-0.007930855577193295,0.256408,0.25638481725660883,0.49989726339343477,25.683352333725722,0.408107643421614,0.3011716407670083,bayes,s-1-4-0,s-0-2-0
581,"[[    6 38549]
 [    0 11445]]","(array([0.        , 0.99984438, 1.        ]), array([0., 1., 1.]), array([2, 1, 0]))",1.0,0.005968761518529997,0.22902,0.22892747129655558,0.5000778109194657,26.629322298574966,0.37256465762789104,0.27066847664139326,bayes,s-1-4-0,s-0-2-1
582,"[[    17 185892]
 [    11  64080]]","(array([0.        , 0.99990856, 1.        ]), array([0.        , 0.99982837, 1.        ]), array([2, 1, 0]))",0.9998283690377744,-0.0033085327990155216,0.256388,0.2563487110556382,0.49995990581263844,25.684043147634295,0.4080709921257836,0.30113376297840466,bayes,s-1-4-0,s-0-2-2
583,"[[    36 325119]
 [     9 174836]]","(array([0.        , 0.99988928, 1.        ]), array([0.        , 0.99994853, 1.        ]), array([2, 1, 0]))",0.9999485258371701,0.002978048487766576,0.349744,0.34970347331259816,0.50002962113236,22.459566512082855,0.5181861292234736,0.40198375381955387,bayes,s-1-4-0,s-0-2-3
584,"[[     8 137848]
 [    23 112121]]","(array([0.        , 0.99994197, 1.        ]), array([0.        , 0.99979491, 1.        ]), array([2, 1, 0]))",0.999794906548723,-0.006568664103307584,0.448516,0.4485396189127452,0.49992646905894833,19.048023452997153,0.6192597338399892,0.5041321199259006,bayes,s-1-4-0,s-0-3-0
585,"[[    1 25390]
 [    5 24604]]","(array([0.        , 0.99996062, 1.        ]), array([0.        , 0.99979682, 1.        ]), array([2, 1, 0]))",0.9997968223007843,-0.007475657912222867,0.4921,0.4921390566868024,0.4999181031672485,17.542650566550186,0.6595981394850073,0.5477658792884653,bayes,s-1-4-0,s-0-3-1
586,"[[     9 138018]
 [     6 111967]]","(array([0.       , 0.9999348, 1.       ]), array([0.        , 0.99994642, 1.        ]), array([2, 1, 0]))",0.9999464156537736,0.0007460242685395654,0.447904,0.44789487369242154,0.5000058101438248,19.06916172787709,0.6186739897999215,0.5034881326146919,bayes,s-1-4-0,s-0-3-2
587,"[[    36 325119]
 [     9 174836]]","(array([0.        , 0.99988928, 1.        ]), array([0.        , 0.99994853, 1.        ]), array([2, 1, 0]))",0.9999485258371701,0.002978048487766576,0.349744,0.34970347331259816,0.50002962113236,22.45956651208286,0.5181861292234736,0.40198375381955387,bayes,s-1-4-0,s-0-3-3
588,"[[     5 137812]
 [     8 112175]]","(array([0.        , 0.99996372, 1.        ]), array([0.        , 0.99992869, 1.        ]), array([2, 1, 0]))",0.9999286879473717,-0.002416296280089347,0.44872,0.4487233336133479,0.49998248397092854,19.04097742747056,0.6194604743628683,0.5043245804675888,bayes,s-1-4-0,s-0-4-0
589,"[[    2 25342]
 [    7 24649]]","(array([0.        , 0.99992109, 1.        ]), array([0.        , 0.99971609, 1.        ]), array([2, 1, 0]))",0.9997160934458144,-0.007639580489466453,0.49302,0.4930687523754276,0.49989750379361425,17.510874124653338,0.6604150200275966,0.5486822188585166,bayes,s-1-4-0,s-0-4-1
590,"[[     7 137806]
 [     7 112180]]","(array([0.        , 0.99994921, 1.        ]), array([0.       , 0.9999376, 1.       ]), array([2, 1, 0]))",0.9999376041787373,-0.000771153154542995,0.448748,0.4487451297272647,0.49999419882262314,19.040010322541168,0.6194829542787563,0.5043470598337786,bayes,s-1-4-0,s-0-4-2
591,"[[    36 325119]
 [     9 174836]]","(array([0.        , 0.99988928, 1.        ]), array([0.        , 0.99994853, 1.        ]), array([2, 1, 0]))",0.9999485258371701,0.002978048487766576,0.349744,0.34970347331259816,0.50002962113236,22.459566512082855,0.5181861292234736,0.40198375381955387,bayes,s-1-4-0,s-0-4-3
592,"[[     0   8813]
 [    88 241099]]","(array([0., 1., 1.]), array([0.        , 0.99963514, 1.        ]), array([2, 1, 0]))",0.9996351378805657,-0.003587011080909558,0.964396,0.9647355869265981,0.49981756894028284,1.2297467821730104,0.9818753448897268,0.9715191786176245,bayes,s-1-4-0,s-1-1-0
593,"[[    1  1335]
 [   19 48645]]","(array([0.       , 0.9992515, 1.       ]), array([0.        , 0.99960957, 1.        ]), array([2, 1, 0]))",0.9996095676475424,0.002887770805218735,0.97292,0.9732893157262905,0.5001790353207772,0.9353314140255684,0.9862738737277483,0.9784418948926723,bayes,s-1-4-0,s-1-1-1
594,"[[     5   8944]
 [    61 240990]]","(array([0.        , 0.99944128, 1.        ]), array([0.        , 0.99974694, 1.        ]), array([2, 1, 0]))",0.9997469415185998,0.0034954266145156977,0.96398,0.9642145526418975,0.5001528315817381,1.2441153321423462,0.9816593174944245,0.9711175246033364,bayes,s-1-4-0,s-1-1-2
595,"[[     6  70503]
 [   124 429367]]","(array([0.       , 0.9999149, 1.       ]), array([0.        , 0.99971129, 1.        ]), array([2, 1, 0]))",0.9997112861503501,-0.004395577784926865,0.858746,0.8589573289055155,0.4998981908350355,4.878853068921957,0.9240047731721043,0.8838454637786947,bayes,s-1-4-0,s-1-1-3
596,"[[     2   8911]
 [    85 241002]]","(array([0.        , 0.99977561, 1.        ]), array([0.        , 0.99964743, 1.        ]), array([2, 1, 0]))",0.9996474301808062,-0.0012742654823692887,0.964016,0.9643435915698663,0.4999359107596502,1.2428718306452686,0.9816782077393076,0.9712034521361865,bayes,s-1-4-0,s-1-2-0
597,"[[    1  1384]
 [   11 48604]]","(array([0.        , 0.99927798, 1.        ]), array([0.        , 0.99977373, 1.        ]), array([2, 1, 0]))",0.9997737323871233,0.005252339582335976,0.9721,0.9723133552052493,0.5002478770238865,0.9636539942748766,0.9858523574333439,0.9776840851762303,bayes,s-1-4-0,s-1-2-1
598,"[[     1   8820]
 [    82 241097]]","(array([0.        , 0.99988663, 1.        ]), array([0.     , 0.99966, 1.     ]), array([2, 1, 0]))",0.9996600035658163,-0.0022951457185994505,0.964392,0.9647082831500058,0.49988668469867736,1.2298849596673176,0.9818731979083519,0.9715017242254687,bayes,s-1-4-0,s-1-2-2
599,"[[     9  70502]
 [   143 429346]]","(array([0.        , 0.99987236, 1.        ]), array([0.        , 0.99966705, 1.        ]), array([2, 1, 0]))",0.9996670461874461,-0.004099043952263488,0.85871,0.8589531217490117,0.49989734292325316,4.880096463272976,0.9239834419591602,0.8838349840934983,bayes,s-1-4-0,s-1-2-3
600,"[[     5  67995]
 [    61 181939]]","(array([0.        , 0.99992647, 1.        ]), array([0.        , 0.99966484, 1.        ]), array([2, 1, 0]))",0.9996648351648352,-0.007166416687799019,0.727776,0.7279481783190762,0.49986918228829996,9.402501339837231,0.8424388911268851,0.7697954534684566,bayes,s-1-4-0,s-1-3-0
601,"[[    2 23038]
 [   10 26950]]","(array([0.        , 0.99991319, 1.        ]), array([0.        , 0.99962908, 1.        ]), array([2, 1, 0]))",0.9996290801186943,-0.009142622965744062,0.53904,0.5391293910538529,0.4998579428371249,15.921362789509965,0.7004730467328585,0.5938425468904245,bayes,s-1-4-0,s-1-3-1
602,"[[    13  68036]
 [    50 181901]]","(array([0.        , 0.99980896, 1.        ]), array([0.       , 0.9997252, 1.       ]), array([2, 1, 0]))",0.9997252007408588,-0.0023487756838997025,0.727656,0.7277874024254112,0.4999581197755639,9.406646124138595,0.842352646982551,0.7696587709729804,bayes,s-1-4-0,s-1-3-2
603,"[[     5  70360]
 [    85 429550]]","(array([0.        , 0.99992894, 1.        ]), array([0.        , 0.99980216, 1.        ]), array([2, 1, 0]))",0.9998021576454432,-0.0032864458702827055,0.85911,0.8592546658398512,0.4999366078499368,4.866280725629343,0.9242156108633794,0.8841115147523437,bayes,s-1-4-0,s-1-3-3
604,"[[     8  67703]
 [    49 182240]]","(array([0.        , 0.99988185, 1.        ]), array([0.       , 0.9997312, 1.       ]), array([2, 1, 0]))",0.9997311960677825,-0.004434398580099282,0.728992,0.7291262407828984,0.4999246726303379,9.36050125381122,0.8432508467674766,0.7708570031495836,bayes,s-1-4-0,s-1-4-0
605,"[[    1 23130]
 [    7 26862]]","(array([0.        , 0.99995677, 1.        ]), array([0.        , 0.99973948, 1.        ]), array([2, 1, 0]))",0.9997394767203841,-0.008565839872866838,0.53726,0.5373259721555449,0.4998913543733346,15.982843282752176,0.6989760736914691,0.5920991725335814,bayes,s-1-4-0,s-1-4-1
606,"[[     4  68093]
 [    60 181843]]","(array([0.        , 0.99994126, 1.        ]), array([0.        , 0.99967015, 1.        ]), array([2, 1, 0]))",0.9996701538732181,-0.007544305678834171,0.727388,0.7275582549132578,0.49986444680606,9.415902698520648,0.8421796086041325,0.7694472207012755,bayes,s-1-4-0,s-1-4-2
607,"[[    17  70482]
 [    56 429445]]","(array([0.        , 0.99975886, 1.        ]), array([0.        , 0.99986962, 1.        ]), array([2, 1, 0]))",0.9998696161359345,0.003190211454013645,0.858924,0.8590154162507726,0.5000553771540536,4.872705133140571,0.9241060092874327,0.8839194157439727,bayes,s-1-4-0,s-1-4-3
608,"[[     5 125324]
 [    62 124609]]","(array([0.        , 0.99996011, 1.        ]), array([0.        , 0.99950269, 1.        ]), array([2, 1, 0]))",0.9995026910829303,-0.013972325160350383,0.498456,0.4985696166572641,0.49977129303964996,17.323116903202454,0.6652838731033304,0.5541118264536825,bayes,s-1-4-0,s-2-1-0
609,"[[    2 25089]
 [   25 24884]]","(array([0.        , 0.99992029, 1.        ]), array([0.        , 0.99899635, 1.        ]), array([2, 1, 0]))",0.9989963467019952,-0.019885335637102614,0.49772,0.49794889240189705,0.49953802827905947,17.34853782963426,0.6646190005608825,0.5534672888465799,bayes,s-1-4-0,s-2-1-1
610,"[[     1 124799]
 [    51 125149]]","(array([0.        , 0.99999199, 1.        ]), array([0.        , 0.99959265, 1.        ]), array([2, 1, 0]))",0.9995926517571885,-0.013845887145520866,0.5006,0.5007001456302911,0.4998003322888506,17.249064087457153,0.6671980125177263,0.5562217331323245,bayes,s-1-4-0,s-2-1-2
611,"[[     0 250233]
 [   121 249646]]","(array([0., 1., 1.]), array([0.        , 0.99951555, 1.        ]), array([2, 1, 0]))",0.9995155484911938,-0.01557273888157461,0.499292,0.4994128579116146,0.4997577742455969,17.294241822470433,0.6660370361477284,0.5549457315953573,bayes,s-1-4-0,s-2-1-3
612,"[[     0 124487]
 [    63 125450]]","(array([0., 1., 1.]), array([0.        , 0.99949806, 1.        ]), array([2, 1, 0]))",0.9994980599619163,-0.015811484397408565,0.5018,0.5019264854743395,0.49974902998095816,17.207616557885675,0.6682647489679051,0.5574262326695762,bayes,s-1-4-0,s-2-2-0
613,"[[    0 25159]
 [   14 24827]]","(array([0., 1., 1.]), array([0.        , 0.99943642, 1.        ]), array([2, 1, 0]))",0.9994364156032366,-0.01684232236461922,0.49654,0.4966790701396391,0.4997182078016183,17.389294705216656,0.663584000427653,0.5522388059701493,bayes,s-1-4-0,s-2-2-1
614,"[[     3 125274]
 [    76 124647]]","(array([0.        , 0.99997605, 1.        ]), array([0.        , 0.99939065, 1.        ]), array([2, 1, 0]))",0.9993906496796902,-0.016468318459867994,0.4986,0.498745603610741,0.4997072983066427,17.318143159482094,0.6654157013057729,0.5542788331982993,bayes,s-1-4-0,s-2-2-2
615,"[[     4 250378]
 [   111 249507]]","(array([0.        , 0.99998402, 1.        ]), array([0.        , 0.99955532, 1.        ]), array([2, 1, 0]))",0.9995553205297695,-0.0141355575804794,0.499022,0.4991287996239135,0.4997856480595345,17.30356752398032,0.665793198959844,0.5546675689302397,bayes,s-1-4-0,s-2-2-3
616,"[[     3 124795]
 [    37 125165]]","(array([0.        , 0.99997596, 1.        ]), array([0.        , 0.99970448, 1.        ]), array([2, 1, 0]))",0.9997044775642562,-0.010732175702369414,0.500672,0.5007401184189471,0.4998642582055163,17.24657728276317,0.6672584110331005,0.5562681215456845,bayes,s-1-4-0,s-2-3-0
617,"[[    1 25085]
 [    3 24911]]","(array([0.        , 0.99996014, 1.        ]), array([0.        , 0.99987959, 1.        ]), array([2, 1, 0]))",0.9998795857750662,-0.004503111021433798,0.49824,0.4982598607888631,0.49995972432339375,17.330577601941116,0.6650914430650113,0.5538288468550188,bayes,s-1-4-0,s-2-3-1
618,"[[     4 124970]
 [    56 124970]]","(array([0.        , 0.99996799, 1.        ]), array([0.        , 0.99955209, 1.        ]), array([2, 1, 0]))",0.9995520931646218,-0.01342473129950288,0.499896,0.5,0.4997920499110033,17.273379932963817,0.6665671020839223,0.5555278959731007,bayes,s-1-4-0,s-2-3-2
619,"[[     2 249807]
 [   162 250029]]","(array([0.        , 0.99999199, 1.        ]), array([0.        , 0.99935249, 1.        ]), array([2, 1, 0]))",0.9993524946940537,-0.017658108863482454,0.500062,0.5002220728398915,0.49968025040536346,17.267646283389343,0.6667199980800692,0.5557348518693863,bayes,s-1-4-0,s-2-3-3
620,"[[     0 124962]
 [    59 124979]]","(array([0., 1., 1.]), array([0.        , 0.99952814, 1.        ]), array([2, 1, 0]))",0.9995281434443929,-0.015359434588994034,0.499916,0.5000340080258941,0.49976407172219645,17.2726891318488,0.6665919958184325,0.5555600007823599,bayes,s-1-4-0,s-2-4-0
621,"[[    3 24972]
 [    5 25020]]","(array([0.        , 0.99987988, 1.        ]), array([0.       , 0.9998002, 1.       ]), array([2, 1, 0]))",0.9998001998001999,-0.0031498821249935907,0.50046,0.50048007681229,0.49996015996015997,17.25389971125422,0.6670488022714852,0.5560172983159477,bayes,s-1-4-0,s-2-4-1
622,"[[     0 125060]
 [    80 124860]]","(array([0., 1., 1.]), array([0.        , 0.99935969, 1.        ]), array([2, 1, 0]))",0.9993596926524732,-0.017899996611396133,0.49944,0.4995998719590269,0.4996798463262366,17.28912990285497,0.6661687029824469,0.5551208408173427,bayes,s-1-4-0,s-2-4-2
623,"[[     2 249640]
 [   138 250220]]","(array([0.        , 0.99999199, 1.        ]), array([0.        , 0.99944879, 1.        ]), array([2, 1, 0]))",0.9994487893336742,-0.016233436626040956,0.500444,0.5005801624454848,0.4997284004030514,17.254452203740954,0.6670594413890363,0.5560943693611605,bayes,s-1-4-0,s-2-4-3
624,"[[     8 191862]
 [     3  58127]]","(array([0.        , 0.99995831, 1.        ]), array([0.        , 0.99994839, 1.        ]), array([2, 1, 0]))",0.999948391536212,-0.0006313596431587989,0.23254,0.2325182308021553,0.4999950432168994,26.507742981486764,0.3773022760686618,0.27467994094997955,bayes,s-1-4-0,s-3-1-0
625,"[[    4 39634]
 [    5 10357]]","(array([0.        , 0.99989909, 1.        ]), array([0.        , 0.99951747, 1.        ]), array([2, 1, 0]))",0.9995174676703339,-0.011530298656343594,0.20722,0.20717729191254425,0.4998091904676913,27.382284975248258,0.3432140904346097,0.24621302169013817,bayes,s-1-4-0,s-3-1-1
626,"[[     0 192108]
 [     6  57886]]","(array([0., 1., 1.]), array([0.        , 0.99989636, 1.        ]), array([2, 1, 0]))",0.9998963587369585,-0.008924302464490604,0.231544,0.23154955718937253,0.49994817936847924,26.54214438957997,0.3760222939659484,0.27359746206521046,bayes,s-1-4-0,s-3-1-2
627,"[[     7 333198]
 [    41 166754]]","(array([0.        , 0.99997899, 1.        ]), array([0.        , 0.99975419, 1.        ]), array([2, 1, 0]))",0.9997541892742589,-0.010818421484913592,0.333522,0.33354001984190484,0.4998875986811864,23.01986746265637,0.5002017256920541,0.3848282311064833,bayes,s-1-4-0,s-3-1-3
628,"[[     4 191652]
 [     1  58343]]","(array([0.        , 0.99997913, 1.        ]), array([0.        , 0.99998286, 1.        ]), array([2, 1, 0]))",0.9999828602769779,0.00035288591633567335,0.233388,0.23337666753335068,0.5000018655018483,26.47845342744203,0.37843412607552074,0.27563865130149184,bayes,s-1-4-0,s-3-2-0
629,"[[    1 39654]
 [    0 10345]]","(array([0.        , 0.99997478, 1.        ]), array([0., 1., 1.]), array([2, 1, 0]))",1.0,0.00228420780529317,0.20692,0.20690413808276165,0.5000126087504728,27.392646928005703,0.3428675593265279,0.24591021246452188,bayes,s-1-4-0,s-3-2-1
630,"[[     2 191765]
 [     4  58229]]","(array([0.        , 0.99998957, 1.        ]), array([0.        , 0.99993131, 1.        ]), array([2, 1, 0]))",0.9999313104253602,-0.005026937165955918,0.232924,0.23292159011816282,0.4999708698742225,26.494479781107312,0.3778319225765426,0.27512996014964913,bayes,s-1-4-0,s-3-2-2
631,"[[     3 333229]
 [    20 166748]]","(array([0.      , 0.999991, 1.      ]), array([0.        , 0.99988007, 1.        ]), array([2, 1, 0]))",0.9998800729156673,-0.007711123550175513,0.333502,0.33351134152171,0.49994453782624965,23.020558287759314,0.5001852282356823,0.38480141931696304,bayes,s-1-4-0,s-3-2-3
632,"[[     1 139560]
 [    22 110417]]","(array([0.        , 0.99999283, 1.        ]), array([0.       , 0.9998008, 1.       ]), array([2, 1, 0]))",0.9998007950090095,-0.009943064711484066,0.441672,0.4417086371946219,0.49990398016728305,19.284412314287117,0.6127197460712065,0.4972184371192069,bayes,s-1-4-0,s-3-3-0
633,"[[    2 25598]
 [    5 24395]]","(array([0.        , 0.99992187, 1.        ]), array([0.        , 0.99979508, 1.        ]), array([2, 1, 0]))",0.9997950819672131,-0.005356815225144714,0.48794,0.48796831556417897,0.4999366034836066,17.686335202678325,0.6558412753888135,0.5436284384860856,bayes,s-1-4-0,s-3-3-1
634,"[[     2 139586]
 [    66 110346]]","(array([0.        , 0.99998567, 1.        ]), array([0.        , 0.99940224, 1.        ]), array([2, 1, 0]))",0.9994022388870775,-0.017569441491547575,0.441392,0.44150408911223854,0.4997082833831324,19.29408325483583,0.6124481051439735,0.49699137045778013,bayes,s-1-4-0,s-3-3-2
635,"[[     7 332895]
 [    33 167065]]","(array([0.        , 0.99997897, 1.        ]), array([0.        , 0.99980251, 1.        ]), array([2, 1, 0]))",0.9998025111012699,-0.009306719737180658,0.334144,0.33415673253860306,0.4999117691552393,22.9983838591827,0.5009009711299467,0.3854863406336499,bayes,s-1-4-0,s-3-3-3
636,"[[     0 139330]
 [    23 110647]]","(array([0., 1., 1.]), array([0.        , 0.99979217, 1.        ]), array([2, 1, 0]))",0.9997921749344899,-0.010762700515973465,0.442588,0.4426287218424095,0.49989608746724495,19.25277405947975,0.6136027750126855,0.4981505126159531,bayes,s-1-4-0,s-3-4-0
637,"[[    0 25578]
 [   10 24412]]","(array([0., 1., 1.]), array([0.        , 0.99959053, 1.        ]), array([2, 1, 0]))",0.9995905331258701,-0.014474417980874394,0.48824,0.4883376675335067,0.49979526656293505,17.675973249920883,0.6561307316024297,0.5439830289417155,bayes,s-1-4-0,s-3-4-1
638,"[[     0 139648]
 [    66 110286]]","(array([0., 1., 1.]), array([0.        , 0.99940191, 1.        ]), array([2, 1, 0]))",0.9994019138755981,-0.01828043616627818,0.441144,0.44126049277009133,0.49970095693779903,19.30264906968193,0.6122136302826089,0.49674440224558775,bayes,s-1-4-0,s-3-4-2
639,"[[     1 332949]
 [    19 167031]]","(array([0.      , 0.999997, 1.      ]), array([0.        , 0.99988626, 1.        ]), array([2, 1, 0]))",0.9998862615983238,-0.00825859446069606,0.334064,0.33407536301452057,0.49994463252614796,23.001147047650818,0.5008200530710762,0.38540219753849847,bayes,s-1-4-0,s-3-4-3
640,"[[170592  15405]
 [ 23408  40595]]","(array([0.        , 0.08282392, 1.        ]), array([0.        , 0.63426714, 1.        ]), array([2, 1, 0]))",0.6342671437276378,0.5772435167509651,0.844748,0.7249107142857143,0.7757216136064277,5.362263384056321,0.676566419172854,0.7047669642330117,bayes,s-0-3-0,s-0-1-0
641,"[[35184  3287]
 [ 4580  6949]]","(array([0.        , 0.08544098, 1.        ]), array([0.        , 0.60274091, 1.        ]), array([2, 1, 0]))",0.602740914216324,0.5400013032935987,0.84266,0.6788784681516217,0.7586499663488888,5.4343836435103094,0.6385481277280036,0.662150058125131,bayes,s-0-3-0,s-0-1-1
642,"[[169770  16448]
 [ 23242  40540]]","(array([0.        , 0.08832658, 1.        ]), array([0.        , 0.63560252, 1.        ]), array([2, 1, 0]))",0.6356025210874542,0.5686988955375277,0.84124,0.7113778339299501,0.7736379680585752,5.483428747570149,0.6713587811542603,0.6948110264830291,bayes,s-0-3-0,s-0-1-2
643,"[[296890  28265]
 [ 64032 110813]]","(array([0.        , 0.08692777, 1.        ]), array([0.        , 0.63377849, 1.        ]), array([2, 1, 0]))",0.6337784895192885,0.5819755194164388,0.815406,0.7967687197112412,0.7734253583054918,6.375696091084873,0.7059884111708923,0.757792102106661,bayes,s-0-3-0,s-0-1-3
644,"[[170412  15482]
 [ 23696  40410]]","(array([0.        , 0.08328402, 1.        ]), array([0.        , 0.63036221, 1.        ]), array([2, 1, 0]))",0.6303622125854054,0.5733698931892481,0.843288,0.723001502898447,0.7735390952541538,5.412690243868901,0.6735112251870864,0.7023575297037619,bayes,s-0-3-0,s-0-2-0
645,"[[35324  3231]
 [ 4496  6949]]","(array([0.        , 0.08380236, 1.        ]), array([0.       , 0.6071647, 1.       ]), array([2, 1, 0]))",0.6071647007426824,0.546042195704496,0.84546,0.6826129666011788,0.7616811702390627,5.3376741740554365,0.6426820809248556,0.6660596185181635,bayes,s-0-3-0,s-0-2-1
646,"[[170412  15497]
 [ 23503  40588]]","(array([0.        , 0.08335799, 1.        ]), array([0.        , 0.63328704, 1.        ]), array([2, 1, 0]))",0.6332870449829149,0.5756073557068069,0.844,0.7236872604083088,0.774964529005397,5.388098683051569,0.6754759685794168,0.7035998211010605,bayes,s-0-3-0,s-0-2-2
647,"[[296890  28265]
 [ 64032 110813]]","(array([0.        , 0.08692777, 1.        ]), array([0.        , 0.63377849, 1.        ]), array([2, 1, 0]))",0.6337784895192885,0.5819755194164388,0.815406,0.7967687197112412,0.7734253583054918,6.375696091084871,0.7059884111708923,0.757792102106661,bayes,s-0-3-0,s-0-2-3
648,"[[125915  11941]
 [ 40965  71179]]","(array([0.        , 0.08661937, 1.        ]), array([0.        , 0.63471073, 1.        ]), array([2, 1, 0]))",0.6347107290626337,0.5786272725614096,0.788376,0.8563402309913378,0.7740456790624218,7.309272207768235,0.7290539986889545,0.8004403720896758,bayes,s-0-3-0,s-0-3-0
649,"[[23292  2099]
 [ 9819 14790]]","(array([0.        , 0.08266709, 1.        ]), array([0.        , 0.60099963, 1.        ]), array([2, 1, 0]))",0.6009996342801414,0.5479075054680663,0.76164,0.8757179229084019,0.7591662737585575,8.232696308591029,0.7128054364065738,0.8023653230618998,bayes,s-0-3-0,s-0-3-1
650,"[[125935  12092]
 [ 41029  70944]]","(array([0.        , 0.08760605, 1.        ]), array([0.        , 0.63358131, 1.        ]), array([2, 1, 0]))",0.6335813097800362,0.5764571311723541,0.787516,0.8543764150488945,0.7729876308439981,7.338976038424705,0.7275971878221004,0.798708448449395,bayes,s-0-3-0,s-0-3-2
651,"[[296890  28265]
 [ 64032 110813]]","(array([0.        , 0.08692777, 1.        ]), array([0.        , 0.63377849, 1.        ]), array([2, 1, 0]))",0.6337784895192885,0.5819755194164388,0.815406,0.7967687197112412,0.7734253583054918,6.375696091084872,0.7059884111708923,0.757792102106661,bayes,s-0-3-0,s-0-3-3
652,"[[126333  11484]
 [ 41092  71091]]","(array([0.        , 0.08332789, 1.        ]), array([0.        , 0.63370564, 1.        ]), array([2, 1, 0]))",0.6337056416747635,0.5820246047569018,0.789696,0.8609264305177111,0.7751888751703014,7.263679561262851,0.7300444654391604,0.8033189975660081,bayes,s-0-3-0,s-0-4-0
653,"[[23268  2076]
 [ 9171 15485]]","(array([0.        , 0.08191288, 1.        ]), array([0.        , 0.62804186, 1.        ]), array([2, 1, 0]))",0.6280418559377028,0.5719864763910448,0.77506,0.8817834975229201,0.773064488574912,7.769185561556511,0.7335907335907336,0.8158587987355109,bayes,s-0-3-0,s-0-4-1
654,"[[125596  12217]
 [ 40925  71262]]","(array([0.        , 0.08864911, 1.        ]), array([0.        , 0.63520729, 1.        ]), array([2, 1, 0]))",0.6352072878319235,0.5764075121752467,0.787432,0.8536518166245403,0.7732790881773884,7.3418776954405915,0.7284045260801572,0.7987168882522645,bayes,s-0-3-0,s-0-4-2
655,"[[296890  28265]
 [ 64032 110813]]","(array([0.        , 0.08692777, 1.        ]), array([0.        , 0.63377849, 1.        ]), array([2, 1, 0]))",0.6337784895192885,0.5819755194164388,0.815406,0.7967687197112412,0.7734253583054918,6.3756960910848735,0.7059884111708923,0.757792102106661,bayes,s-0-3-0,s-0-4-3
656,"[[  8766     47]
 [241018    169]]","(array([0.        , 0.00533303, 1.        ]), array([0.       , 0.0007007, 1.       ]), array([2, 1, 0]))",0.0007007011157317766,-0.02907562810016262,0.03574,0.7824074074074074,0.49768383518285175,33.304360676880876,0.001400148299731155,0.003490999830614209,bayes,s-0-3-0,s-1-1-0
657,"[[ 1330     6]
 [48634    30]]","(array([0.        , 0.00449102, 1.        ]), array([0.        , 0.00061647, 1.        ]), array([2, 1, 0]))",0.0006164721354594773,-0.023294215167997213,0.0272,0.8333333333333334,0.4980627270856938,33.59932177292079,0.0012320328542094457,0.0030732666775938372,bayes,s-0-3-0,s-1-1-1
658,"[[  8906     43]
 [240926    125]]","(array([0.        , 0.00480501, 1.        ]), array([0.        , 0.00051856, 1.        ]), array([2, 1, 0]))",0.000518562461885659,-0.03072983100126255,0.036124,0.7440476190476191,0.49785677815797386,33.29109777395167,0.0010364026051015883,0.00258560418330072,bayes,s-0-3-0,s-1-1-2
659,"[[ 70054    455]
 [429200    291]]","(array([0.        , 0.00645308, 1.        ]), array([0.        , 0.00067755, 1.        ]), array([2, 1, 0]))",0.0006775462116784752,-0.05207880590510594,0.14069,0.3900804289544236,0.49711223464975557,29.67951667154434,0.0013527427906014592,0.0033643563211746344,bayes,s-0-3-0,s-1-1-3
660,"[[  8868     45]
 [240923    164]]","(array([0.        , 0.00504881, 1.        ]), array([0.        , 0.00068025, 1.        ]), array([2, 1, 0]))",0.0006802523570329383,-0.028026889311907676,0.036128,0.784688995215311,0.4978157236204552,33.29095962524287,0.0013593263046217095,0.0033895082319581023,bayes,s-0-3-0,s-1-2-0
661,"[[ 1381     4]
 [48590    25]]","(array([0.        , 0.00288809, 1.        ]), array([0.        , 0.00051424, 1.        ]), array([2, 1, 0]))",0.0005142445747197367,-0.01618094324002937,0.02812,0.8620689655172413,0.4988130789660602,33.56754606665358,0.0010278759970397172,0.0025651022962795756,bayes,s-0-3-0,s-1-2-1
662,"[[  8770     51]
 [241017    162]]","(array([0.        , 0.00578166, 1.        ]), array([0.       , 0.0006717, 1.       ]), array([2, 1, 0]))",0.0006717002724117772,-0.03231254724989431,0.035728,0.7605633802816901,0.49744502143197733,33.30477515499117,0.0013422151521177172,0.0033466787312369075,bayes,s-0-3-0,s-1-2-2
663,"[[ 70067    444]
 [429191    298]]","(array([0.        , 0.00629689, 1.        ]), array([0.        , 0.00069385, 1.        ]), array([2, 1, 0]))",0.0006938478051824377,-0.05065984676378127,0.14073,0.40161725067385445,0.4971984789791041,29.678135102897414,0.0013853023143381112,0.003445429256550362,bayes,s-0-3-0,s-1-2-3
664,"[[ 67600    400]
 [181936     64]]","(array([0.        , 0.00588235, 1.        ]), array([0.        , 0.00035165, 1.        ]), array([2, 1, 0]))",0.00035164835164835164,-0.05718011410619979,0.270656,0.13793103448275862,0.49723464770523595,25.19065061032562,0.0007015082427218519,0.0017404925593943086,bayes,s-0-3-0,s-1-3-0
665,"[[22917   123]
 [26956     4]]","(array([0.        , 0.00533854, 1.        ]), array([0.        , 0.00014837, 1.        ]), array([2, 1, 0]))",0.0001483679525222552,-0.05139826606103813,0.45842,0.031496062992125984,0.4974049131429278,18.705512486965407,0.00029534463026544103,0.00072811999417504,bayes,s-0-3-0,s-1-3-1
666,"[[ 67578    471]
 [181877     74]]","(array([0.        , 0.00692148, 1.        ]), array([0.       , 0.0004067, 1.       ]), array([2, 1, 0]))",0.00040670290352897207,-0.062171808916411955,0.270608,0.13577981651376148,0.4967426099272748,25.192308698678247,0.0008109766789409082,0.0020094389320646716,bayes,s-0-3-0,s-1-3-2
667,"[[ 70127    238]
 [429381    254]]","(array([0.        , 0.00338236, 1.        ]), array([0.       , 0.0005912, 1.       ]), array([2, 1, 0]))",0.0005911995065578921,-0.03095706181727571,0.140762,0.516260162601626,0.4986044180578338,29.67702953261863,0.0011810465281184394,0.002942518935225195,bayes,s-0-3-0,s-1-3-3
668,"[[ 67310    401]
 [182168    121]]","(array([0.        , 0.00592223, 1.        ]), array([0.        , 0.00066378, 1.        ]), array([2, 1, 0]))",0.0006637811387412296,-0.05119363651861421,0.269724,0.23180076628352492,0.4973707764224817,25.22284075312406,0.0013237715454759286,0.00328132033822006,bayes,s-0-3-0,s-1-4-0
669,"[[22977   154]
 [26863     6]]","(array([0.        , 0.00665773, 1.        ]), array([0.        , 0.00022331, 1.        ]), array([2, 1, 0]))",0.00022330566824221222,-0.05680463636132824,0.45966,0.0375,0.4967827868101705,18.66268489998612,0.00044396759036590327,0.0010905521829219528,bayes,s-0-3-0,s-1-4-1
670,"[[ 67694    403]
 [181840     63]]","(array([0.        , 0.00591803, 1.        ]), array([0.        , 0.00034634, 1.        ]), array([2, 1, 0]))",0.00034633843312094906,-0.0575059872105667,0.271028,0.1351931330472103,0.4972141548693793,25.17780219510188,0.0006909068975538606,0.0017141271283745174,bayes,s-0-3-0,s-1-4-2
671,"[[ 70135    364]
 [429361    140]]","(array([0.        , 0.00516319, 1.        ]), array([0.        , 0.00032596, 1.        ]), array([2, 1, 0]))",0.00032595966016377143,-0.05305049031266252,0.14055,0.2777777777777778,0.49758138292799814,29.68435195471291,0.0006511552191253591,0.0016221840622733285,bayes,s-0-3-0,s-1-4-3
672,"[[110858  14471]
 [124615     56]]","(array([0.       , 0.1154641, 1.       ]), array([0.        , 0.00044918, 1.        ]), array([2, 1, 0]))",0.0004491822476758829,-0.24581260515147269,0.443656,0.0038548908928202658,0.44249254187745446,19.21548729854783,0.0008046092616273221,0.0015319046498777212,bayes,s-0-3-0,s-2-1-0
673,"[[22228  2863]
 [24908     1]]","(array([0.        , 0.11410466, 1.        ]), array([0.        , 0.00004015, 1.        ]), array([2, 1, 0]))",4.014613192018949e-05,-0.24542839788365398,0.44458,0.00034916201117318437,0.44296774354541485,19.183572970210143,7.201238613041444e-05,0.00013749484394335215,bayes,s-0-3-0,s-2-1-1
674,"[[110211  14589]
 [125153     47]]","(array([0.        , 0.11689904, 1.        ]), array([0.       , 0.0003754, 1.       ]), array([2, 1, 0]))",0.00037539936102236424,-0.24816599846576462,0.441032,0.003211259907078437,0.4417381804497419,19.306117425218076,0.0006722160244858262,0.0012789533263671195,bayes,s-0-3-0,s-2-1-2
675,"[[222613  27620]
 [249725     42]]","(array([0.        , 0.11037713, 1.        ]), array([0.        , 0.00016816, 1.        ]), array([2, 1, 0]))",0.00016815672206496455,-0.24103967827707465,0.44531,0.0015183283927409444,0.4448955141029211,19.158358048255053,0.0003027801707824344,0.0005826616539267234,bayes,s-0-3-0,s-2-1-3
676,"[[110682  13805]
 [125494     19]]","(array([0.        , 0.11089511, 1.        ]), array([0.        , 0.00015138, 1.        ]), array([2, 1, 0]))",0.00015137874164429182,-0.24226505650742808,0.442804,0.0013744212962962963,0.44462813259782574,19.244912205908747,0.0002727200958826443,0.0005254163233024904,bayes,s-0-3-0,s-2-2-0
677,"[[22152  3007]
 [24830    11]]","(array([0.        , 0.11951985, 1.        ]), array([0.        , 0.00044282, 1.        ]), array([2, 1, 0]))",0.0004428163117426835,-0.24999647095718763,0.44326,0.003644797879390325,0.44046148129073365,19.229166457892024,0.0007896909436806778,0.0014899899764310675,bayes,s-0-3-0,s-2-2-1
678,"[[110798  14479]
 [124666     57]]","(array([0.        , 0.11557588, 1.        ]), array([0.        , 0.00045701, 1.        ]), array([2, 1, 0]))",0.00045701274023235487,-0.24596355016887805,0.44342,0.003921298844248761,0.44244056444941243,19.223638475364154,0.0008186185453004832,0.001558509736584512,bayes,s-0-3-0,s-2-2-2
679,"[[221554  28828]
 [249519     99]]","(array([0.        , 0.11513607, 1.        ]), array([0.        , 0.00039661, 1.        ]), array([2, 1, 0]))",0.00039660601398937577,-0.24572906151412052,0.443306,0.003422408130812044,0.44263026696606517,19.227575687977836,0.0007108366691198909,0.0013549542052851426,bayes,s-0-3-0,s-2-2-3
680,"[[110342  14456]
 [125137     65]]","(array([0.        , 0.11583519, 1.        ]), array([0.        , 0.00051916, 1.        ]), array([2, 1, 0]))",0.0005191610357662018,-0.24650445304324856,0.441628,0.004476275738585497,0.44234198568463257,19.28553188910087,0.000930412315796254,0.0017731850768743932,bayes,s-0-3-0,s-2-3-0
681,"[[22167  2919]
 [24904    10]]","(array([0.        , 0.11635972, 1.        ]), array([0.        , 0.00040138, 1.        ]), array([2, 1, 0]))",0.0004013807497792406,-0.2468897370546122,0.44354,0.003414134516899966,0.44202082909768314,19.21949419320997,0.0007183134001364796,0.0013650013650013649,bayes,s-0-3-0,s-2-3-1
682,"[[110573  14401]
 [124948     78]]","(array([0.        , 0.11523197, 1.        ]), array([0.        , 0.00062387, 1.        ]), array([2, 1, 0]))",0.0006238702349911218,-0.24532466047938015,0.442604,0.005387112369638787,0.4426959509927976,19.251821867428006,0.0011182394896240278,0.002131823200795881,bayes,s-0-3-0,s-2-3-2
683,"[[222200  27609]
 [250161     30]]","(array([0.        , 0.11052044, 1.        ]), array([0.        , 0.00011991, 1.        ]), array([2, 1, 0]))",0.0001199083899900476,-0.2415532346820775,0.44446,0.0010854227721697602,0.44479973538782636,19.187715990599585,0.000215959399632869,0.0004158038736288868,bayes,s-0-3-0,s-2-3-3
684,"[[111335  13627]
 [125026     12]]","(array([0.        , 0.10904915, 1.        ]), array([0.        , 0.00009597, 1.        ]), array([2, 1, 0]))",9.597082486923976e-05,-0.23986712500474103,0.445388,0.0008798298995527531,0.44552340994149153,19.155663438390924,0.00017306402647879605,0.0003340868848625233,bayes,s-0-3-0,s-2-4-0
685,"[[22097  2878]
 [25018     7]]","(array([0.        , 0.11523524, 1.        ]), array([0.        , 0.00027972, 1.        ]), array([2, 1, 0]))",0.0002797202797202797,-0.24650009801547468,0.44208,0.0024263431542461003,0.4425222425222425,19.26992015107665,0.0005016123253314224,0.0009571995077259673,bayes,s-0-3-0,s-2-4-1
686,"[[111228  13832]
 [124920     20]]","(array([0.        , 0.11060291, 1.        ]), array([0.        , 0.00016008, 1.        ]), array([2, 1, 0]))",0.00016007683688170322,-0.24137880171845422,0.444992,0.0014438348252959862,0.44477858311698554,19.1693414495132,0.00028820104905181857,0.0005544835540177877,bayes,s-0-3-0,s-2-4-2
687,"[[220950  28692]
 [250251    107]]","(array([0.        , 0.11493258, 1.        ]), array([0.        , 0.00042739, 1.        ]), array([2, 1, 0]))",0.00042738798041204993,-0.24573835698574906,0.442114,0.003715406784957811,0.44274740226044895,19.268745691950077,0.0007665937089164878,0.001463532063662277,bayes,s-0-3-0,s-2-4-3
688,"[[170110  21760]
 [ 58113     17]]","(array([0.        , 0.11341012, 1.        ]), array([0.        , 0.00029245, 1.        ]), array([2, 1, 0]))",0.0002924479614656804,-0.16945540782851332,0.680508,0.00078064012490242,0.44344116326253824,11.034932344923128,0.0004254946375161125,0.0005852462854074003,bayes,s-0-3-0,s-3-1-0
689,"[[35237  4401]
 [10354     8]]","(array([0.        , 0.11102982, 1.        ]), array([0.        , 0.00077205, 1.        ]), array([2, 1, 0]))",0.0007720517274657402,-0.15760763393674576,0.7049,0.0018144704014515763,0.4448711159288219,10.192463294703948,0.001083203574571796,0.0014286734766769053,bayes,s-0-3-0,s-3-1-1
690,"[[170026  22082]
 [ 57841     51]]","(array([0.        , 0.11494576, 1.        ]), array([0.        , 0.00088095, 1.        ]), array([2, 1, 0]))",0.0008809507358529676,-0.16938416988890986,0.680308,0.0023042515700537657,0.44296759552950227,11.041841130083599,0.0012746016869728208,0.0017415177839698408,bayes,s-0-3-0,s-3-1-2
691,"[[296149  37056]
 [166772     23]]","(array([0.        , 0.11121082, 1.        ]), array([0.        , 0.00013789, 1.        ]), array([2, 1, 0]))",0.00013789382175724693,-0.19986558509337446,0.592344,0.0006202972032686966,0.44446353882876705,14.079998689808457,0.0002256295555097757,0.0003649507633817924,bayes,s-0-3-0,s-3-1-3
692,"[[169773  21883]
 [ 58284     60]]","(array([0.        , 0.11417853, 1.        ]), array([0.        , 0.00102838, 1.        ]), array([2, 1, 0]))",0.0010283833813245578,-0.16913937413871954,0.679332,0.002734357198195324,0.44342492759248636,11.075550339365483,0.0014946379862244199,0.002053163240165348,bayes,s-0-3-0,s-3-2-0
693,"[[35148  4507]
 [10330    15]]","(array([0.        , 0.11365528, 1.        ]), array([0.        , 0.00144998, 1.        ]), array([2, 1, 0]))",0.0014499758337361043,-0.1584753215969148,0.70326,0.0033171163202122956,0.4438973495358316,10.249108583138154,0.0020178919755162437,0.002637780044314705,bayes,s-0-3-0,s-3-2-1
694,"[[170501  21266]
 [ 58227      6]]","(array([0.        , 0.11089499, 1.        ]), array([0.        , 0.00010303, 1.        ]), array([2, 1, 0]))",0.00010303436195971356,-0.16784790635265817,0.682028,0.00028206092515983453,0.44460402100071944,10.982431824798338,0.00015093390352807998,0.00020932033686619546,bayes,s-0-3-0,s-3-2-2
695,"[[294946  38286]
 [166644    124]]","(array([0.        , 0.11489293, 1.        ]), array([0.        , 0.00074355, 1.        ]), array([2, 1, 0]))",0.0007435479228628994,-0.20209376545991786,0.59014,0.003228325956782088,0.44292531023645904,14.15612411999252,0.001208706586476133,0.0019350328331377495,bayes,s-0-3-0,s-3-2-3
696,"[[123631  15930]
 [110376     63]]","(array([0.        , 0.11414364, 1.        ]), array([0.        , 0.00057045, 1.        ]), array([2, 1, 0]))",0.0005704506560182544,-0.2304834164738648,0.494776,0.0039392234102419805,0.4432134072699557,17.44986971569061,0.0009965831435079725,0.0018060787450332834,bayes,s-0-3-0,s-3-3-0
697,"[[22671  2929]
 [24390    10]]","(array([0.        , 0.11441406, 1.        ]), array([0.        , 0.00040984, 1.        ]), array([2, 1, 0]))",0.0004098360655737705,-0.2422732578008502,0.45362,0.003402517863218782,0.4429978867827869,18.871343487068756,0.0007315556530963093,0.0013828963380904966,bayes,s-0-3-0,s-3-3-1
698,"[[123721  15867]
 [110357     55]]","(array([0.        , 0.11367023, 1.        ]), array([0.        , 0.00049813, 1.        ]), array([2, 1, 0]))",0.000498134260768757,-0.23014016939404452,0.495104,0.0034543399070468533,0.44341395236407205,17.438540795534525,0.0008707078062912595,0.0015795519816197586,bayes,s-0-3-0,s-3-3-2
699,"[[294790  38112]
 [166971    127]]","(array([0.        , 0.11448414, 1.        ]), array([0.        , 0.00076003, 1.        ]), array([2, 1, 0]))",0.0007600330345066967,-0.20185266356094098,0.589834,0.0033212165590104344,0.44313794527706857,14.166692707309457,0.0012369908978898106,0.0019840401932173946,bayes,s-0-3-0,s-3-3-3
700,"[[123214  16116]
 [110611     59]]","(array([0.        , 0.11566784, 1.        ]), array([0.        , 0.00053312, 1.        ]), array([2, 1, 0]))",0.0005331164723954098,-0.23247484980371444,0.493092,0.0036476043276661516,0.44243263876444,17.508033610040126,0.0009302692262209786,0.0016821577236699548,bayes,s-0-3-0,s-3-4-0
701,"[[22722  2856]
 [24416     6]]","(array([0.        , 0.11165846, 1.        ]), array([0.        , 0.00024568, 1.        ]), array([2, 1, 0]))",0.0002456801244779297,-0.2397389015011818,0.45456,0.0020964360587002098,0.44429361181921767,18.838875869845292,0.0004398182084738308,0.0008363534987454696,bayes,s-0-3-0,s-3-4-1
702,"[[124182  15466]
 [110339     13]]","(array([0.        , 0.11074989, 1.        ]), array([0.       , 0.0001178, 1.       ]), array([2, 1, 0]))",0.00011780484268522546,-0.2279429820452809,0.49678,0.000839847535370502,0.4446839597082354,17.38065252374238,0.0002066263480382418,0.00037731906099797987,bayes,s-0-3-0,s-3-4-2
703,"[[295850  37100]
 [166912    138]]","(array([0.        , 0.11142814, 1.        ]), array([0.       , 0.0008261, 1.       ]), array([2, 1, 0]))",0.0008260999700688416,-0.19870275010022967,0.591976,0.0037058918309253986,0.4446989788031753,14.09270902988636,0.0013510338345864659,0.0021835304839842784,bayes,s-0-3-0,s-3-4-3
704,"[[179253   6744]
 [ 60056   3947]]","(array([0.        , 0.03625865, 1.        ]), array([0.        , 0.06166898, 1.        ]), array([2, 1, 0]))",0.06166898426636251,0.05481189839299704,0.7328,0.36918903750818444,0.5127051674666543,9.228782622660411,0.10568452620023025,0.1848417582211732,bayes,s-2-3-0,s-0-1-0
705,"[[38102   369]
 [10642   887]]","(array([0.        , 0.00959164, 1.        ]), array([0.        , 0.07693642, 1.        ]), array([2, 1, 0]))",0.07693642119871628,0.18126380752648866,0.77978,0.7062101910828026,0.5336723903711342,7.6061352387162655,0.1387563551036371,0.2679272639400713,bayes,s-2-3-0,s-0-1-1
706,"[[171598  14620]
 [ 54976   8806]]","(array([0.        , 0.07851013, 1.        ]), array([0.        , 0.13806403, 1.        ]), array([2, 1, 0]))",0.1380640306042457,0.08908733716070728,0.721616,0.37590711175616837,0.5297769486598004,9.615089488378532,0.2019539491789744,0.279580407147302,bayes,s-2-3-0,s-0-1-2
707,"[[319191   5964]
 [160339  14506]]","(array([0.        , 0.01834202, 1.        ]), array([0.        , 0.08296491, 1.        ]), array([2, 1, 0]))",0.08296491177900427,0.1555218424360505,0.667394,0.7086468001954079,0.5323114451407823,11.48781379920381,0.14853953869390474,0.2825202064465868,bayes,s-2-3-0,s-0-1-3
708,"[[124861  61033]
 [ 23423  40683]]","(array([0.        , 0.32832152, 1.        ]), array([0.        , 0.63462078, 1.        ]), array([2, 1, 0]))",0.6346207843259601,0.27226148032912323,0.662176,0.3999665735970742,0.6531496338813786,11.668222804154135,0.490682780330716,0.43190649085929045,bayes,s-2-3-0,s-0-2-0
709,"[[ 6437 32118]
 [ 2169  9276]]","(array([0.       , 0.8330437, 1.       ]), array([0.        , 0.81048493, 1.        ]), array([2, 1, 0]))",0.8104849279161206,-0.02510697634175242,0.31426,0.2240904478909987,0.488720612058177,23.685134154451312,0.3511042979617328,0.26200281322554947,bayes,s-2-3-0,s-0-2-1
710,"[[178692   7217]
 [ 60173   3918]]","(array([0.        , 0.03882007, 1.        ]), array([0.        , 0.06113183, 1.        ]), array([2, 1, 0]))",0.061131828181803995,0.047223828908311095,0.73044,0.35186349348899865,0.5111558801495651,9.310295647790742,0.10416611278015579,0.18033526341467904,bayes,s-2-3-0,s-0-2-2
711,"[[319191   5964]
 [160339  14506]]","(array([0.        , 0.01834202, 1.        ]), array([0.        , 0.08296491, 1.        ]), array([2, 1, 0]))",0.08296491177900427,0.1555218424360505,0.667394,0.7086468001954079,0.5323114451407823,11.487813799203812,0.14853953869390474,0.2825202064465868,bayes,s-2-3-0,s-0-2-3
712,"[[136345   1511]
 [111287    857]]","(array([0.        , 0.01096071, 1.        ]), array([0.        , 0.00764196, 1.        ]), array([2, 1, 0]))",0.007641960336709944,-0.01704046589265502,0.548808,0.36190878378378377,0.49834062385452027,15.58362443193941,0.014967863630012575,0.035233850809104066,bayes,s-2-3-0,s-0-3-0
713,"[[23002  2389]
 [21082  3527]]","(array([0.        , 0.09408846, 1.        ]), array([0.        , 0.14332155, 1.        ]), array([2, 1, 0]))",0.14332154902677882,0.07620604491889736,0.53058,0.5961798512508452,0.5246165462435299,16.213230620064184,0.23108927108927108,0.36531808671514093,bayes,s-2-3-0,s-0-3-1
714,"[[137908    119]
 [111620    353]]","(array([0.        , 0.00086215, 1.        ]), array([0.        , 0.00315255, 1.        ]), array([2, 1, 0]))",0.0031525457029819687,0.026237263040949834,0.553044,0.7478813559322034,0.5011451977719775,15.437313722972076,0.006278625105607186,0.015501356917645199,bayes,s-2-3-0,s-0-3-2
715,"[[319191   5964]
 [160339  14506]]","(array([0.        , 0.01834202, 1.        ]), array([0.        , 0.08296491, 1.        ]), array([2, 1, 0]))",0.08296491177900427,0.1555218424360505,0.667394,0.7086468001954079,0.5323114451407823,11.487813799203812,0.14853953869390474,0.2825202064465868,bayes,s-2-3-0,s-0-3-3
716,"[[137697    120]
 [111915    268]]","(array([0.        , 0.00087072, 1.        ]), array([0.        , 0.00238895, 1.        ]), array([2, 1, 0]))",0.002388953763047877,0.019182491352249458,0.55186,0.6907216494845361,0.5007591169476987,15.47820763742204,0.004761439447104493,0.011781773420670858,bayes,s-2-3-0,s-0-4-0
717,"[[25331    13]
 [24638    18]]","(array([0.        , 0.00051294, 1.        ]), array([0.        , 0.00073005, 1.        ]), array([2, 1, 0]))",0.0007300454250486697,0.004360482533816845,0.50698,0.5806451612903226,0.5001085517529283,17.028307746114194,0.0014582573824279987,0.0036319612590799025,bayes,s-2-3-0,s-0-4-1
718,"[[136090   1723]
 [105262   6925]]","(array([0.        , 0.01250245, 1.        ]), array([0.        , 0.06172729, 1.        ]), array([2, 1, 0]))",0.061727294606326935,0.13397304618727943,0.57206,0.8007631822386679,0.5246124228178102,14.780529481263569,0.11461910870194893,0.23589886836672821,bayes,s-2-3-0,s-0-4-2
719,"[[319191   5964]
 [160339  14506]]","(array([0.        , 0.01834202, 1.        ]), array([0.        , 0.08296491, 1.        ]), array([2, 1, 0]))",0.08296491177900427,0.1555218424360505,0.667394,0.7086468001954079,0.5323114451407823,11.487813799203812,0.14853953869390474,0.2825202064465868,bayes,s-2-3-0,s-0-4-3
720,"[[  8773     40]
 [216975  24212]]","(array([0.        , 0.00453875, 1.        ]), array([0.        , 0.10038684, 1.        ]), array([2, 1, 0]))",0.10038683676980932,0.0597223031465069,0.13194,0.9983506514926604,0.5479240435976586,29.981730365301743,0.18242986147476445,0.3579591655701592,bayes,s-2-3-0,s-1-1-0
721,"[[ 1329     7]
 [48652    12]]","(array([0.        , 0.00523952, 1.        ]), array([0.        , 0.00024659, 1.        ]), array([2, 1, 0]))",0.00024658885418379087,-0.041312694372708916,0.02682,0.631578947368421,0.49750353394805,33.6124465239428,0.0004929852309841216,0.0012310217480508822,bayes,s-2-3-0,s-1-1-1
722,"[[  8928     21]
 [240987     64]]","(array([0.        , 0.00234663, 1.        ]), array([0.       , 0.0002655, 1.       ]), array([2, 1, 0]))",0.0002655039804854574,-0.02097174975507196,0.035968,0.7529411764705882,0.49895943653600205,33.2964857527047,0.0005308207816336009,0.0013256500863743882,bayes,s-2-3-0,s-1-1-2
723,"[[   885  69624]
 [  5755 423736]]","(array([0.        , 0.98744841, 1.        ]), array([0.        , 0.98660042, 1.        ]), array([2, 1, 0]))",0.986600417703747,-0.0025782536527134115,0.849242,0.8588778984919734,0.4995760034312889,5.207108194086905,0.9183194253460201,0.8817065492101106,bayes,s-2-3-0,s-1-1-3
724,"[[  8867     46]
 [144373  96714]]","(array([0.      , 0.005161, 1.      ]), array([0.        , 0.40115809, 1.        ]), array([2, 1, 0]))",0.4011580881590463,0.15074983302777756,0.422324,0.9995245969408847,0.6979985436868382,19.95222233983235,0.5725313529497079,0.7698602352708926,bayes,s-2-3-0,s-1-2-0
725,"[[ 1383     2]
 [48611     4]]","(array([0.        , 0.00144404, 1.        ]), array([0.        , 0.00008228, 1.        ]), array([2, 1, 0]))",8.227913195515788e-05,-0.020402217488810707,0.02774,0.6666666666666666,0.4993191179053278,33.58067076969974,0.00016453795684992083,0.0004111926643228685,bayes,s-2-3-0,s-1-2-1
726,"[[  8787     34]
 [241138     41]]","(array([0.        , 0.00385444, 1.        ]), array([0.     , 0.00017, 1.     ]), array([2, 1, 0]))",0.00016999821709186953,-0.0392522601994789,0.035312,0.5466666666666666,0.49815777997239363,33.31914323159883,0.00033989073756290054,0.0008489351040877261,bayes,s-2-3-0,s-1-2-2
727,"[[ 70296    215]
 [429448     41]]","(array([0.        , 0.00304917, 1.        ]), array([0.        , 0.00009546, 1.        ]), array([2, 1, 0]))",9.546228192107365e-05,-0.04544416693444188,0.140674,0.16015625,0.49852314632440714,29.6800689081599,0.00019081082967806494,0.0004761760968890603,bayes,s-2-3-0,s-1-2-3
728,"[[ 67837    163]
 [181993      7]]","(array([0.        , 0.00239706, 1.        ]), array([0.        , 0.00003846, 1.        ]), array([2, 1, 0]))",3.846153846153846e-05,-0.04026217108698134,0.271376,0.041176470588235294,0.49882070135746603,25.16578193330292,7.68512927485316e-05,0.00019159185460915259,bayes,s-2-3-0,s-1-3-0
729,"[[  115 22925]
 [    6 26954]]","(array([0.        , 0.99500868, 1.        ]), array([0.        , 0.99977745, 1.        ]), array([2, 1, 0]))",0.9997774480712166,0.048378876399728654,0.54138,0.5403877383267507,0.5023843837578306,15.840540245655681,0.7015708169028748,0.5950740917359897,bayes,s-2-3-0,s-1-3-1
730,"[[ 67934    115]
 [181944      7]]","(array([0.        , 0.00168996, 1.        ]), array([0.        , 0.00003847, 1.        ]), array([2, 1, 0]))",3.847189627976763e-05,-0.03328275596057903,0.271764,0.05737704918032787,0.49917425659502673,25.15238073453899,7.689223553190204e-05,0.00019184494543381624,bayes,s-2-3-0,s-1-3-2
731,"[[   513  69852]
 [   161 429474]]","(array([0.        , 0.99270944, 1.        ]), array([0.        , 0.99962526, 1.        ]), array([2, 1, 0]))",0.9996252633048983,0.06554654370545049,0.859974,0.860107424808642,0.5034579098447323,4.8364384104331535,0.9246330039689502,0.8848059221925231,bayes,s-2-3-0,s-1-3-3
732,"[[ 67562    149]
 [182281      8]]","(array([0.        , 0.00220053, 1.        ]), array([0.        , 0.00004389, 1.        ]), array([2, 1, 0]))",4.388635628041188e-05,-0.03825644031950279,0.27028,0.050955414012738856,0.4989216788193211,25.203636387454285,8.769718163182531e-05,0.00021867841698693945,bayes,s-2-3-0,s-1-4-0
733,"[[   12 23119]
 [    1 26868]]","(array([0.        , 0.99948122, 1.        ]), array([0.        , 0.99996278, 1.        ]), array([2, 1, 0]))",0.9999627823886263,0.01489289731326148,0.5376,0.5374997499349831,0.5002407833520236,15.971099922866472,0.6991776829395233,0.5922836471693038,bayes,s-2-3-0,s-1-4-1
734,"[[   385  67712]
 [  2509 179394]]","(array([0.       , 0.9943463, 1.       ]), array([0.        , 0.98620693, 1.        ]), array([2, 1, 0]))",0.986206934465072,-0.033875332893897644,0.719116,0.7259799438297735,0.49593031716718805,9.701606238272865,0.8363181192002965,0.7664268191710523,bayes,s-2-3-0,s-1-4-2
735,"[[   441  70058]
 [  5587 423914]]","(array([0.        , 0.99374459, 1.        ]), array([0.        , 0.98699188, 1.        ]), array([2, 1, 0]))",0.9869918812761787,-0.021533465727881576,0.84871,0.8581741475225316,0.4966236445771523,5.225483517179567,0.9180863977614938,0.8811755603771365,bayes,s-2-3-0,s-1-4-3
736,"[[124867    462]
 [124629     42]]","(array([0.       , 0.0036863, 1.       ]), array([0.        , 0.00033689, 1.        ]), array([2, 1, 0]))",0.0003368866857569122,-0.0373361804093842,0.499636,0.08333333333333333,0.49832529451060503,17.281961789719137,0.0006710605152786099,0.0016576286438229654,bayes,s-2-3-0,s-2-1-0
737,"[[24795   296]
 [13498 11411]]","(array([0.        , 0.01179706, 1.        ]), array([0.        , 0.45810751, 1.        ]), array([2, 1, 0]))",0.45810751134128225,0.5269770289992896,0.72412,0.9747159818911763,0.7231552263174866,9.528562365444747,0.6232794406816693,0.7953357402734992,bayes,s-2-3-0,s-2-1-1
738,"[[ 59001  65799]
 [   135 125065]]","(array([0.        , 0.52723558, 1.        ]), array([0.        , 0.99892173, 1.        ]), array([2, 1, 0]))",0.9989217252396166,0.5549765038411018,0.736264,0.6552571464498281,0.7358430741582699,9.109329182133402,0.7913903513212514,0.7036749878468158,bayes,s-2-3-0,s-2-1-2
739,"[[108826 141407]
 [  6069 243698]]","(array([0.        , 0.56510133, 1.        ]), array([0.        , 0.97570135, 1.        ]), array([2, 1, 0]))",0.9757013536616126,0.4879986846558055,0.705048,0.632809233845315,0.7053000140485194,10.18750731257932,0.76770750639499,0.680649563425497,bayes,s-2-3-0,s-2-1-3
740,"[[ 63728  60759]
 [  2295 123218]]","(array([0.        , 0.48807506, 1.        ]), array([0.        , 0.98171504, 1.        ]), array([2, 1, 0]))",0.9817150414698079,0.5598701191804965,0.747784,0.6697467618234888,0.7468199907116886,8.711426358179839,0.7962648227729491,0.7152019744120471,bayes,s-2-3-0,s-2-2-0
741,"[[24327   832]
 [24832     9]]","(array([0.        , 0.03306968, 1.        ]), array([0.       , 0.0003623, 1.       ]), array([2, 1, 0]))",0.00036230425506219557,-0.1271678607673951,0.48672,0.01070154577883472,0.48364631369993066,17.72807645328099,0.0007008799937699556,0.0015954617975536252,bayes,s-2-3-0,s-2-2-1
742,"[[ 40592  84685]
 [   144 124579]]","(array([0.        , 0.67598202, 1.        ]), array([0.        , 0.99884544, 1.        ]), array([2, 1, 0]))",0.9988454414983604,0.43711059578219164,0.660684,0.5953197874455234,0.6614317088315895,11.719830306849019,0.7460110722872448,0.6476487841801495,bayes,s-2-3-0,s-2-2-2
743,"[[110318 140064]
 [   268 249350]]","(array([0.        , 0.55940123, 1.        ]), array([0.        , 0.99892636, 1.        ]), array([2, 1, 0]))",0.9989263594772813,0.5295016918844637,0.719336,0.6403210978547254,0.7197625622821142,9.694015127730134,0.7803991036442619,0.6898511238472972,bayes,s-2-3-0,s-2-2-3
744,"[[ 20450 104348]
 [   112 125090]]","(array([0.        , 0.83613519, 1.        ]), array([0.        , 0.99910545, 1.        ]), array([2, 1, 0]))",0.9991054455999105,0.29658721719458375,0.58216,0.5452017538507135,0.5814851255628201,14.43201607442006,0.7054477780284232,0.5996908780253012,bayes,s-2-3-0,s-2-3-0
745,"[[11548 13538]
 [   25 24889]]","(array([0.        , 0.53966356, 1.        ]), array([0.        , 0.99899655, 1.        ]), array([2, 1, 0]))",0.9989965481255519,0.5445325700099525,0.72874,0.6476956306763474,0.7296664953814398,9.369204983883673,0.7858732890229079,0.6966946960620751,bayes,s-2-3-0,s-2-3-1
746,"[[ 51046  73928]
 [   142 124884]]","(array([0.        , 0.59154704, 1.        ]), array([0.        , 0.99886424, 1.        ]), array([2, 1, 0]))",0.9988642362388623,0.5047047238686254,0.70372,0.6281512182363238,0.7036585972270857,10.233385120839417,0.7712745261519649,0.6785153117441111,bayes,s-2-3-0,s-2-3-2
747,"[[ 80777 169032]
 [   287 249904]]","(array([0.        , 0.67664496, 1.        ]), array([0.        , 0.99885288, 1.        ]), array([2, 1, 0]))",0.9988528764024286,0.43710747868598865,0.661362,0.5965207096071954,0.6611039598277371,11.696412475925408,0.7469553612393462,0.6487861739882187,bayes,s-2-3-0,s-2-3-3
748,"[[112665  12297]
 [120886   4152]]","(array([0.        , 0.09840592, 1.        ]), array([0.        , 0.03320591, 1.        ]), array([2, 1, 0]))",0.03320590540475695,-0.13149130613864166,0.467268,0.2524165602772205,0.4673999950032379,18.39995075701195,0.058690904464721146,0.1087856461636815,bayes,s-2-3-0,s-2-4-0
749,"[[24480   495]
 [18759  6266]]","(array([0.        , 0.01981982, 1.        ]), array([0.        , 0.25038961, 1.        ]), array([2, 1, 0]))",0.2503896103896104,0.33713117015943417,0.61492,0.9267859784055613,0.6152848952848953,13.300199930166768,0.3942616246146102,0.601701588277094,bayes,s-2-3-0,s-2-4-1
750,"[[ 56311  68749]
 [  3632 121308]]","(array([0.        , 0.54972813, 1.        ]), array([0.        , 0.97093005, 1.        ]), array([2, 1, 0]))",0.9709300464222826,0.4932750267838846,0.710476,0.6382716763918193,0.7106009579624607,10.000024583055035,0.7702168592081828,0.6852258554308336,bayes,s-2-3-0,s-2-4-2
751,"[[223867  25775]
 [ 86860 163498]]","(array([0.        , 0.10324785, 1.        ]), array([0.        , 0.65305682, 1.        ]), array([2, 1, 0]))",0.6530568226299939,0.5667839672831633,0.77473,0.8638210415643013,0.7749044858537364,7.780591377729055,0.7437965020665056,0.8114447367114993,bayes,s-2-3-0,s-2-4-3
752,"[[ 39629 152241]
 [    57  58073]]","(array([0.        , 0.79345911, 1.        ]), array([0.        , 0.99901944, 1.        ]), array([2, 1, 0]))",0.9990194391880268,0.23762396695339996,0.390808,0.27612522228667613,0.6027801631234865,21.04123319561791,0.4326637958009864,0.3228480318795267,bayes,s-2-3-0,s-3-1-0
753,"[[34969  4669]
 [10358     4]]","(array([0.        , 0.11779101, 1.        ]), array([0.        , 0.00038603, 1.        ]), array([2, 1, 0]))",0.0003860258637328701,-0.16348872664802638,0.69946,0.0008559811684142949,0.44129750861782435,10.380358524134488,0.0005320917858330562,0.0006883733737179045,bayes,s-2-3-0,s-3-1-1
754,"[[ 18867 173241]
 [    68  57824]]","(array([0.        , 0.90178962, 1.        ]), array([0.       , 0.9988254, 1.       ]), array([2, 1, 0]))",0.9988253990188627,0.15470849742952603,0.306764,0.2502499296734685,0.5485178903395894,23.944077285135915,0.40022563910893316,0.2943739869185218,bayes,s-2-3-0,s-3-1-2
755,"[[329882   3323]
 [124542  42253]]","(array([0.        , 0.00997284, 1.        ]), array([0.        , 0.25332294, 1.        ]), array([2, 1, 0]))",0.2533229413351719,0.3986392596760365,0.74427,0.9270888186764964,0.6216750508959739,8.83260660159503,0.39791685305432467,0.60517217179081,bayes,s-2-3-0,s-3-1-3
756,"[[  1249 190407]
 [    56  58288]]","(array([0.        , 0.99348312, 1.        ]), array([0.        , 0.99904018, 1.        ]), array([2, 1, 0]))",0.9990401755107637,0.032618621835100656,0.238148,0.23437543979573372,0.5027785299643396,26.314044869807052,0.37967815163546,0.2767385417101879,bayes,s-2-3-0,s-3-2-0
757,"[[39217   438]
 [ 7810  2535]]","(array([0.        , 0.01104527, 1.        ]), array([0.        , 0.24504592, 1.        ]), array([2, 1, 0]))",0.24504591590140165,0.4008299803101951,0.83504,0.8526740665993946,0.617000325243602,5.697523558577955,0.3806877909596036,0.5699959526914603,bayes,s-2-3-0,s-3-2-1
758,"[[  9814 181953]
 [    57  58176]]","(array([0.        , 0.94882331, 1.        ]), array([0.        , 0.99902117, 1.        ]), array([2, 1, 0]))",0.9990211735613828,0.10895667886519109,0.27196,0.24226977999325364,0.5250989309692118,25.146192723155636,0.38996923200675687,0.2855266606396669,bayes,s-2-3-0,s-3-2-2
759,"[[ 48969 284263]
 [   157 166611]]","(array([0.        , 0.85304833, 1.        ]), array([0.        , 0.99905857, 1.        ]), array([2, 1, 0]))",0.9990585723879881,0.23127556139210811,0.43116,0.36952895931013985,0.573005122848337,19.64749215640959,0.5395067045311038,0.4228138970209068,bayes,s-2-3-0,s-3-2-3
760,"[[ 56449  83112]
 [   119 110320]]","(array([0.        , 0.59552454, 1.        ]), array([0.        , 0.99892248, 1.        ]), array([2, 1, 0]))",0.9989224820941878,0.4787704930963086,0.667076,0.5703296248810952,0.7016989722184097,11.499053417065713,0.7260975874631012,0.6238640437835838,bayes,s-2-3-0,s-3-3-0
761,"[[25585    15]
 [24400     0]]","(array([0.        , 0.00058594, 1.        ]), array([0., 0., 1.]), array([2, 1, 0]))",0.0,-0.01691222359691645,0.5117,0.0,0.49970703125,16.865284753514114,0.0,0.0,bayes,s-2-3-0,s-3-3-1
762,"[[ 45759  93829]
 [   137 110275]]","(array([0.        , 0.67218529, 1.        ]), array([0.        , 0.99875919, 1.        ]), array([2, 1, 0]))",0.9987591928413578,0.4188904731182972,0.624136,0.5402882844040293,0.6632869523538537,12.982182752605821,0.7012361851225374,0.5949054193442581,bayes,s-2-3-0,s-3-3-2
763,"[[132099 200803]
 [   175 166923]]","(array([0.        , 0.60318953, 1.        ]), array([0.        , 0.99895271, 1.        ]), array([2, 1, 0]))",0.9989527103855222,0.4232332761548578,0.598044,0.453933091486596,0.6978815915686315,13.883389527718274,0.6242165647016589,0.5095323448933518,bayes,s-2-3-0,s-3-3-3
764,"[[138280   1050]
 [ 60327  50343]]","(array([0.        , 0.00753607, 1.        ]), array([0.        , 0.45489292, 1.        ]), array([2, 1, 0]))",0.45489292491190025,0.5498473215695256,0.754492,0.9795692020314051,0.7236784297278944,8.479549273470939,0.6212769108309731,0.7959568937712258,bayes,s-2-3-0,s-3-4-0
765,"[[25556    22]
 [24422     0]]","(array([0.        , 0.00086011, 1.        ]), array([0., 0., 1.]), array([2, 1, 0]))",0.0,-0.020501197335944618,0.51112,0.0,0.49956994291969664,16.885317355766805,0.0,0.0,bayes,s-2-3-0,s-3-4-1
766,"[[ 75295  64353]
 [  5209 105143]]","(array([0.        , 0.46082293, 1.        ]), array([0.        , 0.95279651, 1.        ]), array([2, 1, 0]))",0.9527965057271277,0.5228303476830047,0.721752,0.6203273233586634,0.7459867897563229,9.610551280304808,0.7514293473599956,0.6668666659901363,bayes,s-2-3-0,s-3-4-2
767,"[[135814 197136]
 [   333 166717]]","(array([0.       , 0.5920889, 1.       ]), array([0.        , 0.99800658, 1.        ]), array([2, 1, 0]))",0.9980065848548338,0.43011412197387994,0.605062,0.45819877807796006,0.7029588413086303,13.640990530731232,0.6280506985268496,0.513777826537694,bayes,s-2-3-0,s-3-4-3
768,"[[181641   4356]
 [ 35973  28030]]","(array([0.        , 0.02341973, 1.        ]), array([0.        , 0.43794822, 1.        ]), array([2, 1, 0]))",0.43794822117713234,0.5387477215450345,0.838684,0.8654974371642068,0.7072642443004002,5.571671185107035,0.5816016350413429,0.7241135228135801,bayes,s-0-2-0,s-0-1-0
769,"[[37587   884]
 [ 6517  5012]]","(array([0.        , 0.02297835, 1.        ]), array([0.        , 0.43472981, 1.        ]), array([2, 1, 0]))",0.4347298117789921,0.5377494595346111,0.85198,0.850067842605156,0.7058757322262172,5.112443818857245,0.5752654232424677,0.7136957821889329,bayes,s-0-2-0,s-0-1-1
770,"[[181791   4427]
 [ 35701  28081]]","(array([0.        , 0.02377321, 1.        ]), array([0.        , 0.44026528, 1.        ]), array([2, 1, 0]))",0.4402652786052491,0.539821105004424,0.839488,0.863818137073951,0.7082460332817244,5.543902235971197,0.5832589053899677,0.7244316716026705,bayes,s-0-2-0,s-0-1-2
771,"[[317465   7690]
 [ 98411  76434]]","(array([0.        , 0.02365026, 1.        ]), array([0.        , 0.43715291, 1.        ]), array([2, 1, 0]))",0.437152906860362,0.5271184717154445,0.787798,0.9085873234748705,0.7067513238765836,7.329209726361315,0.590294591244512,0.7473877510311124,bayes,s-0-2-0,s-0-1-3
772,"[[181475   4419]
 [ 36158  27948]]","(array([0.        , 0.02377161, 1.        ]), array([0.        , 0.43596543, 1.        ]), array([2, 1, 0]))",0.43596543225283124,0.5361297465547792,0.837692,0.8634720548707017,0.7060969102370378,5.60593385278934,0.5793952712157806,0.7218944692985629,bayes,s-0-2-0,s-0-2-0
773,"[[37694   861]
 [ 6572  4873]]","(array([0.        , 0.02233173, 1.        ]), array([0.        , 0.42577545, 1.        ]), array([2, 1, 0]))",0.4257754477937964,0.531945600242526,0.85134,0.8498430415068016,0.7017218569535705,5.134548267935171,0.56732056580709,0.7086763037724325,bayes,s-0-2-0,s-0-2-1
774,"[[181543   4366]
 [ 35951  28140]]","(array([0.        , 0.02348461, 1.        ]), array([0.        , 0.43906321, 1.        ]), array([2, 1, 0]))",0.43906320700254325,0.5395062747402604,0.838732,0.8656863348304928,0.7077892994708052,5.570013355823977,0.5826267896518526,0.7248280658372614,bayes,s-0-2-0,s-0-2-2
775,"[[317465   7690]
 [ 98411  76434]]","(array([0.        , 0.02365026, 1.        ]), array([0.        , 0.43715291, 1.        ]), array([2, 1, 0]))",0.437152906860362,0.5271184717154445,0.787798,0.9085873234748705,0.7067513238765836,7.329209726361312,0.590294591244512,0.7473877510311124,bayes,s-0-2-0,s-0-2-3
776,"[[134651   3205]
 [ 63325  48819]]","(array([0.       , 0.0232489, 1.       ]), array([0.        , 0.43532423, 1.        ]), array([2, 1, 0]))",0.4353242259951491,0.504858099682202,0.73388,0.9383938182377364,0.7060376642974817,9.191469425052688,0.5947444081672433,0.7622252060954284,bayes,s-0-2-0,s-0-3-0
777,"[[24785   606]
 [14085 10524]]","(array([0.        , 0.02386672, 1.        ]), array([0.        , 0.42764842, 1.        ]), array([2, 1, 0]))",0.4276484213092771,0.48526465750844644,0.70618,0.9455525606469003,0.7018908484396805,10.148192971473511,0.588936455972467,0.7611856095126502,bayes,s-0-2-0,s-0-3-1
778,"[[134843   3184]
 [ 63581  48392]]","(array([0.        , 0.02306795, 1.        ]), array([0.        , 0.43217561, 1.        ]), array([2, 1, 0]))",0.4321756137640324,0.5027538063524424,0.73294,0.9382658600899644,0.7045538316452872,9.223935807697718,0.5917737191911904,0.7602183004112771,bayes,s-0-2-0,s-0-3-2
779,"[[317465   7690]
 [ 98411  76434]]","(array([0.        , 0.02365026, 1.        ]), array([0.        , 0.43715291, 1.        ]), array([2, 1, 0]))",0.437152906860362,0.5271184717154445,0.787798,0.9085873234748705,0.7067513238765836,7.329209726361314,0.590294591244512,0.7473877510311124,bayes,s-0-2-0,s-0-3-3
780,"[[134614   3203]
 [ 63361  48822]]","(array([0.        , 0.02324096, 1.        ]), array([0.        , 0.43519963, 1.        ]), array([2, 1, 0]))",0.43519962917732635,0.5047279352728193,0.733744,0.9384334454589139,0.7059793323549765,9.196166692245615,0.5946360713241743,0.7621697061661092,bayes,s-0-2-0,s-0-4-0
781,"[[24775   569]
 [14205 10451]]","(array([0.        , 0.02245107, 1.        ]), array([0.        , 0.42387249, 1.        ]), array([2, 1, 0]))",0.4238724853990915,0.48415866674925656,0.70452,0.9483666061705989,0.7007107060833841,10.205526748586964,0.5858840677205964,0.7602275372439479,bayes,s-0-2-0,s-0-4-1
782,"[[134532   3281]
 [ 63374  48813]]","(array([0.        , 0.02380762, 1.        ]), array([0.        , 0.43510389, 1.        ]), array([2, 1, 0]))",0.43510388904240244,0.5036719830566795,0.73338,0.9370176987752908,0.7056481328343501,9.20873905632776,0.5942622701347082,0.7613636009146408,bayes,s-0-2-0,s-0-4-2
783,"[[317465   7690]
 [ 98411  76434]]","(array([0.        , 0.02365026, 1.        ]), array([0.        , 0.43715291, 1.        ]), array([2, 1, 0]))",0.437152906860362,0.5271184717154445,0.787798,0.9085873234748705,0.7067513238765836,7.329209726361315,0.590294591244512,0.7473877510311124,bayes,s-0-2-0,s-0-4-3
784,"[[  8770     43]
 [241061    126]]","(array([0.        , 0.00487916, 1.        ]), array([0.        , 0.00052242, 1.        ]), array([2, 1, 0]))",0.0005224162164627447,-0.030912484966894114,0.035584,0.7455621301775148,0.4978216302119418,33.30974871320492,0.0010441008303087554,0.0026047803922055047,bayes,s-0-2-0,s-1-1-0
785,"[[ 1330     6]
 [48647    17]]","(array([0.        , 0.00449102, 1.        ]), array([0.        , 0.00034933, 1.        ]), array([2, 1, 0]))",0.00034933421009370375,-0.031148350700278455,0.02694,0.7391304347826086,0.497929158123011,33.60830185478347,0.0006983383654774374,0.0017433751743375174,bayes,s-0-2-0,s-1-1-1
786,"[[  8921     28]
 [240990     61]]","(array([0.        , 0.00312884, 1.        ]), array([0.        , 0.00025306, 1.        ]), array([2, 1, 0]))",0.0002530584814002016,-0.028321099160639806,0.035928,0.6853932584269663,0.49856210863504585,33.29786732614922,0.0005059301650493489,0.0012634264955034445,bayes,s-0-2-0,s-1-1-2
787,"[[ 70075    434]
 [429308    183]]","(array([0.        , 0.00615524, 1.        ]), array([0.        , 0.00042609, 1.        ]), array([2, 1, 0]))",0.000426085761983371,-0.056797675651981704,0.140516,0.2965964343598055,0.4971354215844196,29.685526385053965,0.0008509490639560296,0.0021182565937970968,bayes,s-0-2-0,s-1-1-3
788,"[[  8878     35]
 [240952    135]]","(array([0.        , 0.00392685, 1.        ]), array([0.        , 0.00055996, 1.        ]), array([2, 1, 0]))",0.0005599638304844309,-0.02394861075423223,0.036052,0.7941176470588235,0.4983165577034168,33.29358454026498,0.001119138512043174,0.0027919443100174962,bayes,s-0-2-0,s-1-2-0
789,"[[ 1382     3]
 [48602    13]]","(array([0.        , 0.00216606, 1.        ]), array([0.        , 0.00026741, 1.        ]), array([2, 1, 0]))",0.0002674071788542631,-0.017421327095795584,0.0279,0.8125,0.49905067109845236,33.57514458146851,0.0005346383993748843,0.0013352780459746502,bayes,s-0-2-0,s-1-2-1
790,"[[  8784     37]
 [241076    103]]","(array([0.        , 0.00419454, 1.        ]), array([0.        , 0.00042707, 1.        ]), array([2, 1, 0]))",0.000427068691718599,-0.029380943365429516,0.035548,0.7357142857142858,0.4981162664623993,33.3109920899648,0.0008536418599447204,0.0021303968329479312,bayes,s-0-2-0,s-1-2-2
791,"[[ 70155    356]
 [429267    222]]","(array([0.        , 0.00504886, 1.        ]), array([0.        , 0.00051689, 1.        ]), array([2, 1, 0]))",0.0005168933313775207,-0.046418722624095306,0.140754,0.38408304498269896,0.49773401785316307,29.677306031534787,0.001032397277633485,0.002570628599748495,bayes,s-0-2-0,s-1-2-3
792,"[[ 67613    387]
 [181896    104]]","(array([0.        , 0.00569118, 1.        ]), array([0.        , 0.00057143, 1.        ]), array([2, 1, 0]))",0.0005714285714285715,-0.051458233455752525,0.270868,0.21181262729124237,0.4974401260504202,25.183328348150827,0.001139782235836288,0.0028266399947815875,bayes,s-0-2-0,s-1-3-0
793,"[[22932   108]
 [26950    10]]","(array([0.       , 0.0046875, 1.       ]), array([0.        , 0.00037092, 1.        ]), array([2, 1, 0]))",0.000370919881305638,-0.04434330458112869,0.45884,0.0847457627118644,0.4978417099406528,18.691005961000318,0.0007386069872220991,0.0018226888305628464,bayes,s-0-2-0,s-1-3-1
794,"[[ 67691    358]
 [181884     67]]","(array([0.        , 0.00526091, 1.        ]), array([0.        , 0.00036823, 1.        ]), array([2, 1, 0]))",0.00036823100724920444,-0.05286159372071002,0.271032,0.15764705882352942,0.49755365803915047,25.177663896068754,0.0007347457998859499,0.0018241120385949438,bayes,s-0-2-0,s-1-3-2
795,"[[ 70145    220]
 [429433    202]]","(array([0.        , 0.00312655, 1.        ]), array([0.        , 0.00047017, 1.        ]), array([2, 1, 0]))",0.00047016653671139456,-0.03180986173266314,0.140694,0.4786729857819905,0.4986718060708854,29.67937814062799,0.0009394103572317158,0.0023416326047996515,bayes,s-0-2-0,s-1-3-3
796,"[[ 67383    328]
 [182182    107]]","(array([0.        , 0.00484412, 1.        ]), array([0.        , 0.00058698, 1.        ]), array([2, 1, 0]))",0.0005869800152505088,-0.0453932202581713,0.26996,0.24597701149425288,0.49787143155331204,25.214689368412415,0.0011711652547010793,0.0029071505034532603,bayes,s-0-2-0,s-1-4-0
797,"[[22999   132]
 [26861     8]]","(array([0.        , 0.00570663, 1.        ]), array([0.        , 0.00029774, 1.        ]), array([2, 1, 0]))",0.0002977408909896163,-0.05103765074517446,0.46014,0.05714285714285714,0.4972955567106801,18.646105935493697,0.0005923951275500759,0.0014583105472310328,bayes,s-0-2-0,s-1-4-1
798,"[[ 67816    281]
 [181883     20]]","(array([0.        , 0.00412647, 1.        ]), array([0.        , 0.00010995, 1.        ]), array([2, 1, 0]))",0.00010994870892728542,-0.051563451896357415,0.271344,0.0664451827242525,0.49799174102553584,25.16688755155754,0.0002195341485368049,0.0005461287662405041,bayes,s-0-2-0,s-1-4-2
799,"[[ 70217    282]
 [429422     79]]","(array([0.        , 0.00400006, 1.        ]), array([0.        , 0.00018393, 1.        ]), array([2, 1, 0]))",0.00018393437966384246,-0.04944405640157863,0.140592,0.2188365650969529,0.49809193882063524,29.682901194970334,0.000367559821524117,0.000916590284142988,bayes,s-0-2-0,s-1-4-3
800,"[[111035  14294]
 [124621     50]]","(array([0.        , 0.11405182, 1.        ]), array([0.        , 0.00040106, 1.        ]), array([2, 1, 0]))",0.00040105557828203835,-0.24434669208424256,0.44434,0.003485778025655326,0.4431746199784986,19.191862209378737,0.0007193468330755673,0.0013732717375183332,bayes,s-0-2-0,s-2-1-0
801,"[[22263  2828]
 [24902     7]]","(array([0.        , 0.11270974, 1.        ]), array([0.        , 0.00028102, 1.        ]), array([2, 1, 0]))",0.0002810229234413264,-0.24306807535704608,0.4454,0.0024691358024691358,0.44378564318225794,19.155250613848114,0.0005046136101499423,0.0009655438770724708,bayes,s-0-2-0,s-2-1-1
802,"[[110355  14445]
 [125165     35]]","(array([0.        , 0.11574519, 1.        ]), array([0.        , 0.00027955, 1.        ]), array([2, 1, 0]))",0.0002795527156549521,-0.24715195231751474,0.44156,0.0024171270718232043,0.4422671802039813,19.287880490713437,0.0005011454753722796,0.00095565749235474,bayes,s-0-2-0,s-2-1-2
803,"[[222638  27595]
 [249735     32]]","(array([0.        , 0.11027722, 1.        ]), array([0.        , 0.00012812, 1.        ]), array([2, 1, 0]))",0.00012811940728759202,-0.24105235840598718,0.44534,0.0011582871828283924,0.4449254488889231,19.15732184498333,0.0002307187610402532,0.0004441051974186385,bayes,s-0-2-0,s-2-1-3
804,"[[110707  13780]
 [125502     11]]","(array([0.        , 0.11069429, 1.        ]), array([0.        , 0.00008764, 1.        ]), array([2, 1, 0]))",8.764032410985317e-05,-0.24223756424953055,0.442872,0.0007976216372996882,0.44469667548028097,19.242563489154158,0.00015792798483891347,0.00030441063334015947,bayes,s-0-2-0,s-2-2-0
805,"[[22328  2831]
 [24833     8]]","(array([0.        , 0.11252435, 1.        ]), array([0.        , 0.00032205, 1.        ]), array([2, 1, 0]))",0.0003220482267219516,-0.24241460055254707,0.44672,0.0028178936245156746,0.44389885153098485,19.10965947698268,0.0005780346820809249,0.0011050639555764288,bayes,s-0-2-0,s-2-2-1
806,"[[110899  14378]
 [124671     52]]","(array([0.        , 0.11476967, 1.        ]), array([0.        , 0.00041692, 1.        ]), array([2, 1, 0]))",0.0004169239033698676,-0.2451672129491098,0.443804,0.0036036036036036037,0.4428236267464996,19.21037526219115,0.0007473787845033883,0.001425102634795525,bayes,s-0-2-0,s-2-2-2
807,"[[221924  28458]
 [249546     72]]","(array([0.        , 0.11365833, 1.        ]), array([0.        , 0.00028844, 1.        ]), array([2, 1, 0]))",0.0002884407374468187,-0.24437642479238458,0.443992,0.002523659305993691,0.44331505533289817,19.203881495668846,0.0005177099961171751,0.0009897233723174374,bayes,s-0-2-0,s-2-2-3
808,"[[110411  14387]
 [125150     52]]","(array([0.       , 0.1152823, 1.       ]), array([0.        , 0.00041533, 1.        ]), array([2, 1, 0]))",0.00041532882861296147,-0.24619790235841027,0.441852,0.0036013574347253966,0.4425665163189844,19.277794982499522,0.0007447669380769258,0.0014210911793963643,bayes,s-0-2-0,s-2-3-0
809,"[[22181  2905]
 [24903    11]]","(array([0.        , 0.11580164, 1.        ]), array([0.        , 0.00044152, 1.        ]), array([2, 1, 0]))",0.00044151882475716465,-0.24612895970190596,0.44384,0.0037722908093278463,0.4423199382372211,19.20913233640422,0.000790513833992095,0.0015036360653944993,bayes,s-0-2-0,s-2-3-1
810,"[[110768  14206]
 [124963     63]]","(array([0.        , 0.11367164, 1.        ]), array([0.       , 0.0005039, 1.       ]), array([2, 1, 0]))",0.0005038951898005215,-0.24390885136584578,0.443324,0.004415165743920387,0.4434161257439552,19.22695332473767,0.0009045550809433217,0.001729799782539456,bayes,s-0-2-0,s-2-3-2
811,"[[222236  27573]
 [250162     29]]","(array([0.        , 0.11037633, 1.        ]), array([0.        , 0.00011591, 1.        ]), array([2, 1, 0]))",0.00011591144365704602,-0.24139885620258691,0.44453,0.0010506485037316137,0.4448697919647181,19.185298218680913,0.0002087885583870004,0.0004021087135571646,bayes,s-0-2-0,s-2-3-3
812,"[[111365  13597]
 [125025     13]]","(array([0.        , 0.10880908, 1.        ]), array([0.        , 0.00010397, 1.        ]), array([2, 1, 0]))",0.00010396839360834307,-0.23956112181183764,0.445512,0.0009551800146950771,0.4456474452169543,19.151380534166265,0.00018752524378281692,0.00036216137911053165,bayes,s-0-2-0,s-2-4-0
813,"[[22116  2859]
 [25020     5]]","(array([0.        , 0.11447447, 1.        ]), array([0.       , 0.0001998, 1.       ]), array([2, 1, 0]))",0.0001998001998001998,-0.2458821003134118,0.44242,0.0017458100558659217,0.4428626628626629,19.258176663255355,0.000358564308508731,0.0006852882322304761,bayes,s-0-2-0,s-2-4-1
814,"[[111257  13803]
 [124920     20]]","(array([0.        , 0.11037102, 1.        ]), array([0.        , 0.00016008, 1.        ]), array([2, 1, 0]))",0.00016007683688170322,-0.241109728841896,0.445108,0.0014468639224480937,0.4448945274636991,19.165334858698095,0.000288261280024214,0.0005548404278929379,bayes,s-0-2-0,s-2-4-2
815,"[[221172  28470]
 [250264     94]]","(array([0.        , 0.11404331, 1.        ]), array([0.        , 0.00037546, 1.        ]), array([2, 1, 0]))",0.00037546233793208126,-0.24488169135991453,0.442532,0.00329085562246184,0.44316607615899173,19.254308128395753,0.0006740235621428214,0.001289034430932438,bayes,s-0-2-0,s-2-4-3
816,"[[170225  21645]
 [ 58091     39]]","(array([0.        , 0.11281076, 1.        ]), array([0.        , 0.00067091, 1.        ]), array([2, 1, 0]))",0.0006709100292447962,-0.1683161491749787,0.681056,0.0017985611510791368,0.44393007637283366,11.016004727643898,0.000977272157766808,0.0013460715419767232,bayes,s-0-2-0,s-3-1-0
817,"[[35272  4366]
 [10359     3]]","(array([0.        , 0.11014683, 1.        ]), array([0.        , 0.00028952, 1.        ]), array([2, 1, 0]))",0.00028951939779965256,-0.15768326477222808,0.7055,0.000686655985351339,0.4450713452985769,10.1717394691488,0.0004073043242142421,0.0005388318126302178,bayes,s-0-2-0,s-3-1-1
818,"[[170124  21984]
 [ 57867     25]]","(array([0.        , 0.11443563, 1.        ]), array([0.        , 0.00043184, 1.        ]), array([2, 1, 0]))",0.00043183859600635666,-0.16972362141330927,0.680596,0.0011358989504293697,0.44299810431892883,11.03189364903967,0.0006257743958148209,0.0008565868099336658,bayes,s-0-2-0,s-3-1-2
819,"[[296214  36991]
 [166771     24]]","(array([0.        , 0.11101574, 1.        ]), array([0.        , 0.00014389, 1.        ]), array([2, 1, 0]))",0.00014388920531190983,-0.19966237506407195,0.592476,0.0006483857895447792,0.4445640740725018,14.075439467376663,0.00023551346842647563,0.00038112782074288163,bayes,s-0-2-0,s-3-1-3
820,"[[169844  21812]
 [ 58293     51]]","(array([0.        , 0.11380807, 1.        ]), array([0.        , 0.00087413, 1.        ]), array([2, 1, 0]))",0.0008741258741258741,-0.16909512076482786,0.67958,0.0023327082285139276,0.4435330265385155,11.06698449573387,0.0012717094517934843,0.0017490191774808637,bayes,s-0-2-0,s-3-2-0
821,"[[35172  4483]
 [10337     8]]","(array([0.        , 0.11305006, 1.        ]), array([0.        , 0.00077332, 1.        ]), array([2, 1, 0]))",0.0007733204446592557,-0.15906836995769164,0.7036,0.0017813404586951682,0.44386163185264105,10.237365015357119,0.0010784578053383662,0.0014129782048111909,bayes,s-0-2-0,s-3-2-1
822,"[[170561  21206]
 [ 58228      5]]","(array([0.        , 0.11058211, 1.        ]), array([0.        , 0.00008586, 1.        ]), array([2, 1, 0]))",8.58619682997613e-05,-0.1676181022254671,0.682264,0.00023572674555655084,0.44475187465016125,10.97428048166576,0.0001258748300689794,0.0001747310888542533,bayes,s-0-2-0,s-3-2-2
823,"[[295083  38149]
 [166706     62]]","(array([0.       , 0.1144818, 1.       ]), array([0.        , 0.00037177, 1.        ]), array([2, 1, 0]))",0.0003717739614314497,-0.20250582980060822,0.59029,0.0016225694171835335,0.4429449857467406,14.150943084443586,0.0006049400182457715,0.0009699260353178229,bayes,s-0-2-0,s-3-2-3
824,"[[123743  15818]
 [110389     50]]","(array([0.        , 0.11334112, 1.        ]), array([0.        , 0.00045274, 1.        ]), array([2, 1, 0]))",0.0004527386158875035,-0.22993285427085694,0.495172,0.003150995714645828,0.443555809481058,17.43619200201858,0.0007917217573056124,0.0014375168908234673,bayes,s-0-2-0,s-3-3-0
825,"[[22694  2906]
 [24396     4]]","(array([0.        , 0.11351562, 1.        ]), array([0.        , 0.00016393, 1.        ]), array([2, 1, 0]))",0.0001639344262295082,-0.242009301325952,0.45396,0.0013745704467353953,0.4433241547131147,18.85959993527967,0.0002929329915781765,0.0005549389567147613,bayes,s-0-2-0,s-3-3-1
826,"[[123808  15780]
 [110364     48]]","(array([0.        , 0.11304697, 1.        ]), array([0.        , 0.00043474, 1.        ]), array([2, 1, 0]))",0.0004347353548527334,-0.22963455556768153,0.495424,0.003032600454890068,0.4436938842834383,17.427488108828246,0.0007604562737642586,0.001381501692339573,bayes,s-0-2-0,s-3-3-2
827,"[[294984  37918]
 [167030     68]]","(array([0.        , 0.11390139, 1.        ]), array([0.        , 0.00040695, 1.        ]), array([2, 1, 0]))",0.00040694682162563286,-0.2020594053593663,0.590104,0.0017901332069709894,0.44325277921252026,14.157366927439023,0.0006631429072965223,0.001065690410666934,bayes,s-0-2-0,s-3-3-3
828,"[[123296  16034]
 [110637     33]]","(array([0.        , 0.11507931, 1.        ]), array([0.        , 0.00029818, 1.        ]), array([2, 1, 0]))",0.0002981837896448902,-0.23248482266092502,0.493316,0.002053899296695089,0.44260943783611295,17.50029666185971,0.0005207634708096294,0.0009431913020613018,bayes,s-0-2-0,s-3-4-0
829,"[[22669  2909]
 [24419     3]]","(array([0.        , 0.11373055, 1.        ]), array([0.        , 0.00012284, 1.        ]), array([2, 1, 0]))",0.00012284006223896486,-0.24248277956040812,0.45344,0.0010302197802197802,0.4431961451855491,18.87756014698087,0.00021950684129655375,0.00041585805378430824,bayes,s-0-2-0,s-3-4-1
830,"[[124248  15400]
 [110346      6]]","(array([0.        , 0.11027727, 1.        ]), array([0.        , 0.00005437, 1.        ]), array([2, 1, 0]))",5.437146585471944e-05,-0.22760190321242896,0.497016,0.0003894586524730624,0.44488855145245076,17.37250116141945,9.542136484358848e-05,0.00017444294552728287,bayes,s-0-2-0,s-3-4-2
831,"[[295965  36985]
 [167021     29]]","(array([0.        , 0.11108275, 1.        ]), array([0.       , 0.0001736, 1.       ]), array([2, 1, 0]))",0.00017360071834780007,-0.19980813448016907,0.591988,0.0007834873291187118,0.4445454277807086,14.092294380662207,0.000284224557001725,0.0004601626119464562,bayes,s-0-2-0,s-3-4-3
832,"[[170206  15791]
 [ 22491  41512]]","(array([0.        , 0.08489922, 1.        ]), array([0.       , 0.6485946, 1.       ]), array([2, 1, 0]))",0.6485945971282596,0.5852904702963238,0.846872,0.7244297855260632,0.7818476891618276,5.288904257571963,0.6844179183222593,0.7078764728953156,bayes,s-0-4-0,s-0-1-0
833,"[[35323  3148]
 [ 4075  7454]]","(array([0.        , 0.08182787, 1.        ]), array([0.       , 0.6465435, 1.       ]), array([2, 1, 0]))",0.6465434990025154,0.5819174445006705,0.85554,0.7030748915299,0.7823578143293101,4.989521980663002,0.6736252315756179,0.6909913417505609,bayes,s-0-4-0,s-0-1-1
834,"[[168615  17603]
 [ 22316  41466]]","(array([0.        , 0.09452899, 1.        ]), array([0.        , 0.65012072, 1.        ]), array([2, 1, 0]))",0.6501207237151547,0.5701611686647606,0.840324,0.7019925849430327,0.7777958654071804,5.515069960888013,0.6750616600597471,0.6909664131601223,bayes,s-0-4-0,s-0-1-2
835,"[[295801  29354]
 [ 61491 113354]]","(array([0.        , 0.09027694, 1.        ]), array([0.        , 0.64831136, 1.        ]), array([2, 1, 0]))",0.6483113614916068,0.5892464922525502,0.81831,0.7943072567760742,0.779017208324958,6.275397225957253,0.713921770539091,0.7600744021875423,bayes,s-0-4-0,s-0-1-3
836,"[[170052  15842]
 [ 22718  41388]]","(array([0.        , 0.08522061, 1.        ]), array([0.        , 0.64561819, 1.        ]), array([2, 1, 0]))",0.6456181948647552,0.5824339533114586,0.84576,0.7231871396120916,0.7801987926350201,5.32731154004098,0.6822047867079846,0.7062171957437224,bayes,s-0-4-0,s-0-2-0
837,"[[35434  3121]
 [ 3966  7479]]","(array([0.        , 0.08094929, 1.        ]), array([0.        , 0.65347313, 1.        ]), array([2, 1, 0]))",0.6534731323722149,0.5884922983154953,0.85826,0.705566037735849,0.7862619195773667,4.8955760770862335,0.6785212066228169,0.6944934534311449,bayes,s-0-4-0,s-0-2-1
838,"[[170066  15843]
 [ 22575  41516]]","(array([0.        , 0.08521911, 1.        ]), array([0.        , 0.64776646, 1.        ]), array([2, 1, 0]))",0.6477664570688553,0.5841611393584868,0.846328,0.723792255792465,0.7812736722461361,5.307693518247061,0.6836722931247426,0.7071921833425886,bayes,s-0-4-0,s-0-2-2
839,"[[295801  29354]
 [ 61491 113354]]","(array([0.        , 0.09027694, 1.        ]), array([0.        , 0.64831136, 1.        ]), array([2, 1, 0]))",0.6483113614916068,0.5892464922525502,0.81831,0.7943072567760742,0.779017208324958,6.275397225957255,0.713921770539091,0.7600744021875423,bayes,s-0-4-0,s-0-2-3
840,"[[125479  12377]
 [ 39334  72810]]","(array([0.        , 0.08978209, 1.        ]), array([0.        , 0.64925453, 1.        ]), array([2, 1, 0]))",0.6492545298901412,0.5870798301617881,0.793156,0.8547078779626,0.7797362192161941,7.144178251098479,0.7379479149246696,0.8038340266553616,bayes,s-0-4-0,s-0-3-0
841,"[[23355  2036]
 [ 8721 15888]]","(array([0.        , 0.08018589, 1.        ]), array([0.        , 0.64561746, 1.        ]), array([2, 1, 0]))",0.6456174570279166,0.5894668200705414,0.78486,0.8864092836420442,0.7827157821943962,7.430704913208443,0.7470904944396115,0.8248792897565028,bayes,s-0-4-0,s-0-3-1
842,"[[125578  12449]
 [ 39410  72563]]","(array([0.       , 0.0901925, 1.       ]), array([0.        , 0.64804015, 1.        ]), array([2, 1, 0]))",0.6480401525367723,0.5855823748195521,0.792564,0.8535618500917518,0.778923826983826,7.164625437008325,0.7367362997182526,0.8026507618008899,bayes,s-0-4-0,s-0-3-2
843,"[[295801  29354]
 [ 61491 113354]]","(array([0.        , 0.09027694, 1.        ]), array([0.        , 0.64831136, 1.        ]), array([2, 1, 0]))",0.6483113614916068,0.5892464922525502,0.81831,0.7943072567760742,0.779017208324958,6.275397225957255,0.713921770539091,0.7600744021875423,bayes,s-0-4-0,s-0-3-3
844,"[[126076  11741]
 [ 39405  72778]]","(array([0.        , 0.08519268, 1.        ]), array([0.        , 0.64874357, 1.        ]), array([2, 1, 0]))",0.6487435707727552,0.5925115434007007,0.795416,0.8610844898780156,0.7817754438610216,7.066118582270118,0.7399823082632612,0.8081792923628401,bayes,s-0-4-0,s-0-4-0
845,"[[23213  2131]
 [ 8823 15833]]","(array([0.        , 0.08408302, 1.        ]), array([0.        , 0.64215607, 1.        ]), array([2, 1, 0]))",0.6421560674886437,0.58152618539321,0.78092,0.8813738588287686,0.779036524905938,7.566789211439508,0.7429845143125292,0.8202606929708223,bayes,s-0-4-0,s-0-4-1
846,"[[125307  12506]
 [ 39315  72872]]","(array([0.        , 0.09074616, 1.        ]), array([0.        , 0.64955833, 1.        ]), array([2, 1, 0]))",0.6495583267223475,0.5860913228610528,0.792716,0.8535219845861932,0.7794060853496654,7.159375725304515,0.7377015159567737,0.8030875095603031,bayes,s-0-4-0,s-0-4-2
847,"[[295801  29354]
 [ 61491 113354]]","(array([0.        , 0.09027694, 1.        ]), array([0.        , 0.64831136, 1.        ]), array([2, 1, 0]))",0.6483113614916068,0.5892464922525502,0.81831,0.7943072567760742,0.779017208324958,6.275397225957255,0.713921770539091,0.7600744021875423,bayes,s-0-4-0,s-0-4-3
848,"[[  8772     41]
 [241111     76]]","(array([0.        , 0.00465222, 1.        ]), array([0.        , 0.00031511, 1.        ]), array([2, 1, 0]))",0.00031510819405689363,-0.03698094420209924,0.035392,0.6495726495726496,0.4978314449401012,33.31638015187596,0.0006299108178894673,0.0015724897063996194,bayes,s-0-4-0,s-1-1-0
849,"[[ 1331     5]
 [48654    10]]","(array([0.        , 0.00374251, 1.        ]), array([0.        , 0.00020549, 1.        ]), array([2, 1, 0]))",0.00020549071181982575,-0.032936670219884036,0.02682,0.6666666666666666,0.49823148787088,33.612446491958906,0.0004108547833768155,0.0010261883260816024,bayes,s-0-4-0,s-1-1-1
850,"[[  8921     28]
 [240997     54]]","(array([0.        , 0.00312884, 1.        ]), array([0.        , 0.00022402, 1.        ]), array([2, 1, 0]))",0.0002240189835346047,-0.029802698371250953,0.0359,0.6585365853658537,0.498547588886113,33.29883441188827,0.00044788560669837803,0.001118572866736543,bayes,s-0-4-0,s-1-1-2
851,"[[ 70163    346]
 [429391    100]]","(array([0.        , 0.00490717, 1.        ]), array([0.        , 0.00023283, 1.        ]), array([2, 1, 0]))",0.00023283374971768908,-0.054495554237369424,0.140526,0.2242152466367713,0.4976628293895733,29.685180856560883,0.00046518443399846954,0.0011593530809808127,bayes,s-0-4-0,s-1-1-3
852,"[[  8876     37]
 [241021     66]]","(array([0.        , 0.00415124, 1.        ]), array([0.        , 0.00027376, 1.        ]), array([2, 1, 0]))",0.00027376009490349956,-0.03542821284827868,0.035768,0.6407766990291263,0.49806126016637914,33.30339355915792,0.0005472863717401219,0.0013664652855705408,bayes,s-0-4-0,s-1-2-0
853,"[[ 1381     4]
 [48608     7]]","(array([0.        , 0.00288809, 1.        ]), array([0.        , 0.00014399, 1.        ]), array([2, 1, 0]))",0.00014398848092152627,-0.030365197312729242,0.02776,0.6363636363636364,0.4986279509191611,33.579980026155745,0.00028791181672356347,0.0007192913952197948,bayes,s-0-4-0,s-1-2-1
854,"[[  8788     33]
 [241121     58]]","(array([0.        , 0.00374107, 1.        ]), array([0.        , 0.00024049, 1.        ]), array([2, 1, 0]))",0.00024048528271532763,-0.033857735414927495,0.035384,0.6373626373626373,0.4982497064209745,33.316656436500004,0.00048078915737555434,0.0012006143833603127,bayes,s-0-4-0,s-1-2-2
855,"[[ 70121    390]
 [429384    105]]","(array([0.        , 0.00553105, 1.        ]), array([0.        , 0.00024448, 1.        ]), array([2, 1, 0]))",0.00024447657565153006,-0.05850680254374795,0.140452,0.21212121212121213,0.4973567123415195,29.687736796378676,0.0004883902656843045,0.0012167733950758917,bayes,s-0-4-0,s-1-2-3
856,"[[ 67637    363]
 [181931     69]]","(array([0.        , 0.00533824, 1.        ]), array([0.        , 0.00037912, 1.        ]), array([2, 1, 0]))",0.0003791208791208791,-0.05313221922751145,0.270824,0.1597222222222222,0.49752044279250157,25.18484797755085,0.0007564462375021926,0.0018777758425498564,bayes,s-0-4-0,s-1-3-0
857,"[[22938   102]
 [26950    10]]","(array([0.        , 0.00442708, 1.        ]), array([0.        , 0.00037092, 1.        ]), array([2, 1, 0]))",0.000370919881305638,-0.0427670772153179,0.45896,0.08928571428571429,0.4979719182739861,18.686861211881236,0.0007387706855791963,0.001824284880326912,bayes,s-0-4-0,s-1-3-1
858,"[[ 67718    331]
 [181883     68]]","(array([0.        , 0.00486414, 1.        ]), array([0.        , 0.00037373, 1.        ]), array([2, 1, 0]))",0.0003737269924320284,-0.050068545008784195,0.271144,0.17042606516290726,0.49775479248855975,25.173795466756008,0.0007458184809432409,0.00185238658218331,bayes,s-0-4-0,s-1-3-2
859,"[[ 70170    195]
 [429535    100]]","(array([0.        , 0.00277126, 1.        ]), array([0.        , 0.00023276, 1.        ]), array([2, 1, 0]))",0.00023275571124326463,-0.036352888482436195,0.14054,0.3389830508474576,0.49873074579422755,29.68469707221292,0.00046519200800130254,0.0011605909729234126,bayes,s-0-4-0,s-1-3-3
860,"[[ 67409    302]
 [182241     48]]","(array([0.        , 0.00446013, 1.        ]), array([0.        , 0.00026332, 1.        ]), array([2, 1, 0]))",0.00026331813768247123,-0.049880379474866385,0.269828,0.13714285714285715,0.49790159305297976,25.219248403738412,0.0005256270566527413,0.0013065561900821498,bayes,s-0-4-0,s-1-4-0
861,"[[23005   126]
 [26864     5]]","(array([0.        , 0.00544724, 1.        ]), array([0.        , 0.00018609, 1.        ]), array([2, 1, 0]))",0.00018608805686851017,-0.0513159573893407,0.4602,0.03816793893129771,0.4973694263724747,18.644033512958305,0.00037037037037037035,0.0009126419158179096,bayes,s-0-4-0,s-1-4-1
862,"[[ 67800    297]
 [181840     63]]","(array([0.        , 0.00436143, 1.        ]), array([0.        , 0.00034634, 1.        ]), array([2, 1, 0]))",0.00034633843312094906,-0.047137936052879234,0.271452,0.175,0.4979924564098289,25.163157414881127,0.0006913087132330752,0.0017180912279170734,bayes,s-0-4-0,s-1-4-2
863,"[[ 70132    367]
 [429388    113]]","(array([0.        , 0.00520575, 1.        ]), array([0.       , 0.0002631, 1.       ]), array([2, 1, 0]))",0.00026309601141790123,-0.055543917395537205,0.14049,0.23541666666666666,0.49752867420608055,29.686424286094184,0.0005256046197390117,0.001309625632502822,bayes,s-0-4-0,s-1-4-3
864,"[[110984  14345]
 [124615     56]]","(array([0.        , 0.11445874, 1.        ]), array([0.        , 0.00044918, 1.        ]), array([2, 1, 0]))",0.0004491822476758829,-0.24466212342092986,0.44416,0.003888618845913478,0.4429952188317109,19.1980793522477,0.0008053382420616659,0.0015361404471265943,bayes,s-0-4-0,s-2-1-0
865,"[[22265  2826]
 [24900     9]]","(array([0.        , 0.11263003, 1.        ]), array([0.        , 0.00036132, 1.        ]), array([2, 1, 0]))",0.0003613151872817054,-0.24272215476349726,0.44548,0.0031746031746031746,0.44386564424223995,19.152487479752626,0.0006487889273356401,0.001241413556236034,bayes,s-0-4-0,s-2-1-1
866,"[[110322  14478]
 [125155     45]]","(array([0.        , 0.11600962, 1.        ]), array([0.        , 0.00035942, 1.        ]), array([2, 1, 0]))",0.0003594249201277955,-0.24720280460200408,0.441468,0.0030985333608758523,0.44217490476775617,19.291058163688632,0.0006441316032435604,0.0012275494838836394,bayes,s-0-4-0,s-2-1-2
867,"[[222519  27714]
 [249723     44]]","(array([0.        , 0.11075278, 1.        ]), array([0.        , 0.00017616, 1.        ]), array([2, 1, 0]))",0.00017616418502043905,-0.2414497264009807,0.445126,0.0015851286115714388,0.44471169288724954,19.16471333343603,0.0003170885505810287,0.0006097577875770166,bayes,s-0-4-0,s-2-1-3
868,"[[110645  13842]
 [125495     18]]","(array([0.        , 0.11119233, 1.        ]), array([0.        , 0.00014341, 1.        ]), array([2, 1, 0]))",0.00014341143945248699,-0.2426354803493222,0.442652,0.0012987012987012987,0.44447553905172077,19.2501622182612,0.0002582996706679199,0.0004973667195349069,bayes,s-0-4-0,s-2-2-0
869,"[[21565  3594]
 [24831    10]]","(array([0.        , 0.14285146, 1.        ]), array([0.        , 0.00040256, 1.        ]), array([2, 1, 0]))",0.00040256028340243953,-0.2753960312350192,0.4315,0.002774694783573807,0.4287755477993982,19.635351855570004,0.0007031112673580594,0.001273658201085157,bayes,s-0-4-0,s-2-2-1
870,"[[110874  14403]
 [124665     58]]","(array([0.        , 0.11496923, 1.        ]), array([0.        , 0.00046503, 1.        ]), array([2, 1, 0]))",0.00046503050760485237,-0.24524478336548297,0.443728,0.00401078763570984,0.44274790115863727,19.2130002891569,0.0008334291297850328,0.0015884579359906226,bayes,s-0-4-0,s-2-2-2
871,"[[221867  28515]
 [249522     96]]","(array([0.        , 0.11388598, 1.        ]), array([0.        , 0.00038459, 1.        ]), array([2, 1, 0]))",0.00038458764992909165,-0.2443343115668978,0.443926,0.0033553528363216944,0.44324930271538,19.206161146065014,0.0006900790356145478,0.001318456746378364,bayes,s-0-4-0,s-2-2-3
872,"[[110407  14391]
 [125138     64]]","(array([0.        , 0.11531435, 1.        ]), array([0.        , 0.00051117, 1.        ]), array([2, 1, 0]))",0.0005111739429082602,-0.24593330635610022,0.441884,0.004427533725354549,0.4425984129782812,19.276689754448434,0.0009165312157643368,0.0017484236867698966,bayes,s-0-4-0,s-2-3-0
873,"[[22179  2907]
 [24911     3]]","(array([0.        , 0.11588137, 1.        ]), array([0.        , 0.00012041, 1.        ]), array([2, 1, 0]))",0.00012041422493377217,-0.2472228997095462,0.44364,0.0010309278350515464,0.44211952306558816,19.2160401236671,0.0002156411730879816,0.00041035180828363516,bayes,s-0-4-0,s-2-3-1
874,"[[110756  14218]
 [124948     78]]","(array([0.        , 0.11376766, 1.        ]), array([0.        , 0.00062387, 1.        ]), array([2, 1, 0]))",0.0006238702349911218,-0.24364078661291522,0.443336,0.005456071628427532,0.4434281032804735,19.226538897801607,0.0011197083016321902,0.0021403874650128972,bayes,s-0-4-0,s-2-3-2
875,"[[222099  27710]
 [250158     33]]","(array([0.        , 0.11092475, 1.        ]), array([0.       , 0.0001319, 1.       ]), array([2, 1, 0]))",0.00013189922898905238,-0.24198346574642723,0.444264,0.0011894892405291426,0.44460357636132913,19.19448575229167,0.00023746644886915602,0.00045685743002467035,bayes,s-0-4-0,s-2-3-3
876,"[[111312  13650]
 [125024     14]]","(array([0.        , 0.10923321, 1.        ]), array([0.        , 0.00011197, 1.        ]), array([2, 1, 0]))",0.00011196596234744638,-0.2400299430180522,0.445304,0.0010245901639344263,0.4454393795337257,19.158564769171058,0.0002018716384767343,0.0003895511258027536,bayes,s-0-4-0,s-2-4-0
877,"[[22084  2891]
 [25020     5]]","(array([0.        , 0.11575576, 1.        ]), array([0.       , 0.0001998, 1.       ]), array([2, 1, 0]))",0.0001998001998001998,-0.2473454648086898,0.44178,0.0017265193370165745,0.4422220222220222,19.280281991890458,0.0003581533612692955,0.000682892184981835,bayes,s-0-4-0,s-2-4-1
878,"[[111215  13845]
 [124919     21]]","(array([0.        , 0.11070686, 1.        ]), array([0.        , 0.00016808, 1.        ]), array([2, 1, 0]))",0.00016808067872578838,-0.2414736630523931,0.444944,0.0015144958892254435,0.44473060998593256,19.170999352359228,0.0003025805800901978,0.0005820270060530808,bayes,s-0-4-0,s-2-4-2
879,"[[221118  28524]
 [250246    112]]","(array([0.        , 0.11425962, 1.        ]), array([0.        , 0.00044736, 1.        ]), array([2, 1, 0]))",0.00044735938136588406,-0.24490307042382553,0.44246,0.003911160776644783,0.44309386980292365,19.256795006652705,0.0008028846498491008,0.0015346586206707556,bayes,s-0-4-0,s-2-4-3
880,"[[170196  21674]
 [ 58086     44]]","(array([0.       , 0.1129619, 1.       ]), array([0.        , 0.00075692, 1.        ]), array([2, 1, 0]))",0.0007569241355582316,-0.16829455773612415,0.68096,0.0020259692421033242,0.44389751142411416,11.019320542931112,0.0011020939785592627,0.0015172204521316946,bayes,s-0-4-0,s-3-1-0
881,"[[35210  4428]
 [10359     3]]","(array([0.        , 0.11171098, 1.        ]), array([0.        , 0.00028952, 1.        ]), array([2, 1, 0]))",0.00028951939779965256,-0.158913539534114,0.70426,0.0006770480704129993,0.4442892674944495,10.214568543379304,0.0004055972419387548,0.0005340739158299509,bayes,s-0-4-0,s-3-1-1
882,"[[170089  22019]
 [ 57840     52]]","(array([0.        , 0.11461782, 1.        ]), array([0.        , 0.00089822, 1.        ]), array([2, 1, 0]))",0.0008982242796932219,-0.1690855552224869,0.680564,0.0023560328032259524,0.4431402025681474,11.032999001827951,0.0013006015282067958,0.0017786777583187387,bayes,s-0-4-0,s-3-1-2
883,"[[296060  37145]
 [166772     23]]","(array([0.        , 0.11147792, 1.        ]), array([0.        , 0.00013789, 1.        ]), array([2, 1, 0]))",0.00013789382175724693,-0.20012543942244454,0.592166,0.0006188118811881188,0.4443299874114714,14.086146734335097,0.0002255311012291445,0.00036453892166217065,bayes,s-0-4-0,s-3-1-3
884,"[[169784  21872]
 [ 58284     60]]","(array([0.        , 0.11412113, 1.        ]), array([0.        , 0.00102838, 1.        ]), array([2, 1, 0]))",0.0010283833813245578,-0.16909189077061856,0.679376,0.0027357286157213205,0.44345362484172457,11.074030598021816,0.001494842792366336,0.002053781696697519,bayes,s-0-4-0,s-3-2-0
885,"[[35159  4496]
 [10330    15]]","(array([0.        , 0.11337788, 1.        ]), array([0.        , 0.00144998, 1.        ]), array([2, 1, 0]))",0.0014499758337361043,-0.15825702757852864,0.70348,0.0033252050543116827,0.44403604579103273,10.241509876419839,0.0020193861066235864,0.002641868329282469,bayes,s-0-4-0,s-3-2-1
886,"[[170440  21327]
 [ 58226      7]]","(array([0.        , 0.11121309, 1.        ]), array([0.        , 0.00012021, 1.        ]), array([2, 1, 0]))",0.00012020675561966583,-0.1680818432199367,0.681788,0.00032811474641417456,0.4444535600205064,10.990721326234894,0.00017595234205135295,0.00024378521825742325,bayes,s-0-4-0,s-3-2-2
887,"[[295016  38216]
 [166647    121]]","(array([0.        , 0.11468286, 1.        ]), array([0.        , 0.00072556, 1.        ]), array([2, 1, 0]))",0.0007255588602129905,-0.20192973803676353,0.590274,0.0031562198398414065,0.4430213476348408,14.15149581201196,0.0011798834743180322,0.0018899398967874147,bayes,s-0-4-0,s-3-2-3
888,"[[123689  15872]
 [110376     63]]","(array([0.        , 0.11372805, 1.        ]), array([0.        , 0.00057045, 1.        ]), array([2, 1, 0]))",0.0005704506560182544,-0.23002906323750155,0.495008,0.003953561342955758,0.4434212017110961,17.44185653406038,0.0009970405304888662,0.0018084843752691198,bayes,s-0-4-0,s-3-3-0
889,"[[22637  2963]
 [24396     4]]","(array([0.        , 0.11574219, 1.        ]), array([0.        , 0.00016393, 1.        ]), array([2, 1, 0]))",0.0001639344262295082,-0.24452930194333639,0.45282,0.0013481631277384564,0.4422108734631147,18.89897505191094,0.0002923228706105894,0.0005514503143266791,bayes,s-0-4-0,s-3-3-1
890,"[[123792  15796]
 [110356     56]]","(array([0.        , 0.11316159, 1.        ]), array([0.        , 0.00050719, 1.        ]), array([2, 1, 0]))",0.000507191247328189,-0.22955834022406482,0.495392,0.0035326772646984608,0.4436728007129268,17.428593400847117,0.0008870303491098017,0.0016108618110689222,bayes,s-0-4-0,s-3-3-2
891,"[[294936  37966]
 [166974    124]]","(array([0.        , 0.11404557, 1.        ]), array([0.        , 0.00074208, 1.        ]), array([2, 1, 0]))",0.000742079498258507,-0.20146655850839731,0.59012,0.003255447624048307,0.44334825226212105,14.156814383778064,0.001208647679201513,0.001940787208334116,bayes,s-0-4-0,s-3-3-3
892,"[[123265  16065]
 [110619     51]]","(array([0.       , 0.1153018, 1.       ]), array([0.        , 0.00046083, 1.        ]), array([2, 1, 0]))",0.0004608294930875576,-0.2322764861175283,0.493264,0.0031645569620253164,0.44257951400729156,17.502092777382323,0.0008045052292839904,0.0014560279557367503,bayes,s-0-4-0,s-3-4-0
893,"[[22714  2864]
 [24416     6]]","(array([0.        , 0.11197123, 1.        ]), array([0.        , 0.00024568, 1.        ]), array([2, 1, 0]))",0.0002456801244779297,-0.24009699199909257,0.4544,0.0020905923344947735,0.44413722742638,18.84440220200407,0.0004396892862377253,0.0008356080441201047,bayes,s-0-4-0,s-3-4-1
894,"[[124164  15484]
 [110344      8]]","(array([0.        , 0.11087878, 1.        ]), array([0.       , 0.0000725, 1.       ]), array([2, 1, 0]))",7.24952878062926e-05,-0.22821242505812625,0.496688,0.0005163955589981926,0.44459685717644215,17.383830148741723,0.000127141540319761,0.00023212627669452185,bayes,s-0-4-0,s-3-4-2
895,"[[295800  37150]
 [166959     91]]","(array([0.        , 0.11157832, 1.        ]), array([0.        , 0.00054475, 1.        ]), array([2, 1, 0]))",0.0005447470817120623,-0.19947062172471353,0.591782,0.0024435434064606215,0.44448321600969526,14.099409632466713,0.0008908860400115521,0.0014398096286873366,bayes,s-0-4-0,s-3-4-3
896,"[[     9 185988]
 [    14  63989]]","(array([0.        , 0.99995161, 1.        ]), array([0.        , 0.99978126, 1.        ]), array([2, 1, 0]))",0.9997812602534256,-0.007751506133337005,0.255992,0.2559795501186109,0.4999148240653247,25.697720810132097,0.40759921014077327,0.3007253426273438,bayes,s-1-3-0,s-0-1-0
897,"[[    4 38467]
 [    3 11526]]","(array([0.        , 0.99989603, 1.        ]), array([0.        , 0.99973979, 1.        ]), array([2, 1, 0]))",0.9997397866250325,-0.0055622212111143135,0.2306,0.23055227731882463,0.4999218805236623,26.57474972053122,0.37469523097428564,0.27248098117739394,bayes,s-1-3-0,s-0-1-1
898,"[[    25 186193]
 [    12  63770]]","(array([0.        , 0.99986575, 1.        ]), array([0.        , 0.99981186, 1.        ]), array([2, 1, 0]))",0.9998118591452134,-0.0019311950363197494,0.25518,0.25511775742809933,0.4999730551995601,25.72576695223466,0.40650847025450604,0.2997741704383275,bayes,s-1-3-0,s-0-1-2
899,"[[    25 325130]
 [    29 174816]]","(array([0.        , 0.99992311, 1.        ]), array([0.        , 0.99983414, 1.        ]), array([2, 1, 0]))",0.9998341388086591,-0.004083008999498318,0.349682,0.3496697643345481,0.49995551260834,22.46170793381048,0.5181337628984382,0.40194442362352384,bayes,s-1-3-0,s-0-1-3
900,"[[     9 185885]
 [    16  64090]]","(array([0.        , 0.99995159, 1.        ]), array([0.        , 0.99975041, 1.        ]), array([2, 1, 0]))",0.999750413377843,-0.008784784748835909,0.256396,0.2563856385638564,0.49989941403289173,25.683766815034407,0.4081112833950478,0.3011731136854491,bayes,s-1-3-0,s-0-2-0
901,"[[    5 38550]
 [    0 11445]]","(array([0.        , 0.99987032, 1.        ]), array([0., 1., 1.]), array([2, 1, 0]))",1.0,0.005448654380635634,0.229,0.22892289228922894,0.5000648424328881,26.630013090094817,0.37255859375,0.27066335579992906,bayes,s-1-3-0,s-0-2-1
902,"[[     5 185904]
 [    13  64078]]","(array([0.        , 0.99997311, 1.        ]), array([0.        , 0.99979716, 1.        ]), array([2, 1, 0]))",0.9997971634082788,-0.00905371721883662,0.256332,0.2563304557928171,0.49991202914347804,25.68597735749309,0.40804526336233937,0.3011130440339881,bayes,s-1-3-0,s-0-2-2
903,"[[    25 325130]
 [    29 174816]]","(array([0.        , 0.99992311, 1.        ]), array([0.        , 0.99983414, 1.        ]), array([2, 1, 0]))",0.9998341388086591,-0.004083008999498318,0.349682,0.3496697643345481,0.49995551260834,22.461707933810484,0.5181337628984382,0.40194442362352384,bayes,s-1-3-0,s-0-2-3
904,"[[     6 137850]
 [    21 112123]]","(array([0.        , 0.99995648, 1.        ]), array([0.        , 0.99981274, 1.        ]), array([2, 1, 0]))",0.9998127407618775,-0.006879179688526837,0.448516,0.44854044236777574,0.4999281322193789,19.048023459393928,0.6192639395554476,0.5041338589757886,bayes,s-1-3-0,s-0-3-0
905,"[[    0 25391]
 [    5 24604]]","(array([0., 1., 1.]), array([0.        , 0.99979682, 1.        ]), array([2, 1, 0]))",0.9997968223007843,-0.010158150324617954,0.49208,0.49212921292129214,0.49989841115039213,17.543341358070034,0.6595892981609566,0.5477561234076468,bayes,s-1-3-0,s-0-3-1
906,"[[    17 138010]
 [    19 111954]]","(array([0.        , 0.99987684, 1.        ]), array([0.        , 0.99983032, 1.        ]), array([2, 1, 0]))",0.99983031623695,-0.0019278947144391345,0.447884,0.4478804947912499,0.4999767402726912,19.06985247781787,0.6186380502684168,0.5034677095128837,bayes,s-1-3-0,s-0-3-2
907,"[[    25 325130]
 [    29 174816]]","(array([0.        , 0.99992311, 1.        ]), array([0.        , 0.99983414, 1.        ]), array([2, 1, 0]))",0.9998341388086591,-0.004083008999498318,0.349682,0.3496697643345481,0.49995551260834,22.461707933810487,0.5181337628984382,0.40194442362352384,bayes,s-1-3-0,s-0-3-3
908,"[[     9 137808]
 [    23 112160]]","(array([0.       , 0.9999347, 1.       ]), array([0.        , 0.99979498, 1.        ]), array([2, 1, 0]))",0.9997949778486936,-0.006142576662886953,0.448676,0.4486974332714587,0.4999301409193837,19.042497120838384,0.6194101355511926,0.5042916042821622,bayes,s-1-3-0,s-0-4-0
909,"[[    1 25343]
 [    6 24650]]","(array([0.        , 0.99996054, 1.        ]), array([0.        , 0.99975665, 1.        ]), array([2, 1, 0]))",0.9997566515249838,-0.008615771814343804,0.49302,0.493069029664153,0.49989805429784545,17.51087414064529,0.6604241182065399,0.5486849368734085,bayes,s-1-3-0,s-0-4-1
910,"[[     1 137812]
 [    18 112169]]","(array([0.        , 0.99999274, 1.        ]), array([0.        , 0.99983955, 1.        ]), array([2, 1, 0]))",0.9998395536024673,-0.008740112222622777,0.44868,0.4487101019677496,0.4999234049059843,19.04235897852636,0.6194307614145922,0.5043066744236862,bayes,s-1-3-0,s-0-4-2
911,"[[    25 325130]
 [    29 174816]]","(array([0.        , 0.99992311, 1.        ]), array([0.        , 0.99983414, 1.        ]), array([2, 1, 0]))",0.9998341388086591,-0.004083008999498318,0.349682,0.3496697643345481,0.49995551260834,22.46170793381048,0.5181337628984382,0.40194442362352384,bayes,s-1-3-0,s-0-4-3
912,"[[     0   8813]
 [    63 241124]]","(array([0., 1., 1.]), array([0.        , 0.99973879, 1.        ]), array([2, 1, 0]))",0.9997387918917686,-0.0030348689031893528,0.964496,0.9647391142567927,0.4998693959458843,1.2262929045335187,0.9819271711421148,0.9715416198269851,bayes,s-1-3-0,s-1-1-0
913,"[[    1  1335]
 [   12 48652]]","(array([0.       , 0.9992515, 1.       ]), array([0.        , 0.99975341, 1.        ]), array([2, 1, 0]))",0.9997534111458162,0.00502037720288643,0.97306,0.9732930561946106,0.5002509570699141,0.9304959853302808,0.9863458049082117,0.9784724792045435,bayes,s-1-3-0,s-1-1-1
914,"[[     2   8947]
 [    44 241007]]","(array([0.        , 0.99977651, 1.        ]), array([0.        , 0.99981747, 1.        ]), array([2, 1, 0]))",0.9998174660134163,0.0005609655700876305,0.964036,0.9642054137961384,0.5000204773356834,1.2421811702594001,0.981688577509394,0.9711234161275947,bayes,s-1-3-0,s-1-1-2
915,"[[     3  70506]
 [   102 429389]]","(array([0.        , 0.99995745, 1.        ]), array([0.        , 0.99976251, 1.        ]), array([2, 1, 0]))",0.999762509575288,-0.004682439384318273,0.858784,0.8589583812600646,0.49990252866757423,4.877540600216533,0.9240272610088812,0.8838543624290932,bayes,s-1-3-0,s-1-1-3
916,"[[     0   8913]
 [    65 241022]]","(array([0., 1., 1.]), array([0.        , 0.99973039, 1.        ]), array([2, 1, 0]))",0.9997303877853223,-0.0031007603105464095,0.964088,0.964338728069298,0.49986519389266115,1.2403850451416143,0.9817156868735005,0.971215165369548,bayes,s-1-3-0,s-1-2-0
917,"[[    0  1385]
 [   10 48605]]","(array([0., 1., 1.]), array([0.       , 0.9997943, 1.       ]), array([2, 1, 0]))",0.9997943021701121,-0.002387251491115054,0.9721,0.9722944588917783,0.49989715108505606,0.9636540102668254,0.9858526443892297,0.9776727345871468,bayes,s-1-3-0,s-1-2-1
918,"[[     2   8819]
 [    51 241128]]","(array([0.        , 0.99977327, 1.        ]), array([0.        , 0.99978854, 1.        ]), array([2, 1, 0]))",0.9997885388031297,0.00019351696905250666,0.96452,0.9647165199022193,0.5000076352331032,1.2254639930903795,0.981939461563835,0.9715326837861119,bayes,s-1-3-0,s-1-2-2
919,"[[    13  70498]
 [   105 429384]]","(array([0.        , 0.99981563, 1.        ]), array([0.        , 0.99975552, 1.        ]), array([2, 1, 0]))",0.9997555234243485,-0.0013619566335331605,0.858794,0.858970717089233,0.49996994591038446,4.8771951996590275,0.9240314147955984,0.883863719356431,bayes,s-1-3-0,s-1-2-3
920,"[[    19  67981]
 [    61 181939]]","(array([0.        , 0.99972059, 1.        ]), array([0.        , 0.99966484, 1.        ]), array([2, 1, 0]))",0.9996648351648352,-0.0013871181066366465,0.727832,0.7279889564660691,0.49997212346477055,9.40056712358166,0.8424661974439711,0.7698319341953828,bayes,s-1-3-0,s-1-3-0
921,"[[    1 23039]
 [   11 26949]]","(array([0.       , 0.9999566, 1.       ]), array([0.        , 0.99959199, 1.        ]), array([2, 1, 0]))",0.9995919881305638,-0.011732894658214614,0.539,0.5391093862527007,0.4998176954541708,15.922744356557708,0.7004470551541301,0.593820511916514,bayes,s-1-3-0,s-1-3-1
922,"[[    14  68035]
 [    45 181906]]","(array([0.        , 0.99979427, 1.        ]), array([0.        , 0.99975268, 1.        ]), array([2, 1, 0]))",0.9997526806667729,-0.0012049872347584425,0.72768,0.7277957597993127,0.4999792073850698,9.405817190306733,0.8423679994072593,0.7696695057606954,bayes,s-1-3-0,s-1-3-2
923,"[[     7  70358]
 [    60 429575]]","(array([0.        , 0.99990052, 1.        ]), array([0.        , 0.99986035, 1.        ]), array([2, 1, 0]))",0.9998603465732541,-0.0012068684957021359,0.859164,0.8592651415289648,0.49997991392472835,4.864415628505626,0.9242465317222625,0.884129487228566,bayes,s-1-3-0,s-1-3-3
924,"[[    11  67700]
 [    29 182260]]","(array([0.        , 0.99983754, 1.        ]), array([0.        , 0.99984091, 1.        ]), array([2, 1, 0]))",0.9998409119584835,0.00011830427545368392,0.729084,0.7291566650664106,0.5000016835493558,9.35732367678772,0.8433102216546481,0.7708972540221922,bayes,s-1-3-0,s-1-4-0
925,"[[    1 23130]
 [    8 26861]]","(array([0.        , 0.99995677, 1.        ]), array([0.        , 0.99970226, 1.        ]), array([2, 1, 0]))",0.9997022591090103,-0.00945929354269365,0.53724,0.5373167170090616,0.4998727455676477,15.983534058280075,0.69895914650013,0.5920875710324335,bayes,s-1-3-0,s-1-4-1
926,"[[     0  68097]
 [    48 181855]]","(array([0., 1., 1.]), array([0.        , 0.99973612, 1.        ]), array([2, 1, 0]))",0.9997361230985745,-0.008478838625704444,0.72742,0.7275596914607605,0.49986806154928726,9.41479747046957,0.842203980502715,0.7694563222310701,bayes,s-1-3-0,s-1-4-2
927,"[[    16  70483]
 [   127 429374]]","(array([0.        , 0.99977305, 1.        ]), array([0.        , 0.99970431, 1.        ]), array([2, 1, 0]))",0.9997043080225657,-0.0014147578163253168,0.85878,0.8589936721902464,0.4999656307981876,4.877678718540633,0.9240228200542739,0.8838751564990166,bayes,s-1-3-0,s-1-4-3
928,"[[    10 125319]
 [    61 124610]]","(array([0.        , 0.99992021, 1.        ]), array([0.        , 0.99951071, 1.        ]), array([2, 1, 0]))",0.9995107121944959,-0.012151295855206655,0.49848,0.4985815971735973,0.49979525109361755,17.322287956577018,0.6652963160704752,0.5541241583191552,bayes,s-1-3-0,s-2-1-0
929,"[[    5 25086]
 [   23 24886]]","(array([0.        , 0.99980073, 1.        ]), array([0.        , 0.99907664, 1.        ]), array([2, 1, 0]))",0.9990766389658357,-0.015303301584513661,0.49782,0.4979988793724486,0.49963795680307244,17.345083904018924,0.6646812943203216,0.5535216217298273,bayes,s-1-3-0,s-2-1-1
930,"[[     6 124794]
 [    46 125154]]","(array([0.        , 0.99995192, 1.        ]), array([0.        , 0.99963259, 1.        ]), array([2, 1, 0]))",0.9996325878594249,-0.011072094124830264,0.50064,0.5007201497911565,0.4998403323912509,17.247682520409413,0.6672246686641005,0.5562439555125726,bayes,s-1-3-0,s-2-1-2
931,"[[     0 250233]
 [   115 249652]]","(array([0., 1., 1.]), array([0.        , 0.99953957, 1.        ]), array([2, 1, 0]))",0.9995395708800602,-0.015181637949505802,0.499304,0.499418866339258,0.4997697854400301,17.293827357153695,0.6660477128054084,0.5549531477917421,bayes,s-1-3-0,s-2-1-3
932,"[[     0 124487]
 [    60 125453]]","(array([0., 1., 1.]), array([0.        , 0.99952196, 1.        ]), array([2, 1, 0]))",0.9995219618684917,-0.01543033617177992,0.501812,0.50193246379131,0.49976098093424587,17.207202092568934,0.6682753899955521,0.5574336183308406,bayes,s-1-3-0,s-2-2-0
933,"[[    0 25159]
 [   14 24827]]","(array([0., 1., 1.]), array([0.        , 0.99943642, 1.        ]), array([2, 1, 0]))",0.9994364156032366,-0.01684232236461922,0.49654,0.4966790701396391,0.4997182078016183,17.389294705216656,0.663584000427653,0.5522388059701493,bayes,s-1-3-0,s-2-2-1
934,"[[     9 125268]
 [    72 124651]]","(array([0.        , 0.99992816, 1.        ]), array([0.        , 0.99942272, 1.        ]), array([2, 1, 0]))",0.9994227207491801,-0.014042197492942514,0.49864,0.4987656000544176,0.4997472807749828,17.316761589235966,0.6654406072997688,0.5543005641235895,bayes,s-1-3-0,s-2-2-2
935,"[[    10 250372]
 [   102 249516]]","(array([0.        , 0.99996006, 1.        ]), array([0.        , 0.99959138, 1.        ]), array([2, 1, 0]))",0.9995913756219503,-0.01231828024123493,0.499052,0.4991438082130397,0.4998156572975996,17.302531351093307,0.665814549850168,0.554684616992046,bayes,s-1-3-0,s-2-2-3
936,"[[     4 124794]
 [    33 125169]]","(array([0.        , 0.99996795, 1.        ]), array([0.        , 0.99973643, 1.        ]), array([2, 1, 0]))",0.9997364259356879,-0.009516198424608822,0.500692,0.5007501110164304,0.4998842388656949,17.24588650403688,0.6672743992643237,0.5562799652283357,bayes,s-1-3-0,s-2-3-0
937,"[[    3 25083]
 [    2 24912]]","(array([0.        , 0.99988041, 1.        ]), array([0.        , 0.99991972, 1.        ]), array([2, 1, 0]))",0.9999197238500441,0.0019657099181184666,0.4983,0.4982898289828983,0.5000196562326039,17.32850524337352,0.6651270207852193,0.5538609300381513,bayes,s-1-3-0,s-2-3-1
938,"[[    13 124961]
 [    53 124973]]","(array([0.        , 0.99989598, 1.        ]), array([0.        , 0.99957609, 1.        ]), array([2, 1, 0]))",0.9995760881736598,-0.009845239548717882,0.499944,0.5000240063376732,0.4998400549050801,17.27172204291135,0.6665937700021336,0.5555530858972832,bayes,s-1-3-0,s-2-3-2
939,"[[     2 249807]
 [   154 250037]]","(array([0.        , 0.99999199, 1.        ]), array([0.        , 0.99938447, 1.        ]), array([2, 1, 0]))",0.9993844702647178,-0.017199804386144324,0.500078,0.5002300717823961,0.4996962381906955,17.267093662967028,0.6667342190697767,0.5557447277631652,bayes,s-1-3-0,s-2-3-3
940,"[[     3 124959]
 [    56 124982]]","(array([0.        , 0.99997599, 1.        ]), array([0.        , 0.99955214, 1.        ]), array([2, 1, 0]))",0.9995521361506102,-0.013796983204892518,0.49994,0.5000460108585626,0.4997880717244144,17.271860191620156,0.6666079967144827,0.5555733364627731,bayes,s-1-3-0,s-2-4-0
941,"[[    1 24974]
 [   12 25013]]","(array([0.        , 0.99995996, 1.        ]), array([0.        , 0.99952048, 1.        ]), array([2, 1, 0]))",0.9995204795204795,-0.01362947505011014,0.50028,0.5003901014263709,0.49978025978025975,17.2601167229892,0.6669066282728096,0.5559111537828983,bayes,s-1-3-0,s-2-4-1
942,"[[     3 125057]
 [    78 124862]]","(array([0.        , 0.99997601, 1.        ]), array([0.       , 0.9993757, 1.       ]), array([2, 1, 0]))",0.9993757003361614,-0.016678010644271015,0.49946,0.4996098735990461,0.4996998444108442,17.288439117731908,0.6661811507793597,0.5551317071782723,bayes,s-1-3-0,s-2-4-2
943,"[[    35 249607]
 [   128 250230]]","(array([0.       , 0.9998598, 1.       ]), array([0.        , 0.99948873, 1.        ]), array([2, 1, 0]))",0.9994887321355819,-0.010277417684884297,0.50053,0.5006232031642316,0.4998144664515405,17.251481816197565,0.667106552296403,0.5561393355398441,bayes,s-1-3-0,s-2-4-3
944,"[[    12 191858]
 [     3  58127]]","(array([0.        , 0.99993746, 1.        ]), array([0.        , 0.99994839, 1.        ]), array([2, 1, 0]))",0.999948391536212,0.0005963146798238774,0.232556,0.23252195131707903,0.5000054669412962,26.507190348270882,0.37730717426934746,0.2746840946251194,bayes,s-1-3-0,s-3-1-0
945,"[[    2 39636]
 [    7 10355]]","(array([0.        , 0.99994954, 1.        ]), array([0.        , 0.99932445, 1.        ]), array([2, 1, 0]))",0.9993244547384674,-0.018886526506150022,0.20714,0.20713728471124804,0.4996874556854959,27.38504810934375,0.34314781369608804,0.24616547645084302,bayes,s-1-3-0,s-3-1-1
946,"[[     0 192108]
 [     6  57886]]","(array([0., 1., 1.]), array([0.        , 0.99989636, 1.        ]), array([2, 1, 0]))",0.9998963587369585,-0.008924302464490604,0.231544,0.23154955718937253,0.49994817936847924,26.542144389579967,0.3760222939659484,0.27359746206521046,bayes,s-1-3-0,s-3-1-2
947,"[[     7 333198]
 [    33 166762]]","(array([0.        , 0.99997899, 1.        ]), array([0.        , 0.99980215, 1.        ]), array([2, 1, 0]))",0.9998021523426961,-0.009322429152879588,0.333538,0.3335506840547244,0.499911580215405,23.019314842234063,0.5002197208869825,0.38484100921475006,bayes,s-1-3-0,s-3-1-3
948,"[[    16 191640]
 [     1  58343]]","(array([0.        , 0.99991652, 1.        ]), array([0.        , 0.99998286, 1.        ]), array([2, 1, 0]))",0.9999828602769779,0.0034031094849664868,0.233436,0.23338787037518552,0.5000331715919263,26.476795527794405,0.378448854625122,0.2756511533853173,bayes,s-1-3-0,s-3-2-0
949,"[[    1 39654]
 [    0 10345]]","(array([0.        , 0.99997478, 1.        ]), array([0., 1., 1.]), array([2, 1, 0]))",1.0,0.00228420780529317,0.20692,0.20690413808276165,0.5000126087504728,27.392646928005707,0.3428675593265279,0.24591021246452188,bayes,s-1-3-0,s-3-2-1
950,"[[     2 191765]
 [     3  58230]]","(array([0.        , 0.99998957, 1.        ]), array([0.        , 0.99994848, 1.        ]), array([2, 1, 0]))",0.9999484828190202,-0.0038835987780173062,0.232928,0.23292465849316987,0.4999794560710525,26.494341626001734,0.3778371854601139,0.2751336451168148,bayes,s-1-3-0,s-3-2-2
951,"[[     6 333226]
 [    18 166750]]","(array([0.        , 0.99998199, 1.        ]), array([0.        , 0.99989207, 1.        ]), array([2, 1, 0]))",0.9998920656241006,-0.006119963082413043,0.333512,0.33351600876842086,0.4999550355488823,23.020212895197776,0.5001919777305832,0.384806745091089,bayes,s-1-3-0,s-3-2-3
952,"[[     8 139553]
 [    18 110421]]","(array([0.        , 0.99994268, 1.        ]), array([0.        , 0.99983701, 1.        ]), array([2, 1, 0]))",0.9998370140982805,-0.005145568145471373,0.441716,0.44172993991375104,0.49994716835136654,19.282892585737017,0.6127470429756974,0.4972418234136544,bayes,s-1-3-0,s-3-3-0
953,"[[    2 25598]
 [    8 24392]]","(array([0.        , 0.99992187, 1.        ]), array([0.        , 0.99967213, 1.        ]), array([2, 1, 0]))",0.9996721311475409,-0.008828118095100071,0.48788,0.4879375875175035,0.4998751280737705,17.688407529262022,0.6557870681543219,0.5435906578712784,bayes,s-1-3-0,s-3-3-1
954,"[[     8 139580]
 [    63 110349]]","(array([0.        , 0.99994269, 1.        ]), array([0.        , 0.99942941, 1.        ]), array([2, 1, 0]))",0.9994294098467558,-0.015126828015956901,0.441428,0.4415213920753494,0.4997433606817525,19.292839839695272,0.6124698549429568,0.49701025467333493,bayes,s-1-3-0,s-3-3-2
955,"[[    26 332876]
 [    31 167067]]","(array([0.       , 0.9999219, 1.       ]), array([0.        , 0.99981448, 1.        ]), array([2, 1, 0]))",0.9998144801254354,-0.004745986498549585,0.334186,0.33417209561890054,0.49994629059410534,22.9969332001894,0.5009197335696007,0.38550305279043035,bayes,s-1-3-0,s-3-3-3
956,"[[     7 139323]
 [    23 110647]]","(array([0.        , 0.99994976, 1.        ]), array([0.        , 0.99979217, 1.        ]), array([2, 1, 0]))",0.9997921749344899,-0.007145729219975065,0.442616,0.4426411169340321,0.49992120768543197,19.251806951351963,0.6136146850044365,0.49816307235153756,bayes,s-1-3-0,s-3-4-0
957,"[[    2 25576]
 [   17 24405]]","(array([0.        , 0.99992181, 1.        ]), array([0.        , 0.99930391, 1.        ]), array([2, 1, 0]))",0.9993039063139793,-0.015847613693049895,0.48814,0.4882855485084332,0.499691049255199,17.679427095576475,0.6560219345994114,0.5439143109304378,bayes,s-1-3-0,s-3-4-1
958,"[[     0 139648]
 [    62 110290]]","(array([0., 1., 1.]), array([0.        , 0.99943816, 1.        ]), array([2, 1, 0]))",0.9994381615195013,-0.01771768415310086,0.44116,0.4412694348198353,0.49971908075975063,19.30209644925961,0.6122290377196148,0.49675525896672745,bayes,s-1-3-0,s-3-4-2
959,"[[     8 332942]
 [    19 167031]]","(array([0.        , 0.99997597, 1.        ]), array([0.        , 0.99988626, 1.        ]), array([2, 1, 0]))",0.9998862615983238,-0.005758404589386542,0.334078,0.3340800403221774,0.4999551446150502,23.00066349358692,0.5008253088724077,0.3854071774879069,bayes,s-1-3-0,s-3-4-3
960,"[[ 53571 132426]
 [  8747  55256]]","(array([0.        , 0.71197923, 1.        ]), array([0.        , 0.86333453, 1.        ]), array([2, 1, 0]))",0.8633345311938503,0.1526977789276017,0.435308,0.2944128898882152,0.5756776528612358,19.504194269952066,0.4390885432187059,0.3391057907456572,bayes,s-2-4-0,s-0-1-0
961,"[[18597 19874]
 [ 1703  9826]]","(array([0.        , 0.51659692, 1.        ]), array([0.        , 0.85228554, 1.        ]), array([2, 1, 0]))",0.852285540810131,0.2879207315351561,0.56846,0.3308417508417508,0.667844311825876,14.90518138944631,0.47665478182832466,0.3769690552371306,bayes,s-2-4-0,s-0-1-1
962,"[[ 35318 150900]
 [  4033  59749]]","(array([0.        , 0.81034057, 1.        ]), array([0.        , 0.93676899, 1.        ]), array([2, 1, 0]))",0.9367689943871311,0.15133766834810577,0.380268,0.28364245735797466,0.5632142129031104,21.40526760977966,0.4354391449945524,0.32960310157572226,bayes,s-2-4-0,s-0-1-2
963,"[[128382 196773]
 [ 24891 149954]]","(array([0.        , 0.60516677, 1.        ]), array([0.        , 0.85763962, 1.        ]), array([2, 1, 0]))",0.8576396236666762,0.2611318597665802,0.556672,0.43248434647431555,0.6262364285238395,15.312321339973224,0.5750078608514261,0.4800823177544721,bayes,s-2-4-0,s-0-1-3
964,"[[ 38750 147144]
 [  4174  59932]]","(array([0.        , 0.79154787, 1.        ]), array([0.        , 0.93488909, 1.        ]), array([2, 1, 0]))",0.9348890899447789,0.16597326646949687,0.394728,0.2894203094516023,0.5716706092886127,20.90582488995745,0.4420057378439572,0.33578736231104533,bayes,s-2-4-0,s-0-2-0
965,"[[10293 28262]
 [  735 10710]]","(array([0.        , 0.73303074, 1.        ]), array([0.        , 0.93577982, 1.        ]), array([2, 1, 0]))",0.9357798165137615,0.20543877717948306,0.42006,0.2748126860309966,0.6013745406002863,20.030869946915946,0.4248566951623461,0.32002055780987615,bayes,s-2-4-0,s-0-2-1
966,"[[ 38246 147663]
 [  4178  59913]]","(array([0.        , 0.79427569, 1.        ]), array([0.        , 0.93481144, 1.        ]), array([2, 1, 0]))",0.934811439983773,0.16347116515602175,0.392636,0.2886316337148803,0.5702678729807144,20.978081670139876,0.44107675941501906,0.3349359063948255,bayes,s-2-4-0,s-0-2-2
967,"[[128382 196773]
 [ 24891 149954]]","(array([0.        , 0.60516677, 1.        ]), array([0.        , 0.85763962, 1.        ]), array([2, 1, 0]))",0.8576396236666762,0.2611318597665802,0.556672,0.43248434647431555,0.6262364285238395,15.312321339973222,0.5750078608514261,0.4800823177544721,bayes,s-2-4-0,s-0-2-3
968,"[[65648 72208]
 [16052 96092]]","(array([0.        , 0.52379294, 1.        ]), array([0.        , 0.85686261, 1.        ]), array([2, 1, 0]))",0.8568626052218576,0.3531692212128232,0.64696,0.5709566250742721,0.6665348309303345,12.193800567784224,0.68528476273338,0.6117828620324343,bayes,s-2-4-0,s-0-3-0
969,"[[22701  2690]
 [18047  6562]]","(array([0.        , 0.10594305, 1.        ]), array([0.        , 0.26665041, 1.        ]), array([2, 1, 0]))",0.2666504124507294,0.20689581054538833,0.58526,0.7092520536100303,0.5803536808817389,14.324655140367001,0.3875845367827294,0.5324829186750409,bayes,s-2-4-0,s-0-3-1
970,"[[81427 56600]
 [16141 95832]]","(array([0.       , 0.4100647, 1.       ]), array([0.        , 0.85584918, 1.        ]), array([2, 1, 0]))",0.8558491779268217,0.4544350818166467,0.709036,0.6286868898918863,0.7228922402200489,10.049721563826987,0.7248879559766268,0.6639314619212112,bayes,s-2-4-0,s-0-3-2
971,"[[128382 196773]
 [ 24891 149954]]","(array([0.        , 0.60516677, 1.        ]), array([0.        , 0.85763962, 1.        ]), array([2, 1, 0]))",0.8576396236666762,0.2611318597665802,0.556672,0.43248434647431555,0.6262364285238395,15.31232133997323,0.5750078608514261,0.4800823177544721,bayes,s-2-4-0,s-0-3-3
972,"[[82695 55122]
 [16330 95853]]","(array([0.        , 0.39996517, 1.        ]), array([0.        , 0.85443427, 1.        ]), array([2, 1, 0]))",0.8544342725724932,0.4621621104609556,0.714192,0.6348931942374565,0.7272345506835997,9.871634905514824,0.7284825086069965,0.669286940201066,bayes,s-2-4-0,s-0-4-0
973,"[[15659  9685]
 [ 4395 20261]]","(array([0.        , 0.38214173, 1.        ]), array([0.        , 0.82174724, 1.        ]), array([2, 1, 0]))",0.8217472420506164,0.4484273622903988,0.7184,0.6765845188005076,0.7198027561263183,9.726274314829077,0.7421339877660158,0.7013638881196345,bayes,s-2-4-0,s-0-4-1
974,"[[65370 72443]
 [15900 96287]]","(array([0.        , 0.52566158, 1.        ]), array([0.        , 0.85827235, 1.        ]), array([2, 1, 0]))",0.858272348846123,0.35317615763300636,0.646628,0.5706572630830321,0.6663053819724218,12.205268193168921,0.6855192103005515,0.6116512748584373,bayes,s-2-4-0,s-0-4-2
975,"[[128382 196773]
 [ 24891 149954]]","(array([0.        , 0.60516677, 1.        ]), array([0.        , 0.85763962, 1.        ]), array([2, 1, 0]))",0.8576396236666762,0.2611318597665802,0.556672,0.43248434647431555,0.6262364285238395,15.312321339973227,0.5750078608514261,0.4800823177544721,bayes,s-2-4-0,s-0-4-3
976,"[[    72   8741]
 [  2551 238636]]","(array([0.        , 0.99183025, 1.        ]), array([0.        , 0.98942314, 1.        ]), array([2, 1, 0]))",0.9894231446968534,-0.004356675929433219,0.954832,0.9646652679917697,0.4987964469654697,1.5600754093298757,0.9768873678781081,0.969517224007573,bayes,s-2-4-0,s-1-1-0
977,"[[    7  1329]
 [  215 48449]]","(array([0.        , 0.99476048, 1.        ]), array([0.        , 0.99558195, 1.        ]), array([2, 1, 0]))",0.9955819496958738,0.0019925258998956348,0.96912,0.9733014584756318,0.5004107353269788,1.066578668374537,0.984315637634343,0.9776774183133152,bayes,s-2-4-0,s-1-1-1
978,"[[    66   8883]
 [   637 240414]]","(array([0.        , 0.99262487, 1.        ]), array([0.        , 0.99735741, 1.        ]), array([2, 1, 0]))",0.9973574056942307,0.01660347677035946,0.96192,0.964367802259955,0.5023662657033003,1.315265016414089,0.9805852170295382,0.9707899686571011,bayes,s-2-4-0,s-1-1-2
979,"[[   715  69794]
 [  1959 427532]]","(array([0.        , 0.98985945, 1.        ]), array([0.        , 0.99543879, 1.        ]), array([2, 1, 0]))",0.9954387868430304,0.02662444513173276,0.856494,0.8596614695390951,0.502789668138218,4.956633259534141,0.922581264694109,0.883770637858934,bayes,s-2-4-0,s-1-1-3
980,"[[    74   8839]
 [  2505 238582]]","(array([0.        , 0.99169752, 1.        ]), array([0.        , 0.98960956, 1.        ]), array([2, 1, 0]))",0.9896095600343444,-0.003831573543901703,0.954624,0.9642754657042045,0.49895601977931736,1.56725978826221,0.9767782717990289,0.9692379817204012,bayes,s-2-4-0,s-1-2-0
981,"[[    4  1381]
 [  528 48087]]","(array([0.        , 0.99711191, 1.        ]), array([0.        , 0.98913915, 1.        ]), array([2, 1, 0]))",0.9891391545819191,-0.012752656555783786,0.96182,0.9720829627233767,0.49601362061225923,1.3187125676387124,0.9805368922239327,0.9754469809766844,bayes,s-2-4-0,s-1-2-1
982,"[[    81   8740]
 [  1132 240047]]","(array([0.        , 0.99081737, 1.        ]), array([0.        , 0.99530639, 1.        ]), array([2, 1, 0]))",0.9953063906890732,0.011918901998270157,0.960512,0.964869547042249,0.5022445115218408,1.3638951562083936,0.9798516631766285,0.9708070761214469,bayes,s-2-4-0,s-1-2-2
983,"[[   709  69802]
 [  4519 424970]]","(array([0.        , 0.98994483, 1.        ]), array([0.        , 0.98947819, 1.        ]), array([2, 1, 0]))",0.989478193853626,-0.0015966646220814975,0.851358,0.8589208766866354,0.49976668127535434,5.13402442789196,0.9195887308887858,0.8822013994155055,bayes,s-2-4-0,s-1-2-3
984,"[[   657  67343]
 [   131 181869]]","(array([0.        , 0.99033824, 1.        ]), array([0.        , 0.99928022, 1.        ]), array([2, 1, 0]))",0.9992802197802197,0.07098661680916045,0.730104,0.7297762547549878,0.504470992243051,9.32209298303978,0.8435247627617042,0.7713844363310622,bayes,s-2-4-0,s-1-3-0
985,"[[22970    70]
 [17389  9571]]","(array([0.        , 0.00303819, 1.        ]), array([0.        , 0.35500742, 1.        ]), array([2, 1, 0]))",0.3550074183976261,0.4447076823997747,0.65082,0.9927393423918681,0.6759846119765909,12.060251061011313,0.5229911751045054,0.7303430803980221,bayes,s-2-4-0,s-1-3-1
986,"[[   697  67352]
 [   166 181785]]","(array([0.        , 0.98975738, 1.        ]), array([0.        , 0.99908767, 1.        ]), array([2, 1, 0]))",0.9990876664596512,0.07080411986661347,0.729928,0.729658782115864,0.5046651428743464,9.328171836470792,0.8433776862264781,0.7712564881259977,bayes,s-2-4-0,s-1-3-2
987,"[[   627  69738]
 [  4406 425229]]","(array([0.        , 0.99108932, 1.        ]), array([0.        , 0.98974478, 1.        ]), array([2, 1, 0]))",0.9897447833626217,-0.004683809441912666,0.851712,0.8591057585657226,0.49932773169410133,5.121797598699689,0.9198098208742789,0.8823998144015592,bayes,s-2-4-0,s-1-3-3
988,"[[   672  67039]
 [  2265 180024]]","(array([0.        , 0.99007547, 1.        ]), array([0.        , 0.98757468, 1.        ]), array([2, 1, 0]))",0.9875746753781084,-0.01031410766890138,0.722784,0.7286562536680927,0.49874960379057387,9.574915853940054,0.8385846578099089,0.7689777632735633,bayes,s-2-4-0,s-1-4-0
989,"[[ 2027 21104]
 [ 6101 20768]]","(array([0.        , 0.91236868, 1.        ]), array([0.        , 0.77293535, 1.        ]), array([2, 1, 0]))",0.7729353530090439,-0.18842384179593308,0.4559,0.49598777225831103,0.4302833351444424,18.79288573055424,0.6042391003913239,0.5342745566148891,bayes,s-2-4-0,s-1-4-1
990,"[[  1496  66601]
 [  3348 178555]]","(array([0.        , 0.97803134, 1.        ]), array([0.        , 0.98159459, 1.        ]), array([2, 1, 0]))",0.9815945861255724,0.011508181373731089,0.720204,0.7283321640098549,0.5017816242374341,9.664024496144222,0.8362076434403676,0.767960658118048,bayes,s-2-4-0,s-1-4-2
991,"[[   671  69828]
 [  4518 424983]]","(array([0.        , 0.99048213, 1.        ]), array([0.        , 0.98948082, 1.        ]), array([2, 1, 0]))",0.9894808161098577,-0.0034386205284139813,0.851308,0.8588794509418748,0.49949934080574804,5.135751408290772,0.9195661205307298,0.8821668545238288,bayes,s-2-4-0,s-1-4-3
992,"[[ 19831 105498]
 [    68 124603]]","(array([0.        , 0.84176847, 1.        ]), array([0.        , 0.99945456, 1.        ]), array([2, 1, 0]))",0.9994545644135364,0.29129098158347216,0.577736,0.5415143784685855,0.5788430495072334,14.58481929933933,0.7024398768786714,0.5961438174293712,bayes,s-2-4-0,s-2-1-0
993,"[[ 4031 21060]
 [    9 24900]]","(array([0.        , 0.83934478, 1.        ]), array([0.        , 0.99963868, 1.        ]), array([2, 1, 0]))",0.9996386848127183,0.2940853795258405,0.57862,0.54177545691906,0.5801469499150276,14.554286387725062,0.7027049908987004,0.5964100426828391,bayes,s-2-4-0,s-2-1-1
994,"[[ 32168  92632]
 [   109 125091]]","(array([0.        , 0.74224359, 1.        ]), array([0.        , 0.99912939, 1.        ]), array([2, 1, 0]))",0.999129392971246,0.3830459058326612,0.629036,0.5745419638715248,0.6284429016138282,12.81293891979826,0.7295573641896285,0.6279088678555795,bayes,s-2-4-0,s-2-1-2
995,"[[ 41130 209103]
 [   206 249561]]","(array([0.        , 0.83563319, 1.        ]), array([0.        , 0.99917523, 1.        ]), array([2, 1, 0]))",0.9991752313155862,0.29693246478706425,0.581382,0.5441041808382607,0.5817710207242711,14.458887893327617,0.704545679113421,0.5986332908435572,bayes,s-2-4-0,s-2-1-3
996,"[[ 33157  91330]
 [   112 125401]]","(array([0.       , 0.7336509, 1.       ]), array([0.        , 0.99910766, 1.        ]), array([2, 1, 0]))",0.9991076621545179,0.3907686838557528,0.634232,0.5786020458540772,0.6327283794236727,12.63347127334689,0.7328163532450532,0.6317831761613079,bayes,s-2-4-0,s-2-2-0
997,"[[24102  1057]
 [18539  6302]]","(array([0.       , 0.0420128, 1.       ]), array([0.        , 0.25369349, 1.        ]), array([2, 1, 0]))",0.2536934906002174,0.29873725052266775,0.60808,0.8563663541242017,0.6058403459996596,13.536454148183067,0.3914285714285715,0.5805405604583893,bayes,s-2-4-0,s-2-2-1
998,"[[ 20168 105109]
 [    82 124641]]","(array([0.        , 0.83901275, 1.        ]), array([0.        , 0.99934254, 1.        ]), array([2, 1, 0]))",0.9993425430754552,0.29382105312406614,0.579236,0.5425070729053318,0.5801648976622358,14.53300989057336,0.7032467917161532,0.5970980806210077,bayes,s-2-4-0,s-2-2-2
999,"[[ 56128 194254]
 [    81 249537]]","(array([0.        , 0.77583053, 1.        ]), array([0.       , 0.9996755, 1.       ]), array([2, 1, 0]))",0.9996755041703723,0.35431918882751967,0.61133,0.5622849494469243,0.611922486610831,13.42449687140835,0.7197397207131722,0.6162070780953208,bayes,s-2-4-0,s-2-2-3
1000,"[[ 22606 102192]
 [    84 125118]]","(array([0.        , 0.81885928, 1.        ]), array([0.        , 0.99932908, 1.        ]), array([2, 1, 0]))",0.9993290841999329,0.31411413677921884,0.590896,0.5504289296555365,0.590234903804481,14.130278428105884,0.7098651960784312,0.6047608275766065,bayes,s-2-4-0,s-2-3-0
1001,"[[ 4064 21022]
 [   22 24892]]","(array([0.        , 0.83799729, 1.        ]), array([0.        , 0.99911696, 1.        ]), array([2, 1, 0]))",0.9991169623504856,0.294079170556281,0.57912,0.5421440083634621,0.5805598365128813,14.537016391833557,0.7028858643474332,0.5967301145898259,bayes,s-2-4-0,s-2-3-1
1002,"[[ 28023  96951]
 [    58 124968]]","(array([0.        , 0.77576936, 1.        ]), array([0.       , 0.9995361, 1.       ]), array([2, 1, 0]))",0.9995360964919296,0.3543251693940099,0.611964,0.563124383220905,0.611883368232522,13.40259872425738,0.7203908400466933,0.617002830052671,bayes,s-2-4-0,s-2-3-2
1003,"[[ 41316 208493]
 [   239 249952]]","(array([0.        , 0.83460964, 1.        ]), array([0.        , 0.99904473, 1.        ]), array([2, 1, 0]))",0.9990447298264126,0.29783731878425457,0.582536,0.5452169834985658,0.5822175440300515,14.419029169859014,0.7054453908635746,0.5997012434434069,bayes,s-2-4-0,s-2-3-3
1004,"[[ 34827  90135]
 [   118 124920]]","(array([0.        , 0.72129927, 1.        ]), array([0.        , 0.99905629, 1.        ]), array([2, 1, 0]))",0.9990562868887858,0.4005048040410824,0.638988,0.5808746599707052,0.638878505954596,12.46920103073698,0.7346225885272559,0.6339456264247537,bayes,s-2-4-0,s-2-4-0
1005,"[[ 8600 16375]
 [   53 24972]]","(array([0.        , 0.65565566, 1.        ]), array([0.        , 0.99788212, 1.        ]), array([2, 1, 0]))",0.9978821178821179,0.45232232699527486,0.67144,0.6039615933441362,0.6711132311132311,11.348322240470242,0.7524859880672573,0.6557325392699029,bayes,s-2-4-0,s-2-4-1
1006,"[[ 20204 104856]
 [   118 124822]]","(array([0.        , 0.83844555, 1.        ]), array([0.        , 0.99905555, 1.        ]), array([2, 1, 0]))",0.9990555466623979,0.2938594247577453,0.580104,0.5434651991048337,0.580305000262272,14.503029423469979,0.7039800574138932,0.5980058486928593,bayes,s-2-4-0,s-2-4-2
1007,"[[ 40176 209466]
 [   121 250237]]","(array([0.        , 0.83906554, 1.        ]), array([0.        , 0.99951669, 1.        ]), array([2, 1, 0]))",0.9995166920969172,0.29471848196482975,0.580826,0.5443449357519964,0.5802255751204897,14.478092033510912,0.7048324017232322,0.5988909471225415,bayes,s-2-4-0,s-2-4-3
1008,"[[ 30754 161116]
 [    34  58096]]","(array([0.        , 0.83971439, 1.        ]), array([0.       , 0.9994151, 1.       ]), array([2, 1, 0]))",0.9994151040770687,0.20529938872225126,0.3554,0.2650219878473806,0.5798503570627696,22.26421057591768,0.4189484463225908,0.31068110693513645,bayes,s-2-4-0,s-3-1-0
1009,"[[20226 19412]
 [  398  9964]]","(array([0.        , 0.48973208, 1.        ]), array([0.        , 0.96159043, 1.        ]), array([2, 1, 0]))",0.9615904265585794,0.3885138690921497,0.6038,0.3391884531590414,0.7359291756386419,13.684573643369912,0.5014847249484121,0.3896266403891574,bayes,s-2-4-0,s-3-1-1
1010,"[[ 31763 160345]
 [    25  57867]]","(array([0.        , 0.83466071, 1.        ]), array([0.        , 0.99956816, 1.        ]), array([2, 1, 0]))",0.9995681614039936,0.20881003222067154,0.35852,0.2651870657892325,0.5824537248604911,22.156447127607084,0.419168139541622,0.31086554784365134,bayes,s-2-4-0,s-3-1-2
1011,"[[ 52712 280493]
 [   179 166616]]","(array([0.        , 0.84180309, 1.        ]), array([0.        , 0.99892683, 1.        ]), array([2, 1, 0]))",0.9989268263437153,0.2408748515033462,0.438656,0.37265185894267394,0.5785618660762258,19.388583459588713,0.5428079960384685,0.4260775325268472,bayes,s-2-4-0,s-3-1-3
1012,"[[ 30638 161018]
 [     1  58343]]","(array([0.        , 0.84014067, 1.        ]), array([0.        , 0.99998286, 1.        ]), array([2, 1, 0]))",0.9999828602769779,0.20617392259789655,0.355924,0.2659679706055315,0.579921095789447,22.24611194364455,0.42017968707801445,0.31173193073644884,bayes,s-2-4-0,s-3-2-0
1013,"[[ 6302 33353]
 [    5 10340]]","(array([0.        , 0.84107931, 1.        ]), array([0.        , 0.99951667, 1.        ]), array([2, 1, 0]))",0.9995166747220879,0.19331007510211348,0.33284,0.2366511798228549,0.5792186828408069,23.043423439090397,0.38269366001702504,0.27928283193871983,bayes,s-2-4-0,s-3-2-1
1014,"[[ 30430 161337]
 [    14  58219]]","(array([0.        , 0.84131785, 1.        ]), array([0.        , 0.99975959, 1.        ]), array([2, 1, 0]))",0.9997595864887606,0.20479417662309896,0.354596,0.2651669733462078,0.5792208686118836,22.29198045898332,0.41915986594141597,0.3108471611616978,bayes,s-2-4-0,s-3-2-2
1015,"[[ 53401 279831]
 [   116 166652]]","(array([0.        , 0.83974828, 1.        ]), array([0.        , 0.99930442, 1.        ]), array([2, 1, 0]))",0.9993044229108702,0.24332956842990783,0.440106,0.3732549727537219,0.5797780697163465,19.3385011751491,0.5435033942056353,0.4267219747016951,bayes,s-2-4-0,s-3-2-3
1016,"[[ 22432 117129]
 [    81 110358]]","(array([0.        , 0.83926742, 1.        ]), array([0.        , 0.99926656, 1.        ]), array([2, 1, 0]))",0.9992665634422623,0.27756580209529325,0.53116,0.485117830909019,0.5799995731635827,16.193534549179528,0.6531489142593349,0.5407654154747169,bayes,s-2-4-0,s-3-3-0
1017,"[[ 8818 16782]
 [   41 24359]]","(array([0.        , 0.65554687, 1.        ]), array([0.        , 0.99831967, 1.        ]), array([2, 1, 0]))",0.9983196721311476,0.44873657783542487,0.66354,0.5920857538708344,0.6713863985655738,11.62118508271312,0.7433209746570848,0.6445407590863867,bayes,s-2-4-0,s-3-3-1
1018,"[[ 22625 116963]
 [    79 110333]]","(array([0.        , 0.83791587, 1.        ]), array([0.       , 0.9992845, 1.       ]), array([2, 1, 0]))",0.9992844980618049,0.2788715501674853,0.531832,0.48541549345347035,0.5806843156841964,16.17032396050946,0.6534224833287929,0.5410623423395149,bayes,s-2-4-0,s-3-3-2
1019,"[[ 57893 275009]
 [    87 167011]]","(array([0.        , 0.82609597, 1.        ]), array([0.        , 0.99947935, 1.        ]), array([2, 1, 0]))",0.9994793474488025,0.25544136460617606,0.449808,0.37783584453192165,0.586691689632987,19.00339825524806,0.5483699381728993,0.431513276814846,bayes,s-2-4-0,s-3-3-3
1020,"[[ 22523 116807]
 [    60 110610]]","(array([0.        , 0.83834781, 1.        ]), array([0.        , 0.99945785, 1.        ]), array([2, 1, 0]))",0.9994578476551911,0.2791628345756509,0.532532,0.4863752489919399,0.5805550201456893,16.146146318084224,0.6543286195565047,0.5420262697263063,bayes,s-2-4-0,s-3-4-0
1021,"[[ 7423 18155]
 [   28 24394]]","(array([0.        , 0.70978966, 1.        ]), array([0.        , 0.99885349, 1.        ]), array([2, 1, 0]))",0.9988534927524363,0.4057566971578149,0.63634,0.57331547157395,0.6445319148804014,12.560661757600123,0.7284944229591912,0.6267148979025579,bayes,s-2-4-0,s-3-4-1
1022,"[[ 22293 117355]
 [   112 110240]]","(array([0.        , 0.84036291, 1.        ]), array([0.        , 0.99898507, 1.        ]), array([2, 1, 0]))",0.9989850659707119,0.2757512396980063,0.530132,0.48436916452470397,0.579311076752542,16.229041134149575,0.6524099932829703,0.5400046241324854,bayes,s-2-4-0,s-3-4-2
1023,"[[ 53026 279924]
 [    60 166990]]","(array([0.        , 0.84073885, 1.        ]), array([0.        , 0.99964083, 1.        ]), array([2, 1, 0]))",0.9996408260999701,0.24329885632876636,0.440032,0.37365130651534745,0.5794509882114207,19.341057193327444,0.543973262275964,0.42714863514001594,bayes,s-2-4-0,s-3-4-3
