,confusion_matrix,roc_curve,recall,mcc,accuracy,precision,auc,log_loss,f1_score,fbeta_score,model,train,valid
0,"[[249505   5875]
 [ 11592 126047]]","(array([0.        , 0.02300493, 1.        ]), array([0.        , 0.91577968, 1.        ]), array([2, 1, 0]))",0.9157796845370861,0.9018753987714946,0.9555568560298612,0.9554661087612377,0.9463873753564904,1.5350237645630558,0.9352020507417615,0.947256010954012,cnn,0-1-0,0-0-0
1,"[[181250   4269]
 [  8377  91528]]","(array([0.        , 0.02301112, 1.        ]), array([0.        , 0.91615034, 1.        ]), array([2, 1, 0]))",0.9161503428256844,0.9021545210334349,0.9556939850888503,0.9554370178606846,0.9465696113354376,1.5302875013014678,0.9353813451063351,0.94731242224582,cnn,0-1-0,0-0-1
2,"[[285744   6736]
 [ 13172 144019]]","(array([0.        , 0.02303063, 1.        ]), array([0.        , 0.91620385, 1.        ]), array([2, 1, 0]))",0.9162038539102112,0.9021674934717968,0.9557276319798252,0.9553182315677755,0.9465866096684536,1.5291253973642325,0.9353523020269788,0.9472304399699558,cnn,0-1-0,0-0-2
3,"[[77534  1880]
 [ 3587 39351]]","(array([0.        , 0.02367341, 1.        ]), array([0.        , 0.91646094, 1.        ]), array([2, 1, 0]))",0.9164609436862453,0.9014444687032344,0.955317444749575,0.9544032402803716,0.9463937679873794,1.5432930707642343,0.9350473452221126,0.9465655098093929,cnn,0-1-0,0-0-3
4,"[[260808   6152]
 [ 11972 131528]]","(array([0.        , 0.02304465, 1.        ]), array([0.        , 0.91657143, 1.        ]), array([2, 1, 0]))",0.9165714285714286,0.9024329174080735,0.9558446620864396,0.9553166763509587,0.9467633888437006,1.5250833272541833,0.935543068497048,0.9473077698712223,cnn,0-1-0,0-1-0
5,"[[125333   3071]
 [  5737  63100]]","(array([0.       , 0.0239167, 1.       ]), array([0.        , 0.91665819, 1.        ]), array([2, 1, 0]))",0.9166581925418017,0.9012400133519911,0.9553439700670753,0.9535899412129181,0.9463707460637422,1.5423770820979492,0.9347594216639014,0.9459674203423474,cnn,0-1-0,0-1-1
6,"[[308484   7280]
 [ 14222 155530]]","(array([0.        , 0.02305519, 1.        ]), array([0.        , 0.91621895, 1.        ]), array([2, 1, 0]))",0.916218954710401,0.9021438507307462,0.9557130969937139,0.9552853018856335,0.9465818807957448,1.5296274296061545,0.9353443869113128,0.9472077681633927,cnn,0-1-0,0-1-2
7,"[[307548   7278]
 [ 14221 155087]]","(array([0.        , 0.02311753, 1.        ]), array([0.        , 0.91600515, 1.        ]), array([2, 1, 0]))",0.9160051503768281,0.9018878318952255,0.9555928730475447,0.9551750685184615,0.9464438093939753,1.5337798485218601,0.9351801322386809,0.9470753620073085,cnn,0-1-0,0-1-3
8,"[[48193  1074]
 [ 2276 24710]]","(array([0.        , 0.02179958, 1.        ]), array([0.        , 0.91565997, 1.        ]), array([2, 1, 0]))",0.9156599718372489,0.9035028220914216,0.9560673022700746,0.9583462612472852,0.9469301949835157,1.5173928854024217,0.9365169603941633,0.9494935522048541,cnn,0-1-0,0-2-0
9,"[[124368   2891]
 [  5747  62962]]","(array([0.        , 0.02271745, 1.        ]), array([0.        , 0.91635739, 1.        ]), array([2, 1, 0]))",0.9163573913170036,0.9027389331016226,0.955921374918354,0.9560991906215358,0.9468199705388638,1.5224335714780437,0.9358065427089372,0.9478774302136873,cnn,0-1-0,0-2-1
10,"[[105634   2555]
 [  4910  53127]]","(array([0.        , 0.02361608, 1.        ]), array([0.       , 0.9153988, 1.       ]), array([2, 1, 0]))",0.9153987973189517,0.9006956848266987,0.9550912612948637,0.9541144355447002,0.9458913590251321,1.551105174638399,0.9343557365084111,0.9461115167488824,cnn,0-1-0,0-2-2
11,"[[270394   6382]
 [ 12427 136694]]","(array([0.        , 0.02305836, 1.        ]), array([0.        , 0.91666499, 1.        ]), array([2, 1, 0]))",0.9166649901757633,0.9024866362965224,0.9558367398690294,0.9553943358774357,0.9468033162573473,1.525356948376426,0.9356290447882764,0.9473888484596459,cnn,0-1-0,0-2-3
12,"[[251897   5878]
 [ 11667 126527]]","(array([0.        , 0.02280283, 1.        ]), array([0.        , 0.91557521, 1.        ]), array([2, 1, 0]))",0.9155752058700088,0.9020082228576524,0.9556909758087123,0.9556059061213701,0.9463861869714703,1.5303913485207248,0.9351623620190763,0.9473221585651094,cnn,0-1-0,0-3-0
13,"[[160996   3752]
 [  7478  80826]]","(array([0.        , 0.02277418, 1.        ]), array([0.        , 0.91531527, 1.        ]), array([2, 1, 0]))",0.9153152745062512,0.9018479813948754,0.9556217694386925,0.9556385821371988,0.9462705490942406,1.5327816377835592,0.9350423988616512,0.9472921784461906,cnn,0-1-0,0-3-1
14,"[[96359  2271]
 [ 4500 48398]]","(array([0.        , 0.02302545, 1.        ]), array([0.        , 0.91493062, 1.        ]), array([2, 1, 0]))",0.9149306211955084,0.9011857789306503,0.9553151892719497,0.9551796956719099,0.9459525862745258,1.543370669814848,0.9346220321144767,0.946849053503095,cnn,0-1-0,0-3-2
15,"[[256994   6010]
 [ 11946 129320]]","(array([0.        , 0.02285136, 1.        ]), array([0.        , 0.91543613, 1.        ]), array([2, 1, 0]))",0.9154361275890872,0.9018301055420204,0.9555841393128355,0.9555900391635263,0.9462923820558627,1.5340813677185343,0.9350822137702642,0.9472799031916856,cnn,0-1-0,0-3-3
16,"[[ 20558  12817]
 [ 90291 113980]]","(array([0.        , 0.38402996, 1.        ]), array([0.        , 0.55798425, 1.        ]), array([2, 1, 0]))",0.557984246417749,0.12115148562475983,0.5661277698762024,0.8989171668099403,0.5869771419354664,14.98545906502408,0.688559450022352,0.8010299961065921,cnn,0-1-0,1-0-0
17,"[[ 38762  23537]
 [169174 212339]]","(array([0.        , 0.37780703, 1.        ]), array([0.        , 0.55657081, 1.        ]), array([2, 1, 0]))",0.5565708114795564,0.12444229953588883,0.565782358295855,0.9002145194932931,0.5893818920397188,14.997388439168715,0.6878612997640063,0.8012689648510171,cnn,0-1-0,1-0-1
18,"[[11664  7180]
 [50504 64295]]","(array([0.        , 0.38102314, 1.        ]), array([0.        , 0.56006585, 1.        ]), array([2, 1, 0]))",0.5600658542321797,0.12492568220360445,0.5683724549733244,0.8995452955578874,0.5895213584470175,14.907930222110972,0.690327152474312,0.8022855060781287,cnn,0-1-0,1-0-2
19,"[[14204  8740]
 [60731 77218]]","(array([0.        , 0.38092748, 1.        ]), array([0.        , 0.55975759, 1.        ]), array([2, 1, 0]))",0.5597575915736975,0.1253571173108952,0.5682161436482631,0.8983224365387747,0.5894150579904749,14.91332950104964,0.6897327908461995,0.8013807103227402,cnn,0-1-0,1-0-3
20,"[[ 23148  14256]
 [100682 126154]]","(array([0.        , 0.38113571, 1.        ]), array([0.        , 0.55614629, 1.        ]), array([2, 1, 0]))",0.5561462907122326,0.12225520845789266,0.5650242204056918,0.8984687700306246,0.5875052916506303,15.023574327653678,0.687027224258399,0.799986302690253,cnn,0-1-0,1-1-0
21,"[[ 19433  11924]
 [ 85122 107028]]","(array([0.        , 0.38026597, 1.        ]), array([0.        , 0.55700234, 1.        ]), array([2, 1, 0]))",0.5570023419203747,0.12301416049247445,0.5658033081737932,0.8997578855336607,0.5883681862996649,14.996665108565992,0.688057293106441,0.8011581566505677,cnn,0-1-0,1-1-1
22,"[[12794  7964]
 [56075 70811]]","(array([0.        , 0.38365931, 1.        ]), array([0.        , 0.55806787, 1.        ]), array([2, 1, 0]))",0.5580678719480479,0.12152379092297631,0.5662607352821653,0.8989019358933672,0.5872042799377969,14.980866608515207,0.6886186491361999,0.8010547845406868,cnn,0-1-0,1-1-2
23,"[[15175  9388]
 [67207 83858]]","(array([0.        , 0.38220087, 1.        ]), array([0.        , 0.55511204, 1.        ]), array([2, 1, 0]))",0.5551120378644954,0.1201750749396513,0.5638793358689959,0.899320078073054,0.5864555833177054,15.063116841214715,0.6864856678577713,0.8000969375001192,cnn,0-1-0,1-1-3
24,"[[17993 11097]
 [78804 98974]]","(array([0.       , 0.3814713, 1.       ]), array([0.        , 0.55672805, 1.        ]), array([2, 1, 0]))",0.5567280540899324,0.12210072360974962,0.5654185277568304,0.8991832544448584,0.5876283790559665,15.009955187905083,0.6876799988883061,0.800680190660484,cnn,0-1-0,1-2-0
25,"[[ 25469  15756]
 [110266 138714]]","(array([0.        , 0.38219527, 1.        ]), array([0.        , 0.55712909, 1.        ]), array([2, 1, 0]))",0.5571290866736284,0.12239631382958296,0.5657483503040954,0.8979996115750631,0.5874669084065535,14.998564040235502,0.6876391126533647,0.8000945942828139,cnn,0-1-0,1-2-1
26,"[[ 37636  23235]
 [162419 204450]]","(array([0.        , 0.38170886, 1.        ]), array([0.        , 0.55728339, 1.        ]), array([2, 1, 0]))",0.5572833899838907,0.12293635326870042,0.5659653060270258,0.8979511166743527,0.5877872651320778,14.991070677203531,0.6877424085953505,0.8001274255269021,cnn,0-1-0,1-2-2
27,"[[ 40650  25055]
 [176644 221940]]","(array([0.        , 0.38132562, 1.        ]), array([0.        , 0.55682115, 1.        ]), array([2, 1, 0]))",0.556821146859884,0.122590619133709,0.5655744590115208,0.8985606996093038,0.5877477623805546,15.004569770101602,0.6875688335587125,0.8003236778107611,cnn,0-1-0,1-2-3
28,"[[ 22830  13387]
 [ 96337 123582]]","(array([0.        , 0.36963305, 1.        ]), array([0.        , 0.56194326, 1.        ]), array([2, 1, 0]))",0.561943260927887,0.13433860119324972,0.5716182028297467,0.9022625557607926,0.5961551078364482,14.795824895235258,0.6925534061106006,0.8047851314478474,cnn,0-1-0,1-3-0
29,"[[ 7841  4789]
 [34008 42571]]","(array([0.        , 0.37917656, 1.        ]), array([0.        , 0.55590958, 1.        ]), array([2, 1, 0]))",0.5559095835672965,0.12345987409609066,0.5650999338631753,0.8988809121621621,0.5883665099150813,15.02095906316003,0.6869669756896538,0.8001496133734808,cnn,0-1-0,1-3-1
30,"[[ 43646  26664]
 [190612 238659]]","(array([0.        , 0.37923482, 1.        ]), array([0.        , 0.55596348, 1.        ]), array([2, 1, 0]))",0.5559634822757652,0.12315347074864846,0.5650835400065255,0.8995036238848498,0.5883643325189095,15.021525038875561,0.6871899267773692,0.8005666315345277,cnn,0-1-0,1-3-2
31,"[[ 34547  21388]
 [151695 189299]]","(array([0.       , 0.3823724, 1.       ]), array([0.       , 0.5551388, 1.       ]), array([2, 1, 0]))",0.5551388000961893,0.12045277219911643,0.5639446853215563,0.8984844817193277,0.5863832017822503,15.06086009475287,0.6862625321517326,0.7995787933519297,cnn,0-1-0,1-3-3
32,"[[103515  88357]
 [ 79264 112578]]","(array([0.        , 0.46049971, 1.        ]), array([0.        , 0.58682666, 1.        ]), array([2, 1, 0]))",0.5868266594384962,0.12646860237723098,0.5631616255857227,0.5602707343170678,0.5631634756498685,15.088047056196713,0.5732413048625556,0.5653878836700543,cnn,0-1-0,2-0-0
33,"[[109498  94894]
 [ 84398 120172]]","(array([0.        , 0.46427453, 1.        ]), array([0.        , 0.58743706, 1.        ]), array([2, 1, 0]))",0.5874370631079826,0.12332786788877556,0.5615925195983978,0.5587680061004529,0.5615812659075864,15.142243471018986,0.572743997178507,0.5642757462665542,cnn,0-1-0,2-0-1
34,"[[54866 46934]
 [42479 59958]]","(array([0.        , 0.46104126, 1.        ]), array([0.        , 0.58531585, 1.        ]), array([2, 1, 0]))",0.5853158526704219,0.1244099873343971,0.5622095898392554,0.5609213037458369,0.5621372976515174,15.120928833188584,0.5728589923039809,0.5656361732436487,cnn,0-1-0,2-0-2
35,"[[134529 114147]
 [102529 145824]]","(array([0.        , 0.45901896, 1.        ]), array([0.        , 0.58716424, 1.        ]), array([2, 1, 0]))",0.5871642379999437,0.12828163126875838,0.564057630440075,0.5609241030730351,0.5640726367821463,15.057099657749411,0.5737443048134655,0.5659828121688788,cnn,0-1-0,2-0-3
36,"[[20037 18330]
 [16024 22627]]","(array([0.        , 0.47775432, 1.        ]), array([0.        , 0.58541823, 1.        ]), array([2, 1, 0]))",0.5854182298000051,0.10788137746301878,0.5539484276402918,0.5524574553800328,0.5538319548405765,15.406265819570189,0.5684604562355543,0.5587493023967918,cnn,0-1-0,2-1-0
37,"[[116722 101572]
 [ 89699 128570]]","(array([0.        , 0.46529909, 1.        ]), array([0.        , 0.58904379, 1.        ]), array([2, 1, 0]))",0.5890437945837476,0.1239277784556573,0.5618707952804063,0.5586550912045607,0.5618723512667883,15.132632670522106,0.5734471277466432,0.5644793767677025,cnn,0-1-0,2-1-1
38,"[[35560 30367]
 [27011 38760]]","(array([0.        , 0.46061553, 1.        ]), array([0.        , 0.58931748, 1.        ]), array([2, 1, 0]))",0.5893174803484819,0.12886162605583837,0.5643214019954745,0.5607071043152458,0.5643509755254627,15.047990048158269,0.5746564070631143,0.56620476278124,cnn,0-1-0,2-1-2
39,"[[ 94561  80241]
 [ 71962 103194]]","(array([0.        , 0.45903937, 1.        ]), array([0.        , 0.58915481, 1.        ]), array([2, 1, 0]))",0.5891548105688643,0.13026757498548983,0.5650820955657536,0.562564396107613,0.5650577201549714,15.021715589104938,0.5755526491183549,0.5676887124599513,cnn,0-1-0,2-1-3
40,"[[106611  92154]
 [ 82198 116804]]","(array([0.        , 0.46363293, 1.        ]), array([0.        , 0.58694887, 1.        ]), array([2, 1, 0]))",0.5869488748856796,0.12347443647621979,0.561673039744373,0.5589831449382172,0.5616579707610799,15.139462117538784,0.5726247671340328,0.5643610472790805,cnn,0-1-0,2-2-0
41,"[[88225 75137]
 [67522 95982]]","(array([0.        , 0.45994172, 1.        ]), array([0.        , 0.58703151, 1.        ]), array([2, 1, 0]))",0.5870315099324788,0.12723054759900518,0.5635550959720497,0.5609079061939353,0.563544892709411,15.074456753145558,0.5736724612474337,0.5659449515318759,cnn,0-1-0,2-2-1
42,"[[116524 100869]
 [ 89226 127675]]","(array([0.        , 0.46399378, 1.        ]), array([0.       , 0.5886326, 1.       ]), array([2, 1, 0]))",0.5886326019704843,0.12481076745505208,0.5622896010536641,0.5586451624194904,0.5623194105609874,15.118167309204669,0.5732469777413597,0.564395704271239,cnn,0-1-0,2-2-2
43,"[[112063  97509]
 [ 87004 123611]]","(array([0.        , 0.46527685, 1.        ]), array([0.        , 0.58690502, 1.        ]), array([2, 1, 0]))",0.5869050162618997,0.12179565317649098,0.5608788467991632,0.5590222503617945,0.5608140831505135,15.16689287602895,0.5726244108075557,0.5643848250608395,cnn,0-1-0,2-2-3
44,"[[32491 27746]
 [24879 35164]]","(array([0.        , 0.46061391, 1.        ]), array([0.        , 0.58564695, 1.        ]), array([2, 1, 0]))",0.5856469530170045,0.12516571885032246,0.5624792151646159,0.5589572405023049,0.5625165223109161,15.111617005424614,0.571990923360959,0.56409877985004,cnn,0-1-0,2-3-0
45,"[[20215 18394]
 [15842 22706]]","(array([0.        , 0.47641742, 1.        ]), array([0.        , 0.58903186, 1.        ]), array([2, 1, 0]))",0.5890318563868424,0.11285572117716022,0.5562813484194564,0.5524574209245742,0.556307220379181,15.325689910847919,0.5701586982723986,0.559404379446952,cnn,0-1-0,2-3-1
46,"[[113859  97271]
 [ 87589 124588]]","(array([0.        , 0.46071615, 1.        ]), array([0.      , 0.587189, 1.      ]), array([2, 1, 0]))",0.5871889978649901,0.1266197438713794,0.5632956695731467,0.5615638761555762,0.5632364257074678,15.083416957444173,0.5740906284271351,0.5665083988639639,cnn,0-1-0,2-3-2
47,"[[114151  97273]
 [ 87034 124137]]","(array([0.        , 0.46008495, 1.        ]), array([0.       , 0.5878506, 1.       ]), array([2, 1, 0]))",0.5878506044864115,0.12791220858808566,0.563868479276849,0.5606657332550472,0.5638828283518784,15.063633124522605,0.5739364419611588,0.5658996855429058,cnn,0-1-0,2-3-3
48,"[[38954 34957]
 [14978 21617]]","(array([0.        , 0.47296072, 1.        ]), array([0.        , 0.59070911, 1.        ]), array([2, 1, 0]))",0.5907091132668397,0.11086352605745677,0.5481240837601579,0.3821013186269311,0.5588741951175427,15.607494170517729,0.4640384677306829,0.4111399781658558,cnn,0-1-0,3-0-0
49,"[[135580 122334]
 [ 53449  76186]]","(array([0.       , 0.4743209, 1.       ]), array([0.        , 0.58769622, 1.        ]), array([2, 1, 0]))",0.5876962240135766,0.10701651228265555,0.5464238070540758,0.38376989723957283,0.5566876631750072,15.666219107722148,0.4643293565540674,0.4123891026994257,cnn,0-1-0,3-0-1
50,"[[42168 38737]
 [16638 23719]]","(array([0.        , 0.47879612, 1.        ]), array([0.        , 0.58772951, 1.        ]), array([2, 1, 0]))",0.5877295140867755,0.10270941491572716,0.5433441638765648,0.3797713590367619,0.5544666975909436,15.77258924373532,0.46140079561923103,0.40869319493695316,cnn,0-1-0,3-0-2
51,"[[103294  93866]
 [ 40703  57776]]","(array([0.        , 0.47609048, 1.        ]), array([0.        , 0.58668346, 1.        ]), array([2, 1, 0]))",0.5866834553559642,0.10428510167646979,0.5448198647675037,0.38100262460268264,0.555296485235296,15.7216187840546,0.4619843995506175,0.40973154981157284,cnn,0-1-0,3-0-3
52,"[[123115 112889]
 [ 48969  69325]]","(array([0.        , 0.47833511, 1.        ]), array([0.        , 0.58603987, 1.        ]), array([2, 1, 0]))",0.5860398667726173,0.10162833154388112,0.5431585840168446,0.38045924023401057,0.5538523769042151,15.77899828811269,0.46138538741065127,0.40916602726789825,cnn,0-1-0,3-1-0
53,"[[110639 101494]
 [ 43956  62683]]","(array([0.        , 0.47844513, 1.        ]), array([0.        , 0.58780559, 1.        ]), array([2, 1, 0]))",0.5878055870741473,0.10324489816313531,0.5437177669305961,0.3818013485445586,0.5546802303338003,15.759684605239293,0.46291947300011815,0.4105799852491724,cnn,0-1-0,3-1-1
54,"[[66973 61198]
 [26201 37353]]","(array([0.       , 0.4774715, 1.       ]), array([0.        , 0.58773641, 1.        ]), array([2, 1, 0]))",0.5877364131289927,0.10385460815434988,0.5441439561872473,0.3790220292031537,0.5551324551074586,15.744965194431252,0.4608494494309244,0.40799942327605415,cnn,0-1-0,3-1-2
55,"[[153999 138930]
 [ 60492  86229]]","(array([0.        , 0.47427875, 1.        ]), array([0.        , 0.58770728, 1.        ]), array([2, 1, 0]))",0.5877072811662952,0.10700410499136503,0.5464073694984647,0.3829693683130588,0.5567142655127381,15.666787113151035,0.46374636979670864,0.4116504687513427,cnn,0-1-0,3-1-3
56,"[[36626 32801]
 [14221 20303]]","(array([0.        , 0.47245308, 1.        ]), array([0.        , 0.58808365, 1.        ]), array([2, 1, 0]))",0.5880836519522651,0.10894345443157309,0.5476522592375254,0.38232524856884603,0.5578152858692578,15.623789778230105,0.4633906970374766,0.4110917631813396,cnn,0-1-0,3-2-0
57,"[[38379 34307]
 [15234 21209]]","(array([0.       , 0.4719891, 1.       ]), array([0.        , 0.58197733, 1.        ]), array([2, 1, 0]))",0.5819773344675246,0.10376108940159535,0.5460326769236409,0.38203400821384825,0.5549941153255544,15.679727232626595,0.4612707837188312,0.4102209998181867,cnn,0-1-0,3-2-1
58,"[[137812 126577]
 [ 53918  77554]]","(array([0.       , 0.4787529, 1.       ]), array([0.        , 0.58988986, 1.        ]), array([2, 1, 0]))",0.5898898624802239,0.10473632664299959,0.5440445004685989,0.3799226966996683,0.5555684821442721,15.74840071652253,0.462177036558076,0.409041810302997,cnn,0-1-0,3-2-2
59,"[[111704 100970]
 [ 43521  62600]]","(array([0.        , 0.47476419, 1.        ]), array([0.        , 0.58989267, 1.        ]), array([2, 1, 0]))",0.5898926696883746,0.10854453526709441,0.5467588889411691,0.3827107660328911,0.5575642383020618,15.654646639469146,0.4642349948644931,0.4116249189572344,cnn,0-1-0,3-2-3
60,"[[35934 32500]
 [14317 19992]]","(array([0.        , 0.47491013, 1.        ]), array([0.        , 0.58270425, 1.        ]), array([2, 1, 0]))",0.5827042466991168,0.10169886984794545,0.5443290540474777,0.380858035510173,0.5538970571543923,15.738569843171941,0.46063985437955784,0.4092075799195176,cnn,0-1-0,3-3-0
61,"[[117916 107050]
 [ 46334  66231]]","(array([0.        , 0.47584968, 1.        ]), array([0.        , 0.58838005, 1.        ]), array([2, 1, 0]))",0.5883800470839071,0.10614552501246344,0.5455706290681448,0.3822173233072293,0.5562651815658327,15.695688027060866,0.46340337104594786,0.41102087778286656,cnn,0-1-0,3-3-1
62,"[[86803 78040]
 [33981 48320]]","(array([0.        , 0.47342016, 1.        ]), array([0.        , 0.58711316, 1.        ]), array([2, 1, 0]))",0.5871131577988117,0.107191908425503,0.5467379341598421,0.38239949351060465,0.55684649718529,15.655369627090852,0.4631435677965696,0.4110654182709731,cnn,0-1-0,3-3-2
63,"[[55231 50155]
 [21893 30763]]","(array([0.       , 0.4759171, 1.       ]), array([0.        , 0.58422592, 1.        ]), array([2, 1, 0]))",0.5842259191735035,0.10213200361009513,0.5441211829766771,0.38017499196717663,0.5541544072173669,15.745750278467979,0.4606135924655996,0.4087258986841266,cnn,0-1-0,3-3-3
64,"[[204259  51121]
 [ 30276 107363]]","(array([0.        , 0.20017621, 1.        ]), array([0.        , 0.78003328, 1.        ]), array([2, 1, 0]))",0.7800332754524517,0.5638824881000404,0.7928929644622779,0.6774374700285203,0.7899285337243462,7.153327595960435,0.7251243571083638,0.6957392346823057,cnn,1-2-0,0-0-0
65,"[[148323  37196]
 [ 21885  78020]]","(array([0.        , 0.20049698, 1.        ]), array([0.        , 0.78094189, 1.        ]), array([2, 1, 0]))",0.78094189480006,0.5642901064334334,0.7930061942934021,0.6771628940424941,0.7902224553318322,7.149416972692316,0.7253592164409798,0.6956518637799165,cnn,1-2-0,0-0-1
66,"[[233726  58754]
 [ 34355 122836]]","(array([0.        , 0.20088211, 1.        ]), array([0.        , 0.78144423, 1.        ]), array([2, 1, 0]))",0.7814442302676362,0.5641981251645688,0.7929397270448839,0.6764469409108431,0.7902810593351309,7.151712943243289,0.7251646343803224,0.6951268234657648,cnn,1-2-0,0-0-2
67,"[[63491 15923]
 [ 9400 33538]]","(array([0.        , 0.20050621, 1.        ]), array([0.       , 0.7810797, 1.       ]), array([2, 1, 0]))",0.7810796963063021,0.5646225786403163,0.7930315810121616,0.6780695901821637,0.7902867441664484,7.148540004562283,0.7259385924090088,0.6964391025907252,cnn,1-2-0,0-0-3
68,"[[213256  53704]
 [ 31297 112203]]","(array([0.        , 0.20116871, 1.        ]), array([0.        , 0.78190244, 1.        ]), array([2, 1, 0]))",0.7819024390243903,0.564296351223535,0.7929128295083565,0.6763005780346821,0.7903668623051229,7.152642094051052,0.7252777086491257,0.6950756261708181,cnn,1-2-0,0-1-0
69,"[[102548  25856]
 [ 14926  53911]]","(array([0.        , 0.20136444, 1.        ]), array([0.        , 0.78316894, 1.        ]), array([2, 1, 0]))",0.783168935310952,0.5650603135337038,0.7932377142683317,0.6758559303972821,0.7909022459178355,7.141421171705692,0.7255659336222443,0.6948995243680798,cnn,1-2-0,0-1-1
70,"[[252429  63335]
 [ 37206 132546]]","(array([0.        , 0.20057701, 1.        ]), array([0.        , 0.78082143, 1.        ]), array([2, 1, 0]))",0.7808214336208116,0.5639986355486165,0.7929192858731741,0.6766659349298809,0.7901222102042061,7.152418787483744,0.7250220849868584,0.695213138692257,cnn,1-2-0,0-1-2
71,"[[251711  63115]
 [ 37132 132176]]","(array([0.        , 0.20047582, 1.        ]), array([0.        , 0.78068372, 1.        ]), array([2, 1, 0]))",0.7806837243367117,0.5640084875830211,0.7929354269685666,0.676815623863875,0.7901039529740708,7.151861228198016,0.7250486150537988,0.6953176947874319,cnn,1-2-0,0-1-3
72,"[[39333  9934]
 [ 5861 21125]]","(array([0.        , 0.20163598, 1.        ]), array([0.        , 0.78281331, 1.        ]), array([2, 1, 0]))",0.7828133106054992,0.5656162200245378,0.792860608762934,0.6801571203193921,0.7905886635435599,7.154445285542678,0.7278835386338186,0.6984764121622514,cnn,1-2-0,0-2-0
73,"[[101863  25396]
 [ 15131  53578]]","(array([0.        , 0.19956152, 1.        ]), array([0.       , 0.7797814, 1.       ]), array([2, 1, 0]))",0.7797813969057911,0.5644426263592267,0.7931958278902678,0.6784258110264137,0.7901099363849868,7.142866679931838,0.7255811433949744,0.6965328063857724,cnn,1-2-0,0-2-1
74,"[[86635 21554]
 [12791 45246]]","(array([0.        , 0.19922543, 1.        ]), array([0.        , 0.77960611, 1.        ]), array([2, 1, 0]))",0.7796061133414891,0.5643113243742413,0.793383706520039,0.6773353293413173,0.7901903418845834,7.136377641320961,0.7248812451436674,0.695585065659811,cnn,1-2-0,0-2-2
75,"[[221174  55602]
 [ 32576 116545]]","(array([0.       , 0.2008917, 1.       ]), array([0.        , 0.78154653, 1.        ]), array([2, 1, 0]))",0.7815465293285319,0.5644154699581956,0.7929593305423612,0.6770086031124563,0.7903274167583781,7.1510357766472845,0.7255313320965674,0.6956174518836493,cnn,1-2-0,0-2-3
76,"[[206184  51591]
 [ 30367 107827]]","(array([0.        , 0.20013966, 1.        ]), array([0.        , 0.78025819, 1.        ]), array([2, 1, 0]))",0.780258187765026,0.5638332170743765,0.7930191504890535,0.6763790788994969,0.7900592655438455,7.148969459238253,0.7246145988737013,0.6948815903777199,cnn,1-2-0,0-3-0
77,"[[131569  33179]
 [ 19204  69100]]","(array([0.        , 0.20139243, 1.        ]), array([0.        , 0.78252401, 1.        ]), array([2, 1, 0]))",0.7825240079724588,0.5644425101063941,0.7929951156284084,0.6756030074599869,0.7905657891611632,7.149800253456772,0.725143375851991,0.6945840537171807,cnn,1-2-0,0-3-1
78,"[[73138 25492]
 [11684 41214]]","(array([0.        , 0.25846091, 1.        ]), array([0.        , 0.77912208, 1.        ]), array([2, 1, 0]))",0.7791220840107377,0.4999684833634771,0.7546592048994245,0.6178454711720085,0.7603305847408448,8.473905381149951,0.689174275107856,0.6445286842944808,cnn,1-2-0,0-3-2
79,"[[210372  52632]
 [ 31007 110259]]","(array([0.        , 0.20011863, 1.        ]), array([0.        , 0.78050628, 1.        ]), array([2, 1, 0]))",0.7805062789347755,0.5641828450251002,0.7931110396517179,0.6768882258688326,0.7901938247801588,7.145795639809731,0.7250137264636356,0.6953508318302789,cnn,1-2-0,0-3-3
80,"[[ 22959  10416]
 [  6955 197316]]","(array([0.        , 0.31208989, 1.        ]), array([0.        , 0.96595209, 1.        ]), array([2, 1, 0]))",0.9659520930528562,0.6848749532078396,0.9269038822450199,0.9498584714921149,0.8269311027062034,2.5246855127493277,0.95783768564792,0.9530341509217068,cnn,1-2-0,1-0-0
81,"[[ 42749  19550]
 [ 14885 366628]]","(array([0.        , 0.31380921, 1.        ]), array([0.        , 0.96098429, 1.        ]), array([2, 1, 0]))",0.960984291492033,0.6687808816822024,0.9224108406262111,0.9493756765015097,0.8235875405356599,2.6798698486938384,0.955144713172357,0.951674908175317,cnn,1-2-0,1-0-1
82,"[[ 12991   5853]
 [  4182 110617]]","(array([0.        , 0.31060284, 1.        ]), array([0.        , 0.96357111, 1.        ]), array([2, 1, 0]))",0.9635711112466137,0.6790747046089514,0.9249118921305268,0.9497467158925045,0.8264841334199531,2.5934863866172395,0.956608970506207,0.9524797693734403,cnn,1-2-0,1-0-2
83,"[[ 15713   7231]
 [  4791 133158]]","(array([0.        , 0.31515865, 1.        ]), array([0.        , 0.96526977, 1.        ]), array([2, 1, 0]))",0.9652697736119871,0.6817036312432905,0.9252795336030778,0.9484931155574867,0.8250555632355612,2.5807894172439703,0.9568079098075003,0.9518016311534586,cnn,1-2-0,1-0-3
84,"[[ 25722  11682]
 [  8303 218533]]","(array([0.        , 0.31231954, 1.        ]), array([0.        , 0.96339646, 1.        ]), array([2, 1, 0]))",0.963396462642614,0.6776125519484033,0.9243679987889797,0.9492561301392177,0.8255384623126448,2.612272128176922,0.9562740263121621,0.9520508915252819,cnn,1-2-0,1-1-0
85,"[[ 21499   9858]
 [  6665 185485]]","(array([0.        , 0.31437956, 1.        ]), array([0.        , 0.96531356, 1.        ]), array([2, 1, 0]))",0.9653135571168358,0.6812057491988348,0.9260739037256104,0.9495349206267949,0.8254669963726221,2.553352176014962,0.9573592297151174,0.9526492467555947,cnn,1-2-0,1-1-1
86,"[[ 14301   6457]
 [  4957 121929]]","(array([0.       , 0.3110608, 1.       ]), array([0.        , 0.96093344, 1.        ]), array([2, 1, 0]))",0.9609334363129108,0.670754253754786,0.9226924223131315,0.9497063542753883,0.8249363202375808,2.670144108613404,0.9552869096493153,0.9519307340380683,cnn,1-2-0,1-1-2
87,"[[ 16938   7625]
 [  5406 145659]]","(array([0.        , 0.31042625, 1.        ]), array([0.        , 0.96421408, 1.        ]), array([2, 1, 0]))",0.9642140800317744,0.6805038543144025,0.9258034026465028,0.9502557344536938,0.8268939145833261,2.5626944002806296,0.9571840222901997,0.9530149790434715,cnn,1-2-0,1-1-3
88,"[[ 20069   9021]
 [  6472 171306]]","(array([0.        , 0.31010657, 1.        ]), array([0.        , 0.96359505, 1.        ]), array([2, 1, 0]))",0.9635950455061931,0.6792971377532008,0.9251068314094012,0.9499742135121196,0.8267442398380054,2.586753271916242,0.956736152804345,0.9526674867587749,cnn,1-2-0,1-2-0
89,"[[ 27999  13226]
 [  8300 240680]]","(array([0.        , 0.32082474, 1.        ]), array([0.        , 0.96666399, 1.        ]), array([2, 1, 0]))",0.9666639890754277,0.681558571782188,0.9258248479523096,0.947909856403551,0.8229196234036933,2.5619554320306666,0.9571950700556389,0.951602240701437,cnn,1-2-0,1-2-1
90,"[[ 41831  19040]
 [ 11600 355269]]","(array([0.        , 0.31279263, 1.        ]), array([0.        , 0.96838108, 1.        ]), array([2, 1, 0]))",0.9683810842562331,0.6927559087110675,0.9283677000046757,0.9491329356227074,0.8277942286126494,2.4741275846896116,0.9586604027642484,0.9529211069118959,cnn,1-2-0,1-2-2
91,"[[ 44981  20724]
 [ 15109 383475]]","(array([0.        , 0.31540979, 1.        ]), array([0.        , 0.96209331, 1.        ]), array([2, 1, 0]))",0.9620933103185276,0.671509587079222,0.9228217769535785,0.9487282254533039,0.8233417620765457,2.665677079181238,0.955364027389718,0.9513714535224125,cnn,1-2-0,1-2-3
92,"[[ 19852  16365]
 [  2638 217281]]","(array([0.        , 0.45185962, 1.        ]), array([0.        , 0.98800467, 1.        ]), array([2, 1, 0]))",0.9880046744483196,0.660079143824631,0.9258089452478371,0.929958141804268,0.7680725252574039,2.5625193383375744,0.9581030282318962,0.941015311350425,cnn,1-2-0,1-3-0
93,"[[ 8669  3961]
 [ 2727 73852]]","(array([0.        , 0.31361837, 1.        ]), array([0.        , 0.96438972, 1.        ]), array([2, 1, 0]))",0.9643897151960721,0.6796458090328359,0.9250299857637683,0.9490959094238752,0.8253856731166426,2.589408061233549,0.9566816933519872,0.9521157411346695,cnn,1-2-0,1-3-1
94,"[[ 50973  19337]
 [ 16437 412834]]","(array([0.        , 0.27502489, 1.        ]), array([0.       , 0.9617095, 1.       ]), array([2, 1, 0]))",0.9617095028548399,0.6989428490907375,0.9283919924897064,0.9552561370383482,0.8433423065404906,2.4732839090498686,0.9584719574852398,0.9565398722401532,cnn,1-2-0,1-3-2
95,"[[ 40813  15122]
 [ 13868 327126]]","(array([0.        , 0.27034951, 1.        ]), array([0.        , 0.95933066, 1.        ]), array([2, 1, 0]))",0.9593306627096078,0.6955587948274887,0.9269642681688665,0.9558156658329632,0.8444905749411094,2.522595273212087,0.9575699386161857,0.9565166030599082,cnn,1-2-0,1-3-3
96,"[[117513  74359]
 [  9318 182524]]","(array([0.        , 0.38754482, 1.        ]), array([0.        , 0.95142878, 1.        ]), array([2, 1, 0]))",0.951428779933487,0.5993589531420591,0.7819287281673329,0.7105335892215522,0.7819419791928943,7.532069848017673,0.813522758928074,0.7484332124516351,cnn,1-2-0,2-0-0
97,"[[126772  77620]
 [ 17184 187386]]","(array([0.        , 0.37976046, 1.        ]), array([0.        , 0.91599941, 1.        ]), array([2, 1, 0]))",0.9159994134037249,0.5613949982126154,0.768183841041466,0.707100971298763,0.7681194765558684,8.006798240657186,0.7981072286488236,0.740893915359396,cnn,1-2-0,2-0-1
98,"[[62144 39656]
 [ 5161 97276]]","(array([0.        , 0.38954813, 1.        ]), array([0.        , 0.94961781, 1.        ]), array([2, 1, 0]))",0.9496178138758457,0.5957557422865295,0.7805637568119391,0.7103964011334093,0.7800348401402805,7.579214591510864,0.812770241760629,0.7480870240631226,cnn,1-2-0,2-0-2
99,"[[151873  96803]
 [ 12117 236236]]","(array([0.        , 0.38927359, 1.        ]), array([0.        , 0.95121058, 1.        ]), array([2, 1, 0]))",0.951210575269878,0.597562075215619,0.780857857388603,0.7093343422241839,0.7809684911608119,7.569057194577594,0.8126565209015604,0.7473415209910225,cnn,1-2-0,2-0-3
100,"[[23610 14757]
 [ 2650 36001]]","(array([0.        , 0.38462741, 1.        ]), array([0.        , 0.93143774, 1.        ]), array([2, 1, 0]))",0.9314377377040698,0.5767616585997835,0.773987898932717,0.709267504629812,0.7734051617600026,7.806334627820609,0.8053104273618986,0.7447979377945491,cnn,1-2-0,2-1-0
101,"[[134909  83385]
 [ 18980 199289]]","(array([0.        , 0.38198485, 1.        ]), array([0.        , 0.91304308, 1.        ]), array([2, 1, 0]))",0.9130430798693355,0.5557920809103517,0.7655206694108296,0.7050135491767903,0.7655291168721924,8.098781894243785,0.7956553939270536,0.7386737239290865,cnn,1-2-0,2-1-1
102,"[[40259 25668]
 [ 3107 62664]]","(array([0.        , 0.38933972, 1.        ]), array([0.        , 0.95276034, 1.        ]), array([2, 1, 0]))",0.9527603351020967,0.5994430024849058,0.7815076918404228,0.7094144817280261,0.7817103054308245,7.546612817433773,0.8132742386585595,0.7476037881264332,cnn,1-2-0,2-1-2
103,"[[106907  67895]
 [  8258 166898]]","(array([0.        , 0.38841089, 1.        ]), array([0.        , 0.95285346, 1.        ]), array([2, 1, 0]))",0.9528534563474845,0.6006239407910507,0.782393887266472,0.7108303910252861,0.7822212843001022,7.516003998963183,0.8142378686129251,0.7488728632862138,cnn,1-2-0,2-1-3
104,"[[123105  75660]
 [ 17372 181630]]","(array([0.        , 0.38065052, 1.        ]), array([0.        , 0.91270439, 1.        ]), array([2, 1, 0]))",0.9127043949307042,0.5565961841535478,0.7661143332654544,0.7059349372303626,0.7660269389942933,8.078276838231677,0.7961130153498198,0.7394382825718432,cnn,1-2-0,2-2-0
105,"[[ 99870  63492]
 [  7637 155867]]","(array([0.        , 0.38865832, 1.        ]), array([0.        , 0.95329166, 1.        ]), array([2, 1, 0]))",0.9532916625892944,0.6009109723783608,0.7823909491963067,0.7105566673808688,0.7823166727388019,7.516105664809557,0.8142181406926237,0.7486838818759967,cnn,1-2-0,2-2-1
106,"[[134588  82805]
 [ 17103 199798]]","(array([0.        , 0.38090003, 1.        ]), array([0.        , 0.92114836, 1.        ]), array([2, 1, 0]))",0.9211483580066482,0.5666027737588282,0.7699530732637337,0.706991787065247,0.7701241645134371,7.945691818740171,0.7999855857010155,0.741468389305232,cnn,1-2-0,2-2-2
107,"[[129519  80053]
 [ 17726 192889]]","(array([0.        , 0.38198328, 1.        ]), array([0.        , 0.91583695, 1.        ]), array([2, 1, 0]))",0.9158369536832609,0.5594716064776062,0.7672964656212591,0.7067032556367286,0.7669268367370363,8.037447677560353,0.7977921940950085,0.7405233329980505,cnn,1-2-0,2-2-3
108,"[[36689 23548]
 [ 2928 57115]]","(array([0.        , 0.39092252, 1.        ]), array([0.        , 0.95123495, 1.        ]), array([2, 1, 0]))",0.9512349482870609,0.5960945272931312,0.7798802793481876,0.708069375054238,0.7801562127925336,7.602822354106596,0.8118346054894603,0.7462208808581245,cnn,1-2-0,2-3-0
109,"[[24061 14548]
 [ 2719 35829]]","(array([0.        , 0.37680334, 1.        ]), array([0.        , 0.92946456, 1.        ]), array([2, 1, 0]))",0.9294645636608904,0.5804739868697032,0.7762095467682777,0.7112174206483117,0.7763306138255758,7.729599188075449,0.8058251335394996,0.7462633718798947,cnn,1-2-0,2-3-1
110,"[[128289  82841]
 [ 10064 202113]]","(array([0.        , 0.39236963, 1.        ]), array([0.       , 0.9525679, 1.       ]), array([2, 1, 0]))",0.9525679032128835,0.5971510807946447,0.7805257177414973,0.7092829018016943,0.7800991365635772,7.580529640237207,0.813117669185788,0.747463189528348,cnn,1-2-0,2-3-2
111,"[[128568  82856]
 [ 10149 201022]]","(array([0.        , 0.39189496, 1.        ]), array([0.        , 0.95193942, 1.        ]), array([2, 1, 0]))",0.951939423500386,0.5963292015988604,0.7799193080845727,0.7081281395529065,0.7800222318046808,7.6014745798065375,0.8121297083723025,0.7463597594979665,cnn,1-2-0,2-3-3
112,"[[45697 28214]
 [ 5484 31111]]","(array([0.        , 0.38172938, 1.        ]), array([0.        , 0.85014346, 1.        ]), array([2, 1, 0]))",0.850143462221615,0.44210161715084173,0.6950572819575408,0.5244163506110409,0.7342070424988282,10.53255250210482,0.6486864053377814,0.567936618047062,cnn,1-2-0,3-0-0
113,"[[158985  98929]
 [ 18333 111302]]","(array([0.        , 0.38357359, 1.        ]), array([0.        , 0.85857986, 1.        ]), array([2, 1, 0]))",0.8585798588344197,0.44985561088746,0.697426647985158,0.5294271539401896,0.7375031322677724,10.450717460228741,0.6549757845739202,0.5733912106322233,cnn,1-2-0,3-0-1
114,"[[49628 31277]
 [ 5792 34565]]","(array([0.        , 0.38658921, 1.        ]), array([0.        , 0.85648091, 1.        ]), array([2, 1, 0]))",0.8564809078970191,0.444488084173977,0.6943065428576141,0.5249688648582972,0.7349458491651217,10.558484201083342,0.650947749037185,0.5690180261749939,cnn,1-2-0,3-0-2
115,"[[120979  76181]
 [ 14190  84289]]","(array([0.        , 0.38639176, 1.        ]), array([0.        , 0.85590837, 1.        ]), array([2, 1, 0]))",0.8559083662506727,0.444218557525752,0.694319761601142,0.5252632890883031,0.7347583016077872,10.558027444675107,0.6510084997431927,0.5692441099520639,cnn,1-2-0,3-0-3
116,"[[148416  87588]
 [ 19758  98536]]","(array([0.       , 0.3711293, 1.       ]), array([0.        , 0.83297547, 1.        ]), array([2, 1, 0]))",0.8329754679020068,0.43617198391441564,0.6970177647065464,0.5294105005265307,0.7309230825044177,10.464833349405863,0.6473730199922475,0.5710311895130913,cnn,1-2-0,3-1-0
117,"[[136462  75671]
 [ 18102  88537]]","(array([0.        , 0.35671489, 1.        ]), array([0.        , 0.83024972, 1.        ]), array([2, 1, 0]))",0.8302497210213899,0.44705684309632876,0.7058304995419924,0.5391759232193316,0.7367674149458843,10.160444409223834,0.6537787016285947,0.5798321088816734,cnn,1-2-0,3-1-1
118,"[[78631 49540]
 [ 9141 54413]]","(array([0.        , 0.38651489, 1.        ]), array([0.        , 0.85616956, 1.        ]), array([2, 1, 0]))",0.8561695565975391,0.4437603159138066,0.6939314121789021,0.5234384770040307,0.7348273331668754,10.571441124978202,0.6496803118675638,0.5675517245695356,cnn,1-2-0,3-1-2
119,"[[180216 112713]
 [ 20944 125777]]","(array([0.        , 0.38477925, 1.        ]), array([0.        , 0.85725288, 1.        ]), array([2, 1, 0]))",0.8572528813189659,0.44719712405221484,0.6959922665756852,0.527388989056145,0.7362368172353768,10.500260119730985,0.6530291191061522,0.5713599126359045,cnn,1-2-0,3-1-3
120,"[[42686 26741]
 [ 4724 29800]]","(array([0.        , 0.38516715, 1.        ]), array([0.        , 0.86316765, 1.        ]), array([2, 1, 0]))",0.8631676514888194,0.45199786351205745,0.6973093091937548,0.5270511664102155,0.7390002487498686,10.454771779980428,0.6544775709657936,0.5715644755416436,cnn,1-2-0,3-2-0
121,"[[44723 27963]
 [ 5224 31219]]","(array([0.        , 0.38470957, 1.        ]), array([0.        , 0.85665286, 1.        ]), array([2, 1, 0]))",0.856652855143649,0.4467584045993208,0.6958920177038184,0.5275083640296035,0.7359716412305757,10.503722487705753,0.6529464052287581,0.5714186352138403,cnn,1-2-0,3-2-1
122,"[[162965 101424]
 [ 21051 110421]]","(array([0.        , 0.38361656, 1.        ]), array([0.        , 0.83988226, 1.        ]), array([2, 1, 0]))",0.8398822562979189,0.4308431943911429,0.690611098340074,0.5212348651136444,0.7281328456561175,10.686118959272186,0.6432597278899675,0.5640331735543268,cnn,1-2-0,3-2-2
123,"[[130673  82001]
 [ 14883  91238]]","(array([0.        , 0.38557134, 1.        ]), array([0.        , 0.85975443, 1.        ]), array([2, 1, 0]))",0.8597544312624269,0.4486069900295284,0.6960931005818787,0.5266597013374587,0.737091543663789,10.496778117703851,0.6531930126002291,0.5708961714578195,cnn,1-2-0,3-2-3
124,"[[42274 26160]
 [ 5098 29211]]","(array([0.        , 0.38226613, 1.        ]), array([0.        , 0.85140925, 1.        ]), array([2, 1, 0]))",0.8514092512168818,0.44385723807761734,0.6957651616168498,0.5275505228368641,0.7345715630956549,10.50810264466574,0.6514495985727029,0.5709890419206156,cnn,1-2-0,3-3-0
125,"[[138244  86722]
 [ 16032  96533]]","(array([0.        , 0.38548936, 1.        ]), array([0.        , 0.85757562, 1.        ]), array([2, 1, 0]))",0.8575756229733932,0.4467909731772409,0.6955716660099369,0.5267687102671141,0.7360431300681711,10.514787596905155,0.652646879859374,0.5708060100403862,cnn,1-2-0,3-3-1
126,"[[101563  63280]
 [ 11763  70538]]","(array([0.        , 0.38388042, 1.        ]), array([0.        , 0.85707343, 1.        ]), array([2, 1, 0]))",0.8570734255962869,0.44756290135123633,0.6963592075874794,0.5271189227159276,0.7365965030227815,10.487586166480536,0.6527700017120198,0.5710903812180909,cnn,1-2-0,3-3-2
127,"[[64793 40593]
 [ 7473 45183]]","(array([0.        , 0.38518399, 1.        ]), array([0.        , 0.85807885, 1.        ]), array([2, 1, 0]))",0.8580788514129444,0.44743513501913623,0.69586565596487,0.5267557358701734,0.7364474305648026,10.504633478798427,0.6527825936199723,0.5708383869011522,cnn,1-2-0,3-3-3
128,"[[237857  17523]
 [128634   9005]]","(array([0.       , 0.0686154, 1.       ]), array([0.        , 0.06542477, 1.        ]), array([2, 1, 0]))",0.06542477059554341,-0.006066751320734196,0.6281172157071286,0.33945265379975875,0.4984046869658742,12.844411982364036,0.10970536100434314,0.18471719090383218,cnn,3-0-0,0-0-0
129,"[[172847  12672]
 [ 93373   6532]]","(array([0.        , 0.06830567, 1.        ]), array([0.        , 0.06538211, 1.        ]), array([2, 1, 0]))",0.065382113007357,-0.005566516642413973,0.6284650204607881,0.3401374713601333,0.4985382204060282,12.832399081005585,0.10968104845141846,0.18481108640172927,cnn,3-0-0,0-0-1
130,"[[272357  20123]
 [146818  10373]]","(array([0.        , 0.06880129, 1.        ]), array([0.        , 0.06598978, 1.        ]), array([2, 1, 0]))",0.06598978313007742,-0.005331890997470374,0.6287485739574045,0.34014296956977963,0.4985942487860452,12.822605772758022,0.11053509300058074,0.1857795289692845,cnn,3-0-0,0-0-2
131,"[[73977  5437]
 [40044  2894]]","(array([0.      , 0.068464, 1.      ]), array([0.        , 0.06739951, 1.        ]), array([2, 1, 0]))",0.06739950626484699,-0.0020168382450256013,0.6282774290571466,0.34737726563437765,0.4994677537368509,12.838878290736243,0.11289473170922,0.18974063098266505,cnn,3-0-0,0-0-3
132,"[[248616  18344]
 [134002   9498]]","(array([0.        , 0.06871441, 1.        ]), array([0.        , 0.06618815, 1.        ]), array([2, 1, 0]))",0.06618815331010452,-0.004790648680013812,0.6288408127466745,0.3411392859708354,0.4987368695828317,12.819419910525564,0.1108659873235984,0.18633174819906775,cnn,3-0-0,0-1-0
133,"[[119515   8889]
 [ 64356   4481]]","(array([0.        , 0.06922682, 1.        ]), array([0.        , 0.06509581, 1.        ]), array([2, 1, 0]))",0.06509580603454537,-0.007833107686739121,0.6286522578976987,0.33515332834704564,0.49793449533526907,12.825932664439899,0.10901748026323792,0.18317159511760422,cnn,3-0-0,0-1-1
134,"[[294048  21716]
 [158530  11222]]","(array([0.        , 0.06877288, 1.        ]), array([0.       , 0.0661082, 1.       ]), array([2, 1, 0]))",0.06610820491069325,-0.005052866828171362,0.6287537382908082,0.3407007104256482,0.49866766194914575,12.822427384751204,0.11073067245547388,0.18610035024410954,cnn,3-0-0,0-1-2
135,"[[293201  21625]
 [158116  11192]]","(array([0.        , 0.06868874, 1.        ]), array([0.        , 0.06610438, 1.        ]), array([2, 1, 0]))",0.06610437782030383,-0.004902712825243339,0.6287370851871589,0.34104275223207486,0.4987078209100503,12.823002514370128,0.11074335188620904,0.18617587565208135,cnn,3-0-0,0-1-3
136,"[[45853  3414]
 [25292  1694]]","(array([0.        , 0.06929588, 1.        ]), array([0.        , 0.06277329, 1.        ]), array([2, 1, 0]))",0.06277328985399837,-0.012475834606040372,0.6235426802879886,0.331636648394675,0.49673870614444693,13.002410987343879,0.10556490309715211,0.1786241511662238,cnn,3-0-0,0-2-0
137,"[[118571   8688]
 [ 64273   4436]]","(array([0.        , 0.06827022, 1.        ]), array([0.        , 0.06456214, 1.        ]), array([2, 1, 0]))",0.0645621388755476,-0.00707826623157528,0.6276892145656434,0.3380067052727827,0.49814595915087856,12.859194416698399,0.10841592022778097,0.18299575100037124,cnn,3-0-0,0-2-1
138,"[[100787   7402]
 [ 54203   3834]]","(array([0.        , 0.06841731, 1.        ]), array([0.        , 0.06606131, 1.        ]), array([2, 1, 0]))",0.06606130571876562,-0.004473647930054042,0.6293901074440822,0.3412246351014596,0.4988219994842707,12.80044781459369,0.11069247758867092,0.18615084335945467,cnn,3-0-0,0-2-2
139,"[[257722  19054]
 [139248   9873]]","(array([0.        , 0.06884267, 1.        ]), array([0.        , 0.06620798, 1.        ]), array([2, 1, 0]))",0.06620797875550727,-0.004994977087393779,0.6283091921286132,0.3413074290455284,0.49868265226759956,12.837781473916428,0.11090267792954708,0.18640330175320677,cnn,3-0-0,0-2-3
140,"[[240124  17651]
 [129032   9162]]","(array([0.        , 0.06847444, 1.        ]), array([0.       , 0.0662981, 1.       ]), array([2, 1, 0]))",0.06629810266726487,-0.004128711007009729,0.6295593846993073,0.3416999216797822,0.49891182894977054,12.794601222896043,0.1110498342494561,0.1866398311644924,cnn,3-0-0,0-3-0
141,"[[153440  11308]
 [ 82506   5798]]","(array([0.        , 0.06863816, 1.        ]), array([0.        , 0.06565954, 1.        ]), array([2, 1, 0]))",0.06565953977169778,-0.005655034040099828,0.6292698733857073,0.33894539927510814,0.4985106886223434,12.80460067717264,0.11000853808936532,0.18497013934970138,cnn,3-0-0,0-3-1
142,"[[91755  6875]
 [49433  3465]]","(array([0.        , 0.06970496, 1.        ]), array([0.        , 0.06550342, 1.        ]), array([2, 1, 0]))",0.06550342167945858,-0.007942790258189138,0.6283987117892402,0.3351063829787234,0.49789923187795293,12.834690080229155,0.10958600841266328,0.18380402724437184,cnn,3-0-0,0-3-2
143,"[[244985  18019]
 [132045   9221]]","(array([0.        , 0.06851227, 1.        ]), array([0.        , 0.06527402, 1.        ]), array([2, 1, 0]))",0.06527402205767842,-0.006159111317236295,0.6288025329606451,0.33850954478707784,0.49838087804226866,12.820741951843994,0.10944417409469098,0.18425343489485507,cnn,3-0-0,0-3-3
144,"[[ 30738   2637]
 [ 74299 129972]]","(array([0.        , 0.07901124, 1.        ]), array([0.       , 0.6362724, 1.       ]), array([2, 1, 0]))",0.6362724028374072,0.38986578256224036,0.6762579635255801,0.9801144718684253,0.7786305834411755,11.181662680025212,0.7716219425314651,0.8845158682304647,cnn,3-0-0,1-0-0
145,"[[ 57524   4775]
 [141114 240399]]","(array([0.       , 0.0766465, 1.       ]), array([0.        , 0.63012007, 1.        ]), array([2, 1, 0]))",0.6301200745452973,0.38665508792334335,0.6712819842636071,0.9805240359907658,0.7767367897084821,11.353526645414844,0.7672059576790328,0.8823866234916962,cnn,3-0-0,1-0-1
146,"[[17355  1489]
 [41835 72964]]","(array([0.        , 0.07901719, 1.        ]), array([0.        , 0.63558045, 1.        ]), array([2, 1, 0]))",0.6355804493070497,0.3899463504115148,0.6758229013117035,0.9800008058775335,0.7782816277526546,11.196689232759546,0.7710777164838417,0.8841741979733938,cnn,3-0-0,1-0-2
147,"[[21120  1824]
 [50420 87529]]","(array([0.        , 0.07949791, 1.        ]), array([0.        , 0.63450261, 1.        ]), array([2, 1, 0]))",0.6345026060355639,0.3905363541676058,0.6752873027415736,0.9795865835506362,0.7775023490428865,11.21518830801481,0.7701560039066969,0.8834869923146957,cnn,3-0-0,1-0-3
148,"[[ 34386   3018]
 [ 83011 143825]]","(array([0.        , 0.08068656, 1.        ]), array([0.        , 0.63404839, 1.        ]), array([2, 1, 0]))",0.6340483873811917,0.3882121194557655,0.6744285498032092,0.9794474370586272,0.776680914896884,11.244848651463883,0.7697783391627574,0.8832202582141172,cnn,3-0-0,1-1-0
149,"[[ 28860   2497]
 [ 70249 121901]]","(array([0.        , 0.07963134, 1.        ]), array([0.        , 0.63440541, 1.        ]), array([2, 1, 0]))",0.6344054124381994,0.38782906700705144,0.6745247352431915,0.979927330021383,0.7773870350770898,11.241526324539969,0.7701896710767404,0.8836709958216261,cnn,3-0-0,1-1-1
150,"[[19109  1649]
 [46835 80051]]","(array([0.        , 0.07943925, 1.        ]), array([0.        , 0.63088914, 1.        ]), array([2, 1, 0]))",0.6308891445864792,0.3855733348417751,0.6716155075722684,0.9798164014687882,0.7757249461250152,11.342007486027283,0.767558704802815,0.8822291188178609,cnn,3-0-0,1-1-2
151,"[[22604  1959]
 [55166 95899]]","(array([0.       , 0.0797541, 1.       ]), array([0.        , 0.63481945, 1.        ]), array([2, 1, 0]))",0.6348194485817363,0.38758104494161183,0.6747386521511376,0.9799811972449877,0.7775326734420305,11.234137882175046,0.7705113629515955,0.8838666388938557,cnn,3-0-0,1-1-3
152,"[[ 26799   2291]
 [ 64781 112997]]","(array([0.        , 0.07875559, 1.        ]), array([0.        , 0.63560733, 1.        ]), array([2, 1, 0]))",0.6356073304908368,0.38972483418561554,0.6757739234681053,0.9801280272014433,0.7784258721893853,11.198380814031953,0.7711368770174636,0.8842674471381841,cnn,3-0-0,1-2-0
153,"[[ 37973   3252]
 [ 90653 158327]]","(array([0.        , 0.07888417, 1.        ]), array([0.        , 0.63590248, 1.        ]), array([2, 1, 0]))",0.6359024821270784,0.3914490059853365,0.6764183938939715,0.9798736221910025,0.7785091549507436,11.176121698988407,0.7712752612900946,0.8842159464579311,cnn,3-0-0,1-2-1
154,"[[ 53342   7529]
 [131963 234906]]","(array([0.       , 0.1236878, 1.       ]), array([0.       , 0.6402994, 1.       ]), array([2, 1, 0]))",0.6402993984228703,0.3642366570016113,0.6738860055173703,0.9689442530987687,0.7583057998176352,11.26359240905207,0.7710633772304137,0.8787386587999931,cnn,3-0-0,1-2-2
155,"[[ 60584   5121]
 [148847 249737]]","(array([0.        , 0.07793927, 1.        ]), array([0.        , 0.62656052, 1.        ]), array([2, 1, 0]))",0.6265605242558657,0.38429271122104103,0.6683789622411903,0.9799064577137072,0.7743106251140071,11.453793690373992,0.7643738847518219,0.8805859736420464,cnn,3-0-0,1-2-3
156,"[[ 18108  18109]
 [ 77290 142629]]","(array([0.        , 0.50001381, 1.        ]), array([0.        , 0.64855242, 1.        ]), array([2, 1, 0]))",0.6485524215733974,0.10705280971198847,0.6275455226910703,0.8873384016225161,0.5742693079510139,12.864178441171674,0.7493833030786246,0.8264792767400921,cnn,3-0-0,1-3-0
157,"[[11615  1015]
 [27710 48869]]","(array([0.        , 0.08036421, 1.        ]), array([0.        , 0.63815145, 1.        ]), array([2, 1, 0]))",0.6381514514423015,0.3916607888259898,0.6780033404701319,0.979652794483201,0.7788936196245553,11.121379721050578,0.7728584645311277,0.8849392463285225,cnn,3-0-0,1-3-1
158,"[[ 64931   5379]
 [157778 271493]]","(array([0.        , 0.07650405, 1.        ]), array([0.       , 0.6324513, 1.       ]), array([2, 1, 0]))",0.6324512953355805,0.3889551275517094,0.6734123195237609,0.9805722499927765,0.7779736209290617,11.27994747858509,0.7689462332700318,0.8833297869086825,cnn,3-0-0,1-3-2
159,"[[ 51690   4245]
 [127635 213359]]","(array([0.        , 0.07589166, 1.        ]), array([0.        , 0.62569723, 1.        ]), array([2, 1, 0]))",0.6256972263441586,0.38438857020124667,0.6677491440534705,0.9804920865425268,0.7749027831908512,11.47554657193582,0.7639089291404552,0.8806225802989904,cnn,3-0-0,1-3-3
160,"[[186937   4935]
 [ 29250 162592]]","(array([0.        , 0.02572027, 1.        ]), array([0.        , 0.84753078, 1.        ]), array([2, 1, 0]))",0.8475307805381512,0.82849929877493,0.9109102091662019,0.970542061876593,0.9109052543451264,3.0770626484135053,0.9048749335641083,0.9431637565984106,cnn,3-0-0,2-0-0
161,"[[201923   2469]
 [ 41517 163053]]","(array([0.        , 0.01207973, 1.        ]), array([0.        , 0.79705235, 1.        ]), array([2, 1, 0]))",0.7970523537175539,0.7996199080940654,0.8924447748201544,0.9850835538478269,0.892486312284821,3.714830699949132,0.881148471190947,0.9406997916133006,cnn,3-0-0,2-0-1
162,"[[99219  2581]
 [16378 86059]]","(array([0.        , 0.02535363, 1.        ]), array([0.        , 0.84011636, 1.        ]), array([2, 1, 0]))",0.8401163642043402,0.8219498370292803,0.9071715702835431,0.9708822202166065,0.9073813648133685,3.2061904818033917,0.900778220298623,0.9415707324118101,cnn,3-0-0,2-0-2
163,"[[242219   6457]
 [ 37655 210698]]","(array([0.        , 0.02596551, 1.        ]), array([0.        , 0.84838113, 1.        ]), array([2, 1, 0]))",0.8483811349168321,0.8290425073716303,0.9112486394154063,0.9702654785752113,0.9112078107790421,3.0653737857004457,0.9052390077077086,0.9431651436516372,cnn,3-0-0,2-0-3
164,"[[37440   927]
 [ 6645 32006]]","(array([0.        , 0.02416139, 1.        ]), array([0.        , 0.82807689, 1.        ]), array([2, 1, 0]))",0.8280768932239787,0.812472412474892,0.9016853203147316,0.9718519418212735,0.9019577522652851,3.3956783620592788,0.8942221725525257,0.9392368956996884,cnn,3-0-0,2-1-0
165,"[[215436   2858]
 [ 44572 173697]]","(array([0.        , 0.01309243, 1.        ]), array([0.        , 0.79579326, 1.        ]), array([2, 1, 0]))",0.7957932642748169,0.7974057387469583,0.8913558867792277,0.9838124097306788,0.8913504146508994,3.7524399677940385,0.879870524588171,0.9394216697007753,cnn,3-0-0,2-1-1
166,"[[64171  1756]
 [ 9810 55961]]","(array([0.        , 0.02663552, 1.        ]), array([0.        , 0.85084612, 1.        ]), array([2, 1, 0]))",0.8508461175898192,0.8305678184568349,0.912177861470941,0.9695756882720862,0.9121052982415703,3.0332798666390106,0.9063390774812128,0.9432508874423119,cnn,3-0-0,2-1-2
167,"[[170287   4515]
 [ 27254 147902]]","(array([0.        , 0.02582922, 1.        ]), array([0.        , 0.84440156, 1.        ]), array([2, 1, 0]))",0.8444015620361278,0.8254626815343066,0.9092205350356328,0.9703773201152103,0.9092861690571024,3.1354219576986804,0.9030170374237193,0.9422622142034395,cnn,3-0-0,2-1-3
168,"[[196201   2564]
 [ 41051 157951]]","(array([0.        , 0.01289966, 1.        ]), array([0.        , 0.79371564, 1.        ]), array([2, 1, 0]))",0.7937156410488336,0.7957646093698925,0.8903503810019433,0.9840264149767934,0.8904079928384561,3.787168826553838,0.8786844572023019,0.9389973628579107,cnn,3-0-0,2-2-0
169,"[[159045   4317]
 [ 25572 137932]]","(array([0.        , 0.02642597, 1.        ]), array([0.        , 0.84360016, 1.        ]), array([2, 1, 0]))",0.8436001565710931,0.8241265265149648,0.9085588589819682,0.9696518077455729,0.9085870911771616,3.1582756833980636,0.9022446222931582,0.9415153583617746,cnn,3-0-0,2-2-1
170,"[[214878   2515]
 [ 42240 174661]]","(array([0.        , 0.01156891, 1.        ]), array([0.        , 0.80525678, 1.        ]), array([2, 1, 0]))",0.8052567761328902,0.8074852706505726,0.8969476898138128,0.9858050751794826,0.8968439331851932,3.55930532897476,0.8864308244327885,0.9434964158577365,cnn,3-0-0,2-2-2
171,"[[207162   2410]
 [ 42626 167989]]","(array([0.        , 0.01149963, 1.        ]), array([0.        , 0.79761176, 1.        ]), array([2, 1, 0]))",0.7976117560477649,0.8005278928045856,0.8928191495691205,0.9858567245112941,0.8930560641174446,3.701900012972807,0.881799618911641,0.9414196865987977,cnn,3-0-0,2-2-3
172,"[[58751  1486]
 [ 9929 50114]]","(array([0.        , 0.02466922, 1.        ]), array([0.        , 0.83463518, 1.        ]), array([2, 1, 0]))",0.8346351781223457,0.81825681193556,0.9050964416361822,0.9712015503875969,0.9049829774437285,3.277862660040628,0.8977544494504806,0.9404262825444841,cnn,3-0-0,2-3-0
173,"[[37690   919]
 [ 6590 31958]]","(array([0.        , 0.02380274, 1.        ]), array([0.        , 0.82904431, 1.        ]), array([2, 1, 0]))",0.8290443083947286,0.8141819887826298,0.9026789533030055,0.972047327919214,0.9026207840505074,3.3613593942146887,0.8948687434371719,0.939631650750341,cnn,3-0-0,2-3-1
174,"[[205754   5376]
 [ 35874 176303]]","(array([0.        , 0.02546298, 1.        ]), array([0.        , 0.83092418, 1.        ]), array([2, 1, 0]))",0.8309241812260518,0.8136596021154765,0.9025529934539235,0.9704093483561667,0.9027305981676131,3.3657105243377745,0.8952662902177445,0.9388876048708428,cnn,3-0-0,2-3-2
175,"[[206096   5328]
 [ 33580 177591]]","(array([0.        , 0.02520054, 1.        ]), array([0.        , 0.84098195, 1.        ]), array([2, 1, 0]))",0.8409819530143817,0.82323988056768,0.9079307611306333,0.9708723533367228,0.9078907040688678,3.179968935335944,0.9012712832094192,0.9417805858214535,cnn,3-0-0,2-3-3
176,"[[73107   804]
 [ 3990 32605]]","(array([0.        , 0.01087795, 1.        ]), array([0.        , 0.89096871, 1.        ]), array([2, 1, 0]))",0.8909687115726193,0.9018668011846157,0.9566177402132011,0.9759346283935466,0.9400453818852665,1.4983759878516623,0.9315181989600594,0.9576692846778788,cnn,3-0-0,3-0-0
177,"[[251412   6502]
 [ 10583 119052]]","(array([0.        , 0.02520995, 1.        ]), array([0.       , 0.9183631, 1.       ]), array([2, 1, 0]))",0.9183630963860069,0.9004565197435409,0.955915252006843,0.9482135176895997,0.9465765713402542,1.5226466683942947,0.9330496220448374,0.9420891950792196,cnn,3-0-0,3-0-1
178,"[[79001  1904]
 [ 3345 37012]]","(array([0.        , 0.02353377, 1.        ]), array([0.        , 0.91711475, 1.        ]), array([2, 1, 0]))",0.9171147508486756,0.9019774535533877,0.9567135623690851,0.951074108335903,0.946790488334541,1.495073145176505,0.9337857782599371,0.9440825217706267,cnn,3-0-0,3-0-2
179,"[[192401   4759]
 [  8761  89718]]","(array([0.        , 0.02413776, 1.        ]), array([0.        , 0.91103687, 1.        ]), array([2, 1, 0]))",0.9110368708049432,0.8964362733535453,0.9542685504957059,0.9496279517766228,0.9434495573338978,1.5795211800316022,0.9299322125251352,0.9416503808878077,cnn,3-0-0,3-0-3
180,"[[233710   2294]
 [ 17127 101167]]","(array([0.        , 0.00972017, 1.        ]), array([0.        , 0.85521666, 1.        ]), array([2, 1, 0]))",0.8552166635670448,0.8769376461530162,0.9451845621482481,0.9778273938972173,0.9227482446663549,1.8932633281646103,0.9124213659218507,0.9505710924609783,cnn,3-0-0,3-1-0
181,"[[209918   2215]
 [ 16181  90458]]","(array([0.        , 0.01044156, 1.        ]), array([0.        , 0.84826377, 1.        ]), array([2, 1, 0]))",0.8482637684149327,0.8705387025040742,0.9422910418731884,0.9760987558404282,0.9189111029051702,1.9932023567599568,0.9077024965882636,0.9475395480285168,cnn,3-0-0,3-1-1
182,"[[125044   3127]
 [  5715  57839]]","(array([0.        , 0.02439709, 1.        ]), array([0.        , 0.91007647, 1.        ]), array([2, 1, 0]))",0.9100764704031218,0.8952889344334817,0.9538818620419872,0.9487091165567694,0.9428396879482821,1.5928770959706067,0.928991326694507,0.9407224040231869,cnn,3-0-0,3-1-2
183,"[[285609   7320]
 [ 12044 134677]]","(array([0.        , 0.02498899, 1.        ]), array([0.        , 0.91791223, 1.        ]), array([2, 1, 0]))",0.9179122279700929,0.9004233159926307,0.9559558739906744,0.9484496151327141,0.9464616187319305,1.521243532728852,0.9329310953941216,0.9421806637386685,cnn,3-0-0,3-1-3
184,"[[65924  3503]
 [ 2273 32251]]","(array([0.        , 0.05045587, 1.        ]), array([0.        , 0.93416174, 1.        ]), array([2, 1, 0]))",0.9341617425559031,0.876168306428891,0.9444353589672057,0.9020249482575377,0.9418529340201124,1.9191616573847499,0.917812117590142,0.9082741917314409,cnn,3-0-0,3-2-0
185,"[[69905  2781]
 [ 2730 33713]]","(array([0.        , 0.03826046, 1.        ]), array([0.        , 0.92508849, 1.        ]), array([2, 1, 0]))",0.925088494361057,0.8865192151240759,0.9495001328702728,0.9237956924425933,0.9434140157742055,1.744223995389,0.924441641416565,0.9240539636770293,cnn,3-0-0,3-2-1
186,"[[261682   2707]
 [ 17908 113564]]","(array([0.       , 0.0102387, 1.       ]), array([0.        , 0.86378849, 1.        ]), array([2, 1, 0]))",0.8637884872824632,0.8826136969565014,0.9479236398634875,0.9767181842419864,0.9267748929874602,1.798659226070079,0.9167887690065916,0.9518301718531034,cnn,3-0-0,3-2-2
187,"[[204474   8200]
 [  8342  97779]]","(array([0.        , 0.03855666, 1.        ]), array([0.        , 0.92139162, 1.        ]), array([2, 1, 0]))",0.9213916190009518,0.8831314276599734,0.9481108549381264,0.9226261806584324,0.9414174774053443,1.7922081457473933,0.9220084865629421,0.9223790037299282,cnn,3-0-0,3-2-3
188,"[[66752  1682]
 [ 2998 31311]]","(array([0.        , 0.02457843, 1.        ]), array([0.        , 0.91261768, 1.        ]), array([2, 1, 0]))",0.9126176804919992,0.8969931918904924,0.9544494515441442,0.9490194889825114,0.9440196272816836,1.5732732979478858,0.930462690558973,0.9415086510184567,cnn,3-0-0,3-3-0
189,"[[219356   5610]
 [  9259 103306]]","(array([0.       , 0.0249371, 1.       ]), array([0.       , 0.9177453, 1.       ]), array([2, 1, 0]))",0.9177453027139875,0.9003680994260422,0.9559477499844459,0.9484924161739322,0.9464041005537612,1.5215241028453994,0.9328655731191389,0.9421792718006526,cnn,3-0-0,3-3-1
190,"[[160789   4054]
 [  7085  75216]]","(array([0.       , 0.0245931, 1.       ]), array([0.        , 0.91391356, 1.        ]), array([2, 1, 0]))",0.9139135611960972,0.8979454376072196,0.954929110154404,0.948858332282074,0.94466023176067,1.5567065024070676,0.9310581725680971,0.9416572145394999,cnn,3-0-0,3-3-2
191,"[[101283   4103]
 [  3846  48810]]","(array([0.        , 0.03893307, 1.        ]), array([0.        , 0.92695989, 1.        ]), array([2, 1, 0]))",0.9269598906107566,0.8869497562111387,0.9497032434416168,0.9224576191106155,0.9440134127488717,1.7372091868705866,0.9247032746355465,0.9233545711821056,cnn,3-0-0,3-3-3
192,"[[229894  25486]
 [134340   3299]]","(array([0.        , 0.09979638, 1.        ]), array([0.       , 0.0239685, 1.       ]), array([2, 1, 0]))",0.023968497300910354,-0.13884165356836564,0.5933377266747918,0.11460830293555671,0.4620860577192938,14.04566917791023,0.03964572417439793,0.06525462953805498,cnn,2-2-0,0-0-0
193,"[[166949  18570]
 [ 97465   2440]]","(array([0.        , 0.10009756, 1.        ]), array([0.       , 0.0244232, 1.       ]), array([2, 1, 0]))",0.024423202041939842,-0.13822332276664162,0.5934644598912495,0.11613517372679677,0.46216281895552114,14.041292139090404,0.040358929826737784,0.06632417298649053,cnn,2-2-0,0-0-1
194,"[[263169  29311]
 [153387   3804]]","(array([0.       , 0.1002154, 1.       ]), array([0.        , 0.02419986, 1.        ]), array([2, 1, 0]))",0.0241998587705403,-0.13877627843498844,0.5937073994097907,0.1148724143137551,0.46199222971349774,14.032901403020585,0.03997772009290301,0.06566523160631244,cnn,2-2-0,0-0-2
195,"[[71490  7924]
 [41837  1101]]","(array([0.       , 0.0997809, 1.       ]), array([0.        , 0.02564162, 1.        ]), array([2, 1, 0]))",0.025641622804974614,-0.13537156785359847,0.5932963907414672,0.12199445983379502,0.4629303638743436,14.047096804279352,0.0423763062178858,0.06965004175206863,cnn,2-2-0,0-0-3
196,"[[240193  26767]
 [139960   3540]]","(array([0.        , 0.10026596, 1.        ]), array([0.        , 0.02466899, 1.        ]), array([2, 1, 0]))",0.024668989547038327,-0.13784872027359016,0.5938045120109146,0.11680469858448543,0.46220151605011484,14.029547275784946,0.040734838067511665,0.06686108005197788,cnn,2-2-0,0-1-0
197,"[[115716  12688]
 [ 67173   1664]]","(array([0.        , 0.09881312, 1.        ]), array([0.        , 0.02417305, 1.        ]), array([2, 1, 0]))",0.02417304647210076,-0.13696900578269805,0.5951095360498071,0.11594202898550725,0.4626799626927652,13.98447263482824,0.04000528916082655,0.0659036001425799,cnn,2-2-0,0-1-1
198,"[[284113  31651]
 [165625   4127]]","(array([0.        , 0.10023625, 1.        ]), array([0.        , 0.02431194, 1.        ]), array([2, 1, 0]))",0.02431193741458127,-0.13857402052755463,0.593677654289457,0.11535021521605456,0.46203784251177754,14.033928768857596,0.040159587408164256,0.06595517541168046,cnn,2-2-0,0-1-2
199,"[[283280  31546]
 [165179   4129]]","(array([0.        , 0.10020138, 1.        ]), array([0.        , 0.02438751, 1.        ]), array([2, 1, 0]))",0.02438750679235476,-0.13838192361146118,0.593655888658925,0.11573931324456903,0.46209306285600593,14.034680502483475,0.040286267641706876,0.06616817517499553,cnn,2-2-0,0-1-3
200,"[[44316  4951]
 [26368   618]]","(array([0.        , 0.10049323, 1.        ]), array([0.        , 0.02290076, 1.        ]), array([2, 1, 0]))",0.022900763358778626,-0.14259940429731896,0.5892751760586469,0.11097144909319447,0.4612037662978966,14.185984770685542,0.03796651819996928,0.06272583329950063,cnn,2-2-0,0-2-0
201,"[[114640  12619]
 [ 67044   1665]]","(array([0.        , 0.09915998, 1.        ]), array([0.        , 0.02423263, 1.        ]), array([2, 1, 0]))",0.024232633279483037,-0.13753339496502875,0.5934897534291312,0.11656398767852143,0.46253632622648977,14.040417997161478,0.04012386586820575,0.06615280702451429,cnn,2-2-0,0-2-1
202,"[[97403 10786]
 [56661  1376]]","(array([0.       , 0.0996959, 1.       ]), array([0.        , 0.02370901, 1.        ]), array([2, 1, 0]))",0.02370901321570722,-0.13910079522623164,0.5942451842672025,0.11313928630159513,0.4620065553373917,14.014326735681681,0.03920283764725993,0.06448891596756808,cnn,2-2-0,0-2-2
203,"[[249013  27763]
 [145465   3656]]","(array([0.        , 0.10030855, 1.        ]), array([0.      , 0.024517, 1.      ]), array([2, 1, 0]))",0.024517002970741882,-0.13830785077069876,0.5932631598719879,0.11636271046182246,0.4621042251030256,14.048244896209749,0.040500720062036116,0.06652183247997613,cnn,2-2-0,0-2-3
204,"[[231960  25815]
 [134803   3391]]","(array([0.        , 0.10014548, 1.        ]), array([0.        , 0.02453797, 1.        ]), array([2, 1, 0]))",0.02453796836331534,-0.1378799487157612,0.5943672358189657,0.1161062795316031,0.46219624632887907,14.010111469850985,0.04051373954599761,0.06648550298410309,cnn,2-2-0,0-3-0
205,"[[148349  16399]
 [ 86172   2132]]","(array([0.       , 0.0995399, 1.       ]), array([0.        , 0.02414387, 1.        ]), array([2, 1, 0]))",0.0241438666425077,-0.13794580074073595,0.5946643377645702,0.11505045599266095,0.46230198163747016,13.999849620633869,0.039912013853138015,0.06562907873026819,cnn,2-2-0,0-3-1
206,"[[88557 10073]
 [51464  1434]]","(array([0.        , 0.10212917, 1.        ]), array([0.        , 0.02710878, 1.        ]), array([2, 1, 0]))",0.027108775379031343,-0.13499753570047288,0.5938902381078085,0.12461979664552011,0.46248980287759234,14.026587411953782,0.04453070413787749,0.07247841821159251,cnn,2-2-0,0-3-2
207,"[[236651  26353]
 [137823   3443]]","(array([0.    , 0.1002, 1.    ]), array([0.        , 0.02437246, 1.        ]), array([2, 1, 0]))",0.02437246046465533,-0.1383684671960468,0.5938951690701759,0.11555242314404618,0.4620862317532171,14.026416071442194,0.04025441068150729,0.06609713956613553,cnn,2-2-0,0-3-3
208,"[[ 13951  19424]
 [ 53936 150335]]","(array([0.        , 0.58199251, 1.        ]), array([0.       , 0.7359586, 1.       ]), array([2, 1, 0]))",0.7359586040113378,0.1184211777436916,0.6913055553217812,0.8855789678308661,0.5769830473240211,10.661993754202182,0.8038660000534716,0.850978198972724,cnn,2-2-0,1-0-0
209,"[[ 26222  36077]
 [101936 279577]]","(array([0.        , 0.57909437, 1.        ]), array([0.       , 0.7328112, 1.       ]), array([2, 1, 0]))",0.7328112017152758,0.1178251851217954,0.6890282371815093,0.8857071350275935,0.5768584171147207,10.740649179533897,0.8020373884592932,0.8502282971713289,cnn,2-2-0,1-0-1
210,"[[ 7056 11788]
 [28809 85990]]","(array([0.        , 0.62555721, 1.        ]), array([0.        , 0.74904834, 1.        ]), array([2, 1, 0]))",0.7490483366579849,0.09699187899730612,0.6962280104457398,0.8794411830882203,0.5617455650600474,10.491983350857856,0.8090244946537019,0.8498530373919523,cnn,2-2-0,1-0-2
211,"[[  9571  13373]
 [ 36325 101624]]","(array([0.        , 0.58285391, 1.        ]), array([0.        , 0.73667805, 1.        ]), array([2, 1, 0]))",0.7366780476842891,0.11912081999114373,0.6911114840297589,0.8837100098263433,0.5769120712619493,10.668697844472444,0.8035232816490475,0.8497885228711386,cnn,2-2-0,1-0-3
212,"[[ 15731  21673]
 [ 59739 167097]]","(array([0.        , 0.57943001, 1.        ]), array([0.        , 0.73664233, 1.        ]), array([2, 1, 0]))",0.7366423319049886,0.1213243408066207,0.691901301846806,0.885188324415956,0.5786061622095791,10.641417626163992,0.8041125489044914,0.8508721723650496,cnn,2-2-0,1-1-0
213,"[[ 13308  18049]
 [ 50207 141943]]","(array([0.        , 0.57559716, 1.        ]), array([0.        , 0.73870934, 1.        ]), array([2, 1, 0]))",0.7387093416601613,0.12559911273447294,0.6946135915206235,0.8871881094054703,0.581556093160023,10.547737446903417,0.8061691022371658,0.8529018720902565,cnn,2-2-0,1-1-1
214,"[[ 7814 12944]
 [32810 94076]]","(array([0.        , 0.62356682, 1.        ]), array([0.        , 0.74142143, 1.        ]), array([2, 1, 0]))",0.7414214334126696,0.09173232235358272,0.6901059304814283,0.8790506447393011,0.5589273079000914,10.703432074191163,0.8043915076996743,0.8475834555630435,cnn,2-2-0,1-1-2
215,"[[ 10431  14132]
 [ 39662 111403]]","(array([0.        , 0.57533689, 1.        ]), array([0.        , 0.73745077, 1.        ]), array([2, 1, 0]))",0.7374507662264588,0.12452939855562091,0.6937048762156376,0.8874258175010953,0.5810569387049731,10.57912313127012,0.8055169920462761,0.8527414823830191,cnn,2-2-0,1-1-3
216,"[[ 12406  16684]
 [ 47501 130277]]","(array([0.        , 0.57353042, 1.        ]), array([0.        , 0.73280721, 1.        ]), array([2, 1, 0]))",0.7328072089909887,0.12207409621449673,0.689729682696212,0.8864732820272045,0.5796383930826376,10.716421599236554,0.8023489633213134,0.8507919051437915,cnn,2-2-0,1-2-0
217,"[[ 17244  23981]
 [ 66190 182790]]","(array([0.        , 0.58171013, 1.        ]), array([0.        , 0.73415535, 1.        ]), array([2, 1, 0]))",0.7341553538436822,0.11758719938539704,0.6892851604899984,0.8840214536854781,0.5762226132468866,10.73177643890169,0.8021485416378681,0.8493453920956374,cnn,2-2-0,1-2-1
218,"[[ 25844  35027]
 [ 98389 268480]]","(array([0.        , 0.57543001, 1.        ]), array([0.        , 0.73181435, 1.        ]), array([2, 1, 0]))",0.7318143533522865,0.12035140399648953,0.6880908963388974,0.8845924476206479,0.5781921728155199,10.773024264746322,0.8009833287587861,0.8491381791476611,cnn,2-2-0,1-2-2
219,"[[ 30707  34998]
 [113007 285577]]","(array([0.        , 0.53265353, 1.        ]), array([0.        , 0.71647884, 1.        ]), array([2, 1, 0]))",0.7164788350761696,0.13859580282528874,0.6812222559655732,0.8908274194806207,0.5919126539736681,11.01025349435291,0.7941971107919111,0.8494845569355173,cnn,2-2-0,1-2-3
220,"[[  8248  27969]
 [ 49371 170548]]","(array([0.        , 0.77226165, 1.        ]), array([0.        , 0.77550371, 1.        ]), array([2, 1, 0]))",0.7755037081834676,0.002705374334916313,0.6980510353874504,0.8591103028959737,0.5016210315498335,10.429035084185422,0.815168866923496,0.8409772511876384,cnn,2-2-0,1-3-0
221,"[[ 5359  7271]
 [19980 56599]]","(array([0.        , 0.57569279, 1.        ]), array([0.        , 0.73909296, 1.        ]), array([2, 1, 0]))",0.739092962822706,0.12631816999085216,0.6945263370287751,0.886159386253327,0.581700083945003,10.550751711269333,0.8059722746334967,0.8522431254686669,cnn,2-2-0,1-3-1
222,"[[ 29469  40841]
 [115592 313679]]","(array([0.        , 0.58087043, 1.        ]), array([0.        , 0.73072488, 1.        ]), array([2, 1, 0]))",0.730724880087404,0.11480168481455373,0.6868715983994588,0.8847991650682613,0.574927224569374,10.815137213272141,0.8004149065248262,0.8489967526474395,cnn,2-2-0,1-3-2
223,"[[ 26154  29781]
 [ 96888 244106]]","(array([0.        , 0.53242156, 1.        ]), array([0.        , 0.71586597, 1.        ]), array([2, 1, 0]))",0.715865968316158,0.13800895455498005,0.6808774365188737,0.8912653758666895,0.5917222037880066,11.022162855266334,0.7939942850730467,0.8496305711910963,cnn,2-2-0,1-3-3
224,"[[165444  26428]
 [  3675 188167]]","(array([0.        , 0.13773766, 1.        ]), array([0.        , 0.98084361, 1.        ]), array([2, 1, 0]))",0.9808436108881267,0.8490901504530046,0.921548340691244,0.8768470840420327,0.9215529762245837,2.709679390319044,0.9259344006574204,0.8958439263317662,cnn,2-2-0,2-0-0
225,"[[201836   2556]
 [ 17241 187329]]","(array([0.        , 0.01250538, 1.        ]), array([0.        , 0.91572078, 1.        ]), array([2, 1, 0]))",0.9157207801730459,0.9055251777509485,0.9515920794597053,0.9865392211075125,0.9516076991788553,1.6719553407433425,0.9498117656006388,0.971512586738028,cnn,2-2-0,2-0-1
226,"[[ 88022  13778]
 [  1827 100610]]","(array([0.        , 0.13534381, 1.        ]), array([0.        , 0.98216465, 1.        ]), array([2, 1, 0]))",0.9821646475394633,0.852995996095408,0.9235936681404446,0.879550302479281,0.9234104180722857,2.639035152768473,0.9280295168915024,0.8983212170239058,cnn,2-2-0,2-0-2
227,"[[214406  34270]
 [  4588 243765]]","(array([0.        , 0.13780984, 1.        ]), array([0.       , 0.9815263, 1.       ]), array([2, 1, 0]))",0.981526295232995,0.8497326730374927,0.9218194511789051,0.8767421367813405,0.921858227157748,2.7003156261654198,0.9261799281138627,0.8958701000299156,cnn,2-2-0,2-0-3
228,"[[33205  5162]
 [  706 37945]]","(array([0.        , 0.13454271, 1.        ]), array([0.        , 0.98173398, 1.        ]), array([2, 1, 0]))",0.9817339784222918,0.8532898179302919,0.9238100184372484,0.8802514672790962,0.9235956362255072,2.6315623283812952,0.928227207123462,0.898834085816211,cnn,2-2-0,2-1-0
229,"[[215655   2639]
 [ 20944 197325]]","(array([0.       , 0.0120892, 1.       ]), array([0.        , 0.90404501, 1.        ]), array([2, 1, 0]))",0.9040450086819475,0.8951130861288902,0.9459803052480398,0.9868026244724051,0.9459779039396802,1.86577899148301,0.943612770871739,0.969060773480663,cnn,2-2-0,2-1-1
230,"[[56898  9029]
 [ 1299 64472]]","(array([0.        , 0.13695451, 1.        ]), array([0.        , 0.98024965, 1.        ]), array([2, 1, 0]))",0.9802496541028721,0.849046656291248,0.9215781560843749,0.8771581339029401,0.9216475719055929,2.708649350573545,0.9258429547934977,0.8960044472239594,cnn,2-2-0,2-1-2
231,"[[150796  24006]
 [  3115 172041]]","(array([0.        , 0.13733252, 1.        ]), array([0.        , 0.98221585, 1.        ]), array([2, 1, 0]))",0.98221585329649,0.8510743821260431,0.9225021288268878,0.8775497712283279,0.9224416642485013,2.6767364933571516,0.9269375516900455,0.896659592388132,cnn,2-2-0,2-1-3
232,"[[196275   2490]
 [ 18967 180035]]","(array([0.        , 0.01252736, 1.        ]), array([0.       , 0.9046894, 1.       ]), array([2, 1, 0]))",0.9046894001065315,0.8951951729342525,0.9460563596276212,0.9863580331461443,0.9460810218403006,1.8631523381859232,0.9437602056997276,0.9688656358505309,cnn,2-2-0,2-2-0
233,"[[140991  22371]
 [  2930 160574]]","(array([0.        , 0.13694127, 1.        ]), array([0.        , 0.98207995, 1.        ]), array([2, 1, 0]))",0.9820799491143948,0.8512268875090764,0.9225951919135058,0.8777173467435568,0.9225693387912297,2.673522083550281,0.9269704920493348,0.8967768886744318,cnn,2-2-0,2-2-1
234,"[[208787   8606]
 [ 12727 204174]]","(array([0.        , 0.03958729, 1.        ]), array([0.        , 0.94132346, 1.        ]), array([2, 1, 0]))",0.94132346093379,0.9019179973102442,0.9508788977052411,0.9595544694050193,0.9508680848573307,1.6965986133082989,0.9503515398632939,0.9558519916743211,cnn,2-2-0,2-2-2
235,"[[206894   2678]
 [ 17579 193036]]","(array([0.        , 0.01277842, 1.        ]), array([0.        , 0.91653491, 1.        ]), array([2, 1, 0]))",0.9165349096693018,0.9058779798248414,0.9517905123195148,0.9863167683456472,0.951878242535298,1.665101811226011,0.9501463100098688,0.9715230741511328,cnn,2-2-0,2-2-3
236,"[[52167  8070]
 [ 1081 58962]]","(array([0.        , 0.13397082, 1.        ]), array([0.        , 0.98199624, 1.        ]), array([2, 1, 0]))",0.9819962360308445,0.8536483221540349,0.9239191885600266,0.879609738632295,0.9240127103755995,2.627791782017704,0.9279874090104269,0.8983426323471604,cnn,2-2-0,2-3-0
237,"[[33482  5127]
 [  684 37864]]","(array([0.        , 0.13279287, 1.        ]), array([0.        , 0.98225589, 1.        ]), array([2, 1, 0]))",0.9822558887620629,0.8550742644508055,0.9246860297834286,0.8807424809843921,0.9247315083169013,2.601305509115837,0.9287334894958242,0.8993311545185071,cnn,2-2-0,2-3-1
238,"[[182625  28505]
 [  3686 208491]]","(array([0.       , 0.1350116, 1.       ]), array([0.        , 0.98262771, 1.        ]), array([2, 1, 0]))",0.9826277117689476,0.8537556107765959,0.9239535372672788,0.8797237084170197,0.9238080537720312,2.6266056159083546,0.9283327359391593,0.8985433918223419,cnn,2-2-0,2-3-2
239,"[[182710  28714]
 [  3711 207460]]","(array([0.       , 0.1358124, 1.       ]), array([0.        , 0.98242656, 1.        ]), array([2, 1, 0]))",0.9824265642536144,0.8525431196709887,0.9232716903891433,0.8784201478570884,0.9233070841549591,2.6501562589372565,0.9275167935262494,0.8974215891620749,cnn,2-2-0,2-3-3
240,"[[61052 12859]
 [  909 35686]]","(array([0.        , 0.17397952, 1.        ]), array([0.        , 0.97516054, 1.        ]), array([2, 1, 0]))",0.9751605410575215,0.759739327639875,0.8754094800282337,0.7351117519826965,0.9005905125766291,4.303297155163387,0.8382898754991779,0.7731773372332359,cnn,2-2-0,3-0-0
241,"[[213000  44914]
 [  3335 126300]]","(array([0.        , 0.17414332, 1.        ]), array([0.        , 0.97427392, 1.        ]), array([2, 1, 0]))",0.9742739229374783,0.7601975149741341,0.8755021945612039,0.7376733211069189,0.9000653019233091,4.300094531006469,0.8396238644635682,0.7753308508012979,cnn,2-2-0,3-0-1
242,"[[66890 14015]
 [ 1005 39352]]","(array([0.        , 0.17322786, 1.        ]), array([0.        , 0.97509726, 1.        ]), array([2, 1, 0]))",0.9750972569814407,0.7611941930007929,0.8761359700483251,0.7373845260179511,0.9009346985729156,4.278204448298253,0.8397422218428576,0.775179749827637,cnn,2-2-0,3-0-2
243,"[[163073  34087]
 [  2518  95961]]","(array([0.        , 0.17289004, 1.        ]), array([0.       , 0.9744311, 1.       ]), array([2, 1, 0]))",0.9744310969851441,0.7610913571927997,0.8761834534685884,0.7378890871062992,0.9007705292188856,4.276564207744271,0.8398219903993839,0.7755414428670488,cnn,2-2-0,3-0-3
244,"[[201881  34123]
 [  5306 112988]]","(array([0.        , 0.14458653, 1.        ]), array([0.        , 0.95514565, 1.        ]), array([2, 1, 0]))",0.9551456540483879,0.7757502303442487,0.8887123269112442,0.7680458973156324,0.905279560808367,3.843817066813936,0.8514383677775474,0.7993627058400709,cnn,2-2-0,3-1-0
245,"[[187342  24791]
 [  7830  98809]]","(array([0.        , 0.11686536, 1.        ]), array([0.        , 0.92657471, 1.        ]), array([2, 1, 0]))",0.9265747053141908,0.78410334661928,0.8976666708493846,0.7994255663430421,0.9048546712732466,3.5345301582268007,0.8583167925503498,0.8219849294305361,cnn,2-2-0,3-1-1
246,"[[105897  22274]
 [  1551  62003]]","(array([0.        , 0.17378346, 1.        ]), array([0.        , 0.97559556, 1.        ]), array([2, 1, 0]))",0.9755955565346005,0.7604755096869377,0.875733472421437,0.7357048779619588,0.9009060476886201,4.292106704091315,0.8388362386779499,0.7737569322770814,cnn,2-2-0,3-1-2
247,"[[242212  50717]
 [  3809 142912]]","(array([0.        , 0.17313752, 1.        ]), array([0.        , 0.97403916, 1.        ]), array([2, 1, 0]))",0.974039162764703,0.7607381888185557,0.8759786193563062,0.7380712599868822,0.9004508223997993,4.2836389739378316,0.8397943293668282,0.7756527364836628,cnn,2-2-0,3-1-3
248,"[[57162 12265]
 [  936 33588]]","(array([0.        , 0.17666038, 1.        ]), array([0.        , 0.97288843, 1.        ]), array([2, 1, 0]))",0.97288842544317,0.7552622136024606,0.8730074746755683,0.7325147754781585,0.8981140241782228,4.386260779133412,0.8357614740535227,0.7705932016738859,cnn,2-2-0,3-2-0
249,"[[60012 12674]
 [  942 35501]]","(array([0.        , 0.17436645, 1.        ]), array([0.        , 0.97415141, 1.        ]), array([2, 1, 0]))",0.9741514145377713,0.7596153149787715,0.8752302321106213,0.7369174883238194,0.8998924807878576,4.309487977448105,0.8390886099884185,0.7746472726637952,cnn,2-2-0,3-2-1
250,"[[215017  49372]
 [  2642 128830]]","(array([0.        , 0.18673999, 1.        ]), array([0.        , 0.97990447, 1.        ]), array([2, 1, 0]))",0.9799044663502495,0.750856557013662,0.8686053943177025,0.7229436257729992,0.8965822366926689,4.538308631386291,0.8320362704004857,0.7629577865163216,cnn,2-2-0,3-2-2
251,"[[175666  37008]
 [  2747 103374]]","(array([0.        , 0.17401281, 1.        ]), array([0.        , 0.97411445, 1.        ]), array([2, 1, 0]))",0.9741144542550485,0.7595110028004244,0.8752960366379648,0.7363764585203231,0.9000508229596429,4.307215129099801,0.8387240723236633,0.7741642689497025,cnn,2-2-0,3-2-3
252,"[[56654 11780]
 [  871 33438]]","(array([0.        , 0.17213666, 1.        ]), array([0.        , 0.97461308, 1.        ]), array([2, 1, 0]))",0.974613075286368,0.762409471848351,0.8768675238215742,0.7394842761732053,0.9012382090345976,4.252936739532063,0.8409219510354974,0.7769738034491893,cnn,2-2-0,3-3-0
253,"[[185894  39072]
 [  2973 109592]]","(array([0.        , 0.17367958, 1.        ]), array([0.        , 0.97358859, 1.        ]), array([2, 1, 0]))",0.9735885932572291,0.7596609013524941,0.8754336638708741,0.7371791422267664,0.8999545075049248,4.302461389901409,0.8390492632900635,0.7748073091720976,cnn,2-2-0,3-3-1
254,"[[136294  28549]
 [  2170  80131]]","(array([0.        , 0.17318903, 1.        ]), array([0.        , 0.97363337, 1.        ]), array([2, 1, 0]))",0.9736333701899126,0.7600211797032671,0.8757040429870845,0.7373113728376887,0.9002221678876743,4.2931226320780445,0.8391515386347334,0.7749298384398314,cnn,2-2-0,3-3-2
255,"[[86962 18424]
 [ 1341 51315]]","(array([0.        , 0.17482398, 1.        ]), array([0.        , 0.97453282, 1.        ]), array([2, 1, 0]))",0.9745328167730173,0.7591396942109672,0.8749383075385024,0.7358149672349761,0.8998544181790805,4.3195710458515055,0.8385146452060951,0.77372049262391,cnn,2-2-0,3-3-3
256,"[[192902  62478]
 [121777  15862]]","(array([0.        , 0.24464719, 1.        ]), array([0.       , 0.1152435, 1.       ]), array([2, 1, 0]))",0.11524349929889058,-0.15452017894308426,0.5311804263915993,0.20247638498851162,0.43529815343987527,16.192581533952588,0.14688465082253369,0.1758540484568702,cnn,3-3-0,0-0-0
257,"[[140278  45241]
 [ 88343  11562]]","(array([0.        , 0.24386181, 1.        ]), array([0.        , 0.11572994, 1.        ]), array([2, 1, 0]))",0.11572994344627396,-0.15307394729936805,0.5319804921800549,0.2035455873809482,0.43593406437671967,16.16494786887258,0.14756106899456314,0.17672575867350215,cnn,3-3-0,0-0-1
258,"[[220945  71535]
 [138837  18354]]","(array([0.        , 0.24458083, 1.        ]), array([0.        , 0.11676241, 1.        ]), array([2, 1, 0]))",0.11676241006164476,-0.1523990873560906,0.5321646270273155,0.2041851616994293,0.43609079201112866,16.158588539070387,0.1485672656629432,0.1775917421871825,cnn,3-3-0,0-0-2
259,"[[60115 19299]
 [37943  4995]]","(array([0.       , 0.2430176, 1.       ]), array([0.        , 0.11633052, 1.        ]), array([2, 1, 0]))",0.11633052307978946,-0.15156912438396378,0.5321531319471688,0.20560632254877748,0.4366564595654318,16.158984485977196,0.14858995716325557,0.17824771257690167,cnn,3-3-0,0-0-3
260,"[[201572  65388]
 [126667  16833]]","(array([0.        , 0.24493557, 1.        ]), array([0.        , 0.11730314, 1.        ]), array([2, 1, 0]))",0.11730313588850175,-0.15206302808592573,0.5320981338011012,0.2047287189404167,0.4361837825082305,16.16088531063036,0.14914872785429803,0.17817072551144833,cnn,3-3-0,0-1-0
261,"[[97194 31210]
 [60920  7917]]","(array([0.        , 0.24306096, 1.        ]), array([0.        , 0.11501082, 1.        ]), array([2, 1, 0]))",0.1150108226680419,-0.15305829371611954,0.5329064444005049,0.20234109438495157,0.4359749294175697,16.132966394912405,0.14665999777703678,0.17566398189442856,cnn,3-3-0,0-1-1
262,"[[238561  77203]
 [149825  19927]]","(array([0.        , 0.24449589, 1.        ]), array([0.       , 0.1173889, 1.       ]), array([2, 1, 0]))",0.11738889674348461,-0.15151293910968222,0.5323985203371259,0.2051580356223618,0.4364465037042058,16.150510093805742,0.14933191447905816,0.17847035136994158,cnn,3-3-0,0-1-2
263,"[[237832  76994]
 [149473  19835]]","(array([0.        , 0.24456049, 1.        ]), array([0.        , 0.11715335, 1.        ]), array([2, 1, 0]))",0.11715335365133367,-0.15189326092057867,0.5322224838577749,0.20484565574363053,0.4362964331355014,16.156590196166306,0.1490585675798555,0.17817233895771653,cnn,3-3-0,0-1-3
264,"[[37254 12013]
 [23948  3038]]","(array([0.        , 0.24383462, 1.        ]), array([0.        , 0.11257689, 1.        ]), array([2, 1, 0]))",0.11257689172163345,-0.1576909248219004,0.5283988826669115,0.20184705335193676,0.43437113812947525,16.2886515088103,0.14453933439588934,0.1742172267461865,cnn,3-3-0,0-2-0
265,"[[95919 31340]
 [60862  7847]]","(array([0.        , 0.24626942, 1.        ]), array([0.        , 0.11420629, 1.        ]), array([2, 1, 0]))",0.1142062902967588,-0.15754873685785234,0.529504817112998,0.20024497920228648,0.43396843561899445,16.25045579149155,0.14545488247942465,0.17402431505786028,cnn,3-3-0,0-2-1
266,"[[81692 26497]
 [51374  6663]]","(array([0.        , 0.24491399, 1.        ]), array([0.        , 0.11480607, 1.        ]), array([2, 1, 0]))",0.11480607198855902,-0.1552054461668829,0.531535379543513,0.20093486127864899,0.43494603944194976,16.180322233472488,0.14612322773775455,0.17471955191239633,cnn,3-3-0,0-2-2
267,"[[209138  67638]
 [131655  17466]]","(array([0.        , 0.24437813, 1.        ]), array([0.        , 0.11712636, 1.        ]), array([2, 1, 0]))",0.11712636047236807,-0.15180186693258155,0.5320629166206853,0.2052312464749013,0.4363741176006954,16.16210127622857,0.14913864873519053,0.1783930530276567,cnn,3-3-0,0-2-3
268,"[[194769  63006]
 [121917  16277]]","(array([0.        , 0.24442246, 1.        ]), array([0.       , 0.1177837, 1.       ]), array([2, 1, 0]))",0.11778369538474898,-0.1508437053441589,0.5329861681091197,0.20530252387018655,0.4366806169679055,16.1302135437667,0.14968939244149956,0.17874006755599284,cnn,3-3-0,0-3-0
269,"[[124324  40424]
 [ 78250  10054]]","(array([0.        , 0.24536868, 1.        ]), array([0.        , 0.11385668, 1.        ]), array([2, 1, 0]))",0.11385667693422721,-0.15686380636993644,0.531029195580355,0.19917587860057848,0.43424399632031974,16.197805481941057,0.14488910665648283,0.1732158116713069,cnn,3-3-0,0-3-1
270,"[[74215 24415]
 [46655  6243]]","(array([0.        , 0.24754132, 1.        ]), array([0.        , 0.11801958, 1.        ]), array([2, 1, 0]))",0.11801958486143144,-0.1536864617663406,0.5309777730848424,0.2036336355926675,0.4352391344159129,16.199582655070753,0.1494327157834267,0.17783284908562638,cnn,3-3-0,0-3-2
271,"[[198740  64264]
 [125083  16183]]","(array([0.        , 0.24434609, 1.        ]), array([0.        , 0.11455694, 1.        ]), array([2, 1, 0]))",0.11455693514362975,-0.15499926716869109,0.5316323249313577,0.201163498949619,0.43510542077404757,16.17697350626167,0.1459815166453929,0.174742038725505,cnn,3-3-0,0-3-3
272,"[[ 26685   6690]
 [ 80316 123955]]","(array([0.        , 0.20044944, 1.        ]), array([0.        , 0.60681644, 1.        ]), array([2, 1, 0]))",0.6068164350299358,0.2837867466207851,0.6338840123545105,0.948792529373493,0.7031834984138443,12.645220741449075,0.740215457010116,0.8526850757583054,cnn,3-3-0,1-0-0
273,"[[ 49666  12633]
 [169105 212408]]","(array([0.        , 0.20278014, 1.        ]), array([0.        , 0.55675167, 1.        ]), array([2, 1, 0]))",0.5567516703231606,0.24594491066040436,0.5905067911638261,0.9438635626396967,0.6769857646949597,14.143417135572298,0.7003762237162726,0.8286331111504693,cnn,3-3-0,1-0-1
274,"[[15767  3077]
 [50017 64782]]","(array([0.        , 0.16328805, 1.        ]), array([0.        , 0.56430805, 1.        ]), array([2, 1, 0]))",0.564308051463863,0.27916294357620464,0.602717688169227,0.9546559778363961,0.7005100011087093,13.72166334392883,0.7093256249384096,0.8386345100780613,cnn,3-3-0,1-0-2
275,"[[18359  4585]
 [60557 77392]]","(array([0.        , 0.19983438, 1.        ]), array([0.        , 0.56101893, 1.        ]), array([2, 1, 0]))",0.5610189272847211,0.2526355511610231,0.5951222240868155,0.9440696780804372,0.6805922739631417,13.984005755822125,0.7038003692150997,0.8306411624167931,cnn,3-3-0,1-0-3
276,"[[ 29890   7514]
 [100327 126509]]","(array([0.        , 0.20088761, 1.        ]), array([0.       , 0.5577113, 1.       ]), array([2, 1, 0]))",0.5577112980302951,0.24879702732089887,0.5918823796548592,0.9439349962319901,0.6784118462133081,14.095905969492327,0.7011547446509578,0.8291018287439967,cnn,3-3-0,1-1-0
277,"[[ 24976   6381]
 [ 84460 107690]]","(array([0.        , 0.20349523, 1.        ]), array([0.        , 0.56044757, 1.        ]), array([2, 1, 0]))",0.560447567004944,0.2479875879606176,0.5935653022053,0.9440611548947585,0.6784761673402115,14.03777997432422,0.7033482354247421,0.830385204970745,cnn,3-3-0,1-1-1
278,"[[16517  4241]
 [56205 70681]]","(array([0.        , 0.20430677, 1.        ]), array([0.        , 0.55704333, 1.        ]), array([2, 1, 0]))",0.5570433302334379,0.24525196200666108,0.5905962992061987,0.9433944635754518,0.6763682784706067,14.140325845001982,0.7004776817569175,0.828472902708557,cnn,3-3-0,1-1-2
279,"[[19614  4949]
 [66902 84163]]","(array([0.       , 0.2014819, 1.       ]), array([0.        , 0.55713104, 1.        ]), array([2, 1, 0]))",0.5571310363088736,0.24673347422920305,0.590890974104357,0.9444631474997756,0.6778245663163064,14.130147698307844,0.7008414627545518,0.8291708783814405,cnn,3-3-0,1-1-3
280,"[[23291  5799]
 [78091 99687]]","(array([0.        , 0.19934685, 1.        ]), array([0.        , 0.56073867, 1.        ]), array([2, 1, 0]))",0.5607386740766575,0.2513109123828378,0.594475704313862,0.9450258802115921,0.6806959097437257,14.00633538601695,0.7038451762313602,0.8311100810041986,cnn,3-3-0,1-2-0
281,"[[ 32786   8439]
 [109786 139194]]","(array([0.        , 0.20470588, 1.        ]), array([0.        , 0.55905695, 1.        ]), array([2, 1, 0]))",0.5590569523656519,0.24745000590524444,0.5926155648593235,0.9428379833777001,0.6771755350063553,14.070583163939386,0.701913452156132,0.8290173338796825,cnn,3-3-0,1-2-1
282,"[[ 48533  12338]
 [161682 205187]]","(array([0.        , 0.20269094, 1.        ]), array([0.        , 0.55929228, 1.        ]), array([2, 1, 0]))",0.5592922814410594,0.24920529352865875,0.5931640716323,0.9432800827491093,0.6783006724351393,14.051638223396104,0.7022214464898683,0.8293942693794266,cnn,3-3-0,1-2-2
283,"[[ 55475  10230]
 [177452 221132]]","(array([0.        , 0.15569591, 1.        ]), array([0.        , 0.55479397, 1.        ]), array([2, 1, 0]))",0.5547939706561227,0.2782164613123175,0.5957647068959204,0.955783577251234,0.6995490285515603,13.961810017535063,0.7020665263371781,0.8350704514694509,cnn,3-3-0,1-2-3
284,"[[ 26981   9236]
 [ 88313 131606]]","(array([0.        , 0.25501836, 1.        ]), array([0.        , 0.59842942, 1.        ]), array([2, 1, 0]))",0.5984294217416413,0.2405096164369916,0.6191515444919886,0.9344229704207552,0.6717055300993597,13.154068477796983,0.7296021465734933,0.8400879881831309,cnn,3-3-0,1-3-0
285,"[[10140  2490]
 [33718 42861]]","(array([0.        , 0.19714964, 1.        ]), array([0.        , 0.55969652, 1.        ]), array([2, 1, 0]))",0.5596965225453453,0.25281500462250706,0.5941216693382955,0.9450949262419792,0.6812734394199411,14.018563224613292,0.7030427294349216,0.8306942705527108,cnn,3-3-0,1-3-1
286,"[[ 56036  14274]
 [190260 239011]]","(array([0.        , 0.20301522, 1.        ]), array([0.        , 0.55678348, 1.        ]), array([2, 1, 0]))",0.556783477104207,0.24607062554639372,0.590588913509521,0.9436445111238329,0.6768841293926666,14.140580815944523,0.700341070915793,0.8285121231049957,cnn,3-3-0,1-3-2
287,"[[ 47173   8762]
 [152457 188537]]","(array([0.        , 0.15664611, 1.        ]), array([0.        , 0.55290416, 1.        ]), array([2, 1, 0]))",0.5529041566713784,0.2757515371527041,0.5938341617770433,0.9555902462759568,0.6981290247913967,14.02848871632909,0.7004995420709539,0.8340942673355806,cnn,3-3-0,1-3-3
288,"[[185869   6003]
 [ 28542 163300]]","(array([0.        , 0.03128648, 1.        ]), array([0.        , 0.85122132, 1.        ]), array([2, 1, 0]))",0.851221317542561,0.825659776516349,0.9099720104035819,0.9645428610243173,0.9099674174437288,3.109469111227537,0.9043458998463221,0.9395273481279643,cnn,3-3-0,2-0-0
289,"[[200190   4202]
 [ 38184 166386]]","(array([0.        , 0.02055853, 1.        ]), array([0.        , 0.81334507, 1.        ]), array([2, 1, 0]))",0.8133450652588357,0.8039064281433758,0.8963571187543097,0.9753675522311065,0.8963932653391129,3.5797065159674637,0.8870182696357269,0.9379968024245648,cnn,3-3-0,2-0-1
290,"[[98546  3254]
 [15412 87025]]","(array([0.        , 0.03196464, 1.        ]), array([0.        , 0.84954655, 1.        ]), array([2, 1, 0]))",0.8495465505627849,0.8231288261694567,0.9086061781165998,0.9639561802855592,0.9087909570102726,3.1566435174696106,0.9031424479545029,0.9386736791693722,cnn,3-3-0,2-0-2
291,"[[240688   7988]
 [ 37084 211269]]","(array([0.        , 0.03212212, 1.        ]), array([0.        , 0.85068028, 1.        ]), array([2, 1, 0]))",0.850680281695812,0.8242903562645651,0.9093171625800507,0.9635678678445843,0.9092790814774803,3.1320870952312374,0.9036119843459294,0.9386554420236347,cnn,3-3-0,2-0-3
292,"[[37154  1213]
 [ 5869 32782]]","(array([0.        , 0.03161571, 1.        ]), array([0.        , 0.84815399, 1.        ]), array([2, 1, 0]))",0.8481539934283718,0.8222009440252448,0.9080474694227324,0.9643182821003089,0.9082691410048525,3.1759404858661653,0.9025135589020731,0.9386076927922306,cnn,3-3-0,2-1-0
293,"[[213824   4470]
 [ 49852 168417]]","(array([0.        , 0.02047697, 1.        ]), array([0.        , 0.77160293, 1.        ]), array([2, 1, 0]))",0.7716029303290893,0.7679151402243732,0.8755689327771707,0.9741449617380138,0.875562979452615,4.297704994525076,0.8611244618515376,0.9255542598126875,cnn,3-3-0,2-1-1
294,"[[63762  2165]
 [ 9778 55993]]","(array([0.        , 0.03283935, 1.        ]), array([0.        , 0.85133265, 1.        ]), array([2, 1, 0]))",0.8513326542093019,0.8241333037349213,0.9093152515603882,0.9627738230338044,0.9092466507960066,3.132153393467286,0.9036303044485149,0.9382110769663843,cnn,3-3-0,2-1-2
295,"[[169214   5588]
 [ 26224 148932]]","(array([0.       , 0.0319676, 1.       ]), array([0.        , 0.85028203, 1.        ]), array([2, 1, 0]))",0.8502820343008518,0.8239655733107654,0.9090976631481492,0.9638363965829666,0.9091572183380554,3.139668253977159,0.9035052597095329,0.9387622346943405,cnn,3-3-0,2-1-3
296,"[[194733   4032]
 [ 45713 153289]]","(array([0.        , 0.02028526, 1.        ]), array([0.        , 0.77028874, 1.        ]), array([2, 1, 0]))",0.7702887408166752,0.7669372426758075,0.8749393489153198,0.9743708722929552,0.8750017396634882,4.319449968805031,0.8603935193630499,0.9253385907766156,cnn,3-3-0,2-2-0
297,"[[158055   5307]
 [ 24554 138950]]","(array([0.        , 0.03248614, 1.        ]), array([0.       , 0.8498263, 1.       ]), array([2, 1, 0]))",0.8498263039436345,0.8230249816326242,0.9086445209963716,0.9632114906035756,0.9086700844285698,3.1553194440290215,0.9029734111859528,0.9381768782442892,cnn,3-3-0,2-2-1
298,"[[213162   4231]
 [ 37771 179130]]","(array([0.        , 0.01946245, 1.        ]), array([0.        , 0.82586065, 1.        ]), array([2, 1, 0]))",0.8258606461012167,0.8163393471991884,0.9032867136087536,0.9769253003637632,0.9031990989541562,3.340366362960957,0.8950637332547182,0.9424472165371524,cnn,3-3-0,2-2-2
299,"[[205310   4262]
 [ 39185 171430]]","(array([0.        , 0.02033669, 1.        ]), array([0.        , 0.81394962, 1.        ]), array([2, 1, 0]))",0.8139496237210075,0.8044684805561715,0.8966007991679895,0.9757416387769505,0.8968064687612347,3.5712899873483277,0.8875324547574857,0.9384343698098168,cnn,3-3-0,2-2-3
300,"[[58372  1865]
 [ 9295 50748]]","(array([0.        , 0.03096104, 1.        ]), array([0.        , 0.84519428, 1.        ]), array([2, 1, 0]))",0.8451942774345053,0.8206853720067727,0.9072164948453608,0.9645524870279208,0.9071166200991277,3.204641135819842,0.9009373668512995,0.9380580047690346,cnn,3-3-0,2-3-0
301,"[[37416  1193]
 [ 5961 32587]]","(array([0.        , 0.03089953, 1.        ]), array([0.        , 0.84536163, 1.        ]), array([2, 1, 0]))",0.8453616270623638,0.820836198699155,0.9072799616366629,0.9646832445233866,0.9072310479324873,3.2024490357184088,0.9010894812520739,0.9381981712232536,cnn,3-3-0,2-3-1
302,"[[204333   6797]
 [ 32800 179377]]","(array([0.        , 0.03219344, 1.        ]), array([0.        , 0.84541209, 1.        ]), array([2, 1, 0]))",0.8454120851930228,0.8191735919976421,0.9064579607707881,0.9634911426944686,0.9066093249344075,3.230840415521149,0.9005977140762794,0.9373082948311846,cnn,3-3-0,2-3-2
303,"[[204654   6770]
 [ 31533 179638]]","(array([0.        , 0.03202096, 1.        ]), array([0.        , 0.85067552, 1.        ]), array([2, 1, 0]))",0.8506755188922721,0.8243937597353869,0.9093623918882144,0.9636818162310631,0.9093272781384321,3.130524889146503,0.9036593985094786,0.9387407857207806,cnn,3-3-0,2-3-3
304,"[[72984   927]
 [ 4817 31778]]","(array([0.        , 0.01254211, 1.        ]), array([0.     , 0.86837, 1.     ]), array([2, 1, 0]))",0.8683699959010793,0.882372940101161,0.94802092194089,0.9716557101360648,0.9279139422213519,1.7953004618679964,0.917113997113997,0.9490786369202281,cnn,3-3-0,3-0-0
305,"[[254687   3227]
 [ 16637 112998]]","(array([0.        , 0.01251192, 1.        ]), array([0.        , 0.87166275, 1.        ]), array([2, 1, 0]))",0.8716627454005477,0.8846553778127025,0.9487445458509762,0.9722348892234889,0.9295754114108516,1.7703073278718646,0.9192060522248434,0.9503057010941324,cnn,3-3-0,3-0-1
306,"[[79873  1032]
 [ 5238 35119]]","(array([0.       , 0.0127557, 1.       ]), array([0.        , 0.87020839, 1.        ]), array([2, 1, 0]))",0.8702083901181951,0.8832919673249188,0.9482937771107189,0.9714530718375702,0.9287263444936196,1.7858764755705665,0.9180477858524598,0.9493622979979562,cnn,3-3-0,3-0-2
307,"[[194724   2436]
 [ 12718  85761]]","(array([0.        , 0.01235545, 1.        ]), array([0.        , 0.87085572, 1.        ]), array([2, 1, 0]))",0.8708557154317164,0.8843952530836763,0.9487415395127166,0.9723800129256097,0.9292501340396561,1.7704110936236988,0.9188219160470548,0.9502245898769466,cnn,3-3-0,3-0-3
308,"[[232638   3366]
 [ 18014 100280]]","(array([0.        , 0.01426247, 1.        ]), array([0.       , 0.8477184, 1.       ]), array([2, 1, 0]))",0.8477183965374406,0.8639961742497899,0.9396553184042812,0.9675240723230998,0.9167279632049079,2.0842390608136103,0.9036676579255655,0.9409283175511093,cnn,3-3-0,3-1-0
309,"[[209067   3066]
 [ 16659  89980]]","(array([0.       , 0.0144532, 1.       ]), array([0.        , 0.84378136, 1.        ]), array([2, 1, 0]))",0.8437813557891578,0.8606942740981506,0.9381219178597869,0.9670485566279045,0.9146640794869761,2.1372009334425055,0.9012194205874251,0.9395956334595456,cnn,3-3-0,3-1-1
310,"[[126594   1577]
 [  8163  55391]]","(array([0.        , 0.01230388, 1.        ]), array([0.        , 0.87155805, 1.        ]), array([2, 1, 0]))",0.8715580451269787,0.8851091414217853,0.9491980701525623,0.9723177924448814,0.9296270849176881,1.7546430723775075,0.9191848791092082,0.9503441697034581,cnn,3-3-0,3-1-2
311,"[[289212   3717]
 [ 18978 127743]]","(array([0.        , 0.01268908, 1.        ]), array([0.        , 0.87065246, 1.        ]), array([2, 1, 0]))",0.8706524628376306,0.8836697540509284,0.9483793926987376,0.9717252396166134,0.9289816905915158,1.782919373106213,0.9184164267149806,0.9496759401749433,cnn,3-3-0,3-1-3
312,"[[67669  1758]
 [ 4363 30161]]","(array([0.        , 0.02532156, 1.        ]), array([0.        , 0.87362415, 1.        ]), array([2, 1, 0]))",0.8736241455219558,0.8661401462218934,0.9411164875758771,0.9449230865628623,0.9241512923729445,2.0337779916069167,0.9078759237240943,0.9297472256473491,cnn,3-3-0,3-2-0
313,"[[71713   973]
 [ 4786 31657]]","(array([0.        , 0.01338635, 1.        ]), array([0.        , 0.86867162, 1.        ]), array([2, 1, 0]))",0.8686716241802267,0.8810631262463657,0.9472275930320996,0.9701808152007355,0.9276426387142225,1.8227014933389867,0.9166244408089992,0.9480244125944073,cnn,3-3-0,3-2-1
314,"[[260879   3510]
 [ 19407 112065]]","(array([0.        , 0.01327589, 1.        ]), array([0.        , 0.85238682, 1.        ]), array([2, 1, 0]))",0.8523868200073019,0.8692106696848366,0.9421084673660705,0.9696301103179753,0.9195554636443093,1.9995097906314294,0.9072362748788692,0.9436702976900223,cnn,3-3-0,3-2-2
315,"[[209899   2775]
 [ 13574  92547]]","(array([0.        , 0.01304814, 1.        ]), array([0.        , 0.87208941, 1.        ]), array([2, 1, 0]))",0.8720894073746007,0.8842250040393644,0.9487162596653022,0.9708881475420155,0.9295206339843746,1.7712846003333291,0.9188405653212076,0.9493772170805216,cnn,3-3-0,3-2-3
316,"[[67569   865]
 [ 4462 29847]]","(array([0.        , 0.01263992, 1.        ]), array([0.        , 0.86994666, 1.        ]), array([2, 1, 0]))",0.8699466612259174,0.8832069175134961,0.9481521855503537,0.971835113310758,0.9286533726973026,1.7907668017039249,0.9180726226911304,0.9495918094644209,cnn,3-3-0,3-3-0
317,"[[222104   2862]
 [ 14428  98137]]","(array([0.        , 0.01272192, 1.        ]), array([0.        , 0.87182517, 1.        ]), array([2, 1, 0]))",0.8718251676808955,0.8845084816008563,0.948775075474549,0.9716630857731264,0.9295516226285312,1.769252993994185,0.9190406622839055,0.9499071745640881,cnn,3-3-0,3-3-1
318,"[[162833   2010]
 [ 10854  71447]]","(array([0.        , 0.01219342, 1.        ]), array([0.        , 0.86811825, 1.        ]), array([2, 1, 0]))",0.868118248866964,0.8826188219724729,0.9479493736445149,0.9726370529697647,0.9279624142304402,1.797771447961374,0.9174103416838943,0.949767234113828,cnn,3-3-0,3-3-2
319,"[[103985   1401]
 [  6704  45952]]","(array([0.        , 0.01329399, 1.        ]), array([0.        , 0.87268308, 1.        ]), array([2, 1, 0]))",0.8726830750531753,0.884258508283747,0.9487161640576556,0.9704137013494393,0.9296945445673711,1.7712880305029735,0.918957293843554,0.94915478295355,cnn,3-3-0,3-3-3
320,"[[232387  22993]
 [115469  22170]]","(array([0.        , 0.09003446, 1.        ]), array([0.        , 0.16107353, 1.        ]), array([2, 1, 0]))",0.16107353293761215,0.10626013165282154,0.6476964218014906,0.49088855921882957,0.5355195372417718,12.16818128979982,0.24255752125250268,0.34826620922363494,cnn,2-0-0,0-0-0
321,"[[168873  16646]
 [ 83726  16179]]","(array([0.        , 0.08972666, 1.        ]), array([0.        , 0.16194385, 1.        ]), array([2, 1, 0]))",0.1619438466543216,0.10797176529172361,0.6483407141655922,0.4928865194211729,0.5361085939646697,12.14592807335332,0.2437881413395615,0.34988430181008195,cnn,2-0-0,0-0-1
322,"[[266106  26374]
 [131695  25496]]","(array([0.        , 0.09017369, 1.        ]), array([0.        , 0.16219758, 1.        ]), array([2, 1, 0]))",0.16219758128646042,0.10750965428728337,0.6484785543208257,0.4915365336417968,0.5360119470983725,12.141167508133194,0.24390967229660243,0.3495753706765824,cnn,2-0-0,0-0-2
323,"[[72331  7083]
 [36054  6884]]","(array([0.        , 0.08919082, 1.        ]), array([0.        , 0.16032419, 1.        ]), array([2, 1, 0]))",0.16032418836461876,0.10675952709183821,0.6474352687328364,0.4928760650103816,0.5355666827938892,12.177200706942756,0.24194710482382922,0.34835941137177906,cnn,2-0-0,0-0-3
324,"[[243004  23956]
 [120177  23323]]","(array([0.        , 0.08973629, 1.        ]), array([0.        , 0.16252962, 1.        ]), array([2, 1, 0]))",0.16252961672473867,0.10872887969530204,0.6488500706524387,0.49330569597495716,0.5363966633219139,12.128335558358183,0.24450280167104343,0.35059949010270103,cnn,2-0-0,0-1-0
325,"[[117048  11356]
 [ 57672  11165]]","(array([0.        , 0.08843961, 1.        ]), array([0.        , 0.16219475, 1.        ]), array([2, 1, 0]))",0.16219474991646934,0.11054201449694272,0.6500321941178558,0.495759513343102,0.5368775687216688,12.087505828992512,0.24442303903325382,0.3512751618728802,cnn,2-0-0,0-1-1
326,"[[287421  28343]
 [142162  27590]]","(array([0.        , 0.08976007, 1.        ]), array([0.        , 0.16253122, 1.        ]), array([2, 1, 0]))",0.16253122201800274,0.1086901989454073,0.6488169287932839,0.4932687322332076,0.5363855740193508,12.129480248239414,0.24450007754170638,0.3505860467007553,cnn,2-0-0,0-1-2
327,"[[286612  28214]
 [141850  27458]]","(array([0.        , 0.08961776, 1.        ]), array([0.        , 0.16217781, 1.        ]), array([2, 1, 0]))",0.1621778061284759,0.10846685197997415,0.6487253528981646,0.49321023135507974,0.5362800245090996,12.132643087793848,0.24409280824962215,0.3502331656445474,cnn,2-0-0,0-1-3
328,"[[44810  4457]
 [22712  4274]]","(array([0.        , 0.09046624, 1.        ]), array([0.        , 0.15837842, 1.        ]), array([2, 1, 0]))",0.1583784184391907,0.1019859551389128,0.643699264291241,0.48952010079028746,0.5339560917170074,12.306238176584197,0.23932581123834587,0.3451784848974318,cnn,2-0-0,0-2-0
329,"[[115595  11664]
 [ 57641  11068]]","(array([0.       , 0.0916556, 1.       ]), array([0.        , 0.16108516, 1.        ]), array([2, 1, 0]))",0.1610851562386296,0.10345644694167934,0.6463453216851731,0.48689072672884043,0.5347147781208864,12.21484744730625,0.24207959230542103,0.34666148825147053,cnn,2-0-0,0-2-1
330,"[[98316  9873]
 [48627  9410]]","(array([0.        , 0.09125697, 1.        ]), array([0.        , 0.16213795, 1.        ]), array([2, 1, 0]))",0.1621379464824164,0.10551446217614036,0.6480694957467544,0.4879946066483431,0.5354404897539775,12.155296485072752,0.24340403517847908,0.3480827704577233,cnn,2-0-0,0-2-2
331,"[[251920  24856]
 [124924  24197]]","(array([0.        , 0.08980547, 1.        ]), array([0.       , 0.1622642, 1.       ]), array([2, 1, 0]))",0.16226420155444238,0.10827064630074425,0.6483187249499293,0.49328277577314333,0.5362293635456694,12.146687586959871,0.24419954181678727,0.35034300226158527,cnn,2-0-0,0-2-3
332,"[[234676  23099]
 [115691  22503]]","(array([0.        , 0.08960916, 1.        ]), array([0.       , 0.1628363, 1.       ]), array([2, 1, 0]))",0.16283630258911386,0.10934113179499651,0.6494927633223813,0.4934651988947853,0.536613573659022,12.106137717222039,0.24486931162810943,0.3509491519079731,cnn,2-0-0,0-3-0
333,"[[149994  14754]
 [ 74186  14118]]","(array([0.        , 0.08955496, 1.        ]), array([0.        , 0.15987951, 1.        ]), array([2, 1, 0]))",0.15987950715709368,0.1054314942901089,0.6485307367655659,0.48898586866167915,0.5351622752480056,12.139364912444245,0.24097084727247903,0.3463825861662872,cnn,2-0-0,0-3-1
334,"[[89395  9235]
 [44059  8839]]","(array([0.        , 0.09363277, 1.        ]), array([0.        , 0.16709516, 1.        ]), array([2, 1, 0]))",0.16709516427842264,0.10804291453009435,0.6482894250567552,0.48904503706982405,0.5367311976720106,12.147701635820694,0.2490841458603393,0.353012125181718,cnn,2-0-0,0-3-2
335,"[[239479  23525]
 [118413  22853]]","(array([0.        , 0.08944731, 1.        ]), array([0.        , 0.16177283, 1.        ]), array([2, 1, 0]))",0.16177282573301432,0.10820804330914477,0.6489029608924729,0.49275518564836773,0.5361627584734182,12.126508656270266,0.24357826522564005,0.3496716425218344,cnn,2-0-0,0-3-3
336,"[[ 26014   7361]
 [ 80555 123716]]","(array([0.        , 0.22055431, 1.        ]), array([0.        , 0.60564642, 1.        ]), array([2, 1, 0]))",0.6056464206862452,0.26902951429174776,0.6300547873728151,0.9438421691067083,0.6925460567850701,12.777479744542939,0.7378365160967115,0.8490225493735065,cnn,2-0-0,1-0-0
337,"[[ 46123  16176]
 [150272 231241]]","(array([0.        , 0.25965104, 1.        ]), array([0.        , 0.60611565, 1.        ]), array([2, 1, 0]))",0.6061156500564856,0.24231154637504027,0.6249583156832172,0.9346204989956228,0.6732323061595612,12.953510017007481,0.7353473359515368,0.8432183643151414,cnn,2-0-0,1-0-1
338,"[[14735  4109]
 [44651 70148]]","(array([0.        , 0.21805349, 1.        ]), array([0.        , 0.61105062, 1.        ]), array([2, 1, 0]))",0.6110506189078302,0.27525438039355316,0.6351473702326347,0.9446651494135233,0.6964985635400963,12.601587981126476,0.7420870006770481,0.8516682976104043,cnn,2-0-0,1-0-2
339,"[[16993  5951]
 [53917 84032]]","(array([0.        , 0.25937064, 1.        ]), array([0.        , 0.60915266, 1.        ]), array([2, 1, 0]))",0.6091526578663129,0.24635271072094445,0.6279017732281703,0.9338652856650701,0.6748910081521244,12.851847026376658,0.7373427162487057,0.8438964330834074,cnn,2-0-0,1-0-3
340,"[[ 27646   9758]
 [ 89387 137449]]","(array([0.        , 0.26088119, 1.        ]), array([0.        , 0.60593997, 1.        ]), array([2, 1, 0]))",0.6059399742545275,0.24215291605508293,0.6247918558885861,0.933712391394431,0.6725293925384498,12.959259718987068,0.7349368922824381,0.8425589458404441,cnn,2-0-0,1-1-0
341,"[[ 23246   8111]
 [ 75409 116741]]","(array([0.        , 0.25866633, 1.        ]), array([0.        , 0.60755139, 1.        ]), array([2, 1, 0]))",0.6075513921415561,0.2440127528885879,0.626320428442957,0.9350350815365392,0.6744425328217427,12.906464182498517,0.7365316307152636,0.8440434497178833,cnn,2-0-0,1-1-1
342,"[[15375  5383]
 [50335 76551]]","(array([0.        , 0.25932171, 1.        ]), array([0.        , 0.60330533, 1.        ]), array([2, 1, 0]))",0.603305329193134,0.2405966409991428,0.6226192733873371,0.9343007786755193,0.6719918109497801,13.034297685003116,0.7331768987644861,0.8419192208032167,cnn,2-0-0,1-1-2
343,"[[18130  6433]
 [59705 91360]]","(array([0.        , 0.26189798, 1.        ]), array([0.        , 0.60477278, 1.        ]), array([2, 1, 0]))",0.6047727799291696,0.23939598014824107,0.6234199558157014,0.9342181955763705,0.6714374016488254,13.00664322896617,0.7342339808244059,0.8424360565582946,cnn,2-0-0,1-1-3
344,"[[ 21547   7543]
 [ 69722 108056]]","(array([0.        , 0.25929873, 1.        ]), array([0.        , 0.60781424, 1.        ]), array([2, 1, 0]))",0.6078142402321998,0.24400251174255405,0.6265009571320842,0.9347485704893641,0.6742577560734736,12.900229080941418,0.7366357962621474,0.8439580489054538,cnn,2-0-0,1-2-0
345,"[[ 30349  10876]
 [ 98189 150791]]","(array([0.       , 0.2638205, 1.       ]), array([0.        , 0.60563499, 1.        ]), array([2, 1, 0]))",0.6056349907623102,0.24022963325283417,0.6241794593477025,0.9327259119053363,0.6709072467456184,12.98041158468181,0.734406923708197,0.8417983404194505,cnn,2-0-0,1-2-1
346,"[[ 45099  15772]
 [145036 221833]]","(array([0.        , 0.25910532, 1.        ]), array([0.        , 0.60466543, 1.        ]), array([2, 1, 0]))",0.6046654255333648,0.2429548094239761,0.6240519942020853,0.9336209254855748,0.6727800522222522,12.984813591816206,0.7339703610080831,0.842005816491294,cnn,2-0-0,1-2-2
347,"[[ 48681  17024]
 [159104 239480]]","(array([0.        , 0.25909748, 1.        ]), array([0.        , 0.60082693, 1.        ]), array([2, 1, 0]))",0.6008269273227225,0.23954514645123745,0.6206500692456638,0.9336306646290117,0.6708647230784528,13.10231175244186,0.7311384119385488,0.8405166362487716,cnn,2-0-0,1-2-3
348,"[[ 25154  11063]
 [ 80255 139664]]","(array([0.        , 0.30546428, 1.        ]), array([0.        , 0.63507018, 1.        ]), array([2, 1, 0]))",0.6350701849317248,0.23337171385648692,0.6434784645656995,0.926602400366225,0.6648029501017793,12.31385212846622,0.7536247524592198,0.8486838667180341,cnn,2-0-0,1-3-0
349,"[[ 9406  3224]
 [30044 46535]]","(array([0.        , 0.25526524, 1.        ]), array([0.        , 0.60767312, 1.        ]), array([2, 1, 0]))",0.607673121874143,0.24736759480449347,0.62707798540506,0.9352077011193954,0.6762039401928117,12.880298972166525,0.7366746347100634,0.844202964279883,cnn,2-0-0,1-3-1
350,"[[ 52123  18187]
 [169546 259725]]","(array([0.        , 0.25866875, 1.        ]), array([0.        , 0.60503738, 1.        ]), array([2, 1, 0]))",0.6050373773210862,0.24244137491944975,0.6242190956021145,0.9345584213707936,0.6731843123271624,12.9790417394261,0.7345340597836769,0.8427600672066474,cnn,2-0-0,1-3-2
351,"[[ 41411  14524]
 [136223 204771]]","(array([0.        , 0.25965853, 1.        ]), array([0.        , 0.60051203, 1.        ]), array([2, 1, 0]))",0.6005120324697796,0.23850941953859875,0.6202167138203558,0.9337695797897809,0.6704267501224378,13.117279257894175,0.7309477787356169,0.8404833792216875,cnn,2-0-0,1-3-3
352,"[[189674   2198]
 [ 17755 174087]]","(array([0.        , 0.01145555, 1.        ]), array([0.        , 0.90744988, 1.        ]), array([2, 1, 0]))",0.9074498806309359,0.8989602549643433,0.9480003335817823,0.9875315540176419,0.9479971634642338,1.7960094313024926,0.9457985966799501,0.9704040883763554,cnn,2-0-0,2-0-0
353,"[[201671   2721]
 [ 26180 178390]]","(array([0.        , 0.01331265, 1.        ]), array([0.        , 0.87202425, 1.        ]), array([2, 1, 0]))",0.8720242459793713,0.8643753255548676,0.9293308424743619,0.9849760644024935,0.9293557959318751,2.440831549860186,0.9250650148698017,0.9601039381537845,cnn,2-0-0,2-0-1
354,"[[100639   1161]
 [  9604  92833]]","(array([0.        , 0.01140472, 1.        ]), array([0.        , 0.90624481, 1.        ]), array([2, 1, 0]))",0.9062448138856077,0.897681291579285,0.9472916268844529,0.9876481477541119,0.9474200493789533,1.820487258546835,0.9451970412002179,0.9702182005923753,cnn,2-0-0,2-0-2
355,"[[245836   2840]
 [ 22850 225503]]","(array([0.        , 0.01142048, 1.        ]), array([0.        , 0.90799386, 1.        ]), array([2, 1, 0]))",0.9079938635732204,0.89954130913276,0.9483128751038672,0.9875625703437373,0.948286690347951,1.785214618144932,0.9461082115226476,0.9705524112849427,cnn,2-0-0,2-0-3
356,"[[37955   412]
 [ 3735 34916]]","(array([0.        , 0.01073839, 1.        ]), array([0.        , 0.90336602, 1.        ]), array([2, 1, 0]))",0.903366018990453,0.895682600561933,0.9461554441818796,0.9883378623188406,0.9463138120078024,1.8597293508509172,0.9439435515484123,0.9700882959274962,cnn,2-0-0,2-1-0
357,"[[215310   2984]
 [ 28580 189689]]","(array([0.        , 0.01366964, 1.        ]), array([0.        , 0.86906065, 1.        ]), array([2, 1, 0]))",0.8690606545134674,0.8613391491153358,0.9276988659139689,0.9845126198273759,0.9276955081595528,2.497198168712632,0.9231911072608787,0.9590317515048622,cnn,2-0-0,2-1-1
358,"[[65129   798]
 [ 6073 59698]]","(array([0.       , 0.0121043, 1.       ]), array([0.        , 0.90766447, 1.        ]), array([2, 1, 0]))",0.9076644721837892,0.8985334006374429,0.947827605582469,0.9868090452261307,0.9477800875033041,1.8019755097889159,0.9455835649853088,0.9698948839174019,cnn,2-0-0,2-1-2
359,"[[172770   2032]
 [ 16375 158781]]","(array([0.        , 0.01162458, 1.        ]), array([0.        , 0.90651191, 1.        ]), array([2, 1, 0]))",0.9065119093836351,0.8978340192916746,0.9474022596997353,0.9873642056301418,0.9474436642145919,1.81666623389978,0.9452122070786293,0.9700601655897794,cnn,2-0-0,2-1-3
360,"[[196029   2736]
 [ 25974 173028]]","(array([0.      , 0.013765, 1.      ]), array([0.       , 0.8694787, 1.       ]), array([2, 1, 0]))",0.8694786987065457,0.8615545427477356,0.9278220666872817,0.9844336724243873,0.9278568499192679,2.4929429992846446,0.9233921967307601,0.9590735850688094,cnn,2-0-0,2-2-0
361,"[[161469   1893]
 [ 15235 148269]]","(array([0.        , 0.01158776, 1.        ]), array([0.        , 0.90682185, 1.        ]), array([2, 1, 0]))",0.9068218514531755,0.8982001239177007,0.9475993220463431,0.9873936148959124,0.9476170446526537,1.8098599295428885,0.9453941453648148,0.9701538437378951,cnn,2-0-0,2-2-1
362,"[[214920   2473]
 [ 26556 190345]]","(array([0.        , 0.01137571, 1.        ]), array([0.        , 0.87756626, 1.        ]), array([2, 1, 0]))",0.8775662629494562,0.8716782781414852,0.9331581831662422,0.9871744339221442,0.933095275840002,2.3086391185977875,0.9291490021209659,0.9631157702143247,cnn,2-0-0,2-2-2
363,"[[206836   2736]
 [ 26762 183853]]","(array([0.        , 0.01305518, 1.        ]), array([0.        , 0.87293403, 1.        ]), array([2, 1, 0]))",0.8729340265413195,0.865308490741741,0.9297979233055759,0.985336756186056,0.9299394237071684,2.4246990358950766,0.9257358938983495,0.960598597031676,cnn,2-0-0,2-2-3
364,"[[59536   701]
 [ 5847 54196]]","(array([0.        , 0.01163737, 1.        ]), array([0.        , 0.90261979, 1.        ]), array([2, 1, 0]))",0.9026197891511084,0.8943865669922428,0.9455603591619555,0.9872306319106691,0.9454912117062215,1.880283242032539,0.9430311466852271,0.9690628006193877,cnn,2-0-0,2-3-0
365,"[[38190   419]
 [ 3806 34742]]","(array([0.        , 0.01085239, 1.        ]), array([0.        , 0.90126595, 1.        ]), array([2, 1, 0]))",0.9012659541351042,0.8939277010969925,0.9452415205360498,0.9880833878444868,0.9452067811028806,1.8912952201332471,0.9426799983719762,0.9694071163891245,cnn,2-0-0,2-3-1
366,"[[208643   2487]
 [ 20826 191351]]","(array([0.        , 0.01177947, 1.        ]), array([0.       , 0.9018461, 1.       ]), array([2, 1, 0]))",0.9018461001899357,0.8932338493803272,0.9449264954276684,0.9871696984079489,0.9450333139134682,1.9021761574775802,0.9425809391278648,0.9688373708518939,cnn,2-0-0,2-3-2
367,"[[209010   2414]
 [ 19783 191388]]","(array([0.        , 0.01141781, 1.        ]), array([0.        , 0.90631763, 1.        ]), array([2, 1, 0]))",0.9063176288410814,0.8979831863084999,0.947474532353672,0.9875439881941362,0.9474499072009253,1.814169949635062,0.9451889385218273,0.9701544740916016,cnn,2-0-0,2-3-3
368,"[[68001  5910]
 [ 4848 31747]]","(array([0.        , 0.07996103, 1.        ]), array([0.        , 0.86752289, 1.        ]), array([2, 1, 0]))",0.8675228856401148,0.7820156234202705,0.9026478200278718,0.8430570677430491,0.8937809257116432,3.3624679390916477,0.8551150137370037,0.8478392077896414,cnn,2-0-0,3-0-0
369,"[[234655  23259]
 [ 16118 113517]]","(array([0.        , 0.09018122, 1.        ]), array([0.        , 0.87566629, 1.        ]), array([2, 1, 0]))",0.8756662938249701,0.7755167680164156,0.8983947836273607,0.8299482365327251,0.8927425353132697,3.5093678372000103,0.8521945415166791,0.8387059117325881,cnn,2-0-0,3-0-1
370,"[[73557  7348]
 [ 5122 35235]]","(array([0.        , 0.09082257, 1.        ]), array([0.        , 0.87308274, 1.        ]), array([2, 1, 0]))",0.8730827365760587,0.7722373303925948,0.897164816677937,0.8274428762651762,0.8911300834477847,3.551849854748011,0.8496503496503497,0.8361850879732686,cnn,2-0-0,3-0-2
371,"[[179329  17831]
 [  8132  90347]]","(array([0.        , 0.09043924, 1.        ]), array([0.        , 0.91742402, 1.        ]), array([2, 1, 0]))",0.9174240193340713,0.8091961334878852,0.9121800574349122,0.835169812716079,0.9134923910831444,3.0332415857273367,0.8743667042490698,0.8504191524329291,cnn,2-0-0,3-0-3
372,"[[223584  12420]
 [ 19414  98880]]","(array([0.        , 0.05262623, 1.        ]), array([0.        , 0.83588348, 1.        ]), array([2, 1, 0]))",0.8358834767612897,0.7957864359069048,0.910149083539845,0.8884097035040431,0.8916286250435828,3.103368742571705,0.8613465508680541,0.8773829002615823,cnn,2-0-0,3-1-0
373,"[[200839  11294]
 [ 18740  87899]]","(array([0.        , 0.05324018, 1.        ]), array([0.        , 0.82426692, 1.        ]), array([2, 1, 0]))",0.8242669192321759,0.7857704129056801,0.9057821891508665,0.8861411591543759,0.8855133675040638,3.254196230842496,0.8540848847603872,0.8730341609539719,cnn,2-0-0,3-1-1
374,"[[116467  11704]
 [  7869  55685]]","(array([0.        , 0.09131551, 1.        ]), array([0.        , 0.87618403, 1.        ]), array([2, 1, 0]))",0.8761840324763194,0.7738740650107948,0.8979110705437475,0.8263218032616599,0.8924342621440198,3.5260755189250745,0.8505227465385703,0.8358350094563358,cnn,2-0-0,3-1-2
375,"[[266485  26444]
 [ 12118 134603]]","(array([0.        , 0.09027444, 1.        ]), array([0.        , 0.91740787, 1.        ]), array([2, 1, 0]))",0.917407869357488,0.809531376113272,0.9122893210508359,0.8357994871062485,0.9135667171277335,3.0294676217331737,0.8747043227366068,0.8509386035561614,cnn,2-0-0,3-1-3
376,"[[63178  6249]
 [ 2584 31940]]","(array([0.        , 0.09000821, 1.        ]), array([0.        , 0.92515352, 1.        ]), array([2, 1, 0]))",0.9251535163943924,0.81588725449034,0.9150272724649113,0.8363664929691796,0.9175726531660124,2.9349021036891165,0.8785224100229669,0.8527338744126444,cnn,2-0-0,3-2-0
377,"[[66093  6593]
 [ 4483 31960]]","(array([0.        , 0.09070523, 1.        ]), array([0.        , 0.87698598, 1.        ]), array([2, 1, 0]))",0.8769859781027907,0.7758048331596349,0.8985054385177176,0.8289886649547377,0.8931403764437406,3.5055462718057346,0.8523121233132434,0.8381631743201071,cnn,2-0-0,3-2-1
378,"[[243402  20987]
 [ 20649 110823]]","(array([0.        , 0.07937925, 1.        ]), array([0.        , 0.84293994, 1.        ]), array([2, 1, 0]))",0.8429399415845199,0.7630689839802665,0.8948216672013661,0.8407783931416433,0.8817803467912615,3.632773309645984,0.841857779871013,0.8412098155187698,cnn,2-0-0,3-2-2
379,"[[193435  19239]
 [  8617  97504]]","(array([0.       , 0.0904624, 1.       ]), array([0.        , 0.91880024, 1.        ]), array([2, 1, 0]))",0.9188002374647808,0.8102487432143919,0.912620963314983,0.8352021106190521,0.9141689198082154,3.0180132646735096,0.8750089740828487,0.8506821754933319,cnn,2-0-0,3-2-3
380,"[[62309  6125]
 [ 4280 30029]]","(array([0.        , 0.08950229, 1.        ]), array([0.        , 0.87525139, 1.        ]), array([2, 1, 0]))",0.8752513917630942,0.7759691586130197,0.8987278938711153,0.8305858272943519,0.8928745487909197,3.4978622964416615,0.8523338489703814,0.8391504820455497,cnn,2-0-0,3-3-0
381,"[[204601  20365]
 [  9157 103408]]","(array([0.        , 0.09052479, 1.        ]), array([0.        , 0.91865145, 1.        ]), array([2, 1, 0]))",0.9186514458312974,0.810182293380059,0.9125354411891056,0.8354649236909504,0.9140633277092619,3.0209670831189412,0.8750856823701648,0.8508747533559228,cnn,2-0-0,3-3-1
382,"[[149767  15076]
 [  6976  75325]]","(array([0.        , 0.09145672, 1.        ]), array([0.        , 0.91523797, 1.        ]), array([2, 1, 0]))",0.9152379679469266,0.8060630588592527,0.9107726669472048,0.8332319332750744,0.9118906242614949,3.0818516807667913,0.8723118435223679,0.8484360392426309,cnn,2-0-0,3-3-2
383,"[[95887  9499]
 [ 6346 46310]]","(array([0.        , 0.09013531, 1.        ]), array([0.        , 0.87948192, 1.        ]), array([2, 1, 0]))",0.8794819203889396,0.7784585036527913,0.8997418407765024,0.8297944775932198,0.8946733041490746,3.4628422024104304,0.8539160097727378,0.839277688370812,cnn,2-0-0,3-3-3
384,"[[203946  51434]
 [ 33156 104483]]","(array([0.        , 0.20140183, 1.        ]), array([0.        , 0.75910897, 1.        ]), array([2, 1, 0]))",0.759108973474088,0.5438211040795212,0.784768675305774,0.6701193583765721,0.7788535704554245,7.433931239303238,0.711843736799793,0.6862080606115536,cnn,1-0-0,0-0-0
385,"[[148819  36700]
 [ 23148  76757]]","(array([0.       , 0.1978234, 1.       ]), array([0.        , 0.76829988, 1.        ]), array([2, 1, 0]))",0.7682998848906462,0.5560160763756528,0.7903189640674926,0.6765294340587182,0.7852382406789271,7.242229227073768,0.7195001921616783,0.6930867403604264,cnn,1-0-0,0-0-1
386,"[[233489  58991]
 [ 36468 120723]]","(array([0.        , 0.20169242, 1.        ]), array([0.        , 0.76800198, 1.        ]), array([2, 1, 0]))",0.7680019848464607,0.5512867667882727,0.7877136840045278,0.6717506705098101,0.7831547807164471,7.332214496673756,0.7166589988275627,0.6890212511429182,cnn,1-0-0,0-0-2
387,"[[63554 15860]
 [10209 32729]]","(array([0.       , 0.1997129, 1.       ]), array([0.        , 0.76223858, 1.        ]), array([2, 1, 0]))",0.7622385765522381,0.5486855568387017,0.7869344187262979,0.6735886723332442,0.7812628397909653,7.359128117678253,0.7151769423230303,0.6896297420078047,cnn,1-0-0,0-0-3
388,"[[213731  53229]
 [ 33178 110322]]","(array([0.        , 0.19938942, 1.        ]), array([0.        , 0.76879443, 1.        ]), array([2, 1, 0]))",0.768794425087108,0.5545941244218554,0.7894874043755786,0.6745418860172057,0.7847025017254539,7.270951161444865,0.7185907227138162,0.6914970966674356,cnn,1-0-0,0-1-0
389,"[[102347  26057]
 [ 16428  52409]]","(array([0.        , 0.20292982, 1.        ]), array([0.        , 0.76134927, 1.        ]), array([2, 1, 0]))",0.7613492743727936,0.5438229245597795,0.7846036067551878,0.6679198633803176,0.7792097295511207,7.439633495307867,0.7115808910884368,0.6847251509664203,cnn,1-0-0,0-1-1
390,"[[253517  62247]
 [ 39384 130368]]","(array([0.       , 0.1971314, 1.       ]), array([0.        , 0.76799095, 1.        ]), array([2, 1, 0]))",0.767990951505726,0.5564325767429911,0.790674251723939,0.6768320224281598,0.7854297747863184,7.229957728133376,0.7195357193121891,0.6932904493880103,cnn,1-0-0,0-1-2
391,"[[252833  61993]
 [ 39316 129992]]","(array([0.        , 0.19691195, 1.        ]), array([0.        , 0.76778416, 1.        ]), array([2, 1, 0]))",0.7677841566848583,0.5565152732277787,0.7907418194136334,0.6770945646795322,0.7854361058369816,7.227623895936864,0.7195932387286773,0.6934770733039708,cnn,1-0-0,0-1-3
392,"[[39120 10147]
 [ 6390 20596]]","(array([0.        , 0.20595936, 1.        ]), array([0.        , 0.76321055, 1.        ]), array([2, 1, 0]))",0.7632105536203958,0.5432150336169541,0.7831298440717086,0.6699411248088996,0.7786255946700229,7.490536224906064,0.7135408546830881,0.6867256165059551,cnn,1-0-0,0-2-0
393,"[[101483  25776]
 [ 16619  52090]]","(array([0.        , 0.20254756, 1.        ]), array([0.        , 0.75812485, 1.        ]), array([2, 1, 0]))",0.7581248453623252,0.5417426018427454,0.7836636593729589,0.6689697685767858,0.777788642437722,7.472097667402837,0.710762408323384,0.6850828438631887,cnn,1-0-0,0-2-1
394,"[[86688 21501]
 [14024 44013]]","(array([0.        , 0.19873555, 1.        ]), array([0.        , 0.75836105, 1.        ]), array([2, 1, 0]))",0.7583610455399142,0.5459260994151564,0.786284937374418,0.6718106053667918,0.7798127497061521,7.381560186574595,0.7124669164960219,0.6875033193478147,cnn,1-0-0,0-2-2
395,"[[221732  55044]
 [ 34337 114784]]","(array([0.        , 0.19887563, 1.        ]), array([0.        , 0.76973733, 1.        ]), array([2, 1, 0]))",0.7697373274052615,0.5561364700409565,0.7901347039307626,0.6758838354099442,0.785430851175533,7.248593875971089,0.7197639748047492,0.6927778106376737,cnn,1-0-0,0-2-3
396,"[[207465  50310]
 [ 32230 105964]]","(array([0.        , 0.19517021, 1.        ]), array([0.        , 0.76677714, 1.        ]), array([2, 1, 0]))",0.7667771393837649,0.5574290879084228,0.7915493384583137,0.6780654491470111,0.7858034664041315,7.199732381531486,0.7196978958664438,0.6941267408193479,cnn,1-0-0,0-3-0
397,"[[132045  32703]
 [ 20821  67483]]","(array([0.        , 0.19850317, 1.        ]), array([0.        , 0.76421227, 1.        ]), array([2, 1, 0]))",0.7642122667149845,0.5513589870118041,0.7884861609471571,0.673577146507496,0.7828545491197474,7.305532526895497,0.7160379861000582,0.689942500531645,cnn,1-0-0,0-3-1
398,"[[78577 20053]
 [12286 40612]]","(array([0.        , 0.20331542, 1.        ]), array([0.        , 0.76774169, 1.        ]), array([2, 1, 0]))",0.7677416915573367,0.5491218499621798,0.7865806979568133,0.6694469628286491,0.7822131351429591,7.371347369214167,0.7152329543953577,0.6870394305009507,cnn,1-0-0,0-3-2
399,"[[211143  51861]
 [ 33449 107817]]","(array([0.        , 0.19718712, 1.        ]), array([0.        , 0.76321974, 1.        ]), array([2, 1, 0]))",0.763219741480611,0.552074642015217,0.7889776634427487,0.6752151204298651,0.7830163132278722,7.288555871502111,0.7165253336168855,0.6911541094748826,cnn,1-0-0,0-3-3
400,"[[ 24407   8968]
 [  8434 195837]]","(array([0.        , 0.26870412, 1.        ]), array([0.        , 0.95871171, 1.        ]), array([2, 1, 0]))",0.9587117114029892,0.6946873644935494,0.9267734361192699,0.956212006542809,0.845003795776401,2.529186090293925,0.9574602274394,0.9567109041505982,cnn,1-0-0,1-0-0
401,"[[ 50970  11329]
 [ 20166 361347]]","(array([0.        , 0.18184883, 1.        ]), array([0.        , 0.94714204, 1.        ]), array([2, 1, 0]))",0.9471420370996533,0.7246238696272431,0.9290352671852046,0.9696009402268995,0.8826466056379019,2.4510554495980257,0.9582399106855178,0.9650243534803924,cnn,1-0-0,1-0-1
402,"[[ 15398   3446]
 [  5485 109314]]","(array([0.        , 0.18286988, 1.        ]), array([0.        , 0.95222084, 1.        ]), array([2, 1, 0]))",0.9522208381606112,0.7374050746577067,0.9331727063894106,0.9694395175594183,0.8846754795770154,2.308153568804141,0.9607530354765137,0.96594614369105,cnn,1-0-0,1-0-2
403,"[[ 17760   5184]
 [  6663 131286]]","(array([0.        , 0.22594142, 1.        ]), array([0.        , 0.95169954, 1.        ]), array([2, 1, 0]))",0.9516995411347672,0.7072413548734816,0.9263672129924857,0.9620136293690921,0.8628790592703125,2.5432121289526894,0.9568287910093688,0.9599329656975647,cnn,1-0-0,1-0-3
404,"[[ 30600   6804]
 [ 10420 216416]]","(array([0.        , 0.18190568, 1.        ]), array([0.        , 0.95406373, 1.        ]), array([2, 1, 0]))",0.95406372886138,0.743287515115979,0.9348168331819559,0.9695188603171759,0.8860790251621625,2.2513674125297327,0.9617292070320138,0.9663879055046103,cnn,1-0-0,1-1-0
405,"[[ 22826   8531]
 [  8226 183924]]","(array([0.        , 0.27206046, 1.        ]), array([0.       , 0.9571897, 1.       ]), array([2, 1, 0]))",0.9571896955503513,0.6879399906412303,0.9250269566501272,0.9556727546699229,0.8425646152912007,2.589507699603125,0.956430623626838,0.9559757580797739,cnn,1-0-0,1-1-1
406,"[[ 16921   3837]
 [  6436 120450]]","(array([0.       , 0.1848444, 1.       ]), array([0.       , 0.9492773, 1.       ]), array([2, 1, 0]))",0.9492773040366943,0.7281445413686136,0.9304204708623446,0.9691279055733906,0.8822164533479551,2.403212578636837,0.9590999032539326,0.9650916456475128,cnn,1-0-0,1-1-2
407,"[[ 17962   6601]
 [  6385 144680]]","(array([0.        , 0.26873753, 1.        ]), array([0.        , 0.95773343, 1.        ]), array([2, 1, 0]))",0.9577334260086717,0.6915512078489666,0.9260596260277405,0.956365967966896,0.8444979469741278,2.5538400961517924,0.9570492085226858,0.956639147091534,cnn,1-0-0,1-1-3
408,"[[ 23853   5237]
 [  8651 169127]]","(array([0.       , 0.1800275, 1.       ]), array([0.        , 0.95133819, 1.        ]), array([2, 1, 0]))",0.9513381858272677,0.7367894523252305,0.9328654020921554,0.9699651304168292,0.8856553424839329,2.3187671078381467,0.9605613644495686,0.9661816154308448,cnn,1-0-0,1-2-0
409,"[[ 29829  11396]
 [  9949 239031]]","(array([0.       , 0.2764342, 1.       ]), array([0.        , 0.96004097, 1.        ]), array([2, 1, 0]))",0.9600409671459555,0.6939159465416277,0.9264485449940559,0.9544937247181814,0.8418033822994788,2.540408657196407,0.9572593095411158,0.9555980388394227,cnn,1-0-0,1-2-1
410,"[[ 44445  16426]
 [ 14406 352463]]","(array([0.        , 0.26984935, 1.        ]), array([0.        , 0.96073258, 1.        ]), array([2, 1, 0]))",0.9607325775685599,0.7007136820678823,0.9279188291953056,0.9554717001591264,0.8454416120088039,2.489626146713599,0.9580949170787134,0.9565192612996459,cnn,1-0-0,1-2-2
411,"[[ 53519  12186]
 [ 21552 377032]]","(array([0.        , 0.18546534, 1.        ]), array([0.        , 0.94592859, 1.        ]), array([2, 1, 0]))",0.9459285871986833,0.7199541056200583,0.9273340527128577,0.9686910677306805,0.8802316248526708,2.509813891575681,0.9571745184703772,0.9640513517051779,cnn,1-0-0,1-2-3
412,"[[ 18349  17868]
 [  2368 217551]]","(array([0.        , 0.49335947, 1.        ]), array([0.       , 0.9892324, 1.       ]), array([2, 1, 0]))",0.9892323992015242,0.6336855767164872,0.9209950963550614,0.9241012832439183,0.7479364635651988,2.728788480862883,0.9555582885680527,0.9364322332654667,cnn,1-0-0,1-3-0
413,"[[ 9804  2826]
 [ 3329 73250]]","(array([0.        , 0.22375297, 1.        ]), array([0.        , 0.95652855, 1.        ]), array([2, 1, 0]))",0.9565285522140534,0.7209774863599185,0.9310047192547837,0.9628529365371471,0.8663877915464566,2.3830379039448153,0.9596803249156595,0.9615813780084697,cnn,1-0-0,1-3-1
414,"[[ 57271  13039]
 [ 21321 407950]]","(array([0.        , 0.18545015, 1.        ]), array([0.        , 0.95033207, 1.        ]), array([2, 1, 0]))",0.9503320746102113,0.7305402986025683,0.931222364341318,0.9690276943103027,0.8824409626357841,2.375516248376186,0.9595888316514949,0.9652299539992627,cnn,1-0-0,1-3-2
415,"[[ 45727  10208]
 [ 19534 321460]]","(array([0.        , 0.18249754, 1.        ]), array([0.        , 0.94271453, 1.        ]), array([2, 1, 0]))",0.9427145345665906,0.7136316693128704,0.9250697227967722,0.9692222342824752,0.8801084963885066,2.5880206531344423,0.9557846288329056,0.9638021042582867,cnn,1-0-0,1-3-3
416,"[[117312  74560]
 [  9200 182642]]","(array([0.        , 0.38859239, 1.        ]), array([0.        , 0.95204387, 1.        ]), array([2, 1, 0]))",0.9520438694342219,0.5992818659393641,0.7817124212303955,0.7101111188871004,0.7817257372521345,7.539541243796458,0.8134703948833523,0.7481341907999837,cnn,1-0-0,2-0-0
417,"[[123491  80901]
 [  9191 195379]]","(array([0.        , 0.39581295, 1.        ]), array([0.        , 0.95507161, 1.        ]), array([2, 1, 0]))",0.9550716136285868,0.5972895455968453,0.7797056939275532,0.707177501085855,0.779629332979701,7.608853955140075,0.8126401164604348,0.7458978842321465,cnn,1-0-0,2-0-1
418,"[[62005 39795]
 [ 5101 97336]]","(array([0.        , 0.39091356, 1.        ]), array([0.        , 0.95020354, 1.        ]), array([2, 1, 0]))",0.9502035397366186,0.5953753618302933,0.7801769512869852,0.7098030350540724,0.7796449918722386,7.592574925237077,0.8125960061443932,0.747633114733448,cnn,1-0-0,2-0-2
419,"[[151445  97231]
 [ 11910 236443]]","(array([0.        , 0.39099471, 1.        ]), array([0.        , 0.95204407, 1.        ]), array([2, 1, 0]))",0.9520440663088426,0.5972075808876509,0.7804132153254639,0.708604805888382,0.7805246791677076,7.584415275918876,0.812481207916471,0.7467962141411921,cnn,1-0-0,2-0-3
420,"[[23075 15292]
 [ 1827 36824]]","(array([0.        , 0.39857169, 1.        ]), array([0.        , 0.95273085, 1.        ]), array([2, 1, 0]))",0.9527308478435228,0.5923674023845737,0.7777272845308889,0.7065776345076368,0.7770795793157198,7.677186379137066,0.8113962122797933,0.7450782024563463,cnn,1-0-0,2-1-0
421,"[[131134  87160]
 [  9800 208469]]","(array([0.        , 0.39927804, 1.        ]), array([0.        , 0.95510127, 1.        ]), array([2, 1, 0]))",0.9551012741158845,0.5943909947198515,0.7779014712653156,0.7051710082569708,0.7779116181201795,7.671171061593757,0.8113244262480103,0.7441149069985759,cnn,1-0-0,2-1-1
422,"[[40155 25772]
 [ 3042 62729]]","(array([0.        , 0.39091723, 1.        ]), array([0.        , 0.95374861, 1.        ]), array([2, 1, 0]))",0.953748612610421,0.5994132031057882,0.7812115597807104,0.7087942509124191,0.7814156929904836,7.556841487858034,0.8132259904584112,0.7471740813531058,cnn,1-0-0,2-1-2
423,"[[106611  68191]
 [  8128 167028]]","(array([0.        , 0.39010423, 1.        ]), array([0.        , 0.95359565, 1.        ]), array([2, 1, 0]))",0.9535956518760419,0.6001796770721929,0.78191954463107,0.710095698051603,0.7817457098295096,7.532387889494025,0.814026195552848,0.7483118763619683,cnn,1-0-0,2-1-3
424,"[[119670  79095]
 [  9117 189885]]","(array([0.        , 0.39793223, 1.        ]), array([0.        , 0.95418639, 1.        ]), array([2, 1, 0]))",0.9541863900865318,0.5943960844705505,0.7782319800285091,0.7059446799018514,0.7781270792784181,7.6597550513406185,0.8115055707270792,0.7446926164894794,cnn,1-0-0,2-2-0
425,"[[ 99667  63695]
 [  7532 155972]]","(array([0.        , 0.38990096, 1.        ]), array([0.        , 0.95393385, 1.        ]), array([2, 1, 0]))",0.9539338487131813,0.6007120816216481,0.7820911321458947,0.7100383762695353,0.7820164462772331,7.526461475462787,0.814111715135018,0.7483025834507164,cnn,1-0-0,2-2-1
426,"[[131399  85994]
 [  9892 207009]]","(array([0.        , 0.39556931, 1.        ]), array([0.        , 0.95439394, 1.        ]), array([2, 1, 0]))",0.9543939400924846,0.5963974911508793,0.779214080783985,0.706508124490193,0.7794123127665692,7.625833822212184,0.8119528381813048,0.7452194629901225,cnn,1-0-0,2-2-2
427,"[[126012  83560]
 [  9533 201082]]","(array([0.        , 0.39871739, 1.        ]), array([0.        , 0.95473732, 1.        ]), array([2, 1, 0]))",0.9547373169052537,0.5947170583727228,0.7784486431041417,0.7064382628002895,0.7780099654974612,7.652271786829883,0.8120309253579455,0.745199131622619,cnn,1-0-0,2-2-3
428,"[[36652 23585]
 [ 2901 57142]]","(array([0.        , 0.39153676, 1.        ]), array([0.        , 0.95168463, 1.        ]), array([2, 1, 0]))",0.9516846260180204,0.5961649248600991,0.7797971400066511,0.7078424814498248,0.7800739314495037,7.6056941312021555,0.8118491155786034,0.7460745630642042,cnn,1-0-0,2-3-0
429,"[[23469 15140]
 [ 1740 36808]]","(array([0.        , 0.39213655, 1.        ]), array([0.        , 0.95486147, 1.        ]), array([2, 1, 0]))",0.9548614714122652,0.599900366250704,0.7812252938813069,0.7085547085547086,0.7813624614695557,7.55636755513026,0.8134724186704384,0.7470975075099456,cnn,1-0-0,2-3-1
430,"[[128211  82919]
 [  9990 202187]]","(array([0.        , 0.39273907, 1.        ]), array([0.        , 0.95291667, 1.        ]), array([2, 1, 0]))",0.9529166686304359,0.5972980429637782,0.7805162683348019,0.7091643108177309,0.7800887989578552,7.5808561585186895,0.8131667481092255,0.7474007486317104,cnn,1-0-0,2-3-2
431,"[[128477  82947]
 [ 10089 201082]]","(array([0.        , 0.39232537, 1.        ]), array([0.        , 0.95222355, 1.        ]), array([2, 1, 0]))",0.9522235534235288,0.5963396047801565,0.7798459517978206,0.7079629192793694,0.7799490894104174,7.6040083883741,0.812124394184168,0.7462478298981583,cnn,1-0-0,2-3-3
432,"[[44758 29153]
 [ 5044 31551]]","(array([0.        , 0.39443385, 1.        ]), array([0.        , 0.86216696, 1.        ]), array([2, 1, 0]))",0.8621669626998224,0.4424166758742772,0.6905416900439795,0.5197515814443858,0.7338665582938031,10.688522315898169,0.6485369839361145,0.564598387321902,cnn,1-0-0,3-0-0
433,"[[155818 102096]
 [ 16214 113421]]","(array([0.        , 0.39585288, 1.        ]), array([0.        , 0.87492575, 1.        ]), array([2, 1, 0]))",0.874925753075944,0.45494069619747196,0.6947224738033126,0.5262740294269129,0.7395364359414941,10.544122861834541,0.6572234841461154,0.5718496364334885,cnn,1-0-0,3-0-1
434,"[[48908 31997]
 [ 5146 35211]]","(array([0.        , 0.39548854, 1.        ]), array([0.        , 0.87248804, 1.        ]), array([2, 1, 0]))",0.8724880442054662,0.45221050335178553,0.6936962939750293,0.5239108439471492,0.7384997541341279,10.579566198439261,0.6546925115046716,0.5694090022607533,cnn,1-0-0,3-0-2
435,"[[118795  78365]
 [ 12626  85853]]","(array([0.        , 0.39746906, 1.        ]), array([0.        , 0.87178992, 1.        ]), array([2, 1, 0]))",0.8717899247555316,0.4498945013263108,0.6922226093309746,0.5227989623549185,0.7371604320470699,10.63046642493695,0.6536275633143889,0.5682987114599702,cnn,1-0-0,3-0-3
436,"[[147775  88229]
 [ 18778  99516]]","(array([0.        , 0.37384536, 1.        ]), array([0.        , 0.84125991, 1.        ]), array([2, 1, 0]))",0.8412599117453126,0.44165469450527045,0.6979745863651502,0.5300593890649551,0.7337072765960339,10.431787346730367,0.6503484849970101,0.5724086996735207,cnn,1-0-0,3-1-0
437,"[[133125  79008]
 [ 17408  89231]]","(array([0.        , 0.37244559, 1.        ]), array([0.        , 0.83675766, 1.        ]), array([2, 1, 0]))",0.8367576590178077,0.43882658018439513,0.6975393070909616,0.5303823726959861,0.7321560353184667,10.446820421760608,0.6492407540799919,0.5722907407051098,cnn,1-0-0,3-1-1
438,"[[77016 51155]
 [ 8107 55447]]","(array([0.        , 0.39911524, 1.        ]), array([0.        , 0.87243919, 1.        ]), array([2, 1, 0]))",0.8724391855744721,0.448454789085476,0.6909010301212675,0.5201309543910996,0.736661970548196,10.676113548685557,0.6517195984860951,0.5658295949481796,cnn,1-0-0,3-1-2
439,"[[176337 116592]
 [ 18505 128216]]","(array([0.        , 0.39802136, 1.        ]), array([0.        , 0.87387627, 1.        ]), array([2, 1, 0]))",0.8738762685641456,0.4516975985247379,0.6927169339247128,0.5237410542139146,0.7379274525127704,10.613393156571888,0.6549502080305674,0.5693665721393344,cnn,1-0-0,3-1-3
440,"[[41680 27747]
 [ 4131 30393]]","(array([0.        , 0.39965719, 1.        ]), array([0.        , 0.88034411, 1.        ]), array([2, 1, 0]))",0.8803441084462982,0.4559998016108572,0.6933362834412368,0.5227554179566564,0.7403434572795968,10.592002966271208,0.655982905982906,0.5689782989621244,cnn,1-0-0,3-2-0
441,"[[43762 28924]
 [ 4628 31815]]","(array([0.        , 0.39793083, 1.        ]), array([0.        , 0.87300716, 1.        ]), array([2, 1, 0]))",0.8730071618692204,0.451007967375535,0.6925473522161845,0.5237985478852137,0.7375381680628055,10.61925018242735,0.6547508797925541,0.5693470628026586,cnn,1-0-0,3-2-1
442,"[[165522  98867]
 [ 19738 111734]]","(array([0.        , 0.37394521, 1.        ]), array([0.        , 0.84986917, 1.        ]), array([2, 1, 0]))",0.8498691736643544,0.44921562606300275,0.7003872571432902,0.5305482879948338,0.7379619820717673,10.348457231496694,0.6532757627757818,0.5736561944231092,cnn,1-0-0,3-2-2
443,"[[128248  84426]
 [ 13139  92982]]","(array([0.        , 0.39697377, 1.        ]), array([0.       , 0.8761885, 1.       ]), array([2, 1, 0]))",0.8761885018045439,0.45456572431615166,0.6939569315704449,0.5241139069264069,0.7396073648701289,10.570564863884634,0.655890579094202,0.5699151581422318,cnn,1-0-0,3-2-3
444,"[[41569 26865]
 [ 4551 29758]]","(array([0.        , 0.39256802, 1.        ]), array([0.        , 0.86735259, 1.        ]), array([2, 1, 0]))",0.8673525896994958,0.45018964375297044,0.6942273439553059,0.5255461561556258,0.737392283977959,10.561222471676672,0.6545110632120706,0.5705116161364412,cnn,1-0-0,3-3-0
445,"[[135234  89732]
 [ 14112  98453]]","(array([0.        , 0.39886916, 1.        ]), array([0.        , 0.87463243, 1.        ]), array([2, 1, 0]))",0.874632434593346,0.45160812227269415,0.6923423330005244,0.5231713473443685,0.7378816360710656,10.626331938191486,0.6547165419783872,0.5688918936097676,cnn,1-0-0,3-3-1
446,"[[99640 65203]
 [10427 71874]]","(array([0.        , 0.39554607, 1.        ]), array([0.        , 0.87330652, 1.        ]), array([2, 1, 0]))",0.8733065211844327,0.45304062873351936,0.6939840740620853,0.5243330390948153,0.7388802280703624,10.569626593800926,0.6552525777425265,0.5698776896618982,cnn,1-0-0,3-3-2
447,"[[63297 42089]
 [ 6596 46060]]","(array([0.        , 0.39937942, 1.        ]), array([0.        , 0.87473412, 1.        ]), array([2, 1, 0]))",0.8747341233667578,0.4511361703205579,0.6919489755887676,0.5225243621595254,0.7376773495774066,10.63991839537886,0.6542381307481979,0.568288373653924,cnn,1-0-0,3-3-3
448,"[[247152   8228]
 [ 13422 124217]]","(array([0.        , 0.03221865, 1.        ]), array([0.        , 0.90248403, 1.        ]), array([2, 1, 0]))",0.9024840343216676,0.878279162387643,0.9449136046857786,0.9378760995130054,0.9351326898838348,1.902633430031302,0.9198397535581523,0.9305773434678966,cnn,0-2-0,0-0-0
449,"[[179494   6025]
 [  9722  90183]]","(array([0.        , 0.03247646, 1.        ]), array([0.        , 0.90268755, 1.        ]), array([2, 1, 0]))",0.9026875531755167,0.8780675018160979,0.9448294467178654,0.9373752702477964,0.935105547619297,1.9055402820546823,0.9197044561043888,0.9302260813595825,cnn,0-2-0,0-0-1
450,"[[283099   9381]
 [ 15168 142023]]","(array([0.        , 0.03207399, 1.        ]), array([0.        , 0.90350593, 1.        ]), array([2, 1, 0]))",0.9035059259117888,0.8792737758520398,0.9454067529371474,0.9380399461044623,0.9357159689733998,1.885600634112841,0.9204491323579448,0.9309235494692629,cnn,0-2-0,0-0-2
451,"[[76773  2641]
 [ 4158 38780]]","(array([0.       , 0.0332561, 1.       ]), array([0.       , 0.9031627, 1.       ]), array([2, 1, 0]))",0.9031626997065536,0.8773529157299923,0.9444308225447888,0.936240071461336,0.9349532993835864,1.9193086540948328,0.9194039758650528,0.9294321787730918,cnn,0-2-0,0-0-3
452,"[[258374   8586]
 [ 13757 129743]]","(array([0.        , 0.03216212, 1.        ]), array([0.       , 0.9041324, 1.       ]), array([2, 1, 0]))",0.9041324041811847,0.8796402715587838,0.9455659503971154,0.9379305857773858,0.9359851412575088,1.8801021934781106,0.9207214303708986,0.9309702991894561,cnn,0-2-0,0-1-0
453,"[[124180   4224]
 [  6621  62216]]","(array([0.        , 0.03289617, 1.        ]), array([0.        , 0.90381626, 1.        ]), array([2, 1, 0]))",0.9038162616034982,0.8783309953285265,0.9450165026541135,0.9364238410596026,0.9354600450723325,1.8990798439591747,0.9198311612469229,0.92971544873385,cnn,0-2-0,0-1-1
454,"[[305572  10192]
 [ 16315 153437]]","(array([0.        , 0.03227727, 1.        ]), array([0.       , 0.9038892, 1.       ]), array([2, 1, 0]))",0.9038892030727178,0.8792858167905698,0.9454044768864466,0.9377127526294239,0.9358059663531207,1.8856793502107165,0.9204903698771076,0.9307470385845381,cnn,0-2-0,0-1-2
455,"[[304652  10174]
 [ 16336 152972]]","(array([0.        , 0.03231626, 1.        ]), array([0.        , 0.90351312, 1.        ]), array([2, 1, 0]))",0.9035131240106787,0.8789369526352527,0.945242432880153,0.9376386794650191,0.9355984302119043,1.8912761700961664,0.9202596449433605,0.930608887785743,cnn,0-2-0,0-1-3
456,"[[47741  1526]
 [ 2612 24374]]","(array([0.        , 0.03097408, 1.        ]), array([0.        , 0.90320907, 1.        ]), array([2, 1, 0]))",0.9032090713703401,0.8806802656301467,0.9457332826249459,0.9410810810810811,0.936117495678675,1.874322018908357,0.9217562303823318,0.9332547133689676,cnn,0-2-0,0-2-0
457,"[[123167   4092]
 [  6693  62016]]","(array([0.       , 0.0321549, 1.       ]), array([0.        , 0.90258918, 1.        ]), array([2, 1, 0]))",0.9025891804567088,0.8784607195842637,0.9449655045721751,0.9381012888001452,0.9352171418749963,1.9008408279504616,0.9200026702863882,0.9307770583626752,cnn,0-2-0,0-2-1
458,"[[104636   3553]
 [  5677  52360]]","(array([0.        , 0.03284068, 1.        ]), array([0.        , 0.90218309, 1.        ]), array([2, 1, 0]))",0.9021830900976963,0.8771324009947645,0.9444731871067101,0.9364548494983278,0.9346712065671172,1.917845265450021,0.9189995612110576,0.9293937640447445,cnn,0-2-0,0-2-2
459,"[[267846   8930]
 [ 14464 134657]]","(array([0.        , 0.03226436, 1.        ]), array([0.        , 0.90300494, 1.        ]), array([2, 1, 0]))",0.9030049422951831,0.8786212705999943,0.9450712261415318,0.937807740255037,0.9353702920569189,1.8971894035120984,0.9200773467072989,0.9306342082383625,cnn,0-2-0,0-2-3
460,"[[249495   8280]
 [ 13289 124905]]","(array([0.        , 0.03212104, 1.        ]), array([0.        , 0.90383808, 1.        ]), array([2, 1, 0]))",0.9038380826953414,0.8794545769826441,0.9455285641047658,0.9378308368059466,0.935858523454159,1.8813934644594672,0.9205207477365603,0.9308292618946127,cnn,0-2-0,0-3-0
461,"[[159418   5330]
 [  8598  79706]]","(array([0.        , 0.03235244, 1.        ]), array([0.        , 0.90263182, 1.        ]), array([2, 1, 0]))",0.9026318173582171,0.878177333487312,0.9449599291845154,0.9373206641892845,0.935139688026961,1.9010335404684373,0.9196492442598361,0.930171222645455,cnn,0-2-0,0-3-1
462,"[[95404  3226]
 [ 5342 47556]]","(array([0.       , 0.0327081, 1.       ]), array([0.       , 0.8990132, 1.       ]), array([2, 1, 0]))",0.8990131952058679,0.8748351099569872,0.9434559949316298,0.9364735536213619,0.9331525471111972,1.952977770794207,0.9173611111111111,0.9287338004733894,cnn,0-2-0,0-3-2
463,"[[254531   8473]
 [ 13828 127438]]","(array([0.        , 0.03221624, 1.        ]), array([0.        , 0.90211374, 1.        ]), array([2, 1, 0]))",0.9021137428680644,0.8779761097074533,0.9448363717317634,0.9376577318980803,0.9349487514054394,1.9053009804633778,0.9195423862730312,0.9303266122556249,cnn,0-2-0,0-3-3
464,"[[   948  32427]
 [ 74919 129352]]","(array([0.        , 0.97159551, 1.        ]), array([0.        , 0.63323722, 1.        ]), array([2, 1, 0]))",0.6332372191843189,-0.25217572766143465,0.5482945221043064,0.799559893434871,0.3308208567831707,15.601463603149016,0.7067449801939626,0.7596545401797301,cnn,0-2-0,1-0-0
465,"[[  1851  60448]
 [139584 241929]]","(array([0.        , 0.97028845, 1.        ]), array([0.        , 0.63413042, 1.        ]), array([2, 1, 0]))",0.6341304228165227,-0.25060277008951126,0.5492866348814363,0.8000906153576496,0.33192098758444394,15.56719704264922,0.707508517451637,0.760294804405473,cnn,0-2-0,1-0-1
466,"[[  561 18283]
 [42413 72386]]","(array([0.        , 0.97022925, 1.        ]), array([0.        , 0.63054556, 1.        ]), array([2, 1, 0]))",0.6305455622435735,-0.25310340643381485,0.5458347986800656,0.7983544541133133,0.33015815577684937,15.686419723482075,0.7045963361691359,0.7580082726844338,cnn,0-2-0,1-0-2
467,"[[  697 22247]
 [50882 87067]]","(array([0.        , 0.96962169, 1.        ]), array([0.        , 0.63115354, 1.        ]), array([2, 1, 0]))",0.6311535422511217,-0.2535930195453422,0.5454805367542404,0.7964853541174964,0.3307659273319765,15.698656670131411,0.7042460861511832,0.7568345198668301,cnn,0-2-0,1-0-3
468,"[[  1110  36294]
 [ 83246 143590]]","(array([0.        , 0.97032403, 1.        ]), array([0.       , 0.6330124, 1.       ]), array([2, 1, 0]))",0.6330123966213476,-0.25222729141637396,0.5476082349379352,0.7982366413911187,0.33134418355289386,15.62516784300921,0.7060877261998427,0.7586340255206199,cnn,0-2-0,1-1-0
469,"[[   902  30455]
 [ 70609 121541]]","(array([0.        , 0.97123449, 1.        ]), array([0.        , 0.63253188, 1.        ]), array([2, 1, 0]))",0.6325318761384335,-0.2521758506604855,0.5478262425785322,0.799632885075923,0.33064869152139653,15.617637252144183,0.706333939665142,0.75950403307446,cnn,0-2-0,1-1-1
470,"[[  613 20145]
 [46540 80346]]","(array([0.        , 0.97046922, 1.        ]), array([0.        , 0.63321407, 1.        ]), array([2, 1, 0]))",0.6332140661696326,-0.2514432315573538,0.5483392484625179,0.799534286652536,0.3313724247410452,15.599918803235147,0.7067205566086281,0.7596293845135672,cnn,0-2-0,1-1-2
471,"[[  652 23911]
 [55187 95878]]","(array([0.        , 0.97345601, 1.        ]), array([0.        , 0.63468044, 1.        ]), array([2, 1, 0]))",0.6346804355740906,-0.2523233474496433,0.549627622019268,0.8003906869579009,0.3306122122502623,15.555419719286208,0.7079681304318932,0.7606696698459746,cnn,0-2-0,1-1-3
472,"[[   851  28239]
 [ 65232 112546]]","(array([0.        , 0.97074596, 1.        ]), array([0.        , 0.63307046, 1.        ]), array([2, 1, 0]))",0.6330704586619267,-0.25176036244390193,0.5481611462381809,0.7994175515857513,0.33116224892532564,15.606070287528897,0.7065855105583511,0.7595037507524449,cnn,0-2-0,1-2-0
473,"[[  1152  40073]
 [ 91442 157538]]","(array([0.        , 0.97205579, 1.        ]), array([0.        , 0.63273355, 1.        ]), array([2, 1, 0]))",0.6327335528958149,-0.25414285593442315,0.546820351131097,0.7972127057704278,0.3303388807535472,15.652380971535628,0.705513545951441,0.7578139431069515,cnn,0-2-0,1-2-1
474,"[[  1706  59165]
 [134874 231995]]","(array([0.        , 0.97197352, 1.        ]), array([0.        , 0.63236469, 1.        ]), array([2, 1, 0]))",0.632364686032344,-0.25449560837767804,0.5463622761490625,0.796795576315428,0.3301955841326314,15.668202508706294,0.705120898926947,0.7574065839639205,cnn,0-2-0,1-2-2
475,"[[  1900  63805]
 [146494 252090]]","(array([0.        , 0.97108287, 1.        ]), array([0.        , 0.63246392, 1.        ]), array([2, 1, 0]))",0.6324639222848885,-0.25309924520445837,0.5470515131739068,0.7980183288751009,0.3306905259396438,15.644396389721397,0.7056610481203787,0.7583186737289461,cnn,0-2-0,1-2-3
476,"[[  1085  35132]
 [ 83734 136185]]","(array([0.        , 0.97004169, 1.        ]), array([0.        , 0.61925072, 1.        ]), array([2, 1, 0]))",0.619250724130248,-0.2597103229868415,0.5359262266920698,0.7949298668550114,0.3246045155013556,16.028649961014352,0.6961782658037603,0.7522478780627649,cnn,0-2-0,1-3-0
477,"[[  390 12240]
 [28073 48506]]","(array([0.        , 0.96912114, 1.        ]), array([0.        , 0.63341125, 1.        ]), array([2, 1, 0]))",0.6334112485146058,-0.25108541095851933,0.5481061327892925,0.7985052513745761,0.332145054186044,15.607970943296975,0.7064409248133989,0.7589426810988755,cnn,0-2-0,1-3-1
478,"[[  1971  68339]
 [157130 272141]]","(array([0.      , 0.971967, 1.      ]), array([0.        , 0.63396083, 1.        ]), array([2, 1, 0]))",0.6339608312697573,-0.25229967831723804,0.5486837970219044,0.7992863016917293,0.33099691399926495,15.588018797097767,0.7070883961177056,0.759664938021685,cnn,0-2-0,1-3-2
479,"[[  1749  54186]
 [124611 216383]]","(array([0.        , 0.96873156, 1.        ]), array([0.        , 0.63456542, 1.        ]), array([2, 1, 0]))",0.6345654175733297,-0.24959381126521687,0.54954916370434,0.7997331549438406,0.33291692707575044,15.558129867223602,0.70763927837361,0.7601614591749983,cnn,0-2-0,1-3-3
480,"[[93152 98720]
 [93375 98467]]","(array([0.        , 0.51450967, 1.        ]), array([0.        , 0.51327134, 1.        ]), array([2, 1, 0]))",0.5132713378717904,-0.0012388133839700802,0.49937974637360116,0.4993584769787055,0.49938083237819003,17.29101671515419,0.5062193306925704,0.5020803801792798,cnn,0-2-0,2-0-0
481,"[[ 99246 105146]
 [ 99806 104764]]","(array([0.        , 0.51443305, 1.        ]), array([0.       , 0.5121181, 1.       ]), array([2, 1, 0]))",0.5121181013833895,-0.002315764961565582,0.49884830375438305,0.4990900862274308,0.49884252558307995,17.30937195671267,0.50552016985138,0.5016423899407207,cnn,0-2-0,2-0-1
482,"[[49490 52310]
 [49673 52764]]","(array([0.        , 0.51385069, 1.        ]), array([0.        , 0.51508732, 1.        ]), array([2, 1, 0]))",0.5150873219637435,0.0012371465712402144,0.5006634449193829,0.5021603822068257,0.5006183171704769,17.246678417836872,0.5085417158608458,0.5046936007483744,cnn,0-2-0,2-0-2
483,"[[120576 128100]
 [120779 127574]]","(array([0.        , 0.51512812, 1.        ]), array([0.        , 0.51368012, 1.        ]), array([2, 1, 0]))",0.5136801246612684,-0.0014485948178800689,0.49926664238907587,0.4989713463238343,0.49927600307280473,17.294923553393836,0.5062189128756992,0.5018453261833337,cnn,0-2-0,2-0-3
484,"[[18374 19993]
 [18557 20094]]","(array([0.        , 0.52109886, 1.        ]), array([0.        , 0.51988306, 1.        ]), array([2, 1, 0]))",0.5198830560658197,-0.001216818708506271,0.49946765691137135,0.5012597600219523,0.4993920975327404,17.287982242790367,0.5104015850034291,0.5048769089291906,cnn,0-2-0,2-1-0
485,"[[104714 113580]
 [106777 111492]]","(array([0.        , 0.52030748, 1.        ]), array([0.        , 0.51080089, 1.        ]), array([2, 1, 0]))",0.5108008924767146,-0.009511186155278559,0.49524581790028016,0.495361484325016,0.4952467086184501,17.433799860110582,0.5029627307196943,0.49837424467416497,cnn,0-2-0,2-1-1
486,"[[31729 34198]
 [32071 33700]]","(array([0.        , 0.51872526, 1.        ]), array([0.        , 0.51238388, 1.        ]), array([2, 1, 0]))",0.5123838773927719,-0.0063444471172249125,0.49681088551078983,0.49633273439571124,0.4968293103347132,17.379743941041273,0.5042305994658448,0.49946200383563105,cnn,0-2-0,2-1-2
487,"[[84720 90082]
 [85246 89910]]","(array([0.        , 0.51533735, 1.        ]), array([0.        , 0.51331385, 1.        ]), array([2, 1, 0]))",0.5133138459430451,-0.002024337073299466,0.4990027374713537,0.4995222009867105,0.49898824641175776,17.304038247740035,0.5063241240271661,0.50222092134721,cnn,0-2-0,2-1-3
488,"[[ 96119 102646]
 [ 96767 102235]]","(array([0.        , 0.51641889, 1.        ]), array([0.        , 0.51373856, 1.        ]), array([2, 1, 0]))",0.5137385553914031,-0.0026815503024409082,0.4986688186802827,0.4989969787339968,0.4986598343832471,17.315571911989036,0.5062604764251033,0.5018772225745832,cnn,0-2-0,2-2-0
489,"[[79403 83959]
 [79505 83999]]","(array([0.        , 0.51394449, 1.        ]), array([0.        , 0.51374278, 1.        ]), array([2, 1, 0]))",0.5137427830511792,-0.0002017856620559018,0.49990515991262474,0.5001190773883947,0.49989914583809797,17.27286924310978,0.5068393963712281,0.5027857053928,cnn,0-2-0,2-2-1
490,"[[105399 111994]
 [105892 111009]]","(array([0.        , 0.51516838, 1.        ]), array([0.       , 0.5117957, 1.       ]), array([2, 1, 0]))",0.5117957040308713,-0.00337390258030916,0.49829838772812884,0.4977915095312619,0.4983136611721242,17.328366000212082,0.5046964792318324,0.5005306998835797,cnn,0-2-0,2-2-2
491,"[[101243 108329]
 [102482 108133]]","(array([0.        , 0.51690588, 1.        ]), array([0.        , 0.51341547, 1.        ]), array([2, 1, 0]))",0.5134154737316905,-0.0034920045885235887,0.49829242694324194,0.4995472646469126,0.49825479467891187,17.328571826776006,0.50638643616959,0.5022606443509903,cnn,0-2-0,2-2-3
492,"[[29088 31149]
 [29185 30858]]","(array([0.        , 0.51710743, 1.        ]), array([0.        , 0.51393168, 1.        ]), array([2, 1, 0]))",0.5139316822943557,-0.0031772706506504943,0.49838709677419357,0.49765349073491705,0.4984121283128733,17.32530297365226,0.5056616140925849,0.5008261082672502,cnn,0-2-0,2-3-0
493,"[[18863 19746]
 [18686 19862]]","(array([0.        , 0.51143516, 1.        ]), array([0.        , 0.51525371, 1.        ]), array([2, 1, 0]))",0.5152537096606827,0.0038199112491000262,0.5018987259743121,0.5014643506362351,0.5019092760274716,17.204013158366237,0.5082655202415681,0.5041628591735201,cnn,0-2-0,2-3-1
494,"[[102616 108514]
 [103312 108865]]","(array([0.       , 0.5139677, 1.       ]), array([0.        , 0.51308577, 1.        ]), array([2, 1, 0]))",0.513085772727487,-0.0008822450622203072,0.49959249433626185,0.5008073456957663,0.49955903755021636,17.283667919840425,0.5068722122377525,0.5032157922811741,cnn,0-2-0,2-3-2
495,"[[102373 109051]
 [102963 108208]]","(array([0.        , 0.51579291, 1.        ]), array([0.        , 0.51241885, 1.        ]), array([2, 1, 0]))",0.5124188453907024,-0.0033754067486492815,0.4983045232432944,0.4980599192668658,0.49831296817741566,17.32815422683646,0.5051373619961255,0.5008669634616328,cnn,0-2-0,2-3-3
496,"[[35781 38130]
 [17877 18718]]","(array([0.        , 0.51589073, 1.        ]), array([0.        , 0.51149064, 1.        ]), array([2, 1, 0]))",0.5114906407979232,-0.004143357439299793,0.4931768410765026,0.32926400225161834,0.49779995367411684,17.505327658224672,0.4006292606187729,0.35452503342967645,cnn,0-2-0,3-0-0
497,"[[125481 132433]
 [ 63211  66424]]","(array([0.        , 0.51347736, 1.        ]), array([0.        , 0.51239249, 1.        ]), array([2, 1, 0]))",0.5123924865969839,-0.0010240725839752596,0.49517609386167943,0.33402897559552847,0.4994575629631864,17.436273250846675,0.4044177635985047,0.35902419618988113,cnn,0-2-0,3-0-1
498,"[[39311 41594]
 [19709 20648]]","(array([0.        , 0.51410914, 1.        ]), array([0.        , 0.51163367, 1.        ]), array([2, 1, 0]))",0.511633669499715,-0.002333799610248842,0.49445828041760814,0.3317374120368883,0.498762264574961,17.46106668035099,0.4024990496983401,0.35683055387539964,cnn,0-2-0,3-0-2
499,"[[ 96071 101089]
 [ 48101  50378]]","(array([0.        , 0.51272571, 1.        ]), array([0.        , 0.51156084, 1.        ]), array([2, 1, 0]))",0.5115608403822135,-0.0010983916036229986,0.49536427873183175,0.33260050043903955,0.49941756768552753,17.42977374724358,0.40311107199155016,0.3576220243715101,cnn,0-2-0,3-0-3
500,"[[114714 121290]
 [ 57580  60714]]","(array([0.        , 0.51393197, 1.        ]), array([0.        , 0.51324666, 1.        ]), array([2, 1, 0]))",0.5132466566351632,-0.0006466256962078019,0.4951425071549938,0.333586075031318,0.49965734469018547,17.437433790001585,0.4043583373848644,0.35869834930462835,cnn,0-2-0,3-1-0
501,"[[102961 109172]
 [ 51992  54647]]","(array([0.       , 0.5146394, 1.       ]), array([0.        , 0.51244854, 1.        ]), array([2, 1, 0]))",0.5124485413404102,-0.0020682095014521837,0.49442234575182264,0.3335815747868074,0.4989045702935546,17.4623073938741,0.40410710720333654,0.35861611859590636,cnn,0-2-0,3-1-1
502,"[[62683 65488]
 [31110 32444]]","(array([0.        , 0.51094241, 1.        ]), array([0.        , 0.51049501, 1.        ]), array([2, 1, 0]))",0.5104950121156812,-0.0004213233396027344,0.4961637762420133,0.3312910999469019,0.49977629962268755,17.40215979257838,0.4018181142637752,0.3563066407193783,cnn,0-2-0,3-1-2
503,"[[142731 150198]
 [ 71621  75100]]","(array([0.        , 0.51274541, 1.        ]), array([0.        , 0.51185584, 1.        ]), array([2, 1, 0]))",0.5118558352246781,-0.0008392029501191867,0.4954645740930285,0.3333362923772071,0.49955521296377237,17.426309425855816,0.4037428195871716,0.3583312736839795,cnn,0-2-0,3-1-3
504,"[[33711 35716]
 [16808 17716]]","(array([0.        , 0.51443963, 1.        ]), array([0.        , 0.51315027, 1.        ]), array([2, 1, 0]))",0.5131502722743598,-0.0012149800897559792,0.4947234754836413,0.33156161101961373,0.49935532251999926,17.451907627517826,0.4028377825276275,0.356814849427195,cnn,0-2-0,3-2-0
505,"[[35313 37373]
 [17566 18877]]","(array([0.        , 0.51417054, 1.        ]), array([0.        , 0.51798699, 1.        ]), array([2, 1, 0]))",0.517986993386933,0.003601548974676015,0.4965682815750167,0.3355911111111111,0.5019082258022357,17.388189387923983,0.40730152222929455,0.3610155942213026,cnn,0-2-0,3-2-1
506,"[[128308 136081]
 [ 64492  66980]]","(array([0.        , 0.51469993, 1.        ]), array([0.        , 0.50946209, 1.        ]), array([2, 1, 0]))",0.509462090787392,-0.004935416156629482,0.4933246770962535,0.3298516209414905,0.4973810800017924,17.50022055184602,0.40043882068435704,0.3548737120065783,cnn,0-2-0,3-2-2
507,"[[103664 109010]
 [ 52081  54040]]","(array([0.        , 0.51256853, 1.        ]), array([0.        , 0.50923003, 1.        ]), array([2, 1, 0]))",0.5092300298715617,-0.003147328551192783,0.49468780877993695,0.33143207605029135,0.4983307488759898,17.45313819962177,0.4015291394689621,0.35631348729627693,cnn,0-2-0,3-2-3
508,"[[33432 35002]
 [16544 17765]]","(array([0.        , 0.51147091, 1.        ]), array([0.        , 0.51779416, 1.        ]), array([2, 1, 0]))",0.517794164796409,0.00596649089738303,0.4983015874560797,0.33666875130289764,0.5031616292608752,17.328321691612253,0.40803436078827693,0.36199399291702156,cnn,0-2-0,3-3-0
509,"[[109862 115104]
 [ 54925  57640]]","(array([0.        , 0.51165065, 1.        ]), array([0.       , 0.5120597, 1.       ]), array([2, 1, 0]))",0.5120596988406698,0.00038580952126355487,0.4962566401308324,0.3336729495669893,0.5002045247046001,17.39895194371146,0.4040531493924131,0.3586624702410953,cnn,0-2-0,3-3-1
510,"[[80033 84810]
 [40164 42137]]","(array([0.        , 0.51448954, 1.        ]), array([0.        , 0.51198649, 1.        ]), array([2, 1, 0]))",0.5119864886210375,-0.0023602083234994936,0.49432719386268736,0.33192592184139835,0.49874847201202865,17.465594370227976,0.4027469796604985,0.3570393618589738,cnn,0-2-0,3-3-2
511,"[[51289 54097]
 [25620 27036]]","(array([0.        , 0.51332245, 1.        ]), array([0.        , 0.51344576, 1.        ]), array([2, 1, 0]))",0.5134457611668186,0.00011628426420375566,0.4955961073638653,0.3332306213254779,0.5000616542345584,17.421766958753217,0.40415878734425104,0.3583889201141075,cnn,0-2-0,3-3-3
512,"[[158337  97043]
 [ 14672 122967]]","(array([0.        , 0.37999452, 1.        ]), array([0.        , 0.89340231, 1.        ]), array([2, 1, 0]))",0.8934023060324472,0.49336812715267797,0.7157516557723672,0.5589155038407345,0.7567038940296155,9.817787435953136,0.6876406756344908,0.6041541586295875,cnn,1-1-0,0-0-0
513,"[[114994  70525]
 [ 10708  89197]]","(array([0.        , 0.38014974, 1.        ]), array([0.        , 0.89281818, 1.        ]), array([2, 1, 0]))",0.892818177268405,0.49257336521406303,0.7153953416671338,0.5584515595847785,0.7563342175967345,9.830094226472,0.6871165171573065,0.6036670623571149,cnn,1-1-0,0-0-1
514,"[[181199 111281]
 [ 16504 140687]]","(array([0.        , 0.38047388, 1.        ]), array([0.        , 0.89500671, 1.        ]), array([2, 1, 0]))",0.8950067115801795,0.4943057861807402,0.7158255702502496,0.5583526479552959,0.7572664165121905,9.815234964285645,0.6876886491559516,0.6037742165015969,cnn,1-1-0,0-0-2
515,"[[49340 30074]
 [ 4371 38567]]","(array([0.        , 0.37869897, 1.        ]), array([0.        , 0.89820206, 1.        ]), array([2, 1, 0]))",0.8982020587824305,0.49961348934887784,0.7184761998169217,0.5618653574394312,0.7597515444137554,9.723684124622517,0.691294956936341,0.6073505048787093,cnn,1-1-0,0-0-3
516,"[[165205 101755]
 [ 15047 128453]]","(array([0.        , 0.38116197, 1.        ]), array([0.        , 0.89514286, 1.        ]), array([2, 1, 0]))",0.8951428571428571,0.4938508021035212,0.7154363397164157,0.5579866902974702,0.7569904426559355,9.828678856684856,0.6874511650807582,0.6034442260497666,cnn,1-1-0,0-1-0
517,"[[79558 48846]
 [ 7091 61746]]","(array([0.        , 0.38040871, 1.        ]), array([0.        , 0.89698854, 1.        ]), array([2, 1, 0]))",0.8969885381408255,0.49612836081341827,0.7164027762990454,0.5583224826388888,0.7582899140658957,9.795299112954174,0.6882499484475754,0.6039260179380093,cnn,1-1-0,0-1-1
518,"[[195676 120088]
 [ 17651 152101]]","(array([0.        , 0.38030934, 1.        ]), array([0.       , 0.8960189, 1.       ]), array([2, 1, 0]))",0.8960188981573118,0.49549096056026465,0.7163038911179034,0.5588065645562459,0.7578547766017427,9.798714241991615,0.6883317003853455,0.6042909540503517,cnn,1-1-0,0-1-2
519,"[[195093 119733]
 [ 17681 151627]]","(array([0.        , 0.38031484, 1.        ]), array([0.        , 0.89556902, 1.        ]), array([2, 1, 0]))",0.8955690221371702,0.4950663022747792,0.7161653591774179,0.5587669516509434,0.7576270907792825,9.80349894394809,0.6881688708960033,0.6042129575022235,cnn,1-1-0,0-1-3
520,"[[30444 18823]
 [ 3156 23830]]","(array([0.        , 0.38206101, 1.        ]), array([0.        , 0.88305047, 1.        ]), array([2, 1, 0]))",0.8830504706143927,0.4825379475218087,0.7117621601773045,0.5586945818582515,0.7504947280711154,9.955579678257516,0.6843866224385762,0.6029919331167319,cnn,1-1-0,0-2-0
521,"[[78953 48306]
 [ 7324 61385]]","(array([0.        , 0.37958808, 1.        ]), array([0.        , 0.89340552, 1.        ]), array([2, 1, 0]))",0.8934055218384782,0.49388619888504964,0.7161271227955585,0.5596174708955156,0.7569087188475585,9.8048189306537,0.6881726457399103,0.6048105022336164,cnn,1-1-0,0-2-1
522,"[[67020 41169]
 [ 6145 51892]]","(array([0.        , 0.38052852, 1.        ]), array([0.        , 0.89411927, 1.        ]), array([2, 1, 0]))",0.894119268742354,0.49320296357347615,0.7153634208848194,0.5576127486272445,0.7567953746035482,9.831197195236651,0.6868654780341237,0.6030012945028946,cnn,1-1-0,0-2-2
523,"[[171434 105342]
 [ 15486 133635]]","(array([0.        , 0.38060381, 1.        ]), array([0.        , 0.89615145, 1.        ]), array([2, 1, 0]))",0.896151447482246,0.49556026980509316,0.7162976024719592,0.5591960732622805,0.7577738189516904,9.79893144454354,0.6886662647063372,0.6046673888196601,cnn,1-1-0,0-2-3
524,"[[159869  97906]
 [ 14392 123802]]","(array([0.        , 0.37981185, 1.        ]), array([0.        , 0.89585655, 1.        ]), array([2, 1, 0]))",0.8958565494884003,0.4955203889041337,0.7163969906735124,0.558401140238512,0.7580223490337938,9.795498629896988,0.6879761712910737,0.6038968767621504,cnn,1-1-0,0-3-0
525,"[[101981  62767]
 [  9189  79115]]","(array([0.        , 0.38098793, 1.        ]), array([0.        , 0.89593903, 1.        ]), array([2, 1, 0]))",0.895939028809567,0.4945483950267458,0.7156473768237358,0.5576112544226893,0.7574755478619424,9.821390001280742,0.6874006238433268,0.6031651398528891,cnn,1-1-0,0-3-1
526,"[[60705 37925]
 [ 5882 47016]]","(array([0.       , 0.3845179, 1.       ]), array([0.        , 0.88880487, 1.        ]), array([2, 1, 0]))",0.8888048697493289,0.4843379333332468,0.7108983158228183,0.5535136153329958,0.7521434872927928,9.98541855145183,0.6821871894021285,0.5986828366381264,cnn,1-1-0,0-3-2
527,"[[163088  99916]
 [ 15567 125699]]","(array([0.        , 0.37990297, 1.        ]), array([0.        , 0.88980363, 1.        ]), array([2, 1, 0]))",0.8898036328628262,0.4895465643146482,0.7143419002152027,0.5571393745983202,0.7549503328037876,9.866478855691259,0.685230360798188,0.6021647443869369,cnn,1-1-0,0-3-3
528,"[[ 10628  22747]
 [   477 203794]]","(array([0.        , 0.68155805, 1.        ]), array([0.        , 0.99766487, 1.        ]), array([2, 1, 0]))",0.997664866770124,0.5203734911808798,0.9022748121154995,0.8995899197054837,0.6580534071678336,3.375384948360799,0.9460924951022719,0.9176313786939352,cnn,1-1-0,1-0-0
529,"[[ 22587  39712]
 [  1100 380413]]","(array([0.        , 0.63744201, 1.        ]), array([0.        , 0.99711674, 1.        ]), array([2, 1, 0]))",0.9971167430729753,0.5558541357185514,0.9080421439708706,0.9054757512645046,0.6798373647787548,3.1761833745870844,0.9490892397815472,0.922431138891947,cnn,1-1-0,1-0-1
530,"[[  6806  12038]
 [   399 114400]]","(array([0.        , 0.63882403, 1.        ]), array([0.        , 0.99652436, 1.        ]), array([2, 1, 0]))",0.9965243599682924,0.551212605919966,0.9069386350201657,0.9047912811022003,0.6788501655498436,3.2142977004210396,0.9484448902946067,0.9217614668254503,cnn,1-1-0,1-0-2
531,"[[  8447  14497]
 [   367 137582]]","(array([0.        , 0.63184275, 1.        ]), array([0.       , 0.9973396, 1.       ]), array([2, 1, 0]))",0.9973395965175536,0.5616378074766601,0.907615620319094,0.904674544151395,0.6827484244791394,3.1909154785969434,0.9487497758837078,0.9218039168391925,cnn,1-1-0,1-0-3
532,"[[ 13637  23767]
 [   569 226267]]","(array([0.        , 0.63541332, 1.        ]), array([0.        , 0.99749158, 1.        ]), array([2, 1, 0]))",0.9974915798197816,0.5596055569785571,0.9079019073569482,0.9049449274898613,0.6810391275208415,3.181027347784855,0.9489672237716777,0.9220544560104061,cnn,1-1-0,1-1-0
533,"[[ 11453  19904]
 [   503 191647]]","(array([0.       , 0.6347546, 1.       ]), array([0.        , 0.99738225, 1.        ]), array([2, 1, 0]))",0.9973822534478273,0.5596904186865733,0.9086963719257115,0.905913940373716,0.6813138265995395,3.153586800763255,0.9494502119142633,0.9228403800630612,cnn,1-1-0,1-1-1
534,"[[  7623  13135]
 [   407 126479]]","(array([0.        , 0.63276809, 1.        ]), array([0.       , 0.9967924, 1.       ]), array([2, 1, 0]))",0.9967923963242595,0.5579659967435865,0.9082793747121455,0.9059191771598837,0.682012153456474,3.167989302999961,0.9491857410881801,0.922743681256949,cnn,1-1-0,1-1-2
535,"[[  8885  15678]
 [   396 150669]]","(array([0.        , 0.63827708, 1.        ]), array([0.        , 0.99737861, 1.        ]), array([2, 1, 0]))",0.9973786118558237,0.5567176784126496,0.9084770082219236,0.905751230860791,0.6795507642188372,3.161163526660356,0.9493591924690938,0.9227046749782288,cnn,1-1-0,1-1-3
536,"[[ 10575  18515]
 [   481 177297]]","(array([0.        , 0.63647301, 1.        ]), array([0.        , 0.99729438, 1.        ]), array([2, 1, 0]))",0.9972943783820271,0.5576791983764212,0.9081733279192529,0.9054450186913978,0.6804106818001576,3.1716524592694055,0.9491528145828315,0.9224360215020198,cnn,1-1-0,1-2-0
537,"[[ 12939  28286]
 [   588 248392]]","(array([0.        , 0.68613705, 1.        ]), array([0.        , 0.99763836, 1.        ]), array([2, 1, 0]))",0.9976383645272713,0.515863005971313,0.9005048155614135,0.8977656336969329,0.6557506558840116,3.436519863681059,0.9450707494226284,0.9161077884947318,cnn,1-1-0,1-2-1
538,"[[ 19293  41578]
 [   728 366141]]","(array([0.        , 0.68305104, 1.        ]), array([0.        , 0.99801564, 1.        ]), array([2, 1, 0]))",0.9980156404602187,0.5209536799751229,0.9010941225978398,0.8980229030288017,0.6574822990459659,3.416165707731437,0.9453825775767246,0.9163857249048302,cnn,1-1-0,1-2-2
539,"[[ 19363  46342]
 [   923 397661]]","(array([0.        , 0.70530401, 1.        ]), array([0.       , 0.9976843, 1.       ]), array([2, 1, 0]))",0.9976843024306044,0.49855844053047205,0.8981991819750199,0.8956268313502386,0.6461901460406579,3.516155500667825,0.9439049024017697,0.9143330531280294,cnn,1-1-0,1-2-3
540,"[[  8712  27505]
 [  1639 218280]]","(array([0.        , 0.75944998, 1.        ]), array([0.        , 0.99254726, 1.        ]), array([2, 1, 0]))",0.9925472560351766,0.4124354294771381,0.8862166973795171,0.8880932522326423,0.6165486369912747,3.930021910940261,0.9374194767491797,0.907187428048001,cnn,1-1-0,1-3-0
541,"[[ 4005  8625]
 [  193 76386]]","(array([0.        , 0.68289786, 1.        ]), array([0.        , 0.99747973, 1.        ]), array([2, 1, 0]))",0.9974797268180572,0.5178827236565817,0.9011534710623368,0.898542541553446,0.657290932292639,3.41411546792541,0.9454297914474906,0.9167280731020611,cnn,1-1-0,1-3-1
542,"[[ 25133  45177]
 [  1093 428178]]","(array([0.        , 0.64254018, 1.        ]), array([0.        , 0.99745382, 1.        ]), array([2, 1, 0]))",0.997453822876458,0.5533978990821407,0.9073823864398366,0.9045600025350953,0.6774568218350432,3.1989713524045587,0.9487384586750215,0.9217282884378509,cnn,1-1-0,1-3-2
543,"[[ 19175  36760]
 [   844 340150]]","(array([0.        , 0.65719138, 1.        ]), array([0.        , 0.99752488, 1.        ]), array([2, 1, 0]))",0.9975248831357737,0.5411029111661859,0.9052626540262868,0.9024700856968507,0.670166750140337,3.2721860603678636,0.9476197374579332,0.9200036351165239,cnn,1-1-0,1-3-3
544,"[[109690  82182]
 [  8694 183148]]","(array([0.        , 0.42831679, 1.        ]), array([0.        , 0.95468146, 1.        ]), array([2, 1, 0]))",0.9546814566153397,0.5698029447192509,0.7631673590226054,0.6902649530773,0.7631823310428266,8.180080883626637,0.8012214221343389,0.730743511214033,cnn,1-1-0,2-0-0
545,"[[116384  88008]
 [  8908 195662]]","(array([0.        , 0.43058437, 1.        ]), array([0.      , 0.956455, 1.      ]), array([2, 1, 0]))",0.9564550031773965,0.570378917839623,0.763019547048381,0.6897521768251842,0.7629353179415889,8.18518694661069,0.8014992626577093,0.7304909464252379,cnn,1-1-0,2-0-1
546,"[[58150 43650]
 [ 4889 97548]]","(array([0.        , 0.42878193, 1.        ]), array([0.       , 0.9522731, 1.       ]), array([2, 1, 0]))",0.952273104444683,0.5666211125567664,0.762339830686898,0.6908596439043045,0.7617455895504357,8.208662337678273,0.8007716461099594,0.7309934070611439,cnn,1-1-0,2-0-2
547,"[[141554 107122]
 [ 11323 237030]]","(array([0.        , 0.43076935, 1.        ]), array([0.        , 0.95440764, 1.        ]), array([2, 1, 0]))",0.9544076375159551,0.5673313818787886,0.7616939856628084,0.6887363723006114,0.7618191415072577,8.230970475708888,0.8000945139703463,0.7293405810970233,cnn,1-1-0,2-0-3
548,"[[21580 16787]
 [ 1707 36944]]","(array([0.        , 0.43753747, 1.        ]), array([0.        , 0.95583555, 1.        ]), array([2, 1, 0]))",0.955835554060697,0.56424752265804,0.7598743150951726,0.6875732817181888,0.7591490434832897,8.29382161948556,0.7998094866965426,0.7284629793946565,cnn,1-1-0,2-1-0
549,"[[123377  94917]
 [  9528 208741]]","(array([0.        , 0.43481268, 1.        ]), array([0.        , 0.95634744, 1.        ]), array([2, 1, 0]))",0.9563474428343008,0.5666790585063728,0.7607561795204816,0.6874213753630729,0.7607673795112805,8.263362666913432,0.79988580778538,0.7283859806085695,cnn,1-1-0,2-1-1
550,"[[37639 28288]
 [ 2886 62885]]","(array([0.        , 0.42908065, 1.        ]), array([0.        , 0.95612048, 1.        ]), array([2, 1, 0]))",0.9561204786303994,0.570949479533569,0.7632917736032437,0.6897327059546138,0.7635199144103806,8.175784251446876,0.8013686410439392,0.7304344391968647,cnn,1-1-0,2-1-2
551,"[[ 99869  74933]
 [  7777 167379]]","(array([0.        , 0.42867358, 1.        ]), array([0.        , 0.95559958, 1.        ]), array([2, 1, 0]))",0.9555995798031469,0.5708853821398473,0.7636573531680945,0.6907581960447687,0.7634629974163616,8.163157041294381,0.8018770300957199,0.7312933194920676,cnn,1-1-0,2-1-3
552,"[[112674  86091]
 [  8812 190190]]","(array([0.        , 0.43312958, 1.        ]), array([0.        , 0.95571904, 1.        ]), array([2, 1, 0]))",0.9557190379996181,0.5673103405818904,0.7614105745323267,0.6883933386660682,0.7612947314366063,8.240759877889747,0.8003231758762673,0.7291856768441086,cnn,1-1-0,2-2-0
553,"[[ 93443  69919]
 [  7185 156319]]","(array([0.        , 0.42800039, 1.        ]), array([0.        , 0.95605612, 1.        ]), array([2, 1, 0]))",0.9560561209511694,0.5719752985864901,0.7641112871941407,0.6909493542198923,0.764027864591597,8.147478545354717,0.8021665614688691,0.731518190735042,cnn,1-1-0,2-2-1
554,"[[123798  93595]
 [  9484 207417]]","(array([0.        , 0.43053364, 1.        ]), array([0.        , 0.95627498, 1.        ]), array([2, 1, 0]))",0.9562749825957464,0.569964790771982,0.7626515678319296,0.6890655522038989,0.7628706703790763,8.197896748130244,0.8009723640843153,0.7298537808183123,cnn,1-1-0,2-2-2
555,"[[118739  90833]
 [  9232 201383]]","(array([0.        , 0.43342145, 1.        ]), array([0.        , 0.95616646, 1.        ]), array([2, 1, 0]))",0.9561664648766707,0.5679281570781967,0.7618560307672536,0.6891580200947245,0.7613725077232016,8.225374154341079,0.8009967563654589,0.7299241235277957,cnn,1-1-0,2-2-3
556,"[[34403 25834]
 [ 2761 57282]]","(array([0.        , 0.42887262, 1.        ]), array([0.        , 0.95401629, 1.        ]), array([2, 1, 0]))",0.9540162883266992,0.5682473900030292,0.7622630528766212,0.6891813850522162,0.7625718342541574,8.211314996778206,0.8002570568388994,0.7296939927186011,cnn,1-1-0,2-3-0
557,"[[21996 16613]
 [ 1623 36925]]","(array([0.        , 0.43028827, 1.        ]), array([0.        , 0.95789665, 1.        ]), array([2, 1, 0]))",0.9578966483345439,0.5723939787014019,0.7636507381054214,0.6896970376181404,0.7638041867899765,8.16338647238357,0.8019677258215147,0.7306094182825484,cnn,1-1-0,2-3-1
558,"[[120151  90979]
 [  9510 202667]]","(array([0.       , 0.4309146, 1.       ]), array([0.        , 0.95517893, 1.        ]), array([2, 1, 0]))",0.9551789307983429,0.5686665812752228,0.7626096426470623,0.6901745639307193,0.7621321642103305,8.199344323913332,0.8013356450774283,0.7307207226046881,cnn,1-1-0,2-3-2
559,"[[120470  90954]
 [  9603 201568]]","(array([0.        , 0.43019714, 1.        ]), array([0.        , 0.95452501, 1.        ]), array([2, 1, 0]))",0.954525005800986,0.5679686634987635,0.7620487700990309,0.6890695400687812,0.7621639332016887,8.21871641767579,0.8003605370731776,0.7296531642508755,cnn,1-1-0,2-3-3
560,"[[42997 30914]
 [ 4424 32171]]","(array([0.       , 0.4182598, 1.       ]), array([0.        , 0.87910917, 1.        ]), array([2, 1, 0]))",0.8791091679191146,0.4382036637612987,0.6802164588348144,0.5099627486724261,0.7304246844858661,11.045155910071045,0.6454855537720705,0.5567169086472736,cnn,1-1-0,3-0-0
561,"[[149583 108331]
 [ 13862 115773]]","(array([0.        , 0.42002761, 1.        ]), array([0.      , 0.893069, 1.      ]), array([2, 1, 0]))",0.8930690014270838,0.4519465938924672,0.6847030956085554,0.516603898190126,0.7365206976629126,10.890192789073206,0.6545673505041854,0.5641678630009618,cnn,1-1-0,3-0-1
562,"[[46651 34254]
 [ 4413 35944]]","(array([0.        , 0.42338545, 1.        ]), array([0.        , 0.89065094, 1.        ]), array([2, 1, 0]))",0.890650940357311,0.44595500154478174,0.6811284656363906,0.5120373799823357,0.7336327441419457,11.013658493776989,0.6502464836506715,0.5596156301280715,cnn,1-1-0,3-0-2
563,"[[113892  83268]
 [ 10769  87710]]","(array([0.        , 0.42233719, 1.        ]), array([0.        , 0.89064674, 1.        ]), array([2, 1, 0]))",0.8906467368677586,0.4469704512176155,0.6819195031778622,0.512989975318462,0.734154774398578,10.986336365388306,0.6510129631072861,0.5605253639165072,cnn,1-1-0,3-0-3
564,"[[136260  99744]
 [ 15325 102969]]","(array([0.       , 0.4226369, 1.       ]), array([0.       , 0.8704499, 1.       ]), array([2, 1, 0]))",0.8704498960217762,0.4268436400750344,0.6752197302835466,0.5079545959065279,0.7239064957812649,11.217738220458642,0.6415374119567486,0.554105598043795,cnn,1-1-0,3-1-0
565,"[[122643  89490]
 [ 13998  92641]]","(array([0.        , 0.42185799, 1.        ]), array([0.       , 0.8687347, 1.       ]), array([2, 1, 0]))",0.8687347030636071,0.42605672571651787,0.6753541716336441,0.5086503670435016,0.7234383588715385,11.213094147323307,0.6416248225231153,0.5546282581963042,cnn,1-1-0,3-1-1
566,"[[74037 54134]
 [ 7009 56545]]","(array([0.        , 0.42235763, 1.        ]), array([0.        , 0.88971583, 1.        ]), array([2, 1, 0]))",0.8897158322056834,0.4453667523305221,0.6810901030121267,0.5108918584374633,0.7336791003020755,11.014983390383675,0.6490733672725604,0.558447073695854,cnn,1-1-0,3-1-2
567,"[[169484 123445]
 [ 15801 130920]]","(array([0.        , 0.42141611, 1.        ]), array([0.       , 0.8923058, 1.       ]), array([2, 1, 0]))",0.8923058048950048,0.4496739212254171,0.6832798817240987,0.51469345232245,0.7354448469118606,10.939349856000234,0.6528275731389278,0.5622836998714117,cnn,1-1-0,3-1-3
568,"[[40132 29295]
 [ 2244 32280]]","(array([0.        , 0.42195399, 1.        ]), array([0.        , 0.93500174, 1.        ]), array([2, 1, 0]))",0.9350017379214459,0.4917227988518168,0.6965974353301074,0.5242387332521316,0.7565238715389706,10.479378677702048,0.6718071988262105,0.5747372019485514,cnn,1-1-0,3-2-0
569,"[[42041 30645]
 [ 4057 32386]]","(array([0.        , 0.42160801, 1.        ]), array([0.        , 0.88867547, 1.        ]), array([2, 1, 0]))",0.8886754657959004,0.44595794983986675,0.6820093650633654,0.5138106645936127,0.73353372662439,10.98323197426384,0.6511450228200334,0.561152176097752,cnn,1-1-0,3-2-1
570,"[[152778 111611]
 [ 16195 115277]]","(array([0.        , 0.42214691, 1.        ]), array([0.        , 0.87681788, 1.        ]), array([2, 1, 0]))",0.8768178775708896,0.43293343446272675,0.6771442501282016,0.5080788759211593,0.7273354826280403,11.151267995070837,0.643358633776091,0.5547369454411063,cnn,1-1-0,3-2-2
571,"[[122925  89749]
 [  7085  99036]]","(array([0.        , 0.42200269, 1.        ]), array([0.        , 0.93323659, 1.        ]), array([2, 1, 0]))",0.9332365884226497,0.4902362127972731,0.6962499411847739,0.5245967635140504,0.7556169494301104,10.491380468622607,0.6716445240178226,0.5749476639485592,cnn,1-1-0,3-2-3
572,"[[39736 28698]
 [ 3905 30404]]","(array([0.        , 0.41935295, 1.        ]), array([0.        , 0.88618147, 1.        ]), array([2, 1, 0]))",0.8861814684193652,0.44539868783278297,0.6826742454473784,0.5144326757131739,0.7334142576044863,10.96026662303344,0.6509725835287065,0.5615458209126135,cnn,1-1-0,3-3-0
573,"[[130044  94922]
 [ 12142 100423]]","(array([0.        , 0.42193932, 1.        ]), array([0.        , 0.89213343, 1.        ]), array([2, 1, 0]))",0.892133434015902,0.4489601097172715,0.6828024685140032,0.5140802170518826,0.7350970593707971,10.955839479431475,0.6522880062355884,0.5616844436738277,cnn,1-1-0,3-3-1
574,"[[95565 69278]
 [ 8972 73329]]","(array([0.        , 0.42026656, 1.        ]), array([0.        , 0.89098553, 1.        ]), array([2, 1, 0]))",0.8909855287299061,0.44904935343252095,0.6833829670151814,0.5142033701010469,0.7353594860334498,10.935789043685178,0.6520799615842922,0.5617109091215495,cnn,1-1-0,3-3-2
575,"[[60949 44437]
 [ 5715 46941]]","(array([0.        , 0.42165942, 1.        ]), array([0.        , 0.89146536, 1.        ]), array([2, 1, 0]))",0.8914653600729262,0.4484018385950497,0.6826666329203629,0.5137013285473527,0.7349029683100479,10.960531032691096,0.6518044350639431,0.5612696332574467,cnn,1-1-0,3-3-3
576,"[[250307   5073]
 [ 15677 121962]]","(array([0.        , 0.01986452, 1.        ]), array([0.       , 0.8861006, 1.       ]), array([2, 1, 0]))",0.8861005964879141,0.8835090703353174,0.9472035703108501,0.9600661235092691,0.9331180404320689,1.823534400505218,0.9216016684676244,0.9443013786450163,cnn,0-3-0,0-0-0
577,"[[181786   3733]
 [ 11312  88593]]","(array([0.        , 0.02012193, 1.        ]), array([0.        , 0.88677243, 1.        ]), array([2, 1, 0]))",0.8867724338121216,0.883651270419717,0.9472889455686978,0.9595671858414748,0.9333252527999584,1.820585780308027,0.921734787833388,0.9440675690363995,cnn,0-3-0,0-0-1
578,"[[286512   5968]
 [ 17579 139612]]","(array([0.        , 0.02040481, 1.        ]), array([0.       , 0.8881679, 1.       ]), array([2, 1, 0]))",0.8881678976531735,0.8843220519492881,0.9476350487356312,0.9590053578788295,0.9338815418243986,1.8086319548479353,0.9222283507997794,0.9439480954306293,cnn,0-3-0,0-0-2
579,"[[77731  1683]
 [ 4814 38124]]","(array([0.        , 0.02119274, 1.        ]), array([0.        , 0.88788486, 1.        ]), array([2, 1, 0]))",0.8878848572360147,0.8828952482243441,0.9468991107623905,0.9577210038435451,0.9333460602194883,1.834050738526626,0.9214816605232944,0.9428885173570235,cnn,0-3-0,0-0-3
580,"[[261400   5560]
 [ 15769 127731]]","(array([0.        , 0.02082709, 1.        ]), array([0.       , 0.8901115, 1.       ]), array([2, 1, 0]))",0.8901114982578398,0.8851934602777503,0.9480363494615797,0.9582867560450443,0.9346422040285304,1.7947717377789851,0.9229418586586992,0.943828842675242,cnn,0-3-0,0-1-0
581,"[[125839   2565]
 [  7785  61052]]","(array([0.        , 0.01997601, 1.        ]), array([0.        , 0.88690675, 1.        ]), array([2, 1, 0]))",0.8869067507299854,0.8840072335588546,0.9475261228649215,0.9596805885219359,0.9334653687608371,1.8123939072238233,0.9218596644872938,0.9441858307171246,cnn,0-3-0,0-1-1
582,"[[309285   6479]
 [ 18884 150868]]","(array([0.        , 0.02051849, 1.        ]), array([0.        , 0.88875536, 1.        ]), array([2, 1, 0]))",0.8887553607615816,0.8846041501172008,0.9477607329109649,0.9588234920271757,0.9341184361350884,1.8042910353023796,0.9224607840439745,0.9439397352153565,cnn,0-3-0,0-1-2
583,"[[308351   6475]
 [ 18915 150393]]","(array([0.        , 0.02056692, 1.        ]), array([0.        , 0.88828053, 1.        ]), array([2, 1, 0]))",0.8882805301580552,0.8841639895233743,0.9475558419776343,0.9587232577708646,0.9338568069148353,1.8113677412867992,0.9221585892279015,0.9437548633248827,cnn,0-3-0,0-1-3
584,"[[48286   981]
 [ 2980 24006]]","(array([0.        , 0.01991191, 1.        ]), array([0.        , 0.88957237, 1.        ]), array([2, 1, 0]))",0.8895723708589639,0.8859827532662388,0.9480545027736613,0.9607395845839837,0.9348302311395922,1.7941442002979595,0.9237873511246224,0.9456095293617154,cnn,0-3-0,0-2-0
585,"[[124721   2538]
 [  7692  61017]]","(array([0.        , 0.01994358, 1.        ]), array([0.       , 0.8880496, 1.       ]), array([2, 1, 0]))",0.8880496004890189,0.884878536865436,0.9477975996080993,0.9600660844937455,0.9340530104300367,1.8030173900749826,0.9226546906187625,0.9447432717408469,cnn,0-3-0,0-2-1
586,"[[105955   2234]
 [  6602  51435]]","(array([0.        , 0.02064905, 1.        ]), array([0.        , 0.88624498, 1.        ]), array([2, 1, 0]))",0.8862449816496373,0.8824929233485025,0.9468434540926209,0.9583744806126442,0.9327979661504063,1.8359727992377237,0.9208995040552879,0.943024351607734,cnn,0-3-0,0-2-2
587,"[[271101   5675]
 [ 16506 132615]]","(array([0.        , 0.02050395, 1.        ]), array([0.        , 0.88931136, 1.        ]), array([2, 1, 0]))",0.8893113645965357,0.8850382172066554,0.9479193326085885,0.9589630486658471,0.9344037095838708,1.798813180019889,0.9228248048961244,0.94417334371854,cnn,0-3-0,0-2-3
588,"[[252542   5233]
 [ 15421 122773]]","(array([0.        , 0.02030065, 1.        ]), array([0.       , 0.8884105, 1.       ]), array([2, 1, 0]))",0.888410495390538,0.8846818028560205,0.9478393510603103,0.9591191037920097,0.9340549227995265,1.8015755575659658,0.922411720510894,0.9440910586910852,cnn,0-3-0,0-3-0
589,"[[161495   3253]
 [ 10248  78056]]","(array([0.        , 0.01974531, 1.        ]), array([0.        , 0.88394637, 1.        ]), array([2, 1, 0]))",0.8839463670954884,0.8820764469432509,0.9466473294026524,0.9599921287926306,0.9321005295549795,1.8427462387103435,0.9204011484968723,0.9437539294868696,cnn,0-3-0,0-3-1
590,"[[96581  2049]
 [ 6043 46855]]","(array([0.        , 0.02077461, 1.        ]), array([0.        , 0.88576128, 1.        ]), array([2, 1, 0]))",0.8857612764187682,0.8819356415563204,0.9465973285465392,0.9581015867822673,0.9324933321159034,1.8444737405809608,0.9205123671440639,0.9427034291830643,cnn,0-3-0,0-3-2
591,"[[257765   5239]
 [ 16134 125132]]","(array([0.        , 0.01991985, 1.        ]), array([0.        , 0.88578993, 1.        ]), array([2, 1, 0]))",0.8857899282205202,0.8832161702169778,0.9471318673163974,0.95981468271318,0.9329350395463751,1.8260109752872165,0.921317788077471,0.9440362127499058,cnn,0-3-0,0-3-3
592,"[[ 10000  23375]
 [112560  91711]]","(array([0.        , 0.70037453, 1.        ]), array([0.       , 0.4489673, 1.       ]), array([2, 1, 0]))",0.4489673032393242,-0.17478579380913334,0.427993738585964,0.7968910206280521,0.3742963857020591,19.75647500834061,0.5743478301712504,0.6899558390948143,cnn,0-3-0,1-0-0
593,"[[ 18606  43693]
 [211209 170304]]","(array([0.        , 0.70134352, 1.        ]), array([0.        , 0.44639108, 1.        ]), array([2, 1, 0]))",0.4463910797272963,-0.17723984209439814,0.42565320451001776,0.7958242405267364,0.3725237794822616,19.837314262403986,0.5719601685949858,0.6880964136594637,cnn,0-3-0,1-0-1
594,"[[ 5657 13187]
 [63850 50949]]","(array([0.        , 0.69979834, 1.        ]), array([0.        , 0.44381049, 1.        ]), array([2, 1, 0]))",0.4438104861540606,-0.17832398447508604,0.4235612789296858,0.7943900461519272,0.37200607092674376,19.909566991357913,0.5694693603822618,0.6860099692198318,cnn,0-3-0,1-0-2
595,"[[ 6825 16119]
 [76438 61511]]","(array([0.        , 0.70253661, 1.        ]), array([0.        , 0.44589667, 1.        ]), array([2, 1, 0]))",0.44589667195847743,-0.17958798107014518,0.42472947859757726,0.7923612005667912,0.37168003053990817,19.869220012646448,0.5706585520853145,0.6857887613190655,cnn,0-3-0,1-0-3
596,"[[ 11049  26355]
 [125002 101834]]","(array([0.        , 0.70460379, 1.        ]), array([0.        , 0.44893227, 1.        ]), array([2, 1, 0]))",0.44893226824666277,-0.17832864696164885,0.4271987587042083,0.7944051361661297,0.3721642412776464,19.783933742789767,0.5736722766002395,0.6884471438306525,cnn,0-3-0,1-1-0
597,"[[  9258  22099]
 [106053  86097]]","(array([0.        , 0.70475492, 1.        ]), array([0.        , 0.44807182, 1.        ]), array([2, 1, 0]))",0.448071818891491,-0.17837901099967476,0.426630933259361,0.7957503050020334,0.371658449867342,19.80354504719854,0.5733187723492239,0.6888487424272003,cnn,0-3-0,1-1-1
598,"[[ 6298 14460]
 [71003 55883]]","(array([0.       , 0.6965989, 1.       ]), array([0.        , 0.44041896, 1.        ]), array([2, 1, 0]))",0.44041895875037435,-0.1782960543503231,0.4211549402617106,0.7944358358329898,0.37191002856104327,19.99267839679968,0.5666813703867078,0.6844078989266592,cnn,0-3-0,1-1-2
599,"[[ 7295 17268]
 [83643 67422]]","(array([0.        , 0.70300859, 1.        ]), array([0.        , 0.44631119, 1.        ]), array([2, 1, 0]))",0.4463111905471155,-0.17817851503338922,0.425427608354021,0.796103436060928,0.371651300195595,19.845105975329997,0.5719666603041292,0.6882253866176696,cnn,0-3-0,1-1-3
600,"[[ 8587 20503]
 [97758 80020]]","(array([0.        , 0.70481265, 1.        ]), array([0.        , 0.45011194, 1.        ]), array([2, 1, 0]))",0.4501119373600783,-0.1771535138719592,0.42832627569271225,0.7960367279130149,0.3726496434823768,19.7449901840045,0.5750608154480221,0.6899822373980375,cnn,0-3-0,1-2-0
601,"[[ 12413  28812]
 [137971 111009]]","(array([0.       , 0.6988963, 1.       ]), array([0.        , 0.44585509, 1.        ]), array([2, 1, 0]))",0.4458550887621496,-0.1767937079498446,0.4252924656708189,0.7939365331387989,0.37347939398689645,19.84977440593217,0.5710324819123408,0.6867125097740342,cnn,0-3-0,1-2-1
602,"[[ 17997  42874]
 [201350 165519]]","(array([0.        , 0.70434197, 1.        ]), array([0.        , 0.45116649, 1.        ]), array([2, 1, 0]))",0.4511664926717711,-0.17695993464615745,0.4290363304811334,0.7942637228697701,0.37341226179480685,19.72046665780822,0.5754560530679933,0.6894091421402635,cnn,0-3-0,1-2-2
603,"[[ 19555  46150]
 [218794 179790]]","(array([0.        , 0.70238186, 1.        ]), array([0.        , 0.45107179, 1.        ]), array([2, 1, 0]))",0.4510717941512956,-0.17525313363365128,0.42935542302316015,0.7957422324510932,0.3743449679226153,19.70944492459356,0.5757665037692707,0.6902554163876826,cnn,0-3-0,1-2-3
604,"[[  9047  27170]
 [118506 101413]]","(array([0.        , 0.75020018, 1.        ]), array([0.        , 0.46113796, 1.        ]), array([2, 1, 0]))",0.46113796443235916,-0.20143819774416805,0.4312552706374738,0.7886967950662218,0.3554688910987486,19.643831851700607,0.5819937905664817,0.6905880958963624,cnn,0-3-0,1-3-0
605,"[[ 3709  8921]
 [42035 34544]]","(array([0.        , 0.70633413, 1.        ]), array([0.        , 0.45108972, 1.        ]), array([2, 1, 0]))",0.4510897243369592,-0.1780228844763187,0.42880202670134177,0.794754400092028,0.3723777996189942,19.72855903762786,0.5755223084868881,0.6896689413390087,cnn,0-3-0,1-3-1
606,"[[ 20704  49606]
 [236377 192894]]","(array([0.        , 0.70553264, 1.        ]), array([0.        , 0.44935251, 1.        ]), array([2, 1, 0]))",0.4493525069245302,-0.17824974250180742,0.4275542904954352,0.795439175257732,0.3719099328819778,19.77165375499841,0.5742849869970571,0.6892660535378781,cnn,0-3-0,1-3-2
607,"[[ 16782  39153]
 [187051 153943]]","(array([0.        , 0.69997318, 1.        ]), array([0.        , 0.45145369, 1.        ]), array([2, 1, 0]))",0.451453691267295,-0.1730022534035434,0.4301147056526482,0.7972355719434893,0.3757402540541356,19.683219624347334,0.576468385478103,0.6913330423270443,cnn,0-3-0,1-3-3
608,"[[102805  89067]
 [111064  80778]]","(array([0.        , 0.46420009, 1.        ]), array([0.        , 0.42106525, 1.        ]), array([2, 1, 0]))",0.42106525161330677,-0.043421571572334706,0.47843706510578193,0.4755983396626336,0.478432579942744,18.014331185294736,0.44667350499188524,0.4635902215508791,cnn,0-3-0,2-0-0
609,"[[106291  98101]
 [118027  86543]]","(array([0.        , 0.47996497, 1.        ]), array([0.        , 0.42304835, 1.        ]), array([2, 1, 0]))",0.42304834530967395,-0.05718635145730968,0.47152058137430863,0.46870193453348064,0.4715416880174734,18.25322427508364,0.4447065110710303,0.45879959200378306,cnn,0-3-0,2-0-1
610,"[[54588 47212]
 [59141 43296]]","(array([0.       , 0.4637721, 1.       ]), array([0.        , 0.42265978, 1.        ]), array([2, 1, 0]))",0.42265978113377,-0.04138045066135274,0.4792667342352267,0.47836655323286337,0.47944383948633496,17.985674664834534,0.4487911062738086,0.46608062109634874,cnn,0-3-0,2-0-2
611,"[[133102 115574]
 [143686 104667]]","(array([0.        , 0.46475735, 1.        ]), array([0.        , 0.42144448, 1.        ]), array([2, 1, 0]))",0.42144447620926667,-0.043595933093826596,0.4783805371517557,0.4752384887464187,0.47834356062872085,18.016283920692644,0.4467278710354807,0.46340841411224654,cnn,0-3-0,2-0-3
612,"[[20451 17916]
 [22197 16454]]","(array([0.       , 0.4669638, 1.       ]), array([0.        , 0.42570697, 1.        ]), array([2, 1, 0]))",0.42570696747820236,-0.04149693669302313,0.4791736996546262,0.47873145184754146,0.4793715852325721,17.98888913132789,0.4506648772270991,0.4670955141343659,cnn,0-3-0,2-1-0
613,"[[113466 104828]
 [126333  91936]]","(array([0.        , 0.48021476, 1.        ]), array([0.        , 0.42120503, 1.        ]), array([2, 1, 0]))",0.42120502682469796,-0.059298546312015914,0.47049795791214555,0.46723994226586163,0.47049513528926734,18.28854463255787,0.4430298313628073,0.4572451694725586,cnn,0-3-0,2-1-1
614,"[[35140 30787]
 [38248 27523]]","(array([0.        , 0.46698621, 1.        ]), array([0.        , 0.41846711, 1.        ]), array([2, 1, 0]))",0.4184671055632422,-0.04884022170240612,0.4758082886604201,0.4720116618075802,0.4757404467704269,18.10512722766285,0.4436295645586351,0.4602339044382983,cnn,0-3-0,2-1-2
615,"[[ 93435  81367]
 [101610  73546]]","(array([0.        , 0.46548094, 1.        ]), array([0.        , 0.41988856, 1.        ]), array([2, 1, 0]))",0.4198885564867889,-0.0458951402922068,0.4771458289280428,0.47475679897749057,0.47720380616641594,18.058929212235974,0.4456401540284001,0.4626651971293696,cnn,0-3-0,2-1-3
616,"[[102981  95784]
 [114718  84284]]","(array([0.        , 0.48189571, 1.        ]), array([0.        , 0.42353343, 1.        ]), array([2, 1, 0]))",0.4235334318248058,-0.058625207915321303,0.4707906890214623,0.46806761889952686,0.47081886292017594,18.278434604483884,0.44468831614213733,0.45842697607024674,cnn,0-3-0,2-2-0
617,"[[87785 75577]
 [94648 68856]]","(array([0.        , 0.46263513, 1.        ]), array([0.        , 0.42112731, 1.        ]), array([2, 1, 0]))",0.421127311870046,-0.041791185795831146,0.4792208427918474,0.4767331565500959,0.47924609126270024,17.987259742520337,0.44720835755365546,0.46446745705821085,cnn,0-3-0,2-2-1
618,"[[113183 104210]
 [125378  91523]]","(array([0.        , 0.47936226, 1.        ]), array([0.        , 0.42195748, 1.        ]), array([2, 1, 0]))",0.42195748290694834,-0.057685923238182134,0.4713535070712467,0.46759105516187865,0.47129761096629197,18.25899487674928,0.44360377477377044,0.45769143446955635,cnn,0-3-0,2-2-2
619,"[[108420 101152]
 [121360  89255]]","(array([0.       , 0.4826599, 1.       ]), array([0.        , 0.42378273, 1.        ]), array([2, 1, 0]))",0.42378273152434537,-0.05913717935896501,0.47044530173470384,0.46875902671645475,0.4705614171049093,18.290363800078595,0.44513767324485937,0.45901590446009904,cnn,0-3-0,2-2-3
620,"[[32096 28141]
 [34665 25378]]","(array([0.        , 0.46717134, 1.        ]), array([0.        , 0.42266376, 1.        ]), array([2, 1, 0]))",0.42266375764035774,-0.044779727882527785,0.4778350515463918,0.4741867374203554,0.47774620888309705,18.03512547164984,0.4469452809918811,0.4629011487711541,cnn,0-3-0,2-3-0
621,"[[20873 17736]
 [22309 16239]]","(array([0.        , 0.45937476, 1.        ]), array([0.        , 0.42126699, 1.        ]), array([2, 1, 0]))",0.42126699180242816,-0.038381997713783304,0.4809932993765958,0.4779690949227373,0.48094611731073,17.926040182928578,0.44783034347724177,0.46543955791983854,cnn,0-3-0,2-3-1
622,"[[113136  97994]
 [122844  89333]]","(array([0.        , 0.46414058, 1.        ]), array([0.        , 0.42103055, 1.        ]), array([2, 1, 0]))",0.4210305546784053,-0.04339748736526943,0.4783029810515772,0.4768826704105655,0.4784449888913269,18.01896178718958,0.4472195522447835,0.4645574293930742,cnn,0-3-0,2-3-2
623,"[[113059  98365]
 [122392  88779]]","(array([0.        , 0.46524992, 1.        ]), array([0.        , 0.42041284, 1.        ]), array([2, 1, 0]))",0.4204128407783266,-0.04513291800877484,0.477615684047374,0.47438870602316935,0.4775814582278192,18.042701198576694,0.44577281799580737,0.462512516319405,cnn,0-3-0,2-3-3
624,"[[39725 34186]
 [21212 15383]]","(array([0.        , 0.46252926, 1.        ]), array([0.        , 0.42035797, 1.        ]), array([2, 1, 0]))",0.4203579724006012,-0.03990585716118249,0.49868785405317356,0.31033508846254715,0.4789143571193789,17.314955475386046,0.3570632746854835,0.327477636660124,cnn,0-3-0,3-0-0
625,"[[138197 119717]
 [ 74989  54646]]","(array([0.       , 0.4641741, 1.       ]), array([0.        , 0.42153739, 1.        ]), array([2, 1, 0]))",0.42153739345084273,-0.040436707302267616,0.4975964329671861,0.3134036464158107,0.4786816444521831,17.352651463822713,0.3595155231284417,0.33035218785931836,cnn,0-3-0,3-0-1
626,"[[43380 37525]
 [23337 17020]]","(array([0.        , 0.46381559, 1.        ]), array([0.        , 0.42173601, 1.        ]), array([2, 1, 0]))",0.4217360061451545,-0.03985866856719851,0.4980950338935528,0.31203593363278026,0.47896020998191535,17.335430834396774,0.35868580219594953,0.32915984946061877,cnn,0-3-0,3-0-2
627,"[[105782  91378]
 [ 56798  41681]]","(array([0.        , 0.46347129, 1.        ]), array([0.       , 0.4232476, 1.       ]), array([2, 1, 0]))",0.42324759593415856,-0.03810724136452781,0.4987941374446538,0.31325201602296726,0.47988815179138444,17.311284359324244,0.36003593362644576,0.33042657935834724,cnn,0-3-0,3-0-3
628,"[[125957 110047]
 [ 68010  50284]]","(array([0.        , 0.46629294, 1.        ]), array([0.       , 0.4250765, 1.       ]), array([2, 1, 0]))",0.42507650430283866,-0.039051600868226906,0.4974371856459816,0.31362618582806817,0.479391780057726,17.358153028938943,0.36094392104082546,0.3309821515551238,cnn,0-3-0,3-1-0
629,"[[113186  98947]
 [ 61513  45126]]","(array([0.        , 0.46643851, 1.        ]), array([0.        , 0.42316601, 1.        ]), array([2, 1, 0]))",0.4231660086835023,-0.04102396363158375,0.496630820774723,0.31321621677899397,0.4783637503831497,17.386003720823325,0.3599827690736781,0.33038476800730965,cnn,0-3-0,3-1-1
630,"[[68990 59181]
 [36757 26797]]","(array([0.        , 0.46173471, 1.        ]), array([0.        , 0.42164144, 1.        ]), array([2, 1, 0]))",0.42164143877647353,-0.03794985904112095,0.4996062068066241,0.3116727534950801,0.47995336249783255,17.28323614943516,0.35841157745499286,0.32882498171626584,cnn,0-3-0,3-1-2
631,"[[157040 135889]
 [ 84810  61911]]","(array([0.        , 0.46389739, 1.        ]), array([0.        , 0.42196414, 1.        ]), array([2, 1, 0]))",0.4219641360132496,-0.039746578554028175,0.4980120550437848,0.3129979777553084,0.47903337054068595,17.33829652695459,0.359403345514497,0.3300437883361179,cnn,0-3-0,3-1-3
632,"[[37180 32247]
 [19987 14537]]","(array([0.        , 0.46447348, 1.        ]), array([0.       , 0.4210694, 1.       ]), array([2, 1, 0]))",0.42106940099640827,-0.04108978604341185,0.49751325143577263,0.31072588919288646,0.4782979626296515,17.355525495955746,0.3575785900526393,0.3279121176576739,cnn,0-3-0,3-2-0
633,"[[38920 33766]
 [20894 15549]]","(array([0.        , 0.46454613, 1.        ]), array([0.       , 0.4266663, 1.       ]), array([2, 1, 0]))",0.42666630079850726,-0.035896285838379484,0.4991248888929615,0.31529960458278417,0.4810600854348863,17.29986087064525,0.3626250612187784,0.33266581943749124,cnn,0-3-0,3-2-1
634,"[[141164 123225]
 [ 76116  55356]]","(array([0.        , 0.46607461, 1.        ]), array([0.        , 0.42104783, 1.        ]), array([2, 1, 0]))",0.4210478276743337,-0.042616888162500484,0.4964368806222386,0.30997698523359146,0.4774866089568579,17.39270288240374,0.3570744356609999,0.3272420299930479,cnn,0-3-0,3-2-2
635,"[[114181  98493]
 [ 61580  44541]]","(array([0.        , 0.46311726, 1.        ]), array([0.      , 0.419719, 1.      ]), array([2, 1, 0]))",0.4197190000094232,-0.041119637484105326,0.4978810834548848,0.3114014849616175,0.4783008703649813,17.342820021055,0.35753647327968535,0.3283489886576917,cnn,0-3-0,3-2-3
636,"[[36665 31769]
 [19667 14642]]","(array([0.        , 0.46422831, 1.        ]), array([0.        , 0.42676849, 1.        ]), array([2, 1, 0]))",0.42676848640298465,-0.035499124634907196,0.49937222000525583,0.3154855529939023,0.4812700894182851,17.291318192571612,0.3627849355797819,0.33284383481925683,cnn,0-3-0,3-3-0
637,"[[120893 104073]
 [ 65125  47440]]","(array([0.        , 0.46261657, 1.        ]), array([0.        , 0.42144539, 1.        ]), array([2, 1, 0]))",0.42144538710966994,-0.039025733576508764,0.49871863621415513,0.3131084461399352,0.4794144069693065,17.313891479506925,0.35928778618438495,0.33007847017256764,cnn,0-3-0,3-3-1
638,"[[88153 76690]
 [47545 34756]]","(array([0.        , 0.46523055, 1.        ]), array([0.       , 0.4223035, 1.       ]), array([2, 1, 0]))",0.422303495704791,-0.04065836964083848,0.4973173534457644,0.31186404177808086,0.47853647149853146,17.362291645958024,0.35877716816260385,0.3290758116591079,cnn,0-3-0,3-3-2
639,"[[56430 48956]
 [30246 22410]]","(array([0.        , 0.46453988, 1.        ]), array([0.        , 0.42559253, 1.        ]), array([2, 1, 0]))",0.42559252506836825,-0.03688911827552868,0.49885473481732706,0.3140150772076339,0.4805263215553065,17.30919194341699,0.36138749576688006,0.33139122205134275,cnn,0-3-0,3-3-3
640,"[[245757   9623]
 [107262  30377]]","(array([0.       , 0.0376811, 1.       ]), array([0.        , 0.22070053, 1.        ]), array([2, 1, 0]))",0.2207005281933173,0.2887568846252333,0.7025970754594562,0.759425,0.5915097127613936,10.271952687898562,0.34200823017468013,0.5102993895289261,cnn,3-2-0,0-0-0
641,"[[178586   6933]
 [ 77910  21995]]","(array([0.        , 0.03737084, 1.        ]), array([0.        , 0.22015915, 1.        ]), array([2, 1, 0]))",0.22015915119363394,0.2888928132351774,0.7027474914513145,0.7603360066371682,0.5913941579307018,10.26675734795389,0.34144978382867747,0.510047909023871,cnn,3-2-0,0-0-1
642,"[[281589  10891]
 [122638  34553]]","(array([0.        , 0.03723673, 1.        ]), array([0.        , 0.21981538, 1.        ]), array([2, 1, 0]))",0.2198153838324077,0.28884242429424817,0.7030517867507577,0.7603423994366693,0.5912893248483702,10.256247304477359,0.3410368396377723,0.5096808833898285,cnn,3-2-0,0-0-2
643,"[[76477  2937]
 [33379  9559]]","(array([0.       , 0.0369834, 1.       ]), array([0.        , 0.22262332, 1.        ]), array([2, 1, 0]))",0.22262331734128277,0.2925791681475665,0.703184255263502,0.7649647887323944,0.5928199569555787,10.251671831888558,0.3448785943644695,0.5143561266438519,cnn,3-2-0,0-0-3
644,"[[257029   9931]
 [111890  31610]]","(array([0.        , 0.03720033, 1.        ]), array([0.        , 0.22027875, 1.        ]), array([2, 1, 0]))",0.22027874564459932,0.2894557683859473,0.7032085952346149,0.7609349798993765,0.5915392080036003,10.250831311227634,0.34165401181359806,0.5103919086493748,cnn,3-2-0,0-1-0
645,"[[123596   4808]
 [ 53686  15151]]","(array([0.        , 0.03744432, 1.        ]), array([0.        , 0.22009966, 1.        ]), array([2, 1, 0]))",0.22009965570841264,0.2886894449528954,0.70343894017978,0.7591061676436696,0.5913276696659879,10.24287562377168,0.34125411054552013,0.5095410733623456,cnn,3-2-0,0-1-1
646,"[[304000  11764]
 [132320  37432]]","(array([0.        , 0.03725567, 1.        ]), array([0.        , 0.22050992, 1.        ]), array([2, 1, 0]))",0.22050992035439937,0.2895845265415559,0.703235320772127,0.760874867875437,0.5916271241984308,10.249908271917878,0.34192593675210553,0.5106183294410372,cnn,3-2-0,0-1-2
647,"[[303112  11714]
 [131977  37331]]","(array([0.        , 0.03720785, 1.        ]), array([0.        , 0.22049165, 1.        ]), array([2, 1, 0]))",0.2204916483568408,0.28967544327429234,0.7031999405123375,0.7611581200937915,0.591641896929718,10.25113023552448,0.3419325587466167,0.5107007617213151,cnn,3-2-0,0-1-3
648,"[[47392  1875]
 [21096  5890]]","(array([0.        , 0.03805793, 1.        ]), array([0.        , 0.21826132, 1.        ]), array([2, 1, 0]))",0.21826132068479953,0.2849261468351537,0.6987528359539953,0.7585318737926594,0.5901016957210509,10.404728100044261,0.3389830508474576,0.5073562347104021,cnn,3-2-0,0-2-0
649,"[[122467   4792]
 [ 53501  15208]]","(array([0.        , 0.03765549, 1.        ]), array([0.        , 0.22133927, 1.        ]), array([2, 1, 0]))",0.22133927142004686,0.2895276408912291,0.7025381694970607,0.7604,0.5918418907175278,10.273987202295343,0.34287389103698607,0.5113342164899232,cnn,3-2-0,0-2-1
650,"[[104017   4172]
 [ 45239  12798]]","(array([0.        , 0.03856215, 1.        ]), array([0.       , 0.2205145, 1.       ]), array([2, 1, 0]))",0.22051449937109086,0.28648038250966756,0.7027480658862031,0.7541543901001768,0.5909761767483707,10.266738153895362,0.34124815017265053,0.5081919041908559,cnn,3-2-0,0-2-2
651,"[[266425  10351]
 [116197  32924]]","(array([0.        , 0.03739847, 1.        ]), array([0.        , 0.22078715, 1.        ]), array([2, 1, 0]))",0.22078714600894575,0.2895360311239357,0.7028671251499776,0.7608087810514154,0.5916943360764155,10.262625357436558,0.342252437680617,0.510891593037077,cnn,3-2-0,0-2-3
652,"[[248194   9581]
 [107703  30491]]","(array([0.        , 0.03716807, 1.        ]), array([0.       , 0.2206391, 1.       ]), array([2, 1, 0]))",0.2206391015528894,0.28996782730032966,0.7038050958534633,0.7609053703333999,0.5917355143105345,10.230228910959399,0.34208430098841053,0.5107678184949176,cnn,3-2-0,0-3-0
653,"[[158686   6062]
 [ 68801  19503]]","(array([0.        , 0.03679559, 1.        ]), array([0.        , 0.22086202, 1.        ]), array([2, 1, 0]))",0.2208620221054539,0.29112108809398085,0.7041596193667705,0.7628789360453745,0.5920332156318417,10.217983910073109,0.34255152851083265,0.5117178480720388,cnn,3-2-0,0-3-1
654,"[[94790  3840]
 [41258 11640]]","(array([0.        , 0.03893339, 1.        ]), array([0.        , 0.22004613, 1.        ]), array([2, 1, 0]))",0.22004612650761843,0.28506347987901576,0.7023784383084315,0.751937984496124,0.5905563695500679,10.279504832848145,0.34046038199420864,0.5068891637199742,cnn,3-2-0,0-3-2
655,"[[253241   9763]
 [110290  30976]]","(array([0.        , 0.03712111, 1.        ]), array([0.        , 0.21927428, 1.        ]), array([2, 1, 0]))",0.2192742768960684,0.28850996837088494,0.7030375738986321,0.7603524877881146,0.591076584235931,10.256738142844938,0.34038625312491416,0.5091019058450736,cnn,3-2-0,0-3-3
656,"[[ 15811  17564]
 [ 34663 169608]]","(array([0.        , 0.52626217, 1.        ]), array([0.        , 0.83030876, 1.        ]), array([2, 1, 0]))",0.8303087565048392,0.25828537833419174,0.7802319416274627,0.9061611779539674,0.6520232921100975,7.590578923719583,0.8665782757642875,0.8899018740575407,cnn,3-2-0,1-0-0
657,"[[ 26864  35435]
 [ 64876 316637]]","(array([0.        , 0.56878923, 1.        ]), array([0.        , 0.82995075, 1.        ]), array([2, 1, 0]))",0.8299507487294011,0.22403160416775741,0.7739786215785062,0.8993529732554705,0.6305807612890493,7.806565691519891,0.8632591996837449,0.8845592331214477,cnn,3-2-0,1-0-1
658,"[[ 8774 10070]
 [19227 95572]]","(array([0.       , 0.5343876, 1.       ]), array([0.        , 0.83251596, 1.        ]), array([2, 1, 0]))",0.8325159626826018,0.25494929305869696,0.7807816346535172,0.9046780636489276,0.6490641796006937,7.5715943520260724,0.8670982258291334,0.8892619010843614,cnn,3-2-0,1-0-2
659,"[[ 11015  11929]
 [ 23201 114748]]","(array([0.        , 0.51991806, 1.        ]), array([0.        , 0.83181466, 1.        ]), array([2, 1, 0]))",0.8318146561410377,0.26652685522307806,0.7816561317148664,0.9058313663885315,0.6559482973871157,7.541389328006544,0.8672466046420232,0.8899926627648501,cnn,3-2-0,1-0-3
660,"[[ 16194  21210]
 [ 38030 188806]]","(array([0.        , 0.56705165, 1.        ]), array([0.        , 0.83234584, 1.        ]), array([2, 1, 0]))",0.8323458357579926,0.22899224542085758,0.7758098698153194,0.899007694651836,0.6326470917641422,7.743316958431741,0.8643934330162161,0.8848345674383729,cnn,3-2-0,1-1-0
661,"[[ 14775  16582]
 [ 32284 159866]]","(array([0.        , 0.52881334, 1.        ]), array([0.        , 0.83198543, 1.        ]), array([2, 1, 0]))",0.8319854280510018,0.2582539309063065,0.7813670265360817,0.9060233043162859,0.6515860424689106,7.551374705214123,0.8674273870178352,0.8901799893534327,cnn,3-2-0,1-1-1
662,"[[  9651  11107]
 [ 21641 105245]]","(array([0.        , 0.53507082, 1.        ]), array([0.        , 0.82944533, 1.        ]), array([2, 1, 0]))",0.8294453288778904,0.2503780344007608,0.7781962016742976,0.9045396727172718,0.6471872564034891,7.660891946230068,0.8653664312319621,0.8884523564310968,cnn,3-2-0,1-1-2
663,"[[ 10503  14060]
 [ 25143 125922]]","(array([0.        , 0.57240565, 1.        ]), array([0.        , 0.83356171, 1.        ]), array([2, 1, 0]))",0.8335617118458941,0.22520666679667364,0.7767838841187055,0.8995585146661713,0.6305780305351687,7.70967552639415,0.8653035420396018,0.8855361445190038,cnn,3-2-0,1-1-3
664,"[[ 12650  16440]
 [ 29982 147796]]","(array([0.        , 0.56514266, 1.        ]), array([0.        , 0.83135146, 1.        ]), array([2, 1, 0]))",0.831351460810674,0.2287869472045664,0.7755960322524509,0.8999001436956575,0.6331044000512634,7.750702008944333,0.8642687141462047,0.8853007348554369,cnn,3-2-0,1-2-0
665,"[[ 19491  21734]
 [ 41660 207320]]","(array([0.        , 0.52720437, 1.        ]), array([0.        , 0.83267732, 1.        ]), array([2, 1, 0]))",0.8326773234797976,0.26149573553271366,0.7815544184283524,0.9051140779030272,0.652736478598601,7.544902979719563,0.8673860018325056,0.8896357351037937,cnn,3-2-0,1-2-1
666,"[[ 26387  34484]
 [ 61051 305818]]","(array([0.       , 0.5665095, 1.       ]), array([0.       , 0.8335891, 1.       ]), array([2, 1, 0]))",0.8335891012868354,0.23137641141734552,0.7766517043063543,0.8986664785984214,0.6335397987911399,7.714241305946542,0.8649053764930972,0.8848506171889332,cnn,3-2-0,1-2-2
667,"[[ 28419  37286]
 [ 67045 331539]]","(array([0.        , 0.56747584, 1.        ]), array([0.        , 0.83179204, 1.        ]), array([2, 1, 0]))",0.8317920438351766,0.2279570042790948,0.7752886671878938,0.8989059852233444,0.6321581024289649,7.761318691261712,0.8640477242252829,0.8846305320927016,cnn,3-2-0,1-2-3
668,"[[ 16980  19237]
 [ 35924 183995]]","(array([0.       , 0.5311594, 1.       ]), array([0.        , 0.83664895, 1.        ]), array([2, 1, 0]))",0.8366489480217717,0.2629321349098846,0.784641752818815,0.9053446307668084,0.652744773870068,7.438270397661526,0.8696422789973319,0.8907175990248314,cnn,3-2-0,1-3-0
669,"[[ 5516  7114]
 [12739 63840]]","(array([0.        , 0.56326207, 1.        ]), array([0.        , 0.83364891, 1.        ]), array([2, 1, 0]))",0.8336489115815041,0.2336483432625583,0.7774551894988174,0.8997378583307495,0.6351934185777671,7.686489211898802,0.8654334962347406,0.8856948625813343,cnn,3-2-0,1-3-1
670,"[[ 30312  39998]
 [ 72678 356593]]","(array([0.        , 0.56888067, 1.        ]), array([0.        , 0.83069436, 1.        ]), array([2, 1, 0]))",0.8306943632344137,0.22505969326140118,0.7744589966391836,0.899145467244592,0.630906845960828,7.78997430120635,0.8635655835962909,0.8845673943943224,cnn,3-2-0,1-3-2
671,"[[ 26625  29310]
 [ 57468 283526]]","(array([0.        , 0.52400107, 1.        ]), array([0.        , 0.83146918, 1.        ]), array([2, 1, 0]))",0.8314691754107111,0.26180441898501433,0.7813765182186235,0.906308736846143,0.653734051368536,7.551046595734345,0.8672774268540753,0.8902820883505888,cnn,3-2-0,1-3-3
672,"[[178438  13434]
 [ 13741 178101]]","(array([0.        , 0.07001543, 1.        ]), array([0.        , 0.92837335, 1.        ]), array([2, 1, 0]))",0.9283733489017003,0.8583591282420449,0.929179023960554,0.9298613830370428,0.9291789609751997,2.4460978497619976,0.9291167701766145,0.9295633947193163,cnn,3-2-0,2-0-0
673,"[[194602   9790]
 [ 21464 183106]]","(array([0.        , 0.04789816, 1.        ]), array([0.        , 0.89507748, 1.        ]), array([2, 1, 0]))",0.8950774795913379,0.8485421884753113,0.9235772516761949,0.9492472627737226,0.9235896615538591,2.6395673571270195,0.921366859052095,0.9378950452490079,cnn,3-2-0,2-0-1
674,"[[94775  7025]
 [ 7799 94638]]","(array([0.        , 0.06900786, 1.        ]), array([0.       , 0.9238654, 1.       ]), array([2, 1, 0]))",0.9238654001971943,0.8548618879936862,0.9274176569377732,0.9308991471823574,0.9274287708255127,2.5069328204492973,0.9273689367956883,0.9294838427072674,cnn,3-2-0,2-0-2
675,"[[231265  17411]
 [ 17568 230785]]","(array([0.       , 0.0700148, 1.       ]), array([0.        , 0.92926198, 1.        ]), array([2, 1, 0]))",0.9292619779104742,0.8592477037734285,0.9296238247667641,0.9298497961288659,0.9296235897691476,2.4307349899270223,0.9295557940908148,0.9297321729994353,cnn,3-2-0,2-0-3
676,"[[35686  2681]
 [ 2919 35732]]","(array([0.        , 0.06987776, 1.        ]), array([0.        , 0.92447802, 1.        ]), array([2, 1, 0]))",0.9244780212672375,0.8545971071158986,0.9272897244799917,0.9302059198708771,0.9273001308671528,2.5113517818199673,0.9273331257136925,0.929054668933922,cnn,3-2-0,2-1-0
677,"[[207824  10470]
 [ 23963 194306]]","(array([0.        , 0.04796284, 1.        ]), array([0.        , 0.89021345, 1.        ]), array([2, 1, 0]))",0.8902134522080551,0.8438673804917763,0.921127076733484,0.9488709614407939,0.9211253065505813,2.7241934368946845,0.9186067676015554,0.9365290980197093,cnn,3-2-0,2-1-1
678,"[[61236  4691]
 [ 4585 61186]]","(array([0.        , 0.07115446, 1.        ]), array([0.        , 0.93028842, 1.        ]), array([2, 1, 0]))",0.9302884249897371,0.8591334412106405,0.9295661285668727,0.9287915357408504,0.9295669831351222,2.4327282172146623,0.9295393777345649,0.9290905280931976,cnn,3-2-0,2-1-2
679,"[[162599  12203]
 [ 13108 162048]]","(array([0.        , 0.06981041, 1.        ]), array([0.        , 0.92516385, 1.        ]), array([2, 1, 0]))",0.9251638539359199,0.8553604053254251,0.9276741780442225,0.9299688380554487,0.9276767199337154,2.498073273990094,0.9275601232946105,0.9290038525041276,cnn,3-2-0,2-1-3
680,"[[189339   9426]
 [ 21547 177455]]","(array([0.        , 0.04742284, 1.        ]), array([0.        , 0.89172471, 1.        ]), array([2, 1, 0]))",0.891724706284359,0.845843427517315,0.9221328063916816,0.9495614856512968,0.9221509351359913,2.6894565368292143,0.9197347382496768,0.9374016139017839,cnn,3-2-0,2-2-0
681,"[[151914  11448]
 [ 12537 150967]]","(array([0.       , 0.0700775, 1.       ]), array([0.        , 0.92332298, 1.        ]), array([2, 1, 0]))",0.9233229768079069,0.8532619525344377,0.9266213065904683,0.9295138995782409,0.9266227401026348,2.534438288544277,0.9264080952629334,0.9282690822515508,cnn,3-2-0,2-2-1
682,"[[204348  13045]
 [ 21789 195112]]","(array([0.        , 0.06000653, 1.        ]), array([0.        , 0.89954403, 1.        ]), array([2, 1, 0]))",0.8995440316088907,0.8402573718142111,0.919791661869609,0.9373309569219387,0.91976874982992,2.7703218734055635,0.9180488309830658,0.9295217187900477,cnn,3-2-0,2-2-2
683,"[[199552  10020]
 [ 21891 188724]]","(array([0.        , 0.04781173, 1.        ]), array([0.        , 0.89606153, 1.        ]), array([2, 1, 0]))",0.8960615340787693,0.8494876209019117,0.9240552420707923,0.9495833836493177,0.9241249017520371,2.6230580801030148,0.922046418913472,0.9383735534625905,cnn,3-2-0,2-2-3
684,"[[56005  4232]
 [ 4770 55273]]","(array([0.        , 0.07025582, 1.        ]), array([0.        , 0.92055693, 1.        ]), array([2, 1, 0]))",0.9205569341971587,0.8503474076186364,0.9251579647489192,0.9288799260566339,0.9251505556820081,2.5849804539683294,0.924699702211664,0.9272033093674826,cnn,3-2-0,2-3-0
685,"[[36002  2607]
 [ 3073 35475]]","(array([0.        , 0.06752312, 1.        ]), array([0.        , 0.92028121, 1.        ]), array([2, 1, 0]))",0.920281207844765,0.8528284563174555,0.9263838666614824,0.9315424610051993,0.9263790457364673,2.5426381854348046,0.9258775936317369,0.9292682160145853,cnn,3-2-0,2-3-1
686,"[[195902  15228]
 [ 16959 195218]]","(array([0.        , 0.07212618, 1.        ]), array([0.        , 0.92007145, 1.        ]), array([2, 1, 0]))",0.9200714497801364,0.8479564776150533,0.9239629866739743,0.9276393944289747,0.9239726357980396,2.626254165635478,0.9238399235252223,0.9261158619721224,cnn,3-2-0,2-3-2
687,"[[196269  15155]
 [ 15650 195521]]","(array([0.       , 0.0716806, 1.       ]), array([0.        , 0.92588945, 1.        ]), array([2, 1, 0]))",0.9258894450469051,0.8542123831945281,0.9271051479548977,0.9280648958590442,0.9271044205709779,2.5177276700961406,0.9269758941037864,0.9276289882576206,cnn,3-2-0,2-3-3
688,"[[70869  3042]
 [ 3666 32929]]","(array([0.        , 0.04115761, 1.        ]), array([0.        , 0.89982238, 1.        ]), array([2, 1, 0]))",0.8998223801065719,0.8624475180979968,0.9392974137150923,0.9154318756776292,0.9293323858157571,2.0966150655389173,0.9075600143317808,0.9122668011236764,cnn,3-2-0,3-0-0
689,"[[247206  10708]
 [ 12880 116755]]","(array([0.        , 0.04151772, 1.        ]), array([0.        , 0.90064412, 1.        ]), array([2, 1, 0]))",0.90064411617233,0.8627900021363281,0.9391354383574723,0.9159913072813287,0.9295632004824677,2.1022095778661174,0.9082528841142289,0.9128801680096704,cnn,3-2-0,3-0-1
690,"[[77444  3461]
 [ 4060 36297]]","(array([0.        , 0.04277857, 1.        ]), array([0.        , 0.89939787, 1.        ]), array([2, 1, 0]))",0.8993978739747751,0.8598708976751174,0.937977272352427,0.9129483374415212,0.9283096532595587,2.142211943336158,0.9061224489795918,0.9102056783473511,cnn,3-2-0,3-0-2
691,"[[188987   8173]
 [  9886  88593]]","(array([0.        , 0.04145364, 1.        ]), array([0.        , 0.89961312, 1.        ]), array([2, 1, 0]))",0.8996131154865504,0.8619854078463165,0.9389153663758841,0.9155385155943203,0.9290797368871178,2.1098106069411995,0.9075059540577223,0.9123084876107781,cnn,3-2-0,3-0-3
692,"[[228303   7701]
 [ 13759 104535]]","(array([0.       , 0.0326308, 1.       ]), array([0.       , 0.8836881, 1.       ]), array([2, 1, 0]))",0.8836880991428137,0.8627211420527515,0.9394295197827818,0.9313856516625681,0.9255286481375329,2.092047652356472,0.9069101635361991,0.9214386201206549,cnn,3-2-0,3-1-0
693,"[[205336   6797]
 [ 12695  93944]]","(array([0.        , 0.03204122, 1.        ]), array([0.       , 0.8809535, 1.       ]), array([2, 1, 0]))",0.8809534973133657,0.8615147384703354,0.9388528478034457,0.932529953047915,0.9244561389448511,2.111964866278507,0.9060082939531295,0.9217371169322001,cnn,3-2-0,3-1-1
694,"[[122957   5214]
 [  6295  57259]]","(array([0.        , 0.04068003, 1.        ]), array([0.        , 0.90095037, 1.        ]), array([2, 1, 0]))",0.9009503729112252,0.8640452083900703,0.9399713130786282,0.9165399452563507,0.9301351719437495,2.0733391400705603,0.9086782990946385,0.9133790190335815,cnn,3-2-0,3-1-2
695,"[[280629  12300]
 [ 14661 132060]]","(array([0.       , 0.0419897, 1.       ]), array([0.        , 0.90007565, 1.        ]), array([2, 1, 0]))",0.9000756537918907,0.861609168031993,0.938676219720232,0.9147963424771405,0.9290429783148898,2.1180707049507075,0.9073762973193028,0.9118138093600733,cnn,3-2-0,3-1-3
696,"[[66475  2952]
 [ 3274 31250]]","(array([0.        , 0.04251948, 1.        ]), array([0.        , 0.90516742, 1.        ]), array([2, 1, 0]))",0.9051674197659599,0.8646962959580461,0.9401063962828641,0.9136892579381323,0.9313239694361797,2.068674493235543,0.9094083752873731,0.9119720776037167,cnn,3-2-0,3-2-0
697,"[[69584  3102]
 [ 3743 32700]]","(array([0.        , 0.04267672, 1.        ]), array([0.        , 0.89729166, 1.        ]), array([2, 1, 0]))",0.8972916609499767,0.8584545845980075,0.9372760677730025,0.9133567957097369,0.9273074709559612,2.166430598414648,0.9052529586822617,0.910097912062833,cnn,3-2-0,3-2-1
698,"[[255773   8616]
 [ 14780 116692]]","(array([0.        , 0.03258835, 1.        ]), array([0.        , 0.88758063, 1.        ]), array([2, 1, 0]))",0.8875806255324328,0.8657349356502014,0.9408984466769902,0.9312414211383152,0.9274961401644819,2.041312738225764,0.9088869849676765,0.9221689763301637,cnn,3-2-0,3-2-2
699,"[[203677   8997]
 [ 10650  95471]]","(array([0.        , 0.04230418, 1.        ]), array([0.        , 0.89964286, 1.        ]), array([2, 1, 0]))",0.8996428605082877,0.8607562803349015,0.9383710534983296,0.9138779339127772,0.92866933832001,2.12861096883229,0.9067045287265716,0.910994994207938,cnn,3-2-0,3-2-3
700,"[[65596  2838]
 [ 3420 30889]]","(array([0.        , 0.04147061, 1.        ]), array([0.       , 0.9003177, 1.       ]), array([2, 1, 0]))",0.9003177008948089,0.862565514035402,0.9390907409750543,0.915853767011593,0.9294235434362697,2.1037533645782003,0.908019283908519,0.9127038063551532,cnn,3-2-0,3-3-0
701,"[[215589   9377]
 [ 11112 101453]]","(array([0.        , 0.04168185, 1.        ]), array([0.       , 0.9012837, 1.       ]), array([2, 1, 0]))",0.9012837027495225,0.8629826954192642,0.9392974274955486,0.9153929441486962,0.9298009243013368,2.096614792064812,0.9082835336511561,0.9125358662313249,cnn,3-2-0,3-3-1
702,"[[158032   6811]
 [  8455  73846]]","(array([0.       , 0.0413181, 1.       ]), array([0.        , 0.89726735, 1.        ]), array([2, 1, 0]))",0.8972673479058577,0.8603489403105634,0.9382303434434985,0.9155559963797315,0.9279746226131692,2.133470391766758,0.9063194197277826,0.911838865578904,cnn,3-2-0,3-3-2
703,"[[100955   4431]
 [  5153  47503]]","(array([0.        , 0.04204543, 1.        ]), array([0.        , 0.90213841, 1.        ]), array([2, 1, 0]))",0.9021384077787906,0.8630994545130883,0.9393578922058693,0.9146801709862518,0.930046487399539,2.094526619411532,0.9083660005736686,0.9121439982795171,cnn,3-2-0,3-3-3
704,"[[222551  32829]
 [121141  16498]]","(array([0.        , 0.12854961, 1.        ]), array([0.        , 0.11986428, 1.        ]), array([2, 1, 0]))",0.11986428265244589,-0.012506144463691426,0.6082377696752574,0.33446185658969735,0.4956573351550271,13.531054863781225,0.176481285367393,0.24627776931872802,cnn,3-1-0,0-0-0
705,"[[161781  23738]
 [ 87836  12069]]","(array([0.        , 0.12795455, 1.        ]), array([0.        , 0.12080476, 1.        ]), array([2, 1, 0]))",0.12080476452629998,-0.010295791045269318,0.6090938393407702,0.3370570000279275,0.49642510769828063,13.50148697491999,0.17786194293798632,0.24819748861734114,cnn,3-1-0,0-0-1
706,"[[254855  37625]
 [137558  19633]]","(array([0.        , 0.12864127, 1.        ]), array([0.        , 0.12489901, 1.        ]), array([2, 1, 0]))",0.1248990082129384,-0.005353118359404841,0.610419617898419,0.3428865835341786,0.4981288667979353,13.45569660939431,0.18310180975430054,0.2541666343019447,cnn,3-1-0,0-0-2
707,"[[69213 10201]
 [37710  5228]]","(array([0.        , 0.12845342, 1.        ]), array([0.        , 0.12175695, 1.        ]), array([2, 1, 0]))",0.12175695188411198,-0.00962744119728986,0.6084166993592258,0.338842439561864,0.49665176528650407,13.524874726608076,0.17914232357325202,0.24977545053223,cnn,3-1-0,0-0-3
708,"[[232833  34127]
 [125516  17984]]","(array([0.        , 0.12783563, 1.        ]), array([0.        , 0.12532404, 1.        ]), array([2, 1, 0]))",0.1253240418118467,-0.003597326165586583,0.6110631973882961,0.34510947784536855,0.4987442055028667,13.43346773832828,0.18387513994611754,0.25549519241697544,cnn,3-1-0,0-1-0
709,"[[112025  16379]
 [ 60581   8256]]","(array([0.        , 0.12755833, 1.        ]), array([0.       , 0.1199355, 1.       ]), array([2, 1, 0]))",0.11993549980388454,-0.01099037088616533,0.6098174314670884,0.3351329409376903,0.49618858414386624,13.476494886755972,0.1766518315645327,0.24662886776558307,cnn,3-1-0,0-1-1
710,"[[275222  40542]
 [148470  21282]]","(array([0.        , 0.12839336, 1.        ]), array([0.        , 0.12537113, 1.        ]), array([2, 1, 0]))",0.12537112964795702,-0.0043232685757980975,0.6106987205365014,0.344235248447205,0.49848888629191024,13.446056610356553,0.18380143020002074,0.2551504862749612,cnn,3-1-0,0-1-2
711,"[[274468  40358]
 [148126  21182]]","(array([0.        , 0.12819145, 1.        ]), array([0.        , 0.12510927, 1.        ]), array([2, 1, 0]))",0.12510926831573227,-0.004412566038636081,0.6106780354199457,0.3441988950276243,0.49845891144119087,13.446770935673664,0.1835146936512337,0.25491734622161033,cnn,3-1-0,0-1-3
712,"[[42884  6383]
 [23690  3296]]","(array([0.        , 0.12955934, 1.        ]), array([0.       , 0.1221374, 1.       ]), array([2, 1, 0]))",0.12213740458015267,-0.010660974700738918,0.6056155167665535,0.3405310465957227,0.49628903232843874,13.621624412869602,0.17978999045411156,0.25082950290706524,cnn,3-1-0,0-2-0
713,"[[110856  16403]
 [ 60205   8504]]","(array([0.        , 0.12889462, 1.        ]), array([0.        , 0.12376836, 1.        ]), array([2, 1, 0]))",0.12376835640163589,-0.007343709526442242,0.6090790333115611,0.34143012004657325,0.4974368699554286,13.501998784791216,0.1816783455819518,0.25258855747696585,cnn,3-1-0,0-2-1
714,"[[94267 13922]
 [50796  7241]]","(array([0.        , 0.12868221, 1.        ]), array([0.        , 0.12476524, 1.        ]), array([2, 1, 0]))",0.12476523597015697,-0.005601807381012027,0.610662591892965,0.34215375891886785,0.4980415112182168,13.44730464982165,0.18285353535353535,0.253733644499576,cnn,3-1-0,0-2-2
715,"[[241331  35445]
 [130437  18684]]","(array([0.        , 0.12806385, 1.        ]), array([0.        , 0.12529422, 1.        ]), array([2, 1, 0]))",0.12529422415353975,-0.003966465062992276,0.6105114616914419,0.34517541428808957,0.4986151873434115,13.45252407899442,0.18385239852398524,0.2554993066894215,cnn,3-1-0,0-2-3
716,"[[224848  32927]
 [120851  17343]]","(array([0.        , 0.12773543, 1.        ]), array([0.        , 0.12549749, 1.        ]), array([2, 1, 0]))",0.12549748903715066,-0.0032041272861676666,0.611641315355495,0.34499701611298983,0.49888103042682863,13.413500260881936,0.18404575940232618,0.25558987720839205,cnn,3-1-0,0-3-0
717,"[[143679  21069]
 [ 77733  10571]]","(array([0.        , 0.12788623, 1.        ]), array([0.        , 0.11971145, 1.        ]), array([2, 1, 0]))",0.11971145134988223,-0.011780324430899896,0.6095585097134186,0.334102402022756,0.4959126125567242,13.485437902439903,0.17626559060895083,0.2459928140591258,cnn,3-1-0,0-3-1
718,"[[85827 12803]
 [46509  6389]]","(array([0.        , 0.12980837, 1.        ]), array([0.        , 0.12077961, 1.        ]), array([2, 1, 0]))",0.12077961359597716,-0.012940563466880576,0.6085739929253999,0.3328991246352647,0.4954856194310617,13.519442893596175,0.17725065889859898,0.24636373451791524,cnn,3-1-0,0-3-2
719,"[[229358  33646]
 [124405  16861]]","(array([0.        , 0.12792961, 1.        ]), array([0.        , 0.11935639, 1.        ]), array([2, 1, 0]))",0.11935639148839777,-0.012362664039560576,0.6090459346476365,0.3338349139723207,0.4957133891252881,13.503141591627289,0.17584331475233742,0.24557667771647626,cnn,3-1-0,0-3-3
720,"[[ 23188  10187]
 [ 78920 125351]]","(array([0.        , 0.30522846, 1.        ]), array([0.        , 0.61365049, 1.        ]), array([2, 1, 0]))",0.6136504937068894,0.21647062132702496,0.6250431313802883,0.9248402661984093,0.6542110146437069,12.95058571875953,0.7377732785182265,0.8396780377882247,cnn,3-1-0,1-0-0
721,"[[ 52454   9845]
 [148131 233382]]","(array([0.        , 0.15802822, 1.        ]), array([0.        , 0.61172752, 1.        ]), array([2, 1, 0]))",0.6117275164935402,0.31667092990360024,0.6440474795634188,0.959523408174257,0.7268496488710176,12.29418224788674,0.7471332074142845,0.8615563403107305,cnn,3-1-0,1-0-1
722,"[[13039  5805]
 [43434 71365]]","(array([0.        , 0.30805561, 1.        ]), array([0.        , 0.62165176, 1.        ]), array([2, 1, 0]))",0.621651756548402,0.22094370465296245,0.6315631944808183,0.9247764675391992,0.6567980710145959,12.725391173290701,0.7435054618193564,0.8426037654759738,cnn,3-1-0,1-0-2
723,"[[15889  7055]
 [53020 84929]]","(array([0.       , 0.3074878, 1.       ]), array([0.        , 0.61565506, 1.        ]), array([2, 1, 0]))",0.6156550609283141,0.21776407219201674,0.6266152038932706,0.9233018785875804,0.6540836322772673,12.896289043551489,0.7387282382259179,0.8394101426213466,cnn,3-1-0,1-0-3
724,"[[ 25942  11462]
 [ 87566 139270]]","(array([0.        , 0.30643781, 1.        ]), array([0.       , 0.6139678, 1.       ]), array([2, 1, 0]))",0.6139678005254898,0.21656412586104162,0.6252346351801392,0.9239577528328424,0.6537649931939821,12.943971820394186,0.7377214170692432,0.839214523647688,cnn,3-1-0,1-1-0
725,"[[ 21728   9629]
 [ 73955 118195]]","(array([0.        , 0.30707657, 1.        ]), array([0.       , 0.6151184, 1.       ]), array([2, 1, 0]))",0.6151183970856102,0.21620888874535865,0.6260340839436797,0.9246698585555139,0.6540209136303454,12.9163596017837,0.7387787757755319,0.8401142376244943,cnn,3-1-0,1-1-1
726,"[[14323  6435]
 [48749 78137]]","(array([0.        , 0.31000096, 1.        ]), array([0.        , 0.61580474, 1.        ]), array([2, 1, 0]))",0.6158047381113756,0.21488734845713658,0.626236081384953,0.9239109870879251,0.6529018873137089,12.909383259639501,0.7390309186694285,0.8398685223163805,cnn,3-1-0,1-1-2
727,"[[17108  7455]
 [58244 92821]]","(array([0.        , 0.30350527, 1.        ]), array([0.        , 0.61444411, 1.        ]), array([2, 1, 0]))",0.614444113461093,0.2178972326864799,0.6259195572459972,0.9256551916709881,0.6554694206518916,12.92031470704033,0.7386061167895409,0.8405125966868838,cnn,3-1-0,1-1-3
728,"[[ 24533   4557]
 [ 68392 109386]]","(array([0.        , 0.15665177, 1.        ]), array([0.        , 0.61529548, 1.        ]), array([2, 1, 0]))",0.6152954808806489,0.3205355484304125,0.6473645029680762,0.9600063189489482,0.7293218552564125,12.179616194857728,0.7499357262589941,0.8632783521426881,cnn,3-1-0,1-2-0
729,"[[ 34600   6625]
 [ 96047 152933]]","(array([0.        , 0.16070346, 1.        ]), array([0.        , 0.61423809, 1.        ]), array([2, 1, 0]))",0.6142380914129649,0.31824677312592126,0.6462087145293844,0.9584790483711252,0.7267673173862885,12.21953635309952,0.7486843329139518,0.8618740503960722,cnn,3-1-0,1-2-1
730,"[[ 42245  18626]
 [141160 225709]]","(array([0.        , 0.30599136, 1.        ]), array([0.       , 0.6152305, 1.       ]), array([2, 1, 0]))",0.6152305046215406,0.21830152240344444,0.6264412961144621,0.9237685963942948,0.6546195729232129,12.902295362460688,0.7385717370959614,0.8395606635575272,cnn,3-1-0,1-2-2
731,"[[ 55430  10275]
 [157822 240762]]","(array([0.        , 0.15638079, 1.        ]), array([0.        , 0.60404331, 1.        ]), array([2, 1, 0]))",0.6040433133291853,0.31310820708118114,0.6379474852947195,0.9590697785585391,0.7238312601955263,12.504868544201772,0.741238352824185,0.8581895900286012,cnn,3-1-0,1-2-3
732,"[[ 19780  16437]
 [ 79247 140672]]","(array([0.        , 0.45384764, 1.        ]), array([0.        , 0.63965369, 1.        ]), array([2, 1, 0]))",0.639653690677022,0.1329444220152042,0.6264328325577038,0.895378367884717,0.5929030250331295,12.902604177287044,0.7462151352154217,0.8290868799028709,cnn,3-1-0,1-3-0
733,"[[ 8833  3797]
 [29251 47328]]","(array([0.        , 0.30063341, 1.        ]), array([0.        , 0.61802844, 1.        ]), array([2, 1, 0]))",0.6180284412175662,0.22370140004803454,0.6295441042944098,0.9257310513447433,0.6586975143538346,12.79512737919325,0.7412140575079873,0.8418985409795823,cnn,3-1-0,1-3-1
734,"[[ 59164  11146]
 [166828 262443]]","(array([0.        , 0.15852653, 1.        ]), array([0.        , 0.61136904, 1.        ]), array([2, 1, 0]))",0.6113690419338833,0.31639212866093,0.6437534654040086,0.9592600579701669,0.7264212582731568,12.304337239448238,0.7467859886748428,0.8612442546633788,cnn,3-1-0,1-3-2
735,"[[ 47127   8808]
 [135008 205986]]","(array([0.        , 0.15746849, 1.        ]), array([0.        , 0.60407515, 1.        ]), array([2, 1, 0]))",0.6040751450172144,0.31184056032081015,0.6376782749559745,0.958993267968379,0.7233033274026807,12.514166787673961,0.7412394654076735,0.8581534282643294,cnn,3-1-0,1-3-3
736,"[[135506  56366]
 [ 17543 174299]]","(array([0.        , 0.29376876, 1.        ]), array([0.        , 0.90855496, 1.        ]), array([2, 1, 0]))",0.9085549566831038,0.6277629134911471,0.8073851879264243,0.7556369626948172,0.8073930970873825,6.652797382113252,0.8250703538639597,0.781959117166232,cnn,3-1-0,2-0-0
737,"[[198183   6209]
 [ 41151 163419]]","(array([0.       , 0.0303779, 1.       ]), array([0.        , 0.79884147, 1.        ]), array([2, 1, 0]))",0.7988414723566505,0.7798754216867643,0.8841946195490046,0.963396373240267,0.8842317855344645,3.999788280484285,0.8734359884339307,0.9252764748913463,cnn,3-1-0,2-0-1
738,"[[73302 28498]
 [10239 92198]]","(array([0.        , 0.27994106, 1.        ]), array([0.        , 0.90004588, 1.        ]), array([2, 1, 0]))",0.9000458818590938,0.6306249495913859,0.8103330934159824,0.7638861271293166,0.8100524104776804,6.550974447025862,0.8263950200104869,0.787719511090682,cnn,3-1-0,2-0-2
739,"[[175264  73412]
 [ 22724 225629]]","(array([0.        , 0.29521144, 1.        ]), array([0.        , 0.90850121, 1.        ]), array([2, 1, 0]))",0.9085012059447641,0.6263723192491882,0.8065786905794229,0.7545085790911614,0.8066448830798312,6.6806534579424515,0.8243751301621867,0.780984232099726,cnn,3-1-0,2-0-3
740,"[[27467 10900]
 [ 3750 34901]]","(array([0.        , 0.28409831, 1.        ]), array([0.        , 0.90297793, 1.        ]), array([2, 1, 0]))",0.9029779307133062,0.6302783731880347,0.8097847256485496,0.7620139298268597,0.8094398085291712,6.569915991033662,0.8265286790129304,0.7865723107435035,cnn,3-1-0,2-1-0
741,"[[211436   6858]
 [ 45132 173137]]","(array([0.        , 0.03141635, 1.        ]), array([0.        , 0.79322762, 1.        ]), array([2, 1, 0]))",0.7932276227957246,0.7738073676582041,0.8809106589426956,0.9618989416372677,0.880905638017009,4.11321268272983,0.8694584496715747,0.9226601893527199,cnn,3-1-0,2-1-1
742,"[[46368 19559]
 [ 5828 59943]]","(array([0.        , 0.29667663, 1.        ]), array([0.        , 0.91138952, 1.        ]), array([2, 1, 0]))",0.911389518176704,0.6283672787548934,0.8072332153867181,0.7539810319237252,0.807356445499079,6.6580476215564,0.8252462604888727,0.7809572696786432,cnn,3-1-0,2-1-2
743,"[[125350  49452]
 [ 16423 158733]]","(array([0.        , 0.28290294, 1.        ]), array([0.        , 0.90623787, 1.        ]), array([2, 1, 0]))",0.9062378679577062,0.6348712895379047,0.8117631258608176,0.7624612724259673,0.8116674631718829,6.501584294992141,0.8281556108008274,0.7874473159929198,cnn,3-1-0,2-1-3
744,"[[192490   6275]
 [ 41462 157540]]","(array([0.        , 0.03156994, 1.        ]), array([0.        , 0.79165034, 1.        ]), array([2, 1, 0]))",0.7916503351725108,0.7721790085072849,0.8799875303883932,0.961694594512102,0.8800401953828997,4.145096466619216,0.8684267826480015,0.922082452456038,cnn,3-1-0,2-2-0
745,"[[117375  45987]
 [ 15252 148252]]","(array([0.        , 0.28150365, 1.        ]), array([0.        , 0.90671788, 1.        ]), array([2, 1, 0]))",0.906717878461689,0.6366260007750512,0.8126479964266703,0.7632452802990131,0.8126071120005216,6.471021454464392,0.8288184534707878,0.7881887586925546,cnn,3-1-0,2-2-1
746,"[[210792   6601]
 [ 40590 176311]]","(array([0.        , 0.03036436, 1.        ]), array([0.        , 0.81286393, 1.        ]), array([2, 1, 0]))",0.8128639333151991,0.79240913754334,0.8913385863032877,0.9639116077676697,0.8912497850786159,3.753044423811674,0.88196731972197,0.9293721252144064,cnn,3-1-0,2-2-2
747,"[[203234   6338]
 [ 42243 168372]]","(array([0.        , 0.03024259, 1.        ]), array([0.        , 0.79943024, 1.        ]), array([2, 1, 0]))",0.7994302400113952,0.7803317820914658,0.8843824297277165,0.9637227405414687,0.8845938251762357,3.9933014678932683,0.8739220138843833,0.9256752670555441,cnn,3-1-0,2-2-3
748,"[[44075 16162]
 [ 5888 54155]]","(array([0.        , 0.26830685, 1.        ]), array([0.        , 0.90193695, 1.        ]), array([2, 1, 0]))",0.901936945189281,0.6429011929713431,0.8166777519122048,0.7701551545145555,0.8168150452991245,6.331833576666507,0.8308530223995091,0.7933380406725832,cnn,3-1-0,2-3-0
749,"[[28392 10217]
 [ 4065 34483]]","(array([0.        , 0.26462742, 1.        ]), array([0.        , 0.89454706, 1.        ]), array([2, 1, 0]))",0.8945470582131368,0.6380025308776279,0.8148968985315655,0.7714317673378076,0.8149598198677899,6.393340512967828,0.82844032289064,0.793267018790143,cnn,3-1-0,2-3-1
750,"[[154874  56256]
 [ 23268 188909]]","(array([0.        , 0.26645195, 1.        ]), array([0.        , 0.89033684, 1.        ]), array([2, 1, 0]))",0.890336841410709,0.6318532132098028,0.8121363454892075,0.7705382089613118,0.8119424461872852,6.488687019543524,0.8261169977828409,0.7918475030536443,cnn,3-1-0,2-3-2
751,"[[151812  59612]
 [ 19581 191590]]","(array([0.        , 0.28195474, 1.        ]), array([0.       , 0.9072742, 1.       ]), array([2, 1, 0]))",0.907274199582329,0.6367781231525207,0.8126030833303755,0.7626929721897119,0.8126597273074351,6.472572994579138,0.828724860664442,0.7878014340708186,cnn,3-1-0,2-3-3
752,"[[65898  8013]
 [  902 35693]]","(array([0.        , 0.10841417, 1.        ]), array([0.        , 0.97535182, 1.        ]), array([2, 1, 0]))",0.9753518240196748,0.8344388526356558,0.9193256474761552,0.8166613279641239,0.933468825108023,2.7864514029540204,0.8889802119525286,0.8441294301836638,cnn,3-1-0,3-0-0
753,"[[226751  31163]
 [  2219 127416]]","(array([0.       , 0.1208271, 1.       ]), array([0.        , 0.98288271, 1.        ]), array([2, 1, 0]))",0.9828827091449068,0.8272213759345768,0.9138637952878217,0.8034859596794027,0.9310278058701729,2.975103410071052,0.8841763411909206,0.8339278304498586,cnn,3-1-0,3-0-1
754,"[[71284  9621]
 [  667 39690]]","(array([0.        , 0.11891725, 1.        ]), array([0.        , 0.98347251, 1.        ]), array([2, 1, 0]))",0.9834725078672845,0.8293723517280213,0.9151589121076676,0.8048914035407921,0.9322776296211771,2.930370804355174,0.8852656466074854,0.8352237574757683,cnn,3-1-0,3-0-2
755,"[[173557  23603]
 [  1720  96759]]","(array([0.        , 0.11971495, 1.        ]), array([0.        , 0.98253435, 1.        ]), array([2, 1, 0]))",0.982534347424324,0.8277400237636904,0.9143448597783107,0.8038999019624133,0.9314096975506688,2.9584875728387265,0.8842858513715437,0.8342343088009352,cnn,3-1-0,3-0-3
756,"[[233251   2753]
 [ 11806 106488]]","(array([0.        , 0.01166506, 1.        ]), array([0.        , 0.90019781, 1.        ]), array([2, 1, 0]))",0.9001978122305443,0.9073776827358959,0.958907473369875,0.9747988392636464,0.9442663778530392,1.4192918018877616,0.936014239567539,0.9589055898339153,cnn,3-1-0,3-1-0
757,"[[209364   2769]
 [ 11885  94754]]","(array([0.        , 0.01305313, 1.        ]), array([0.        , 0.88854922, 1.        ]), array([2, 1, 0]))",0.888549217453277,0.8964419529099497,0.9540298395091162,0.9716066979071604,0.9377480428457996,1.5877600397033163,0.9282236655205179,0.9537757860894529,cnn,3-1-0,3-1-1
758,"[[112727  15444]
 [   988  62566]]","(array([0.        , 0.12049528, 1.        ]), array([0.        , 0.98445416, 1.        ]), array([2, 1, 0]))",0.9844541649620795,0.8278952517056123,0.9142939105489634,0.8020253813613639,0.9319794445598252,2.9602478691035827,0.8839252917408381,0.8328940291910946,cnn,3-1-0,3-1-2
759,"[[257722  35207]
 [  2595 144126]]","(array([0.        , 0.12018953, 1.        ]), array([0.        , 0.98231337, 1.        ]), array([2, 1, 0]))",0.9823133702741939,0.8272096731282438,0.9140179688388491,0.8036780737510665,0.9310619181457782,2.969778179704626,0.8840621492145474,0.8340113395821783,cnn,3-1-0,3-1-3
760,"[[61012  8415]
 [  671 33853]]","(array([0.        , 0.12120645, 1.        ]), array([0.        , 0.98056425, 1.        ]), array([2, 1, 0]))",0.9805642451627853,0.8239676909356365,0.9125934334446038,0.8009132204031418,0.929678899051642,3.0189805863967987,0.881680383373268,0.8313768443387886,cnn,3-1-0,3-2-0
761,"[[63944  8742]
 [  678 35765]]","(array([0.        , 0.12027075, 1.        ]), array([0.       , 0.9813956, 1.       ]), array([2, 1, 0]))",0.9813956040940647,0.8264074229632195,0.9136801400177771,0.803581459096322,0.9305624252206833,2.98144639574076,0.883631871525633,0.8337957113082889,cnn,3-1-0,3-2-1
762,"[[257817   6572]
 [ 11512 119960]]","(array([0.        , 0.02485731, 1.        ]), array([0.        , 0.91243763, 1.        ]), array([2, 1, 0]))",0.9124376293050992,0.8964049435153453,0.9543172982435754,0.9480605696582682,0.9437901583922665,1.5778378958267578,0.929908063440877,0.9407151819322458,cnn,3-1-0,3-2-2
763,"[[186969  25705]
 [  1809 104312]]","(array([0.        , 0.12086574, 1.        ]), array([0.        , 0.98295342, 1.        ]), array([2, 1, 0]))",0.982953421094788,0.8266726052053567,0.9136937530387866,0.8022950844889515,0.9310438414613751,2.980976638220536,0.883483386833123,0.8329114692209542,cnn,3-1-0,3-2-3
764,"[[60209  8225]
 [  606 33703]]","(array([0.       , 0.1201888, 1.       ]), array([0.      , 0.982337, 1.      ]), array([2, 1, 0]))",0.9823369961234661,0.8273027923068392,0.9140476723475078,0.8038303758824652,0.9310741005400331,2.9687522364766425,0.884163857444548,0.8341459551234772,cnn,3-1-0,3-3-0
765,"[[197984  26982]
 [  2020 110545]]","(array([0.        , 0.11993812, 1.        ]), array([0.        , 0.98205481, 1.        ]), array([2, 1, 0]))",0.9820548127748412,0.8272044419043422,0.9140760404229538,0.8038057981341845,0.9310583443958307,2.9677723460750607,0.8840346752395118,0.8340840806853456,cnn,3-1-0,3-3-1
766,"[[145046  19797]
 [  1493  80808]]","(array([0.        , 0.12009609, 1.        ]), array([0.        , 0.98185927, 1.        ]), array([2, 1, 0]))",0.9818592726698339,0.8266836559008124,0.9138558896837471,0.8032205158789325,0.9308815906186899,2.9753762141827194,0.8836014127475316,0.8335516719927547,cnn,3-1-0,3-3-2
767,"[[92615 12771]
 [  918 51738]]","(array([0.        , 0.12118308, 1.        ]), array([0.        , 0.98256609, 1.        ]), array([2, 1, 0]))",0.9825660893345488,0.826074293111148,0.9133837840574025,0.8020276240524578,0.930691504994073,2.991682728190693,0.8831647676353861,0.8326252365686917,cnn,3-1-0,3-3-3
768,"[[167883  87497]
 [ 44989  92650]]","(array([0.        , 0.34261493, 1.        ]), array([0.       , 0.6731377, 1.       ]), array([2, 1, 0]))",0.6731377007970125,0.3164410357550702,0.6629017935519657,0.5143022087517416,0.6652613870106138,11.64313758834175,0.5830968009918626,0.5397756071528861,cnn,1-3-0,0-0-0
769,"[[121619  63900]
 [ 30466  69439]]","(array([0.        , 0.34443911, 1.        ]), array([0.       , 0.6950503, 1.       ]), array([2, 1, 0]))",0.6950502977828937,0.33519056574816053,0.6693830932227143,0.5207703672593915,0.6753055918649428,11.419282427398997,0.5954193891375555,0.5482652492416239,cnn,1-3-0,0-0-1
770,"[[192018 100462]
 [ 48902 108289]]","(array([0.        , 0.34348332, 1.        ]), array([0.        , 0.68890076, 1.        ]), array([2, 1, 0]))",0.6889007640386536,0.3302596286783134,0.6678371520511663,0.5187472155822008,0.6727087244700927,11.472676971844907,0.5918369577692641,0.5457042214484048,cnn,1-3-0,0-0-2
771,"[[52315 27099]
 [14470 28468]]","(array([0.        , 0.34123706, 1.        ]), array([0.        , 0.66300247, 1.        ]), array([2, 1, 0]))",0.6630024686757651,0.3084330104524202,0.660250751928861,0.5123184623967463,0.6608827036002292,11.73470040743758,0.5780011166945841,0.5367148556216677,cnn,1-3-0,0-0-3
772,"[[175115  91845]
 [ 43522  99978]]","(array([0.        , 0.34404031, 1.        ]), array([0.       , 0.6967108, 1.       ]), array([2, 1, 0]))",0.6967108013937282,0.3370590608955685,0.6702065974760025,0.5211992305406546,0.6763352478649791,11.390839505130463,0.5963086337650563,0.5488519881597554,cnn,1-3-0,0-1-0
773,"[[84470 43934]
 [23628 45209]]","(array([0.        , 0.34215445, 1.        ]), array([0.        , 0.65675436, 1.        ]), array([2, 1, 0]))",0.656754361753127,0.3013050343720863,0.6574647258937036,0.5071514308470659,0.6572999558679967,11.83092734424614,0.572338270667173,0.5313592331144851,cnn,1-3-0,0-1-1
774,"[[207381 108383]
 [ 53567 116185]]","(array([0.        , 0.34324052, 1.        ]), array([0.        , 0.68443965, 1.        ]), array([2, 1, 0]))",0.6844396531410528,0.3263215482096512,0.6664373573682433,0.517371130348046,0.6705995658694965,11.521024023768655,0.5892929600324609,0.5439250428829315,cnn,1-3-0,0-1-2
775,"[[206833 107993]
 [ 53724 115584]]","(array([0.       , 0.3430244, 1.       ]), array([0.        , 0.68268481, 1.        ]), array([2, 1, 0]))",0.6826848111134737,0.3249032313158623,0.6659664473059111,0.5169762542658681,0.66983020516668,11.537288546520283,0.5883859144533388,0.5433539924183164,cnn,1-3-0,0-1-3
776,"[[32256 17011]
 [ 9176 17810]]","(array([0.        , 0.34528183, 1.        ]), array([0.        , 0.65997184, 1.        ]), array([2, 1, 0]))",0.6599718372489439,0.3020937208989872,0.6565774461332669,0.5114729617185032,0.6573450027984628,11.861573176208294,0.5763101266846797,0.5355746677091479,cnn,1-3-0,0-2-0
777,"[[83771 43488]
 [23567 45142]]","(array([0.        , 0.34172829, 1.        ]), array([0.        , 0.65700272, 1.        ]), array([2, 1, 0]))",0.657002721623077,0.3022544470067497,0.6578267880470281,0.5093309263229155,0.6576372176075216,11.81842149766176,0.5738183158657421,0.533304664850471,cnn,1-3-0,0-2-1
778,"[[71125 37064]
 [19374 38663]]","(array([0.        , 0.34258566, 1.        ]), array([0.        , 0.66617847, 1.        ]), array([2, 1, 0]))",0.6661784723538432,0.30973881375172096,0.6604742940334244,0.5105576610720086,0.6617964060370737,11.726980727774968,0.5780778086779702,0.53558021305185,cnn,1-3-0,0-2-2
779,"[[181688  95088]
 [ 45380 103741]]","(array([0.       , 0.3435558, 1.       ]), array([0.        , 0.69568337, 1.        ]), array([2, 1, 0]))",0.6956833712220277,0.3366788368614874,0.6701831663524279,0.5217599042393212,0.6760637857931107,11.391648390950758,0.5962983187239546,0.5492213879803522,cnn,1-3-0,0-2-3
780,"[[169439  88336]
 [ 45224  92970]]","(array([0.        , 0.34268645, 1.        ]), array([0.       , 0.6727499, 1.       ]), array([2, 1, 0]))",0.6727499023112437,0.31577499877124887,0.6627008679972423,0.5127794998510805,0.6650317254743107,11.650077679168989,0.5819718309859155,0.5383834944372251,cnn,1-3-0,0-3-0
781,"[[108155  56593]
 [ 29654  58650]]","(array([0.        , 0.34351252, 1.        ]), array([0.        , 0.66418282, 1.        ]), array([2, 1, 0]))",0.6641828229751766,0.3069113453993278,0.6591728182349873,0.5089246201504647,0.6603351534450022,11.771932643682838,0.5762796798773747,0.5338846044611453,cnn,1-3-0,0-3-1
782,"[[58684 39946]
 [15117 37781]]","(array([0.        , 0.40500862, 1.        ]), array([0.       , 0.7142236, 1.       ]), array([2, 1, 0]))",0.714223600136111,0.29489512607340235,0.636615015046724,0.48607305054871536,0.654607491034293,12.551083531439163,0.5784650717703349,0.5192465214977213,cnn,1-3-0,0-3-2
783,"[[172819  90185]
 [ 45048  96218]]","(array([0.        , 0.34290353, 1.        ]), array([0.        , 0.68111223, 1.        ]), array([2, 1, 0]))",0.6811122279954129,0.3234912946025968,0.6654884112103298,0.5161826794633133,0.6691043490055391,11.553799341794342,0.5872877812670714,0.5424534152386236,cnn,1-3-0,0-3-3
784,"[[ 24301   9074]
 [ 18028 186243]]","(array([0.        , 0.27188015, 1.        ]), array([0.        , 0.91174469, 1.        ]), array([2, 1, 0]))",0.9117446921002003,0.5810493403796364,0.8859564225781204,0.9535421903879334,0.8199322711437331,3.9389561507534356,0.9321751403946064,0.9448788936815287,cnn,1-3-0,1-0-0
785,"[[ 45331  16968]
 [ 33784 347729]]","(array([0.        , 0.27236392, 1.        ]), array([0.        , 0.91144732, 1.        ]), array([2, 1, 0]))",0.9114473163430866,0.5800390460667065,0.8856452732237975,0.9534737055692808,0.8195416969843653,3.949702908356923,0.9319869741761703,0.9447612102585393,cnn,1-3-0,1-0-1
786,"[[ 13381   5463]
 [  9835 104964]]","(array([0.       , 0.2899066, 1.       ]), array([0.        , 0.91432852, 1.        ]), array([2, 1, 0]))",0.9143285220254532,0.5735911032236743,0.8855308545902142,0.9505284033796082,0.8122109602273307,3.9536569030185262,0.932077113654729,0.9430609138788911,cnn,1-3-0,1-0-2
787,"[[ 16844   6100]
 [ 12178 125771]]","(array([0.        , 0.26586471, 1.        ]), array([0.      , 0.911721, 1.      ]), array([2, 1, 0]))",0.9117209983399662,0.5873424849338236,0.8863965492594457,0.9537426727635341,0.8229281421267474,3.9237544982721557,0.9322585427321918,0.9450312803843512,cnn,1-3-0,1-0-3
788,"[[ 27284  10120]
 [ 20172 206664]]","(array([0.       , 0.2705593, 1.       ]), array([0.        , 0.91107232, 1.        ]), array([2, 1, 0]))",0.9110723165635084,0.581679553063067,0.8853617923100212,0.9533175880138756,0.8202565090463783,3.959494045112883,0.9317163337991975,0.9445579959998976,cnn,1-3-0,1-1-0
789,"[[ 22684   8673]
 [ 16839 175311]]","(array([0.        , 0.27658896, 1.        ]), array([0.        , 0.91236534, 1.        ]), array([2, 1, 0]))",0.9123653395784543,0.5787311480019863,0.8858559239755355,0.9528600313070702,0.8178881900877251,3.942427746314314,0.9321731085198359,0.9444760507108177,cnn,1-3-0,1-1-1
790,"[[ 14660   6098]
 [ 10911 115975]]","(array([0.        , 0.29376626, 1.        ]), array([0.        , 0.91400943, 1.        ]), array([2, 1, 0]))",0.9140094257837744,0.5697415998021265,0.8847972149223808,0.9500462837810163,0.8101215834959918,3.9789962588805854,0.9316795134941898,0.9426133574347587,cnn,1-3-0,1-1-2
791,"[[ 17714   6849]
 [ 13399 137666]]","(array([0.        , 0.27883402, 1.        ]), array([0.        , 0.91130308, 1.        ]), array([2, 1, 0]))",0.9113030814550028,0.5745588392466687,0.8847108661489056,0.9526069958135833,0.8162345314045361,3.9819767969056814,0.9314973949522972,0.9440493742499572,cnn,1-3-0,1-1-3
792,"[[ 21171   7919]
 [ 15812 161966]]","(array([0.        , 0.27222413, 1.        ]), array([0.        , 0.91105761, 1.        ]), array([2, 1, 0]))",0.911057611177986,0.5795887547795444,0.8852843359050215,0.9533861141360332,0.8194167395869303,3.962169280119087,0.9317413702349691,0.9446086516321833,cnn,1-3-0,1-2-0
793,"[[ 29835  11390]
 [ 21747 227233]]","(array([0.        , 0.27628866, 1.        ]), array([0.        , 0.91265563, 1.        ]), array([2, 1, 0]))",0.9126556349907623,0.5811188427880295,0.8858151996002825,0.9522678031874547,0.8181834875984738,3.943834671397411,0.93204102517827,0.9440726497999123,cnn,1-3-0,1-2-1
794,"[[ 44034  16837]
 [ 32448 334421]]","(array([0.        , 0.27660134, 1.        ]), array([0.        , 0.91155426, 1.        ]), array([2, 1, 0]))",0.911554260512608,0.5789079624272628,0.8847781362509936,0.9520665721492464,0.8174764616292073,3.979653662143136,0.9313700779945607,0.9436785689493938,cnn,1-3-0,1-2-2
795,"[[ 46945  18760]
 [ 36065 362519]]","(array([0.        , 0.28551861, 1.        ]), array([0.        , 0.90951719, 1.        ]), array([2, 1, 0]))",0.9095171908556289,0.5676179166627354,0.8819162202852103,0.9507971852632849,0.8119992924828331,4.078501571863147,0.9296991907552993,0.942244112907418,cnn,1-3-0,1-2-3
796,"[[ 26383   9834]
 [ 18256 201663]]","(array([0.        , 0.27152994, 1.        ]), array([0.        , 0.91698762, 1.        ]), array([2, 1, 0]))",0.9169876181685075,0.5928516688464174,0.8903316987850205,0.9535028865657669,0.8227288368336532,3.787839632750452,0.9348888311977304,0.9459690198112969,cnn,1-3-0,1-3-0
797,"[[ 9203  3427]
 [ 6800 69779]]","(array([0.        , 0.27133808, 1.        ]), array([0.        , 0.91120281, 1.        ]), array([2, 1, 0]))",0.9112028101698899,0.5813941383216944,0.8853591005391833,0.9531868972488594,0.8199323631213662,3.959587109048917,0.931722135060253,0.944483396182489,cnn,1-3-0,1-3-1
798,"[[ 50980  19330]
 [ 38469 390802]]","(array([0.        , 0.27492533, 1.        ]), array([0.        , 0.91038528, 1.        ]), array([2, 1, 0]))",0.9103852810928295,0.5763853525999962,0.8843050476299139,0.9528688324734476,0.8177299752072027,3.995993028293246,0.931142728820364,0.9440578529606013,cnn,1-3-0,1-3-2
799,"[[ 40328  15607]
 [ 30891 310103]]","(array([0.        , 0.27902029, 1.        ]), array([0.        , 0.90940896, 1.        ]), array([2, 1, 0]))",0.9094089632075638,0.5716235439406386,0.882855624053672,0.9520831414448435,0.815194335898946,4.046054846402379,0.9302569056132856,0.9432308858437043,cnn,1-3-0,1-3-3
800,"[[127487  64385]
 [ 21041 170801]]","(array([0.        , 0.33556225, 1.        ]), array([0.       , 0.8903212, 1.       ]), array([2, 1, 0]))",0.890321201822333,0.569471596345431,0.7773706458456038,0.7262379563409387,0.7773794759945554,7.689479649927248,0.7999522279569491,0.7540310404684499,cnn,1-3-0,2-0-0
801,"[[141072  63320]
 [ 29803 174767]]","(array([0.        , 0.30979686, 1.        ]), array([0.        , 0.85431393, 1.        ]), array([2, 1, 0]))",0.8543139267732317,0.5520231738146715,0.7722942473872878,0.7340467980192115,0.7722585329196701,7.8648018758039795,0.7896271831237278,0.7553128225163754,cnn,1-3-0,2-0-1
802,"[[69062 32738]
 [12182 90255]]","(array([0.        , 0.32159136, 1.        ]), array([0.        , 0.88107813, 1.        ]), array([2, 1, 0]))",0.8810781260677294,0.571552712445936,0.7800594407477587,0.7338222500467506,0.7797433852342577,7.596605966989613,0.8007363704919488,0.759199473763015,cnn,1-3-0,2-0-2
803,"[[167999  80677]
 [ 27600 220753]]","(array([0.        , 0.32442616, 1.        ]), array([0.        , 0.88886786, 1.        ]), array([2, 1, 0]))",0.8888678614713734,0.5776891110396228,0.782151544477284,0.7323524533059085,0.7822208502614953,7.524348882728413,0.8030550235274645,0.7590849977958466,cnn,1-3-0,2-0-3
804,"[[25858 12509]
 [ 4738 33913]]","(array([0.       , 0.3260354, 1.       ]), array([0.        , 0.87741585, 1.        ]), array([2, 1, 0]))",0.8774158495252387,0.5633994331700325,0.7760653353761459,0.7305372452716384,0.7756902272621631,7.73455917639096,0.7972682284626145,0.7558427201690299,cnn,1-3-0,2-1-0
805,"[[150322  67972]
 [ 32880 185389]]","(array([0.        , 0.31137823, 1.        ]), array([0.        , 0.84936019, 1.        ]), array([2, 1, 0]))",0.8493601931561513,0.5450667049697847,0.7689863776820298,0.7317187728182317,0.7689909800654826,7.979052341165095,0.7861628819201494,0.7525657356868036,cnn,1-3-0,2-1-1
806,"[[43753 22174]
 [ 7248 58523]]","(array([0.        , 0.33634171, 1.        ]), array([0.        , 0.88979946, 1.        ]), array([2, 1, 0]))",0.8897994556871569,0.5680875970900473,0.7765949369010919,0.7252190292080251,0.7767288722002154,7.716272148130415,0.7991233580031134,0.7530773962255409,cnn,1-3-0,2-1-2
807,"[[118507  56295]
 [ 19927 155229]]","(array([0.        , 0.32205009, 1.        ]), array([0.        , 0.88623284, 1.        ]), array([2, 1, 0]))",0.8862328438648975,0.5769050019400601,0.7821967207493471,0.7338599875191467,0.78209137645242,7.522787385086824,0.8028809351401675,0.7599936156795776,cnn,1-3-0,2-1-3
808,"[[137169  61596]
 [ 30198 168804]]","(array([0.        , 0.30989359, 1.        ]), array([0.        , 0.84825278, 1.        ]), array([2, 1, 0]))",0.8482527813790817,0.5452487186976973,0.7692267080979568,0.73265625,0.7691795942213497,7.970750948162472,0.7862282895748041,0.753184449072909,cnn,1-3-0,2-2-0
809,"[[110660  52702]
 [ 18652 144852]]","(array([0.        , 0.32260869, 1.        ]), array([0.        , 0.88592328, 1.        ]), array([2, 1, 0]))",0.8859232801643997,0.5760078303289214,0.7817025937234219,0.7332273707442016,0.7816572975790473,7.539854225481459,0.802375241650926,0.7594052761816886,cnn,1-3-0,2-2-1
810,"[[150142  67251]
 [ 30402 186499]]","(array([0.        , 0.30935219, 1.        ]), array([0.        , 0.85983467, 1.        ]), array([2, 1, 0]))",0.8598346711172378,0.5584734148591011,0.7751454084099711,0.7349714285714286,0.7752412420321484,7.766326279016036,0.7925150483054323,0.7569561190387865,cnn,1-3-0,2-2-2
811,"[[144445  65127]
 [ 30851 179764]]","(array([0.        , 0.31076193, 1.        ]), array([0.        , 0.85351945, 1.        ]), array([2, 1, 0]))",0.8535194549296109,0.5503572767353393,0.771582652485679,0.7340571927918952,0.7713787605417431,7.889379624340051,0.7892936646279084,0.7551973274608275,cnn,1-3-0,2-2-3
812,"[[40752 19485]
 [ 7120 52923]]","(array([0.        , 0.32347228, 1.        ]), array([0.        , 0.88141832, 1.        ]), array([2, 1, 0]))",0.8814183168729077,0.5699293079293196,0.7788077818423678,0.7308999005634736,0.7789730161982946,7.639838095631246,0.7991332643770148,0.7567455494387646,cnn,1-3-0,2-3-0
813,"[[26171 12438]
 [ 4817 33731]]","(array([0.        , 0.32215287, 1.        ]), array([0.        , 0.87503891, 1.        ]), array([2, 1, 0]))",0.8750389125246446,0.563908737388757,0.7763650738105421,0.730598453507765,0.7764430233062759,7.724205607877713,0.7963218716432358,0.7555415188331005,cnn,1-3-0,2-3-1
814,"[[142902  68228]
 [ 25642 186535]]","(array([0.        , 0.32315635, 1.        ]), array([0.        , 0.87914807, 1.        ]), array([2, 1, 0]))",0.8791480697719357,0.5678944509281091,0.7782460483762376,0.7321903102098813,0.7779958603015886,7.659239027759367,0.7989677474622007,0.7575154581316718,cnn,1-3-0,2-3-2
815,"[[142768  68656]
 [ 24540 186631]]","(array([0.        , 0.32473135, 1.        ]), array([0.        , 0.88379086, 1.        ]), array([2, 1, 0]))",0.883790861434572,0.5715834180976567,0.7794673387049066,0.7310634697418983,0.7795297579459828,7.617058181145692,0.8002049487842421,0.7572349367331023,cnn,1-3-0,2-3-3
816,"[[48899 25012]
 [ 7163 29432]]","(array([0.      , 0.338407, 1.      ]), array([0.        , 0.80426288, 1.        ]), array([2, 1, 0]))",0.8042628774422735,0.4385384577742175,0.7088393390404141,0.5405921680993314,0.7329279372125657,10.056513945280575,0.6465800371269456,0.5785250677160525,cnn,1-3-0,3-0-0
817,"[[170149  87765]
 [ 25149 104486]]","(array([0.        , 0.34028785, 1.        ]), array([0.        , 0.80600147, 1.        ]), array([2, 1, 0]))",0.8060014656535658,0.43947515707892404,0.7086458744571654,0.5434874200914429,0.7328568088831426,10.06319607204097,0.6492112114226776,0.5813569186291714,cnn,1-3-0,3-0-1
818,"[[53179 27726]
 [ 7928 32429]]","(array([0.        , 0.34269823, 1.        ]), array([0.        , 0.80355329, 1.        ]), array([2, 1, 0]))",0.80355328691429,0.43434030531616374,0.7059754910854183,0.5390906824037902,0.7304275302997382,10.15542959230835,0.6452761859280484,0.5770757037052855,cnn,1-3-0,3-0-2
819,"[[129481  67679]
 [ 19236  79243]]","(array([0.        , 0.34326943, 1.        ]), array([0.        , 0.80466902, 1.        ]), array([2, 1, 0]))",0.8046690157292418,0.4349453578889498,0.706009694255494,0.5393542151617865,0.7306997949411069,10.15424847979509,0.6458245891418536,0.5774323160396814,cnn,1-3-0,3-0-3
820,"[[156444  79560]
 [ 23894  94400]]","(array([0.        , 0.33711293, 1.        ]), array([0.        , 0.79801173, 1.        ]), array([2, 1, 0]))",0.7980117334776067,0.4347887486580439,0.7080028676424931,0.542653483559439,0.7304494015941447,10.085403217434573,0.6460133993033458,0.5797571407163932,cnn,1-3-0,3-1-0
821,"[[143653  68480]
 [ 21616  85023]]","(array([0.        , 0.32281635, 1.        ]), array([0.        , 0.79729742, 1.        ]), array([2, 1, 0]))",0.797297424019355,0.4480504448302103,0.7173653896829082,0.5538849403594718,0.7372405388353012,9.76202538023381,0.6536660746822889,0.5899041283506162,cnn,1-3-0,3-1-1
822,"[[84622 43549]
 [12343 51211]]","(array([0.        , 0.33977265, 1.        ]), array([0.       , 0.8057872, 1.       ]), array([2, 1, 0]))",0.8057872045819303,0.43877895290129854,0.7084782892163255,0.5404284508231322,0.7330072785515858,10.068984806012965,0.6469547860580871,0.5785324699385894,cnn,1-3-0,3-1-2
823,"[[192920 100009]
 [ 28629 118092]]","(array([0.        , 0.34141038, 1.        ]), array([0.        , 0.80487456, 1.        ]), array([2, 1, 0]))",0.8048745578342569,0.43709896109339613,0.7074081655862619,0.5414555641652262,0.7317320909705611,10.10594583152034,0.6473951680545582,0.5793793695572182,cnn,1-3-0,3-1-3
824,"[[45465 23962]
 [ 6645 27879]]","(array([0.       , 0.3451395, 1.       ]), array([0.       , 0.8075252, 1.       ]), array([2, 1, 0]))",0.8075251998609663,0.435543891423544,0.7055631980452328,0.5377789780289732,0.7311928504094034,10.169671182313335,0.6456087535459967,0.5762791043788862,cnn,1-3-0,3-2-0
825,"[[47990 24696]
 [ 7210 29233]]","(array([0.        , 0.33976282, 1.        ]), array([0.        , 0.80215679, 1.        ]), array([2, 1, 0]))",0.8021567927997146,0.43617813552217954,0.70763041904535,0.542064566374307,0.7311969887009881,10.09826853095104,0.6469481697871022,0.5796541071308182,cnn,1-3-0,3-2-1
826,"[[175114  89275]
 [ 26074 105398]]","(array([0.        , 0.33766533, 1.        ]), array([0.       , 0.8016764, 1.       ]), array([2, 1, 0]))",0.801676402580017,0.4371321699705494,0.7086123664619652,0.5414104678101226,0.7320055342728482,10.064352645087881,0.6463260206349937,0.5790055418583904,cnn,1-3-0,3-2-2
827,"[[139395  73279]
 [ 20525  85596]]","(array([0.        , 0.34456022, 1.        ]), array([0.        , 0.80658871, 1.        ]), array([2, 1, 0]))",0.8065887053457845,0.43545917667740375,0.7057544817202277,0.5387631785995279,0.7310142432095822,10.163063958494607,0.6460172983743151,0.5770872184040097,cnn,1-3-0,3-2-3
828,"[[45318 23116]
 [ 6881 27428]]","(array([0.        , 0.33778531, 1.        ]), array([0.        , 0.79944038, 1.        ]), array([2, 1, 0]))",0.7994403800751989,0.4355035555680213,0.7080385038396776,0.5426559037670149,0.7308275343401391,10.084172732082303,0.6464827407398677,0.5799099308624225,cnn,1-3-0,3-3-0
829,"[[148379  76587]
 [ 21789  90776]]","(array([0.        , 0.34043811, 1.        ]), array([0.        , 0.80643184, 1.        ]), array([2, 1, 0]))",0.8064318393816906,0.4394116123099809,0.7085423264826045,0.5423898950186122,0.7329968643669298,10.066772845736006,0.6485667743133948,0.5803965898439548,cnn,1-3-0,3-3-1
830,"[[108759  56084]
 [ 16084  66217]]","(array([0.        , 0.34022676, 1.        ]), array([0.        , 0.80457103, 1.        ]), array([2, 1, 0]))",0.8045710258684584,0.43770428118296845,0.7079921017706277,0.5414264805684336,0.7321721323235876,10.085776953881904,0.6472761752084534,0.5793212657807018,cnn,1-3-0,3-3-2
831,"[[69525 35861]
 [10279 42377]]","(array([0.        , 0.34028239, 1.        ]), array([0.        , 0.80478958, 1.        ]), array([2, 1, 0]))",0.8047895776359769,0.43791178299135036,0.7080522898976221,0.5416421687670953,0.7322535935928162,10.083698113315595,0.6475010313688939,0.5795414761164963,cnn,1-3-0,3-3-3
832,"[[239686  15694]
 [135335   2304]]","(array([0.        , 0.06145352, 1.        ]), array([0.        , 0.01673944, 1.        ]), array([2, 1, 0]))",0.016739441582690952,-0.1020395570359413,0.6157208684567412,0.12801422380264474,0.47764296066917455,13.27256292705705,0.02960735557740126,0.05495370436624354,cnn,2-1-0,0-0-0
833,"[[174171  11348]
 [ 98283   1622]]","(array([0.        , 0.06116894, 1.        ]), array([0.        , 0.01623542, 1.        ]), array([2, 1, 0]))",0.016235423652469848,-0.10290621468510633,0.6159012556757666,0.12505782575173477,0.4775332433890398,13.266332434490758,0.028739756367663346,0.05343083967453965,cnn,2-1-0,0-0-1
834,"[[274444  18036]
 [154555   2636]]","(array([0.        , 0.06166575, 1.        ]), array([0.        , 0.01676941, 1.        ]), array([2, 1, 0]))",0.016769407917756107,-0.10222415831698951,0.6161838321795268,0.127515479876161,0.47755182649717126,13.256572868415534,0.029640790945840344,0.05494436778542515,cnn,2-1-0,0-0-2
835,"[[74548  4866]
 [42209   729]]","(array([0.        , 0.06127383, 1.        ]), array([0.        , 0.01697797, 1.        ]), array([2, 1, 0]))",0.01697796823326657,-0.10120246611069894,0.6152494442264941,0.13029490616621983,0.4778520687112891,13.288845214066919,0.030041415119609338,0.055803913163293424,cnn,2-1-0,0-0-3
836,"[[250567  16393]
 [141094   2406]]","(array([0.       , 0.0614062, 1.       ]), array([0.        , 0.01676655, 1.        ]), array([2, 1, 0]))",0.016766550522648083,-0.10182333466085869,0.6163158407640209,0.1279855311452737,0.4776801736730711,13.252013316537479,0.029648981201362914,0.05500786479862457,cnn,2-1-0,0-1-0
837,"[[120477   7927]
 [ 67721   1116]]","(array([0.        , 0.06173484, 1.        ]), array([0.        , 0.01621221, 1.        ]), array([2, 1, 0]))",0.016212211456048346,-0.10374418855835661,0.6164691925106849,0.12341037266393896,0.4772386872675401,13.246716935784303,0.02865947611710323,0.05313830243122018,cnn,2-1-0,0-1-1
838,"[[296308  19456]
 [166903   2849]]","(array([0.        , 0.06161564, 1.        ]), array([0.        , 0.01678331, 1.        ]), array([2, 1, 0]))",0.016783307413167445,-0.1021149943838723,0.616163010075878,0.12772920869760143,0.47758383520922487,13.257292009216505,0.02966827556402527,0.05500594658882041,cnn,2-1-0,0-1-2
839,"[[295443  19383]
 [166470   2838]]","(array([0.        , 0.06156734, 1.        ]), array([0.        , 0.01676235, 1.        ]), array([2, 1, 0]))",0.01676235027287547,-0.1021030097782917,0.6161124812551897,0.127717024436344,0.4775975041562773,13.259037183755584,0.02963519884717197,0.05495910020449898,cnn,2-1-0,0-1-3
840,"[[46210  3057]
 [26544   442]]","(array([0.        , 0.06204965, 1.        ]), array([0.        , 0.01637886, 1.        ]), array([2, 1, 0]))",0.016378863114207366,-0.10437233067850965,0.611805437163128,0.12632180623035152,0.47716460763845636,13.407797259584479,0.028997867803837955,0.05392611390366502,cnn,2-1-0,0-2-0
841,"[[119485   7774]
 [ 67564   1145]]","(array([0.        , 0.06108802, 1.        ]), array([0.        , 0.01666448, 1.        ]), array([2, 1, 0]))",0.0166644835465514,-0.10170174217354969,0.6155596832135859,0.1283776208095078,0.47778823309805435,13.278129858498344,0.02949966506930489,0.05484504478612827,cnn,2-1-0,0-2-1
842,"[[101538   6651]
 [ 57079    958]]","(array([0.        , 0.06147575, 1.        ]), array([0.        , 0.01650671, 1.        ]), array([2, 1, 0]))",0.016506711235935695,-0.102569676284369,0.6166063070759087,0.12590353528715995,0.47751548023322443,13.241981024449641,0.029186850683971605,0.05414081132096797,cnn,2-1-0,0-2-2
843,"[[259710  17066]
 [146637   2484]]","(array([0.        , 0.06165997, 1.        ]), array([0.        , 0.01665761, 1.        ]), array([2, 1, 0]))",0.01665761361578852,-0.10257628538749265,0.6156277221957421,0.12705882352941175,0.4774988215490568,13.27578019592955,0.02945378873665301,0.05463639522965322,cnn,2-1-0,0-2-3
844,"[[241922  15853]
 [135855   2339]]","(array([0.        , 0.06149937, 1.        ]), array([0.        , 0.01692548, 1.        ]), array([2, 1, 0]))",0.016925481569387963,-0.10148165213781521,0.6168689973204973,0.12857299912049253,0.47771305598205605,13.232908044157929,0.029913163582417863,0.05543652411334742,cnn,2-1-0,0-3-0
845,"[[154637  10111]
 [ 86873   1431]]","(array([0.        , 0.06137252, 1.        ]), array([0.        , 0.01620538, 1.        ]), array([2, 1, 0]))",0.016205381409675666,-0.10318456853634725,0.616742803850592,0.12398197885981632,0.47741643047709603,13.237266548431286,0.028664142779881014,0.05320810280207033,cnn,2-1-0,0-3-1
846,"[[92556  6074]
 [52033   865]]","(array([0.       , 0.0615837, 1.       ]), array([0.        , 0.01635223, 1.        ]), array([2, 1, 0]))",0.016352225036863396,-0.1031451447490864,0.6165263185681854,0.12465773166162271,0.47738426419642016,13.244743788170279,0.02891187726657419,0.05362412279614154,cnn,2-1-0,0-3-2
847,"[[246826  16178]
 [138912   2354]]","(array([0.        , 0.06151237, 1.        ]), array([0.       , 0.0166636, 1.       ]), array([2, 1, 0]))",0.016663599167527927,-0.1022452665324286,0.6163702476067975,0.12702352687243687,0.47757561336606386,13.250134234481713,0.029462196022478376,0.05464404765220944,cnn,2-1-0,0-3-3
848,"[[ 22568  10807]
 [ 32736 171535]]","(array([0.        , 0.32380524, 1.        ]), array([0.       , 0.8397423, 1.       ]), array([2, 1, 0]))",0.8397423031169378,0.4242179979475694,0.8167736885956423,0.9407322503866361,0.7579685298356225,6.328448961114534,0.88737316127497,0.9186366464982718,cnn,2-1-0,1-0-0
849,"[[ 42051  20248]
 [ 61763 319750]]","(array([0.        , 0.32501324, 1.        ]), array([0.        , 0.83811037, 1.        ]), array([2, 1, 0]))",0.8381103658328812,0.4210451260590454,0.8152122970987715,0.9404467085100501,0.7565485616223588,6.382377631005441,0.8863343732805183,0.9180277977955849,cnn,2-1-0,1-0-1
850,"[[12648  6196]
 [18441 96358]]","(array([0.        , 0.32880492, 1.        ]), array([0.        , 0.83936271, 1.        ]), array([2, 1, 0]))",0.8393627122187476,0.42055308841575323,0.8156506513622113,0.9395830489303196,0.7552788937871492,6.3672380023427495,0.8866498276996407,0.9176690189804101,cnn,2-1-0,1-0-2
851,"[[ 15603   7341]
 [ 21954 115995]]","(array([0.        , 0.31995293, 1.        ]), array([0.        , 0.84085423, 1.        ]), array([2, 1, 0]))",0.840854228736707,0.43058501306225677,0.817922470213123,0.940479665304534,0.760450649933207,6.28877157075599,0.8878810494287847,0.9187096958147802,cnn,2-1-0,1-0-3
852,"[[ 25185  12219]
 [ 36082 190754]]","(array([0.        , 0.32667629, 1.        ]), array([0.        , 0.84093354, 1.        ]), array([2, 1, 0]))",0.8409335378864025,0.4247789544214449,0.8172078413563427,0.9397998748602031,0.7571286232903298,6.313454469162809,0.8876221763620585,0.9182095794086614,cnn,2-1-0,1-1-0
853,"[[ 21003  10354]
 [ 30940 161210]]","(array([0.       , 0.3301974, 1.       ]), array([0.        , 0.83897996, 1.        ]), array([2, 1, 0]))",0.8389799635701275,0.41835317281915946,0.8152451601068423,0.9396493436851554,0.7543912797408631,6.381243144435002,0.886465739564603,0.9176280672035482,cnn,2-1-0,1-1-1
854,"[[ 13948   6810]
 [ 20722 106164]]","(array([0.        , 0.32806629, 1.        ]), array([0.        , 0.83668805, 1.        ]), array([2, 1, 0]))",0.8366880506911716,0.41708865052801863,0.8135244236135569,0.9397206436879282,0.7543108814974309,6.440675116924362,0.8852163762194614,0.9171328755904641,cnn,2-1-0,1-1-2
855,"[[ 16418   8145]
 [ 24394 126671]]","(array([0.       , 0.3315963, 1.       ]), array([0.        , 0.83851984, 1.        ]), array([2, 1, 0]))",0.8385198424519247,0.41629426900780814,0.8147277199535382,0.9395843223356278,0.7534617695343937,6.399114935175871,0.8861799140201694,0.9174683375607864,cnn,2-1-0,1-1-3
856,"[[ 19628   9462]
 [ 28413 149365]]","(array([0.        , 0.32526641, 1.        ]), array([0.        , 0.84017707, 1.        ]), array([2, 1, 0]))",0.8401770747786566,0.42391088265156907,0.8169122338882766,0.9404257462522115,0.7574553301016005,6.323663987412875,0.8874793897892187,0.9185067754210502,cnn,2-1-0,1-2-0
857,"[[ 27775  13450]
 [ 39920 209060]]","(array([0.        , 0.32625834, 1.        ]), array([0.        , 0.83966584, 1.        ]), array([2, 1, 0]))",0.8396658366133826,0.42381049534707665,0.8160955186850675,0.9395532785043369,0.7567037491132408,6.351872816739267,0.8868056586565993,0.9177187406718056,cnn,2-1-0,1-2-1
858,"[[ 40833  20038]
 [ 57190 309679]]","(array([0.        , 0.32918795, 1.        ]), array([0.        , 0.84411329, 1.        ]), array([2, 1, 0]))",0.8441132938460323,0.42802617184897557,0.8194510684060411,0.9392266701443965,0.7574626694953412,6.235976634776893,0.8891335743181746,0.9185270300171379,cnn,2-1-0,1-2-2
859,"[[ 44319  21386]
 [ 64464 334120]]","(array([0.        , 0.32548512, 1.        ]), array([0.        , 0.83826747, 1.        ]), array([2, 1, 0]))",0.8382674668325873,0.42197645604708917,0.8150936162605619,0.9398434906865144,0.7563911719673932,6.3864770728872,0.88615417257887,0.9176055471578726,cnn,2-1-0,1-2-3
860,"[[ 11196  25021]
 [ 32237 187682]]","(array([0.        , 0.69086341, 1.        ]), array([0.        , 0.85341421, 1.        ]), array([2, 1, 0]))",0.8534142115960877,0.15093154416774898,0.7764546959427804,0.8823664922450554,0.5812754024543102,7.7210593807473265,0.8676488944159104,0.8764199411430136,cnn,2-1-0,1-3-0
861,"[[ 8514  4116]
 [12175 64404]]","(array([0.        , 0.32589074, 1.        ]), array([0.        , 0.84101385, 1.        ]), array([2, 1, 0]))",0.8410138549732955,0.42548978202385407,0.8173838962436526,0.9399299474605954,0.7575615593156264,6.307373666250183,0.8877249326322028,0.9183280623055445,cnn,2-1-0,1-3-1
862,"[[ 47296  23014]
 [ 68729 360542]]","(array([0.        , 0.32732186, 1.        ]), array([0.        , 0.83989368, 1.        ]), array([2, 1, 0]))",0.8398936802159941,0.42212285904678787,0.8163601097719889,0.9399983314040192,0.7562859099415912,6.342733940509246,0.8871309639074489,0.9181128548837658,cnn,2-1-0,1-3-2
863,"[[ 37775  18160]
 [ 55322 285672]]","(array([0.        , 0.32466255, 1.        ]), array([0.        , 0.83776254, 1.        ]), array([2, 1, 0]))",0.837762541276386,0.42133990576268504,0.81487369277629,0.9402301271755443,0.7565499932626679,6.394072712601396,0.8860436768988842,0.9177792256358259,cnn,2-1-0,1-3-3
864,"[[166089  25783]
 [  2654 189188]]","(array([0.        , 0.13437604, 1.        ]), array([0.       , 0.9861657, 1.       ]), array([2, 1, 0]))",0.9861656988563505,0.8580393172599015,0.9258901160760358,0.8800628922040648,0.925894828247388,2.559718437071928,0.9300981040428895,0.8994167682457218,cnn,2-1-0,2-0-0
865,"[[175379  29013]
 [  2130 202440]]","(array([0.        , 0.14194783, 1.        ]), array([0.        , 0.98958792, 1.        ]), array([2, 1, 0]))",0.9895879161167327,0.8551116287627106,0.9238486705366269,0.8746484167411959,0.923820045185064,2.6302304663683813,0.9285748687569234,0.8954495029114052,cnn,2-1-0,2-0-1
866,"[[ 88174  13626]
 [  1324 101113]]","(array([0.        , 0.13385069, 1.        ]), array([0.        , 0.98707498, 1.        ]), array([2, 1, 0]))",0.9870749826722767,0.8598116640493038,0.9268007266068342,0.8812435178971405,0.9266121475247433,2.5282666824253135,0.9311618226691716,0.9005545135047996,cnn,2-1-0,2-0-2
867,"[[215138  33538]
 [  3404 244949]]","(array([0.        , 0.13486625, 1.        ]), array([0.       , 0.9862937, 1.       ]), array([2, 1, 0]))",0.9862937029148027,0.8576880715672123,0.9256743570294691,0.8795706801394679,0.9257137256229823,2.567170717361372,0.9298800394806772,0.8990267202329001,cnn,2-1-0,2-0-3
868,"[[33127  5240]
 [  337 38314]]","(array([0.       , 0.1365757, 1.       ]), array([0.        , 0.99128095, 1.        ]), array([2, 1, 0]))",0.9912809500401024,0.862129903813334,0.9275883559687346,0.8796895807503329,0.927352623480968,2.501063983029307,0.9321574113496746,0.8999516129789963,cnn,2-1-0,2-1-0
869,"[[186949  31345]
 [  2079 216190]]","(array([0.        , 0.14359075, 1.        ]), array([0.        , 0.99047506, 1.        ]), array([2, 1, 0]))",0.9904750560088698,0.8545935976846228,0.9234383124543307,0.8733714424222837,0.9234421511273792,2.6444044172432037,0.9282444976857219,0.8945232946792023,cnn,2-1-0,2-1-1
870,"[[57103  8824]
 [  968 64803]]","(array([0.        , 0.13384501, 1.        ]), array([0.        , 0.98528227, 1.        ]), array([2, 1, 0]))",0.9852822672606468,0.8574391799951111,0.925648073622986,0.8801526613878061,0.9257186284351833,2.5680781341150936,0.929755089743038,0.8993446745438951,cnn,2-1-0,2-1-2
871,"[[151205  23597]
 [  2277 172879]]","(array([0.        , 0.13499273, 1.        ]), array([0.        , 0.98700016, 1.        ]), array([2, 1, 0]))",0.9870001598574984,0.8585104954249385,0.9260654135639134,0.8798988171583297,0.9260037126102975,2.5536640640947765,0.9303773625522022,0.8994183505712442,cnn,2-1-0,2-1-3
872,"[[172729  26036]
 [  3387 195615]]","(array([0.        , 0.13098886, 1.        ]), array([0.        , 0.98298007, 1.        ]), array([2, 1, 0]))",0.9829800705520547,0.8576291610537318,0.926029560018805,0.882536058939504,0.9259956071825501,2.554900824317125,0.9300539874908773,0.9009484103809301,cnn,2-1-0,2-2-0
873,"[[141340  22022]
 [  2110 161394]]","(array([0.        , 0.13480491, 1.        ]), array([0.        , 0.98709512, 1.        ]), array([2, 1, 0]))",0.9870951169390352,0.8587333386927898,0.9261715810148501,0.8799341387883282,0.9261451025740217,2.5499971263349286,0.9304392943618125,0.8994636456048366,cnn,2-1-0,2-2-1
874,"[[186578  30815]
 [  2287 214614]]","(array([0.        , 0.14174789, 1.        ]), array([0.        , 0.98945602, 1.        ]), array([2, 1, 0]))",0.9894560191054905,0.8549903642205336,0.9237797436759431,0.8744443403183813,0.9238540623695334,2.6326111247660453,0.9284017909285576,0.8952567834429179,cnn,2-1-0,2-2-2
875,"[[179713  29859]
 [  2145 208470]]","(array([0.        , 0.14247609, 1.        ]), array([0.        , 0.98981554, 1.        ]), array([2, 1, 0]))",0.9898155402036892,0.8550943799256789,0.9238339120439233,0.8747152046121118,0.9236697230344884,2.6307403011573185,0.9287127124986636,0.8955427770202874,cnn,2-1-0,2-2-3
876,"[[52234  8003]
 [  801 59242]]","(array([0.        , 0.13285854, 1.        ]), array([0.        , 0.98665956, 1.        ]), array([2, 1, 0]))",0.9866595606482021,0.8598213838726679,0.9268041237113402,0.8809874340099636,0.9269005092780662,2.5281492065100406,0.9308340142040098,0.9002714095975053,cnn,2-1-0,2-3-0
877,"[[33357  5252]
 [  331 38217]]","(array([0.        , 0.13603046, 1.        ]), array([0.       , 0.9914133, 1.       ]), array([2, 1, 0]))",0.9914133028950919,0.8623395369127224,0.9276410435864536,0.8791782649704387,0.9276914218378693,2.4992442435357747,0.9319287464793884,0.8995452491243929,cnn,2-1-0,2-3-1
878,"[[182721  28409]
 [  2721 209456]]","(array([0.        , 0.13455691, 1.        ]), array([0.       , 0.9871758, 1.       ]), array([2, 1, 0]))",0.9871758013356773,0.8592306391037255,0.9264599923932276,0.8805667080066424,0.9263094466347784,2.54003554143202,0.9308286782122558,0.9000057578093511,cnn,2-1-0,2-3-2
879,"[[182958  28466]
 [  2837 208334]]","(array([0.       , 0.1346394, 1.       ]), array([0.        , 0.98656539, 1.        ]), array([2, 1, 0]))",0.986565390134062,0.8581995639515941,0.9259267147032029,0.8797888513513513,0.9259629962627326,2.558454498586915,0.930122708836063,0.8992542113019059,cnn,2-1-0,2-3-3
880,"[[67258  6653]
 [ 2182 34413]]","(array([0.        , 0.09001367, 1.        ]), array([0.        , 0.94037437, 1.        ]), array([2, 1, 0]))",0.9403743680830715,0.8281758071820017,0.9200495900675076,0.8379924998782448,0.9251803514996948,2.7614374710037373,0.886236334839881,0.8566457066897675,cnn,2-1-0,3-0-0
881,"[[225244  32670]
 [  7030 122605]]","(array([0.        , 0.12667013, 1.        ]), array([0.        , 0.94577082, 1.        ]), array([2, 1, 0]))",0.9457708180661087,0.7886509242396711,0.8975613406304751,0.7895990983738529,0.90955034385629,3.5381733554363426,0.8606577515706715,0.8165664315637343,cnn,2-1-0,3-0-1
882,"[[70695 10210]
 [ 2147 38210]]","(array([0.        , 0.12619739, 1.        ]), array([0.        , 0.94679981, 1.        ]), array([2, 1, 0]))",0.9467998116807493,0.7895444560522245,0.8980966832148571,0.7891367203634861,0.9103012098388914,3.519683196728354,0.8608085427531906,0.8163239145947009,cnn,2-1-0,3-0-2
883,"[[172313  24847]
 [  5488  92991]]","(array([0.        , 0.12602455, 1.        ]), array([0.        , 0.94427238, 1.        ]), array([2, 1, 0]))",0.9442723829445872,0.7876917615235987,0.8973917514265709,0.7891427213632275,0.9091239171773047,3.5440305559718572,0.859765991577176,0.8159524490594579,cnn,2-1-0,3-0-3
884,"[[213010  22994]
 [ 14085 104209]]","(array([0.        , 0.09743055, 1.        ]), array([0.        , 0.88093225, 1.        ]), array([2, 1, 0]))",0.8809322535377957,0.7702443500633981,0.8953451614177895,0.8192338231016564,0.8917508507566269,3.614701962444619,0.8489635311225799,0.8308722927224423,cnn,2-1-0,3-1-0
885,"[[193942  18191]
 [ 13026  93613]]","(array([0.        , 0.08575281, 1.        ]), array([0.        , 0.87784957, 1.        ]), array([2, 1, 0]))",0.8778495672315006,0.7831773413713408,0.9020710727416461,0.8372956244857072,0.896048380604432,3.3823909508889725,0.8570931547360181,0.8451038629244116,cnn,2-1-0,3-1-1
886,"[[112943  15228]
 [  3599  59955]]","(array([0.        , 0.11881003, 1.        ]), array([0.        , 0.94337099, 1.        ]), array([2, 1, 0]))",0.9433709915976964,0.7950382860147656,0.9018020602425348,0.7974542117233949,0.9122804821842241,3.3917001927586408,0.8642971954129036,0.8229111192853965,cnn,2-1-0,3-1-2
887,"[[258073  34856]
 [  7949 138772]]","(array([0.        , 0.11899129, 1.        ]), array([0.        , 0.94582234, 1.        ]), array([2, 1, 0]))",0.9458223430865383,0.7975821822858385,0.9026384624132833,0.7992489690602899,0.913415525840727,3.3628117692532222,0.8663801041988581,0.8248131017209263,cnn,2-1-0,3-1-3
888,"[[60698  8729]
 [ 1669 32855]]","(array([0.        , 0.12572918, 1.        ]), array([0.        , 0.95165682, 1.        ]), array([2, 1, 0]))",0.9516568184451396,0.7940104044805602,0.8999721022404786,0.790087533666795,0.9129638176371635,3.4549083379693273,0.86337835707153,0.8178582096982973,cnn,2-1-0,3-2-0
889,"[[63528  9158]
 [ 1902 34541]]","(array([0.      , 0.125994, 1.      ]), array([0.        , 0.94780891, 1.        ]), array([2, 1, 0]))",0.9478089070603408,0.7910105024407912,0.8986520539911481,0.7904299869562232,0.9109074527322175,3.5005011467252327,0.8619949589478675,0.8175810338053106,cnn,2-1-0,3-2-1
890,"[[238612  25777]
 [  9651 121821]]","(array([0.        , 0.09749649, 1.        ]), array([0.        , 0.92659273, 1.        ]), array([2, 1, 0]))",0.9265927345746623,0.8075083782553314,0.9105039395141223,0.8253567121505712,0.9145481213315615,3.0911364881659322,0.873049772458523,0.8437946760054525,cnn,2-1-0,3-2-2
891,"[[187222  25452]
 [  5527 100594]]","(array([0.        , 0.11967612, 1.        ]), array([0.        , 0.94791794, 1.        ]), array([2, 1, 0]))",0.9479179427257565,0.7982784775824913,0.9028246992581439,0.7980737191184171,0.9141209093524774,3.356379821803139,0.8665658771487765,0.8241289191469838,cnn,2-1-0,3-2-3
892,"[[59871  8563]
 [ 1846 32463]]","(array([0.        , 0.12512786, 1.        ]), array([0.        , 0.94619488, 1.        ]), array([2, 1, 0]))",0.9461948759800636,0.7906542448572292,0.898688961778418,0.7912787013113636,0.9105335077799024,3.499225937021696,0.8618304904758745,0.8180663565391382,cnn,2-1-0,3-3-0
893,"[[198006  26960]
 [  6101 106464]]","(array([0.        , 0.11984033, 1.        ]), array([0.       , 0.9458002, 1.       ]), array([2, 1, 0]))",0.9458002043263892,0.7964768399852692,0.9020504783264353,0.7979374025662549,0.9129799364492646,3.3831204942327084,0.8655996812865616,0.8236919758425776,cnn,2-1-0,3-3-1
894,"[[143835  21008]
 [  4567  77734]]","(array([0.        , 0.12744248, 1.        ]), array([0.        , 0.94450857, 1.        ]), array([2, 1, 0]))",0.9445085721923184,0.7861839337419991,0.8965178195707766,0.7872435235259565,0.9085330483123286,3.574215858943184,0.8587352176002386,0.8143625502599163,cnn,2-1-0,3-3-2
895,"[[92031 13355]
 [ 2705 49951]]","(array([0.        , 0.12672461, 1.        ]), array([0.        , 0.94862884, 1.        ]), array([2, 1, 0]))",0.9486288362199939,0.7905997026479314,0.8983814429075815,0.7890405332827852,0.9109521119213191,3.5098481892531477,0.8615063555302599,0.8165130116385512,cnn,2-1-0,3-3-3
896,"[[247899   7481]
 [ 10104 127535]]","(array([0.       , 0.0292936, 1.       ]), array([0.        , 0.92659057, 1.        ]), array([2, 1, 0]))",0.926590573892574,0.901354022682924,0.9552566160923518,0.9445917520886413,0.9486484861004887,1.5453969520376367,0.935504575379142,0.9409357786523005,cnn,0-0-0,0-0-0
897,"[[180061   5458]
 [  7335  92570]]","(array([0.        , 0.02942017, 1.        ]), array([0.        , 0.92658025, 1.        ]), array([2, 1, 0]))",0.9265802512386767,0.9011612795777286,0.9551789618252144,0.9443220304402824,0.9485800420160417,1.5480791055512733,0.9353670181323983,0.9407195279837893,cnn,0-0-0,0-0-1
898,"[[283007   9473]
 [ 11557 145634]]","(array([0.        , 0.03238854, 1.        ]), array([0.        , 0.92647798, 1.        ]), array([2, 1, 0]))",0.9264779790191551,0.8968862323142237,0.953232474409068,0.9389260317071441,0.9470447198159233,1.6153099536581819,0.9326604717289255,0.936409732786879,cnn,0-0-0,0-0-2
899,"[[77026  2388]
 [ 3129 39809]]","(array([0.        , 0.03007026, 1.        ]), array([0.        , 0.92712749, 1.        ]), array([2, 1, 0]))",0.9271274861428106,0.90070690290217,0.9549087877599058,0.9434082991681874,0.9485286107269824,1.5574109030451944,0.9351970399953017,0.9401065528088189,cnn,0-0-0,0-0-3
900,"[[258424   8536]
 [ 10544 132956]]","(array([0.        , 0.03197483, 1.        ]), array([0.        , 0.92652265, 1.        ]), array([2, 1, 0]))",0.9265226480836237,0.8975039315546505,0.9535155678994299,0.9396715008622396,0.9472739101970411,1.605532034738002,0.9330507523018191,0.9370119582560454,cnn,0-0-0,0-1-0
901,"[[124463   3941]
 [  5046  63791]]","(array([0.        , 0.03069219, 1.        ]), array([0.       , 0.9266964, 1.       ]), array([2, 1, 0]))",0.9266963987390502,0.8994217149482825,0.9544364508393285,0.9418147995039272,0.9480021042323019,1.5737252126816168,0.9341944365119463,0.9387517843215163,cnn,0-0-0,0-1-1
902,"[[305790   9974]
 [ 12521 157231]]","(array([0.        , 0.03158688, 1.        ]), array([0.        , 0.92623946, 1.        ]), array([2, 1, 0]))",0.9262394552052405,0.8978271196276076,0.9536678502871172,0.9403486737836787,0.9473262869317394,1.6002721850325938,0.9332407399163691,0.9374925468534603,cnn,0-0-0,0-1-2
903,"[[304871   9955]
 [ 12521 156787]]","(array([0.        , 0.03162064, 1.        ]), array([0.        , 0.92604602, 1.        ]), array([2, 1, 0]))",0.9260460226333074,0.897630620689431,0.9535748367187596,0.9402969857624354,0.9472126906951039,1.6034847753812589,0.9331170956702871,0.9374118114115436,cnn,0-0-0,0-1-3
904,"[[47873  1394]
 [ 1989 24997]]","(array([0.       , 0.0282948, 1.       ]), array([0.        , 0.92629512, 1.        ]), array([2, 1, 0]))",0.9262951159860668,0.9026326421105342,0.9556345324118395,0.9471789625251033,0.9490001570958811,1.5323435823220146,0.9366206418494857,0.9429271972840438,cnn,0-0-0,0-2-0
905,"[[123511   3748]
 [  5018  63691]]","(array([0.        , 0.02945175, 1.        ]), array([0.        , 0.92696736, 1.        ]), array([2, 1, 0]))",0.9269673550772097,0.9014402611881706,0.9552682070542129,0.9444238497012115,0.9487578035336228,1.5449966870558234,0.9356141845638569,0.9408801500893741,cnn,0-0-0,0-2-1
906,"[[104941   3248]
 [  4303  53734]]","(array([0.        , 0.03002154, 1.        ]), array([0.        , 0.92585764, 1.        ]), array([2, 1, 0]))",0.9258576425383807,0.8997149819114807,0.954573893374081,0.9429995437155593,0.9479180530764905,1.5689777631082016,0.9343499769603282,0.9395205706992116,cnn,0-0-0,0-2-2
907,"[[267936   8840]
 [ 10940 138181]]","(array([0.        , 0.03193919, 1.        ]), array([0.        , 0.92663676, 1.        ]), array([2, 1, 0]))",0.9266367580689507,0.8976656783450935,0.9535568459040566,0.9398725352160576,0.9473487862952205,1.604106310992134,0.9332077179191064,0.9371952170698788,cnn,0-0-0,0-2-3
908,"[[249686   8089]
 [ 10253 127941]]","(array([0.        , 0.03138008, 1.        ]), array([0.       , 0.9258072, 1.       ]), array([2, 1, 0]))",0.925807198575915,0.8977530291286271,0.9536781919796752,0.9405351760641035,0.9472135595245981,1.59991490389163,0.9331130754419744,0.9375522120314108,cnn,0-0-0,0-3-0
909,"[[159993   4755]
 [  6529  81775]]","(array([0.        , 0.02886226, 1.        ]), array([0.        , 0.92606224, 1.        ]), array([2, 1, 0]))",0.9260622395361479,0.9015096019617794,0.9554083745633308,0.9450479602450017,0.9485999885859047,1.5401552049616396,0.9354587780408844,0.941188792516067,cnn,0-0-0,0-3-1
910,"[[95693  2937]
 [ 3978 48920]]","(array([0.        , 0.02977796, 1.        ]), array([0.        , 0.92479867, 1.        ]), array([2, 1, 0]))",0.9247986691368294,0.899226559639393,0.9543648698590359,0.9433634803401663,0.947510355555944,1.576197053933662,0.9339888310820487,0.939591128047141,cnn,0-0-0,0-3-2
911,"[[255380   7624]
 [ 10502 130764]]","(array([0.        , 0.02898815, 1.        ]), array([0.        , 0.92565798, 1.        ]), array([2, 1, 0]))",0.9256579785652599,0.9010292125602368,0.9551636282682365,0.9449085180796023,0.9483349131469058,1.5486084969573781,0.9351841918942693,0.9409946201739161,cnn,0-0-0,0-3-3
912,"[[ 27434   5941]
 [ 97503 106768]]","(array([0.        , 0.17800749, 1.        ]), array([0.        , 0.52267821, 1.        ]), array([2, 1, 0]))",0.5226782068918251,0.23982449925160185,0.5647139021906533,0.9472890363679919,0.6723353581275604,15.0342691894813,0.6736576440153953,0.8148897813639605,cnn,0-0-0,1-0-0
913,"[[ 51122  11177]
 [182467 199046]]","(array([0.        , 0.17940898, 1.        ]), array([0.        , 0.52172796, 1.        ]), array([2, 1, 0]))",0.5217279620877926,0.2381550981788301,0.5636801168062152,0.9468326491392474,0.6711594914052182,15.069975019414887,0.6727527140481566,0.8141573373800011,cnn,0-0-0,1-0-1
914,"[[15355  3489]
 [54383 60416]]","(array([0.        , 0.18515177, 1.        ]), array([0.        , 0.52627636, 1.        ]), array([2, 1, 0]))",0.5262763612923458,0.2376656743379741,0.5669657221103986,0.9454033330725296,0.6705622944224412,14.956494970344163,0.6761572208792193,0.8155089236783211,cnn,0-0-0,1-0-2
915,"[[18854  4090]
 [65595 72354]]","(array([0.        , 0.17826011, 1.        ]), array([0.        , 0.52449818, 1.        ]), array([2, 1, 0]))",0.5244981841115195,0.24243745101321332,0.5668860671377872,0.9464967819580347,0.673119036267754,14.959245606911674,0.6749660669891274,0.8153022705504536,cnn,0-0-0,1-0-3
916,"[[ 30720   6684]
 [108623 118213]]","(array([0.        , 0.17869747, 1.        ]), array([0.        , 0.52113862, 1.        ]), array([2, 1, 0]))",0.5211386199721385,0.23910154653794363,0.5636277626400242,0.9464839027358544,0.6712205772302143,15.071783357088973,0.6721746324626919,0.8136639207955685,cnn,0-0-0,1-1-0
917,"[[ 25795   5562]
 [ 91833 100317]]","(array([0.        , 0.17737666, 1.        ]), array([0.       , 0.5220765, 1.       ]), array([2, 1, 0]))",0.5220765027322405,0.23975532290038057,0.564241835826171,0.9474683364973224,0.672349920211992,15.050573692739972,0.6732029433377289,0.8147031020066074,cnn,0-0-0,1-1-1
918,"[[16900  3858]
 [60414 66472]]","(array([0.        , 0.18585606, 1.        ]), array([0.        , 0.52387182, 1.        ]), array([2, 1, 0]))",0.5238718219504122,0.23525409132835554,0.5646826149386361,0.9451443196360017,0.6690078832268681,15.03535071726982,0.6741035210124939,0.8141967535998981,cnn,0-0-0,1-1-2
919,"[[20116  4447]
 [72469 78596]]","(array([0.        , 0.18104466, 1.        ]), array([0.        , 0.52027935, 1.        ]), array([2, 1, 0]))",0.5202793499486976,0.23566823913100438,0.5620516090828341,0.9464494298134701,0.6696173446401062,15.126221792656768,0.6714507833991149,0.8132241529518642,cnn,0-0-0,1-1-3
920,"[[23944  5146]
 [85028 92750]]","(array([0.        , 0.17689928, 1.        ]), array([0.       , 0.5217181, 1.       ]), array([2, 1, 0]))",0.5217180978523777,0.24008326869193608,0.5640988456406985,0.9474340116041513,0.6724094098749684,15.055512391298082,0.6728962470164034,0.8145081687924379,cnn,0-0-0,1-2-0
921,"[[ 33929   7296]
 [119123 129857]]","(array([0.        , 0.17697999, 1.        ]), array([0.        , 0.52155595, 1.        ]), array([2, 1, 0]))",0.5215559482689373,0.24094913882605656,0.564380351820265,0.9468039342923597,0.6722879801987501,15.045789724267548,0.6726024452714479,0.8140565602463415,cnn,0-0-0,1-2-1
922,"[[ 50262  10609]
 [175616 191253]]","(array([0.        , 0.17428661, 1.        ]), array([0.        , 0.52131142, 1.        ]), array([2, 1, 0]))",0.5213114217881587,0.24286056759208519,0.5646303829429092,0.9474442936263388,0.6735124078433654,15.037153684648104,0.6725604899328504,0.8143158959633555,cnn,0-0-0,1-2-2
923,"[[ 54403  11302]
 [190942 207642]]","(array([0.        , 0.17201126, 1.        ]), array([0.        , 0.52094916, 1.        ]), array([2, 1, 0]))",0.5209491600264938,0.24364199698730565,0.5644006211648348,0.9483794942999123,0.6744689487827469,15.045089007627734,0.6724942026920238,0.814691296023102,cnn,0-0-0,1-2-3
924,"[[ 27901   8316]
 [101998 117921]]","(array([0.        , 0.22961593, 1.        ]), array([0.        , 0.53620197, 1.        ]), array([2, 1, 0]))",0.5362019652690309,0.21367009876043516,0.5693147390448824,0.9341239097887307,0.6532930195232693,14.87536788534375,0.6813170940269705,0.813397492229609,cnn,0-0-0,1-3-0
925,"[[10458  2172]
 [36706 39873]]","(array([0.       , 0.1719715, 1.       ]), array([0.        , 0.52067799, 1.        ]), array([2, 1, 0]))",0.5206779926611734,0.24353089513741655,0.5641919537266419,0.9483410631466286,0.6743532481120593,15.05229612939228,0.6722585648772592,0.8145359312629975,cnn,0-0-0,1-3-1
926,"[[ 57846  12464]
 [205676 223595]]","(array([0.        , 0.17727208, 1.        ]), array([0.        , 0.52087143, 1.        ]), array([2, 1, 0]))",0.5208714308676803,0.23933594974695044,0.5633540907280301,0.9471996407677742,0.6717996750412929,15.081235373179094,0.6721326259149595,0.8139565360788114,cnn,0-0-0,1-3-2
927,"[[ 46056   9879]
 [163749 177245]]","(array([0.        , 0.17661571, 1.        ]), array([0.       , 0.5197892, 1.       ]), array([2, 1, 0]))",0.519789204502132,0.23919729161031245,0.5625716437952379,0.9472061306940852,0.6715867449166599,15.108260084595896,0.6712325654493881,0.8134310548972453,cnn,0-0-0,1-3-3
928,"[[122361  69511]
 [ 82351 109491]]","(array([0.        , 0.36227798, 1.        ]), array([0.        , 0.57073529, 1.        ]), array([2, 1, 0]))",0.5707352925845227,0.20892682114788083,0.6042312764194165,0.6116747298912861,0.6042286577999332,13.669512297442614,0.5904962733656202,0.6030236272511978,cnn,0-0-0,2-0-0
929,"[[128207  76185]
 [ 87696 116874]]","(array([0.        , 0.37273964, 1.        ]), array([0.        , 0.57131544, 1.        ]), array([2, 1, 0]))",0.5713154421469424,0.19888630782957661,0.5992757273291895,0.6053797025779684,0.5992879022938712,13.84067500575745,0.587854507593762,0.598245711021431,cnn,0-0-0,2-0-1
930,"[[65363 36437]
 [44116 58321]]","(array([0.        , 0.35792731, 1.        ]), array([0.       , 0.5693353, 1.       ]), array([2, 1, 0]))",0.5693352987689995,0.21195826627533149,0.6055905639037001,0.6154730998965786,0.6057039951605313,13.622561973936186,0.5915058698242855,0.6056568543353777,cnn,0-0-0,2-0-2
931,"[[158497  90179]
 [106751 141602]]","(array([0.        , 0.36263652, 1.        ]), array([0.        , 0.57016424, 1.        ]), array([2, 1, 0]))",0.5701642420264704,0.20799973386339504,0.6037856945972971,0.6109301452664369,0.6037638595002626,13.684902374602721,0.5898436686425039,0.6023171869802642,cnn,0-0-0,2-0-3
932,"[[24953 13414]
 [16737 21914]]","(array([0.        , 0.34962337, 1.        ]), array([0.       , 0.5669711, 1.       ]), array([2, 1, 0]))",0.5669711003596285,0.21809158859415256,0.6085200862136124,0.6203011775362319,0.6086738630528562,13.521376468914807,0.5924383946795713,0.6088473741824708,cnn,0-0-0,2-1-0
933,"[[136265  82029]
 [ 93255 125014]]","(array([0.        , 0.37577304, 1.        ]), array([0.        , 0.57275197, 1.        ]), array([2, 1, 0]))",0.5727519711915114,0.19724053045725415,0.5984909394520378,0.6038069386552551,0.5984894655814631,13.867781904978495,0.5878696110149726,0.5973294242102517,cnn,0-0-0,2-1-1
934,"[[41863 24064]
 [28095 37676]]","(array([0.        , 0.36500978, 1.        ]), array([0.        , 0.57283605, 1.        ]), array([2, 1, 0]))",0.5728360523635037,0.20823192541866922,0.6039499460887788,0.610236475542598,0.6039131344075167,13.679230356533177,0.5909450949329862,0.602370727558189,cnn,0-0-0,2-1-2
935,"[[111077  63725]
 [ 74893 100263]]","(array([0.        , 0.36455533, 1.        ]), array([0.        , 0.57242116, 1.        ]), array([2, 1, 0]))",0.5724211559980817,0.20827700922934916,0.6039010395533179,0.6114044930116838,0.6039329152720698,13.680919026443082,0.5912709645460335,0.603188755252025,cnn,0-0-0,2-1-3
936,"[[124153  74612]
 [ 85438 113564]]","(array([0.        , 0.37537796, 1.        ]), array([0.        , 0.57066763, 1.        ]), array([2, 1, 0]))",0.5706676314810907,0.19557328167924581,0.5976287625670305,0.6034988521384236,0.5976448362924535,13.897560183647501,0.5866242400136371,0.5966338343984381,cnn,0-0-0,2-2-0
937,"[[103503  59859]
 [ 70095  93409]]","(array([0.        , 0.36641936, 1.        ]), array([0.        , 0.57129489, 1.        ]), array([2, 1, 0]))",0.5712948918680889,0.2052729365971684,0.6024242350076178,0.6094488086228045,0.6024377643679519,13.731926877456806,0.5897554076749207,0.6014157017471568,cnn,0-0-0,2-2-1
938,"[[136873  80520]
 [ 92844 124057]]","(array([0.        , 0.37038911, 1.        ]), array([0.        , 0.57195218, 1.        ]), array([2, 1, 0]))",0.5719521809489122,0.20190150147758543,0.6008141949923324,0.606407367397117,0.6007815349919889,13.787537508029981,0.5886760400305591,0.5991881832557483,cnn,0-0-0,2-2-2
939,"[[131585  77987]
 [ 90448 120167]]","(array([0.        , 0.37212509, 1.        ]), array([0.       , 0.5705529, 1.       ]), array([2, 1, 0]))",0.5705529045889419,0.19874839744647285,0.5991427626271161,0.6064323707823208,0.5992139057710805,13.845266893743908,0.5879457590962133,0.5988999542478253,cnn,0-0-0,2-2-3
940,"[[38359 21878]
 [25899 34144]]","(array([0.       , 0.3631987, 1.       ]), array([0.        , 0.56865913, 1.        ]), array([2, 1, 0]))",0.568659127625202,0.2059435255032612,0.6027851679414699,0.6094748491663989,0.6027302145754212,13.719459705788374,0.5883599707060699,0.6008496081033045,cnn,0-0-0,2-3-0
941,"[[25118 13491]
 [16612 21936]]","(array([0.       , 0.3494263, 1.       ]), array([0.        , 0.56905676, 1.        ]), array([2, 1, 0]))",0.5690567604026149,0.22036691587808743,0.6098474538927122,0.6191887543399103,0.6098152304175782,13.475531360536658,0.5930652247380871,0.6084679566838275,cnn,0-0-0,2-3-1
942,"[[134206  76924]
 [ 91072 121105]]","(array([0.        , 0.36434424, 1.        ]), array([0.        , 0.57077346, 1.        ]), array([2, 1, 0]))",0.570773458009115,0.20685760844033912,0.6031343682008566,0.6115518434168733,0.6032146075627918,13.70739861961209,0.590459427702179,0.6029365932053694,cnn,0-0-0,2-3-2
943,"[[135281  76143]
 [ 90392 120779]]","(array([0.       , 0.3601436, 1.       ]), array([0.       , 0.5719488, 1.       ]), array([2, 1, 0]))",0.5719487997878496,0.21229706163086903,0.6059229285722737,0.6133342135464803,0.6059026010442199,13.611083923552284,0.5919189988556529,0.6045848312925047,cnn,0-0-0,2-3-3
944,"[[47140 26771]
 [15340 21255]]","(array([0.       , 0.3622059, 1.       ]), array([0.        , 0.58081705, 1.        ]), array([2, 1, 0]))",0.5808170515097691,0.207553000136503,0.6189256691944329,0.44257277308124765,0.6093055776145536,13.162034810678943,0.502357570815755,0.4646937677908517,cnn,0-0-0,3-0-0
945,"[[160569  97345]
 [ 54255  75380]]","(array([0.        , 0.37743201, 1.        ]), array([0.        , 0.58147877, 1.        ]), array([2, 1, 0]))",0.5814787673082115,0.19369093119222006,0.6088236584277085,0.4364162686351136,0.6020233775435417,13.510953036339414,0.4986109273713455,0.4593344586154155,cnn,0-0-0,3-0-1
946,"[[50024 30881]
 [16888 23469]]","(array([0.        , 0.38169458, 1.        ]), array([0.       , 0.5815348, 1.       ]), array([2, 1, 0]))",0.581534801893104,0.1893556385363856,0.6060678530784582,0.43181232750689974,0.5999201109150335,13.606137965535208,0.49561278469384523,0.4552543674856552,cnn,0-0-0,3-0-2
947,"[[122654  74506]
 [ 41313  57166]]","(array([0.        , 0.37789612, 1.        ]), array([0.        , 0.58048924, 1.        ]), array([2, 1, 0]))",0.5804892413611024,0.19212370945430618,0.6082418084217576,0.4341545658910019,0.6012965581932312,13.53105009179538,0.4967695121898232,0.4572058346009946,cnn,0-0-0,3-0-3
948,"[[142716  93288]
 [ 49656  68638]]","(array([0.        , 0.39528144, 1.        ]), array([0.       , 0.5802323, 1.       ]), array([2, 1, 0]))",0.5802323025681776,0.17509275948115208,0.596543023104844,0.4238849844990922,0.5924754333301558,13.935120846968319,0.48988651773606445,0.4480298904174685,cnn,0-0-0,3-1-0
949,"[[128110  84023]
 [ 44554  62085]]","(array([0.        , 0.39608642, 1.        ]), array([0.        , 0.58219788, 1.        ]), array([2, 1, 0]))",0.5821978825757931,0.1762371170931901,0.5966490155973548,0.42492539765105264,0.5930557325462109,13.931460219540325,0.4912817956296217,0.4491940770195826,cnn,0-0-0,3-1-1
950,"[[79544 48627]
 [26561 36993]]","(array([0.        , 0.37939159, 1.        ]), array([0.        , 0.58207194, 1.        ]), array([2, 1, 0]))",0.5820719388236775,0.1919209695690586,0.6078341374364324,0.4320602662929222,0.6013401723906717,13.545131837813445,0.4959711477871478,0.45554066900801404,cnn,0-0-0,3-1-2
951,"[[182221 110708]
 [ 61409  85312]]","(array([0.        , 0.37793458, 1.        ]), array([0.        , 0.58145732, 1.        ]), array([2, 1, 0]))",0.581457323764151,0.19307439703210227,0.608513590355965,0.43522089582695644,0.6017613694665072,13.52166291048594,0.497821970525849,0.4582719614611502,cnn,0-0-0,3-1-3
952,"[[43315 26112]
 [14435 20089]]","(array([0.        , 0.37610728, 1.        ]), array([0.        , 0.58188507, 1.        ]), array([2, 1, 0]))",0.5818850654617078,0.19503904624480295,0.6099412223066637,0.43481742819419494,0.6028888936567185,13.472353758718441,0.49771446268194486,0.45796706302888823,cnn,0-0-0,3-2-0
953,"[[45359 27327]
 [15470 20973]]","(array([0.        , 0.37595961, 1.        ]), array([0.        , 0.57550147, 1.        ]), array([2, 1, 0]))",0.5755014680459897,0.189468736853519,0.6078310989746081,0.43422360248447206,0.5997709304844867,13.545234208798462,0.4949789363133239,0.45664357285003254,cnn,0-0-0,3-2-1
954,"[[160119 104270]
 [ 54649  76823]]","(array([0.        , 0.39438101, 1.        ]), array([0.        , 0.58432974, 1.        ]), array([2, 1, 0]))",0.5843297432152854,0.17957220553319336,0.5985484804009488,0.42421849546917884,0.594974368220588,13.86585488322128,0.49156495448946624,0.4488142698903072,cnn,0-0-0,3-2-2
955,"[[132473  80201]
 [ 44145  61976]]","(array([0.        , 0.37710769, 1.        ]), array([0.        , 0.58401259, 1.        ]), array([2, 1, 0]))",0.584012589402663,0.19615369587608028,0.6099499678476764,0.4359073549167587,0.6034524517303995,13.472052002431225,0.49920659852274285,0.45919781159375184,cnn,0-0-0,3-2-3
956,"[[42583 25851]
 [14528 19781]]","(array([0.        , 0.37775083, 1.        ]), array([0.        , 0.57655426, 1.        ]), array([2, 1, 0]))",0.5765542569005218,0.1886988417237249,0.6069902572438025,0.4334896563814867,0.5994017156437612,13.574276811493403,0.49488998136125395,0.45612603015168074,cnn,0-0-0,3-3-0
957,"[[139872  85094]
 [ 47067  65498]]","(array([0.        , 0.37825271, 1.        ]), array([0.        , 0.58186825, 1.        ]), array([2, 1, 0]))",0.581868253897748,0.19311683877863736,0.6084478166449896,0.43493678283042925,0.6018077700771689,13.523934892118103,0.49778649247407447,0.45807089615390534,cnn,0-0-0,3-3-1
958,"[[102732  62111]
 [ 34504  47797]]","(array([0.        , 0.37678882, 1.        ]), array([0.        , 0.58075844, 1.        ]), array([2, 1, 0]))",0.5807584354989611,0.1934437056105293,0.609074062085262,0.43488190122648035,0.6019848060971812,13.502304507454285,0.4973440369597678,0.45788444110642545,cnn,0-0-0,3-3-2
959,"[[65493 39893]
 [22181 30475]]","(array([0.        , 0.37854174, 1.        ]), array([0.        , 0.57875646, 1.        ]), array([2, 1, 0]))",0.5787564570039502,0.18988400021964316,0.6072309892307108,0.43308037744429284,0.6001073576083079,13.565962872388154,0.49543178566783713,0.45603780587080406,cnn,0-0-0,3-3-3
960,"[[222003  33377]
 [119154  18485]]","(array([0.        , 0.13069543, 1.        ]), array([0.       , 0.1343006, 1.       ]), array([2, 1, 0]))",0.13430059794099056,0.005081447111509191,0.6118991702691219,0.35642667078014734,0.5018025818430774,13.404595682283933,0.19509131877932043,0.2678310107306273,cnn,2-3-0,0-0-0
961,"[[160634  24885]
 [ 86485  13420]]","(array([0.       , 0.1341372, 1.       ]), array([0.        , 0.13432761, 1.        ]), array([2, 1, 0]))",0.13432761123066914,0.00026643410444088353,0.6098085655025506,0.35034590784492886,0.5000952034775481,13.476804421083207,0.19419723609000797,0.26508641975308644,cnn,2-3-0,0-0-1
962,"[[254054  38426]
 [136159  21032]]","(array([0.        , 0.13137992, 1.        ]), array([0.        , 0.13379901, 1.        ]), array([2, 1, 0]))",0.13379900884910714,0.003405313631566475,0.611749479063582,0.353728682431296,0.5012095427177703,13.409766256299237,0.1941573697547646,0.2662123471291545,cnn,2-3-0,0-0-2
963,"[[68878 10536]
 [37073  5865]]","(array([0.        , 0.13267182, 1.        ]), array([0.       , 0.1365923, 1.       ]), array([2, 1, 0]))",0.1365922958684615,0.0054918720640037425,0.6108849875768275,0.3576001463325407,0.5019602373894906,13.43962526108137,0.19767774987782066,0.270171915019071,cnn,2-3-0,0-0-3
964,"[[231338  35622]
 [124303  19197]]","(array([0.        , 0.13343572, 1.        ]), array([0.      , 0.133777, 1.      ]), array([2, 1, 0]))",0.13377700348432056,0.00047840086209731435,0.6103761633289481,0.35018880315219175,0.5001706413885493,13.457199966417557,0.19359718433433004,0.264584757536331,cnn,2-3-0,0-1-0
965,"[[111823  16581]
 [ 59576   9261]]","(array([0.        , 0.12913149, 1.        ]), array([0.        , 0.13453521, 1.        ]), array([2, 1, 0]))",0.13453520635704636,0.00763353123116401,0.6138885931423994,0.3583700951938704,0.5027018575631218,13.33588276287487,0.19562944264303592,0.26889463139862374,cnn,2-3-0,0-1-1
966,"[[273509  42255]
 [146967  22785]]","(array([0.        , 0.13381829, 1.        ]), array([0.        , 0.13422522, 1.        ]), array([2, 1, 0]))",0.13422522267778877,0.0005696990051883521,0.6102661910215111,0.3503228782287823,0.5002034640010091,13.46099847170269,0.19408668097720533,0.2649960922235248,cnn,2-3-0,0-1-2
967,"[[272747  42079]
 [146642  22666]]","(array([0.        , 0.13365796, 1.        ]), array([0.        , 0.13387436, 1.        ]), array([2, 1, 0]))",0.13387435915609422,0.000303196229077119,0.610188501530568,0.3500810873426519,0.5001082010311673,13.463681679626308,0.19368262743908432,0.2646116631799163,cnn,2-3-0,0-1-3
968,"[[43020  6247]
 [23501  3485]]","(array([0.        , 0.12679887, 1.        ]), array([0.        , 0.12914104, 1.        ]), array([2, 1, 0]))",0.12914103609278885,0.0033564818389906007,0.6098776441582626,0.3580969995889848,0.5011710823186254,13.474414321809624,0.1898251538754834,0.26435962011105374,cnn,2-3-0,0-2-0
969,"[[110799  16460]
 [ 59591   9118]]","(array([0.        , 0.12934252, 1.        ]), array([0.        , 0.13270459, 1.        ]), array([2, 1, 0]))",0.13270459474013593,0.004762147432818594,0.6119213340953625,0.3564782234732974,0.5016810363983489,13.403829426146379,0.19340948381006925,0.26657544979856274,cnn,2-3-0,0-2-1
970,"[[94078 14111]
 [50260  7777]]","(array([0.        , 0.13042916, 1.        ]), array([0.        , 0.13400072, 1.        ]), array([2, 1, 0]))",0.13400072367627547,0.005035116069745462,0.612750111294262,0.35530884502923976,0.5017857836462698,13.375205193147481,0.19460744447919925,0.26708748600512405,cnn,2-3-0,0-2-2
971,"[[239786  36990]
 [129145  19976]]","(array([0.        , 0.13364598, 1.        ]), array([0.        , 0.13395833, 1.        ]), array([2, 1, 0]))",0.13395832914210606,0.00043771587205743866,0.6099174213483541,0.3506653091317628,0.5001561741383566,13.47304440622364,0.19385987471310656,0.2649442285502076,cnn,2-3-0,0-2-3
972,"[[223362  34413]
 [119608  18586]]","(array([0.        , 0.13350015, 1.        ]), array([0.        , 0.13449209, 1.        ]), array([2, 1, 0]))",0.13449209082883481,0.0013886437200479665,0.6110276309509077,0.35068586199739615,0.5004959726765646,13.434699170053472,0.1944213438776524,0.2653702275907364,cnn,2-3-0,0-3-0
973,"[[142519  22229]
 [ 76503  11801]]","(array([0.        , 0.13492728, 1.        ]), array([0.        , 0.13364061, 1.        ]), array([2, 1, 0]))",0.1336406051820982,-0.0017976088298942404,0.6098351326999985,0.3467822509550397,0.4993566611507888,13.47588734834578,0.1929308287148299,0.2629175132784372,cnn,2-3-0,0-3-1
974,"[[84884 13746]
 [45869  7029]]","(array([0.        , 0.13936936, 1.        ]), array([0.        , 0.13287837, 1.        ]), array([2, 1, 0]))",0.132878369692616,-0.008995778880419152,0.6065743624940605,0.3383393501805054,0.49675450472869664,13.588512658049178,0.19081617417507094,0.258422917984088,cnn,2-3-0,0-3-2
975,"[[227805  35199]
 [122502  18764]]","(array([0.        , 0.13383447, 1.        ]), array([0.        , 0.13282743, 1.        ]), array([2, 1, 0]))",0.13282743193691335,-0.0014117957879488346,0.6099116926806343,0.34771973389174066,0.49949648277048253,13.473242440160673,0.19222554026297325,0.26271428491423005,cnn,2-3-0,0-3-3
976,"[[ 19556  13819]
 [ 40398 163873]]","(array([0.        , 0.41405243, 1.        ]), array([0.        , 0.80223331, 1.        ]), array([2, 1, 0]))",0.8022333077137724,0.3105311043452046,0.7718581419422166,0.9222306012651104,0.6940904366284217,7.879787117981202,0.8580569322159476,0.8954427079064389,cnn,2-3-0,1-0-0
977,"[[ 27224  35075]
 [ 75571 305942]]","(array([0.        , 0.56301064, 1.        ]), array([0.        , 0.80191763, 1.        ]), array([2, 1, 0]))",0.8019176279707375,0.1967206936283689,0.7506917343379629,0.8971458900875909,0.6194534928726704,8.610865634257639,0.8468631060301993,0.8763328656762419,cnn,2-3-0,1-0-1
978,"[[ 8179 10665]
 [22604 92195]]","(array([0.        , 0.56596264, 1.        ]), array([0.        , 0.80309933, 1.        ]), array([2, 1, 0]))",0.8030993301335377,0.19600882345426063,0.7510606616134029,0.8963153801283298,0.6185683447526106,8.598123954033332,0.8471508184821211,0.8759803055265764,cnn,2-3-0,1-0-2
979,"[[ 10102  12842]
 [ 27069 110880]]","(array([0.       , 0.5597106, 1.       ]), array([0.        , 0.80377531, 1.        ]), array([2, 1, 0]))",0.8037753082660983,0.20247585539531435,0.7519407307962435,0.8962027771940317,0.6220323542725192,8.567727453198577,0.8474764112186677,0.8760549715013503,cnn,2-3-0,1-0-3
980,"[[ 16331  21073]
 [ 44868 181968]]","(array([0.        , 0.56338894, 1.        ]), array([0.        , 0.80220071, 1.        ]), array([2, 1, 0]))",0.802200708882188,0.1973361726502545,0.7504503481683318,0.8962130801168237,0.619405883261541,8.619203391513217,0.8466049590929499,0.8756881616939364,cnn,2-3-0,1-1-0
981,"[[ 13590  17767]
 [ 37990 154160]]","(array([0.        , 0.56660395, 1.        ]), array([0.        , 0.80228988, 1.        ]), array([2, 1, 0]))",0.8022898776997137,0.1942711862166367,0.7505357774029449,0.8966596287959424,0.6178429648089728,8.616252564342847,0.8468538248777043,0.8760504535959212,cnn,2-3-0,1-1-1
982,"[[ 10057  10701]
 [ 26753 100133]]","(array([0.        , 0.51551209, 1.        ]), array([0.       , 0.7891572, 1.       ]), array([2, 1, 0]))",0.7891571962233817,0.21987096266068346,0.7463222345642221,0.9034502048107982,0.6368225522498544,8.761777570284504,0.842444893151607,0.878017684340485,cnn,2-3-0,1-1-2
983,"[[ 15487   9076]
 [ 31175 119890]]","(array([0.        , 0.36949884, 1.        ]), array([0.        , 0.79363188, 1.        ]), array([2, 1, 0]))",0.7936318803164201,0.3330469401264687,0.7708167262623272,0.9296248623668254,0.7120665202990724,7.915751166202577,0.8562623423835218,0.8988213138130147,cnn,2-3-0,1-1-3
984,"[[ 12736  16354]
 [ 34895 142883]]","(array([0.        , 0.56218632, 1.        ]), array([0.        , 0.80371587, 1.        ]), array([2, 1, 0]))",0.803715870355162,0.19944093490512907,0.7522623121990835,0.8972977385909053,0.6207647760163573,8.556619815917161,0.8479325846030591,0.8768776251156831,cnn,2-3-0,1-2-0
985,"[[ 24124  17101]
 [ 49525 199455]]","(array([0.       , 0.4148211, 1.       ]), array([0.        , 0.80108844, 1.        ]), array([2, 1, 0]))",0.8010884408386216,0.30987176896660784,0.7704174635171689,0.9210319732540313,0.6931336685697049,7.929547009882575,0.8568832485565027,0.8942534280723528,cnn,2-3-0,1-2-1
986,"[[ 26441  34430]
 [ 72053 294816]]","(array([0.        , 0.56562238, 1.        ]), array([0.       , 0.8036002, 1.       ]), array([2, 1, 0]))",0.8036001951650317,0.19748406343944022,0.751056716697059,0.8954277348851618,0.6189889067034436,8.5982607588694,0.8470324587173097,0.875420835429221,cnn,2-3-0,1-2-2
987,"[[ 38476  27229]
 [ 79639 318945]]","(array([0.        , 0.41441291, 1.        ]), array([0.        , 0.80019519, 1.        ]), array([2, 1, 0]))",0.8001951909760552,0.30874623549536934,0.7698243981657976,0.9213430240283788,0.6928911424022655,7.950030537035644,0.8565064087931918,0.8942650621326993,cnn,2-3-0,1-2-3
988,"[[  9467  26750]
 [ 45131 174788]]","(array([0.        , 0.73860342, 1.        ]), array([0.        , 0.79478353, 1.        ]), array([2, 1, 0]))",0.7947835339374951,0.04779730413047814,0.719363931661305,0.8672706884061566,0.528090057826632,9.6929099200184,0.829446420394014,0.8517344316328987,cnn,2-3-0,1-3-0
989,"[[ 5568  7062]
 [15101 61478]]","(array([0.        , 0.55914489, 1.        ]), array([0.        , 0.80280495, 1.        ]), array([2, 1, 0]))",0.8028049465258099,0.20133026867691056,0.7515609411606452,0.8969652757513861,0.6218300267070855,8.580844399079215,0.847277062273031,0.8764066727680697,cnn,2-3-0,1-3-1
990,"[[ 30734  39576]
 [ 85378 343893]]","(array([0.        , 0.56287868, 1.        ]), array([0.        , 0.80110932, 1.        ]), array([2, 1, 0]))",0.8011093225491589,0.19614094462735834,0.7498824014524171,0.8967947865407634,0.6191153212091549,8.638819151484077,0.8462558751876369,0.8758717508164188,cnn,2-3-0,1-3-2
991,"[[ 35303  20632]
 [ 69464 271530]]","(array([0.        , 0.36885671, 1.        ]), array([0.        , 0.79628967, 1.        ]), array([2, 1, 0]))",0.7962896707859962,0.33741087942454306,0.7730173406327077,0.9293816444301449,0.7137164810531393,7.839744879739332,0.8577033148228872,0.8993191763345216,cnn,2-3-0,1-3-3
992,"[[167425  24447]
 [  2504 189338]]","(array([0.        , 0.12741307, 1.        ]), array([0.        , 0.98694759, 1.        ]), array([2, 1, 0]))",0.9869475922894883,0.8652041778938203,0.9297627920795175,0.885646794676895,0.9297672626223958,2.425958162531505,0.933557184309723,0.9042084773186168,cnn,2-3-0,2-0-0
993,"[[185794  18598]
 [  7696 196874]]","(array([0.        , 0.09099182, 1.        ]), array([0.        , 0.96237963, 1.        ]), array([2, 1, 0]))",0.9623796255560444,0.8726492378510669,0.9357055178720761,0.9136871612088809,0.9356939029576768,2.22068910422188,0.9374014979454435,0.9230274422433887,cnn,2-3-0,2-0-1
994,"[[ 88859  12941]
 [  1209 101228]]","(array([0.        , 0.12712181, 1.        ]), array([0.        , 0.98819762, 1.        ]), array([2, 1, 0]))",0.9881976239054248,0.867130273183331,0.9307177445810505,0.8866504918147659,0.9305379082199029,2.3929749926718977,0.9346740164169044,0.9052552882869832,cnn,2-3-0,2-0-2
995,"[[216861  31815]
 [  3228 245125]]","(array([0.        , 0.12793756, 1.        ]), array([0.        , 0.98700237, 1.        ]), array([2, 1, 0]))",0.9870023716242606,0.8647400244810384,0.929495059644407,0.8851195204737489,0.9295324071603908,2.4352055521893026,0.9332886598526917,0.9037779300102571,cnn,2-3-0,2-0-3
996,"[[33835  4532]
 [  876 37775]]","(array([0.        , 0.11812234, 1.        ]), array([0.        , 0.97733564, 1.        ]), array([2, 1, 0]))",0.9773356446146283,0.863417011845764,0.9297826482121062,0.8928782470985889,0.9296066499456492,2.4252684634660815,0.9331999308283307,0.9085814343921224,cnn,2-3-0,2-1-0
997,"[[201244  17050]
 [  8586 209683]]","(array([0.        , 0.07810567, 1.        ]), array([0.        , 0.96066322, 1.        ]), array([2, 1, 0]))",0.9606632183223454,0.8832198133531194,0.9412776621014607,0.9248014184084363,0.9412787721615301,2.028228926400348,0.9423912701515947,0.9317579703537413,cnn,2-3-0,2-1-1
998,"[[57494  8433]
 [  860 64911]]","(array([0.        , 0.12791421, 1.        ]), array([0.        , 0.98692433, 1.        ]), array([2, 1, 0]))",0.9869243283514011,0.8646285034106764,0.9294370453613571,0.8850212696335078,0.9295050601060477,2.4372093125410697,0.9331991517809007,0.903682893077208,cnn,2-3-0,2-1-2
999,"[[152283  22519]
 [  2118 173038]]","(array([0.        , 0.12882576, 1.        ]), array([0.        , 0.98790792, 1.        ]), array([2, 1, 0]))",0.9879079220808878,0.8650847843534989,0.9296001234433846,0.8848468732901404,0.9295410824692606,2.4315770468911846,0.9335415806837095,0.9037021717513557,cnn,2-3-0,2-1-3
1000,"[[180672  18093]
 [  7775 191227]]","(array([0.        , 0.09102709, 1.        ]), array([0.        , 0.96093004, 1.        ]), array([2, 1, 0]))",0.9609300409041115,0.8711029870586231,0.9349669530152074,0.9135629657939996,0.9349514743045952,2.246198238918397,0.9366480375781858,0.9226590831453214,cnn,2-3-0,2-2-0
1001,"[[142391  20971]
 [  1952 161552]]","(array([0.        , 0.12837135, 1.        ]), array([0.        , 0.98806145, 1.        ]), array([2, 1, 0]))",0.9880614541540268,0.8656154074616755,0.9298703444224851,0.8851048908904631,0.9298450535421645,2.4222437930474463,0.9337537244203488,0.9039431689488314,cnn,2-3-0,2-2-1
1002,"[[197666  19727]
 [  6740 210161]]","(array([0.        , 0.09074349, 1.        ]), array([0.        , 0.96892592, 1.        ]), array([2, 1, 0]))",0.9689259155098409,0.87969743313939,0.9390574127204152,0.9141886483853007,0.93909121165454,2.104918715208147,0.9407617465962679,0.9246356866496019,cnn,2-3-0,2-2-2
1003,"[[190475  19097]
 [  7819 202796]]","(array([0.        , 0.09112381, 1.        ]), array([0.        , 0.96287539, 1.        ]), array([2, 1, 0]))",0.9628753887424922,0.8731270255357424,0.9359428064171429,0.9139359961783382,0.9358757872462485,2.212493426397152,0.9377676251075125,0.9233218022067281,cnn,2-3-0,2-2-3
1004,"[[52545  7692]
 [  666 59377]]","(array([0.       , 0.1276956, 1.       ]), array([0.        , 0.98890795, 1.        ]), array([2, 1, 0]))",0.9889079493029995,0.8669847940649695,0.9305121383438644,0.8853121412276909,0.9306061734661818,2.4000768507823134,0.934246963307949,0.9042577493230669,cnn,2-3-0,2-3-0
1005,"[[34626  3983]
 [ 1116 37432]]","(array([0.        , 0.10316248, 1.        ]), array([0.        , 0.97104908, 1.        ]), array([2, 1, 0]))",0.9710490816644184,0.870241780405551,0.933913967624454,0.903827115779307,0.9339433032969194,2.2825719718783017,0.9362330077660919,0.9165164929875421,cnn,2-3-0,2-3-1
1006,"[[183986  27144]
 [  2509 209668]]","(array([0.        , 0.12856534, 1.        ]), array([0.        , 0.98817497, 1.        ]), array([2, 1, 0]))",0.9881749671265029,0.8657449126642827,0.9299491858154956,0.885377430197794,0.929804814117886,2.419520680524849,0.9339560657388043,0.9041895767298445,cnn,2-3-0,2-3-2
1007,"[[184154  27270]
 [  2571 208600]]","(array([0.        , 0.12898252, 1.        ]), array([0.        , 0.98782503, 1.        ]), array([2, 1, 0]))",0.9878250327933287,0.8647094952096984,0.9293862918397047,0.8843854665705685,0.9294212571261936,2.438962674481362,0.9332477334293722,0.9033032492069031,cnn,2-3-0,2-3-3
1008,"[[67272  6639]
 [ 2430 34165]]","(array([0.        , 0.08982425, 1.        ]), array([0.        , 0.93359749, 1.        ]), array([2, 1, 0]))",0.9335974859953545,0.822843366267963,0.9179320579878015,0.8372953631996863,0.9218866189566008,2.834574336712794,0.882827943513482,0.8549329116014635,cnn,2-3-0,3-0-0
1009,"[[228543  29371]
 [  7940 121695]]","(array([0.        , 0.11387904, 1.        ]), array([0.        , 0.93875111, 1.        ]), array([2, 1, 0]))",0.938751108882632,0.7979981086312772,0.9037257224247772,0.8055750466683437,0.9124360319648317,3.3252563444793695,0.8670792052753643,0.8290990994673654,cnn,2-3-0,3-0-1
1010,"[[71731  9174]
 [ 2504 37853]]","(array([0.        , 0.11339225, 1.        ]), array([0.        , 0.93795376, 1.        ]), array([2, 1, 0]))",0.9379537626681864,0.7974292917544836,0.9036961290428989,0.8049205775405618,0.912280756249117,3.326278357990067,0.8663599743660166,0.82842010811284,cnn,2-3-0,3-0-2
1011,"[[174824  22336]
 [  6049  92430]]","(array([0.       , 0.1132887, 1.       ]), array([0.        , 0.93857574, 1.        ]), array([2, 1, 0]))",0.9385757369591486,0.798165128894474,0.9039876335666134,0.8053778993778645,0.9126435187128873,3.316210066255605,0.8668901967220802,0.8289046764106087,cnn,2-3-0,3-0-3
1012,"[[215347  20657]
 [  8925 109369]]","(array([0.        , 0.08752818, 1.        ]), array([0.        , 0.92455239, 1.        ]), array([2, 1, 0]))",0.9245523864270377,0.8189859105380923,0.9165053147350536,0.8411317736452709,0.9185121044692603,2.8838508842792323,0.8808714561855671,0.8565894629995707,cnn,2-3-0,3-1-0
1013,"[[193443  18690]
 [ 12832  93807]]","(array([0.       , 0.0881051, 1.       ]), array([0.        , 0.87966879, 1.        ]), array([2, 1, 0]))",0.8796687890921708,0.7815454555588226,0.9011142760342815,0.8338622363263021,0.8957818426093287,3.4154387900955707,0.8561532564252338,0.8426378885681075,cnn,2-3-0,3-1-1
1014,"[[113684  14487]
 [  3896  59658]]","(array([0.        , 0.11302869, 1.        ]), array([0.       , 0.9386978, 1.       ]), array([2, 1, 0]))",0.9386978002958114,0.7981135913495183,0.9041178771678184,0.8046125834513453,0.9128345560295014,3.3117116194320735,0.8664986673832054,0.8282750309606981,cnn,2-3-0,3-1-2
1015,"[[259706  33223]
 [  9012 137709]]","(array([0.        , 0.11341656, 1.        ]), array([0.       , 0.9385773, 1.       ]), array([2, 1, 0]))",0.9385772997730386,0.798189137130575,0.9039349482542932,0.8056361594084197,0.9125803690403074,3.318029764732121,0.8670404497989944,0.8291237631690809,cnn,2-3-0,3-1-3
1016,"[[62525  6902]
 [ 1952 32572]]","(array([0.        , 0.09941377, 1.        ]), array([0.        , 0.94345962, 1.        ]), array([2, 1, 0]))",0.9434596222917391,0.8190922424363113,0.9148252542063088,0.8251507321274764,0.9220229247760136,2.9418845900664974,0.8803481175166896,0.846377715414198,cnn,2-3-0,3-2-0
1017,"[[64484  8202]
 [ 2224 34219]]","(array([0.        , 0.11284154, 1.        ]), array([0.        , 0.93897319, 1.        ]), array([2, 1, 0]))",0.9389731910106193,0.7992861671649221,0.9044616921258327,0.8066523655736546,0.9130658267190234,3.299836349563006,0.8677977277338202,0.8300465247153456,cnn,2-3-0,3-2-1
1018,"[[237353  27036]
 [  9609 121863]]","(array([0.        , 0.10225841, 1.        ]), array([0.        , 0.92691219, 1.        ]), array([2, 1, 0]))",0.9269121942314713,0.8017685604581991,0.9074296280765218,0.8184272560594765,0.9123268897735239,3.197321986524625,0.8692981799116171,0.8380440343956823,cnn,2-3-0,3-2-2
1019,"[[188317  24357]
 [  6378  99743]]","(array([0.       , 0.1145274, 1.       ]), array([0.        , 0.93989879, 1.        ]), array([2, 1, 0]))",0.9398987947720056,0.7977080791006169,0.9035900814002729,0.8037308622078969,0.9126856980151348,3.329941712674877,0.8664978433765818,0.8277138888105146,cnn,2-3-0,3-2-3
1020,"[[60722  7712]
 [ 2103 32206]]","(array([0.        , 0.11269252, 1.        ]), array([0.        , 0.93870413, 1.        ]), array([2, 1, 0]))",0.9387041301116326,0.7992368659199498,0.904470377543969,0.8068039480935919,0.9130058044251356,3.2995362877415504,0.8677704878278794,0.8301328480624393,cnn,2-3-0,3-3-0
1021,"[[199261  25705]
 [  6820 105745]]","(array([0.        , 0.11426171, 1.        ]), array([0.        , 0.93941278, 1.        ]), array([2, 1, 0]))",0.939412783724959,0.7978005439475764,0.9036384806136325,0.8044503613541271,0.9125755365332298,3.3282698652758227,0.8667090137901359,0.8282487291753151,cnn,2-3-0,3-3-1
1022,"[[145988  18855]
 [  5207  77094]]","(array([0.        , 0.11438156, 1.        ]), array([0.        , 0.93673224, 1.        ]), array([2, 1, 0]))",0.9367322389764401,0.7952541123685085,0.9026397565791603,0.8034893537191633,0.9111753379567022,3.3627646797975568,0.8650098176718093,0.8270166939499719,cnn,2-3-0,3-3-2
1023,"[[93432 11954]
 [ 3039 49617]]","(array([0.        , 0.11343063, 1.        ]), array([0.        , 0.94228578, 1.        ]), array([2, 1, 0]))",0.9422857793983591,0.8011383855695251,0.9051328127965984,0.8058501567296292,0.9144275764697184,3.276657046080007,0.8687438171360535,0.8298822506188535,cnn,2-3-0,3-3-3
