,confusion_matrix,roc_curve,recall,mcc,accuracy,precision,auc,log_loss,f1_score,fbeta_score,model,train,valid
0,"[[248125   7255]
 [ 11381 126258]]","(array([0.        , 0.02840865, 1.        ]), array([0.        , 0.91731268, 1.        ]), array([2, 1, 0]))",0.9173126802723065,0.8953309424595524,0.9525824451235182,0.9456607221768667,0.944452017166461,1.6377590853747828,0.9312710214197202,0.9398518068576176,deeplearn,0-1-0,0-0-0
1,"[[180291   5228]
 [  8239  91666]]","(array([0.       , 0.0281804, 1.       ]), array([0.        , 0.91753166, 1.        ]), array([2, 1, 0]))",0.9175316550723187,0.8958235071153359,0.9528175626436459,0.9460441306995273,0.9446756265324887,1.6296382995320209,0.9315697742366577,0.9402007462854962,deeplearn,0-1-0,0-0-1
2,"[[284230   8250]
 [ 12975 144216]]","(array([0.        , 0.02820706, 1.        ]), array([0.        , 0.91745711, 1.        ]), array([2, 1, 0]))",0.9174571063228811,0.8957179230559427,0.9527988240291235,0.9458895753807406,0.944625024715051,1.630285532446563,0.9314564179075557,0.9400629681052859,deeplearn,0-1-0,0-0-2
3,"[[77146  2268]
 [ 3527 39411]]","(array([0.       , 0.0285592, 1.       ]), array([0.        , 0.91785831, 1.        ]), array([2, 1, 0]))",0.9178583073268434,0.8955597180526834,0.9526366548973454,0.9455841071042971,0.9446495556076633,1.6358868076981103,0.9315149438056182,0.939905749472941,deeplearn,0-1-0,0-0-3
4,"[[259478   7482]
 [ 11782 131718]]","(array([0.        , 0.02802667, 1.        ]), array([0.        , 0.91789547, 1.        ]), array([2, 1, 0]))",0.9178954703832752,0.8963188521265246,0.9530672903571603,0.94625,0.9449343998605018,1.6210129392864896,0.9318570923240185,0.9404398115093532,deeplearn,0-1-0,0-1-0
5,"[[124654   3750]
 [  5684  63153]]","(array([0.       , 0.0292047, 1.       ]), array([0.        , 0.91742813, 1.        ]), array([2, 1, 0]))",0.9174281273152519,0.8942607021534856,0.9521701877398715,0.9439487018519349,0.9441117148211411,1.6519983928288278,0.9304994843082363,0.9385226289868599,deeplearn,0-1-0,0-1-1
6,"[[306872   8892]
 [ 14005 155747]]","(array([0.        , 0.02816027, 1.        ]), array([0.        , 0.91749729, 1.        ]), array([2, 1, 0]))",0.9174972901644752,0.8958173580827713,0.9528398652155645,0.9459909256008601,0.9446685092846165,1.6288679943289603,0.9315262671543194,0.9401514895425374,deeplearn,0-1-0,0-1-2
7,"[[305940   8886]
 [ 14019 155289]]","(array([0.        , 0.02822511, 1.        ]), array([0.        , 0.91719824, 1.        ]), array([2, 1, 0]))",0.9171982422567155,0.8954925778588798,0.9526887184126709,0.945874828688899,0.9444865637156917,1.634088451850509,0.9313158391882045,0.9399969491820904,deeplearn,0-1-0,0-1-3
8,"[[47950  1317]
 [ 2254 24732]]","(array([0.        , 0.02673189, 1.        ]), array([0.        , 0.91647521, 1.        ]), array([2, 1, 0]))",0.9164752093678203,0.8971134431574327,0.9531690556437123,0.9494414372912587,0.9448716599338747,1.6174973256926506,0.9326671066276987,0.9426598161333108,deeplearn,0-1-0,0-2-0
9,"[[123630   3629]
 [  5636  63073]]","(array([0.        , 0.02851665, 1.        ]), array([0.       , 0.9179729, 1.       ]), array([2, 1, 0]))",0.9179729002023025,0.8957030983963201,0.9527218729588505,0.9455938352673083,0.9447281265248225,1.632943465453144,0.9315786752922584,0.9399374696364119,deeplearn,0-1-0,0-2-1
10,"[[105048   3141]
 [  4819  53218]]","(array([0.        , 0.02903253, 1.        ]), array([0.        , 0.91696676, 1.        ]), array([2, 1, 0]))",0.9169667625824904,0.8941483099729871,0.9521133877973361,0.9442679962384003,0.9439671180851891,1.6539601003394016,0.9304171474527082,0.9386784632046086,deeplearn,0-1-0,0-2-2
11,"[[268965   7811]
 [ 12227 136894]]","(array([0.        , 0.02822138, 1.        ]), array([0.        , 0.91800618, 1.        ]), array([2, 1, 0]))",0.9180061828984516,0.8961389498505539,0.95295106563324,0.9460212155765177,0.9448924026611806,1.625027288421256,0.9318031760293507,0.9402822481492319,deeplearn,0-1-0,0-2-3
12,"[[250565   7210]
 [ 11502 126692]]","(array([0.        , 0.02797013, 1.        ]), array([0.        , 0.91676918, 1.        ]), array([2, 1, 0]))",0.9167691795591705,0.895506769248193,0.9527437753965589,0.9461546504159759,0.9443995252853559,1.6321867343126373,0.9312301540632718,0.9401278120278659,deeplearn,0-1-0,0-3-0
13,"[[160039   4709]
 [  7365  80939]]","(array([0.        , 0.02858305, 1.        ]), array([0.        , 0.91659494, 1.        ]), array([2, 1, 0]))",0.9165949447363653,0.8944941805651718,0.9522864865719299,0.9450191481412292,0.9440059483436118,1.6479812508751186,0.9305900478292863,0.939194144294679,deeplearn,0-1-0,0-3-1
14,"[[95744  2886]
 [ 4381 48517]]","(array([0.        , 0.02926087, 1.        ]), array([0.        , 0.91718023, 1.        ]), array([2, 1, 0]))",0.9171802336572271,0.8939889900480043,0.9520418668496912,0.9438554169990079,0.9439596798418954,1.656430466316454,0.9303266507511913,0.9383969672353099,deeplearn,0-1-0,0-3-2
15,"[[255617   7387]
 [ 11749 129517]]","(array([0.        , 0.02808703, 1.        ]), array([0.        , 0.91683066, 1.        ]), array([2, 1, 0]))",0.9168306598898532,0.8953964044341485,0.9526652979444431,0.9460424823233798,0.9443718172987311,1.6348973006140148,0.9312075349606356,0.9400521424569086,deeplearn,0-1-0,0-3-3
16,"[[ 14893  18482]
 [ 62467 141804]]","(array([0.        , 0.55376779, 1.        ]), array([0.        , 0.69419546, 1.        ]), array([2, 1, 0]))",0.6941954560363439,0.104126350113496,0.6593715021502571,0.8846936101718179,0.5702138328870858,11.76495370656914,0.7779524189632898,0.838665034332251,deeplearn,0-1-0,1-0-0
17,"[[ 27664  34635]
 [117384 264129]]","(array([0.        , 0.55594793, 1.        ]), array([0.        , 0.69231979, 1.        ]), array([2, 1, 0]))",0.6923197898892043,0.10099502277576569,0.6574698295674745,0.8840723781981765,0.5681859306755127,11.830635365503687,0.7765336767228644,0.8376702827469017,deeplearn,0-1-0,1-0-1
18,"[[ 8357 10487]
 [35388 79411]]","(array([0.        , 0.55651666, 1.        ]), array([0.        , 0.69173948, 1.        ]), array([2, 1, 0]))",0.6917394750825355,0.10029201056008864,0.6567347335812576,0.883345569423124,0.5676114059768441,11.856025025588902,0.7758882641172073,0.8369783575152142,deeplearn,0-1-0,1-0-2
19,"[[10243 12701]
 [42003 95946]]","(array([0.       , 0.5535652, 1.       ]), array([0.        , 0.69551791, 1.        ]), array([2, 1, 0]))",0.6955179087923798,0.10599908838745446,0.6599976381818973,0.8830984748773552,0.5709763532804298,11.74332866932778,0.778163473860079,0.8379021792478042,deeplearn,0-1-0,1-0-3
20,"[[ 16638  20766]
 [ 69448 157388]]","(array([0.        , 0.55518126, 1.        ]), array([0.        , 0.69384048, 1.        ]), array([2, 1, 0]))",0.6938404838738119,0.10313348977588184,0.6585906751438086,0.8834379244922932,0.56932960991894,11.791923168826477,0.7772438825650017,0.837658549878014,deeplearn,0-1-0,1-1-0
21,"[[ 13868  17489]
 [ 59023 133127]]","(array([0.       , 0.5577383, 1.       ]), array([0.        , 0.69282852, 1.        ]), array([2, 1, 0]))",0.6928285193858964,0.1000780494773669,0.6576751511138353,0.883883518351304,0.5675451076694766,11.823543977087354,0.7767806608590117,0.8376834538530656,deeplearn,0-1-0,1-1-1
22,"[[ 9295 11463]
 [39160 87726]]","(array([0.        , 0.55222083, 1.        ]), array([0.        , 0.69137651, 1.        ]), array([2, 1, 0]))",0.6913765111990291,0.10301476883348024,0.6571279564357508,0.8844327495992499,0.5695778403379286,11.84244292504203,0.7760787349330975,0.8376524419355208,deeplearn,0-1-0,1-1-2
23,"[[ 10920  13643]
 [ 46394 104671]]","(array([0.       , 0.5554289, 1.       ]), array([0.        , 0.69288717, 1.        ]), array([2, 1, 0]))",0.6928871677754609,0.1016822339489575,0.6581581524586056,0.8846882025795764,0.5687291353268868,11.806861248371517,0.777128135452281,0.8382787059861835,deeplearn,0-1-0,1-1-3
24,"[[ 12960  16130]
 [ 54463 123315]]","(array([0.        , 0.55448608, 1.        ]), array([0.        , 0.69364601, 1.        ]), array([2, 1, 0]))",0.6936460079424901,0.10320947322368972,0.6587534079702999,0.8843271540750833,0.5695799651262811,11.786302084191266,0.7774656944799084,0.8382411720081897,deeplearn,0-1-0,1-2-0
25,"[[ 18387  22838]
 [ 76424 172556]]","(array([0.        , 0.55398423, 1.        ]), array([0.        , 0.69305165, 1.        ]), array([2, 1, 0]))",0.6930516507349987,0.10351492671543445,0.6579590289622853,0.8831182124323163,0.5695337089332968,11.813739541764392,0.7766250950775697,0.837198560776901,deeplearn,0-1-0,1-2-1
26,"[[ 29923  30948]
 [135340 231529]]","(array([0.        , 0.50841944, 1.        ]), array([0.        , 0.63109448, 1.        ]), array([2, 1, 0]))",0.6310944778653961,0.08802042646948806,0.6112404731846449,0.8820925262022958,0.5613375167332928,13.427336220830828,0.7357765044983205,0.8170975389916693,deeplearn,0-1-0,1-2-2
27,"[[ 29000  36705]
 [122113 276471]]","(array([0.        , 0.55863329, 1.        ]), array([0.        , 0.69363296, 1.        ]), array([2, 1, 0]))",0.69363296068081,0.10042612717846305,0.6579328823211404,0.88279753237796,0.5674998377713463,11.814642902826906,0.776865797459818,0.8371374345359502,deeplearn,0-1-0,1-2-3
28,"[[ 26415   9802]
 [125504  94415]]","(array([0.        , 0.27064638, 1.        ]), array([0.        , 0.42931716, 1.        ]), array([2, 1, 0]))",0.4293171576807825,0.11254060059054416,0.4717415747883937,0.9059462467735591,0.5793353880736242,18.24543022669127,0.5825641088925637,0.7413389406504844,deeplearn,0-1-0,1-3-0
29,"[[ 5588  7042]
 [23615 52964]]","(array([0.        , 0.55756136, 1.        ]), array([0.        , 0.69162564, 1.        ]), array([2, 1, 0]))",0.6916256414944044,0.09959981383271811,0.6563463327691152,0.8826450688264507,0.567032139828754,11.869440288579405,0.7755463630706153,0.836441853046244,deeplearn,0-1-0,1-3-1
30,"[[ 30976  39334]
 [131578 297693]]","(array([0.        , 0.55943678, 1.        ]), array([0.      , 0.693485, 1.      ]), array([2, 1, 0]))",0.6934850013161848,0.09949567487164176,0.6578893112428215,0.88329124966249,0.5670241106708929,11.816147536780404,0.7769640531490359,0.8374494128714247,deeplearn,0-1-0,1-3-2
31,"[[ 24745  31190]
 [104353 236641]]","(array([0.        , 0.55761151, 1.        ]), array([0.        , 0.69397409, 1.        ]), array([2, 1, 0]))",0.6939740875206015,0.10127918603448677,0.6585207933912615,0.8835459674197536,0.568181287078438,11.79433679156531,0.7773695232620211,0.8377752036014552,deeplearn,0-1-0,1-3-3
32,"[[107620  84252]
 [ 90410 101432]]","(array([0.        , 0.43910524, 1.        ]), array([0.        , 0.52872676, 1.        ]), array([2, 1, 0]))",0.5287267647334786,0.08966795317443528,0.5448120214534784,0.5462613903190366,0.5448107639544644,15.72181137610455,0.5373510698600892,0.542662035699535,deeplearn,0-1-0,2-0-0
33,"[[116649  87743]
 [ 94922 109648]]","(array([0.        , 0.42928784, 1.        ]), array([0.        , 0.53599257, 1.        ]), array([2, 1, 0]))",0.5359925697805152,0.10676892017042322,0.5533448095422069,0.5554863190317695,0.5533523653630745,15.427095302873317,0.545565365794194,0.5514749520688359,deeplearn,0-1-0,2-0-1
34,"[[57063 44737]
 [47930 54507]]","(array([0.        , 0.43945972, 1.        ]), array([0.        , 0.53210266, 1.        ]), array([2, 1, 0]))",0.5321026582191981,0.09267920701786568,0.5462771192291309,0.5492221192213131,0.546321466634157,15.671208271652164,0.5405268716438335,0.5457106643199116,deeplearn,0-1-0,2-0-2
35,"[[138822 109854]
 [117231 131122]]","(array([0.        , 0.44175554, 1.        ]), array([0.        , 0.52796624, 1.        ]), array([2, 1, 0]))",0.5279662415996585,0.0862503775559355,0.5431151904617235,0.5441288759046544,0.543105352136991,15.78041900294427,0.5359257268627038,0.5408176649010894,deeplearn,0-1-0,2-0-3
36,"[[21306 17061]
 [16801 21850]]","(array([0.        , 0.44467902, 1.        ]), array([0.        , 0.56531526, 1.        ]), array([2, 1, 0]))",0.5653152570438023,0.12064198951545864,0.5603365447038354,0.5615378684690704,0.5603181180050507,15.18561489802672,0.5634202315566901,0.56228930234952,deeplearn,0-1-0,2-1-0
37,"[[124576  93718]
 [100143 118126]]","(array([0.        , 0.42932009, 1.        ]), array([0.        , 0.54119458, 1.        ]), array([2, 1, 0]))",0.5411945809986759,0.11192317343382614,0.5559380891188671,0.5576084288438662,0.5559372448727976,15.337526696870198,0.5492789104258649,0.5542464892154516,deeplearn,0-1-0,2-1-1
38,"[[36693 29234]
 [31147 34624]]","(array([0.        , 0.44342985, 1.        ]), array([0.        , 0.52643262, 1.        ]), array([2, 1, 0]))",0.5264326222803363,0.08304067664589741,0.5415192333976219,0.5422030129349494,0.5415013840238122,15.835542171729081,0.5342014518356232,0.5389737953879634,deeplearn,0-1-0,2-1-2
39,"[[97582 77220]
 [82514 92642]]","(array([0.        , 0.44175696, 1.        ]), array([0.        , 0.52891137, 1.        ]), array([2, 1, 0]))",0.5289113704354975,0.08719165692156793,0.5435623703415838,0.5453956741354746,0.5435772055664863,15.764973664206053,0.5370270536609684,0.5420171213801948,deeplearn,0-1-0,2-1-3
40,"[[113487  85278]
 [ 91574 107428]]","(array([0.        , 0.42903932, 1.        ]), array([0.        , 0.53983377, 1.        ]), array([2, 1, 0]))",0.5398337705148692,0.11084791785551933,0.5553879532490126,0.5574709661349413,0.5553972263637662,15.356527492382217,0.5485106252616745,0.5538519280778201,deeplearn,0-1-0,2-2-0
41,"[[91748 71614]
 [77058 86446]]","(array([0.        , 0.43837612, 1.        ]), array([0.        , 0.52870878, 1.        ]), array([2, 1, 0]))",0.5287087777669048,0.09038150386449623,0.5451591783789076,0.546918891560167,0.5451663280125032,15.709820619319617,0.537659688273563,0.5431772027184623,deeplearn,0-1-0,2-2-1
42,"[[126284  91109]
 [101028 115873]]","(array([0.        , 0.41909813, 1.        ]), array([0.        , 0.53422068, 1.        ]), array([2, 1, 0]))",0.5342206813246596,0.11524881956702053,0.5575877170764505,0.5598216270013817,0.5575612751450408,15.28054665897116,0.5467216189373011,0.5545070054525668,deeplearn,0-1-0,2-2-2
43,"[[119339  90233]
 [ 97579 113036]]","(array([0.        , 0.43055847, 1.        ]), array([0.        , 0.53669492, 1.        ]), array([2, 1, 0]))",0.5366949172661016,0.1061921581398499,0.5530275805772192,0.5560906975485687,0.5530682228572792,15.438052158576738,0.5462206801905847,0.5521001942969118,deeplearn,0-1-0,2-2-3
44,"[[33492 26745]
 [28073 31970]]","(array([0.        , 0.44399621, 1.        ]), array([0.        , 0.53245174, 1.        ]), array([2, 1, 0]))",0.5324517429175757,0.0884802545473899,0.5442467575656801,0.5444945925232053,0.544227763983316,15.741337127115766,0.5384058337122553,0.5420426377486834,deeplearn,0-1-0,2-3-0
45,"[[22023 16586]
 [16831 21717]]","(array([0.        , 0.42958896, 1.        ]), array([0.        , 0.56337553, 1.        ]), array([2, 1, 0]))",0.5633755318045035,0.1337899455989883,0.5668960690540068,0.5669790877999112,0.5668932879307943,14.959051711597226,0.5651715657571145,0.5662546933667084,deeplearn,0-1-0,2-3-1
46,"[[120838  90292]
 [ 99744 112433]]","(array([0.        , 0.42766068, 1.        ]), array([0.        , 0.52990192, 1.        ]), array([2, 1, 0]))",0.5299019215089289,0.10233201793592894,0.5510681373093287,0.5546084597360957,0.5511206192587036,15.505727777320983,0.5419737672992658,0.549484545151538,deeplearn,0-1-0,2-3-2
47,"[[117857  93567]
 [ 98848 112323]]","(array([0.        , 0.44255619, 1.        ]), array([0.        , 0.53190542, 1.        ]), array([2, 1, 0]))",0.5319054226195832,0.08937848996153099,0.5446822607934311,0.545548593909369,0.5446746161077332,15.726294622415054,0.5386406305072878,0.5427642546710207,deeplearn,0-1-0,2-3-3
48,"[[37687 36224]
 [11402 25193]]","(array([0.        , 0.49010296, 1.        ]), array([0.        , 0.68842738, 1.        ]), array([2, 1, 0]))",0.6884273807897253,0.18784741100165872,0.5690188768030695,0.41019587410651775,0.5991622095598044,14.885822753527657,0.5140799085826224,0.44626819668181805,deeplearn,0-1-0,3-0-0
49,"[[132660 125254]
 [ 43720  85915]]","(array([0.       , 0.4856425, 1.       ]), array([0.       , 0.6627454, 1.       ]), array([2, 1, 0]))",0.6627454005476916,0.1677971249488956,0.5639931982794434,0.4068542257623041,0.588551449779495,15.059399857386191,0.5041900916655909,0.440901313851532,deeplearn,0-1-0,3-0-1
50,"[[41564 39341]
 [13278 27079]]","(array([0.        , 0.48626166, 1.        ]), array([0.        , 0.67098645, 1.        ]), array([2, 1, 0]))",0.6709864459697202,0.17489049266276352,0.5660718114495885,0.40769346582354715,0.5923623905270392,14.987608088983409,0.5072066081646797,0.44241382577923577,deeplearn,0-1-0,3-0-2
51,"[[98635 98525]
 [32324 66155]]","(array([0.        , 0.49972104, 1.        ]), array([0.        , 0.67176758, 1.        ]), array([2, 1, 0]))",0.6717675849673534,0.16324469401028724,0.5574027783885076,0.40171848433325236,0.58602327310855,15.287032945025786,0.502775888341269,0.436840249392828,deeplearn,0-1-0,3-0-3
52,"[[120829 115175]
 [ 39057  79237]]","(array([0.        , 0.48802139, 1.        ]), array([0.       , 0.6698311, 1.       ]), array([2, 1, 0]))",0.669831098787766,0.1723024132666267,0.5646828376112764,0.40757257782441414,0.5909048546598954,15.035582065306286,0.5067827288251585,0.44219938344223175,deeplearn,0-1-0,3-1-0
53,"[[108301 103832]
 [ 34998  71641]]","(array([0.        , 0.48946651, 1.        ]), array([0.        , 0.67180863, 1.        ]), array([2, 1, 0]))",0.6718086253622033,0.17295072935359698,0.5644849610379833,0.4082736375396785,0.5911710557149531,15.042416996178531,0.5078904832123412,0.443031868907933,deeplearn,0-1-0,3-1-1
54,"[[64725 63446]
 [20973 42581]]","(array([0.        , 0.49501057, 1.        ]), array([0.        , 0.66999717, 1.        ]), array([2, 1, 0]))",0.6699971677628473,0.16568284143210743,0.5596870517668535,0.40160525149254434,0.5874932979743153,15.208135067104037,0.502190693532884,0.43658312519737025,deeplearn,0-1-0,3-1-2
55,"[[150578 142351]
 [ 49534  97187]]","(array([0.        , 0.48595735, 1.        ]), array([0.        , 0.66239325, 1.        ]), array([2, 1, 0]))",0.6623932497733794,0.16706693659437435,0.5635505515751166,0.40572685753408644,0.588217950873533,15.074688802527515,0.5032219313983621,0.4398107293779466,deeplearn,0-1-0,3-1-3
56,"[[35430 33997]
 [11746 22778]]","(array([0.        , 0.48967981, 1.        ]), array([0.        , 0.65977291, 1.        ]), array([2, 1, 0]))",0.6597729115977291,0.16090603437095582,0.559956133178132,0.40119771025979745,0.5850465520150341,15.198838227109249,0.49897589239750706,0.4353193896584411,deeplearn,0-1-0,3-2-0
57,"[[37217 35469]
 [12139 24304]]","(array([0.        , 0.48797568, 1.        ]), array([0.        , 0.66690448, 1.        ]), array([2, 1, 0]))",0.6669044809702823,0.16954703593540596,0.5637456588074664,0.40660498887457547,0.5894644023870206,15.067951026126506,0.5051966408913278,0.4410328996316258,deeplearn,0-1-0,3-2-1
58,"[[134606 129783]
 [ 43274  88198]]","(array([0.        , 0.49087897, 1.        ]), array([0.        , 0.67085007, 1.        ]), array([2, 1, 0]))",0.6708500669344043,0.1703994579586574,0.5628339240288889,0.4046132461086058,0.5899855484659351,15.099443493365957,0.5047774664976407,0.4394974666034147,deeplearn,0-1-0,3-2-2
59,"[[109345 103329]
 [ 36536  69585]]","(array([0.        , 0.48585629, 1.        ]), array([0.        , 0.65571376, 1.        ]), array([2, 1, 0]))",0.6557137607071174,0.16066751711965296,0.5612697815210401,0.40242548318817445,0.5849287368099191,15.153464082175212,0.4987546365151325,0.43611811320707417,deeplearn,0-1-0,3-2-3
60,"[[34324 34110]
 [11194 23115]]","(array([0.        , 0.49843645, 1.        ]), array([0.        , 0.67372993, 1.        ]), array([2, 1, 0]))",0.6737299250925414,0.16642603163620093,0.5590551181102362,0.4039318479685452,0.5876467376872825,15.229962139156706,0.5050582297288438,0.43909972683304904,deeplearn,0-1-0,3-3-0
61,"[[115709 109257]
 [ 38095  74470]]","(array([0.        , 0.48566006, 1.        ]), array([0.        , 0.66157331, 1.        ]), array([2, 1, 0]))",0.6615733131968197,0.16652843314218513,0.5634415801807834,0.40532964670407723,0.5879566289497873,15.07845247091174,0.5026797888569384,0.4393650299183572,deeplearn,0-1-0,3-3-1
62,"[[84661 80182]
 [27787 54514]]","(array([0.        , 0.48641435, 1.        ]), array([0.        , 0.66237348, 1.        ]), array([2, 1, 0]))",0.6623734827037339,0.16653150881094772,0.5631332340659696,0.4047187741284077,0.5879795684661515,15.089102959826088,0.5024401259003581,0.4388610254635034,deeplearn,0-1-0,3-3-2
63,"[[54101 51285]
 [17321 35335]]","(array([0.        , 0.48663959, 1.        ]), array([0.        , 0.67105363, 1.        ]), array([2, 1, 0]))",0.6710536311151626,0.17465631001054263,0.5659002037433087,0.4079311937196952,0.5922070197592779,14.993535267229278,0.507409747551624,0.44264361019802767,deeplearn,0-1-0,3-3-3
64,"[[146367 109013]
 [ 25741 111898]]","(array([0.        , 0.42686585, 1.        ]), array([0.        , 0.81298179, 1.        ]), array([2, 1, 0]))",0.8129817856857431,0.37125535394114634,0.6571310801767853,0.5065297789607579,0.6930579693563024,11.842494741563259,0.6241695718867661,0.5478305229794288,deeplearn,1-2-0,0-0-0
65,"[[106380  79139]
 [ 18582  81323]]","(array([0.        , 0.42658164, 1.        ]), array([0.       , 0.8140033, 1.       ]), array([2, 1, 0]))",0.8140033031379811,0.37247456529012596,0.6576286507091205,0.5068053495531653,0.6937108296046635,11.82530918012534,0.6246797789274371,0.5481811330725996,deeplearn,1-2-0,0-0-1
66,"[[167472 125008]
 [ 29354 127837]]","(array([0.      , 0.427407, 1.      ]), array([0.        , 0.81325903, 1.        ]), array([2, 1, 0]))",0.8132590288248055,0.37086367097794837,0.6567223592359748,0.5055943364511855,0.6929260133183109,11.856611962850074,0.6235403720648918,0.5469800294547785,deeplearn,1-2-0,0-0-2
67,"[[45709 33705]
 [ 7997 34941]]","(array([0.        , 0.42442139, 1.        ]), array([0.        , 0.81375472, 1.        ]), array([2, 1, 0]))",0.813754716102287,0.3744311774121304,0.6591637243363411,0.5090027095533607,0.6946666647225113,11.772288182064454,0.6262725838829939,0.5502138434502176,deeplearn,1-2-0,0-0-3
68,"[[152926 114034]
 [ 26720 116780]]","(array([0.        , 0.42715763, 1.        ]), array([0.        , 0.81379791, 1.        ]), array([2, 1, 0]))",0.8137979094076655,0.3716347340554981,0.6570822979096623,0.5059485126552116,0.6933201413984686,11.844179978518278,0.6239681123334955,0.5473604085657826,deeplearn,1-2-0,0-1-0
69,"[[73546 54858]
 [12841 55996]]","(array([0.        , 0.42722968, 1.        ]), array([0.        , 0.81345788, 1.        ]), array([2, 1, 0]))",0.8134578787570638,0.3710601712961759,0.6567701441383891,0.5051328774784852,0.6931140987193624,11.854961633103077,0.6232476863059363,0.5465658571057661,deeplearn,1-2-0,0-1-1
70,"[[180974 134790]
 [ 31603 138149]]","(array([0.        , 0.42686943, 1.        ]), array([0.        , 0.81382841, 1.        ]), array([2, 1, 0]))",0.8138284085018144,0.371931315120765,0.6572862686296641,0.5061533895852187,0.6934794871837304,11.837134921230172,0.6241328601665721,0.5475549897424352,deeplearn,1-2-0,0-1-2
71,"[[180428 134398]
 [ 31570 137738]]","(array([0.        , 0.42689613, 1.        ]), array([0.       , 0.8135351, 1.       ]), array([2, 1, 0]))",0.8135350958017341,0.37163856906528403,0.6571858204546676,0.5061366375635712,0.6933194845261775,11.840604264534116,0.6240338525384873,0.5475127439476187,deeplearn,1-2-0,0-1-3
72,"[[28209 21058]
 [ 5070 21916]]","(array([0.        , 0.42742607, 1.        ]), array([0.        , 0.81212481, 1.        ]), array([2, 1, 0]))",0.8121248054546802,0.37091983368436,0.6573511861828387,0.5099827802857542,0.6923493696626112,11.834891578939994,0.62652944539737,0.550979978077453,deeplearn,1-2-0,0-2-0
73,"[[72974 54285]
 [12906 55803]]","(array([0.        , 0.42657101, 1.        ]), array([0.        , 0.81216435, 1.        ]), array([2, 1, 0]))",0.8121643452822774,0.3708212200496957,0.6571327971913782,0.50689448441247,0.692796668276025,11.842435147049223,0.6242051041124851,0.5480973792924619,deeplearn,1-2-0,0-2-1
74,"[[62024 46165]
 [10839 47198]]","(array([0.        , 0.42670697, 1.        ]), array([0.        , 0.81323983, 1.        ]), array([2, 1, 0]))",0.8132398297637714,0.37135521849771264,0.6570692912059485,0.5055321701316368,0.6932664316257322,11.844629137625002,0.6234874504623514,0.5469200837101293,deeplearn,1-2-0,0-2-2
75,"[[158704 118072]
 [ 27697 121424]]","(array([0.        , 0.42659768, 1.        ]), array([0.        , 0.81426493, 1.        ]), array([2, 1, 0]))",0.8142649257985126,0.37275156329896053,0.6577364949741369,0.5069980291946421,0.6938336219592904,11.821584341701199,0.624903182310604,0.5483852028488716,deeplearn,1-2-0,0-2-3
76,"[[147843 109932]
 [ 25861 112333]]","(array([0.        , 0.42646494, 1.        ]), array([0.        , 0.81286452, 1.        ]), array([2, 1, 0]))",0.8128645237854031,0.37116002173733986,0.6570615376456238,0.5054012102670236,0.6931997917152212,11.844896858943004,0.6232775433544452,0.5467635073701342,deeplearn,1-2-0,0-3-0
77,"[[94253 70495]
 [16608 71696]]","(array([0.        , 0.42789594, 1.        ]), array([0.        , 0.81192245, 1.        ]), array([2, 1, 0]))",0.8119224497191521,0.36892324599003784,0.655790114284811,0.5042231927477829,0.6920132558402253,11.888811026772155,0.6221046009674831,0.5455751916087832,deeplearn,1-2-0,0-3-1
78,"[[56406 42224]
 [ 9761 43137]]","(array([0.        , 0.42810504, 1.        ]), array([0.        , 0.81547507, 1.        ]), array([2, 1, 0]))",0.8154750652198571,0.3723057009610063,0.6569280924977562,0.5053478754934924,0.6936850130925403,11.849506712233541,0.6240027773960466,0.5469490949480401,deeplearn,1-2-0,0-3-2
79,"[[150781 112223]
 [ 26580 114686]]","(array([0.        , 0.42669693, 1.        ]), array([0.        , 0.81184432, 1.        ]), array([2, 1, 0]))",0.8118443220590942,0.3700599061959634,0.6566576792737527,0.5054272858282395,0.6925736948465233,11.858845606068213,0.6229972159978271,0.5466954968147644,deeplearn,1-2-0,0-3-3
80,"[[ 24289   9086]
 [ 11640 192631]]","(array([0.       , 0.2722397, 1.       ]), array([0.        , 0.94301687, 1.        ]), array([2, 1, 0]))",0.9430168746420197,0.6505766249861338,0.9127862450872306,0.9549566967583297,0.835388587133744,3.0122869507720287,0.9489492300265032,0.9525446056378006,deeplearn,1-2-0,1-0-0
81,"[[ 55708   6591]
 [ 21743 359770]]","(array([0.        , 0.10579624, 1.        ]), array([0.       , 0.9430085, 1.       ]), array([2, 1, 0]))",0.943008495123364,0.7662361759108901,0.9361576523392788,0.9820095479595262,0.9186061272066202,2.205048445107528,0.9621139389790259,0.9739533730346727,deeplearn,1-2-0,1-0-1
82,"[[ 15376   3468]
 [  6720 108079]]","(array([0.        , 0.18403736, 1.        ]), array([0.       , 0.9414629, 1.       ]), array([2, 1, 0]))",0.9414629047291353,0.7095937320138508,0.9237670510239968,0.9689099662025873,0.878712772678726,2.633013527945631,0.954989264223799,0.9632932670454039,deeplearn,1-2-0,1-0-2
83,"[[ 19807   3137]
 [  7814 130135]]","(array([0.       , 0.1367242, 1.       ]), array([0.        , 0.94335588, 1.        ]), array([2, 1, 0]))",0.9433558778969039,0.747962739094909,0.931936131466254,0.9764616723692898,0.9033158399247421,2.3508583259545506,0.9596233330015007,0.969655920612425,deeplearn,1-2-0,1-0-3
84,"[[ 33857   3547]
 [ 13203 213633]]","(array([0.        , 0.09482943, 1.        ]), array([0.        , 0.94179495, 1.        ]), array([2, 1, 0]))",0.9417949531820345,0.7716935506801227,0.9366106569785044,0.983667925223317,0.9234827615872743,2.189401077758246,0.9622761341933624,0.9749980831650779,deeplearn,1-2-0,1-1-0
85,"[[ 26885   4472]
 [ 11222 180928]]","(array([0.        , 0.14261568, 1.        ]), array([0.        , 0.94159771, 1.        ]), array([2, 1, 0]))",0.9415977101223003,0.7378485227365369,0.9297829598178133,0.9758791801510248,0.8994910131119841,2.4252266485677687,0.9584319957621508,0.9688246318607765,deeplearn,1-2-0,1-1-1
86,"[[ 17929   2829]
 [  7609 119277]]","(array([0.        , 0.13628481, 1.        ]), array([0.        , 0.94003279, 1.        ]), array([2, 1, 0]))",0.9400327853348676,0.7386820702751646,0.9293029178293734,0.9768316053265196,0.9018739897384426,2.441806033914062,0.9580789744248811,0.9692431457314199,deeplearn,1-2-0,1-1-2
87,"[[ 19032   5531]
 [  9246 141819]]","(array([0.        , 0.22517608, 1.        ]), array([0.        , 0.93879456, 1.        ]), array([2, 1, 0]))",0.9387945586337008,0.6734251086661679,0.9158619354544834,0.9624635222259925,0.8568092403965231,2.9060509791205367,0.9504817117102022,0.9576347295280668,deeplearn,1-2-0,1-1-3
88,"[[ 26368   2722]
 [ 10032 167746]]","(array([0.        , 0.09357167, 1.        ]), array([0.        , 0.94357007, 1.        ]), array([2, 1, 0]))",0.9435700705374118,0.7759912965904556,0.93834715857455,0.9840321937255087,0.9249991982112978,2.1294242253267592,0.9633764637641208,0.9756645146280463,deeplearn,1-2-0,1-2-0
89,"[[ 31729   9496]
 [ 14921 234059]]","(array([0.        , 0.23034566, 1.        ]), array([0.        , 0.94007149, 1.        ]), array([2, 1, 0]))",0.9400714916860792,0.6745727981707177,0.9158629244844162,0.9610108599700273,0.8548629138236339,2.9060178019390825,0.9504258580608484,0.9567486919555267,deeplearn,1-2-0,1-2-1
90,"[[ 47014  13857]
 [ 21196 345673]]","(array([0.        , 0.22764535, 1.        ]), array([0.        , 0.94222461, 1.        ]), array([2, 1, 0]))",0.9422246087840619,0.6818981958176433,0.9180506849955581,0.9614580146302116,0.857289630212208,2.830454970291285,0.9517441516301647,0.9575487717653682,deeplearn,1-2-0,1-2-2
91,"[[ 43569  22136]
 [ 22280 376304]]","(array([0.        , 0.33689978, 1.        ]), array([0.        , 0.94410212, 1.        ]), array([2, 1, 0]))",0.9441021215101459,0.6066476517054331,0.9043354462414573,0.9444433289830338,0.8036011710967517,3.304174753752657,0.9442726944232545,0.9443750677593828,deeplearn,1-2-0,1-2-3
92,"[[  9261  26956]
 [  7143 212776]]","(array([0.        , 0.74429135, 1.        ]), array([0.        , 0.96751986, 1.        ]), array([2, 1, 0]))",0.9675198595846652,0.31768695215525156,0.8668715057625637,0.8875577728463451,0.6116142523480386,4.598179444663725,0.9258154556391698,0.902475045531778,deeplearn,1-2-0,1-3-0
93,"[[10443  2187]
 [ 4487 72092]]","(array([0.        , 0.17315914, 1.        ]), array([0.        , 0.94140691, 1.        ]), array([2, 1, 0]))",0.9414069131223964,0.7174553856045175,0.9251869206021814,0.9705569541862438,0.8841238841146425,2.5839718232377202,0.955759721062191,0.9645834169576794,deeplearn,1-2-0,1-3-1
94,"[[ 60085  10225]
 [ 24875 404396]]","(array([0.        , 0.14542739, 1.        ]), array([0.        , 0.94205292, 1.        ]), array([2, 1, 0]))",0.9420529222798651,0.7373872852791904,0.9297411230611252,0.9753389239811779,0.8983127646529464,2.426672005831065,0.9584069999478605,0.9684948664953502,deeplearn,1-2-0,1-3-2
95,"[[ 47220   8715]
 [ 18976 322018]]","(array([0.        , 0.15580585, 1.        ]), array([0.        , 0.94435093, 1.        ]), array([2, 1, 0]))",0.9443509269957829,0.736015699320187,0.9302368937517793,0.9736494392757904,0.8942725404622252,2.4095498833370095,0.9587764076775238,0.9676451957599076,deeplearn,1-2-0,1-3-3
96,"[[ 95827  96045]
 [   193 191649]]","(array([0.        , 0.50056809, 1.        ]), array([0.        , 0.99899396, 1.        ]), array([2, 1, 0]))",0.9989939637826962,0.5753498130486622,0.7491934096749141,0.6661557071054662,0.7492129383623287,8.66275288373267,0.7993101664942778,0.7137138039263589,deeplearn,1-2-0,2-0-0
97,"[[103384 101008]
 [   186 204384]]","(array([0.        , 0.49418764, 1.        ]), array([0.        , 0.99909078, 1.        ]), array([2, 1, 0]))",0.9990907757735739,0.5805173063966009,0.7525589174544334,0.6692513228899251,0.7524515681678156,8.546509710544795,0.8015656068491378,0.716564596133053,deeplearn,1-2-0,2-0-1
98,"[[ 50931  50869]
 [   109 102328]]","(array([0.        , 0.49969548, 1.        ]), array([0.        , 0.99893593, 1.        ]), array([2, 1, 0]))",0.9989359313529291,0.5765428854605125,0.7503978221380063,0.6679504167836184,0.7496202250084881,8.621152963378004,0.8005820821956392,0.715355307770282,deeplearn,1-2-0,2-0-2
99,"[[123903 124773]
 [   264 248089]]","(array([0.        , 0.50174926, 1.        ]), array([0.      , 0.998937, 1.      ]), array([2, 1, 0]))",0.9989369969358132,0.5742419158711352,0.7484311780600327,0.6653641293561693,0.7485938664165627,8.689080017988097,0.7987218595816263,0.7129809673635088,deeplearn,1-2-0,2-0-3
100,"[[18838 19529]
 [   10 38641]]","(array([0.        , 0.50900513, 1.        ]), array([0.        , 0.99974127, 1.        ]), array([2, 1, 0]))",0.9997412744819022,0.5707227207437969,0.7463060583240282,0.6642771187897542,0.7453680699305021,8.762481073494172,0.7981946065419692,0.7120638629570526,deeplearn,1-2-0,2-1-0
101,"[[110757 107537]
 [  1216 217053]]","(array([0.        , 0.49262463, 1.        ]), array([0.        , 0.99442889, 1.        ]), array([2, 1, 0]))",0.9944288927882567,0.574548974759924,0.7508881879591262,0.6686989740903909,0.750902133641602,8.604214135381543,0.7996662116682232,0.7155771121348729,deeplearn,1-2-0,2-1-1
102,"[[32730 33197]
 [   73 65698]]","(array([0.       , 0.5035418, 1.       ]), array([0.        , 0.99889009, 1.        ]), array([2, 1, 0]))",0.9988900883368049,0.5726847255655545,0.7473765736761379,0.6643207442236716,0.7476741460538212,8.725505587742932,0.7979546475896665,0.7120175311205569,deeplearn,1-2-0,2-1-2
103,"[[ 87130  87672]
 [   157 174999]]","(array([0.        , 0.50155033, 1.        ]), array([0.        , 0.99910366, 1.        ]), array([2, 1, 0]))",0.9991036561693576,0.574969090686824,0.7490298835860303,0.6662288566305378,0.7487766653291039,8.668401048967334,0.7993979357143347,0.7137921751615219,deeplearn,1-2-0,2-1-3
104,"[[100515  98250]
 [   993 198009]]","(array([0.        , 0.49430232, 1.        ]), array([0.       , 0.9950101, 1.       ]), array([2, 1, 0]))",0.995010100401001,0.574244848601151,0.7504996643763812,0.668364505382115,0.7503538917973611,8.617633806242443,0.7996147485871087,0.7153307929406563,deeplearn,1-2-0,2-2-0
105,"[[ 81817  81545]
 [   162 163342]]","(array([0.        , 0.49916749, 1.        ]), array([0.       , 0.9990092, 1.       ]), array([2, 1, 0]))",0.9990091985517174,0.5765513957444217,0.750029063897744,0.6670096820166036,0.7499208527497387,8.633889747087224,0.7999294793469983,0.7144994278475519,deeplearn,1-2-0,2-2-1
106,"[[109855 107538]
 [   184 216717]]","(array([0.        , 0.49467094, 1.        ]), array([0.        , 0.99915169, 1.        ]), array([2, 1, 0]))",0.9991516867142153,0.5799379000107387,0.751960653382271,0.6683536105842623,0.7522403725737798,8.567173522823287,0.8009409486358832,0.7157473870829455,deeplearn,1-2-0,2-2-2
107,"[[105977 103595]
 [   185 210430]]","(array([0.        , 0.49431699, 1.        ]), array([0.        , 0.99912162, 1.        ]), array([2, 1, 0]))",0.9991216200175675,0.580855292380515,0.7530147291563042,0.670105883289547,0.7524023155534175,8.53076617924784,0.8021881671241233,0.7173513600119995,deeplearn,1-2-0,2-2-3
108,"[[30084 30153]
 [   61 59982]]","(array([0.        , 0.50057274, 1.        ]), array([0.        , 0.99898406, 1.        ]), array([2, 1, 0]))",0.9989840614226471,0.5750377869226412,0.7488027934818756,0.6654684639707106,0.7492056618682537,8.67624459808068,0.7988120763360812,0.7130816033933849,deeplearn,1-2-0,2-3-0
109,"[[19521 19088]
 [   15 38533]]","(array([0.       , 0.4943925, 1.       ]), array([0.        , 0.99961087, 1.        ]), array([2, 1, 0]))",0.999610874753554,0.5809197222970519,0.7524139093018132,0.6687318859443606,0.7526091877976634,8.551518438867845,0.80136010564735,0.7161415742365221,deeplearn,1-2-0,2-3-1
110,"[[106020 105110]
 [   207 211970]]","(array([0.        , 0.49784493, 1.        ]), array([0.       , 0.9990244, 1.       ]), array([2, 1, 0]))",0.9990243994400901,0.5779835996223887,0.7512042087657421,0.6685063706320171,0.7505897348879511,8.593300746901651,0.8010097173962745,0.7158744664798377,deeplearn,1-2-0,2-3-2
111,"[[105556 105868]
 [   209 210962]]","(array([0.        , 0.50073785, 1.        ]), array([0.        , 0.99901028, 1.        ]), array([2, 1, 0]))",0.999010280767719,0.5751445389310497,0.7489866183934973,0.6658523498406085,0.7491362134881429,8.669895373640673,0.799096971407251,0.713436875841652,deeplearn,1-2-0,2-3-3
112,"[[37332 36579]
 [   15 36580]]","(array([0.        , 0.49490604, 1.        ]), array([0.        , 0.99959011, 1.        ]), array([2, 1, 0]))",0.9995901079382429,0.5021382127764739,0.6688505601505801,0.5000068344291201,0.7523420361503934,11.43776113396341,0.6665816280044462,0.555536993782481,deeplearn,1-2-0,3-0-0
113,"[[130705 127209]
 [   104 129531]]","(array([0.        , 0.49322255, 1.        ]), array([0.        , 0.99919775, 1.        ]), array([2, 1, 0]))",0.9991977475218884,0.5048498649461478,0.6714918629644251,0.5045220845992054,0.7529876002356606,11.34653154866807,0.6704936913620188,0.5599669720169982,deeplearn,1-2-0,3-0-1
114,"[[40966 39939]
 [   36 40321]]","(array([0.        , 0.49365305, 1.        ]), array([0.        , 0.99910796, 1.        ]), array([2, 1, 0]))",0.9991079614441113,0.5034744558143351,0.670341904306378,0.5023797657612759,0.7527274557854016,11.38625061031749,0.6685790560202957,0.5578491243701525,deeplearn,1-2-0,3-0-2
115,"[[99988 97172]
 [   92 98387]]","(array([0.        , 0.49285859, 1.        ]), array([0.        , 0.99906579, 1.        ]), array([2, 1, 0]))",0.9990657906761847,0.5041932002760928,0.6710041638620073,0.503106479374511,0.7531035993348463,11.36337643462493,0.669212822832423,0.5585632128441096,deeplearn,1-2-0,3-0-3
116,"[[121369 114635]
 [    66 118228]]","(array([0.        , 0.48573329, 1.        ]), array([0.        , 0.99944207, 1.        ]), array([2, 1, 0]))",0.9994420680676958,0.5104295895923755,0.676258403942444,0.507714836620674,0.7568543877058195,11.181897309959584,0.6733626269731203,0.5631266992205733,deeplearn,1-2-0,3-1-0
117,"[[109114 103019]
 [    55 106584]]","(array([0.        , 0.48563401, 1.        ]), array([0.        , 0.99948424, 1.        ]), array([2, 1, 0]))",0.9994842412250677,0.5109169250223419,0.676652905524952,0.5085041721731082,0.7569251143004561,11.168271403563311,0.6740660633312463,0.5639060749102429,deeplearn,1-2-0,3-1-1
118,"[[65185 62986]
 [   54 63500]]","(array([0.        , 0.49142162, 1.        ]), array([0.        , 0.99915033, 1.        ]), array([2, 1, 0]))",0.9991503288542027,0.504455867586074,0.6711957230408137,0.5020318454216277,0.753864356209954,11.356760085429167,0.6682803620290465,0.557508542611212,deeplearn,1-2-0,3-1-2
119,"[[148848 144081]
 [   116 146605]]","(array([0.        , 0.49186322, 1.        ]), array([0.        , 0.99920938, 1.        ]), array([2, 1, 0]))",0.9992093837964572,0.5054509152849185,0.6720186511998181,0.5043414543528069,0.7536730838976551,11.32833650998357,0.6703367801612686,0.5597896851004037,deeplearn,1-2-0,3-1-3
120,"[[34944 34483]
 [   54 34470]]","(array([0.        , 0.49667997, 1.        ]), array([0.        , 0.99843587, 1.        ]), array([2, 1, 0]))",0.9984358706986444,0.5000564681576485,0.6677569239353157,0.49990573289051965,0.7508779523455917,11.475534558293964,0.666235008745905,0.5553657970715613,deeplearn,1-2-0,3-2-0
121,"[[36723 35963]
 [   44 36399]]","(array([0.        , 0.49477203, 1.        ]), array([0.        , 0.99879264, 1.        ]), array([2, 1, 0]))",0.9987926350739511,0.5029170456581251,0.670051040511688,0.5030126309388906,0.7520103009725754,11.396296837448622,0.6690685170718259,0.5584535933793815,deeplearn,1-2-0,3-2-1
122,"[[135429 128960]
 [    76 131396]]","(array([0.        , 0.48776613, 1.        ]), array([0.        , 0.99942193, 1.        ]), array([2, 1, 0]))",0.9994219301448217,0.5078725846447615,0.6740370988806678,0.5046782098357634,0.7558278988328926,11.258620240383097,0.6706820339536735,0.560134913922462,deeplearn,1-2-0,3-2-2
123,"[[107765 104909]
 [    90 106031]]","(array([0.       , 0.4932855, 1.       ]), array([0.        , 0.99915191, 1.        ]), array([2, 1, 0]))",0.9991519114972531,0.5038416899734425,0.6706378707319751,0.5026595240352707,0.7529332067525104,11.37602806711533,0.66883659611242,0.5581278075885295,deeplearn,1-2-0,3-2-3
124,"[[34781 33653]
 [   28 34281]]","(array([0.        , 0.49175848, 1.        ]), array([0.        , 0.99918389, 1.        ]), array([2, 1, 0]))",0.9991838876096651,0.5056183566416892,0.6721820464654527,0.504622133246975,0.7537127024920349,11.32269289985016,0.6705789149379421,0.5600646963681811,deeplearn,1-2-0,3-3-0
125,"[[114306 110660]
 [   108 112457]]","(array([0.        , 0.49189655, 1.        ]), array([0.        , 0.99904055, 1.        ]), array([2, 1, 0]))",0.9990405543463776,0.5051094668829661,0.6718286616636694,0.5040270351429967,0.7535720005447205,11.334898623128224,0.6700210318098676,0.5594691915588842,deeplearn,1-2-0,3-3-1
126,"[[83366 81477]
 [   66 82235]]","(array([0.        , 0.49427031, 1.        ]), array([0.        , 0.99919807, 1.        ]), array([2, 1, 0]))",0.9991980656371126,0.5032229909350698,0.670058751173405,0.5023150410476935,0.7524638799761547,11.396030623320904,0.6685419063220237,0.5577908943782057,deeplearn,1-2-0,3-3-2
127,"[[53483 51903]
 [   47 52609]]","(array([0.        , 0.49250375, 1.        ]), array([0.        , 0.99910741, 1.        ]), array([2, 1, 0]))",0.9991074141598298,0.5045474552481047,0.671289910277015,0.5033776025719534,0.7533018330169463,11.353506885644506,0.6694619769927721,0.558833152044597,deeplearn,1-2-0,3-3-3
128,"[[227412  27968]
 [119674  17965]]","(array([0.        , 0.10951523, 1.        ]), array([0.       , 0.1305226, 1.       ]), array([2, 1, 0]))",0.1305225989726749,0.031192835845910337,0.6243387724257606,0.39111314305619055,0.5105036833848416,12.974936040339855,0.1957270171921644,0.27950561811737834,deeplearn,3-0-0,0-0-0
129,"[[165042  20477]
 [ 86833  13072]]","(array([0.        , 0.11037683, 1.        ]), array([0.       , 0.1308443, 1.       ]), array([2, 1, 0]))",0.13084430208698264,0.030312349139776283,0.6240330175458265,0.38963903544069867,0.5102337336846224,12.9854969038849,0.19590270804921547,0.2791957317568058,deeplearn,3-0-0,0-0-1
130,"[[260286  32194]
 [136134  21057]]","(array([0.        , 0.11007248, 1.        ]), array([0.        , 0.13395805, 1.        ]), array([2, 1, 0]))",0.13395805103345612,0.03524973254225703,0.6256640966395431,0.3954291938179565,0.5119427837224174,12.92916130958455,0.2001216487203125,0.2844041653723038,deeplearn,3-0-0,0-0-2
131,"[[70745  8669]
 [37292  5646]]","(array([0.        , 0.10916211, 1.        ]), array([0.        , 0.13149192, 1.        ]), array([2, 1, 0]))",0.13149191858027853,0.03315678852956403,0.6243543219563228,0.394411456514146,0.5111649030532037,12.974398731501013,0.19722983948439382,0.281742150541927,deeplearn,3-0-0,0-0-3
132,"[[237510  29450]
 [124251  19249]]","(array([0.        , 0.11031615, 1.        ]), array([0.        , 0.13413937, 1.        ]), array([2, 1, 0]))",0.13413937282229965,0.03513003843988824,0.625539638454417,0.3952647898314134,0.5119116102948778,12.933460066312158,0.20030281114886134,0.28449937332986497,deeplearn,3-0-0,0-1-0
133,"[[114340  14064]
 [ 59918   8919]]","(array([0.       , 0.1095293, 1.       ]), array([0.        , 0.12956695, 1.        ]), array([2, 1, 0]))",0.12956694800761218,0.029767838863771184,0.6249157122504956,0.3880694426315102,0.5100188249274533,12.955009358026679,0.19427140056632541,0.27738556562521377,deeplearn,3-0-0,0-1-1
134,"[[281055  34709]
 [147224  22528]]","(array([0.       , 0.1099207, 1.       ]), array([0.        , 0.13271125, 1.        ]), array([2, 1, 0]))",0.13271124935199585,0.033700917498376205,0.6252790845203866,0.393591557908346,0.5113952745410871,12.942459072579465,0.1984942001594791,0.2825181840983195,deeplearn,3-0-0,0-1-2
135,"[[280228  34598]
 [146877  22431]]","(array([0.        , 0.10989562, 1.        ]), array([0.        , 0.13248636, 1.        ]), array([2, 1, 0]))",0.13248635622652208,0.033418666808872524,0.625155432173737,0.39332620245839833,0.5112953656708326,12.946729853177645,0.19820886554120626,0.28220489955312206,deeplearn,3-0-0,0-1-3
136,"[[43871  5396]
 [23496  3490]]","(array([0.        , 0.10952565, 1.        ]), array([0.        , 0.12932632, 1.        ]), array([2, 1, 0]))",0.1293263173497369,0.029508727009258443,0.6211034319961182,0.3927526446094981,0.509900335689909,13.086680422140672,0.1945807314897413,0.27906604829681747,deeplearn,3-0-0,0-2-0
137,"[[113331  13928]
 [ 59682   9027]]","(array([0.        , 0.10944609, 1.        ]), array([0.        , 0.13138017, 1.        ]), array([2, 1, 0]))",0.1313801685368729,0.03254561174380757,0.6243774493794906,0.39324765846220866,0.5109670391399976,12.97360011441859,0.19695845697329376,0.2811641510256714,deeplearn,3-0-0,0-2-1
138,"[[96338 11851]
 [50535  7502]]","(array([0.        , 0.10953979, 1.        ]), array([0.        , 0.12926237, 1.        ]), array([2, 1, 0]))",0.12926236711063632,0.02931315953759935,0.62469168481465,0.38764015914845246,0.509861290128075,12.962746984238585,0.1938751776715338,0.27693080052270597,deeplearn,3-0-0,0-2-2
139,"[[246383  30393]
 [129191  19930]]","(array([0.        , 0.10981082, 1.        ]), array([0.        , 0.13364985, 1.        ]), array([2, 1, 0]))",0.13364985481588776,0.03522826320209248,0.6252990746588964,0.39604157144844304,0.5119195165341687,12.941768536453942,0.1998555985640079,0.28437871882607096,deeplearn,3-0-0,0-2-3
140,"[[229474  28301]
 [119913  18281]]","(array([0.        , 0.10978955, 1.        ]), array([0.        , 0.13228505, 1.        ]), array([2, 1, 0]))",0.13228504855493003,0.033281145937646424,0.6256929204053853,0.3924477265896698,0.5112477517044847,12.928165674591098,0.19787201801099713,0.28166041131263825,deeplearn,3-0-0,0-3-0
141,"[[146664  18084]
 [ 76776  11528]]","(array([0.        , 0.10976765, 1.        ]), array([0.        , 0.13054901, 1.        ]), array([2, 1, 0]))",0.13054901250226492,0.030814849576027058,0.6251363356148143,0.38930163447251115,0.5103906836857598,12.947389424865857,0.19552902065877403,0.27878811329515557,deeplearn,3-0-0,0-3-1
142,"[[87770 10860]
 [45502  7396]]","(array([0.        , 0.11010849, 1.        ]), array([0.        , 0.13981625, 1.        ]), array([2, 1, 0]))",0.1398162501417823,0.04350326322076424,0.6280423420093976,0.4051270815074496,0.5148538819399979,12.847019684797843,0.20788711808190685,0.29367386159686154,deeplearn,3-0-0,0-3-2
143,"[[234189  28815]
 [122784  18482]]","(array([0.        , 0.10956107, 1.        ]), array([0.       , 0.1308312, 1.       ]), array([2, 1, 0]))",0.13083119788200984,0.03155263206407016,0.625005565587355,0.39076474194980654,0.5106350632837525,12.951905912118178,0.1960299740670227,0.2796455785071447,deeplearn,3-0-0,0-3-3
144,"[[ 28034   5341]
 [112302  91969]]","(array([0.        , 0.16002996, 1.        ]), array([0.        , 0.45023033, 1.        ]), array([2, 1, 0]))",0.45023033127560935,0.20504475824436286,0.5049653686575831,0.9451135546192581,0.6451001843643964,17.097908410309252,0.6099124281702096,0.7747876618967467,deeplearn,3-0-0,1-0-0
145,"[[ 52175  10124]
 [211480 170033]]","(array([0.        , 0.16250662, 1.        ]), array([0.        , 0.44568075, 1.        ]), array([2, 1, 0]))",0.44568075006618385,0.20031118713922724,0.5006804683064,0.9438045704579894,0.641587064386051,17.245903894762126,0.6054551605034985,0.7713758947357914,deeplearn,3-0-0,1-0-1
146,"[[15807  3037]
 [65043 49756]]","(array([0.        , 0.16116536, 1.        ]), array([0.        , 0.43341841, 1.        ]), array([2, 1, 0]))",0.4334184095680276,0.19382070728701276,0.4905831207021692,0.9424734339779895,0.6361265259472487,17.594653856490165,0.5937753592056899,0.7631967260891306,deeplearn,3-0-0,1-0-2
147,"[[19255  3689]
 [76379 61570]]","(array([0.        , 0.16078278, 1.        ]), array([0.        , 0.44632437, 1.        ]), array([2, 1, 0]))",0.4463243662512958,0.20334657046283922,0.5023524951365193,0.9434713985810387,0.642770795399009,17.188154227359977,0.6059800795244282,0.7715828915874031,deeplearn,3-0-0,1-0-3
148,"[[ 31289   6115]
 [125485 101351]]","(array([0.        , 0.16348519, 1.        ]), array([0.        , 0.44680298, 1.        ]), array([2, 1, 0]))",0.44680297659983426,0.2010556558964252,0.5019679079624584,0.9430982822474084,0.641658893924984,17.201437568530622,0.6063439644393392,0.7716689508146793,deeplearn,3-0-0,1-1-0
149,"[[ 26229   5128]
 [105906  86244]]","(array([0.        , 0.16353605, 1.        ]), array([0.        , 0.44883685, 1.        ]), array([2, 1, 0]))",0.4488368462138954,0.20154634518643852,0.5032191385504704,0.9438777743728932,0.6426503968289237,17.15822143632251,0.6083760695819019,0.7732973721303067,deeplearn,3-0-0,1-1-1
150,"[[17345  3413]
 [71712 55174]]","(array([0.        , 0.16441854, 1.        ]), array([0.        , 0.43483127, 1.        ]), array([2, 1, 0]))",0.43483126586069387,0.1921286258692083,0.4911747175638698,0.941744755662519,0.635206364214671,17.57422113796493,0.5949545216824011,0.7636878034736487,deeplearn,3-0-0,1-1-2
151,"[[20475  4088]
 [83682 67383]]","(array([0.        , 0.16642918, 1.        ]), array([0.        , 0.44605302, 1.        ]), array([2, 1, 0]))",0.4460530235329163,0.19741841859590872,0.5002505295283213,0.9428019756264778,0.6398119207148766,17.2607538259025,0.6055919042312256,0.7710625267479728,deeplearn,3-0-0,1-1-3
152,"[[24402  4688]
 [98120 79658]]","(array([0.        , 0.16115504, 1.        ]), array([0.        , 0.44807569, 1.        ]), array([2, 1, 0]))",0.4480756899053876,0.2029707217123868,0.5030260842662955,0.9444194152656913,0.6434603269052549,17.164889069941847,0.6077886801666387,0.7731354408904383,deeplearn,3-0-0,1-2-0
153,"[[ 34513   6712]
 [137565 111415]]","(array([0.        , 0.16281383, 1.        ]), array([0.        , 0.44748574, 1.        ]), array([2, 1, 0]))",0.44748574182665274,0.20228790869548577,0.5028445409279647,0.9431797980140019,0.6423359576325501,17.171159727869885,0.6069892429182772,0.7721195640121526,deeplearn,3-0-0,1-2-1
154,"[[ 50822  10049]
 [201837 165032]]","(array([0.        , 0.16508682, 1.        ]), array([0.        , 0.44983904, 1.        ]), array([2, 1, 0]))",0.4498390433642526,0.20232099388155636,0.5046383316968251,0.9426037091403408,0.6423761102053968,17.10920468127044,0.6090303533536304,0.7732059711785966,deeplearn,3-0-0,1-2-2
155,"[[ 55061  10644]
 [219471 179113]]","(array([0.       , 0.1619968, 1.       ]), array([0.        , 0.44937328, 1.        ]), array([2, 1, 0]))",0.4493732814162134,0.20375814011345456,0.5043711998345858,0.9439072076392439,0.6436882387600054,17.118430634863024,0.6088747852010993,0.7736314067234963,deeplearn,3-0-0,1-2-3
156,"[[ 30306   5911]
 [ 77180 142739]]","(array([0.        , 0.16321065, 1.        ]), array([0.        , 0.64905261, 1.        ]), array([2, 1, 0]))",0.6490526057321104,0.3430237767278062,0.6755981197488834,0.9602354524049781,0.742920979399175,11.204462456858593,0.774557816853832,0.876216515514064,deeplearn,3-0-0,1-3-0
157,"[[10558  2072]
 [42089 34490]]","(array([0.        , 0.16405384, 1.        ]), array([0.        , 0.45038457, 1.        ]), array([2, 1, 0]))",0.450384570182426,0.20296572054542267,0.5049714714883028,0.9433291395437886,0.6431653650595424,17.09769822710182,0.6096817245737619,0.7739187800401207,deeplearn,3-0-0,1-3-1
158,"[[ 58825  11485]
 [237219 192052]]","(array([0.        , 0.16334803, 1.        ]), array([0.        , 0.44739104, 1.        ]), array([2, 1, 0]))",0.4473910420224054,0.20102895579699107,0.502174822501256,0.9435729130330112,0.6420215059351111,17.194290871543053,0.6069834768207734,0.7722738674573897,deeplearn,3-0-0,1-3-2
159,"[[ 46888   9047]
 [188155 152839]]","(array([0.        , 0.16174131, 1.        ]), array([0.       , 0.4482161, 1.       ]), array([2, 1, 0]))",0.4482160976439468,0.2028258449218661,0.5031806695907832,0.9441149945023041,0.6432373953849482,17.159549986489086,0.6078547566019726,0.7730557651804989,deeplearn,3-0-0,1-3-3
160,"[[151158  40714]
 [ 27946 163896]]","(array([0.        , 0.21219355, 1.        ]), array([0.        , 0.85432804, 1.        ]), array([2, 1, 0]))",0.8543280407835615,0.6435578294279384,0.8210646471069599,0.8010165681051757,0.821067247543215,6.180292984056721,0.82681383874971,0.8111398599598925,deeplearn,3-0-0,2-0-0
161,"[[169709  34683]
 [ 65012 139558]]","(array([0.        , 0.16968864, 1.        ]), array([0.        , 0.68220169, 1.        ]), array([2, 1, 0]))",0.6822016913525932,0.5182110863773147,0.7562242946777451,0.800948112097612,0.7562565269162669,8.419782388408438,0.7368212644300192,0.774002977147839,deeplearn,3-0-0,2-0-1
162,"[[82839 18961]
 [15962 86475]]","(array([0.        , 0.18625737, 1.        ]), array([0.       , 0.8441774, 1.       ]), array([2, 1, 0]))",0.8441773968390328,0.6582642839190166,0.8290074766080583,0.8201657877764711,0.8289600147259998,5.905946763839754,0.8319983836284655,0.8248582073749335,deeplearn,3-0-0,2-0-2
163,"[[195541  53135]
 [ 35111 213242]]","(array([0.       , 0.2136716, 1.       ]), array([0.        , 0.85862462, 1.        ]), array([2, 1, 0]))",0.8586246189899055,0.646625376652029,0.8224530158200024,0.8005270725325385,0.8224765070853917,6.132341067331569,0.8285586618227031,0.8115089800214788,deeplearn,3-0-0,2-0-3
164,"[[37094  1273]
 [ 4887 33764]]","(array([0.        , 0.03317956, 1.        ]), array([0.        , 0.87356084, 1.        ]), array([2, 1, 0]))",0.8735608393055807,0.8438122264849918,0.9200186969279909,0.963666980620487,0.9201906419792687,2.7624695588067527,0.9164042992074694,0.9441887258877286,deeplearn,3-0-0,2-1-0
165,"[[217384    910]
 [ 69581 148688]]","(array([0.        , 0.00416869, 1.        ]), array([0.        , 0.68121446, 1.        ]), array([2, 1, 0]))",0.6812144647201389,0.7132759845080816,0.8385318957401338,0.99391703097635,0.8385228873941062,5.576912414673966,0.808379115278076,0.9103410105294607,deeplearn,3-0-0,2-1-1
166,"[[53421 12506]
 [ 9832 55939]]","(array([0.        , 0.18969466, 1.        ]), array([0.        , 0.85051162, 1.        ]), array([2, 1, 0]))",0.8505116236639249,0.6613306225127125,0.8303846679524366,0.817283950617284,0.8304084806929753,5.858381956255804,0.8335667878643381,0.823720148077903,deeplearn,3-0-0,2-1-2
167,"[[142007  32795]
 [ 27283 147873]]","(array([0.        , 0.18761227, 1.        ]), array([0.      , 0.844236, 1.      ]), array([2, 1, 0]))",0.8442359953412958,0.6569707103519373,0.8283279707850656,0.8184791994155025,0.8283118627294002,5.929416761586153,0.8311581006340214,0.8235040564562478,deeplearn,3-0-0,2-1-3
168,"[[164956  33809]
 [ 63816 135186]]","(array([0.        , 0.17009534, 1.        ]), array([0.        , 0.67931981, 1.        ]), array([2, 1, 0]))",0.6793198058310972,0.5150739397819708,0.7545673723561783,0.7999408266516761,0.7546122335572611,8.477010609584685,0.7347125112432982,0.772507320150586,deeplearn,3-0-0,2-2-0
169,"[[132739  30623]
 [ 24852 138652]]","(array([0.        , 0.18745485, 1.        ]), array([0.        , 0.84800372, 1.        ]), array([2, 1, 0]))",0.8480037185634602,0.660971212101979,0.8302821339631531,0.8190931915522079,0.8302744318506261,5.8619223369202516,0.8332977741984922,0.8247165133641999,deeplearn,3-0-0,2-2-1
170,"[[180407  36986]
 [ 67627 149274]]","(array([0.        , 0.17013427, 1.        ]), array([0.        , 0.68821259, 1.        ]), array([2, 1, 0]))",0.6882125946860549,0.5233998181303842,0.7591193983798993,0.8014281112423494,0.759039160866692,8.31978933374936,0.7405180560619702,0.7758999772335309,deeplearn,3-0-0,2-2-2
171,"[[174014  35558]
 [ 67077 143538]]","(array([0.        , 0.16966961, 1.        ]), array([0.        , 0.68151841, 1.        ]), array([2, 1, 0]))",0.6815184103696318,0.517510926426429,0.755739706368831,0.8014584356992898,0.7559243990084182,8.436519329196477,0.7366381754684883,0.7742079549168879,deeplearn,3-0-0,2-2-3
172,"[[48881 11356]
 [ 9736 50307]]","(array([0.      , 0.188522, 1.      ]), array([0.        , 0.83784954, 1.        ]), array([2, 1, 0]))",0.8378495411621671,0.6495350042382212,0.8246425008313935,0.8158376984577461,0.8246637682071275,6.056708945376401,0.8266971225740719,0.8201470516310994,deeplearn,3-0-0,2-3-0
173,"[[37317  1292]
 [ 4857 33691]]","(array([0.       , 0.0334637, 1.       ]), array([0.        , 0.87400125, 1.        ]), array([2, 1, 0]))",0.8740012452007886,0.8442117589540644,0.9203053514263125,0.9630677757768059,0.920268772513627,2.752569036279089,0.9163754062912242,0.943831241595697,deeplearn,3-0-0,2-3-1
174,"[[171932  39198]
 [ 34483 177694]]","(array([0.        , 0.18565813, 1.        ]), array([0.        , 0.83748003, 1.        ]), array([2, 1, 0]))",0.8374800284667989,0.6520196471101212,0.8259395663194797,0.8192741087730299,0.8259109515705851,6.011908440383655,0.8282770370266788,0.8228516918346462,deeplearn,3-0-0,2-3-2
175,"[[171940  39484]
 [ 33118 178053]]","(array([0.        , 0.18675269, 1.        ]), array([0.        , 0.84316975, 1.        ]), array([2, 1, 0]))",0.8431697534225817,0.6567033306296954,0.8281995764266024,0.8184952444871447,0.8282085334390039,5.9338511225363275,0.8306492997564777,0.8233139341859341,deeplearn,3-0-0,2-3-3
176,"[[73203   708]
 [ 4102 32493]]","(array([0.        , 0.00957909, 1.        ]), array([0.        , 0.88790818, 1.        ]), array([2, 1, 0]))",0.8879081841781664,0.9016610509196344,0.9564729516949306,0.9786753411041836,0.9391645479075675,1.5033761114735944,0.9310848759241218,0.9590670547051634,deeplearn,3-0-0,3-0-0
177,"[[171324  86590]
 [  6627 123008]]","(array([0.        , 0.33573207, 1.        ]), array([0.        , 0.94887955, 1.        ]), array([2, 1, 0]))",0.9488795464187912,0.5805234386901329,0.7594704153539295,0.5868758289678336,0.8065737403457279,8.307776194354444,0.725212464589235,0.6353541791706222,deeplearn,3-0-0,3-0-1
178,"[[53978 26927]
 [ 2012 38345]]","(array([0.        , 0.33282245, 1.        ]), array([0.        , 0.95014496, 1.        ]), array([2, 1, 0]))",0.9501449562653319,0.5834995670990367,0.7613514538767298,0.5874647628385832,0.8086612550932988,8.242806327228012,0.7260316769069101,0.6360198377813532,deeplearn,3-0-0,3-0-2
179,"[[131459  65701]
 [  5233  93246]]","(array([0.        , 0.33323696, 1.        ]), array([0.        , 0.94686177, 1.        ]), array([2, 1, 0]))",0.9468617674834229,0.5800780182968766,0.7600654852708878,0.5866483796485621,0.80681240129091,8.287222251284016,0.7244489678587245,0.6349597625931711,deeplearn,3-0-0,3-0-3
180,"[[195692  40312]
 [ 34437  83857]]","(array([0.        , 0.17081066, 1.        ]), array([0.        , 0.70888633, 1.        ]), array([2, 1, 0]))",0.7088863340490642,0.5318536311236615,0.7890222355192521,0.6753456982016446,0.769037834911517,7.287004809834615,0.6917096629176411,0.6817974860562305,deeplearn,3-0-0,3-1-0
181,"[[175640  36493]
 [ 32336  74303]]","(array([0.        , 0.17202887, 1.        ]), array([0.        , 0.69677135, 1.        ]), array([2, 1, 0]))",0.6967713500689241,0.5199238286985962,0.7840807850124855,0.670628903570526,0.7623712406937418,7.457677023685666,0.6834502265044725,0.675699270492504,deeplearn,3-0-0,3-1-1
182,"[[85486 42685]
 [ 3122 60432]]","(array([0.        , 0.33303165, 1.        ]), array([0.        , 0.95087642, 1.        ]), array([2, 1, 0]))",0.950876420052239,0.5833700140257118,0.7610796714043552,0.5860527362122637,0.8089223835131018,8.252193825207884,0.7251651457062115,0.6347605782925999,deeplearn,3-0-0,3-1-2
183,"[[194804  98125]
 [  7404 139317]]","(array([0.        , 0.33497878, 1.        ]), array([0.        , 0.94953688, 1.        ]), array([2, 1, 0]))",0.949536876111804,0.5814499373438584,0.7599704310246788,0.5867411831099806,0.8072790464285793,8.290506072276507,0.7253014996238576,0.6352868109027997,deeplearn,3-0-0,3-1-3
184,"[[46021 23406]
 [ 1774 32750]]","(array([0.        , 0.33713109, 1.        ]), array([0.        , 0.94861546, 1.        ]), array([2, 1, 0]))",0.948615455914726,0.5778575576085727,0.7577704880183933,0.5831968088895221,0.8057421842927944,8.366490990960186,0.7223202470224968,0.6318783089199993,deeplearn,3-0-0,3-2-0
185,"[[48286 24400]
 [ 1892 34551]]","(array([0.       , 0.3356905, 1.       ]), array([0.        , 0.94808331, 1.        ]), array([2, 1, 0]))",0.9480833081798974,0.5795091029150616,0.7590741232852862,0.5860969279571169,0.8061964019093362,8.321463764464886,0.7243851814579533,0.6345524468589185,deeplearn,3-0-0,3-2-1
186,"[[218831  45558]
 [ 30223 101249]]","(array([0.        , 0.17231428, 1.        ]), array([0.        , 0.77011835, 1.        ]), array([2, 1, 0]))",0.7701183521966655,0.5828771801995237,0.8085666433419811,0.689674198096821,0.798902036429133,6.611965922489084,0.7276797746146852,0.7043898705996939,deeplearn,3-0-0,3-2-2
187,"[[141642  71032]
 [  5239 100882]]","(array([0.        , 0.33399475, 1.        ]), array([0.        , 0.95063183, 1.        ]), array([2, 1, 0]))",0.9506318259345464,0.582973837911423,0.7607522075314858,0.5868166641460265,0.8083185367012511,8.263504168575086,0.7256784217814304,0.6354555498584615,deeplearn,3-0-0,3-2-3
188,"[[45629 22805]
 [ 1805 32504]]","(array([0.        , 0.33324079, 1.        ]), array([0.       , 0.9473899, 1.       ]), array([2, 1, 0]))",0.9473898976944825,0.580993190588777,0.7604702996797835,0.587680124392052,0.8070745554755255,8.273240239219678,0.7253899886183579,0.6359740945821677,deeplearn,3-0-0,3-3-0
189,"[[150081  74885]
 [  5756 106809]]","(array([0.        , 0.33287252, 1.        ]), array([0.       , 0.9488651, 1.       ]), array([2, 1, 0]))",0.9488651001643494,0.5825457355359578,0.7610856484293295,0.5878510022345261,0.8079962886026623,8.251986766002387,0.7259523073211015,0.6362670237722211,deeplearn,3-0-0,3-3-1
190,"[[109366  55477]
 [  4169  78132]]","(array([0.        , 0.33654447, 1.        ]), array([0.        , 0.94934448, 1.        ]), array([2, 1, 0]))",0.9493444794109428,0.5795272150816787,0.758658919496326,0.5847809653541304,0.8064000049123653,8.335805101954637,0.7237460052799778,0.633430457391076,deeplearn,3-0-0,3-3-2
191,"[[70130 35256]
 [ 2577 50079]]","(array([0.        , 0.33454159, 1.        ]), array([0.        , 0.95105971, 1.        ]), array([2, 1, 0]))",0.9510597082953509,0.5830550054274932,0.7606142670935574,0.5868518193004043,0.8082590591654197,8.268268675134804,0.7258299454312237,0.6355267566168185,deeplearn,3-0-0,3-3-3
192,"[[213959  41421]
 [115855  21784]]","(array([0.        , 0.16219359, 1.        ]), array([0.       , 0.1582691, 1.       ]), array([2, 1, 0]))",0.15826909524190091,-0.005096102035377452,0.5998259626124945,0.34465627719326003,0.4980377506908854,13.821605867429126,0.2169245782796598,0.27895374418312807,deeplearn,2-2-0,0-0-0
193,"[[155391  30128]
 [ 84008  15897]]","(array([0.        , 0.16239846, 1.        ]), array([0.        , 0.15912117, 1.        ]), array([2, 1, 0]))",0.1591211651068515,-0.0042505520332664064,0.6001177196031168,0.34539923954372626,0.49836135228590606,13.811529068616872,0.21787158226546974,0.2798718332423725,deeplearn,2-2-0,0-0-1
194,"[[244956  47524]
 [131089  26102]]","(array([0.        , 0.16248632, 1.        ]), array([0.        , 0.16605276, 1.        ]), array([2, 1, 0]))",0.1660527638350796,0.0045958022456203534,0.6027918189076014,0.3545215005568685,0.5017832199919381,13.719169055359261,0.22617051603651375,0.2889339045152149,deeplearn,2-2-0,0-0-2
195,"[[66529 12885]
 [36104  6834]]","(array([0.        , 0.16225099, 1.        ]), array([0.        , 0.15915972, 1.        ]), array([2, 1, 0]))",0.15915971866412035,-0.004012549482003979,0.5996060546619589,0.34656929864597597,0.49845436508671304,13.82920115423669,0.21814003223901557,0.2805096294350403,deeplearn,2-2-0,0-0-3
196,"[[223550  43410]
 [119871  23629]]","(array([0.        , 0.16260863, 1.        ]), array([0.        , 0.16466202, 1.        ]), array([2, 1, 0]))",0.16466202090592336,0.002648764740296741,0.6021999707645082,0.352466474738585,0.5010266951997402,13.739610824591574,0.22446197616593602,0.2869993392541345,deeplearn,2-2-0,0-1-0
197,"[[107312  21092]
 [ 57903  10934]]","(array([0.       , 0.1642628, 1.       ]), array([0.      , 0.158839, 1.      ]), array([2, 1, 0]))",0.1588389964699217,-0.007010157090474701,0.5995001039337663,0.34141010429026414,0.49728810045919064,13.832861861504282,0.2168089388576584,0.2775958281921997,deeplearn,2-2-0,0-1-1
198,"[[264532  51232]
 [142152  27600]]","(array([0.        , 0.16224775, 1.        ]), array([0.        , 0.16259013, 1.        ]), array([2, 1, 0]))",0.16259013148593243,0.0004427038643604687,0.6016938679672761,0.3501116297950071,0.5001711884168618,13.757090805100038,0.22205773501110293,0.2844891564278057,deeplearn,2-2-0,0-1-2
199,"[[263730  51096]
 [141785  27523]]","(array([0.        , 0.16229917, 1.        ]), array([0.        , 0.16256172, 1.        ]), array([2, 1, 0]))",0.1625617218324001,0.0003394798168372477,0.6015958391684947,0.3500807692796907,0.5001312735250697,13.760476616096076,0.2220250315617097,0.2844554594612472,deeplearn,2-2-0,0-1-3
200,"[[41247  8020]
 [22602  4384]]","(array([0.        , 0.16278645, 1.        ]), array([0.        , 0.16245461, 1.        ]), array([2, 1, 0]))",0.16245460609204773,-0.0004299543857981312,0.598415800034097,0.3534343760077394,0.4998340783723072,13.870310984962494,0.2225945671490226,0.28615440850108353,deeplearn,2-2-0,0-2-0
201,"[[106612  20647]
 [ 57911  10798]]","(array([0.        , 0.16224393, 1.        ]), array([0.        , 0.15715554, 1.        ]), array([2, 1, 0]))",0.15715554003114585,-0.006615187406929935,0.5991284291312867,0.34339322626808716,0.49745580614661283,13.845697794127275,0.2156279329832059,0.2775992472581997,deeplearn,2-2-0,0-2-1
202,"[[90743 17446]
 [48668  9369]]","(array([0.        , 0.16125484, 1.        ]), array([0.       , 0.1614315, 1.       ]), array([2, 1, 0]))",0.16143150059444836,0.0002289515973723965,0.6022643870393319,0.3493939958978184,0.5000883297646377,13.73738532088778,0.22083156554942723,0.2833989727581263,deeplearn,2-2-0,0-2-2
203,"[[231873  44903]
 [124695  24426]]","(array([0.        , 0.16223589, 1.        ]), array([0.        , 0.16379987, 1.        ]), array([2, 1, 0]))",0.16379986722192044,0.0020208593309707632,0.6017863474032454,0.352320096929135,0.5007819898586118,13.753896607272344,0.22363012130922408,0.28639634928488855,deeplearn,2-2-0,0-2-3
204,"[[215909  41866]
 [116222  21972]]","(array([0.        , 0.16241296, 1.        ]), array([0.        , 0.15899388, 1.        ]), array([2, 1, 0]))",0.15899387817126648,-0.004431796061629369,0.6007566248873017,0.3441837150286663,0.4982904605675458,13.789462202002307,0.21751009741031124,0.2791541522464972,deeplearn,2-2-0,0-3-0
205,"[[137872  26876]
 [ 74498  13806]]","(array([0.      , 0.163134, 1.      ]), array([0.        , 0.15634626, 1.        ]), array([2, 1, 0]))",0.15634625838014132,-0.008808008899558894,0.5993945908350853,0.3393638464185635,0.49660612989417635,13.836505572918648,0.21406974400322515,0.27498486248765097,deeplearn,2-2-0,0-3-1
206,"[[82732 15898]
 [39976 12922]]","(array([0.        , 0.16118828, 1.        ]), array([0.        , 0.24428145, 1.        ]), array([2, 1, 0]))",0.24428144731369805,0.100926690428469,0.6312628689087165,0.44836918806384457,0.5415465839427661,12.735813211348296,0.3162583518930958,0.3841762894076515,deeplearn,2-2-0,0-3-2
207,"[[220381  42623]
 [119095  22171]]","(array([0.        , 0.16206217, 1.        ]), array([0.        , 0.15694505, 1.        ]), array([2, 1, 0]))",0.156945054011581,-0.006650490296545591,0.5999752640562,0.3421767447603173,0.4974414400261248,13.816449210362958,0.21518975055808987,0.27683160108080573,deeplearn,2-2-0,0-3-3
208,"[[ 15549  17826]
 [ 55894 148377]]","(array([0.        , 0.53411236, 1.        ]), array([0.       , 0.7263733, 1.       ]), array([2, 1, 0]))",0.7263732982165848,0.14568196214409007,0.6897906970872643,0.8927456183101388,0.5961304693330115,10.714309727311235,0.8010116769327941,0.8536411366923528,deeplearn,2-2-0,1-0-0
209,"[[ 29051  33248]
 [124363 257150]]","(array([0.        , 0.53368433, 1.        ]), array([0.        , 0.67402684, 1.        ]), array([2, 1, 0]))",0.6740268352585627,0.10250737909217417,0.6448698998675114,0.8855088533667588,0.5701712532285687,12.26581902110269,0.7654287547011435,0.8332226258096499,deeplearn,2-2-0,1-0-1
210,"[[ 9478  9366]
 [43457 71342]]","(array([0.        , 0.49702823, 1.        ]), array([0.        , 0.62145141, 1.        ]), array([2, 1, 0]))",0.6214514063711356,0.08853747390135519,0.6047454786258913,0.8839520245824454,0.5622115872866079,13.651663570392001,0.7298153007309199,0.8150930807004075,deeplearn,2-2-0,1-0-2
211,"[[10679 12265]
 [43462 94487]]","(array([0.        , 0.53456241, 1.        ]), array([0.        , 0.68494154, 1.        ]), array([2, 1, 0]))",0.6849415363648885,0.11128336460473143,0.6536393752369587,0.885107538968825,0.5751895617668237,11.962933124633567,0.7722649274011959,0.8362317840118806,deeplearn,2-2-0,1-0-3
212,"[[ 17514  19890]
 [ 73852 152984]]","(array([0.        , 0.53176131, 1.        ]), array([0.        , 0.67442558, 1.        ]), array([2, 1, 0]))",0.6744255761872013,0.10456180652897476,0.6452391765062064,0.8849451045269966,0.5713321336181435,12.253064944007733,0.7654749693527808,0.8329449480144435,deeplearn,2-2-0,1-1-0
213,"[[ 14501  16856]
 [ 62154 129996]]","(array([0.        , 0.53755142, 1.        ]), array([0.        , 0.67653396, 1.        ]), array([2, 1, 0]))",0.6765339578454332,0.10168045853799927,0.6464987673764133,0.8852177702721107,0.5694912669604754,12.209560331337167,0.7669335284157616,0.8337801677360761,deeplearn,2-2-0,1-1-1
214,"[[11436  9322]
 [48188 78698]]","(array([0.        , 0.44907987, 1.        ]), array([0.        , 0.62022603, 1.        ]), array([2, 1, 0]))",0.6202260296644232,0.12124547025397824,0.6104819701444014,0.8940922517609634,0.5855730784221528,13.453526620238936,0.7323946283491386,0.8215405686416155,deeplearn,2-2-0,1-1-2
215,"[[ 11470  13093]
 [ 49224 101841]]","(array([0.       , 0.5330375, 1.       ]), array([0.        , 0.67415351, 1.        ]), array([2, 1, 0]))",0.674153510078443,0.10292047774333613,0.6451761678092331,0.886082447317591,0.5705580073292512,12.255240609303774,0.7657246831755007,0.8336675938644501,deeplearn,2-2-0,1-1-3
216,"[[ 13533  15557]
 [ 56065 121713]]","(array([0.        , 0.53478859, 1.        ]), array([0.        , 0.68463477, 1.        ]), array([2, 1, 0]))",0.6846347692065385,0.11024790715957467,0.6537792215325715,0.8866686093101187,0.5749230910315952,11.95810218251984,0.7726632132246516,0.8372543192755668,deeplearn,2-2-0,1-2-0
217,"[[ 19131  22094]
 [ 80746 168234]]","(array([0.        , 0.53593693, 1.        ]), array([0.        , 0.67569283, 1.        ]), array([2, 1, 0]))",0.675692826733071,0.1026948378616015,0.6456298134077635,0.8839161867933252,0.5698779476297253,12.239573510994772,0.7659045589882271,0.8326008718271548,deeplearn,2-2-0,1-2-1
218,"[[ 28488  32383]
 [118115 248754]]","(array([0.        , 0.53199389, 1.        ]), array([0.        , 0.67804584, 1.        ]), array([2, 1, 0]))",0.6780458419762913,0.10750722795296552,0.6481554215177444,0.8848141653357615,0.5730259766304056,12.152341757247038,0.7677521504430513,0.8339518726151036,deeplearn,2-2-0,1-2-2
219,"[[ 30167  35538]
 [126506 272078]]","(array([0.        , 0.54087208, 1.        ]), array([0.        , 0.68261144, 1.        ]), array([2, 1, 0]))",0.682611444513578,0.10448358906568087,0.6509846238011239,0.8844728492666181,0.5708696823815893,12.054625240379119,0.7705409232512036,0.8350828213778845,deeplearn,2-2-0,1-2-3
220,"[[ 15508  20709]
 [ 30224 189695]]","(array([0.       , 0.5718033, 1.       ]), array([0.        , 0.86256758, 1.        ]), array([2, 1, 0]))",0.8625675817005352,0.26454014027002354,0.8011486085517069,0.9015750651128306,0.6453821424531061,6.868148393764122,0.8816400703657485,0.8934938555959059,deeplearn,2-2-0,1-3-0
221,"[[ 6011  6619]
 [24788 51791]]","(array([0.        , 0.52406968, 1.        ]), array([0.        , 0.67630813, 1.        ]), array([2, 1, 0]))",0.6763081262487105,0.11162692613231599,0.6479391092826957,0.8866803629515494,0.5761192254363109,12.159811709248508,0.7673365977968576,0.8347489999000707,deeplearn,2-2-0,1-3-1
222,"[[ 32604  37706]
 [138873 290398]]","(array([0.        , 0.53628218, 1.        ]), array([0.        , 0.67649107, 1.        ]), array([2, 1, 0]))",0.676491074402883,0.10269308274777192,0.6465458053849126,0.8850791212542365,0.5701044477404829,12.207935743468296,0.7668539362931177,0.8336687361161909,deeplearn,2-2-0,1-3-2
223,"[[ 25675  30260]
 [109536 231458]]","(array([0.        , 0.54098507, 1.        ]), array([0.        , 0.67877441, 1.        ]), array([2, 1, 0]))",0.6787744065877992,0.10115980513012303,0.6478060308014784,0.8843793701617771,0.568894667314638,12.164409707330963,0.7680550578053862,0.8338629233658004,deeplearn,2-2-0,1-3-3
224,"[[184981   6891]
 [ 54219 137623]]","(array([0.        , 0.03591457, 1.        ]), array([0.       , 0.7173768, 1.       ]), array([2, 1, 0]))",0.7173767996580519,0.7032081418148394,0.840740760045242,0.952316038584497,0.8407311158063443,5.500633637341572,0.8183174969377683,0.8937742402240296,deeplearn,2-2-0,2-0-0
225,"[[201832   2560]
 [ 14985 189585]]","(array([0.        , 0.01252495, 1.        ]), array([0.        , 0.92674879, 1.        ]), array([2, 1, 0]))",0.9267487901451826,0.9158919692977118,0.9570987035470289,0.9866767285123215,0.9571119190461322,1.481763290521197,0.955774296409261,0.9740790217335459,deeplearn,2-2-0,2-0-1
226,"[[98180  3620]
 [26584 75853]]","(array([0.        , 0.03555992, 1.        ]), array([0.       , 0.7404844, 1.       ]), array([2, 1, 0]))",0.7404843952868593,0.7229203575417495,0.8521129863834662,0.9544499389729846,0.8524622369361603,5.107850667482286,0.8339618492661207,0.9023050991009425,deeplearn,2-2-0,2-0-2
227,"[[239738   8938]
 [ 66799 181554]]","(array([0.        , 0.03594235, 1.        ]), array([0.        , 0.73103204, 1.        ]), array([2, 1, 0]))",0.7310320390734156,0.7148462864856348,0.8476205613756944,0.9530793944102639,0.8475448441920826,5.2630137368708505,0.8274174252868324,0.8984966164219095,deeplearn,2-2-0,2-0-3
228,"[[36876  1491]
 [10566 28085]]","(array([0.        , 0.03886152, 1.        ]), array([0.        , 0.72663062, 1.        ]), array([2, 1, 0]))",0.7266306175778117,0.7070509863716545,0.8434521800098678,0.9495875033811199,0.8438845479788347,5.406985629245196,0.8232811057206091,0.8946831894492051,deeplearn,2-2-0,2-1-0
229,"[[210084   8210]
 [ 15482 202787]]","(array([0.        , 0.03760983, 1.        ]), array([0.        , 0.92906918, 1.        ]), array([2, 1, 0]))",0.92906917610838,0.8919561669025093,0.9457306276528245,0.9610894941634242,0.9457296735810483,1.8744127538135986,0.944808114316065,0.9545100667729183,deeplearn,2-2-0,2-1-1
230,"[[63549  2378]
 [18407 47364]]","(array([0.       , 0.0360702, 1.       ]), array([0.        , 0.72013501, 1.        ]), array([2, 1, 0]))",0.7201350139119065,0.7054953147301366,0.842176798432778,0.9521933175183949,0.8420324075277978,5.451034706760223,0.8200635426315653,0.8945414162628097,deeplearn,2-2-0,2-1-2
231,"[[168413   6389]
 [ 45943 129213]]","(array([0.        , 0.03654993, 1.        ]), array([0.        , 0.73770239, 1.        ]), array([2, 1, 0]))",0.7377023910114412,0.7196101894291731,0.8504620554466537,0.9528841757496203,0.8505762329766877,5.164872227314269,0.8315988647114476,0.9003587136478419,deeplearn,2-2-0,2-1-3
232,"[[196230   2535]
 [ 14202 184800]]","(array([0.        , 0.01275375, 1.        ]), array([0.        , 0.92863388, 1.        ]), array([2, 1, 0]))",0.928633883076552,0.9174279347115386,0.9579226029308615,0.9864680919208904,0.9579400643214622,1.4533069045474003,0.9566777191933469,0.9743320447686594,deeplearn,2-2-0,2-2-0
233,"[[157433   5929]
 [ 42603 120901]]","(array([0.        , 0.03629363, 1.        ]), array([0.        , 0.73943757, 1.        ]), array([2, 1, 0]))",0.7394375672766416,0.7214709869280997,0.8515232541775529,0.9532523850823937,0.8515719685895335,5.128219627648542,0.8328407971508677,0.9011380034107307,deeplearn,2-2-0,2-2-1
234,"[[211947   5446]
 [ 16062 200839]]","(array([0.       , 0.0250514, 1.       ]), array([0.        , 0.92594778, 1.        ]), array([2, 1, 0]))",0.9259477826289413,0.9020250039863289,0.9504759448668414,0.9735996315776717,0.9504481890149487,1.710510293279078,0.9491760124389748,0.963680891634782,deeplearn,2-2-0,2-2-2
235,"[[204396   5176]
 [ 15482 195133]]","(array([0.        , 0.02469796, 1.        ]), array([0.        , 0.92649147, 1.        ]), array([2, 1, 0]))",0.9264914654701707,0.9027703003642885,0.95083617532194,0.97415992291909,0.9508967548181881,1.6980681969750702,0.9497279302255406,0.9642378176233457,deeplearn,2-2-0,2-2-3
236,"[[58034  2203]
 [15613 44430]]","(array([0.        , 0.03657221, 1.        ]), array([0.        , 0.73996969, 1.        ]), array([2, 1, 0]))",0.7399696883899872,0.7218375330343253,0.851878949118723,0.9527587759740956,0.8516987409694012,5.1159345008718615,0.8329896134088267,0.9009429179762751,deeplearn,2-2-0,2-3-0
237,"[[37147  1462]
 [10274 28274]]","(array([0.        , 0.03786682, 1.        ]), array([0.        , 0.73347515, 1.        ]), array([2, 1, 0]))",0.7334751478675936,0.7146334613474916,0.8478945526653446,0.9508340059187517,0.8478041646250863,5.253551185013864,0.8281295764747232,0.8976328956391436,deeplearn,2-2-0,2-3-1
238,"[[203486   7644]
 [ 54050 158127]]","(array([0.        , 0.03620518, 1.        ]), array([0.        , 0.74525985, 1.        ]), array([2, 1, 0]))",0.7452598538013074,0.7263243389589605,0.8542570758338511,0.9538881951607942,0.8545273360798324,5.033796707898467,0.8367659043042959,0.9033134116566373,deeplearn,2-2-0,2-3-2
239,"[[203643   7781]
 [ 54994 156177]]","(array([0.        , 0.03680282, 1.        ]), array([0.        , 0.73957598, 1.        ]), array([2, 1, 0]))",0.7395759834446964,0.7211038510561143,0.8514535193270152,0.9525427243562375,0.8513865803404805,5.130628402745237,0.8326575657973656,0.9006716239736196,deeplearn,2-2-0,2-3-3
240,"[[71378  2533]
 [16885 19710]]","(array([0.        , 0.03427095, 1.        ]), array([0.        , 0.53859817, 1.        ]), array([2, 1, 0]))",0.5385981691487908,0.5919592372555572,0.8242810345139631,0.8861214764195477,0.7521636108289449,6.06913638550546,0.6699751861042184,0.7848399659146112,deeplearn,2-2-0,3-0-0
241,"[[249614   8300]
 [ 53909  75726]]","(array([0.        , 0.03218127, 1.        ]), array([0.       , 0.5841478, 1.       ]), array([2, 1, 0]))",0.5841477995911598,0.6319877937527408,0.8394809430549427,0.9012210506271868,0.7759832649327961,5.544148939642907,0.7088425122039118,0.8129660603900468,deeplearn,2-2-0,3-0-1
242,"[[78271  2634]
 [16607 23750]]","(array([0.       , 0.0325567, 1.       ]), array([0.        , 0.58849766, 1.        ]), array([2, 1, 0]))",0.5884976583987908,0.6349254103763247,0.8413270439214263,0.9001667677380231,0.7779704780468091,5.480387118422157,0.7117064473112479,0.8139526913559938,deeplearn,2-2-0,3-0-2
243,"[[190828   6332]
 [ 41109  57370]]","(array([0.        , 0.03211605, 1.        ]), array([0.        , 0.58256075, 1.        ]), array([2, 1, 0]))",0.5825607489921709,0.6310058178210868,0.8395306437919219,0.9005996672004019,0.7752223505561382,5.542432338094385,0.7074811476066865,0.811946094818094,deeplearn,2-2-0,3-0-3
244,"[[210941  25063]
 [  6376 111918]]","(array([0.        , 0.10619735, 1.        ]), array([0.        , 0.94610039, 1.        ]), array([2, 1, 0]))",0.9461003939337582,0.8133794161764178,0.9112639642334983,0.8170330191778422,0.919951520673257,3.064890660940762,0.8768426207031633,0.8399502865428434,deeplearn,2-2-0,3-1-0
245,"[[189527  22606]
 [  5325 101314]]","(array([0.        , 0.10656522, 1.        ]), array([0.        , 0.95006517, 1.        ]), array([2, 1, 0]))",0.9500651731542868,0.8164396256463491,0.9123793808741044,0.8175758553905745,0.9217499761393521,3.0263656757361295,0.8788553038484725,0.8410327417863291,deeplearn,2-2-0,3-1-1
246,"[[124091   4080]
 [ 26331  37223]]","(array([0.        , 0.03183247, 1.        ]), array([0.        , 0.58569091, 1.        ]), array([2, 1, 0]))",0.58569090851874,0.6341888863970748,0.8413821880297301,0.9012178292133743,0.7769292173571065,5.478482155708145,0.709976444109597,0.8135605815549514,deeplearn,2-2-0,3-1-2
247,"[[283553   9376]
 [ 61072  85649]]","(array([0.        , 0.03200776, 1.        ]), array([0.       , 0.5837542, 1.       ]), array([2, 1, 0]))",0.5837542001485814,0.6320836225621387,0.8397634481974298,0.9013312286240464,0.775873222001447,5.53439148525912,0.708586698435548,0.8128852114854951,deeplearn,2-2-0,3-1-3
248,"[[67165  2262]
 [16031 18493]]","(array([0.        , 0.03258098, 1.        ]), array([0.        , 0.53565635, 1.        ]), array([2, 1, 0]))",0.5356563549994207,0.5927140437860419,0.8240228569229733,0.891014213442544,0.7515376853280769,6.078052594794549,0.6690786736373667,0.786641598039883,deeplearn,2-2-0,3-2-0
249,"[[70379  2307]
 [16840 19603]]","(array([0.        , 0.03173926, 1.        ]), array([0.        , 0.53790851, 1.        ]), array([2, 1, 0]))",0.5379085146667398,0.5959385301014101,0.824547095639106,0.894705613874943,0.7530846263177685,6.059945535143054,0.6718763388343358,0.7899148150834523,deeplearn,2-2-0,3-2-1
250,"[[236241  28148]
 [  9272 122200]]","(array([0.        , 0.10646434, 1.        ]), array([0.        , 0.92947548, 1.        ]), array([2, 1, 0]))",0.9294754776682488,0.7986527014060043,0.9054718701766529,0.8127810147125336,0.9115055695683832,3.264942794986178,0.8672202114825066,0.8337153960352808,deeplearn,2-2-0,3-2-2
251,"[[205817   6857]
 [ 44090  62031]]","(array([0.        , 0.03224183, 1.        ]), array([0.        , 0.58453087, 1.        ]), array([2, 1, 0]))",0.5845308657098972,0.6323583907554149,0.8401888360858859,0.9004616188595982,0.7761445153944221,5.519699254477308,0.7088892571239194,0.8126197032538325,deeplearn,2-2-0,3-2-3
252,"[[66262  2172]
 [14384 19925]]","(array([0.        , 0.03173861, 1.        ]), array([0.        , 0.58075141, 1.        ]), array([2, 1, 0]))",0.5807514063365298,0.630179667312759,0.8388600683258227,0.9017061139521202,0.7745063984366988,5.5655929719762876,0.7064851256958479,0.8119595426131039,deeplearn,2-2-0,3-3-0
253,"[[217802   7164]
 [ 46435  66130]]","(array([0.        , 0.03184481, 1.        ]), array([0.        , 0.58748279, 1.        ]), array([2, 1, 0]))",0.5874827877226492,0.6353616894251163,0.8412027339711019,0.902256664938467,0.7778189878088544,5.484680234724538,0.7116147186845942,0.8149287353262303,deeplearn,2-2-0,3-3-1
254,"[[159418   5425]
 [ 34497  47804]]","(array([0.       , 0.0329101, 1.       ]), array([0.        , 0.58084349, 1.        ]), array([2, 1, 0]))",0.5808434891435098,0.628182333936865,0.8384666429288188,0.8980818726633978,0.7739666934018539,5.579182051976512,0.705437910425736,0.8096417211745935,deeplearn,2-2-0,3-3-2
255,"[[101941   3445]
 [ 22074  30582]]","(array([0.        , 0.03268935, 1.        ]), array([0.        , 0.58078851, 1.        ]), array([2, 1, 0]))",0.580788514129444,0.628529392934772,0.8385302641070095,0.8987568695447733,0.7740495813013379,5.576984532180513,0.7056054820437687,0.810059121442648,deeplearn,2-2-0,3-3-3
256,"[[209408  45972]
 [112005  25634]]","(array([0.       , 0.1800141, 1.       ]), array([0.        , 0.18624082, 1.        ]), array([2, 1, 0]))",0.1862408183726996,0.007695152433216393,0.5980423338311889,0.35798676088595927,0.5031133608661994,13.883219482090855,0.24501421778298166,0.3022428271271014,deeplearn,3-3-0,0-0-0
257,"[[152134  33385]
 [ 81258  18647]]","(array([0.        , 0.17995461, 1.        ]), array([0.        , 0.18664731, 1.        ]), array([2, 1, 0]))",0.18664731494920175,0.008268200485076472,0.5983414148775156,0.35837561500615006,0.5033463505680307,13.872889584624806,0.24545699862442985,0.3026786091100629,deeplearn,3-3-0,0-0-1
258,"[[239866  52614]
 [127830  29361]]","(array([0.        , 0.17988922, 1.        ]), array([0.       , 0.1867855, 1.       ]), array([2, 1, 0]))",0.18678550298681224,0.008517097780479136,0.5987199530323281,0.3581701738334858,0.5034481398960319,13.85981537128802,0.24552821053159726,0.30263393878674305,deeplearn,3-3-0,0-0-2
259,"[[65210 14204]
 [34931  8007]]","(array([0.        , 0.17886015, 1.        ]), array([0.        , 0.18647818, 1.        ]), array([2, 1, 0]))",0.18647817783781265,0.009432394242518289,0.598412776252125,0.36049705101076046,0.5038090136173222,13.870424150368077,0.24580576831570708,0.30379718019152846,deeplearn,3-3-0,0-0-3
260,"[[218978  47982]
 [116751  26749]]","(array([0.        , 0.17973479, 1.        ]), array([0.        , 0.18640418, 1.        ]), array([2, 1, 0]))",0.18640418118466898,0.008241197092028547,0.5986624762461629,0.3579371345224873,0.5033346947277856,13.861800463252735,0.24514390714426454,0.3023005081098674,deeplearn,3-3-0,0-1-0
261,"[[105151  23253]
 [ 56027  12810]]","(array([0.        , 0.18109249, 1.        ]), array([0.        , 0.18609178, 1.        ]), array([2, 1, 0]))",0.18609178203582374,0.006164885316371141,0.5980551710851192,0.35521171283587055,0.5024996463526366,13.882776834570718,0.244232602478551,0.3005786314638484,deeplearn,3-3-0,0-1-1
262,"[[259027  56737]
 [138149  31603]]","(array([0.        , 0.17968166, 1.        ]), array([0.        , 0.18617159, 1.        ]), array([2, 1, 0]))",0.1861715914981856,0.00802155577951676,0.5986002521029173,0.3577428118632556,0.503244965255433,13.863949577888183,0.24489716845155993,0.302067243726009,deeplearn,3-3-0,0-1-2
263,"[[258269  56557]
 [137833  31475]]","(array([0.        , 0.17964526, 1.        ]), array([0.       , 0.1859038, 1.       ]), array([2, 1, 0]))",0.18590379663099205,0.007737893158803739,0.5984789335184061,0.3575404398400582,0.5031292661313689,13.868139742795478,0.2446180150773296,0.30181076872329493,deeplearn,3-3-0,0-1-3
264,"[[40394  8873]
 [21982  5004]]","(array([0.        , 0.18010027, 1.        ]), array([0.        , 0.18542948, 1.        ]), array([2, 1, 0]))",0.18542948195360556,0.0066047100851353135,0.5953601825501947,0.36059667075016216,0.5026646059980138,13.975857218640146,0.2449159386241832,0.30329478507527824,deeplearn,3-3-0,0-2-0
265,"[[104220  23039]
 [ 55940  12769]]","(array([0.        , 0.18104024, 1.        ]), array([0.        , 0.18584174, 1.        ]), array([2, 1, 0]))",0.1858417383457771,0.005928716975909535,0.5969801192031352,0.356596291331546,0.5024007487884756,13.919907550308444,0.24434302553651557,0.30123949589744314,deeplearn,3-3-0,0-2-1
266,"[[88942 19247]
 [47269 10768]]","(array([0.        , 0.17790164, 1.        ]), array([0.        , 0.18553681, 1.        ]), array([2, 1, 0]))",0.18553681272291814,0.009462108225477155,0.5998459928049763,0.3587539563551558,0.5038175888106915,13.820922361938674,0.24458274655885157,0.30230716968842825,deeplearn,3-3-0,0-2-2
267,"[[227077  49699]
 [121388  27733]]","(array([0.        , 0.17956398, 1.        ]), array([0.        , 0.18597649, 1.        ]), array([2, 1, 0]))",0.18597648889157128,0.007930887863935351,0.5982901969255477,0.35815941729517514,0.5032062546778867,13.874658371082132,0.24482571407132103,0.302201813668549,deeplearn,3-3-0,0-2-3
268,"[[211476  46299]
 [112520  25674]]","(array([0.        , 0.17961013, 1.        ]), array([0.        , 0.18578231, 1.        ]), array([2, 1, 0]))",0.18578230603354703,0.007628673230800136,0.5989105207730908,0.35671710224667585,0.5030860904622201,13.853233330954547,0.24431999314830585,0.3012772069488319,deeplearn,3-3-0,0-3-0
269,"[[134976  29772]
 [ 71872  16432]]","(array([0.        , 0.18071236, 1.        ]), array([0.        , 0.18608444, 1.        ]), array([2, 1, 0]))",0.18608443558615692,0.006627914106635122,0.5983276164582774,0.35564020431131504,0.5026860374449104,13.873366713161696,0.24432747494572812,0.3008201523140012,deeplearn,3-3-0,0-3-1
270,"[[80939 17691]
 [43108  9790]]","(array([0.        , 0.17936733, 1.        ]), array([0.        , 0.18507316, 1.        ]), array([2, 1, 0]))",0.18507315966577187,0.0070588403519709604,0.5987606250989916,0.3562461336923693,0.5028529136055717,13.858410404098993,0.2435959641199816,0.3006350493176598,deeplearn,3-3-0,0-3-2
271,"[[215849  47155]
 [114976  26290]]","(array([0.        , 0.17929385, 1.        ]), array([0.        , 0.18610281, 1.        ]), array([2, 1, 0]))",0.18610281313267169,0.008419777961112221,0.5989536695772627,0.35795493226223707,0.5034044810442905,13.85174279738809,0.2448873136448529,0.3021519563448463,deeplearn,3-3-0,0-3-3
272,"[[ 15648  17727]
 [ 30067 174204]]","(array([0.        , 0.53114607, 1.        ]), array([0.        , 0.85280828, 1.        ]), array([2, 1, 0]))",0.8528082791977324,0.28353854959816543,0.798885737609722,0.9076386826515779,0.660831105891001,6.946300183811241,0.8793696144895784,0.8961157207598806,deeplearn,3-3-0,1-0-0
273,"[[ 29226  33073]
 [ 56082 325431]]","(array([0.        , 0.53087529, 1.        ]), array([0.        , 0.85300108, 1.        ]), array([2, 1, 0]))",0.8530010772896336,0.2839741522259798,0.79911539120168,0.9077471938946288,0.6610628911705395,6.938368170698565,0.8795230379842625,0.8962429132225374,deeplearn,3-3-0,1-0-1
274,"[[ 8780 10064]
 [16173 98626]]","(array([0.       , 0.5340692, 1.       ]), array([0.        , 0.85911898, 1.        ]), array([2, 1, 0]))",0.8591189818726644,0.29030151472398874,0.8036784567841189,0.9074063851320269,0.6625248910636937,6.780766096404669,0.8826027231765323,0.8973194870796402,deeplearn,3-3-0,1-0-2
275,"[[ 10687  12257]
 [ 20112 117837]]","(array([0.        , 0.53421374, 1.        ]), array([0.        , 0.85420699, 1.        ]), array([2, 1, 0]))",0.8542069895396125,0.2844053249743433,0.7988166048243243,0.9057835103847987,0.6599966258716193,6.94868921452497,0.8792395250015855,0.8949758857707059,deeplearn,3-3-0,1-0-3
276,"[[ 17588  19816]
 [ 33402 193434]]","(array([0.        , 0.52978291, 1.        ]), array([0.        , 0.85274824, 1.        ]), array([2, 1, 0]))",0.852748241019944,0.2852882548315569,0.798599757795943,0.9070762016412661,0.6614826650506629,6.956177895121987,0.8790736356075859,0.895663785982316,deeplearn,3-3-0,1-1-0
277,"[[ 14638  16719]
 [ 28189 163961]]","(array([0.        , 0.53318238, 1.        ]), array([0.       , 0.8532969, 1.       ]), array([2, 1, 0]))",0.8532969034608379,0.28247430794321693,0.79907564416327,0.9074662386539739,0.6600572599710032,6.939741210843885,0.8795483196094736,0.8960890618339218,deeplearn,3-3-0,1-1-1
278,"[[  9726  11032]
 [ 18449 108437]]","(array([0.        , 0.53145775, 1.        ]), array([0.        , 0.85460177, 1.        ]), array([2, 1, 0]))",0.8546017685166212,0.28584865320172337,0.8003237517271274,0.9076580535536415,0.6615720086440895,6.896633036609762,0.880331229323537,0.8965262367675217,deeplearn,3-3-0,1-1-2
279,"[[ 11449  13114]
 [ 22212 128853]]","(array([0.        , 0.53389244, 1.        ]), array([0.        , 0.85296396, 1.        ]), array([2, 1, 0]))",0.8529639559130175,0.28115995041797537,0.7988589518755551,0.9076264202244183,0.6595357580322324,6.9472253902983265,0.8794466133391574,0.8961405304805871,deeplearn,3-3-0,1-1-3
280,"[[ 13709  15381]
 [ 26102 151676]]","(array([0.       , 0.5287384, 1.       ]), array([0.        , 0.85317643, 1.        ]), array([2, 1, 0]))",0.853176433529458,0.28609399964695525,0.7994711603534621,0.9079296288093286,0.6622190177272591,6.926080204759334,0.8797018864094421,0.896423902430952,deeplearn,3-3-0,1-2-0
281,"[[ 19338  21887]
 [ 36966 212014]]","(array([0.        , 0.53091571, 1.        ]), array([0.        , 0.85153024, 1.        ]), array([2, 1, 0]))",0.8515302433930436,0.2830480121260986,0.7972019779121655,0.9064262230601836,0.6603072684521313,7.0044558431406525,0.8781211105841812,0.8948879944351772,deeplearn,3-3-0,1-2-1
282,"[[ 28466  32405]
 [ 54519 312350]]","(array([0.        , 0.53235531, 1.        ]), array([0.        , 0.85139382, 1.        ]), array([2, 1, 0]))",0.8513938217728945,0.28186993332182625,0.7967830925328471,0.9060057142028397,0.6595192565025862,7.018923903085849,0.87785122480411,0.8945299500712818,deeplearn,3-3-0,1-2-2
283,"[[ 30825  34880]
 [ 60117 338467]]","(array([0.        , 0.53085762, 1.        ]), array([0.        , 0.84917357, 1.        ]), array([2, 1, 0]))",0.8491735744535657,0.27956252990419644,0.795392524914439,0.9065748485992924,0.6591579766339817,7.066951900961889,0.8769358919385282,0.8944820536456142,deeplearn,3-3-0,1-2-3
284,"[[ 16878  19339]
 [ 45159 174760]]","(array([0.        , 0.53397576, 1.        ]), array([0.        , 0.79465621, 1.        ]), array([2, 1, 0]))",0.7946562143334591,0.21201131682842658,0.748188462379361,0.9003652775130218,0.6303402285461923,8.697322763429003,0.8442145027510881,0.8770318624129918,deeplearn,3-3-0,1-3-0
285,"[[ 6041  6589]
 [11280 65299]]","(array([0.        , 0.52169438, 1.        ]), array([0.        , 0.85270113, 1.        ]), array([2, 1, 0]))",0.8527011321641703,0.29172838933620004,0.7996950980282258,0.9083435343868239,0.6655033768500979,6.918345278482288,0.8796432877339745,0.8966415932727507,deeplearn,3-3-0,1-3-1
286,"[[ 32704  37606]
 [ 63514 365757]]","(array([0.        , 0.53485991, 1.        ]), array([0.        , 0.85204218, 1.        ]), array([2, 1, 0]))",0.8520421831430495,0.2797093890673965,0.7975903807390593,0.9067688409695486,0.6585911385065268,6.991040769593578,0.8785540825861062,0.8952682277528574,deeplearn,3-3-0,1-3-2
287,"[[ 26158  29777]
 [ 51217 289777]]","(array([0.        , 0.53235005, 1.        ]), array([0.        , 0.84980088, 1.        ]), array([2, 1, 0]))",0.8498008762617524,0.2788169632421273,0.7959483937933485,0.9068170011954161,0.6587254135487719,7.047752784357088,0.8773836269279446,0.8948098146627058,deeplearn,3-3-0,1-3-3
288,"[[177574  14298]
 [ 15591 176251]]","(array([0.        , 0.07451843, 1.        ]), array([0.     , 0.91873, 1.     ]), array([2, 1, 0]))",0.9187299965596689,0.8442311849196893,0.9221060477334682,0.9249641824412618,0.9221057838035169,2.690391594551001,0.9218365495003805,0.9237105859515028,deeplearn,3-3-0,2-0-0
289,"[[188661  15731]
 [ 25810 178760]]","(array([0.        , 0.07696485, 1.        ]), array([0.        , 0.87383292, 1.        ]), array([2, 1, 0]))",0.8738329178276385,0.7978206983375942,0.8984233253945354,0.9191170799677106,0.8984340329871685,3.508364808192838,0.8959031326037875,0.9096886214624633,deeplearn,3-3-0,2-0-1
290,"[[91495 10305]
 [ 8285 94152]]","(array([0.       , 0.1012279, 1.       ]), array([0.        , 0.91912102, 1.        ]), array([2, 1, 0]))",0.9191210207249334,0.8181036812694273,0.9089782948241504,0.9013469657370976,0.9089465614430168,3.143818666710282,0.9101472251491103,0.9048465685756298,deeplearn,3-3-0,2-0-2
291,"[[230025  18651]
 [ 20109 228244]]","(array([0.        , 0.07500121, 1.        ]), array([0.        , 0.91903057, 1.        ]), array([2, 1, 0]))",0.9190305734176757,0.8440471113509413,0.9220166227725143,0.9244577654468499,0.9220146835143198,2.6934804334523914,0.9217361806610022,0.923367205180216,deeplearn,3-3-0,2-0-3
292,"[[35578  2789]
 [ 3101 35550]]","(array([0.        , 0.07269268, 1.        ]), array([0.        , 0.91976922, 1.        ]), array([2, 1, 0]))",0.9197692168378567,0.8470790333376896,0.9235243709262769,0.9272542319830982,0.9235382691169239,2.64140360751067,0.9234965579945448,0.9257474987891066,deeplearn,3-3-0,2-1-0
293,"[[201047  17247]
 [ 28843 189426]]","(array([0.        , 0.07900813, 1.        ]), array([0.        , 0.86785572, 1.        ]), array([2, 1, 0]))",0.8678557193188222,0.7899654937434983,0.8944253177662789,0.9165493315527428,0.894423796331972,3.6464519317906285,0.8915381393225429,0.906378324167122,deeplearn,3-3-0,2-1-1
294,"[[61068  4859]
 [ 5396 60375]]","(array([0.        , 0.07370273, 1.        ]), array([0.        , 0.91795776, 1.        ]), array([2, 1, 0]))",0.9179577625397212,0.8442912618185529,0.9221324545551185,0.9255143023576663,0.9221275153651478,2.689479241702398,0.9217205450173658,0.9239930579999818,deeplearn,3-3-0,2-1-2
295,"[[159426  15376]
 [ 14181 160975]]","(array([0.        , 0.08796238, 1.        ]), array([0.        , 0.91903789, 1.        ]), array([2, 1, 0]))",0.9190378862271347,0.8311006293151271,0.9155412935266518,0.9128102477445549,0.9155377529670015,2.917135509159561,0.9159134810971048,0.9140490142636504,deeplearn,3-3-0,2-1-3
296,"[[183038  15727]
 [ 26294 172708]]","(array([0.        , 0.07912359, 1.        ]), array([0.        , 0.86787067, 1.        ]), array([2, 1, 0]))",0.8678706746665863,0.7898376789000225,0.8943577521513851,0.9165388595536923,0.8943735432548587,3.6487855909598492,0.8915410763556397,0.9063733938463929,deeplearn,3-3-0,2-2-0
297,"[[148746  14616]
 [ 13228 150276]]","(array([0.        , 0.08947001, 1.        ]), array([0.        , 0.91909678, 1.        ]), array([2, 1, 0]))",0.9190967805068989,0.8296597513599815,0.9148152453910777,0.9113601630157921,0.914813384560571,2.942212946148981,0.9152121219503283,0.9128970491038451,deeplearn,3-3-0,2-2-1
298,"[[197957  19436]
 [ 22012 194889]]","(array([0.       , 0.0894049, 1.       ]), array([0.        , 0.89851591, 1.        ]), array([2, 1, 0]))",0.8985159127897059,0.809178825312001,0.9045623471657449,0.9093152921964307,0.9045555050739732,3.2963355353560293,0.9038833465514602,0.9071346982547961,deeplearn,3-3-0,2-2-2
299,"[[193525  16047]
 [ 26599 184016]]","(array([0.        , 0.07657034, 1.        ]), array([0.        , 0.87370795, 1.        ]), array([2, 1, 0]))",0.8737079505258409,0.7980452011127475,0.8985070932703773,0.9197902660661892,0.8985688035796803,3.5054713479410924,0.8961570865739095,0.9101889763935315,deeplearn,3-3-0,2-2-3
300,"[[54169  6068]
 [ 4963 55080]]","(array([0.        , 0.10073543, 1.        ]), array([0.        , 0.91734257, 1.        ]), array([2, 1, 0]))",0.9173425711573372,0.8167208082969378,0.9082889923511805,0.9007653561849938,0.9083035713830745,3.167626324987248,0.9089783894843676,0.904032694864346,deeplearn,3-3-0,2-3-0
301,"[[35786  2823]
 [ 3197 35351]]","(array([0.        , 0.07311767, 1.        ]), array([0.        , 0.91706444, 1.        ]), array([2, 1, 0]))",0.9170644391408115,0.8439929030901745,0.9219772671306556,0.9260491433960287,0.9219733861377865,2.694838979754368,0.9215348922082323,0.9242381460333394,deeplearn,3-3-0,2-3-1
302,"[[189816  21314]
 [ 17722 194455]]","(array([0.        , 0.10095202, 1.        ]), array([0.       , 0.9164754, 1.       ]), array([2, 1, 0]))",0.9164753955424009,0.8156750944862386,0.9077832400598147,0.9012184326756856,0.9077616877299937,3.185094312098218,0.9087828838217906,0.9042290512093434,deeplearn,3-3-0,2-3-2
303,"[[192883  18541]
 [ 17142 194029]]","(array([0.        , 0.08769582, 1.        ]), array([0.        , 0.91882408, 1.        ]), array([2, 1, 0]))",0.9188240809580861,0.8311431891672023,0.9155621812846816,0.9127769675871478,0.9155641329567182,2.916414021546757,0.915790541864016,0.9139800141504411,deeplearn,3-3-0,2-3-3
304,"[[70108  3803]
 [ 2654 33941]]","(array([0.        , 0.05145378, 1.        ]), array([0.        , 0.92747643, 1.        ]), array([2, 1, 0]))",0.927476431206449,0.8693696548360704,0.9415687835954609,0.8992422636710471,0.9380113278598574,2.018170235561557,0.9131411506746123,0.9047507343885781,deeplearn,3-3-0,3-0-0
305,"[[247751  10163]
 [  9124 120511]]","(array([0.        , 0.03940461, 1.        ]), array([0.        , 0.92961777, 1.        ]), array([2, 1, 0]))",0.9296177729779767,0.8884583942422186,0.9502333898423168,0.9222263036258169,0.9451065826202569,1.7188987886365998,0.9259072871087822,0.9236951792878156,deeplearn,3-3-0,3-0-1
306,"[[77830  3075]
 [ 2895 37462]]","(array([0.        , 0.03800754, 1.        ]), array([0.        , 0.92826523, 1.        ]), array([2, 1, 0]))",0.9282652327972842,0.8892687367761538,0.9507677590671438,0.9241433751880997,0.9451288465451102,1.700441637443838,0.9261997181496774,0.9249648156835631,deeplearn,3-3-0,3-0-2
307,"[[189659   7501]
 [  7000  91479]]","(array([0.        , 0.03804524, 1.        ]), array([0.        , 0.92891886, 1.        ]), array([2, 1, 0]))",0.9289188557966673,0.889747297492658,0.9509503144037154,0.9242170135380885,0.9454368066769906,1.6941364105646541,0.9265619698266476,0.9251535702944385,deeplearn,3-3-0,3-0-3
308,"[[225820  10184]
 [ 11334 106960]]","(array([0.        , 0.04315181, 1.        ]), array([0.        , 0.90418787, 1.        ]), array([2, 1, 0]))",0.9041878708979323,0.863151697067475,0.9392658157821947,0.9130642627876802,0.930518029955839,2.0977073919861735,0.9086043884164834,0.9112750694361613,deeplearn,3-3-0,3-1-0
309,"[[202437   9696]
 [ 11088  95551]]","(array([0.        , 0.04570717, 1.        ]), array([0.        , 0.89602303, 1.        ]), array([2, 1, 0]))",0.8960230309736588,0.8531260412065023,0.9347997942102819,0.9078738586373009,0.9251579283504574,2.2519596498077217,0.9019095173819885,0.905478680962119,deeplearn,3-3-0,3-1-1
310,"[[121707   6464]
 [  4428  59126]]","(array([0.        , 0.05043263, 1.        ]), array([0.        , 0.93032697, 1.        ]), array([2, 1, 0]))",0.9303269660446235,0.8730924535410406,0.9431894640761508,0.9014483915230981,0.9399471704399023,1.9621933555413016,0.9156600384067398,0.9070797817829244,deeplearn,3-3-0,3-1-2
311,"[[281661  11268]
 [ 10549 136172]]","(array([0.        , 0.03846666, 1.        ]), array([0.        , 0.92810164, 1.        ]), array([2, 1, 0]))",0.9281016350760968,0.8885543027655908,0.9503764358012055,0.9235756918068366,0.9448174879598913,1.7139576810453998,0.9258331321963141,0.9244773456477492,deeplearn,3-3-0,3-1-3
312,"[[66724  2703]
 [ 2446 32078]]","(array([0.        , 0.03893298, 1.        ]), array([0.        , 0.92915074, 1.        ]), array([2, 1, 0]))",0.9291507357200788,0.8885688530240021,0.950467046974055,0.9222851556884506,0.9451088778777558,1.7108283803835362,0.9257052160738763,0.9236501428176542,deeplearn,3-3-0,3-2-0
313,"[[69904  2782]
 [ 2679 33764]]","(array([0.        , 0.03827422, 1.        ]), array([0.        , 0.92648794, 1.        ]), array([2, 1, 0]))",0.9264879400707955,0.8875902853816586,0.9499583062247432,0.9238767580583375,0.9441068597252968,1.7283992556759258,0.9251805066516873,0.9243978163141264,deeplearn,3-3-0,3-2-1
314,"[[252991  11398]
 [ 11545 119927]]","(array([0.        , 0.04311072, 1.        ]), array([0.        , 0.91218663, 1.        ]), array([2, 1, 0]))",0.9121866252890349,0.8693205373194755,0.9420427877462039,0.9132076908433276,0.9345379529283416,2.0017942172629937,0.912696872490934,0.9130032949029496,deeplearn,3-3-0,3-2-2
315,"[[204285   8389]
 [  7549  98572]]","(array([0.        , 0.03944535, 1.        ]), array([0.        , 0.92886422, 1.        ]), array([2, 1, 0]))",0.9288642210307102,0.8876743001601535,0.9500054894211013,0.9215695440394163,0.9447094363755919,1.726770263037151,0.9252025042002608,0.923019299017726,deeplearn,3-3-0,3-2-3
316,"[[65800  2634]
 [ 2394 31915]]","(array([0.        , 0.03848964, 1.        ]), array([0.        , 0.93022239, 1.        ]), array([2, 1, 0]))",0.9302223906263662,0.8901924093196187,0.9510623594794779,0.9237604561637095,0.945866375486781,1.6902667223386714,0.9269801620726713,0.9250456508507,deeplearn,3-3-0,3-3-0
317,"[[216307   8659]
 [  8009 104556]]","(array([0.        , 0.03849026, 1.        ]), array([0.     , 0.92885, 1.     ]), array([2, 1, 0]))",0.928849997779061,0.8890855096051942,0.9506178691734981,0.9235172017842159,0.9451798685142738,1.7056188873452205,0.9261759234653203,0.924578856612283,deeplearn,3-3-0,3-3-1
318,"[[158642   6201]
 [  5965  76336]]","(array([0.        , 0.03761761, 1.        ]), array([0.        , 0.92752214, 1.        ]), array([2, 1, 0]))",0.9275221443238842,0.8892681542725315,0.9507736380409801,0.924870058276894,0.9449522662071851,1.700238370845127,0.9261942027930452,0.9253992614844501,deeplearn,3-3-0,3-3-2
319,"[[101198   4188]
 [  3695  48961]]","(array([0.        , 0.03973962, 1.        ]), array([0.        , 0.92982756, 1.        ]), array([2, 1, 0]))",0.9298275600121544,0.8880297299867858,0.9501208539502157,0.9212026566821577,0.945043968076599,1.7227858609427789,0.9254950144133075,0.9229148130834075,deeplearn,3-3-0,3-3-3
320,"[[214034  41346]
 [106659  30980]]","(array([0.        , 0.16189991, 1.        ]), array([0.        , 0.22508155, 1.        ]), array([2, 1, 0]))",0.2250815539200372,0.07777913824102434,0.6234151529569817,0.42833835688410804,0.5315908200330862,13.006863944196354,0.295096801847927,0.36281189760694055,deeplearn,2-0-0,0-0-0
321,"[[155237  30282]
 [ 77399  22506]]","(array([0.        , 0.16322856, 1.        ]), array([0.        , 0.22527401, 1.        ]), array([2, 1, 0]))",0.2252740103097943,0.07622398605785086,0.6227331969280789,0.4263468970220505,0.5310227230598018,13.030418585647173,0.2947875803082001,0.36176649295788227,deeplearn,2-0-0,0-0-1
322,"[[244668  47812]
 [121608  35583]]","(array([0.        , 0.16347101, 1.        ]), array([0.        , 0.22636792, 1.        ]), array([2, 1, 0]))",0.22636792182758556,0.07716440892096463,0.6232356545118543,0.4266802566101085,0.531448457631517,13.013064500886422,0.2958027482895929,0.36252142037732465,deeplearn,2-0-0,0-0-2
323,"[[66513 12901]
 [33216  9722]]","(array([0.        , 0.16245246, 1.        ]), array([0.        , 0.22641949, 1.        ]), array([2, 1, 0]))",0.22641948856490754,0.07863932182790333,0.6230793121485549,0.4297396454935243,0.5319835121319514,13.018463667210531,0.2965787587132594,0.36431087461590345,deeplearn,2-0-0,0-0-3
324,"[[223275  43685]
 [111035  32465]]","(array([0.        , 0.16363875, 1.        ]), array([0.        , 0.22623693, 1.        ]), array([2, 1, 0]))",0.2262369337979094,0.07678937995807866,0.6230570579349998,0.42632961260669733,0.5312990932100125,13.019233090275101,0.2956066469383109,0.36225172952465967,deeplearn,2-0-0,0-1-0
325,"[[107485  20919]
 [ 53478  15359]]","(array([0.        , 0.16291549, 1.        ]), array([0.        , 0.22312129, 1.        ]), array([2, 1, 0]))",0.22312128651742522,0.07407196839254455,0.6228116872252726,0.4233695352555268,0.5301029005092656,13.027707597461035,0.292232316986158,0.3589406821251794,deeplearn,2-0-0,0-1-1
326,"[[264038  51726]
 [131271  38481]]","(array([0.        , 0.16381221, 1.        ]), array([0.        , 0.22668952, 1.        ]), array([2, 1, 0]))",0.2266895235402234,0.07708932368235502,0.623087601644436,0.42658551997073396,0.531438654677473,13.018178234942091,0.2960543778057309,0.3626314599117947,deeplearn,2-0-0,0-1-2
327,"[[263294  51532]
 [130908  38400]]","(array([0.        , 0.16368407, 1.        ]), array([0.        , 0.22680559, 1.        ]), array([2, 1, 0]))",0.2268055850875328,0.07739892607953558,0.6231621823709964,0.42698928078993015,0.5315607591665994,13.015602230668119,0.2962505786144114,0.36292426224302315,deeplearn,2-0-0,0-1-3
328,"[[41164  8103]
 [20982  6004]]","(array([0.        , 0.16447115, 1.        ]), array([0.        , 0.22248573, 1.        ]), array([2, 1, 0]))",0.222485733343215,0.07144314974184196,0.6185723840373494,0.42560430991706244,0.5290072931639859,13.17412810753615,0.2922152191370793,0.3598916249070899,deeplearn,2-0-0,0-2-0
329,"[[106366  20893]
 [ 53274  15435]]","(array([0.        , 0.16417699, 1.        ]), array([0.        , 0.22464306, 1.        ]), array([2, 1, 0]))",0.22464305986115357,0.07424567847157088,0.6215351485956891,0.4248788813036776,0.5302330332427196,13.071798124543035,0.293896436493807,0.36059545558613404,deeplearn,2-0-0,0-2-1
330,"[[90376 17813]
 [45022 13015]]","(array([0.        , 0.16464705, 1.        ]), array([0.        , 0.22425349, 1.        ]), array([2, 1, 0]))",0.22425349346106793,0.07310690863092792,0.6219905429956806,0.42218113403399504,0.5298032203091788,13.056069796561529,0.2929162212344567,0.35883848270461927,deeplearn,2-0-0,0-2-2
331,"[[231517  45259]
 [115339  33782]]","(array([0.        , 0.16352213, 1.        ]), array([0.        , 0.22654086, 1.        ]), array([2, 1, 0]))",0.2265408627892785,0.07732189538601819,0.6229182173154542,0.4273984387849344,0.5315093682966827,13.024028345938003,0.29612293019871844,0.36302481274917525,deeplearn,2-0-0,0-2-3
332,"[[215619  42156]
 [106903  31291]]","(array([0.        , 0.16353797, 1.        ]), array([0.        , 0.22642806, 1.        ]), array([2, 1, 0]))",0.22642806489427905,0.07712240150975794,0.6235589149655655,0.42603510014023716,0.5314450478675643,13.001899589306884,0.29569884852178924,0.3621794426619628,deeplearn,2-0-0,0-3-0
333,"[[137940  26808]
 [ 68285  20019]]","(array([0.        , 0.16272125, 1.        ]), array([0.        , 0.22670547, 1.        ]), array([2, 1, 0]))",0.22670547200579816,0.07853339169619775,0.6242155762451986,0.4275097700044846,0.5319921125051935,12.979218893070001,0.2962902664821544,0.363173591861022,deeplearn,2-0-0,0-3-1
334,"[[82492 16138]
 [40996 11902]]","(array([0.        , 0.16362162, 1.        ]), array([0.        , 0.22499905, 1.        ]), array([2, 1, 0]))",0.22499905478467996,0.07534102431200485,0.6229475740457209,0.42446504992867334,0.5306887193217733,13.023014587733986,0.2941016580592552,0.360539931418047,deeplearn,2-0-0,0-3-2
335,"[[220382  42622]
 [109446  31820]]","(array([0.        , 0.16205837, 1.        ]), array([0.        , 0.22524882, 1.        ]), array([2, 1, 0]))",0.2252488213724463,0.07773179015344292,0.623845449823138,0.4274468713898068,0.5315952248183277,12.992002199675833,0.29502846440558533,0.36238651220634394,deeplearn,2-0-0,0-3-3
336,"[[ 25110   8265]
 [111138  93133]]","(array([0.        , 0.24764045, 1.        ]), array([0.        , 0.45592864, 1.        ]), array([2, 1, 0]))",0.4559286438114074,0.14631838110416828,0.4975593950666117,0.918489516558512,0.6041440971866026,17.353711514413373,0.6093715751351952,0.7635567332335295,deeplearn,2-0-0,1-0-0
337,"[[ 55925   6374]
 [211132 170381]]","(array([0.        , 0.10231304, 1.        ]), array([0.        , 0.44659291, 1.        ]), array([2, 1, 0]))",0.44659290771218807,0.24429748747125227,0.5099141077753644,0.963938785324319,0.672139934489812,16.926978529614935,0.6103914249070339,0.7826175228495599,deeplearn,2-0-0,1-0-1
338,"[[17726  1118]
 [63906 50893]]","(array([0.        , 0.05932923, 1.        ]), array([0.        , 0.44332268, 1.        ]), array([2, 1, 0]))",0.4433226770268034,0.2740953030966073,0.5134500123463257,0.9785045471150333,0.6919967237819221,16.80484791760585,0.6101912355374379,0.7882004565686727,deeplearn,2-0-0,1-0-2
339,"[[17216  5728]
 [75688 62261]]","(array([0.        , 0.24965132, 1.        ]), array([0.        , 0.45133346, 1.        ]), array([2, 1, 0]))",0.45133346381633793,0.142765986442812,0.4939742561826804,0.9157510773801645,0.6008410694256028,17.47753848248294,0.6046577125154172,0.759456459423525,deeplearn,2-0-0,1-0-3
340,"[[ 27951   9453]
 [124732 102104]]","(array([0.        , 0.25272698, 1.        ]), array([0.        , 0.45012256, 1.        ]), array([2, 1, 0]))",0.4501225555026539,0.13931846165359324,0.49218513472600667,0.9152630493828268,0.5986977872155554,17.53933268674537,0.6034640196457964,0.7585014203701284,deeplearn,2-0-0,1-1-0
341,"[[ 28116   3241]
 [105282  86868]]","(array([0.       , 0.1033581, 1.       ]), array([0.        , 0.45208431, 1.        ]), array([2, 1, 0]))",0.45208430913348946,0.2468955655088838,0.5144536860143083,0.9640324495888313,0.6743631036371277,16.7701871628189,0.6155197885629865,0.7860133988193693,deeplearn,2-0-0,1-1-1
342,"[[19483  1275]
 [70744 56142]]","(array([0.       , 0.0614221, 1.       ]), array([0.        , 0.44246016, 1.        ]), array([2, 1, 0]))",0.4424601610894819,0.27169362969369315,0.5122118067784671,0.9777940331260776,0.6905190293837428,16.847614238789227,0.609235877875021,0.7872860772842262,deeplearn,2-0-0,1-1-2
343,"[[21929  2634]
 [83133 67932]]","(array([0.        , 0.10723446, 1.        ]), array([0.        , 0.44968722, 1.        ]), array([2, 1, 0]))",0.44968722073279715,0.24227172039259168,0.5116553169198533,0.9626732420712525,0.6712263812005801,16.866839804597987,0.6130189368815735,0.7838386076168455,deeplearn,2-0-0,1-1-3
344,"[[21860  7230]
 [97547 80231]]","(array([0.        , 0.24853902, 1.        ]), array([0.        , 0.45129881, 1.        ]), array([2, 1, 0]))",0.4512988108764864,0.14268246286062927,0.4935079374286985,0.9173345834143218,0.601379897016105,17.493644040736008,0.604971365447766,0.7603075686760598,deeplearn,2-0-0,1-2-0
345,"[[ 37066   4159]
 [124594 124386]]","(array([0.        , 0.10088539, 1.        ]), array([0.       , 0.4995823, 1.       ]), array([2, 1, 0]))",0.49958229576672825,0.2802054334777942,0.5563377612377457,0.9676455715897156,0.6993484553424302,15.323562318704525,0.6589550360903251,0.8149405105089363,deeplearn,2-0-0,1-2-1
346,"[[ 43134  17737]
 [176359 190510]]","(array([0.       , 0.2913867, 1.       ]), array([0.        , 0.51928618, 1.        ]), array([2, 1, 0]))",0.5192861757193985,0.15929580262194276,0.5462290176275307,0.9148271043520435,0.613949736345842,15.672727651391511,0.6625098241050501,0.7938862714473476,deeplearn,2-0-0,1-2-2
347,"[[ 49780  15925]
 [218626 179958]]","(array([0.       , 0.2423712, 1.       ]), array([0.        , 0.45149329, 1.        ]), array([2, 1, 0]))",0.45149328623326573,0.14759258877588594,0.4948168059118351,0.9187014697549047,0.6045610408032625,17.44843680507565,0.6054431953329621,0.7611689546541964,deeplearn,2-0-0,1-2-3
348,"[[  8700  27517]
 [ 28055 191864]]","(array([0.        , 0.75978132, 1.        ]), array([0.       , 0.8724303, 1.       ]), array([2, 1, 0]))",0.8724303038846121,0.11195852774841848,0.7830371365212231,0.874569812335617,0.5563244928595549,7.493717729411183,0.8734987480081949,0.8741410715636256,deeplearn,2-0-0,1-3-0
349,"[[ 8996  3634]
 [41734 34845]]","(array([0.        , 0.28772763, 1.        ]), array([0.        , 0.45502031, 1.        ]), array([2, 1, 0]))",0.4550203058279685,0.11775764776773967,0.49144144649082494,0.9055588762701734,0.5836463366036121,17.565022735613773,0.6056945192859253,0.7558732293542161,deeplearn,2-0-0,1-3-1
350,"[[ 63242   7068]
 [236325 192946]]","(array([0.        , 0.10052624, 1.        ]), array([0.        , 0.44947364, 1.        ]), array([2, 1, 0]))",0.44947364252418637,0.24766070794796116,0.5128057312027479,0.9646624736268461,0.6744737007955877,16.827105223459526,0.6132229434993683,0.7847627197645541,deeplearn,2-0-0,1-3-2
351,"[[ 50409   5526]
 [187811 153183]]","(array([0.        , 0.09879324, 1.        ]), array([0.        , 0.44922491, 1.        ]), array([2, 1, 0]))",0.4492249130483234,0.2489021520122538,0.5129179273875176,0.9651815587017749,0.6752158354461247,16.82322992383586,0.6130961791304034,0.7848856870561469,deeplearn,2-0-0,1-3-3
352,"[[189275   2597]
 [ 11363 180479]]","(array([0.        , 0.01353507, 1.        ]), array([0.        , 0.94076897, 1.        ]), array([2, 1, 0]))",0.9407689661283765,0.9282065893035364,0.9636187368717326,0.985814634359501,0.9636169505425071,1.2565697238763238,0.9627651913218357,0.9764636756529812,deeplearn,2-0-0,2-0-0
353,"[[185919  18473]
 [ 11809 192761]]","(array([0.        , 0.09038025, 1.        ]), array([0.        , 0.94227404, 1.        ]), array([2, 1, 0]))",0.9422740382265239,0.8523586494341718,0.9259540006161942,0.9125472225115275,0.9259468942551462,2.5574943338354497,0.9271724177737588,0.9183415816584184,deeplearn,2-0-0,2-0-1
354,"[[100340   1460]
 [  5882  96555]]","(array([0.        , 0.01434185, 1.        ]), array([0.        , 0.94257934, 1.        ]), array([2, 1, 0]))",0.9425793414488906,0.9289833116887375,0.9640515675416306,0.9851043207672295,0.9641187473452704,1.2416205863956211,0.9633727775227984,0.976295103913674,deeplearn,2-0-0,2-0-2
355,"[[245260   3416]
 [ 14507 233846]]","(array([0.        , 0.01373675, 1.        ]), array([0.        , 0.94158718, 1.        ]), array([2, 1, 0]))",0.9415871763175803,0.928802831228385,0.9639397298749167,0.985602414208765,0.9639252132452479,1.2454831020942567,0.9630921614859508,0.9764732115640458,deeplearn,2-0-0,2-0-3
356,"[[36988  1379]
 [ 2210 36441]]","(array([0.        , 0.03594235, 1.        ]), array([0.        , 0.94282166, 1.        ]), array([2, 1, 0]))",0.9428216605003752,0.9070183380051605,0.9534005037783375,0.9635378106821787,0.9534396571066007,1.6095038968317892,0.9530671757921303,0.9593220695936945,deeplearn,2-0-0,2-1-0
357,"[[195616  22678]
 [ 12629 205640]]","(array([0.        , 0.10388742, 1.        ]), array([0.       , 0.9421402, 1.       ]), array([2, 1, 0]))",0.9421402031438271,0.8391402770348729,0.9191250747314821,0.9006736218782575,0.9191263926289283,2.793362496239109,0.9209403766791242,0.9086723326861332,deeplearn,2-0-0,2-1-1
358,"[[64980   947]
 [ 3911 61860]]","(array([0.        , 0.01436437, 1.        ]), array([0.       , 0.9405361, 1.       ]), array([2, 1, 0]))",0.9405361025375926,0.9271609476003239,0.9631125757414691,0.9849220628273918,0.9630858649111582,1.2740522479099348,0.9622174866617929,0.9757128571383508,deeplearn,2-0-0,2-1-2
359,"[[172229   2573]
 [ 10018 165138]]","(array([0.        , 0.01471951, 1.        ]), array([0.        , 0.94280527, 1.        ]), array([2, 1, 0]))",0.942805270730092,0.9288869226404,0.9640213968533367,0.9846581321439858,0.9640428797558425,1.2426628079726958,0.963277305777459,0.9759929078014185,deeplearn,2-0-0,2-1-3
360,"[[178047  20718]
 [ 11448 187554]]","(array([0.        , 0.10423364, 1.        ]), array([0.        , 0.94247294, 1.        ]), array([2, 1, 0]))",0.9424729399704526,0.8391746821405377,0.9191335631160956,0.9005243143581471,0.9191196486132543,2.793069429033218,0.9210212289515167,0.9086126209923553,deeplearn,2-0-0,2-2-0
361,"[[160918   2444]
 [  9283 154221]]","(array([0.        , 0.01496064, 1.        ]), array([0.        , 0.94322463, 1.        ]), array([2, 1, 0]))",0.9432246305900773,0.9290608729003722,0.9641229127532384,0.9843998340407877,0.9641319955144287,1.2391566727626526,0.9633724689148543,0.975879690798366,deeplearn,2-0-0,2-2-1
362,"[[203483  13910]
 [ 12031 204870]]","(array([0.       , 0.0639855, 1.       ]), array([0.       , 0.9445323, 1.       ]), array([2, 1, 0]))",0.9445322981452368,0.8805711325251971,0.9402685738232626,0.9364201480939757,0.940273398616072,2.06307598276889,0.9404587301259407,0.9380314114838452,deeplearn,2-0-0,2-2-2
363,"[[190492  19080]
 [ 12096 198519]]","(array([0.       , 0.0910427, 1.       ]), array([0.        , 0.94256819, 1.        ]), array([2, 1, 0]))",0.9425681931486362,0.8520667698172463,0.925804463250886,0.9123157735099886,0.9257627483026024,2.562659361681117,0.9271952808642407,0.9182098979566351,deeplearn,2-0-0,2-2-3
364,"[[59221  1016]
 [ 3428 56615]]","(array([0.        , 0.01686671, 1.        ]), array([0.        , 0.94290758, 1.        ]), array([2, 1, 0]))",0.9429075828989224,0.9268466089066428,0.9630528766212172,0.9823705991567039,0.9630204365347078,1.2761151869801481,0.9622346482655473,0.9742159295446488,deeplearn,2-0-0,2-3-0
365,"[[36812  1797]
 [ 2209 36339]]","(array([0.        , 0.04654355, 1.        ]), array([0.        , 0.94269482, 1.        ]), array([2, 1, 0]))",0.942694822040054,0.8962099462122849,0.9480798890573765,0.952879169288861,0.9480756350092523,1.793275725009971,0.9477596369516458,0.9508247336361545,deeplearn,2-0-0,2-3-1
366,"[[207511   3619]
 [ 11762 200415]]","(array([0.       , 0.0171411, 1.       ]), array([0.        , 0.94456515, 1.        ]), array([2, 1, 0]))",0.9445651507939127,0.9280227656861512,0.9636646689046011,0.9822627601282139,0.963712026446073,1.2549847119778823,0.9630451862156455,0.9744844225444977,deeplearn,2-0-0,2-3-2
367,"[[205303   6121]
 [ 11948 199223]]","(array([0.       , 0.0289513, 1.       ]), array([0.        , 0.94342026, 1.        ]), array([2, 1, 0]))",0.9434202613048193,0.9148320022392677,0.9572427501508537,0.9701914835592956,0.957234479827527,1.4767946734237545,0.9566186091737393,0.9647163761068505,deeplearn,2-0-0,2-3-3
368,"[[66254  7657]
 [ 1386 35209]]","(array([0.        , 0.10359757, 1.        ]), array([0.        , 0.96212597, 1.        ]), array([2, 1, 0]))",0.9621259734936467,0.8292047924461186,0.9181673393299912,0.8213735827928895,0.9292642017215903,2.826455373072054,0.8861957438240142,0.8461301842265896,deeplearn,2-0-0,3-0-0
369,"[[229366  28548]
 [  5113 124522]]","(array([0.        , 0.11068806, 1.        ]), array([0.        , 0.96055849, 1.        ]), array([2, 1, 0]))",0.9605584911482239,0.820265218824583,0.9131438863214716,0.8134970928333443,0.9249352161689615,2.999962789573772,0.8809324207212466,0.8391931690287971,deeplearn,2-0-0,3-0-1
370,"[[71837  9068]
 [ 1518 38839]]","(array([0.        , 0.11208207, 1.        ]), array([0.        , 0.96238571, 1.        ]), array([2, 1, 0]))",0.9623857075600267,0.8196091651192133,0.9127014233642856,0.8107165967395161,0.9251518179973053,3.015245812093003,0.8800643523973534,0.837101536737289,deeplearn,2-0-0,3-0-2
371,"[[175106  22054]
 [  3801  94678]]","(array([0.        , 0.11185839, 1.        ]), array([0.        , 0.96140294, 1.        ]), array([2, 1, 0]))",0.9614029386975903,0.8191411579986758,0.9125453678303607,0.8110715142377412,0.9247722747860035,3.0206356333641406,0.8798620888337493,0.8372552868995256,deeplearn,2-0-0,3-0-3
372,"[[202471  33533]
 [  4474 113820]]","(array([0.        , 0.14208657, 1.        ]), array([0.        , 0.96217898, 1.        ]), array([2, 1, 0]))",0.9621789778010719,0.7846877437859546,0.8927258974083964,0.7724308293689304,0.9100462014986274,3.705191921326107,0.8569266733672881,0.8041474849725733,deeplearn,2-0-0,3-1-0
373,"[[181944  30189]
 [  4071 102568]]","(array([0.        , 0.14231166, 1.        ]), array([0.        , 0.96182447, 1.        ]), array([2, 1, 0]))",0.9618244732227421,0.7843595655973878,0.8925250649366946,0.7725995616050377,0.909756405128292,3.7121284753255,0.8568898394292301,0.8042442215137368,deeplearn,2-0-0,3-1-1
374,"[[114046  14125]
 [  2472  61082]]","(array([0.        , 0.11020434, 1.        ]), array([0.        , 0.96110394, 1.        ]), array([2, 1, 0]))",0.9611039431035026,0.820387455249954,0.9134333029078107,0.8121850359673967,0.9254498033545772,2.989966703038384,0.8803914644604751,0.8381588552672744,deeplearn,2-0-0,3-1-2
375,"[[260758  32171]
 [  5832 140889]]","(array([0.        , 0.10982525, 1.        ]), array([0.        , 0.96025109, 1.        ]), array([2, 1, 0]))",0.9602510888011941,0.8208116178240284,0.9135607869896508,0.8141049347047267,0.925212920522456,2.985563159751433,0.8811592933914147,0.8396635838853058,deeplearn,2-0-0,3-1-3
376,"[[62070  7357]
 [ 1418 33106]]","(array([0.        , 0.10596742, 1.        ]), array([0.        , 0.95892712, 1.        ]), array([2, 1, 0]))",0.9589271231606998,0.8239074040248361,0.9155852276553376,0.8181795714603465,0.9264798520725216,2.9156395369321624,0.8829797164841905,0.842923778873182,deeplearn,2-0-0,3-2-0
377,"[[64661  8025]
 [ 1429 35014]]","(array([0.        , 0.11040641, 1.        ]), array([0.        , 0.96078808, 1.        ]), array([2, 1, 0]))",0.9607880800153664,0.8206299745144431,0.9133685821367372,0.8135412068124259,0.9251908371900841,2.992201970208313,0.8810548300244079,0.8392657682922735,deeplearn,2-0-0,3-2-1
378,"[[226475  37914]
 [  4764 126708]]","(array([0.        , 0.14340234, 1.        ]), array([0.        , 0.96376415, 1.        ]), array([2, 1, 0]))",0.9637641474990872,0.7839155577643685,0.8921894301282521,0.7696905638371542,0.9101809061517994,3.7237217480857354,0.85586334069586,0.8019899741759076,deeplearn,2-0-0,3-2-2
379,"[[188869  23805]
 [  4025 102096]]","(array([0.        , 0.11193188, 1.        ]), array([0.       , 0.9620716, 1.       ]), array([2, 1, 0]))",0.962071597516043,0.8195476799547942,0.9127025204284885,0.8109228679676889,0.925069860279411,3.015207834147933,0.8800544775926421,0.8372298987248351,deeplearn,2-0-0,3-2-3
380,"[[60900  7534]
 [ 1293 33016]]","(array([0.        , 0.11009147, 1.        ]), array([0.       , 0.9623131, 1.       ]), array([2, 1, 0]))",0.9623130956891778,0.8222925550174793,0.9140866044402052,0.8142046855733662,0.9261108103456848,2.9674021919246645,0.882084986441176,0.8400633049885757,deeplearn,2-0-0,3-3-0
381,"[[200011  24955]
 [  4383 108182]]","(array([0.        , 0.11092787, 1.        ]), array([0.       , 0.9610625, 1.       ]), array([2, 1, 0]))",0.9610624972238262,0.8200954085636113,0.9130805763026211,0.812561496804044,0.9250673118392453,3.0021496568545114,0.8805951925503251,0.8384732597234903,deeplearn,2-0-0,3-3-1
382,"[[146624  18219]
 [  3314  78987]]","(array([0.        , 0.11052335, 1.        ]), array([0.        , 0.95973317, 1.        ]), array([2, 1, 0]))",0.9597331745665302,0.8193141014020436,0.9128726572362671,0.8125732979445713,0.9246049140547992,3.00933075444758,0.8800436751770125,0.8382807110639426,deeplearn,2-0-0,3-3-2
383,"[[93890 11496]
 [ 2056 50600]]","(array([0.       , 0.1090847, 1.       ]), array([0.        , 0.96095412, 1.        ]), array([2, 1, 0]))",0.9609541172895776,0.822135064266957,0.9142506422343427,0.8148673022416902,0.9259347095661635,2.961736056718386,0.8819018404907976,0.8404198777571087,deeplearn,2-0-0,3-3-3
384,"[[150477 104903]
 [ 49308  88331]]","(array([0.        , 0.41077218, 1.        ]), array([0.        , 0.64175851, 1.        ]), array([2, 1, 0]))",0.6417585132120983,0.220407954662083,0.6076245677689883,0.45711934752683275,0.615493165291146,13.552380741910168,0.5339269145563403,0.48502869066249354,deeplearn,1-0-0,0-0-0
385,"[[109287  76232]
 [ 35942  63963]]","(array([0.        , 0.41091209, 1.        ]), array([0.        , 0.64023823, 1.        ]), array([2, 1, 0]))",0.6402382263149993,0.21880055930323059,0.606991703570828,0.45624308998181107,0.6146630682240966,13.574239230877605,0.5328029987505206,0.4840657802129608,deeplearn,1-0-0,0-0-1
386,"[[172269 120211]
 [ 56476 100715]]","(array([0.        , 0.41100588, 1.        ]), array([0.        , 0.64071734, 1.        ]), array([2, 1, 0]))",0.6407173438682876,0.21910151159018743,0.6070749503525911,0.45587662837330145,0.6148557315621526,13.571364186915021,0.532718708759458,0.483790391922336,deeplearn,1-0-0,0-0-2
387,"[[47137 32277]
 [15426 27512]]","(array([0.        , 0.40643967, 1.        ]), array([0.        , 0.64073781, 1.        ]), array([2, 1, 0]))",0.6407378080022358,0.22370147621273598,0.6101167124362495,0.4601515328906655,0.6171490687075929,13.466302626623827,0.5356332804423375,0.487638872149,deeplearn,1-0-0,0-0-3
388,"[[157284 109676]
 [ 51559  91941]]","(array([0.        , 0.41083308, 1.        ]), array([0.        , 0.64070383, 1.        ]), array([2, 1, 0]))",0.6407038327526132,0.2192599056145802,0.6071846221312673,0.45601809371233576,0.6149353745722911,13.567576155243334,0.5328106120533036,0.48391630033853766,deeplearn,1-0-0,0-1-0
389,"[[75769 52635]
 [24765 44072]]","(array([0.        , 0.40991714, 1.        ]), array([0.        , 0.64023708, 1.        ]), array([2, 1, 0]))",0.640237081801938,0.21960708936439668,0.6075866579463701,0.4557270931783635,0.6151599726320678,13.553690053167568,0.5324505871550765,0.48360089100545356,deeplearn,1-0-0,0-1-1
390,"[[186138 129626]
 [ 60990 108762]]","(array([0.        , 0.41051545, 1.        ]), array([0.        , 0.64071116, 1.        ]), array([2, 1, 0]))",0.6407111550968472,0.2195749562465199,0.6073950189077189,0.45623940802389384,0.6150978534253443,13.560309134835478,0.5329641789582007,0.48411649918454847,deeplearn,1-0-0,0-1-2
391,"[[185559 129267]
 [ 60898 108410]]","(array([0.        , 0.41059824, 1.        ]), array([0.        , 0.64031233, 1.        ]), array([2, 1, 0]))",0.640312330191131,0.21912782188352362,0.6072058562298868,0.45612322605889505,0.6148570474877441,13.566842598741674,0.5327469071341696,0.4839663004814217,deeplearn,1-0-0,0-1-3
392,"[[29040 20227]
 [ 9773 17213]]","(array([0.        , 0.41055879, 1.        ]), array([0.        , 0.63784926, 1.        ]), array([2, 1, 0]))",0.6378492551693471,0.21740623975020285,0.606572856149922,0.4597489316239316,0.6136452316401265,13.588704251695555,0.5343494862322664,0.4869417129666301,deeplearn,1-0-0,0-2-0
393,"[[74974 52285]
 [24703 44006]]","(array([0.        , 0.41085503, 1.        ]), array([0.        , 0.64046923, 1.        ]), array([2, 1, 0]))",0.6404692252834417,0.21915908414294394,0.6071399412148922,0.4570105201939953,0.6148070986741428,13.569119060474266,0.5334060606060606,0.4847831882486951,deeplearn,1-0-0,0-2-1
394,"[[63789 44400]
 [20957 37080]]","(array([0.        , 0.41039292, 1.        ]), array([0.        , 0.63890277, 1.        ]), array([2, 1, 0]))",0.6389027689232731,0.21790331279378858,0.6068184279234295,0.45508100147275404,0.6142549227141392,13.580223978006314,0.5315481267515787,0.4828665709962313,deeplearn,1-0-0,0-2-2
395,"[[163168 113608]
 [ 53582  95539]]","(array([0.        , 0.41046912, 1.        ]), array([0.        , 0.64068106, 1.        ]), array([2, 1, 0]))",0.6406810576645812,0.21966258663363447,0.6074402965975342,0.45680310977446487,0.6151059709226452,13.558745110038261,0.5333381714247435,0.48462071463281753,deeplearn,1-0-0,0-2-3
396,"[[152082 105693]
 [ 49646  88548]]","(array([0.        , 0.41002037, 1.        ]), array([0.        , 0.64075141, 1.        ]), array([2, 1, 0]))",0.6407514074417123,0.21999736176407703,0.6076990875548338,0.45586668108174894,0.6153655204214671,13.549806924936595,0.532723690345481,0.483785313574268,deeplearn,1-0-0,0-3-0
397,"[[96888 67860]
 [31708 56596]]","(array([0.        , 0.41190181, 1.        ]), array([0.        , 0.64092227, 1.        ]), array([2, 1, 0]))",0.640922268526907,0.21834984472281535,0.6065314638888449,0.45474705920164554,0.6145102274239167,13.59013621220176,0.5320172964843016,0.48279556683864266,deeplearn,1-0-0,0-3-1
398,"[[58022 40608]
 [19097 33801]]","(array([0.        , 0.41172057, 1.        ]), array([0.        , 0.63898446, 1.        ]), array([2, 1, 0]))",0.6389844606601384,0.21670111594736766,0.6059804128609894,0.4542595653751562,0.6136319444130054,13.609168699584151,0.5310155765197514,0.4821358270524399,deeplearn,1-0-0,0-3-2
399,"[[155069 107935]
 [ 50811  90455]]","(array([0.      , 0.410393, 1.      ]), array([0.        , 0.64031685, 1.        ]), array([2, 1, 0]))",0.6403168490648847,0.21928910634823867,0.607326786553541,0.45594536014920106,0.6149619256198783,13.562665797944735,0.5326271286242551,0.4838066121395853,deeplearn,1-0-0,0-3-3
400,"[[ 22645  10730]
 [  2864 201407]]","(array([0.        , 0.32149813, 1.        ]), array([0.        , 0.98597941, 1.        ]), array([2, 1, 0]))",0.9859794097057341,0.7458333831037174,0.9427972698888263,0.9494194789216402,0.8322406411824551,1.9757484072647638,0.9673541334460433,0.9565129428705219,deeplearn,1-0-0,1-0-0
401,"[[ 39346  22953]
 [  6781 374732]]","(array([0.        , 0.36843288, 1.        ]), array([0.        , 0.98222603, 1.        ]), array([2, 1, 0]))",0.9822260316162228,0.6986666874535129,0.9330031635016629,0.9422834655569107,0.8068965757368421,2.31403010843801,0.9618402511300082,0.9500099632247991,deeplearn,1-0-0,1-0-1
402,"[[ 11911   6933]
 [  2206 112593]]","(array([0.        , 0.36791552, 1.        ]), array([0.       , 0.9807838, 1.       ]), array([2, 1, 0]))",0.980783804736975,0.6939374883667737,0.9316163210942586,0.941995883740776,0.8064341439307885,2.3619300755151587,0.9609986130374479,0.9495060743494298,deeplearn,1-0-0,1-0-2
403,"[[ 14546   8398]
 [  2051 135898]]","(array([0.        , 0.36602162, 1.        ]), array([0.        , 0.98513219, 1.        ]), array([2, 1, 0]))",0.9851321865327041,0.7117379448599945,0.9350562174861554,0.9418001885014138,0.8095552843402711,2.243120518416839,0.962978972169569,0.9501589214873316,deeplearn,1-0-0,1-0-3
404,"[[ 23634  13770]
 [  3921 222915]]","(array([0.        , 0.36814244, 1.        ]), array([0.        , 0.98271438, 1.        ]), array([2, 1, 0]))",0.9827143839602179,0.7009744136316919,0.9330495004541326,0.9418214082007732,0.8072859696509465,2.312430001736978,0.9618334444394105,0.9497254545082722,deeplearn,1-0-0,1-1-0
405,"[[ 21213  10144]
 [  3105 189045]]","(array([0.        , 0.32350033, 1.        ]), array([0.        , 0.98384075, 1.        ]), array([2, 1, 0]))",0.9838407494145199,0.7364762101857062,0.9407222145167713,0.9490734930141724,0.8301702072805291,2.0474184682023546,0.9661444425421437,0.9558289665549606,deeplearn,1-0-0,1-1-1
406,"[[ 14080   6678]
 [  2638 124248]]","(array([0.        , 0.32170729, 1.        ]), array([0.        , 0.97920968, 1.        ]), array([2, 1, 0]))",0.9792096842835301,0.7212599761400346,0.9369022784535775,0.9489940882635993,0.8287511953549841,2.1793542616471164,0.9638651420414877,0.9548871024762139,deeplearn,1-0-0,1-1-2
407,"[[ 16696   7867]
 [  2763 148302]]","(array([0.        , 0.32027847, 1.        ]), array([0.        , 0.98170986, 1.        ]), array([2, 1, 0]))",0.9817098599940423,0.7308861986121375,0.9394743434987587,0.9496250856443981,0.8307156961900757,2.090517932851732,0.9654009647369758,0.9558731586960081,deeplearn,1-0-0,1-1-3
408,"[[ 18435  10655]
 [  2796 174982]]","(array([0.        , 0.36627707, 1.        ]), array([0.        , 0.98427252, 1.        ]), array([2, 1, 0]))",0.9842725196593505,0.707910981466868,0.9349778602780517,0.9426030371100589,0.8089977242504384,2.2458263288597684,0.9629872184692432,0.9506522688699439,deeplearn,1-0-0,1-2-0
409,"[[ 27846  13379]
 [  3949 245031]]","(array([0.        , 0.32453608, 1.        ]), array([0.        , 0.98413929, 1.        ]), array([2, 1, 0]))",0.9841392882962487,0.7372440029710906,0.9402904843128134,0.948225687860377,0.8298016029110109,2.062330473923713,0.9658487553952582,0.9551971745333773,deeplearn,1-0-0,1-2-1
410,"[[ 38603  22268]
 [  5341 361528]]","(array([0.        , 0.36582281, 1.        ]), array([0.        , 0.98544167, 1.        ]), array([2, 1, 0]))",0.9854416699148743,0.7129931255335682,0.9354537803338476,0.9419795933256209,0.8098094321547888,2.229389074958304,0.9632206110581951,0.9503625819049206,deeplearn,1-0-0,1-2-2
411,"[[ 37917  27788]
 [  5514 393070]]","(array([0.        , 0.42292063, 1.        ]), array([0.        , 0.98616603, 1.        ]), array([2, 1, 0]))",0.9861660277381932,0.6742005214754486,0.9282731229902065,0.9339729790095471,0.7816226988245795,2.477406422975143,0.9593601499557014,0.943964887877903,deeplearn,1-0-0,1-2-3
412,"[[ 11404  24813]
 [  9886 210033]]","(array([0.        , 0.68512025, 1.        ]), array([0.        , 0.95504709, 1.        ]), array([2, 1, 0]))",0.9550470855178498,0.3406859830191377,0.8645290002186339,0.8943435272476431,0.6349634190601093,4.67908002989834,0.9236990533572285,0.9058589514561767,deeplearn,1-0-0,1-3-0
413,"[[ 7919  4711]
 [ 1259 75320]]","(array([0.        , 0.37300079, 1.        ]), array([0.        , 0.98355946, 1.        ]), array([2, 1, 0]))",0.9835594614711605,0.7006171673575841,0.9330785010481005,0.9411353100673489,0.8052793348527615,2.31142891391127,0.9618798288742737,0.9493248097443175,deeplearn,1-0-0,1-3-1
414,"[[ 44146  26164]
 [  7284 421987]]","(array([0.        , 0.37212345, 1.        ]), array([0.       , 0.9830317, 1.       ]), array([2, 1, 0]))",0.9830316979250869,0.6990848060116983,0.9330478941352853,0.9416178921836613,0.8054541223233741,2.3124856900565405,0.9618792325699607,0.9496191279887483,deeplearn,1-0-0,1-3-2
415,"[[ 32709  23226]
 [  5421 335573]]","(array([0.        , 0.41523197, 1.        ]), array([0.        , 0.98410236, 1.        ]), array([2, 1, 0]))",0.9841023595723092,0.6716909661917031,0.9278284025606595,0.9352673781142088,0.7844351969489329,2.492765453859306,0.9590636088100338,0.9446427465530152,deeplearn,1-0-0,1-3-3
416,"[[110435  81437]
 [  3452 188390]]","(array([0.      , 0.424434, 1.      ]), array([0.        , 0.98200603, 1.        ]), array([2, 1, 0]))",0.9820060257920581,0.610237437001215,0.778770125666512,0.6981880983000218,0.7787860140634739,7.641178862912208,0.8161258390751815,0.7410219092947331,deeplearn,1-0-0,2-0-0
417,"[[124610  79782]
 [ 12900 191670]]","(array([0.        , 0.39033817, 1.        ]), array([0.       , 0.9369409, 1.       ]), array([2, 1, 0]))",0.9369409004252823,0.578510237989955,0.7733725871841394,0.7060916847177402,0.7733013633599267,7.827589524981021,0.8052989147560408,0.7426893514923534,deeplearn,1-0-0,2-0-1
418,"[[ 58798  43002]
 [  2219 100218]]","(array([0.       , 0.4224165, 1.       ]), array([0.        , 0.97833791, 1.        ]), array([2, 1, 0]))",0.9783379052490799,0.6072792590278152,0.7785856627349599,0.6997486384583159,0.7779607011510625,7.64754864027061,0.8159181297500172,0.7420070870420854,deeplearn,1-0-0,2-0-2
419,"[[142819 105857]
 [  4532 243821]]","(array([0.        , 0.42568241, 1.        ]), array([0.        , 0.98175178, 1.        ]), array([2, 1, 0]))",0.9817517807314589,0.6087933699084378,0.7779022954395015,0.6972729196575135,0.7780346833332856,7.671153253518329,0.8154125789465764,0.7401681172267033,deeplearn,1-0-0,2-0-3
420,"[[22458 15909]
 [ 1469 37182]]","(array([0.        , 0.41465322, 1.        ]), array([0.        , 0.96199322, 1.        ]), array([2, 1, 0]))",0.9619932213914258,0.5913735574209703,0.7743644342880885,0.7003446911905973,0.7736700018912716,7.7933415173891145,0.8105774890453663,0.7406330298986117,deeplearn,1-0-0,2-1-0
421,"[[133128  85166]
 [ 13185 205084]]","(array([0.        , 0.39014357, 1.        ]), array([0.        , 0.93959289, 1.        ]), array([2, 1, 0]))",0.9395928876752997,0.5819919761510058,0.7747152186511455,0.7065770887166236,0.7747246599132177,7.7812166760137735,0.8065932639685045,0.7434517849672544,deeplearn,1-0-0,2-1-1
422,"[[37738 28189]
 [ 1210 64561]]","(array([0.        , 0.42757899, 1.        ]), array([0.        , 0.98160283, 1.        ]), array([2, 1, 0]))",0.9816028340758085,0.6069847734850647,0.7767695788850248,0.6960754716981132,0.7770119225970833,7.710276747452041,0.814541921890475,0.7390715042894331,deeplearn,1-0-0,2-1-2
423,"[[100751  74051]
 [  3494 171662]]","(array([0.        , 0.42362788, 1.        ]), array([0.        , 0.98005207, 1.        ]), array([2, 1, 0]))",0.9800520678709265,0.6083451186293292,0.7784162670949085,0.6986280742166674,0.7782120958798345,7.653400198117068,0.8157502690861052,0.7411952249034549,deeplearn,1-0-0,2-1-3
424,"[[120761  78004]
 [ 12245 186757]]","(array([0.        , 0.39244334, 1.        ]), array([0.        , 0.93846796, 1.        ]), array([2, 1, 0]))",0.9384679550959287,0.5786930647023069,0.7731108915520896,0.7053795687431306,0.7730123087430942,7.836628987981001,0.8053984470516191,0.7422502833759655,deeplearn,1-0-0,2-2-0
425,"[[ 94452  68910]
 [  3200 160304]]","(array([0.        , 0.42182392, 1.        ]), array([0.        , 0.98042861, 1.        ]), array([2, 1, 0]))",0.9804286133672571,0.6102153766215349,0.7793897193345285,0.6993639131990192,0.7793023442933542,7.619777725722235,0.8163822386547089,0.7419008478655263,deeplearn,1-0-0,2-2-1
426,"[[132098  85295]
 [ 11735 205166]]","(array([0.        , 0.39235394, 1.        ]), array([0.        , 0.94589698, 1.        ]), array([2, 1, 0]))",0.9458969760397601,0.5880737081334604,0.7765799205146744,0.7063461187560465,0.7767715182002446,7.716813207783191,0.8087558784457645,0.7440317099971352,deeplearn,1-0-0,2-2-2
427,"[[127338  82234]
 [ 13182 197433]]","(array([0.       , 0.3923902, 1.       ]), array([0.        , 0.93741187, 1.        ]), array([2, 1, 0]))",0.9374118652517627,0.5776108709307398,0.7729201522179411,0.7059574422438114,0.7725108302267059,7.843216574029832,0.8053854720344618,0.7426296732900369,deeplearn,1-0-0,2-2-3
428,"[[34800 25437]
 [ 1591 58452]]","(array([0.        , 0.42228199, 1.        ]), array([0.        , 0.97350232, 1.        ]), array([2, 1, 0]))",0.9735023233349432,0.599982506027551,0.7752909876953774,0.6967778850624039,0.7756101685901271,7.76134343000896,0.8122168801934246,0.7387784094499732,deeplearn,1-0-0,2-3-0
429,"[[23015 15594]
 [ 1631 36917]]","(array([0.        , 0.40389546, 1.        ]), array([0.        , 0.95768911, 1.        ]), array([2, 1, 0]))",0.9576891148697727,0.5938746766602951,0.7767538914162033,0.7030336500923616,0.7768968250408849,7.710809029960511,0.8108369299025906,0.7425218832464441,deeplearn,1-0-0,2-3-1
430,"[[124917  86213]
 [  6437 205740]]","(array([0.        , 0.40834083, 1.        ]), array([0.        , 0.96966212, 1.        ]), array([2, 1, 0]))",0.9696621217191307,0.6066769820080119,0.7811281174183275,0.7047024692330615,0.7806606445283949,7.559729861971862,0.8162180389978775,0.7454407245275144,deeplearn,1-0-0,2-3-2
431,"[[121889  89535]
 [  4561 206610]]","(array([0.        , 0.42348551, 1.        ]), array([0.        , 0.97840139, 1.        ]), array([2, 1, 0]))",0.9784013903424239,0.6059123671354285,0.7773376400572652,0.6976649951881679,0.7774579412738304,7.690654871949333,0.8145219153348209,0.7401391795527998,deeplearn,1-0-0,2-3-3
432,"[[42317 31594]
 [ 2538 34057]]","(array([0.        , 0.42746005, 1.        ]), array([0.        , 0.93064626, 1.        ]), array([2, 1, 0]))",0.9306462631507036,0.48224534254770884,0.6911298933994534,0.5187582824328647,0.7515931049216737,10.66822415427489,0.6661776499814174,0.5691362604821539,deeplearn,1-0-0,3-0-0
433,"[[147805 110109]
 [  3515 126120]]","(array([0.        , 0.42692138, 1.        ]), array([0.        , 0.97288541, 1.        ]), array([2, 1, 0]))",0.9728854090330543,0.5280169388397125,0.7068138480553426,0.5338887266169692,0.7729820160699907,10.126518122789047,0.6894365119279297,0.5868497632964839,deeplearn,1-0-0,3-0-1
434,"[[46438 34467]
 [ 1083 39274]]","(array([0.        , 0.42601817, 1.        ]), array([0.        , 0.97316451, 1.        ]), array([2, 1, 0]))",0.9731645067770152,0.5281451766935402,0.7068331381636457,0.5325938080579324,0.7735731686595044,10.125851961568351,0.688425739276762,0.5856179601039004,deeplearn,1-0-0,3-0-2
435,"[[113215  83945]
 [  2711  95768]]","(array([0.        , 0.42577095, 1.        ]), array([0.        , 0.97247129, 1.        ]), array([2, 1, 0]))",0.9724712882949664,0.527776917015748,0.7068857627038381,0.5328941145047937,0.7733501704205609,10.124034141245431,0.6885029044688561,0.5858581162344264,deeplearn,1-0-0,3-0-3
436,"[[137280  98724]
 [  8254 110040]]","(array([0.        , 0.41831494, 1.        ]), array([0.        , 0.93022469, 1.        ]), array([2, 1, 0]))",0.9302246944054644,0.4907094307655235,0.6980564383654437,0.527102373972524,0.7559548752954764,10.42898396443518,0.6729081691932318,0.5771227775738187,deeplearn,1-0-0,3-1-0
437,"[[123094  89039]
 [  7312  99327]]","(array([0.        , 0.41973196, 1.        ]), array([0.        , 0.93143222, 1.        ]), array([2, 1, 0]))",0.9314322152308255,0.4910522861083293,0.6977432145859737,0.5273085376341803,0.7558501273106041,10.43980286782285,0.6733919764071796,0.577413402813384,deeplearn,1-0-0,3-1-1
438,"[[73649 54522]
 [ 1687 61867]]","(array([0.        , 0.42538484, 1.        ]), array([0.        , 0.97345564, 1.        ]), array([2, 1, 0]))",0.9734556440192592,0.5282575997540261,0.7068248793845351,0.5315536691611751,0.774035403287766,10.126137321854864,0.6876288602501904,0.5846326850749373,deeplearn,1-0-0,3-1-2
439,"[[168140 124789]
 [  3867 142854]]","(array([0.        , 0.42600425, 1.        ]), array([0.        , 0.97364385, 1.        ]), array([2, 1, 0]))",0.9736438546629317,0.5291406955022787,0.7073672239281247,0.5337483139854209,0.7738198005362357,10.107404974018756,0.6895097064416794,0.5867691673245471,deeplearn,1-0-0,3-1-3
440,"[[39703 29724]
 [  928 33596]]","(array([0.        , 0.42813315, 1.        ]), array([0.        , 0.97312015, 1.        ]), array([2, 1, 0]))",0.97312014830263,0.5260314240750831,0.7051303017767987,0.5305748578648136,0.7724935006280459,10.184667211386303,0.6867258084297453,0.5836611026948895,deeplearn,1-0-0,3-2-0
441,"[[41638 31048]
 [  945 35498]]","(array([0.        , 0.42715241, 1.        ]), array([0.        , 0.97406909, 1.        ]), array([2, 1, 0]))",0.9740690942019044,0.5287793823724866,0.7068331974085715,0.5334355182881014,0.7734583426049007,10.125850132443164,0.6893551738535183,0.5864975696154011,deeplearn,1-0-0,3-2-1
442,"[[153112 111277]
 [  3796 127676]]","(array([0.        , 0.42088362, 1.        ]), array([0.        , 0.97112693, 1.        ]), array([2, 1, 0]))",0.9711269319703054,0.5298028737124562,0.709309580888241,0.534314279377116,0.7751216548659305,10.040316153636748,0.6893487210636431,0.5871327086575356,deeplearn,1-0-0,3-2-2
443,"[[122152  90522]
 [  2820 103301]]","(array([0.        , 0.42563736, 1.        ]), array([0.        , 0.97342656, 1.        ]), array([2, 1, 0]))",0.9734265602472649,0.5287645320951831,0.7072036888909801,0.5329656439122292,0.7738945998900355,10.113053364740125,0.6888019096898088,0.5859965759524763,deeplearn,1-0-0,3-2-3
444,"[[39359 29075]
 [  998 33311]]","(array([0.        , 0.42486191, 1.        ]), array([0.        , 0.97091142, 1.        ]), array([2, 1, 0]))",0.9709114226587776,0.5273136433140981,0.7072987940784287,0.5339499246625845,0.7730247559563287,10.109767778042611,0.6889911577641036,0.5867649804652407,deeplearn,1-0-0,3-3-0
445,"[[129585  95381]
 [  2899 109666]]","(array([0.        , 0.42397962, 1.        ]), array([0.        , 0.97424599, 1.        ]), array([2, 1, 0]))",0.9742459912050815,0.5312814771484694,0.7088267448026996,0.5348334772027876,0.7751331838087585,10.056993907209446,0.6905658476379986,0.5878619527356116,deeplearn,1-0-0,3-3-1
446,"[[94395 70448]
 [ 2193 80108]]","(array([0.        , 0.42736422, 1.        ]), array([0.        , 0.97335391, 1.        ]), array([2, 1, 0]))",0.973353908214967,0.5273653984065769,0.7060782377884958,0.5320810861074949,0.772994844463762,10.151925946583647,0.688044593892389,0.585135678024908,deeplearn,1-0-0,3-3-2
447,"[[60553 44833]
 [ 1414 51242]]","(array([0.        , 0.42541704, 1.        ]), array([0.        , 0.97314646, 1.        ]), array([2, 1, 0]))",0.9731464600425402,0.5288055818908713,0.707375254679136,0.5333541504033308,0.7738647108631276,10.107127474260146,0.6890560811128816,0.5863519439028186,deeplearn,1-0-0,3-3-3
448,"[[248512   6868]
 [ 11686 125953]]","(array([0.        , 0.02689326, 1.        ]), array([0.        , 0.91509674, 1.        ]), array([2, 1, 0]))",0.9150967385697367,0.8957592816044705,0.9527910864360247,0.9482913093562012,0.9441017407313402,1.6305520823836082,0.9313983583524366,0.9414611248230365,deeplearn,0-2-0,0-0-0
449,"[[180524   4995]
 [  8415  91490]]","(array([0.        , 0.02692447, 1.        ]), array([0.        , 0.91576998, 1.        ]), array([2, 1, 0]))",0.9157699814824083,0.8962380709982148,0.9530172655417904,0.9482302948644867,0.9444227577623718,1.6227401530527081,0.9317175008910841,0.9415554343463451,deeplearn,0-2-0,0-0-1
450,"[[284668   7812]
 [ 13308 143883]]","(array([0.        , 0.02670952, 1.        ]), array([0.        , 0.91533866, 1.        ]), array([2, 1, 0]))",0.9153386644273527,0.8962026066005915,0.9530323280798628,0.9485019282112133,0.9443145729138952,1.622219809406518,0.9316252598045881,0.9416784144947911,deeplearn,0-2-0,0-0-2
451,"[[77222  2192]
 [ 3615 39323]]","(array([0.        , 0.02760219, 1.        ]), array([0.        , 0.91580884, 1.        ]), array([2, 1, 0]))",0.9158088406539662,0.8953149765210745,0.9525385772198248,0.9471998072985668,0.9441033273207122,1.6392737939944861,0.9312398612245865,0.9407506291926238,deeplearn,0-2-0,0-0-3
452,"[[259792   7168]
 [ 12061 131439]]","(array([0.        , 0.02685046, 1.        ]), array([0.        , 0.91595122, 1.        ]), array([2, 1, 0]))",0.9159512195121952,0.8964795343242412,0.9531525605418311,0.9482854401292864,0.9445503775115666,1.6180671997566567,0.9318379196545992,0.9416372462488967,deeplearn,0-2-0,0-1-0
453,"[[124879   3525]
 [  5797  63040]]","(array([0.        , 0.02745242, 1.        ]), array([0.        , 0.91578657, 1.        ]), array([2, 1, 0]))",0.9157865682699711,0.8954796457465684,0.9527380209996907,0.9470442424697664,0.9441670762286898,1.6323852147083968,0.9311531587421161,0.9406231628453852,deeplearn,0-2-0,0-1-1
454,"[[307275   8489]
 [ 14317 155435]]","(array([0.      , 0.026884, 1.      ]), array([0.        , 0.91565931, 1.        ]), array([2, 1, 0]))",0.915659314765069,0.8962039431840161,0.9530272946720603,0.948213806398087,0.9443876563944548,1.6223937465395954,0.9316522614752036,0.9415190296663146,deeplearn,0-2-0,0-1-2
455,"[[306340   8486]
 [ 14333 154975]]","(array([0.        , 0.02695457, 1.        ]), array([0.        , 0.91534363, 1.        ]), array([2, 1, 0]))",0.9153436340869894,0.8958575649169055,0.952866355182656,0.948085476046274,0.9441945311776514,1.6279524345310592,0.9314269057514372,0.9413510505957586,deeplearn,0-2-0,0-1-3
456,"[[48014  1253]
 [ 2288 24698]]","(array([0.        , 0.02543285, 1.        ]), array([0.       , 0.9152153, 1.       ]), array([2, 1, 0]))",0.9152152968205737,0.897969276392994,0.9535624827875625,0.9517166968517591,0.94489122565266,1.6039081624324134,0.9331091675009918,0.9441853352702806,deeplearn,0-2-0,0-2-0
457,"[[123876   3383]
 [  5770  62939]]","(array([0.        , 0.02658358, 1.        ]), array([0.        , 0.91602265, 1.        ]), array([2, 1, 0]))",0.9160226462326624,0.8969307200409435,0.9532933948399739,0.9489912849431561,0.9447195323588995,1.6132027952559804,0.9322155653146315,0.9422090617580396,deeplearn,0-2-0,0-2-1
458,"[[105217   2972]
 [  4954  53083]]","(array([0.        , 0.02747045, 1.        ]), array([0.        , 0.91464066, 1.        ]), array([2, 1, 0]))",0.9146406602684495,0.8945614101323115,0.952317928603227,0.946980644010347,0.94358510751455,1.6468946982398949,0.9305297479227291,0.9403309749625343,deeplearn,0-2-0,0-2-2
459,"[[269339   7437]
 [ 12528 136593]]","(array([0.       , 0.0268701, 1.       ]), array([0.        , 0.91598769, 1.        ]), array([2, 1, 0]))",0.9159876878508058,0.8964874622139622,0.9531224685780835,0.948364923974172,0.9445587917532492,1.6191065382721184,0.9318951666547274,0.9417076530422299,deeplearn,0-2-0,0-2-3
460,"[[250875   6900]
 [ 11765 126429]]","(array([0.        , 0.02676753, 1.        ]), array([0.        , 0.91486606, 1.        ]), array([2, 1, 0]))",0.9148660578606886,0.8957429444961255,0.9528624715571169,0.9482483180703373,0.9440492640190845,1.6280864881677015,0.9312581254626681,0.9413783860255244,deeplearn,0-2-0,0-3-0
461,"[[160291   4457]
 [  7482  80822]]","(array([0.        , 0.02705344, 1.        ]), array([0.        , 0.91526998, 1.        ]), array([2, 1, 0]))",0.9152699764450082,0.8956473267619962,0.9528199737603339,0.9477362539429403,0.9441082686265151,1.6295544598919793,0.9312202231785371,0.9410600344650925,deeplearn,0-2-0,0-3-1
462,"[[95935  2695]
 [ 4531 48367]]","(array([0.        , 0.02732434, 1.        ]), array([0.        , 0.91434459, 1.        ]), array([2, 1, 0]))",0.9143445876970774,0.8945388526052811,0.9523124439047569,0.9472210254200776,0.9435101220955224,1.647084058026893,0.9304924971142747,0.9404579499583894,deeplearn,0-2-0,0-3-2
463,"[[255962   7042]
 [ 12011 129255]]","(array([0.        , 0.02677526, 1.        ]), array([0.      , 0.914976, 1.      ]), array([2, 1, 0]))",0.9149760027182762,0.8958235313981165,0.9528706062779826,0.9483334189307174,0.9441003722736488,1.6278055196213845,0.9313561245555062,0.9414687655691422,deeplearn,0-2-0,0-3-3
464,"[[ 19919  13456]
 [ 90796 113475]]","(array([0.        , 0.40317603, 1.        ]), array([0.        , 0.55551204, 1.        ]), array([2, 1, 0]))",0.5555120403777335,0.10610344604189395,0.561313887042071,0.8939896479189481,0.5761680052075933,15.151726837839686,0.6852313693757888,0.7968805960716016,deeplearn,0-2-0,1-0-0
465,"[[ 36749  25550]
 [163784 217729]]","(array([0.        , 0.41011894, 1.        ]), array([0.        , 0.57069877, 1.        ]), array([2, 1, 0]))",0.5706987704219778,0.11208331312631198,0.5733914360134471,0.8949765495583261,0.5802899139514182,14.734583832046814,0.6969647498687563,0.8036480837188633,deeplearn,0-2-0,1-0-1
466,"[[11091  7753]
 [49876 64923]]","(array([0.        , 0.41143069, 1.        ]), array([0.        , 0.56553629, 1.        ]), array([2, 1, 0]))",0.5655362851592783,0.10767901520537337,0.5687839991619463,0.8933210413341406,0.577052795519567,14.893719417711244,0.6926043472462994,0.8005242871199474,deeplearn,0-2-0,1-0-2
467,"[[13717  9227]
 [60674 77275]]","(array([0.        , 0.40215307, 1.        ]), array([0.        , 0.56017079, 1.        ]), array([2, 1, 0]))",0.5601707877548949,0.1108220965790655,0.565543560005718,0.8933319460821715,0.579008859707294,15.005639690142763,0.6885689972421597,0.7983663837902953,deeplearn,0-2-0,1-0-3
468,"[[ 22188  15216]
 [100335 126501]]","(array([0.        , 0.40680141, 1.        ]), array([0.        , 0.55767603, 1.        ]), array([2, 1, 0]))",0.5576760302597471,0.10546574227655832,0.5627043596730246,0.8926310887190668,0.575437309323008,15.103702383752728,0.6864738585766498,0.7969028756312176,deeplearn,0-2-0,1-1-0
469,"[[ 18540  12817]
 [ 86252 105898]]","(array([0.        , 0.40874446, 1.        ]), array([0.        , 0.55112152, 1.        ]), array([2, 1, 0]))",0.5511215196461098,0.09908561453408264,0.5567521375169457,0.8920355473192099,0.5711885303368158,15.309284662707071,0.6813118234603445,0.7938261795175485,deeplearn,0-2-0,1-1-1
470,"[[11208  9550]
 [50259 76627]]","(array([0.        , 0.46006359, 1.        ]), array([0.        , 0.60390429, 1.        ]), array([2, 1, 0]))",0.6039042920416752,0.10142959868404364,0.594910731218336,0.8891815681678406,0.5719203510502239,13.991339394480448,0.7192895997897335,0.8124255185604565,deeplearn,0-2-0,1-1-2
471,"[[14565  9998]
 [75319 75746]]","(array([0.        , 0.40703497, 1.        ]), array([0.       , 0.5014133, 1.       ]), array([2, 1, 0]))",0.5014132989110648,0.0654865096378998,0.5142175507322295,0.8833970890091435,0.5471891638063853,16.778376910627586,0.6397223078514752,0.7665962946395136,deeplearn,0-2-0,1-1-3
472,"[[17284 11806]
 [78705 99073]]","(array([0.        , 0.40584393, 1.        ]), array([0.        , 0.55728493, 1.        ]), array([2, 1, 0]))",0.5572849283938395,0.10556475433811505,0.5624697874973413,0.8935235707392744,0.5757204978854725,15.11180380883956,0.6864410009111159,0.7973117396916758,deeplearn,0-2-0,1-2-0
473,"[[ 24706  16519]
 [113096 135884]]","(array([0.        , 0.40070346, 1.        ]), array([0.        , 0.54576271, 1.        ]), array([2, 1, 0]))",0.5457627118644067,0.1014106317919496,0.5533674471494289,0.8916097452149893,0.5725296276120093,15.426187388143887,0.6770789993597137,0.7913188103313332,deeplearn,0-2-0,1-2-1
474,"[[ 36155  24716]
 [165116 201753]]","(array([0.      , 0.406039, 1.      ]), array([0.        , 0.54993199, 1.        ]), array([2, 1, 0]))",0.5499319920734649,0.10071760374595166,0.5561976901856268,0.8908636502126119,0.5719464957820956,15.328434945174095,0.6800609433408951,0.7925900317817002,deeplearn,0-2-0,1-2-2
475,"[[ 39239  26466]
 [174630 223954]]","(array([0.       , 0.4028004, 1.       ]), array([0.        , 0.56187403, 1.        ]), array([2, 1, 0]))",0.5618740340806455,0.11123691348911334,0.5668732190510651,0.8943135532305726,0.5795368191862781,14.95971461752604,0.6901467479399203,0.7996849165585919,deeplearn,0-2-0,1-2-3
476,"[[ 26270   9947]
 [ 89557 130362]]","(array([0.        , 0.27465003, 1.        ]), array([0.        , 0.59277279, 1.        ]), array([2, 1, 0]))",0.592772793619469,0.22270742457196455,0.6115188805946841,0.9291064721436259,0.6590613836943466,13.417693569021266,0.7237749425363937,0.8344182652610558,deeplearn,0-2-0,1-3-0
477,"[[ 7496  5134]
 [34023 42556]]","(array([0.        , 0.40649248, 1.        ]), array([0.        , 0.55571371, 1.        ]), array([2, 1, 0]))",0.5557137074132595,0.10429176807289746,0.5610644665896939,0.8923464038582513,0.5746106145934072,15.160342257269159,0.6849013028188848,0.7959182910087942,deeplearn,0-2-0,1-3-1
478,"[[ 41556  28754]
 [189168 240103]]","(array([0.        , 0.40896032, 1.        ]), array([0.        , 0.55932732, 1.        ]), array([2, 1, 0]))",0.5593273246969863,0.10488655384320647,0.5637904564024653,0.8930509527369568,0.5751835030539405,15.066189909456593,0.6878480737056816,0.7978439541728943,deeplearn,0-2-0,1-3-2
479,"[[ 33183  22752]
 [145399 195595]]","(array([0.        , 0.40675784, 1.        ]), array([0.        , 0.57360247, 1.        ]), array([2, 1, 0]))",0.5736024680786173,0.11669035255826617,0.5763700812991744,0.8957988889245101,0.5834223120763158,14.631704869186574,0.6993765878060073,0.8053273187514308,deeplearn,0-2-0,1-3-3
480,"[[120235  71637]
 [ 59138 132704]]","(array([0.        , 0.37335828, 1.        ]), array([0.        , 0.69173591, 1.        ]), array([2, 1, 0]))",0.6917359076740234,0.31905378163552756,0.6591862689398875,0.6494242467248375,0.6591888135768382,11.77143852923154,0.6699126413803723,0.6574673555250367,deeplearn,0-2-0,2-0-0
481,"[[128305  76087]
 [ 56142 148428]]","(array([0.        , 0.37226017, 1.        ]), array([0.        , 0.72556093, 1.        ]), array([2, 1, 0]))",0.7255609326880774,0.3550087189308012,0.6766716712066158,0.6611050486604458,0.6766503829748267,11.167513614693577,0.6918349511169116,0.6730634936470077,deeplearn,0-2-0,2-0-1
482,"[[63928 37872]
 [31127 71310]]","(array([0.        , 0.37202358, 1.        ]), array([0.        , 0.69613519, 1.        ]), array([2, 1, 0]))",0.6961351855286664,0.32488816916366314,0.662162095996318,0.653129636753311,0.6620558049450798,11.668656094764012,0.6739470463427197,0.6613003440505226,deeplearn,0-2-0,2-0-2
483,"[[155358  93318]
 [ 76695 171658]]","(array([0.        , 0.37525937, 1.        ]), array([0.        , 0.69118553, 1.        ]), array([2, 1, 0]))",0.6911855302734414,0.3166214710232099,0.657941488323619,0.6478247086528591,0.6579630783153148,11.814432574479437,0.6688030483374211,0.6560561112992325,deeplearn,0-2-0,2-0-3
484,"[[24070 14297]
 [11280 27371]]","(array([0.        , 0.37263794, 1.        ]), array([0.        , 0.70815762, 1.        ]), array([2, 1, 0]))",0.7081576155856252,0.33665203149657413,0.6679088005401335,0.6568829797446482,0.6677598357595549,11.470172111676364,0.6815572903049091,0.666535166542472,deeplearn,0-2-0,2-1-0
485,"[[138157  80137]
 [ 50475 167794]]","(array([0.        , 0.36710583, 1.        ]), array([0.        , 0.76874865, 1.        ]), array([2, 1, 0]))",0.7687486541835992,0.40540008976319397,0.7008175223278198,0.6767770065058424,0.7008214122155318,10.333543474438596,0.7198369798369798,0.6933676475814323,deeplearn,0-2-0,2-1-1
486,"[[40931 24996]
 [20259 45512]]","(array([0.        , 0.37914663, 1.        ]), array([0.        , 0.69197671, 1.        ]), array([2, 1, 0]))",0.6919767070593422,0.31361581409179423,0.656372913787605,0.6454870369319794,0.6564150375893127,11.868610855814424,0.6679238914286134,0.6542784277306407,deeplearn,0-2-0,2-1-2
487,"[[109234  65568]
 [ 53877 121279]]","(array([0.        , 0.37509868, 1.        ]), array([0.        , 0.69240563, 1.        ]), array([2, 1, 0]))",0.6924056269839457,0.3180391576327093,0.6586876139422445,0.6490818691228653,0.6586534719512582,11.788661995137726,0.670044170904661,0.6573074021401689,deeplearn,0-2-0,2-1-3
488,"[[125510  73255]
 [ 46181 152821]]","(array([0.       , 0.3685508, 1.       ]), array([0.        , 0.76793701, 1.        ]), array([2, 1, 0]))",0.7679370056582346,0.4031723510639939,0.6997337637360566,0.6759717970947823,0.6996931022304204,10.370975651605843,0.7190256846978672,0.6925594531344885,deeplearn,0-2-0,2-2-0
489,"[[102225  61137]
 [ 50164 113340]]","(array([0.        , 0.37424248, 1.        ]), array([0.        , 0.69319405, 1.        ]), array([2, 1, 0]))",0.6931940502984636,0.31968227292177315,0.6594904333886057,0.649598514417373,0.6594757852035895,11.760933338181529,0.6706885890035239,0.6578733521241867,deeplearn,0-2-0,2-2-1
490,"[[136343  81050]
 [ 60499 156402]]","(array([0.        , 0.37282709, 1.        ]), array([0.        , 0.72107551, 1.        ]), array([2, 1, 0]))",0.7210755137136298,0.3497807555400309,0.6740710210134149,0.6586678570826946,0.6741242108824734,11.25733735049282,0.6884602940885172,0.6702699644898599,deeplearn,0-2-0,2-2-2
491,"[[131065  78507]
 [ 57645 152970]]","(array([0.        , 0.37460634, 1.        ]), array([0.        , 0.72630155, 1.        ]), array([2, 1, 0]))",0.7263015454739691,0.3535300587554612,0.6759728406637997,0.6608431939242344,0.6758476024661468,11.19165099756854,0.6920279036942537,0.6729736221792256,deeplearn,0-2-0,2-2-3
492,"[[37533 22704]
 [18112 41931]]","(array([0.       , 0.3769112, 1.       ]), array([0.        , 0.69834952, 1.        ]), array([2, 1, 0]))",0.6983495161800709,0.3223395180982752,0.6606584635849684,0.6487352053840798,0.6607191577115306,11.720592379404136,0.6726286915093279,0.6580859619000385,deeplearn,0-2-0,2-3-0
493,"[[24371 14238]
 [10930 27618]]","(array([0.        , 0.36877412, 1.        ]), array([0.       , 0.7164574, 1.       ]), array([2, 1, 0]))",0.7164574037563557,0.34894473286902955,0.6738079500239771,0.6598337155963303,0.6738416418662635,11.266421827900556,0.6869807472265061,0.6704309323597383,deeplearn,0-2-0,2-3-1
494,"[[132455  78675]
 [ 64077 148100]]","(array([0.        , 0.37263771, 1.        ]), array([0.        , 0.69800214, 1.        ]), array([2, 1, 0]))",0.6980021397229671,0.32619700696596887,0.6627695738553816,0.6530702237901003,0.6626822141801498,11.647674893762945,0.6747890429933112,0.6615877928341242,deeplearn,0-2-0,2-3-2
495,"[[132006  79418]
 [ 64334 146837]]","(array([0.       , 0.3756338, 1.       ]), array([0.        , 0.69534643, 1.        ]), array([2, 1, 0]))",0.6953464254087919,0.3205166427178093,0.6598350666713994,0.6489889726193896,0.6598563139606393,11.749030837444622,0.6713684143146497,0.6577592903006743,deeplearn,0-2-0,2-3-3
496,"[[38981 34930]
 [ 3383 33212]]","(array([0.        , 0.47259542, 1.        ]), array([0.        , 0.90755568, 1.        ]), array([2, 1, 0]))",0.9075556770050554,0.4210261539871473,0.6532948437188931,0.4873939714126383,0.7174801290952677,11.975024613654005,0.6341980388974288,0.5371276640477676,deeplearn,0-2-0,3-0-0
497,"[[132717 125197]
 [ 11416 118219]]","(array([0.       , 0.4854215, 1.       ]), array([0.        , 0.91193736, 1.        ]), array([2, 1, 0]))",0.9119373625949783,0.4163681600673699,0.6474948974194231,0.48566651329411376,0.7132579327534008,12.17535322459199,0.6337953791840794,0.5357523209936743,deeplearn,0-2-0,3-0-1
498,"[[41664 39241]
 [ 3469 36888]]","(array([0.        , 0.48502565, 1.        ]), array([0.        , 0.91404217, 1.        ]), array([2, 1, 0]))",0.9140421736006145,0.41821439474691585,0.6477874354703039,0.4845459680279526,0.714508263118211,12.165249763564791,0.6333464965746957,0.5348055661069439,deeplearn,0-2-0,3-0-2
499,"[[101633  95527]
 [  8635  89844]]","(array([0.        , 0.48451511, 1.        ]), array([0.        , 0.91231633, 1.        ]), array([2, 1, 0]))",0.9123163314006032,0.41694386700283204,0.647671653604565,0.4846712808368083,0.7139006083864448,12.16924834000386,0.6330385767130526,0.5348092713607624,deeplearn,0-2-0,3-0-3
500,"[[122413 113591]
 [ 10353 107941]]","(array([0.        , 0.48130964, 1.        ]), array([0.        , 0.91248077, 1.        ]), array([2, 1, 0]))",0.9124807682553637,0.4200771360150824,0.6501701957109551,0.48724789195240414,0.7155855647178413,12.082949744459473,0.6352721686980984,0.5373289314650614,deeplearn,0-2-0,3-1-0
501,"[[110025 102108]
 [  9303  97336]]","(array([0.        , 0.48133954, 1.        ]), array([0.        , 0.91276175, 1.        ]), array([2, 1, 0]))",0.9127617475782781,0.4206132794580001,0.6504994165108604,0.48803674214315795,0.7157111052948454,12.071578627444685,0.6360104938856453,0.5381157986101512,deeplearn,0-2-0,3-1-1
502,"[[66437 61734]
 [ 5623 57931]]","(array([0.        , 0.48165342, 1.        ]), array([0.        , 0.91152406, 1.        ]), array([2, 1, 0]))",0.9115240582811467,0.4178047910982808,0.6486790976659278,0.48410980654326663,0.7149353210708852,12.134451552900012,0.6323689137043648,0.5342078957754688,deeplearn,0-2-0,3-1-2
503,"[[150868 142061]
 [ 12890 133831]]","(array([0.        , 0.48496735, 1.        ]), array([0.        , 0.91214618, 1.        ]), array([2, 1, 0]))",0.9121461822097723,0.41664505749005887,0.6475582849994314,0.4850847433053514,0.7135894175867299,12.1731639549149,0.6333501335737425,0.5352002616994951,deeplearn,0-2-0,3-1-3
504,"[[36590 32837]
 [ 3037 31487]]","(array([0.        , 0.47297161, 1.        ]), array([0.        , 0.91203221, 1.        ]), array([2, 1, 0]))",0.912032209477465,0.42576219889173067,0.6548950948042828,0.4895062496113426,0.7195302995044576,11.919753737547897,0.6370791518290709,0.5394935234048387,deeplearn,0-2-0,3-2-0
505,"[[38284 34402]
 [ 3225 33218]]","(array([0.       , 0.4732961, 1.       ]), array([0.        , 0.91150564, 1.        ]), array([2, 1, 0]))",0.9115056389430068,0.4257018703006291,0.6552062238268471,0.4912451937296658,0.7191047717043957,11.909007203970509,0.6384209565359446,0.5411454990339597,deeplearn,0-2-0,3-2-1
506,"[[137049 127340]
 [ 11614 119858]]","(array([0.       , 0.4816388, 1.       ]), array([0.       , 0.9116618, 1.       ]), array([2, 1, 0]))",0.9116617987099915,0.4182212438088591,0.6489828500407971,0.4848663824140972,0.7150115006659429,12.123960066576855,0.633047244302427,0.5349542607813872,deeplearn,0-2-0,3-2-2
507,"[[109601 103073]
 [  9230  96891]]","(array([0.        , 0.48465257, 1.        ]), array([0.        , 0.91302381, 1.        ]), array([2, 1, 0]))",0.913023812440516,0.41748165264198,0.647726595461033,0.4845422175991678,0.7141856228005641,12.16735087558957,0.6330986490680693,0.5347321179235235,deeplearn,0-2-0,3-2-3
508,"[[35270 33164]
 [ 2992 31317]]","(array([0.        , 0.48461291, 1.        ]), array([0.        , 0.91279256, 1.        ]), array([2, 1, 0]))",0.9127925617184995,0.41770175482221805,0.6480928141089904,0.48567795164467054,0.7140898250039731,12.154701704092403,0.6340115396295172,0.5358224430505795,deeplearn,0-2-0,3-3-0
509,"[[116096 108870]
 [  9862 102703]]","(array([0.       , 0.4839398, 1.       ]), array([0.       , 0.9123884, 1.       ]), array([2, 1, 0]))",0.912388397814596,0.41765324635364676,0.6482337918591181,0.48542583410926726,0.7142243012338718,12.149832314936289,0.6336992268725049,0.5355490964763254,deeplearn,0-2-0,3-3-1
510,"[[84814 80029]
 [ 7220 75081]]","(array([0.        , 0.48548619, 1.        ]), array([0.        , 0.91227324, 1.        ]), array([2, 1, 0]))",0.9122732409083729,0.4160590731658392,0.6469709966659114,0.48405002901166916,0.7133935255092995,12.193448728928491,0.6324980729620785,0.5342010783489224,deeplearn,0-2-0,3-3-2
511,"[[54152 51234]
 [ 4516 48140]]","(array([0.        , 0.48615566, 1.        ]), array([0.        , 0.91423579, 1.        ]), array([2, 1, 0]))",0.9142357945913097,0.4176413046633547,0.6472456688728313,0.48443254774890815,0.7140400691211345,12.183962178351381,0.6332960599881602,0.5347082763155556,deeplearn,0-2-0,3-3-3
512,"[[158034  97346]
 [ 46602  91037]]","(array([0.        , 0.38118099, 1.        ]), array([0.        , 0.66141864, 1.        ]), array([2, 1, 0]))",0.6614186386126025,0.26759550250495723,0.6337378091135543,0.48325485845325744,0.6401188267070373,12.650445963442081,0.5584715141922937,0.5107717822954293,deeplearn,1-1-0,0-0-0
513,"[[114517  71002]
 [ 33911  65994]]","(array([0.        , 0.38272091, 1.        ]), array([0.        , 0.66056754, 1.        ]), array([2, 1, 0]))",0.6605675391622041,0.26526569221781626,0.6324310499467459,0.48172209407573946,0.6389233159348447,12.69558068325019,0.5571441234946244,0.5093002042016457,deeplearn,1-1-0,0-0-1
514,"[[180863 111617]
 [ 53343 103848]]","(array([0.        , 0.38162268, 1.        ]), array([0.        , 0.66064851, 1.        ]), array([2, 1, 0]))",0.6606485104109013,0.2663293119896338,0.6331540170480195,0.48197154990369667,0.6395129176780983,12.670609852026999,0.5573397449658667,0.5095328889329387,deeplearn,1-1-0,0-0-2
515,"[[48842 30572]
 [14750 28188]]","(array([0.       , 0.3849699, 1.       ]), array([0.        , 0.65648144, 1.        ]), array([2, 1, 0]))",0.656481438352974,0.25936751983975326,0.6295769582842945,0.479714091218516,0.6357557669010696,12.79415840413543,0.554347184802061,0.5070185410356216,deeplearn,1-1-0,0-0-3
516,"[[165083 101877]
 [ 48765  94735]]","(array([0.        , 0.38161897, 1.        ]), array([0.        , 0.66017422, 1.        ]), array([2, 1, 0]))",0.6601742160278745,0.2658904773422075,0.6329922525946499,0.4818373242731878,0.6392776234469609,12.676196984528405,0.5570811967822366,0.5093564371341193,deeplearn,1-1-0,0-1-0
517,"[[79462 48942]
 [23367 45470]]","(array([0.        , 0.38115635, 1.        ]), array([0.        , 0.66054593, 1.        ]), array([2, 1, 0]))",0.6605459273355899,0.2665870440528153,0.633397721569045,0.481612506884718,0.639694788533064,12.662192527096416,0.557063136680776,0.5091996371658621,deeplearn,1-1-0,0-1-1
518,"[[195219 120545]
 [ 57723 112029]]","(array([0.        , 0.38175663, 1.        ]), array([0.        , 0.65995688, 1.        ]), array([2, 1, 0]))",0.6599568782694755,0.26555544939879494,0.6328277543891447,0.4816918486159244,0.6391001249507269,12.681878615411566,0.556906588189677,0.5092005076142132,deeplearn,1-1-0,0-1-2
519,"[[194667 120159]
 [ 57482 111826]]","(array([0.        , 0.38166797, 1.        ]), array([0.        , 0.66048858, 1.        ]), array([2, 1, 0]))",0.6604885770312094,0.26615849254388807,0.6330747272449363,0.4820397870551975,0.6394103040289358,12.673348404359004,0.5573284358311756,0.5095748636588994,deeplearn,1-1-0,0-1-3
520,"[[30452 18815]
 [ 9244 17742]]","(array([0.        , 0.38189863, 1.        ]), array([0.        , 0.65745201, 1.        ]), array([2, 1, 0]))",0.6574520121544505,0.2637511784282699,0.632027592357022,0.4853242880980387,0.6377766890901954,12.709514003258207,0.5584250035409094,0.512141050954311,deeplearn,1-1-0,0-2-0
521,"[[78517 48742]
 [23355 45354]]","(array([0.        , 0.38301417, 1.        ]), array([0.       , 0.6600882, 1.       ]), array([2, 1, 0]))",0.6600881980526568,0.2646268403736654,0.6320980976485957,0.4819971093351471,0.6385370150479851,12.707080419873746,0.5571573354626701,0.5094890281356931,deeplearn,1-1-0,0-2-1
522,"[[66918 41271]
 [19751 38286]]","(array([0.        , 0.38147131, 1.        ]), array([0.        , 0.65968262, 1.        ]), array([2, 1, 0]))",0.6596826162620397,0.2654897191107166,0.6328973806745034,0.4812398657566273,0.6391056510864035,12.67947380888538,0.5565068244254837,0.508763770215141,deeplearn,1-1-0,0-2-2
523,"[[171020 105756]
 [ 50687  98434]]","(array([0.       , 0.3820996, 1.       ]), array([0.        , 0.66009482, 1.        ]), array([2, 1, 0]))",0.6600948223254941,0.2654385562793244,0.6326740972582573,0.48207062050051425,0.6389976091567928,12.68718576973973,0.5572088047074674,0.5095555249559728,deeplearn,1-1-0,0-2-3
524,"[[159253  98522]
 [ 46937  91257]]","(array([0.        , 0.38220153, 1.        ]), array([0.        , 0.66035428, 1.        ]), array([2, 1, 0]))",0.660354284556493,0.2653936190566425,0.6326505357742651,0.4808593153088592,0.6390763761061972,12.687999953444157,0.5564909306558772,0.5085031928764864,deeplearn,1-1-0,0-3-0
525,"[[101763  62985]
 [ 29940  58364]]","(array([0.        , 0.38231117, 1.        ]), array([0.        , 0.66094401, 1.        ]), array([2, 1, 0]))",0.6609440115963037,0.26583774188106685,0.6327829853152712,0.48095987605995927,0.6393164227258232,12.683425379531542,0.5567676112433403,0.5086630643193306,deeplearn,1-1-0,0-3-1
526,"[[60886 37744]
 [18080 34818]]","(array([0.        , 0.38268275, 1.        ]), array([0.        , 0.65821014, 1.        ]), array([2, 1, 0]))",0.6582101402699535,0.26291430928032034,0.6315928409270893,0.4798379316997878,0.6377636932719533,12.724531660649513,0.5550454328072693,0.5073350702033536,deeplearn,1-1-0,0-3-2
527,"[[162611 100393]
 [ 47958  93308]]","(array([0.        , 0.38171663, 1.        ]), array([0.        , 0.66051279, 1.        ]), array([2, 1, 0]))",0.6605127914714085,0.2660869928777096,0.6330398001335741,0.4817115038125771,0.639398081793711,12.6745548542959,0.5571175668050882,0.5092842250046393,deeplearn,1-1-0,0-3-3
528,"[[ 19636  13739]
 [  1299 202972]]","(array([0.        , 0.41165543, 1.        ]), array([0.       , 0.9936408, 1.       ]), array([2, 1, 0]))",0.9936408007010296,0.7134262772308152,0.9367210051925974,0.9366022029338612,0.7909926849947095,2.1856252791789488,0.9642787577616145,0.947479962469016,deeplearn,1-1-0,1-0-0
529,"[[ 41343  20956]
 [  5985 375528]]","(array([0.        , 0.33637779, 1.        ]), array([0.        , 0.98431246, 1.        ]), array([2, 1, 0]))",0.9843124611743244,0.7292131944469533,0.9392963687327066,0.9471454081375289,0.8239673350992731,2.096666902244725,0.9653713317660608,0.9543525651744975,deeplearn,1-1-0,1-0-1
530,"[[ 14476   4368]
 [  4619 110180]]","(array([0.        , 0.23179792, 1.        ]), array([0.        , 0.95976446, 1.        ]), array([2, 1, 0]))",0.9597644578785529,0.7239580980261199,0.9327536795791773,0.9618675140552432,0.863983269058147,2.3226317585106395,0.9608148351624394,0.9614461658211035,deeplearn,1-1-0,1-0-2
531,"[[ 13550   9394]
 [  1002 136947]]","(array([0.        , 0.40943166, 1.        ]), array([0.        , 0.99273645, 1.        ]), array([2, 1, 0]))",0.9927364460778983,0.7111235040473448,0.9353856289583761,0.9358074633903007,0.7916523931923661,2.2317479991034466,0.9634317070596926,0.9466648601642719,deeplearn,1-1-0,1-0-3
532,"[[ 25240  12164]
 [  2339 224497]]","(array([0.        , 0.32520586, 1.        ]), array([0.        , 0.98968859, 1.        ]), array([2, 1, 0]))",0.9896885855860622,0.7576107078731292,0.9451142900393582,0.9486015862351633,0.8322413626251346,1.895722072201524,0.9687096140859596,0.9565437842996898,deeplearn,1-1-0,1-1-0
533,"[[ 20952  10405]
 [  2140 190010]]","(array([0.        , 0.33182384, 1.        ]), array([0.        , 0.98886287, 1.        ]), array([2, 1, 0]))",0.9888628675513922,0.7496917500260156,0.943872004008823,0.9480827283386972,0.8285195161815385,1.9386295269741705,0.9680435087183015,0.9559674384439681,deeplearn,1-1-0,1-1-1
534,"[[ 15940   4818]
 [  7522 119364]]","(array([0.        , 0.23210329, 1.        ]), array([0.        , 0.94071844, 1.        ]), array([2, 1, 0]))",0.940718440174645,0.673749107661107,0.9164205792311235,0.9612021065854954,0.8543075773471742,2.8867570180543507,0.9508499689327196,0.957034319306494,deeplearn,1-1-0,1-1-2
535,"[[ 16395   8168]
 [  2760 148305]]","(array([0.        , 0.33253267, 1.        ]), array([0.        , 0.98172972, 1.        ]), array([2, 1, 0]))",0.9817297189951345,0.7223345450835295,0.9377775753296741,0.9477993008378442,0.8245985239522348,2.149123599627587,0.9644661797891643,0.9543964466502008,deeplearn,1-1-0,1-1-3
536,"[[ 17104  11986]
 [  1421 176357]]","(array([0.        , 0.41203163, 1.        ]), array([0.        , 0.99200688, 1.        ]), array([2, 1, 0]))",0.9920068849913938,0.7061004462748535,0.935190556296769,0.9363607885612951,0.7899876295015409,2.238485213282702,0.9633809587540731,0.9469849111313966,deeplearn,1-1-0,1-2-0
537,"[[ 25760  15465]
 [  3090 245890]]","(array([0.        , 0.37513645, 1.        ]), array([0.        , 0.98758936, 1.        ]), array([2, 1, 0]))",0.987589364607599,0.7145735826361477,0.9360624386209748,0.9408276099558073,0.8062264591382446,2.208367746185717,0.9636415295835089,0.9498223114956738,deeplearn,1-1-0,1-2-1
538,"[[ 35744  25127]
 [  2627 364242]]","(array([0.        , 0.41279098, 1.        ]), array([0.        , 0.99283941, 1.        ]), array([2, 1, 0]))",0.9928394058914762,0.7091575499370149,0.9351147893580213,0.9354673844091338,0.7900242108394806,2.2411027529550185,0.963299913519289,0.9464051404503869,deeplearn,1-1-0,1-2-2
539,"[[ 34340  31365]
 [  2798 395786]]","(array([0.        , 0.47736093, 1.        ]), array([0.        , 0.99298015, 1.        ]), array([2, 1, 0]))",0.9929801497300443,0.6625036371436701,0.9264186745755337,0.9265716339186845,0.7578096091470404,2.5414629624064577,0.9586271624673776,0.9391331006061159,deeplearn,1-1-0,1-2-3
540,"[[  7866  28351]
 [  2040 217879]]","(array([0.        , 0.78280918, 1.        ]), array([0.        , 0.99072386, 1.        ]), array([2, 1, 0]))",0.990723857420232,0.37571031716380376,0.8813481900240497,0.8848596840352516,0.6039573397049527,4.098176838884321,0.9348041076994695,0.9041830485234958,deeplearn,1-1-0,1-3-0
541,"[[ 8011  4619]
 [  632 75947]]","(array([0.        , 0.36571655, 1.        ]), array([0.        , 0.99174708, 1.        ]), array([2, 1, 0]))",0.9917470847099075,0.7378088854572601,0.9411382259637481,0.9426681230295658,0.8130152684040433,2.03305505263153,0.9665850011136212,0.9520914244452078,deeplearn,1-1-0,1-3-1
542,"[[ 46685  23625]
 [  4340 424931]]","(array([0.        , 0.33601195, 1.        ]), array([0.        , 0.98988984, 1.        ]), array([2, 1, 0]))",0.9898898364902358,0.7508810329582715,0.9440230913505517,0.9473309910022383,0.8269389446993918,1.9334117437872256,0.9681429256561942,0.9555474601921748,deeplearn,1-1-0,1-3-2
543,"[[ 29437  26498]
 [  2466 338528]]","(array([0.        , 0.47372843, 1.        ]), array([0.       , 0.9927682, 1.       ]), array([2, 1, 0]))",0.9927682012000211,0.66426009154503,0.9270297710673697,0.927407910669377,0.7595198832048197,2.5203557997397485,0.9589756664117164,0.9397822883596562,deeplearn,1-1-0,1-3-3
544,"[[ 66844 125028]
 [  1106 190736]]","(array([0.        , 0.65162191, 1.        ]), array([0.        , 0.99423484, 1.        ]), array([2, 1, 0]))",0.9942348390863315,0.4487509199424777,0.6712812146546647,0.6040460597154838,0.6713064622382958,11.35380516182148,0.7515119994641515,0.6554961241269147,deeplearn,1-1-0,2-0-0
545,"[[ 68769 135623]
 [   440 204130]]","(array([0.        , 0.66354358, 1.        ]), array([0.        , 0.99784915, 1.        ]), array([2, 1, 0]))",0.9978491469912499,0.4457933512559642,0.6672967170543963,0.6008188301501385,0.6671527820360766,11.491429463918426,0.75003260931469,0.6527639740032821,deeplearn,1-1-0,2-0-1
546,"[[ 35501  66299]
 [   583 101854]]","(array([0.        , 0.65126719, 1.        ]), array([0.       , 0.9943087, 1.       ]), array([2, 1, 0]))",0.9943086970528228,0.4497170347325664,0.6725275048105877,0.6057221696906984,0.671520753241539,11.310758850523857,0.7528290032891088,0.6570810361667457,deeplearn,1-1-0,2-0-2
547,"[[ 86417 162259]
 [  1406 246947]]","(array([0.       , 0.6524916, 1.       ]), array([0.       , 0.9943387, 1.       ]), array([2, 1, 0]))",0.9943387033778534,0.4481345427160063,0.6707133788974085,0.6034784436200837,0.6709235539440699,11.373418010925894,0.7511021824657559,0.6549703290460259,deeplearn,1-1-0,2-0-3
548,"[[13242 25125]
 [  112 38539]]","(array([0.        , 0.65485965, 1.        ]), array([0.        , 0.99710227, 1.        ]), array([2, 1, 0]))",0.9971022741973041,0.45200240452456186,0.6723233529824197,0.6053499623020859,0.671121314594938,11.317811287800184,0.7533401749499097,0.6569737510526512,deeplearn,1-1-0,2-1-0
549,"[[ 73192 145102]
 [   307 217962]]","(array([0.        , 0.66470906, 1.        ]), array([0.        , 0.99859348, 1.        ]), array([2, 1, 0]))",0.9985934786891405,0.4461498684922749,0.6669232161223008,0.6003404358460216,0.6669422082992826,11.504330325735083,0.7498696960262019,0.6523757501384296,deeplearn,1-1-0,2-1-1
550,"[[22876 43051]
 [  405 65366]]","(array([0.        , 0.65301015, 1.        ]), array([0.        , 0.99384227, 1.        ]), array([2, 1, 0]))",0.9938422709096715,0.4467246232061406,0.6700329541830552,0.6029128273241281,0.6704160616610941,11.396919395026547,0.7505224240475807,0.6543942303264262,deeplearn,1-1-0,2-1-2
551,"[[ 61145 113657]
 [   936 174220]]","(array([0.        , 0.65020423, 1.        ]), array([0.        , 0.99465619, 1.        ]), array([2, 1, 0]))",0.9946561921943867,0.4508494390912196,0.6725521348276079,0.60518902170024,0.6722259805607578,11.309908284043011,0.7525165592949099,0.6566093600188141,deeplearn,1-1-0,2-1-3
552,"[[ 66475 132290]
 [   272 198730]]","(array([0.        , 0.66555983, 1.        ]), array([0.        , 0.99863318, 1.        ]), array([2, 1, 0]))",0.9986331795660345,0.44565169899803186,0.6667345456008166,0.6003564739290678,0.6665366738018335,11.510846941063964,0.7498934006512937,0.6523942899988314,deeplearn,1-1-0,2-2-0
553,"[[ 56886 106476]
 [   907 162597]]","(array([0.        , 0.65177948, 1.        ]), array([0.        , 0.99445274, 1.        ]), array([2, 1, 0]))",0.994452735101282,0.4491043248091437,0.671476996689775,0.6042858257796211,0.6713366257502222,11.347043019312718,0.7517598023010931,0.6557409444779624,deeplearn,1-1-0,2-2-1
554,"[[ 73506 143887]
 [   628 216273]]","(array([0.        , 0.66187504, 1.        ]), array([0.        , 0.99710467, 1.        ]), array([2, 1, 0]))",0.9971046698724303,0.4454915802465012,0.6672415460494504,0.6004914482452244,0.6676148162488609,11.493334751080962,0.7495672034672245,0.6523911022412117,deeplearn,1-1-0,2-2-2
555,"[[ 70329 139243]
 [   462 210153]]","(array([0.        , 0.66441605, 1.        ]), array([0.        , 0.99780642, 1.        ]), array([2, 1, 0]))",0.9978064240438715,0.4453652719236523,0.6675170816802994,0.6014751170591535,0.6666951880492676,11.483818144292828,0.7505316859847395,0.6533799610620327,deeplearn,1-1-0,2-2-3
556,"[[20932 39305]
 [  354 59689]]","(array([0.        , 0.65250593, 1.        ]), array([0.        , 0.99410423, 1.        ]), array([2, 1, 0]))",0.9941042253051979,0.44753507886293115,0.6702776854007316,0.6029557346909914,0.6707991452073411,11.388466588150619,0.7506303564579312,0.6544573800653043,deeplearn,1-1-0,2-3-0
557,"[[13382 25227]
 [  111 38437]]","(array([0.        , 0.65339688, 1.        ]), array([0.        , 0.99712047, 1.        ]), array([2, 1, 0]))",0.9971204731762997,0.45243201447949594,0.6716046502585638,0.6037478009550138,0.6718617984001626,11.342634987604736,0.752103471216687,0.6554651369012701,deeplearn,1-1-0,2-3-1
558,"[[ 73294 137836]
 [  1152 211025]]","(array([0.        , 0.65284896, 1.        ]), array([0.        , 0.99457057, 1.        ]), array([2, 1, 0]))",0.9945705707970233,0.44879672790592634,0.6716614655557315,0.6048970793525215,0.6708608075886315,11.340671585603907,0.7522663349006663,0.6563269576597965,deeplearn,1-1-0,2-3-2
559,"[[ 73854 137570]
 [  1201 209970]]","(array([0.        , 0.65068299, 1.        ]), array([0.        , 0.99431267, 1.        ]), array([2, 1, 0]))",0.9943126660384238,0.44956524905169937,0.6716217655201789,0.6041606721528457,0.6718148391490741,11.342042711618978,0.7516229320704265,0.655610863712749,deeplearn,1-1-0,2-3-3
560,"[[27428 46483]
 [   40 36555]]","(array([0.        , 0.62890503, 1.        ]), array([0.        , 0.99890695, 1.        ]), array([2, 1, 0]))",0.9989069545019812,0.4029187083352453,0.5790002352813421,0.4402201401767865,0.6850009600343382,14.541153076826395,0.611119005625538,0.49566504947836865,deeplearn,1-1-0,3-0-0
561,"[[ 89754 168160]
 [   694 128941]]","(array([0.        , 0.65200028, 1.        ]), array([0.        , 0.99464651, 1.        ]), array([2, 1, 0]))",0.994646507501832,0.38220204756837267,0.5643028365445402,0.43399719287380384,0.6713231141695052,15.04879385494508,0.6043127366802895,0.4891395474640735,deeplearn,1-1-0,3-0-1
562,"[[28179 52726]
 [  193 40164]]","(array([0.        , 0.65170261, 1.        ]), array([0.        , 0.99521768, 1.        ]), array([2, 1, 0]))",0.9952176821864857,0.3823520766360366,0.5635978294931636,0.4323823877704812,0.6717575340046822,15.07314465880806,0.6028503455987753,0.48752539953437213,deeplearn,1-1-0,3-0-2
563,"[[ 68718 128442]
 [   503  97976]]","(array([0.        , 0.65146074, 1.        ]), array([0.        , 0.99489231, 1.        ]), array([2, 1, 0]))",0.994892312066532,0.3822495870437522,0.5638430653601183,0.4327217800704891,0.6717157847612027,15.064674228146107,0.6031203735337661,0.4878549142509443,deeplearn,1-1-0,3-0-3
564,"[[ 80143 155861]
 [   275 118019]]","(array([0.        , 0.66041677, 1.        ]), array([0.        , 0.99767528, 1.        ]), array([2, 1, 0]))",0.9976752836153989,0.3797057425043463,0.5593088304195903,0.4309149992697532,0.6686292555091622,15.221285520242398,0.6018705982548563,0.4861494429953848,deeplearn,1-1-0,3-1-0
565,"[[ 71484 140649]
 [   173 106466]]","(array([0.        , 0.66302273, 1.        ]), array([0.       , 0.9983777, 1.       ]), array([2, 1, 0]))",0.9983777042170313,0.3790426163072632,0.5582359805754583,0.43083584565890376,0.6676774889542682,15.258341485648272,0.601921109019262,0.48610216975816806,deeplearn,1-1-0,3-1-1
566,"[[44599 83572]
 [  288 63266]]","(array([0.        , 0.65203517, 1.        ]), array([0.        , 0.99546842, 1.        ]), array([2, 1, 0]))",0.9954684205557479,0.38179404376145815,0.5626026861390012,0.43085577302878003,0.6717166243965124,15.10751655983125,0.601410700026617,0.485984151321389,deeplearn,1-1-0,3-1-2
567,"[[101720 191209]
 [   778 145943]]","(array([0.        , 0.65274862, 1.        ]), array([0.        , 0.99469742, 1.        ]), array([2, 1, 0]))",0.9946974189107217,0.38134481227292283,0.5633185488456727,0.43287004081245256,0.6709744003224309,15.082790751631405,0.6032285331068277,0.48799628710471077,deeplearn,1-1-0,3-1-3
568,"[[24376 45051]
 [  204 34320]]","(array([0.       , 0.6488974, 1.       ]), array([0.        , 0.99409107, 1.        ]), array([2, 1, 0]))",0.9940910670837678,0.38261827036325424,0.5646506527113736,0.4323997429791738,0.6725968320280638,15.036780294711074,0.6026603450546556,0.48748892070634764,deeplearn,1-1-0,3-2-0
569,"[[25229 47457]
 [  188 36255]]","(array([0.        , 0.65290427, 1.        ]), array([0.        , 0.99484126, 1.        ]), array([2, 1, 0]))",0.9948412589523365,0.3815245782637351,0.5634066105251583,0.43309202981651373,0.6709684928886548,15.079749176028045,0.6034705172485539,0.48822890939990465,deeplearn,1-1-0,3-2-1
570,"[[ 89778 174611]
 [   368 131104]]","(array([0.        , 0.66043217, 1.        ]), array([0.        , 0.99720092, 1.        ]), array([2, 1, 0]))",0.9972009249117683,0.378214798536846,0.5579786844372141,0.4288438578414536,0.6683843793359359,15.267228075794177,0.5997616580547912,0.48401721291382016,deeplearn,1-1-0,3-2-2
571,"[[ 74322 138352]
 [   531 105590]]","(array([0.        , 0.65053556, 1.        ]), array([0.        , 0.99499628, 1.        ]), array([2, 1, 0]))",0.9949962778337935,0.38295669947476957,0.5643501309619035,0.4328487919259496,0.6722303581820632,15.047160425847462,0.6032628412600017,0.4879890635730653,deeplearn,1-1-0,3-2-3
572,"[[24017 44417]
 [  167 34142]]","(array([0.        , 0.64904872, 1.        ]), array([0.        , 0.99513247, 1.        ]), array([2, 1, 0]))",0.995132472529074,0.3847327575917123,0.5660628947957526,0.43460329179342916,0.6730418770279003,14.988002321420971,0.6049898997058512,0.4897789381571963,deeplearn,1-1-0,3-3-0
573,"[[ 78209 146757]
 [   586 111979]]","(array([0.        , 0.65235191, 1.        ]), array([0.        , 0.99479412, 1.        ]), array([2, 1, 0]))",0.9947941189534936,0.381653860644879,0.5634682443982924,0.43279249891781585,0.6712211039990301,15.077620357464614,0.6031710121976509,0.4879220990859331,deeplearn,1-1-0,3-3-1
574,"[[ 57134 107709]
 [   436  81865]]","(array([0.        , 0.65340354, 1.        ]), array([0.        , 0.99470237, 1.        ]), array([2, 1, 0]))",0.994702372996683,0.3805266787956405,0.5624210986307577,0.43183664426556384,0.6706494157225124,15.113788305875213,0.6022252873563219,0.4869455874812782,deeplearn,1-1-0,3-3-2
575,"[[36555 68831]
 [  272 52384]]","(array([0.        , 0.65313229, 1.        ]), array([0.       , 0.9948344, 1.       ]), array([2, 1, 0]))",0.9948343968398663,0.3809795721806594,0.5627554700649194,0.43215773625376397,0.6708510511138394,15.102239292771735,0.6025616692835494,0.487278518220853,deeplearn,1-1-0,3-3-3
576,"[[248342   7038]
 [ 10842 126797]]","(array([0.        , 0.02755893, 1.        ]), array([0.        , 0.92122872, 1.        ]), array([2, 1, 0]))",0.9212287215106184,0.8996059660375302,0.9545060162485783,0.9474128591175701,0.9468348948613473,1.5713208509199734,0.9341373391190316,0.9420576273553855,deeplearn,0-3-0,0-0-0
577,"[[180696   4823]
 [  8064  91841]]","(array([0.        , 0.02599734, 1.        ]), array([0.        , 0.91928332, 1.        ]), array([2, 1, 0]))",0.9192833191531955,0.9003076960808122,0.9548496272212568,0.9501055201522801,0.9466429909766161,1.559452140883808,0.9344403237539999,0.9437768337371881,deeplearn,0-3-0,0-0-1
578,"[[284200   8280]
 [ 12401 144790]]","(array([0.        , 0.02830963, 1.        ]), array([0.        , 0.92110871, 1.        ]), array([2, 1, 0]))",0.9211087148755336,0.8984301468671061,0.9540085973967634,0.9459071013261906,0.9463995434333905,1.5885014939586275,0.9333432174846338,0.9408411753009535,deeplearn,0-3-0,0-0-2
579,"[[77276  2138]
 [ 3416 39522]]","(array([0.        , 0.02692221, 1.        ]), array([0.        , 0.92044343, 1.        ]), array([2, 1, 0]))",0.9204434300619498,0.8999107549560286,0.9546063815875506,0.9486797887662026,0.946760612454603,1.567854008407217,0.9343483297477481,0.9428947694891641,deeplearn,0-3-0,0-0-3
580,"[[259862   7098]
 [ 11439 132061]]","(array([0.        , 0.02658825, 1.        ]), array([0.        , 0.92028571, 1.        ]), array([2, 1, 0]))",0.9202857142857143,0.9002398318552726,0.9548384739073235,0.9489935972520642,0.9468487306819642,1.5598376786410835,0.9344192118418306,0.943109624415828,deeplearn,0-3-0,0-1-0
581,"[[124902   3502]
 [  5429  63408]]","(array([0.        , 0.02727329, 1.        ]), array([0.        , 0.92113253, 1.        ]), array([2, 1, 0]))",0.9211325304705318,0.899911905914665,0.9547203674692382,0.9476610372141683,0.9469296184018339,1.5639173000195092,0.9342084907953766,0.9422337930972992,deeplearn,0-3-0,0-1-1
582,"[[307391   8373]
 [ 13603 156149]]","(array([0.        , 0.02651664, 1.        ]), array([0.        , 0.91986545, 1.        ]), array([2, 1, 0]))",0.9198654507752486,0.9000142256144024,0.9547368160884502,0.9491071102952796,0.9466744058831843,1.5633487775559214,0.9342575252637059,0.9431109876304601,deeplearn,0-3-0,0-1-2
583,"[[306487   8339]
 [ 13638 155670]]","(array([0.        , 0.02648765, 1.        ]), array([0.        , 0.91944858, 1.        ]), array([2, 1, 0]))",0.919448578921256,0.8997313595714397,0.954605543093441,0.9491552292861977,0.946480465888242,1.567882769386002,0.9340657692226919,0.9430613174627791,deeplearn,0-3-0,0-1-3
584,"[[48034  1233]
 [ 2156 24830]]","(array([0.        , 0.02502689, 1.        ]), array([0.        , 0.92010672, 1.        ]), array([2, 1, 0]))",0.9201067220040021,0.9023775594600875,0.9555558469830695,0.95269155507808,0.947539913867002,1.535059592487952,0.9361156666478162,0.945991252533565,deeplearn,0-3-0,0-2-0
585,"[[123512   3747]
 [  5273  63436]]","(array([0.        , 0.02944389, 1.        ]), array([0.        , 0.92325605, 1.        ]), array([2, 1, 0]))",0.9232560508812528,0.8985349793870779,0.9539720770738079,0.9442269621779319,0.9469060804308433,1.5897634265475253,0.9336237600447413,0.9399569109859206,deeplearn,0-3-0,0-2-1
586,"[[105165   3024]
 [  4582  53455]]","(array([0.        , 0.02795109, 1.        ]), array([0.        , 0.92105036, 1.        ]), array([2, 1, 0]))",0.9210503644226958,0.8988846031857607,0.9542430185410224,0.9464579755307282,0.946549639411248,1.5804046974740398,0.9335813336127703,0.9412649276464766,deeplearn,0-3-0,0-2-2
587,"[[269474   7302]
 [ 11952 137169]]","(array([0.        , 0.02638235, 1.        ]), array([0.        , 0.91985032, 1.        ]), array([2, 1, 0]))",0.919850322892148,0.9002023893098601,0.954791886301148,0.9494569844467056,0.946733988801047,1.5614466393706592,0.9344191939834873,0.9433841582932716,deeplearn,0-3-0,0-2-3
588,"[[251066   6709]
 [ 11185 127009]]","(array([0.        , 0.02602657, 1.        ]), array([0.        , 0.91906306, 1.        ]), array([2, 1, 0]))",0.9190630562831961,0.9000791057692843,0.9548095936803134,0.9498272483883995,0.9465182413604903,1.5608348868464232,0.9341919444526171,0.9435107404028727,deeplearn,0-3-0,0-3-0
589,"[[160434   4314]
 [  7205  81099]]","(array([0.        , 0.02618545, 1.        ]), array([0.        , 0.91840687, 1.        ]), array([2, 1, 0]))",0.9184068671860844,0.8993389244903425,0.9544797116798128,0.9494924660180535,0.9461107101608912,1.5722286911634376,0.9336910031833384,0.9431081319949018,deeplearn,0-3-0,0-3-1
590,"[[95334  3296]
 [ 4079 48819]]","(array([0.        , 0.03341782, 1.        ]), array([0.        , 0.92288933, 1.        ]), array([2, 1, 0]))",0.9228893341903286,0.8925924804367227,0.9513291272900058,0.9367552528062938,0.9447357549994531,1.6810497821234114,0.9297705998304973,0.9339488364618644,deeplearn,0-3-0,0-3-2
591,"[[256177   6827]
 [ 11548 129718]]","(array([0.        , 0.02595778, 1.        ]), array([0.        , 0.91825351, 1.        ]), array([2, 1, 0]))",0.9182535075672844,0.8995523653590932,0.9545477032676182,0.9500018308982386,0.9461478637287382,1.5698802164596435,0.9338579105938929,0.9434777422517551,deeplearn,0-3-0,0-3-3
592,"[[ 20080  13295]
 [104636  99635]]","(array([0.        , 0.39835206, 1.        ]), array([0.        , 0.48775891, 1.        ]), array([2, 1, 0]))",0.48775890850879466,0.062204102890443806,0.5037534820699696,0.8822722040201895,0.5447034242918506,17.139792252661714,0.6282136563251692,0.7594235286764605,deeplearn,0-3-0,1-0-0
593,"[[ 36754  25545]
 [180795 200718]]","(array([0.        , 0.41003868, 1.        ]), array([0.        , 0.52611051, 1.        ]), array([2, 1, 0]))",0.5261105126168703,0.08065600685988768,0.5350734094616639,0.8871004097002161,0.5580359141039054,16.05804157400482,0.660499921023535,0.7800538643597484,deeplearn,0-3-0,1-0-1
594,"[[11083  7761]
 [53695 61104]]","(array([0.        , 0.41185523, 1.        ]), array([0.        , 0.53226944, 1.        ]), array([2, 1, 0]))",0.5322694448557914,0.08385332849101598,0.5401480062554717,0.8873012415595731,0.560207106210532,15.8827716214189,0.6653889711647356,0.7828647129214189,deeplearn,0-3-0,1-0-2
595,"[[13841  9103]
 [75465 62484]]","(array([0.        , 0.39674861, 1.        ]), array([0.     , 0.45295, 1.     ]), array([2, 1, 0]))",0.45295000326207513,0.039544270059870934,0.47438359655174556,0.8728400407895288,0.5281006989811072,18.15419266779918,0.5964034819792303,0.7363238486249019,deeplearn,0-3-0,1-0-3
596,"[[ 22312  15092]
 [123111 103725]]","(array([0.        , 0.40348626, 1.        ]), array([0.        , 0.45726869, 1.        ]), array([2, 1, 0]))",0.45726868750991906,0.03768769604370471,0.4769792612776264,0.872981139062592,0.5268912146778555,18.064542013435734,0.6001683769560802,0.7386726183015622,deeplearn,0-3-0,1-1-0
597,"[[ 18693  12664]
 [105989  86161]]","(array([0.        , 0.40386517, 1.        ]), array([0.        , 0.44840489, 1.        ]), array([2, 1, 0]))",0.4484048920114494,0.03114581503644298,0.46913072073805295,0.8718542878826208,0.5222698631693564,18.335620636880243,0.5922226995446345,0.7333475189377819,deeplearn,0-3-0,1-1-1
598,"[[12153  8605]
 [58115 68771]]","(array([0.        , 0.41453897, 1.        ]), array([0.        , 0.54199045, 1.        ]), array([2, 1, 0]))",0.5419904481187838,0.08870794939206318,0.5481021917585543,0.8887898056244831,0.5637257375963416,15.608043954406051,0.6733606838276333,0.7879534361465662,deeplearn,0-3-0,1-1-2
599,"[[14615  9948]
 [83294 67771]]","(array([0.        , 0.40499939, 1.        ]), array([0.        , 0.44862145, 1.        ]), array([2, 1, 0]))",0.44862145434084666,0.030461686407700615,0.46909376636982714,0.872000411739729,0.5218110325077192,18.33689698117326,0.592445275893419,0.7335460589122853,deeplearn,0-3-0,1-1-3
600,"[[17394 11696]
 [97199 80579]]","(array([0.        , 0.40206256, 1.        ]), array([0.        , 0.45325631, 1.        ]), array([2, 1, 0]))",0.45325630842961445,0.035801950624028626,0.4736015236769341,0.8732484421565971,0.5255968719872376,18.18120447635856,0.5967643388520032,0.7367182442884884,deeplearn,0-3-0,1-2-0
601,"[[ 24881  16344]
 [141828 107152]]","(array([0.        , 0.39645846, 1.        ]), array([0.        , 0.43036388, 1.        ]), array([2, 1, 0]))",0.4303638846493694,0.023940090452141398,0.4549645939939009,0.8676556325710955,0.5169527124884203,18.82490104772906,0.5753498211965334,0.7211116554772506,deeplearn,0-3-0,1-2-1
602,"[[ 39441  21430]
 [197946 168923]]","(array([0.        , 0.35205599, 1.        ]), array([0.        , 0.46044501, 1.        ]), array([2, 1, 0]))",0.46044500898140756,0.07619696860568524,0.4871276943937906,0.8874196886836562,0.5541945108648393,17.714021942728888,0.6063041301312583,0.74858568034027,deeplearn,0-3-0,1-2-2
603,"[[ 39586  26119]
 [199990 198594]]","(array([0.        , 0.39751921, 1.        ]), array([0.       , 0.4982488, 1.       ]), array([2, 1, 0]))",0.49824880075467154,0.07025551733486964,0.5129994464654558,0.8837672942820397,0.5503647930415165,16.820448204808077,0.6372371437693427,0.7653325481950556,deeplearn,0-3-0,1-2-3
604,"[[ 29580   6637]
 [117110 102809]]","(array([0.        , 0.18325648, 1.        ]), array([0.        , 0.46748576, 1.        ]), array([2, 1, 0]))",0.4674857561192985,0.20019637886315425,0.516869944092201,0.9393582223196828,0.6421146371782951,16.686741689841167,0.6242861263340064,0.781576182562646,deeplearn,0-3-0,1-3-0
605,"[[ 7555  5075]
 [38775 37804]]","(array([0.        , 0.40182106, 1.        ]), array([0.        , 0.49366014, 1.        ]), array([2, 1, 0]))",0.49366014181433554,0.06408119100890187,0.5084576668273381,0.8816436950488584,0.5459195404241908,16.977316222284653,0.6329253796313349,0.7618855680283761,deeplearn,0-3-0,1-3-1
606,"[[ 41645  28665]
 [227777 201494]]","(array([0.       , 0.4076945, 1.       ]), array([0.        , 0.46938647, 1.        ]), array([2, 1, 0]))",0.4693864714830492,0.043040022915504614,0.48668584273621296,0.8754556632588776,0.530845987839377,17.729288777443536,0.6111156604946696,0.7463254876076648,deeplearn,0-3-0,1-3-2
607,"[[ 33294  22641]
 [179556 161438]]","(array([0.       , 0.4047734, 1.       ]), array([0.        , 0.47343355, 1.        ]), array([2, 1, 0]))",0.47343355015044253,0.04790501746903212,0.4905965550514072,0.877003895066792,0.5343300762283454,17.594217289256193,0.6149164021002794,0.7492643714436886,deeplearn,0-3-0,1-3-3
608,"[[126202  65670]
 [ 92680  99162]]","(array([0.        , 0.34225942, 1.        ]), array([0.        , 0.51689411, 1.        ]), array([2, 1, 0]))",0.5168941107786617,0.176393416448677,0.5873228498308636,0.6015943506115318,0.5873173439150146,14.253500658556492,0.5560371655909879,0.5825040826156938,deeplearn,0-3-0,2-0-0
609,"[[143725  60667]
 [ 85105 119465]]","(array([0.       , 0.2968169, 1.       ]), array([0.        , 0.58398103, 1.        ]), array([2, 1, 0]))",0.5839810333871046,0.28922191543403947,0.6435561250189504,0.6632080918437591,0.6435820662649642,12.31125391067194,0.6210781332044024,0.6456883486938682,deeplearn,0-3-0,2-0-1
610,"[[68815 32985]
 [43660 58777]]","(array([0.        , 0.32401768, 1.        ]), array([0.        , 0.57378682, 1.        ]), array([2, 1, 0]))",0.573786815310874,0.2510623823911049,0.6247251967077464,0.6405374773871537,0.6248845667909968,12.961661655376666,0.6053275248585214,0.6259731407819206,deeplearn,0-3-0,2-0-2
611,"[[162649  86027]
 [119833 128520]]","(array([0.       , 0.3459401, 1.       ]), array([0.        , 0.51748922, 1.        ]), array([2, 1, 0]))",0.5174892189746046,0.17317433319566758,0.5858189361184156,0.5990295832614765,0.5857745601057778,14.305445548699252,0.5552819183408942,0.5807285947832027,deeplearn,0-3-0,2-0-3
612,"[[25289 13078]
 [17875 20776]]","(array([0.        , 0.34086585, 1.        ]), array([0.        , 0.53752814, 1.        ]), array([2, 1, 0]))",0.5375281364000931,0.19811371384725157,0.5981069360409255,0.6136940981863296,0.5983311440725411,13.881030445958901,0.5730915109302807,0.5967816990009595,deeplearn,0-3-0,2-1-0
613,"[[153791  64503]
 [ 89727 128542]]","(array([0.        , 0.29548682, 1.        ]), array([0.        , 0.58891551, 1.        ]), array([2, 1, 0]))",0.588915512509793,0.2954096605330745,0.646717655870974,0.6658654717811909,0.6467143459916735,12.202058030158572,0.6250309982154753,0.6489077176109018,deeplearn,0-3-0,2-1-1
614,"[[42834 23093]
 [31800 33971]]","(array([0.        , 0.35028137, 1.        ]), array([0.        , 0.51650423, 1.        ]), array([2, 1, 0]))",0.5165042343890164,0.16772205383036676,0.583190329389968,0.5953140333660452,0.5831114312843348,14.396236220362399,0.5531159685757316,0.5776850425301078,deeplearn,0-3-0,2-1-2
615,"[[114868  59934]
 [ 84574  90582]]","(array([0.        , 0.34286793, 1.        ]), array([0.        , 0.51715043, 1.        ]), array([2, 1, 0]))",0.5171504259060494,0.1760110091676069,0.5870704484538145,0.601809774376146,0.5871412476665864,14.262218387201134,0.5562774816379671,0.5827307583438408,deeplearn,0-3-0,2-1-3
616,"[[139745  59020]
 [ 81945 117057]]","(array([0.        , 0.29693356, 1.        ]), array([0.        , 0.58822022, 1.        ]), array([2, 1, 0]))",0.5882202188922724,0.2932208830953619,0.6456091128726114,0.6648057383985415,0.6456433270649323,12.240346249811866,0.6241725076583866,0.647933710464846,deeplearn,0-3-0,2-2-0
617,"[[107479  55883]
 [ 79354  84150]]","(array([0.        , 0.34208078, 1.        ]), array([0.        , 0.51466631, 1.        ]), array([2, 1, 0]))",0.5146663078579118,0.1743821800187125,0.5862616485042801,0.600929780837374,0.5862927650992402,14.29015311235102,0.5544628826139811,0.5814387343913238,deeplearn,0-3-0,2-2-1
618,"[[152078  65315]
 [ 89794 127107]]","(array([0.        , 0.30044666, 1.        ]), array([0.       , 0.5860139, 1.       ]), array([2, 1, 0]))",0.586013895740453,0.28743640863900133,0.6428479325065508,0.6605637609005207,0.642783619612187,12.335715652402186,0.6210596521573427,0.6441740177520731,deeplearn,0-3-0,2-2-2
619,"[[147227  62345]
 [ 87461 123154]]","(array([0.        , 0.29748726, 1.        ]), array([0.        , 0.58473518, 1.        ]), array([2, 1, 0]))",0.5847351803052964,0.2892357312592485,0.6434777848910128,0.6639065439705875,0.6436239602784283,12.313959707267893,0.6218108928237831,0.6464023615095773,deeplearn,0-3-0,2-2-3
620,"[[39818 20419]
 [28884 31159]]","(array([0.       , 0.3389777, 1.       ]), array([0.        , 0.51894476, 1.        ]), array([2, 1, 0]))",0.5189447562580151,0.18181885622019917,0.5900981044230129,0.6041141571988057,0.5899835257625219,14.157645656619623,0.5582999614767831,0.5849148692534399,deeplearn,0-3-0,2-3-0
621,"[[25492 13117]
 [17666 20882]]","(array([0.        , 0.33973944, 1.        ]), array([0.        , 0.54171423, 1.        ]), array([2, 1, 0]))",0.54171422641901,0.2034129669538513,0.6010342548310588,0.6141945351333863,0.6009873937140505,13.77992459639472,0.5756819716873199,0.5981872765606381,deeplearn,0-3-0,2-3-1
622,"[[141163  69967]
 [ 90084 122093]]","(array([0.        , 0.33139298, 1.        ]), array([0.        , 0.57542995, 1.        ]), array([2, 1, 0]))",0.5754299476380569,0.24508866656758435,0.6219032522495493,0.6357023846714568,0.6220184835050039,13.059131188984,0.6040664263785848,0.6226585218330567,deeplearn,0-3-0,2-3-2
623,"[[140722  70702]
 [ 90122 121049]]","(array([0.        , 0.33440858, 1.        ]), array([0.        , 0.57322738, 1.        ]), array([2, 1, 0]))",0.5732273844419925,0.23984721673927958,0.6194370496574735,0.6312822358162409,0.6194094013174092,13.1443124222308,0.6008557487553422,0.6187492013187824,deeplearn,0-3-0,2-3-3
624,"[[37322 36589]
 [ 5747 30848]]","(array([0.        , 0.49504133, 1.        ]), array([0.        , 0.84295669, 1.        ]), array([2, 1, 0]))",0.842956688072141,0.3357434089309459,0.616889580656254,0.4574343461304625,0.6739576772882252,13.23242985833631,0.5930482928329744,0.5034879204029471,deeplearn,0-3-0,3-0-0
625,"[[171049  86865]
 [ 39667  89968]]","(array([0.        , 0.33679831, 1.        ]), array([0.        , 0.69401011, 1.        ]), array([2, 1, 0]))",0.6940101052956378,0.33837164926598534,0.6735070920064301,0.5087738148422523,0.6786058963399023,11.276844765001618,0.5871281830403173,0.5374644400555816,deeplearn,0-3-0,3-0-1
626,"[[52298 28607]
 [11517 28840]]","(array([0.        , 0.35358754, 1.        ]), array([0.      , 0.714622, 1.      ]), array([2, 1, 0]))",0.7146219986619422,0.3407224174721728,0.6691131599346869,0.5020279562031089,0.6805172288594304,11.428615214602114,0.5897509304322932,0.5337874104647504,deeplearn,0-3-0,3-0-2
627,"[[130758  66402]
 [ 27699  70780]]","(array([0.        , 0.33679245, 1.        ]), array([0.        , 0.71873191, 1.        ]), array([2, 1, 0]))",0.7187319123874125,0.36097029897034494,0.6817030229435224,0.5159569039669928,0.6909697297786119,10.99376771131701,0.600693368864598,0.5468111438844141,deeplearn,0-3-0,3-0-3
628,"[[128923 107081]
 [ 19008  99286]]","(array([0.        , 0.45372536, 1.        ]), array([0.       , 0.8393156, 1.       ]), array([2, 1, 0]))",0.8393156034963735,0.368737540422476,0.6441159701720021,0.48111374396100154,0.6927951214546324,12.292040594500435,0.611628745060232,0.5260118546837022,deeplearn,0-3-0,3-1-0
629,"[[109819 102314]
 [ 16355  90284]]","(array([0.        , 0.48231063, 1.        ]), array([0.       , 0.8466321, 1.       ]), array([2, 1, 0]))",0.8466320951996924,0.3515087105153641,0.6277307919139699,0.4687691460970519,0.6821607346593797,12.857979577940126,0.6034280520122846,0.5147138470589979,deeplearn,0-3-0,3-1-1
630,"[[83932 44239]
 [17081 46473]]","(array([0.        , 0.34515608, 1.        ]), array([0.        , 0.73123643, 1.        ]), array([2, 1, 0]))",0.7312364288636435,0.36401813617221773,0.6801669057243448,0.5123136960931299,0.6930401741575007,11.046828227547985,0.6025047644976859,0.5449435040173357,deeplearn,0-3-0,3-1-2
631,"[[195553  97376]
 [ 45335 101386]]","(array([0.        , 0.33242185, 1.        ]), array([0.        , 0.69101219, 1.        ]), array([2, 1, 0]))",0.6910121932102425,0.3397438875997805,0.6753986125326965,0.5100874412614081,0.6792951717735068,11.21151183826558,0.5869232350072218,0.5382742477189205,deeplearn,0-3-0,3-1-3
632,"[[46736 22691]
 [11816 22708]]","(array([0.       , 0.3268325, 1.       ]), array([0.        , 0.65774534, 1.        ]), array([2, 1, 0]))",0.6577453365774534,0.31422762082666245,0.6680455214476051,0.5001872287935858,0.665456418126686,11.465476048565877,0.5682469376775147,0.5253562835461781,deeplearn,0-3-0,3-2-0
633,"[[47746 24940]
 [11355 25088]]","(array([0.        , 0.34311972, 1.        ]), array([0.        , 0.68841753, 1.        ]), array([2, 1, 0]))",0.6884175287435172,0.3268302769373177,0.6674119619899385,0.5014791716638682,0.6726489041510834,11.487366613944896,0.5802639035052214,0.5302783707805796,deeplearn,0-3-0,3-2-1
634,"[[144947 119442]
 [ 22604 108868]]","(array([0.        , 0.45176615, 1.        ]), array([0.        , 0.82806986, 1.        ]), array([2, 1, 0]))",0.8280698551782889,0.358707819559702,0.6411720275551267,0.4768428890543559,0.6881518537850149,12.393720364743531,0.6051886976002135,0.5210431200177656,deeplearn,0-3-0,3-2-2
635,"[[140876  71798]
 [ 33937  72184]]","(array([0.        , 0.33759651, 1.        ]), array([0.        , 0.68020467, 1.        ]), array([2, 1, 0]))",0.6802046720253295,0.3244252206986458,0.6683291770573566,0.5013404453334445,0.6713040814070241,11.455684473132184,0.5772341795180385,0.5291701915844756,deeplearn,0-3-0,3-2-3
636,"[[44417 24017]
 [ 9344 24965]]","(array([0.        , 0.35095128, 1.        ]), array([0.        , 0.72765164, 1.        ]), array([2, 1, 0]))",0.7276516365968113,0.3557001891090409,0.6752966138812376,0.5096770242129762,0.6883501775350424,11.21504456013642,0.599464527980214,0.5421587320891083,deeplearn,0-3-0,3-3-0
637,"[[151316  73650]
 [ 34202  78363]]","(array([0.       , 0.3273828, 1.       ]), array([0.        , 0.69615778, 1.        ]), array([2, 1, 0]))",0.6961577755074846,0.34945252009272487,0.6804678681365564,0.515501963647846,0.6843874854974014,11.036423327322947,0.5923621767493896,0.5437215608291229,deeplearn,0-3-0,3-3-1
638,"[[108934  55909]
 [ 25039  57262]]","(array([0.        , 0.33916515, 1.        ]), array([0.        , 0.69576311, 1.        ]), array([2, 1, 0]))",0.6957631134494113,0.3373187308444975,0.6724662544913087,0.5059776797942936,0.6782989842163188,11.312795683115734,0.5858844233445201,0.5351738833799079,deeplearn,0-3-0,3-3-2
639,"[[69874 35512]
 [16269 36387]]","(array([0.        , 0.33697076, 1.        ]), array([0.        , 0.69103236, 1.        ]), array([2, 1, 0]))",0.6910323609845032,0.33513733085748343,0.6723592462763063,0.5060849246860178,0.6770308029278692,11.316490400075997,0.584272008349725,0.5347066292042368,deeplearn,0-3-0,3-3-3
640,"[[226083  29297]
 [109522  28117]]","(array([0.        , 0.11471924, 1.        ]), array([0.        , 0.20428076, 1.        ]), array([2, 1, 0]))",0.20428076344640692,0.12096578412064442,0.6467880687702121,0.4897237607552165,0.5447807607661983,12.199567517527191,0.2883011284112524,0.38275772880109993,deeplearn,3-2-0,0-0-0
641,"[[164109  21410]
 [ 79452  20453]]","(array([0.        , 0.11540597, 1.        ]), array([0.        , 0.20472449, 1.        ]), array([2, 1, 0]))",0.20472448826385065,0.12042323091694788,0.6466239699534727,0.4885698588252156,0.5446592595319651,12.205235663870114,0.28854184301111674,0.3825035439505978,deeplearn,3-2-0,0-0-1
642,"[[258832  33648]
 [125099  32092]]","(array([0.        , 0.11504376, 1.        ]), array([0.        , 0.20415927, 1.        ]), array([2, 1, 0]))",0.20415927120509444,0.12027455821332726,0.6469707853074803,0.48816550045634316,0.5445577537644728,12.193256939445096,0.28790971197366,0.3819103131969221,deeplearn,3-2-0,0-0-2
643,"[[70347  9067]
 [34141  8797]]","(array([0.        , 0.11417382, 1.        ]), array([0.       , 0.2048768, 1.       ]), array([2, 1, 0]))",0.20487679910568726,0.12259377384701808,0.6468549758075062,0.49244290192566054,0.545351487925171,12.19725628041389,0.2893654813986382,0.38450443205063195,deeplearn,3-2-0,0-0-3
644,"[[236241  30719]
 [114201  29299]]","(array([0.        , 0.11506967, 1.        ]), array([0.        , 0.20417422, 1.        ]), array([2, 1, 0]))",0.20417421602787456,0.12025414591691415,0.6469327096428398,0.4881702156019861,0.5445522713342849,12.194572036212817,0.2879253923485883,0.38192308093395766,deeplearn,3-2-0,0-1-0
645,"[[113629  14775]
 [ 54811  14026]]","(array([0.        , 0.11506651, 1.        ]), array([0.       , 0.2037567, 1.       ]), array([2, 1, 0]))",0.2037567006115897,0.11971523930761534,0.6472031676983995,0.48699697927155305,0.5443450958900445,12.185230800230611,0.28730617177738177,0.381056395042409,deeplearn,3-2-0,0-1-1
646,"[[279487  36277]
 [135193  34559]]","(array([0.        , 0.11488643, 1.        ]), array([0.        , 0.20358523, 1.        ]), array([2, 1, 0]))",0.20358523021820066,0.11981823635267319,0.6468293526886858,0.4878733977073804,0.544349398022922,12.198141761407065,0.287287811528422,0.38136509702138177,deeplearn,3-2-0,0-1-2
647,"[[278662  36164]
 [134835  34473]]","(array([0.       , 0.1148698, 1.       ]), array([0.        , 0.20361117, 1.        ]), array([2, 1, 0]))",0.20361117017506555,0.11988030950395458,0.6467940694105351,0.4880303523649079,0.5443706845392935,12.199360386576432,0.28734084894454975,0.38146002266208706,deeplearn,3-2-0,0-1-3
648,"[[43630  5637]
 [21591  5395]]","(array([0.        , 0.11441736, 1.        ]), array([0.        , 0.19991848, 1.        ]), array([2, 1, 0]))",0.19991847624694287,0.11622465240318496,0.6429255242416692,0.4890319071791153,0.5427505588858479,12.33297458475525,0.2838129307170288,0.3793205276035661,deeplearn,3-2-0,0-2-0
649,"[[112589  14670]
 [ 54688  14021]]","(array([0.        , 0.11527672, 1.        ]), array([0.        , 0.20406351, 1.        ]), array([2, 1, 0]))",0.2040635142412202,0.11984184555404133,0.6460748693664272,0.48868983304869124,0.5443933975546854,12.224200804685033,0.2879055441478439,0.38209981850190483,deeplearn,3-2-0,0-2-1
650,"[[95761 12428]
 [46207 11830]]","(array([0.        , 0.11487305, 1.        ]), array([0.        , 0.20383548, 1.        ]), array([2, 1, 0]))",0.203835484260041,0.12012350043321599,0.647257348429247,0.48767416934619506,0.5444812190084463,12.18335934999609,0.2875022783887235,0.38144309952343797,deeplearn,3-2-0,0-2-2
651,"[[245028  31748]
 [118740  30381]]","(array([0.        , 0.11470648, 1.        ]), array([0.        , 0.20373388, 1.        ]), array([2, 1, 0]))",0.2037338805399642,0.12030893861965138,0.6466563511835021,0.48899869626100534,0.5445137015498619,12.204116882101857,0.28763076923076925,0.3820192788900429,deeplearn,3-2-0,0-2-3
652,"[[228236  29539]
 [110025  28169]]","(array([0.        , 0.11459218, 1.        ]), array([0.        , 0.20383664, 1.        ]), array([2, 1, 0]))",0.20383663545450598,0.12055972387186153,0.6475380648485108,0.4881298953351355,0.5446222261745423,12.173663615302726,0.2875825667936009,0.3816668744207726,deeplearn,3-2-0,0-3-0
653,"[[145706  19042]
 [ 70405  17899]]","(array([0.        , 0.11558259, 1.        ]), array([0.       , 0.2026975, 1.       ]), array([2, 1, 0]))",0.20269749954701938,0.11759802007694684,0.6465271959913378,0.4845293846945129,0.5435574564042427,12.208578308528844,0.2858237853806539,0.3791068675127506,deeplearn,3-2-0,0-3-1
654,"[[87296 11334]
 [42144 10754]]","(array([0.        , 0.11491433, 1.        ]), array([0.        , 0.20329691, 1.        ]), array([2, 1, 0]))",0.20329691103633407,0.1193928700472135,0.6470751280291431,0.48687069902209346,0.5441912923832183,12.189653045538165,0.28682687434987864,0.3806725663716814,deeplearn,3-2-0,0-3-2
655,"[[232830  30174]
 [112407  28859]]","(array([0.        , 0.11472829, 1.        ]), array([0.        , 0.20428836, 1.        ]), array([2, 1, 0]))",0.20428836379595938,0.12092283887817418,0.6473124397061369,0.4888621618416818,0.5447800353450756,12.181456462798671,0.2881592019930204,0.3823417188220393,deeplearn,3-2-0,0-3-3
656,"[[ 21386  11989]
 [ 37267 167004]]","(array([0.        , 0.35922097, 1.        ]), array([0.        , 0.81756099, 1.        ]), array([2, 1, 0]))",0.8175609851618683,0.36935044543678525,0.7927337300017674,0.9330197270284313,0.7291700056895485,7.158763692556621,0.871482842114052,0.9073907652652614,deeplearn,3-2-0,1-0-0
657,"[[ 39912  22387]
 [ 69743 311770]]","(array([0.        , 0.35934766, 1.        ]), array([0.        , 0.81719365, 1.        ]), array([2, 1, 0]))",0.817193647398647,0.36874413161185415,0.7924121024217461,0.9330045457674088,0.7289229926586969,7.1698723104620665,0.8712674836167508,0.9072887498755923,deeplearn,3-2-0,1-0-1
658,"[[12130  6714]
 [20593 94206]]","(array([0.        , 0.35629378, 1.        ]), array([0.       , 0.8206169, 1.       ]), array([2, 1, 0]))",0.8206169043284349,0.3758034266285537,0.7956720516600196,0.9334720570749108,0.7321615619073718,7.057277489378213,0.8734140247266119,0.9084842394773944,deeplearn,3-2-0,1-0-2
659,"[[ 14596   8348]
 [ 24804 113145]]","(array([0.       , 0.3638424, 1.       ]), array([0.        , 0.82019442, 1.        ]), array([2, 1, 0]))",0.820194419676837,0.3710821671986418,0.7939500164705736,0.9312882223667207,0.7281760103962986,7.116755794742009,0.872218068007493,0.906725370679942,deeplearn,3-2-0,1-0-3
660,"[[ 23973  13431]
 [ 41321 185515]]","(array([0.        , 0.35907924, 1.        ]), array([0.        , 0.81783756, 1.        ]), array([2, 1, 0]))",0.8178375566488565,0.37076157540210697,0.7927944293066909,0.9324892181798076,0.7293791568935653,7.156667516527532,0.8714083732990122,0.9070573624611291,deeplearn,3-2-0,1-1-0
661,"[[ 20042  11315]
 [ 34719 157431]]","(array([0.        , 0.36084447, 1.        ]), array([0.        , 0.81931304, 1.        ]), array([2, 1, 0]))",0.8193130366900858,0.3702069650518311,0.7940377706291079,0.9329465587332441,0.7292342840751829,7.113723865508645,0.8724452473842881,0.907766273724707,deeplearn,3-2-0,1-1-1
662,"[[ 13360   7398]
 [ 23256 103630]]","(array([0.        , 0.35639272, 1.        ]), array([0.        , 0.81671737, 1.        ]), array([2, 1, 0]))",0.8167173683463896,0.3705204073833564,0.7923789656200049,0.9333681593832186,0.7301623261425559,7.171016546770479,0.8711551232798406,0.9074462607574806,deeplearn,3-2-0,1-1-2
663,"[[ 15830   8733]
 [ 27145 123920]]","(array([0.        , 0.35553475, 1.        ]), array([0.        , 0.82030914, 1.        ]), array([2, 1, 0]))",0.8203091384503359,0.3749715702038315,0.7957159450657071,0.9341665849999623,0.7323871955330294,7.055761053937662,0.8735434480716768,0.9089348767818191,deeplearn,3-2-0,1-1-3
664,"[[ 18704  10386]
 [ 32181 145597]]","(array([0.        , 0.35702991, 1.        ]), array([0.       , 0.8189821, 1.       ]), array([2, 1, 0]))",0.8189821012723734,0.3728845411704416,0.7942311038923372,0.9334158209548477,0.7309760970438869,7.107046036221517,0.8724626304451388,0.90804031382919,deeplearn,3-2-0,1-2-0
665,"[[ 26384  14841]
 [ 45095 203885]]","(array([0.  , 0.36, 1.  ]), array([0.        , 0.81888103, 1.        ]), array([2, 1, 0]))",0.8188810346212547,0.37181185501254965,0.7934701331817163,0.9321479842359848,0.7294405173106273,7.133329780089345,0.8718511201481273,0.907055354467187,deeplearn,3-2-0,1-2-1
666,"[[ 39099  21772]
 [ 67041 299828]]","(array([0.        , 0.35767443, 1.        ]), array([0.        , 0.81726175, 1.        ]), array([2, 1, 0]))",0.8172617473812178,0.3717330744698974,0.7923668583719081,0.9323009950248756,0.7297936605677755,7.17143535043824,0.870999275203386,0.9067731869405403,deeplearn,3-2-0,1-2-2
667,"[[ 42034  23671]
 [ 72383 326201]]","(array([0.        , 0.36026178, 1.        ]), array([0.        , 0.81839963, 1.        ]), array([2, 1, 0]))",0.8183996347068623,0.3705573653797816,0.7931159256411416,0.9323438286001737,0.7290689292931618,7.145563550089538,0.8716637985399275,0.9070854782233414,deeplearn,3-2-0,1-2-3
668,"[[ 23049  13168]
 [ 49215 170704]]","(array([0.        , 0.36358616, 1.        ]), array([0.        , 0.77621306, 1.        ]), array([2, 1, 0]))",0.7762130602630969,0.31946725498818684,0.7564457944217134,0.9283849634528367,0.7063134495340391,8.412105353963026,0.8455067101545106,0.8933574905773143,deeplearn,3-2-0,1-3-0
669,"[[ 8079  4551]
 [14001 62578]]","(array([0.        , 0.36033254, 1.        ]), array([0.       , 0.8171692, 1.       ]), array([2, 1, 0]))",0.8171691978218572,0.36903099268004175,0.7920389198399265,0.9322051572345782,0.7284183281270807,7.1827620379814565,0.8709048904723466,0.9066778713107985,deeplearn,3-2-0,1-3-1
670,"[[ 44842  25468]
 [ 78719 350552]]","(array([0.        , 0.36222443, 1.        ]), array([0.        , 0.81662167, 1.        ]), array([2, 1, 0]))",0.8166216678974354,0.36623835327700804,0.7914512361358819,0.9322695601297804,0.7271986166254351,7.203059884991444,0.8706219242485015,0.9065917156274262,deeplearn,3-2-0,1-3-2
671,"[[ 35984  19951]
 [ 62594 278400]]","(array([0.        , 0.35668186, 1.        ]), array([0.        , 0.81643665, 1.        ]), array([2, 1, 0]))",0.8164366528443315,0.3702437212138941,0.792040893963404,0.9331290996175645,0.7298773949838891,7.18269325316677,0.8708913028177275,0.9071961772630048,deeplearn,3-2-0,1-3-3
672,"[[185085   6787]
 [ 27520 164322]]","(array([0.        , 0.03537254, 1.        ]), array([0.        , 0.85654862, 1.        ]), array([2, 1, 0]))",0.8565486181336724,0.8260204011670995,0.9105922640299806,0.9603352249151126,0.910588039053494,3.088047943645423,0.9054775989045353,0.9376134057913128,deeplearn,3-2-0,2-0-0
673,"[[195749   8643]
 [ 30489 174081]]","(array([0.        , 0.04228639, 1.        ]), array([0.        , 0.85096055, 1.        ]), array([2, 1, 0]))",0.8509605514004986,0.8132908987457322,0.904313848230398,0.9526991528206475,0.9043370802718569,3.3048994987461775,0.8989604796356258,0.9304507058514153,deeplearn,3-2-0,2-0-1
674,"[[98134  3666]
 [14333 88104]]","(array([0.        , 0.03601179, 1.        ]), array([0.        , 0.86007985, 1.        ]), array([2, 1, 0]))",0.8600798539590188,0.8283282597325671,0.9118719918526026,0.9600523046747304,0.9120340330698827,3.0438479200936976,0.9073205394244287,0.9382407878734955,deeplearn,3-2-0,2-0-2
675,"[[239817   8859]
 [ 35455 212898]]","(array([0.        , 0.03562467, 1.        ]), array([0.        , 0.85723949, 1.        ]), array([2, 1, 0]))",0.8572394937850559,0.8264188622842691,0.9108422244979669,0.9600508664889947,0.9108074127710204,3.0794147238847365,0.9057369551807024,0.9375619285508565,deeplearn,3-2-0,2-0-3
676,"[[37045  1322]
 [ 5604 33047]]","(array([0.        , 0.03445669, 1.        ]), array([0.        , 0.85501022, 1.        ]), array([2, 1, 0]))",0.8550102196579649,0.8253313264332035,0.9100729699550755,0.9615351043091158,0.910276762551374,3.1059833075249186,0.9051492741714597,0.9381582608004451,deeplearn,3-2-0,2-1-0
677,"[[208934   9360]
 [ 33467 184802]]","(array([0.        , 0.04287795, 1.        ]), array([0.        , 0.84667085, 1.        ]), array([2, 1, 0]))",0.8466708511057457,0.8087453025684442,0.9018996112817623,0.9517928327891142,0.9018964487601071,3.3882845337254572,0.8961596000300657,0.9287307383429972,deeplearn,3-2-0,2-1-1
678,"[[63579  2348]
 [ 9539 56232]]","(array([0.        , 0.03561515, 1.        ]), array([0.        , 0.85496647, 1.        ]), array([2, 1, 0]))",0.8549664745860638,0.8243890298225554,0.9097404668256162,0.9599180607715944,0.9096756622479063,3.1174680895766786,0.9044076846989569,0.9369158022066639,deeplearn,3-2-0,2-1-2
679,"[[168547   6255]
 [ 24799 150357]]","(array([0.        , 0.03578334, 1.        ]), array([0.        , 0.85841764, 1.        ]), array([2, 1, 0]))",0.8584176391331156,0.8272035806513282,0.9112636373507678,0.9600605317600184,0.9113171478465545,3.0648596793028946,0.9063984471076173,0.9378508590276498,deeplearn,3-2-0,2-1-3
680,"[[190087   8678]
 [ 30692 168310]]","(array([0.       , 0.0436596, 1.       ]), array([0.        , 0.84577039, 1.        ]), array([2, 1, 0]))",0.8457703942673943,0.8070161895686673,0.9010224578710653,0.9509684272380048,0.9010553981248173,3.418580640360143,0.8952897683449027,0.9278860890408994,deeplearn,3-2-0,2-2-0
681,"[[157439   5923]
 [ 23187 140317]]","(array([0.       , 0.0362569, 1.       ]), array([0.        , 0.85818696, 1.        ]), array([2, 1, 0]))",0.8581869556708093,0.826516163282747,0.9109420985969786,0.9594980853391685,0.910965026910465,3.0759654319244865,0.9060191642130276,0.9373663930396117,deeplearn,3-2-0,2-2-1
682,"[[205865  11528]
 [ 30539 186362]]","(array([0.        , 0.05302839, 1.        ]), array([0.        , 0.85920305, 1.        ]), array([2, 1, 0]))",0.8592030465511915,0.8093630315740171,0.9031370454116336,0.941745414118955,0.9030873300863026,3.3455491541763958,0.8985826597009096,0.9239921028180564,deeplearn,3-2-0,2-2-2
683,"[[198198  11374]
 [ 31340 179275]]","(array([0.        , 0.05427252, 1.        ]), array([0.        , 0.85119768, 1.        ]), array([2, 1, 0]))",0.8511976829760464,0.8003579388960542,0.898345260562559,0.9403406259670913,0.8984625828275151,3.5110519591357807,0.8935513776466365,0.921048981156193,deeplearn,3-2-0,2-2-3
684,"[[58071  2166]
 [ 8592 51451]]","(array([0.        , 0.03595797, 1.        ]), array([0.        , 0.85690255, 1.        ]), array([2, 1, 0]))",0.856902553170228,0.8258154814433735,0.9105586963751247,0.9596023649215734,0.9104722935680316,3.0892075855045142,0.9053492873482315,0.9371391310366433,deeplearn,3-2-0,2-3-0
685,"[[37234  1375]
 [ 5607 32941]]","(array([0.        , 0.03561346, 1.        ]), array([0.        , 0.85454498, 1.        ]), array([2, 1, 0]))",0.8545449828784891,0.8239761895016366,0.9095091825757871,0.9599312274157827,0.9094657624382345,3.125456358279002,0.9041776460254721,0.9368245626009603,deeplearn,3-2-0,2-3-1
686,"[[203497   7633]
 [ 29281 182896]]","(array([0.        , 0.03615308, 1.        ]), array([0.        , 0.86199729, 1.        ]), array([2, 1, 0]))",0.8619972947114909,0.8299859603140199,0.9127961503117124,0.9599378572290832,0.9129221068356866,3.0119286833643617,0.9083351129608199,0.9386088168548885,deeplearn,3-2-0,2-3-2
687,"[[203905   7519]
 [ 29802 181369]]","(array([0.        , 0.03556361, 1.        ]), array([0.        , 0.85887267, 1.        ]), array([2, 1, 0]))",0.8588726671749435,0.827978636412804,0.9116861297459743,0.9601933420863157,0.9116545301971282,3.0502672440694742,0.9067112600891368,0.9380608509366178,deeplearn,3-2-0,2-3-3
688,"[[72100  1811]
 [ 3745 32850]]","(array([0.        , 0.02450244, 1.        ]), array([0.        , 0.89766362, 1.        ]), array([2, 1, 0]))",0.8976636152479847,0.8856779010691852,0.9497221870305684,0.947751074694902,0.9365805865608219,1.7365472437792508,0.9220276187268441,0.9372913563761491,deeplearn,3-2-0,3-0-0
689,"[[251645   6269]
 [ 13116 116519]]","(array([0.        , 0.02430655, 1.        ]), array([0.        , 0.89882362, 1.        ]), array([2, 1, 0]))",0.8988236201643075,0.8868739846686632,0.9499805185924877,0.9489445222660194,0.9372585341839862,1.727624618026711,0.9232043038867298,0.9384780931301717,deeplearn,3-2-0,3-0-1
690,"[[79075  1830]
 [ 4110 36247]]","(array([0.        , 0.02261912, 1.        ]), array([0.        , 0.89815893, 1.        ]), array([2, 1, 0]))",0.8981589315360409,0.8889332357609772,0.9510151572627864,0.9519394910313312,0.93776990517226,1.6918885969971362,0.9242675370375092,0.9406742272857033,deeplearn,3-2-0,3-0-2
691,"[[192522   4638]
 [  9868  88611]]","(array([0.        , 0.02352404, 1.        ]), array([0.       , 0.8997959, 1.       ]), array([2, 1, 0]))",0.8997958955716447,0.8887988117721526,0.9509334018854075,0.95026220120323,0.9381359270919698,1.6947128048649052,0.9243407327046649,0.9397210880746595,deeplearn,3-2-0,3-0-3
692,"[[228812   7192]
 [ 11980 106314]]","(array([0.        , 0.03047406, 1.        ]), array([0.       , 0.8987269, 1.       ]), array([2, 1, 0]))",0.8987269007726512,0.8775195828373691,0.945887360357665,0.9366377107818089,0.934126420505476,1.8690005920099633,0.917290767903365,0.9288018199672209,deeplearn,3-2-0,3-1-0
693,"[[205607   6526]
 [ 11431  95208]]","(array([0.        , 0.03076372, 1.        ]), array([0.        , 0.89280657, 1.        ]), array([2, 1, 0]))",0.8928065717045358,0.8725494611061752,0.9436682017241163,0.9358523207580554,0.93102142635846,1.9456477541824277,0.9138228081373305,0.9269142773694202,deeplearn,3-2-0,3-1-1
694,"[[125183   2988]
 [  6278  57276]]","(array([0.        , 0.02331261, 1.        ]), array([0.        , 0.90121786, 1.        ]), array([2, 1, 0]))",0.9012178619756428,0.8901978425675285,0.9516703611944191,0.9504181600955794,0.9389526280799874,1.6692590495363875,0.9251643541326786,0.9401529825022159,deeplearn,3-2-0,3-1-2
695,"[[285966   6963]
 [ 14924 131797]]","(array([0.        , 0.02377027, 1.        ]), array([0.        , 0.89828314, 1.        ]), array([2, 1, 0]))",0.8982831360200653,0.8872734916164636,0.9502172182417833,0.949819832804843,0.9372564354352448,1.7194490311664201,0.9233329013139228,0.9390447745030004,deeplearn,3-2-0,3-1-3
696,"[[68692   735]
 [ 3581 30943]]","(array([0.        , 0.01058666, 1.        ]), array([0.        , 0.89627506, 1.        ]), array([2, 1, 0]))",0.8962750550341791,0.9062307403486985,0.9584804378986254,0.9767977776374771,0.9428441978326728,1.4340405250988038,0.9348055949971301,0.9595561785209257,deeplearn,3-2-0,3-2-0
697,"[[70973  1713]
 [ 3899 32544]]","(array([0.        , 0.02356712, 1.        ]), array([0.      , 0.893011, 1.      ]), array([2, 1, 0]))",0.8930110034848943,0.8835672677897843,0.9485746226942426,0.9499956213328663,0.9347219395709147,1.7761821590836233,0.9206223479490807,0.9380242230689856,deeplearn,3-2-0,3-2-1
698,"[[253037  11352]
 [ 12285 119187]]","(array([0.        , 0.04293673, 1.        ]), array([0.        , 0.90655805, 1.        ]), array([2, 1, 0]))",0.9065580503833516,0.8651768845796616,0.9402896471236115,0.9130374830510423,0.9318106585047108,2.062345456300397,0.9097862303491074,0.9117341974334024,deeplearn,3-2-0,3-2-2
699,"[[207489   5185]
 [ 10710  95411]]","(array([0.        , 0.02438004, 1.        ]), array([0.        , 0.89907747, 1.        ]), array([2, 1, 0]))",0.8990774681731232,0.8869496845632084,0.9501403723395913,0.948457195117102,0.9373487155605545,1.7221035358452332,0.9231074367371818,0.9381520339033047,deeplearn,3-2-0,3-2-3
700,"[[66807  1627]
 [ 3426 30883]]","(array([0.        , 0.02377473, 1.        ]), array([0.        , 0.90014282, 1.        ]), array([2, 1, 0]))",0.9001428196683086,0.8886841875959788,0.9508190339001197,0.9499538603506613,0.9381840439049378,1.6986630531374658,0.9243777967344617,0.9395554582017535,deeplearn,3-2-0,3-3-0
701,"[[219551   5415]
 [ 11302 101263]]","(array([0.       , 0.0240703, 1.       ]), array([0.        , 0.89959579, 1.        ]), array([2, 1, 0]))",0.8995957890996313,0.8878175576337999,0.9504726973226163,0.9492397682746209,0.9377627425712945,1.7106252605354966,0.9237512714202962,0.9388774229199465,deeplearn,3-2-0,3-3-1
702,"[[161005   3838]
 [  8470  73831]]","(array([0.        , 0.02328276, 1.        ]), array([0.        , 0.89708509, 1.        ]), array([2, 1, 0]))",0.8970850900961106,0.8871035788712176,0.9501990742239342,0.9505851755526658,0.936901165068317,1.720075456913775,0.9230605738575983,0.9393806762227815,deeplearn,3-2-0,3-3-2
703,"[[102837   2549]
 [  5365  47291]]","(array([0.        , 0.02418727, 1.        ]), array([0.        , 0.89811228, 1.        ]), array([2, 1, 0]))",0.8981122759039806,0.8865084842748572,0.9499247035598132,0.9488563402889245,0.9369625012260494,1.7295523630628111,0.922787230721199,0.9382539203860072,deeplearn,3-2-0,3-3-3
704,"[[231878  23502]
 [109963  27676]]","(array([0.        , 0.09202757, 1.        ]), array([0.        , 0.20107673, 1.        ]), array([2, 1, 0]))",0.20107672970596996,0.15457270312759025,0.6604108198331379,0.5407792410801516,0.5545245814713575,11.729042574749716,0.29315157003871467,0.40420504102514665,deeplearn,3-1-0,0-0-0
705,"[[168336  17183]
 [ 79323  20582]]","(array([0.        , 0.09262124, 1.        ]), array([0.        , 0.20601571, 1.        ]), array([2, 1, 0]))",0.20601571492918272,0.15962756840158265,0.6618854756432535,0.5450019859658414,0.5566972369890606,11.678110089725788,0.2990048667102492,0.41005717928794855,deeplearn,3-1-0,0-0-1
706,"[[265350  27130]
 [124452  32739]]","(array([0.        , 0.09275848, 1.        ]), array([0.        , 0.20827528, 1.        ]), array([2, 1, 0]))",0.20827528293604597,0.16213771774053393,0.662904656960311,0.5468439426080275,0.5577584018618961,11.642908919124501,0.3016585275960564,0.4126761238015767,deeplearn,3-1-0,0-0-2
707,"[[72151  7263]
 [34295  8643]]","(array([0.        , 0.09145743, 1.        ]), array([0.        , 0.20129023, 1.        ]), array([2, 1, 0]))",0.20129023242815222,0.15586778420137168,0.6603406564665882,0.5433798566578649,0.5549164033926592,11.731465582056963,0.29375977159948335,0.40553855971171704,deeplearn,3-1-0,0-0-3
708,"[[242145  24815]
 [113489  30011]]","(array([0.      , 0.092954, 1.      ]), array([0.        , 0.20913589, 1.        ]), array([2, 1, 0]))",0.20913588850174217,0.1628517982456197,0.6630512108366223,0.5473862765841024,0.5580909439512007,11.637847226360567,0.3026431229389994,0.41359797576652957,deeplearn,3-1-0,0-1-0
709,"[[116453  11951]
 [ 55019  13818]]","(array([0.        , 0.09307342, 1.        ]), array([0.        , 0.20073507, 1.        ]), array([2, 1, 0]))",0.2007350698025771,0.15227053267722704,0.6604661302670337,0.5362256975435601,0.5538308226493338,11.727132853494242,0.2921167790626387,0.4018893277413576,deeplearn,3-1-0,0-1-1
710,"[[286570  29194]
 [134501  35251]]","(array([0.        , 0.09245512, 1.        ]), array([0.        , 0.20766177, 1.        ]), array([2, 1, 0]))",0.2076617653989349,0.16191757492665765,0.6628432430651101,0.5469935604003414,0.5576033203427707,11.64502991747395,0.30103716102255795,0.41226153831759965,deeplearn,3-1-0,0-1-2
711,"[[285716  29110]
 [134110  35198]]","(array([0.        , 0.09246377, 1.        ]), array([0.        , 0.20789331, 1.        ]), array([2, 1, 0]))",0.20789330687268173,0.16218990069391634,0.6628619349188448,0.5473347017478385,0.5577147666163197,11.644384322230037,0.3013321005410588,0.412599052843813,deeplearn,3-1-0,0-1-3
712,"[[44677  4590]
 [21634  5352]]","(array([0.        , 0.09316581, 1.        ]), array([0.        , 0.19832506, 1.        ]), array([2, 1, 0]))",0.19832505743718964,0.14933620650576712,0.6560922193225185,0.5383222691611346,0.5525796233255326,11.878202068539498,0.28986135181975736,0.4008748539413368,deeplearn,3-1-0,0-2-0
713,"[[115482  11777]
 [ 54918  13791]]","(array([0.        , 0.09254355, 1.        ]), array([0.        , 0.20071606, 1.        ]), array([2, 1, 0]))",0.20071606339780815,0.1532444666570565,0.6596638226649248,0.5393851689612015,0.5540862552430149,11.754843181118874,0.29256340358730126,0.403290424082208,deeplearn,3-1-0,0-2-1
714,"[[98238  9951]
 [46401 11636]]","(array([0.        , 0.09197793, 1.        ]), array([0.        , 0.20049279, 1.        ]), array([2, 1, 0]))",0.20049278908282647,0.1538843309105949,0.6609916619542069,0.5390281187751887,0.5542574307835452,11.708981051099316,0.292273686325731,0.40295044499082316,deeplearn,3-1-0,0-2-2
715,"[[251235  25541]
 [118014  31107]]","(array([0.       , 0.0922804, 1.       ]), array([0.        , 0.20860241, 1.        ]), array([2, 1, 0]))",0.20860241012332267,0.16339680555464234,0.6629349349725403,0.5491279480299393,0.5581610050443188,11.641862863296451,0.3023487502976639,0.41397289952703265,deeplearn,3-1-0,0-2-3
716,"[[233947  23828]
 [109483  28711]]","(array([0.       , 0.0924372, 1.       ]), array([0.        , 0.20775866, 1.        ]), array([2, 1, 0]))",0.20775865811829747,0.16203733400131823,0.6633297051031772,0.5464702411541902,0.5576607275655981,11.62822815116715,0.3010595963991548,0.41209989952633846,deeplearn,3-1-0,0-3-0
717,"[[149467  15281]
 [ 70759  17545]]","(array([0.        , 0.09275378, 1.        ]), array([0.        , 0.19868862, 1.        ]), array([2, 1, 0]))",0.19868862112701577,0.15027813589698522,0.6599908319238733,0.5344848595625419,0.5529674197970039,11.743548913529418,0.2896887641377033,0.3994617682415942,deeplearn,3-1-0,0-3-1
718,"[[89643  8987]
 [41875 11023]]","(array([0.        , 0.09111832, 1.        ]), array([0.        , 0.20838217, 1.        ]), array([2, 1, 0]))",0.20838216945820257,0.16510953091063746,0.6643392640304102,0.5508745627186407,0.5586319242302673,11.593358527665197,0.30238108300872335,0.4145917645819856,deeplearn,3-1-0,0-3-2
719,"[[238775  24229]
 [112702  28564]]","(array([0.        , 0.09212407, 1.        ]), array([0.       , 0.2022001, 1.       ]), array([2, 1, 0]))",0.20220010476689365,0.15576007043068413,0.6612882479531007,0.5410565794707631,0.555038015304163,11.698737388323773,0.2943846974373773,0.4052343958369983,deeplearn,3-1-0,0-3-3
720,"[[ 31833   1542]
 [125641  78630]]","(array([0.        , 0.04620225, 1.        ]), array([0.        , 0.38492982, 1.        ]), array([2, 1, 0]))",0.3849298236166661,0.2489136773685494,0.46482162544288563,0.9807663523424637,0.6693637882128274,18.48441139852202,0.5528699950429435,0.7489156296015499,deeplearn,3-1-0,1-0-0
721,"[[ 59433   2866]
 [241528 139985]]","(array([0.        , 0.04600395, 1.        ]), array([0.        , 0.36692066, 1.        ]), array([2, 1, 0]))",0.36692065539051094,0.2386111764499703,0.4493298964426379,0.9799371372969038,0.6604583533457474,19.0194767376818,0.533923000053398,0.7345078322666088,deeplearn,3-1-0,1-0-1
722,"[[17912   932]
 [73179 41620]]","(array([0.        , 0.04945871, 1.        ]), array([0.        , 0.36254671, 1.        ]), array([2, 1, 0]))",0.3625467120793735,0.2338968090125697,0.44545542976437225,0.9780973867268283,0.6565439992152333,19.15329648861542,0.5290083952437544,0.7301575049033883,deeplearn,3-1-0,1-0-2
723,"[[21887  1057]
 [86085 51864]]","(array([0.        , 0.04606869, 1.        ]), array([0.        , 0.37596503, 1.        ]), array([2, 1, 0]))",0.37596503055477026,0.24552840957237151,0.458385386561255,0.9800268324483664,0.6649481707864506,18.706711278798892,0.543448420390842,0.7416920027571768,deeplearn,3-1-0,1-0-3
724,"[[ 35632   1772]
 [141458  85378]]","(array([0.        , 0.04737461, 1.        ]), array([0.        , 0.37638646, 1.        ]), array([2, 1, 0]))",0.3763864642296637,0.24394720261305403,0.45795488949439905,0.979667240390132,0.6645059259443687,18.721580229827815,0.5438331645359985,0.7418548717841776,deeplearn,3-1-0,1-1-0
725,"[[ 29887   1470]
 [119474  72676]]","(array([0.        , 0.04687948, 1.        ]), array([0.        , 0.37822534, 1.        ]), array([2, 1, 0]))",0.37822534478272185,0.24440299663782777,0.4588804824904813,0.9801742508024708,0.6656729300690726,18.689611277115702,0.5458287018956349,0.7435128311105837,deeplearn,3-1-0,1-1-1
726,"[[19740  1018]
 [80932 45954]]","(array([0.        , 0.04904133, 1.        ]), array([0.        , 0.36216762, 1.        ]), array([2, 1, 0]))",0.36216761502451017,0.23369275767346626,0.4449486602909702,0.9783275142638167,0.6565631407813561,19.17079962310094,0.5286383140263893,0.7299522832254253,deeplearn,3-1-0,1-1-2
727,"[[23385  1178]
 [93969 57096]]","(array([0.        , 0.04795831, 1.        ]), array([0.        , 0.37795651, 1.        ]), array([2, 1, 0]))",0.377956508787608,0.2430792210558967,0.4582469765641014,0.9797851528983766,0.6649990987532063,18.711491900906115,0.5454884183071478,0.7431259289724881,deeplearn,3-1-0,1-1-3
728,"[[ 27767   1323]
 [110803  66975]]","(array([0.        , 0.04547955, 1.        ]), array([0.       , 0.3767339, 1.       ]), array([2, 1, 0]))",0.3767339040826199,0.24486903371075122,0.4579828683024924,0.9806290081700781,0.6656271789234,18.720613627642525,0.544344023797526,0.7425660243475176,deeplearn,3-1-0,1-2-0
729,"[[ 39355   1870]
 [153313  95667]]","(array([0.        , 0.04536082, 1.        ]), array([0.        , 0.38423568, 1.        ]), array([2, 1, 0]))",0.38423568158084986,0.25044503086033504,0.4652642097827398,0.9808277884290064,0.669437428419291,18.46912504105242,0.5521633859233458,0.7484181572392384,deeplearn,3-1-0,1-2-1
730,"[[ 58094   2777]
 [211234 155635]]","(array([0.        , 0.04562107, 1.        ]), array([0.      , 0.424225, 1.      ]), array([2, 1, 0]))",0.4242249958432029,0.27391199461724053,0.49967036049936875,0.982469762391738,0.689301964169897,17.280778733654316,0.5925780677389816,0.7777728914151385,deeplearn,3-1-0,1-2-2
731,"[[ 62752   2953]
 [245657 152927]]","(array([0.        , 0.04494331, 1.        ]), array([0.        , 0.38367571, 1.        ]), array([2, 1, 0]))",0.3836757120205528,0.25000987655916324,0.4645360971291588,0.9810559404670259,0.6693662024070497,18.49427309445186,0.5516210249899002,0.7480990192778818,deeplearn,3-1-0,1-2-3
732,"[[ 18884  17333]
 [ 37581 182338]]","(array([0.       , 0.4785874, 1.       ]), array([0.        , 0.82911436, 1.        ]), array([2, 1, 0]))",0.829114355740068,0.29461975657877826,0.7856060842677328,0.9131922011709261,0.6752634760173128,7.4049576255285565,0.8691246216544721,0.8950395787171251,deeplearn,3-1-0,1-3-0
733,"[[12039   591]
 [47067 29512]]","(array([0.        , 0.04679335, 1.        ]), array([0.       , 0.3853798, 1.       ]), array([2, 1, 0]))",0.3853798038626778,0.24963497197333737,0.4657713907789573,0.9803674052420025,0.6692932273470158,18.451607774896416,0.5532704673703155,0.7490697544557874,deeplearn,3-1-0,1-3-1
734,"[[ 67168   3142]
 [267396 161875]]","(array([0.        , 0.04468781, 1.        ]), array([0.        , 0.37709279, 1.        ]), array([2, 1, 0]))",0.3770927921988674,0.2457751101604914,0.45847019802594574,0.9809595375021968,0.666202490538347,18.703781770446582,0.5447695393479256,0.7429964409609864,deeplearn,3-1-0,1-3-2
735,"[[ 53377   2558]
 [212415 128579]]","(array([0.        , 0.04573165, 1.        ]), array([0.        , 0.37707115, 1.        ]), array([2, 1, 0]))",0.37707115081203774,0.2451064981390639,0.4584094384638059,0.9804936821797052,0.6656697490003695,18.70588045548035,0.5446751007665246,0.7427658045479019,deeplearn,3-1-0,1-3-3
736,"[[177124  14748]
 [ 16094 175748]]","(array([0.        , 0.07686374, 1.        ]), array([0.        , 0.91610805, 1.        ]), array([2, 1, 0]))",0.9161080472472138,0.8392654193588257,0.9196224271201989,0.9225810515706366,0.9196221523761086,2.776173749289148,0.9193331554802295,0.9212791431560892,deeplearn,3-1-0,2-0-0
737,"[[188918  15474]
 [ 16602 187968]]","(array([0.        , 0.07570746, 1.        ]), array([0.        , 0.91884441, 1.        ]), array([2, 1, 0]))",0.9188444053380261,0.8431477457161449,0.9215672849800226,0.9239390096440263,0.921568470624706,2.7090002606936343,0.9213846651569071,0.9229155742003148,deeplearn,3-1-0,2-0-1
738,"[[93964  7836]
 [ 7977 94460]]","(array([0.        , 0.07697446, 1.        ]), array([0.        , 0.92212775, 1.        ]), array([2, 1, 0]))",0.9221277468102346,0.8451504530877703,0.9225752434671485,0.9233987643700633,0.9225766435426419,2.6741870316259333,0.9227628179140637,0.9231442806296065,deeplearn,3-1-0,2-0-2
739,"[[229554  19122]
 [ 20122 228231]]","(array([0.        , 0.07689524, 1.        ]), array([0.        , 0.91897823, 1.        ]), array([2, 1, 0]))",0.9189782285698179,0.8420920110178277,0.9210428365346891,0.9226934785508969,0.9210414956968668,2.7271145763002465,0.9208321061274224,0.9219480272911256,deeplearn,3-1-0,2-0-3
740,"[[36408  1959]
 [ 4766 33885]]","(array([0.       , 0.0510595, 1.       ]), array([0.        , 0.87669142, 1.        ]), array([2, 1, 0]))",0.8766914180745647,0.8276105071279496,0.9126827494871329,0.9453465015065283,0.9128159569065452,3.015851329132672,0.9097254849318748,0.9307685123635505,deeplearn,3-1-0,2-1-0
741,"[[201577  16717]
 [ 20087 198182]]","(array([0.        , 0.07658021, 1.        ]), array([0.        , 0.90797136, 1.        ]), array([2, 1, 0]))",0.907971356445487,0.8314909846249201,0.9156960163825152,0.9222099684037618,0.915695574051305,2.911787057786696,0.9150352749972297,0.919326631813817,deeplearn,3-1-0,2-1-1
742,"[[60883  5044]
 [ 5452 60319]]","(array([0.        , 0.07650887, 1.        ]), array([0.        , 0.91710632, 1.        ]), array([2, 1, 0]))",0.9171063234556264,0.8406197633409184,0.9203025102886908,0.9228309594112877,0.9202987287944171,2.7526844007533944,0.9199597358427257,0.9216803219822567,deeplearn,3-1-0,2-1-2
743,"[[161565  13237]
 [ 13762 161394]]","(array([0.        , 0.07572568, 1.        ]), array([0.        , 0.92143004, 1.        ]), array([2, 1, 0]))",0.9214300395076389,0.8457056011742446,0.9228507420890507,0.9242001706455326,0.9228521806558686,2.664671212423712,0.9228130262130954,0.9236448127460857,deeplearn,3-1-0,2-1-3
744,"[[183320  15445]
 [ 17990 181012]]","(array([0.        , 0.07770483, 1.        ]), array([0.       , 0.9095989, 1.       ]), array([2, 1, 0]))",0.9095988985035326,0.83195584617914,0.9159432532110507,0.921382287218068,0.9159470355974509,2.9032482296071533,0.9154526765100807,0.9190012489465186,deeplearn,3-1-0,2-2-0
745,"[[150735  12627]
 [ 12694 150810]]","(array([0.       , 0.0772946, 1.       ]), array([0.        , 0.92236276, 1.        ]), array([2, 1, 0]))",0.9223627556512379,0.8450680788854074,0.9225340047603605,0.9227408726298206,0.9225340791882369,2.675611576646958,0.922551775396784,0.9226652244350578,deeplearn,3-1-0,2-2-1
746,"[[200876  16517]
 [ 16021 200880]]","(array([0.        , 0.07597761, 1.        ]), array([0.        , 0.92613681, 1.        ]), array([2, 1, 0]))",0.9261368089589259,0.8501592194699179,0.9250784031094144,0.9240237905766869,0.9250796007921316,2.5877306923152488,0.925079093157233,0.9244456225511718,deeplearn,3-1-0,2-2-2
747,"[[193734  15838]
 [ 17009 193606]]","(array([0.        , 0.07557307, 1.        ]), array([0.        , 0.91924127, 1.        ]), array([2, 1, 0]))",0.9192412696151746,0.8436696293516004,0.9218276624455302,0.9243807413914936,0.9218340984382251,2.7000070260806046,0.9218038418412651,0.9233482546111136,deeplearn,3-1-0,2-2-3
748,"[[55639  4598]
 [ 4702 55341]]","(array([0.        , 0.07633182, 1.        ]), array([0.        , 0.92168946, 1.        ]), array([2, 1, 0]))",0.9216894558899456,0.8453612551618893,0.9226804123711341,0.9232886768214351,0.9226788166280081,2.6705545146462706,0.9224883732559883,0.9229683888205099,deeplearn,3-1-0,2-3-0
749,"[[36613  1996]
 [ 4897 33651]]","(array([0.        , 0.05169779, 1.        ]), array([0.        , 0.87296358, 1.        ]), array([2, 1, 0]))",0.8729635778769327,0.8236469093447588,0.9106626748059152,0.9440065082615647,0.9106328936031819,3.085622583648795,0.9070961655098052,0.9288876866001233,deeplearn,3-1-0,2-3-1
750,"[[194843  16287]
 [ 15996 196181]]","(array([0.        , 0.07714205, 1.        ]), array([0.        , 0.92461011, 1.        ]), array([2, 1, 0]))",0.9246101132544998,0.847471751029296,0.9237362009132851,0.9233437505883239,0.9237340340345346,2.6340890686906837,0.9239764980159899,0.923596745536223,deeplearn,3-1-0,2-3-2
751,"[[195223  16201]
 [ 16166 195005]]","(array([0.        , 0.07662801, 1.        ]), array([0.        , 0.92344593, 1.        ]), array([2, 1, 0]))",0.9234459277078766,0.8468178471751591,0.9234089376353246,0.9232928988759789,0.9234089597673635,2.64539223098248,0.9233694069516096,0.9233235005847565,deeplearn,3-1-0,2-3-3
752,"[[69742  4169]
 [ 3090 33505]]","(array([0.        , 0.05640568, 1.        ]), array([0.        , 0.91556224, 1.        ]), array([2, 1, 0]))",0.9155622352780435,0.8530131762723748,0.934311259117152,0.8893401284705632,0.929578279089956,2.2688388989950155,0.9022607009654097,0.8944636955326205,deeplearn,3-1-0,3-0-0
753,"[[244573  13341]
 [  9322 120313]]","(array([0.        , 0.05172654, 1.        ]), array([0.        , 0.92809041, 1.        ]), array([2, 1, 0]))",0.9280904076831102,0.8698913274158561,0.9415222333175934,0.9001825609409371,0.9381819315880132,2.0197780328866215,0.9139234833206097,0.9056290468512656,deeplearn,3-1-0,3-0-1
754,"[[76836  4069]
 [ 2839 37518]]","(array([0.        , 0.05029355, 1.        ]), array([0.        , 0.92965285, 1.        ]), array([2, 1, 0]))",0.9296528483286667,0.8729183927628329,0.9430324421500552,0.9021569240387621,0.9396796470800989,1.967616573188522,0.9156985258225129,0.9075252170968287,deeplearn,3-1-0,3-0-2
755,"[[187222   9938]
 [  6920  91559]]","(array([0.        , 0.05040576, 1.        ]), array([0.        , 0.92973121, 1.        ]), array([2, 1, 0]))",0.9297312117304197,0.8728598357627221,0.9429777532734179,0.9020857759342641,0.9396627249563033,1.969505507949444,0.9156998839860784,0.9074825508903458,deeplearn,3-1-0,3-0-3
756,"[[233166   2838]
 [  9215 109079]]","(array([0.        , 0.01202522, 1.        ]), array([0.        , 0.92210087, 1.        ]), array([2, 1, 0]))",0.9221008673305493,0.9232540413087934,0.9659806151883443,0.9746419221387278,0.9550378237095112,1.1749943300424097,0.9476436834034864,0.9636601043886338,deeplearn,3-1-0,3-1-0
757,"[[206843   5290]
 [  8788  97851]]","(array([0.        , 0.02493719, 1.        ]), array([0.        , 0.91759113, 1.        ]), array([2, 1, 0]))",0.9175911251980983,0.9002725481373621,0.955836773618762,0.9487109878709727,0.9463269697822786,1.5253570701252261,0.9328916007245686,0.942319285520307,deeplearn,3-1-0,3-1-1
758,"[[121579   6592]
 [  4396  59158]]","(array([0.        , 0.05143129, 1.        ]), array([0.        , 0.93083047, 1.        ]), array([2, 1, 0]))",0.9308304748717626,0.8720920496876299,0.9426887469031164,0.8997414448669202,0.9396995919310479,1.9794880478473775,0.9150219637443543,0.9057919976481685,deeplearn,3-1-0,3-1-2
759,"[[277975  14954]
 [ 10582 136139]]","(array([0.        , 0.05104991, 1.        ]), array([0.        , 0.92787672, 1.        ]), array([2, 1, 0]))",0.9278767183975027,0.8705689281031771,0.9419174343227568,0.9010278437783352,0.938413402639312,2.0061279454120564,0.9142552062696852,0.9062725920758148,deeplearn,3-1-0,3-1-3
760,"[[64099  5328]
 [ 2556 31968]]","(array([0.        , 0.07674248, 1.        ]), array([0.        , 0.92596455, 1.        ]), array([2, 1, 0]))",0.9259645464025026,0.8338703480404441,0.9241565737703341,0.8571428571428571,0.9246110343460507,2.6195801228711986,0.8902255639097744,0.8700764256319813,deeplearn,3-1-0,3-2-0
761,"[[68060  4626]
 [ 2631 33812]]","(array([0.        , 0.06364362, 1.        ]), array([0.        , 0.92780507, 1.        ]), array([2, 1, 0]))",0.927805065444667,0.8532275677377593,0.9335007193321665,0.8796503460117592,0.9320807238457961,2.296837680502698,0.9030862301518409,0.8888772049738425,deeplearn,3-1-0,3-2-1
762,"[[261111   3278]
 [  9846 121626]]","(array([0.       , 0.0123984, 1.       ]), array([0.        , 0.92510953, 1.        ]), array([2, 1, 0]))",0.9251095290251917,0.9249820650832626,0.9668469488027364,0.9737558444885672,0.9563555656049257,1.145072443325269,0.9488095609573439,0.9636215551555408,deeplearn,3-1-0,3-2-2
763,"[[201671  11003]
 [  7365  98756]]","(array([0.        , 0.05173646, 1.        ]), array([0.        , 0.93059809, 1.        ]), array([2, 1, 0]))",0.9305980908585483,0.8716612845694716,0.9423830361203909,0.8997530954181434,0.9394308151801605,1.9900470295714927,0.9149156939040207,0.9057574240081298,deeplearn,3-1-0,3-2-3
764,"[[64933  3501]
 [ 2416 31893]]","(array([0.        , 0.05115878, 1.        ]), array([0.        , 0.92958116, 1.        ]), array([2, 1, 0]))",0.9295811594625317,0.87179221183409,0.9424097018775002,0.901084929649093,0.9392111893697497,1.989125675902881,0.9151112577650891,0.906643545498479,deeplearn,3-1-0,3-3-0
765,"[[213372  11594]
 [  7998 104567]]","(array([0.        , 0.05153668, 1.        ]), array([0.        , 0.92894772, 1.        ]), array([2, 1, 0]))",0.9289477190956337,0.8707102826443177,0.9419549611739366,0.9001902531830821,0.9387055212211365,2.004832082569293,0.9143429255965653,0.9057984196365615,deeplearn,3-1-0,3-3-1
766,"[[156312   8531]
 [  6066  76235]]","(array([0.        , 0.05175227, 1.        ]), array([0.        , 0.92629494, 1.        ]), array([2, 1, 0]))",0.9262949417382534,0.8682491670069166,0.9409372673421164,0.899358233253899,0.9372713341814907,2.0399821173169825,0.9126278678613969,0.9046195104007216,deeplearn,3-1-0,3-3-2
767,"[[98471  6915]
 [ 3753 48903]]","(array([0.        , 0.06561593, 1.        ]), array([0.        , 0.92872607, 1.        ]), array([2, 1, 0]))",0.9287260711030082,0.8511734001823694,0.9324989559737284,0.8761152316457057,0.93155507244445,2.331438451785836,0.9016538525360918,0.8861550839349396,deeplearn,3-1-0,3-3-3
768,"[[152303 103077]
 [ 55784  81855]]","(array([0.        , 0.40362205, 1.        ]), array([0.       , 0.5947079, 1.       ]), array([2, 1, 0]))",0.5947078952913055,0.18262666902009164,0.5957930787061185,0.442622153007592,0.5955429209403509,13.961022182073174,0.5075161747336245,0.466480959507253,deeplearn,1-3-0,0-0-0
769,"[[110656  74863]
 [ 40545  59360]]","(array([0.        , 0.40353279, 1.        ]), array([0.        , 0.59416446, 1.        ]), array([2, 1, 0]))",0.5941644562334217,0.18217637107509613,0.5956611917708392,0.44224909292744163,0.5953158322219508,13.965577409209699,0.507073054055901,0.4660825977509316,deeplearn,1-3-0,0-0-1
770,"[[174438 118042]
 [ 63721  93470]]","(array([0.        , 0.40358999, 1.        ]), array([0.        , 0.59462692, 1.        ]), array([2, 1, 0]))",0.5946269188439541,0.18250646375293555,0.5957866973854218,0.4419134611747797,0.5955184648924365,13.96124277515785,0.5070205558403377,0.4658411405457723,deeplearn,1-3-0,0-0-2
771,"[[47673 31741]
 [17480 25458]]","(array([0.        , 0.39969023, 1.        ]), array([0.        , 0.59290139, 1.        ]), array([2, 1, 0]))",0.5929013927057618,0.1848162808656363,0.5977098862298941,0.4450777111487963,0.5966055808820572,13.89481571985689,0.5084634051349651,0.4684360440725121,deeplearn,1-3-0,0-0-3
772,"[[159252 107708]
 [ 58135  85365]]","(array([0.        , 0.40346119, 1.        ]), array([0.        , 0.59487805, 1.        ]), array([2, 1, 0]))",0.5948780487804878,0.18287387577372222,0.5959581932466014,0.44213846576165494,0.5957084280462223,13.955319438437813,0.5072599406369496,0.46607199014623407,deeplearn,1-3-0,0-1-0
773,"[[76677 51727]
 [27910 40927]]","(array([0.        , 0.40284571, 1.        ]), array([0.        , 0.59454944, 1.        ]), array([2, 1, 0]))",0.5945494428868195,0.18308800133973724,0.5962452025694455,0.44171865218986767,0.5958518685727826,13.945406363472976,0.50686415961261,0.4656584435650683,deeplearn,1-3-0,0-1-1
774,"[[188461 127303]
 [ 68861 100891]]","(array([0.        , 0.40315869, 1.        ]), array([0.        , 0.59434351, 1.        ]), array([2, 1, 0]))",0.5943435128893916,0.1826634285393892,0.5959680010545482,0.4421281891723709,0.5955924123776077,13.954980523572685,0.5070587466641203,0.4659971843684413,deeplearn,1-3-0,0-1-2
775,"[[187843 126983]
 [ 68687 100621]]","(array([0.        , 0.40334343, 1.        ]), array([0.        , 0.59430742, 1.        ]), array([2, 1, 0]))",0.5943074160701207,0.18245949632552497,0.5958350374069988,0.4420880125129611,0.5954819909595964,13.959572995229937,0.507019188132382,0.4659570408734084,deeplearn,1-3-0,0-1-3
776,"[[29397 19870]
 [10977 16009]]","(array([0.        , 0.40331256, 1.        ]), array([0.        , 0.59323353, 1.        ]), array([2, 1, 0]))",0.5932335284962573,0.18194879085415303,0.5954650964552214,0.44619415256835476,0.5949604831674864,13.972348936497552,0.5093136085262069,0.46946663382247716,deeplearn,1-3-0,0-2-0
777,"[[75911 51348]
 [27905 40804]]","(array([0.        , 0.40349209, 1.        ]), array([0.        , 0.59386689, 1.        ]), array([2, 1, 0]))",0.593866887889505,0.18200192930034517,0.5955819317439582,0.44279017275805194,0.5951873984784201,13.96831474197166,0.507319984334301,0.4665265699709822,deeplearn,1-3-0,0-2-1
778,"[[64562 43627]
 [23534 34503]]","(array([0.        , 0.40324802, 1.        ]), array([0.        , 0.59450006, 1.        ]), array([2, 1, 0]))",0.5945000603063563,0.18266826405840153,0.5959657333991072,0.44161013695123513,0.595626020318537,13.955059049099921,0.5067747692172112,0.46555590637877575,deeplearn,1-3-0,0-2-2
779,"[[165255 111521]
 [ 60544  88577]]","(array([0.        , 0.40292872, 1.        ]), array([0.        , 0.59399414, 1.        ]), array([2, 1, 0]))",0.5939941389878018,0.18261368618096463,0.5959938670617544,0.44266809263460904,0.5955327084221317,13.954086862070685,0.5072862587659893,0.4664338455608296,deeplearn,1-3-0,0-2-3
780,"[[153937 103838]
 [ 56086  82108]]","(array([0.        , 0.40282417, 1.        ]), array([0.        , 0.59415025, 1.        ]), array([2, 1, 0]))",0.5941502525435257,0.18273103979634145,0.596119898274865,0.4415690576834135,0.5956630420898212,13.949734208429579,0.5066205960387488,0.46547646313173346,deeplearn,1-3-0,0-3-0
781,"[[98073 66675]
 [35850 52454]]","(array([0.        , 0.40470901, 1.        ]), array([0.        , 0.59401613, 1.        ]), array([2, 1, 0]))",0.5940161261098025,0.1807718782128021,0.5948461185843226,0.44031260230506425,0.5946535579926243,13.99372999639155,0.5057440233714018,0.46434262242838426,deeplearn,1-3-0,0-3-1
782,"[[58739 39891]
 [21600 31298]]","(array([0.        , 0.40445098, 1.        ]), array([0.        , 0.59166698, 1.        ]), array([2, 1, 0]))",0.59166698173844,0.17881232718050377,0.5941938123647115,0.4396465746112461,0.5936080016671517,14.016259675047127,0.504452521214954,0.4634625978072229,deeplearn,1-3-0,0-3-2
783,"[[156915 106089]
 [ 57416  83850]]","(array([0.        , 0.40337409, 1.        ]), array([0.        , 0.59356108, 1.        ]), array([2, 1, 0]))",0.5935610833463112,0.18169008902100814,0.5955549508991516,0.4414575205723943,0.5950934950883128,13.969246946203384,0.5063329357950513,0.4653049537081226,deeplearn,1-3-0,0-3-3
784,"[[ 17734  15641]
 [ 35089 169182]]","(array([0.        , 0.46864419, 1.        ]), array([0.        , 0.82822329, 1.        ]), array([2, 1, 0]))",0.8282232916077172,0.30048229869389875,0.7865312271193288,0.9153730866829345,0.6797895484255815,7.3730028404316705,0.8696201946059307,0.8965061156488757,deeplearn,1-3-0,1-0-0
785,"[[ 32890  29409]
 [ 71593 309920]]","(array([0.        , 0.47206215, 1.        ]), array([0.        , 0.81234453, 1.        ]), array([2, 1, 0]))",0.8123445334759235,0.27861299348593993,0.7724216560165115,0.9133318991303425,0.6701411907977379,7.860330520129229,0.8598833031371647,0.8911744628137672,deeplearn,1-3-0,1-0-1
786,"[[ 9952  8892]
 [22502 92297]]","(array([0.        , 0.47187434, 1.        ]), array([0.        , 0.80398784, 1.        ]), array([2, 1, 0]))",0.8039878396153277,0.2695512596650349,0.7650905771346049,0.9121248357034856,0.6660567514782221,8.113537230997325,0.8546493323703169,0.8882312748409698,deeplearn,1-3-0,1-0-2
787,"[[ 12234  10710]
 [ 24151 113798]]","(array([0.       , 0.4667887, 1.       ]), array([0.        , 0.82492805, 1.        ]), array([2, 1, 0]))",0.824928053121081,0.2993546912497864,0.7833280503191562,0.91398143091207,0.6790696750961054,7.483637247061456,0.8671744323832095,0.8946650921961505,deeplearn,1-3-0,1-0-3
788,"[[ 19787  17617]
 [ 39230 187606]]","(array([0.        , 0.47099241, 1.        ]), array([0.        , 0.82705567, 1.        ]), array([2, 1, 0]))",0.8270556701758098,0.2980166998125367,0.7848660308810173,0.9141567952909762,0.6780316314733182,7.430517363871539,0.8684276915884174,0.8952991616144648,deeplearn,1-3-0,1-1-0
789,"[[ 17839  13518]
 [ 32930 159220]]","(array([0.        , 0.43109991, 1.        ]), array([0.        , 0.82862347, 1.        ]), array([2, 1, 0]))",0.8286234712464221,0.3295012523023218,0.792185479649407,0.9217427549236415,0.698761778675799,7.177707610718559,0.8727061454473702,0.9014813690830731,deeplearn,1-3-0,1-1-1
790,"[[ 11035   9723]
 [ 24668 102218]]","(array([0.        , 0.46839773, 1.        ]), array([0.        , 0.80558927, 1.        ]), array([2, 1, 0]))",0.805589269107703,0.27373437250286975,0.7670680826853783,0.9131417443117357,0.668595771464922,8.045236064338457,0.8560003684675519,0.8893935438962847,deeplearn,1-3-0,1-1-2
791,"[[ 14028  10535]
 [ 29082 121983]]","(array([0.        , 0.42889712, 1.        ]), array([0.        , 0.80748684, 1.        ]), array([2, 1, 0]))",0.8074868434117763,0.3051160145934321,0.7744266290113194,0.9205013658521861,0.689294860862343,7.791076184868607,0.8602983958840973,0.8954366008600325,deeplearn,1-3-0,1-1-3
792,"[[ 15384  13706]
 [ 30821 146957]]","(array([0.        , 0.47115847, 1.        ]), array([0.        , 0.82663209, 1.        ]), array([2, 1, 0]))",0.8266320917098854,0.29669882047147933,0.7847564630585687,0.9146909991721803,0.6777368090037912,7.43430137004547,0.868434970940282,0.8956096193459527,deeplearn,1-3-0,1-2-0
793,"[[ 23544  17681]
 [ 46224 202756]]","(array([0.        , 0.42889024, 1.        ]), array([0.        , 0.81434653, 1.        ]), array([2, 1, 0]))",0.8143465338581413,0.3148961320043713,0.7797935941834221,0.9197911421403848,0.6927281486755836,7.605708527416586,0.8638630471414542,0.8965728274173806,deeplearn,1-3-0,1-2-1
794,"[[ 34688  26183]
 [ 63003 303866]]","(array([0.        , 0.43013915, 1.        ]), array([0.       , 0.8282684, 1.       ]), array([2, 1, 0]))",0.828268400982367,0.3313357737150971,0.7914948333099546,0.9206693551563556,0.6990646271311269,7.20156227478379,0.8720279860758368,0.9005758521455902,deeplearn,1-3-0,1-2-2
795,"[[ 34803  30902]
 [ 68495 330089]]","(array([0.        , 0.47031428, 1.        ]), array([0.        , 0.82815417, 1.        ]), array([2, 1, 0]))",0.8281541657467435,0.29988430646825665,0.7859156689044969,0.9143967578139067,0.678919941103339,7.394264060713747,0.8691412961195405,0.8957405722944531,deeplearn,1-3-0,1-2-3
796,"[[ 22630  13587]
 [  3498 216421]]","(array([0.        , 0.37515531, 1.        ]), array([0.        , 0.98409414, 1.        ]), array([2, 1, 0]))",0.9840941437529273,0.7010301982718327,0.9332971546365993,0.9409281416298564,0.8044694149750085,2.3038770763865024,0.9620271732970016,0.9492557136227785,deeplearn,1-3-0,1-3-0
797,"[[ 7179  5451]
 [13094 63485]]","(array([0.        , 0.43159145, 1.        ]), array([0.        , 0.82901318, 1.        ]), array([2, 1, 0]))",0.8290131759359616,0.3306176821026272,0.792117387259133,0.9209266566090286,0.6987108635024226,7.180059936208348,0.8725560938734838,0.9009488452357638,deeplearn,1-3-0,1-3-1
798,"[[ 39918  30392]
 [ 74394 354877]]","(array([0.        , 0.43225715, 1.        ]), array([0.        , 0.82669689, 1.        ]), array([2, 1, 0]))",0.8266968884457604,0.3265329749749439,0.790252231369888,0.9211148574113152,0.6972198707624905,7.244479923540345,0.8713556117563287,0.9005444218708683,deeplearn,1-3-0,1-3-2
799,"[[ 32070  23865]
 [ 58989 282005]]","(array([0.        , 0.42665594, 1.        ]), array([0.        , 0.82700869, 1.        ]), array([2, 1, 0]))",0.8270086863698481,0.33130510065660573,0.7912624172081153,0.9219766567495995,0.700176373219786,7.209588772341153,0.8719143436642014,0.9012773622316509,deeplearn,1-3-0,1-3-3
800,"[[135618  56254]
 [  8465 183377]]","(array([0.        , 0.29318504, 1.        ]), array([0.        , 0.95587515, 1.        ]), array([2, 1, 0]))",0.9558751472565966,0.6842428438763901,0.8313353174499758,0.7652474012126979,0.831345053614956,5.825588980480416,0.8500045194021411,0.7970376384559349,deeplearn,1-3-0,2-0-0
801,"[[155501  48891]
 [ 10037 194533]]","(array([0.        , 0.23920212, 1.        ]), array([0.        , 0.95093611, 1.        ]), array([2, 1, 0]))",0.9509361098890355,0.7250034544172009,0.855908372905062,0.7991529183646642,0.8558669942376408,4.976844079687738,0.8684625240516614,0.8255054461386478,deeplearn,1-3-0,2-0-1
802,"[[74611 27189]
 [ 4863 97574]]","(array([0.        , 0.26708251, 1.        ]), array([0.        , 0.95252692, 1.        ]), array([2, 1, 0]))",0.9525269189843514,0.7029413795076567,0.8430646748630268,0.782074813847054,0.8427222021247887,5.42046054957822,0.8589260563380282,0.8111037774589395,deeplearn,1-3-0,2-0-2
803,"[[175570  73106]
 [ 11067 237286]]","(array([0.        , 0.29398092, 1.        ]), array([0.        , 0.95543843, 1.        ]), array([2, 1, 0]))",0.9554384283660757,0.6829665888769527,0.8306477086850063,0.7644720224748061,0.8307287526990184,5.849338531269907,0.8493534617759443,0.7963039651095595,deeplearn,1-3-0,2-0-3
804,"[[29202  9165]
 [ 1915 36736]]","(array([0.        , 0.23887716, 1.        ]), array([0.        , 0.95045406, 1.        ]), array([2, 1, 0]))",0.9504540632842617,0.7250554109137712,0.856137526292555,0.800331147469554,0.8557884516124178,4.968928961620117,0.868956381871511,0.8264381003801939,deeplearn,1-3-0,2-1-0
805,"[[165906  52388]
 [ 10835 207434]]","(array([0.        , 0.23998827, 1.        ]), array([0.        , 0.95035942, 1.        ]), array([2, 1, 0]))",0.950359418882205,0.7235951164133619,0.8551801229146767,0.7983696530701788,0.8551855730928749,5.001997304685948,0.8677594851189417,0.8247498920526067,deeplearn,1-3-0,2-1-1
806,"[[46547 19380]
 [ 2805 62966]]","(array([0.       , 0.2939615, 1.       ]), array([0.        , 0.95735202, 1.        ]), array([2, 1, 0]))",0.9573520244484651,0.6852428439556557,0.8315464168020775,0.7646515920627596,0.8316952607870369,5.818298307637859,0.8502197587042676,0.7967253356277916,deeplearn,1-3-0,2-1-2
807,"[[128247  46555]
 [  7697 167459]]","(array([0.       , 0.2663299, 1.       ]), array([0.        , 0.95605632, 1.        ]), array([2, 1, 0]))",0.9560563155130284,0.7075570293854102,0.8449756827962213,0.7824675021260291,0.8448632054104313,5.354456598320535,0.8605956265899221,0.8119523434560497,deeplearn,1-3-0,2-1-3
808,"[[151097  47668]
 [  9923 189079]]","(array([0.        , 0.23982089, 1.        ]), array([0.        , 0.95013618, 1.        ]), array([2, 1, 0]))",0.950136179535884,0.7235485611596706,0.8552142334582808,0.7986542596104702,0.8551576427576535,5.0008190387075935,0.86783446433612,0.8249592055777101,deeplearn,1-3-0,2-2-0
809,"[[115681  47681]
 [  7026 156478]]","(array([0.        , 0.29187326, 1.        ]), array([0.        , 0.95702857, 1.        ]), array([2, 1, 0]))",0.9570285742244838,0.6868214354501038,0.8326317206439336,0.7664516381839644,0.8325776555822655,5.780812216141929,0.8512034118200634,0.7982431081274103,deeplearn,1-3-0,2-2-1
810,"[[165236  52157]
 [ 10481 206420]]","(array([0.        , 0.23992033, 1.        ]), array([0.        , 0.95167842, 1.        ]), array([2, 1, 0]))",0.9516784154983149,0.7250769997489047,0.8557705149046498,0.7982921914942164,0.8558790434384391,4.98160596376552,0.8682630952431027,0.8248821739613446,deeplearn,1-3-0,2-2-2
811,"[[159334  50238]
 [ 10361 200254]]","(array([0.        , 0.23971714, 1.        ]), array([0.        , 0.95080597, 1.        ]), array([2, 1, 0]))",0.9508059729838806,0.7246089347908155,0.8557808785136142,0.7994426967727513,0.8555444175991492,4.981247589599133,0.8685793102251755,0.8257331663069662,deeplearn,1-3-0,2-2-3
812,"[[44239 15998]
 [ 2784 57259]]","(array([0.        , 0.26558428, 1.        ]), array([0.        , 0.95363323, 1.        ]), array([2, 1, 0]))",0.9536332295188449,0.7050216709784757,0.8438476887263053,0.781618138880926,0.8440244770367602,5.393416114141177,0.8590997749437358,0.8108709013201312,deeplearn,1-3-0,2-3-0
813,"[[29441  9168]
 [ 1863 36685]]","(array([0.        , 0.23745759, 1.        ]), array([0.        , 0.95167064, 1.        ]), array([2, 1, 0]))",0.9516706443914081,0.7272591467881272,0.8570317663983825,0.8000567029420104,0.8571065283911508,4.93804286223544,0.8693024964159192,0.8263876374121464,deeplearn,1-3-0,2-3-1
814,"[[157562  53568]
 [  9665 202512]]","(array([0.        , 0.25372046, 1.        ]), array([0.        , 0.95444841, 1.        ]), array([2, 1, 0]))",0.9544484086399563,0.7166919691850766,0.8506214166078048,0.7908153701968135,0.8503639760246151,5.1594546761913405,0.8649609082192043,0.8188940207699654,deeplearn,1-3-0,2-3-2
815,"[[154699  56725]
 [  9604 201567]]","(array([0.        , 0.26829972, 1.        ]), array([0.        , 0.95452027, 1.        ]), array([2, 1, 0]))",0.9545202703022669,0.7038494513421711,0.8430435760006626,0.7803842163133198,0.8431102751541604,5.421190162359371,0.858713040218292,0.8099360383303907,deeplearn,1-3-0,2-3-3
816,"[[54406 19505]
 [ 2418 34177]]","(array([0.        , 0.26389847, 1.        ]), array([0.       , 0.9339254, 1.       ]), array([2, 1, 0]))",0.9339253996447602,0.6309245501261094,0.8016125821222377,0.6366566074289334,0.8350134635787899,6.852199799590093,0.7571585232118924,0.6799417482681649,deeplearn,1-3-0,3-0-0
817,"[[189767  68147]
 [  9332 120303]]","(array([0.        , 0.26422373, 1.        ]), array([0.        , 0.92801327, 1.        ]), array([2, 1, 0]))",0.9280132680217534,0.6266086491212675,0.8000794738213749,0.6383815335632794,0.831894767264597,6.905150952440493,0.7564204536523257,0.6808820116929939,deeplearn,1-3-0,3-0-1
818,"[[59420 21485]
 [ 2999 37358]]","(array([0.        , 0.26555837, 1.        ]), array([0.        , 0.92568823, 1.        ]), array([2, 1, 0]))",0.9256882325247169,0.622401586430754,0.7980900859296399,0.6348758560916337,0.8300649307979249,6.973863045338036,0.7531854838709678,0.67744053037584,deeplearn,1-3-0,3-0-2
819,"[[145149  52011]
 [  7044  91435]]","(array([0.        , 0.26380097, 1.        ]), array([0.        , 0.92847206, 1.        ]), array([2, 1, 0]))",0.9284720600331035,0.6268251980270266,0.8002462462665616,0.637417564797903,0.8323355431023705,6.89939090533858,0.7558954221349592,0.6800537884726661,deeplearn,1-3-0,3-0-3
820,"[[173386  62618]
 [  7114 111180]]","(array([0.        , 0.26532601, 1.        ]), array([0.       , 0.9398617, 1.       ]), array([2, 1, 0]))",0.9398617005089015,0.6363337865202747,0.8031826315700342,0.639708166952439,0.8372678445426832,6.7979723982686755,0.7612669980691015,0.6833553373997833,deeplearn,1-3-0,3-1-0
821,"[[156048  56085]
 [  6260 100379]]","(array([0.        , 0.26438602, 1.        ]), array([0.        , 0.94129727, 1.        ]), array([2, 1, 0]))",0.9412972739804387,0.6388761924267775,0.8044213418995395,0.6415469373146538,0.8384556260018301,6.755188221558293,0.7630395700543132,0.685185564406583,deeplearn,1-3-0,3-1-1
822,"[[94349 33822]
 [ 4683 58871]]","(array([0.        , 0.26388185, 1.        ]), array([0.        , 0.92631463, 1.        ]), array([2, 1, 0]))",0.9263146300783586,0.6240176953909862,0.7991654713782762,0.6351180779562642,0.8312163923655636,6.936719932561327,0.7535632684147535,0.6777282502083687,deeplearn,1-3-0,3-1-2
823,"[[215768  77161]
 [ 10687 136034]]","(array([0.        , 0.26341195, 1.        ]), array([0.        , 0.92716107, 1.        ]), array([2, 1, 0]))",0.9271610744201579,0.6262558824763896,0.8001865119981804,0.6380731255423439,0.8318745606765162,6.901453716541395,0.7559208259705041,0.6805095742775645,deeplearn,1-3-0,3-1-3
824,"[[52102 17325]
 [ 2790 31734]]","(array([0.        , 0.24954269, 1.        ]), array([0.        , 0.91918665, 1.        ]), array([2, 1, 0]))",0.9191866527632951,0.6317639517116895,0.8064953680099277,0.6468537882957256,0.8348219838203963,6.683546480640943,0.759341014321094,0.6875975039001561,deeplearn,1-3-0,3-2-0
825,"[[54422 18264]
 [ 3048 33395]]","(array([0.       , 0.2512726, 1.       ]), array([0.        , 0.91636254, 1.        ]), array([2, 1, 0]))",0.9163625387591582,0.6282308067340494,0.8047081893905378,0.6464507636617046,0.8325449707801239,6.745274000273085,0.7580985675694082,0.6869165991303239,deeplearn,1-3-0,3-2-1
826,"[[194157  70232]
 [  8027 123445]]","(array([0.        , 0.26563889, 1.        ]), array([0.        , 0.93894517, 1.        ]), array([2, 1, 0]))",0.9389451746379457,0.6343640723352301,0.802306870340852,0.6373756305601594,0.8366531432422526,6.828220661333228,0.7593134224617022,0.6811284733717362,deeplearn,1-3-0,3-2-2
827,"[[156375  56299]
 [  7575  98546]]","(array([0.        , 0.26471971, 1.        ]), array([0.        , 0.92861922, 1.        ]), array([2, 1, 0]))",0.9286192176854723,0.6259734425238016,0.7996392666133408,0.6364170622235138,0.8319497529130033,6.920355777174196,0.7552401462259452,0.679158264426927,deeplearn,1-3-0,3-2-3
828,"[[50415 18019]
 [ 2531 31778]]","(array([0.        , 0.26330479, 1.        ]), array([0.        , 0.92622927, 1.        ]), array([2, 1, 0]))",0.9262292692879419,0.6255843582741899,0.799986373767556,0.6381508926240537,0.8314622396356418,6.908366145250861,0.755665469764345,0.680479834858692,deeplearn,1-3-0,3-3-0
829,"[[165652  59314]
 [  8237 104328]]","(array([0.        , 0.26365762, 1.        ]), array([0.       , 0.9268245, 1.       ]), array([2, 1, 0]))",0.9268245013991916,0.6256039995102598,0.7998672714506223,0.6375380403563877,0.8315834410127987,6.912480073162423,0.7554334249313015,0.6799863908865867,deeplearn,1-3-0,3-3-1
830,"[[121321  43522]
 [  6067  76234]]","(array([0.        , 0.26402092, 1.        ]), array([0.        , 0.92628279, 1.        ]), array([2, 1, 0]))",0.9262827912176037,0.6245319548942236,0.7993517949049946,0.6365777080062794,0.8311309371725929,6.9302842987350814,0.7545791534072068,0.6790540239611633,deeplearn,1-3-0,3-3-2
831,"[[78910 26476]
 [ 4288 48368]]","(array([0.        , 0.25122882, 1.        ]), array([0.        , 0.91856579, 1.        ]), array([2, 1, 0]))",0.9185657854755394,0.6299783715198904,0.8053428835372876,0.6462508684730907,0.8336684847518891,6.723352571813785,0.7587137254901961,0.686983001545314,deeplearn,1-3-0,3-3-3
832,"[[231343  24037]
 [119689  17950]]","(array([0.        , 0.09412248, 1.        ]), array([0.        , 0.13041362, 1.        ]), array([2, 1, 0]))",0.13041361823320424,0.05604462387641619,0.634302667301072,0.427513277919356,0.5181455670459623,12.630787305596831,0.19985970850545018,0.29369704863099544,deeplearn,2-1-0,0-0-0
833,"[[167894  17625]
 [ 87197  12708]]","(array([0.        , 0.09500375, 1.        ]), array([0.        , 0.12720084, 1.        ]), array([2, 1, 0]))",0.12720084079875882,0.049830958585372155,0.6327498738718538,0.4189496587874592,0.5160985472758719,12.684419362674602,0.19515041692900686,0.28720331590104725,deeplearn,2-1-0,0-0-1
834,"[[264726  27754]
 [135733  21458]]","(array([0.        , 0.09489196, 1.        ]), array([0.        , 0.13650909, 1.        ]), array([2, 1, 0]))",0.1365090876704137,0.06356521316400303,0.6364297453026768,0.4360318621474437,0.520808564622953,12.557321082528874,0.20792333444765823,0.3030457096534563,deeplearn,2-1-0,0-0-2
835,"[[71970  7444]
 [37152  5786]]","(array([0.        , 0.09373662, 1.        ]), array([0.        , 0.13475243, 1.        ]), array([2, 1, 0]))",0.13475243374167403,0.06303542499286541,0.6355106577742906,0.4373393801965231,0.5205079064973512,12.589064537651263,0.20602478279447373,0.30180058002461974,deeplearn,2-1-0,0-0-3
836,"[[241439  25521]
 [124283  19217]]","(array([0.        , 0.09559859, 1.        ]), array([0.        , 0.13391638, 1.        ]), array([2, 1, 0]))",0.1339163763066202,0.05863212239101364,0.6350338644447693,0.42954535294380614,0.5191588923786623,12.60553346389226,0.20417768994570704,0.2979823353553397,deeplearn,2-1-0,0-1-0
837,"[[116270  12134]
 [ 59421   9416]]","(array([0.        , 0.09449861, 1.        ]), array([0.       , 0.1367869, 1.       ]), array([2, 1, 0]))",0.13678690239260863,0.0646133055173517,0.637220456193185,0.4369373549883991,0.5211441443211291,12.530010734345558,0.20834854569794328,0.30366944664821943,deeplearn,2-1-0,0-1-1
838,"[[285862  29902]
 [146871  22881]]","(array([0.        , 0.09469731, 1.        ]), array([0.        , 0.13479075, 1.        ]), array([2, 1, 0]))",0.13479075356991377,0.06141933657366904,0.6359069526030038,0.43349184396491297,0.5200467239936317,12.575377596659848,0.20563956231604022,0.30036704088383864,deeplearn,2-1-0,0-1-2
839,"[[285006  29820]
 [146508  22800]]","(array([0.        , 0.09471899, 1.        ]), array([0.        , 0.13466582, 1.        ]), array([2, 1, 0]))",0.1346658161457226,0.061204516801563934,0.6357867863029657,0.43329532497149376,0.5199734142572299,12.579527998771374,0.20547204498756355,0.30016746184713583,deeplearn,2-1-0,0-1-3
840,"[[44625  4642]
 [23746  3240]]","(array([0.        , 0.09422128, 1.        ]), array([0.        , 0.12006225, 1.        ]), array([2, 1, 0]))",0.12006225450233454,0.04058840222633489,0.6277130080127995,0.41106318193351943,0.512920485239273,12.85838584750758,0.18584375358494895,0.27685682058994426,deeplearn,2-1-0,0-2-0
841,"[[115246  12013]
 [ 59832   8877]]","(array([0.        , 0.09439804, 1.        ]), array([0.        , 0.12919705, 1.        ]), array([2, 1, 0]))",0.12919704842160415,0.05380627719533673,0.6333840218811234,0.4249401627573001,0.5173995048880037,12.662516307031188,0.1981495329188942,0.29149071708620927,deeplearn,2-1-0,0-2-1
842,"[[98014 10175]
 [50393  7644]]","(array([0.        , 0.09404838, 1.        ]), array([0.        , 0.13170908, 1.        ]), array([2, 1, 0]))",0.13170908213725727,0.05803147458510902,0.6356286020237508,0.4289803019249116,0.5188303519181605,12.584991184235934,0.2015397595443999,0.2955619311283475,deeplearn,2-1-0,0-2-2
843,"[[250539  26237]
 [129181  19940]]","(array([0.        , 0.09479507, 1.        ]), array([0.        , 0.13371691, 1.        ]), array([2, 1, 0]))",0.1337169144520222,0.0597148642250131,0.6350807824427033,0.43181670528618143,0.5194609227577046,12.603912515894695,0.20420075986441236,0.2986558986786649,deeplearn,2-1-0,0-2-3
844,"[[233361  24414]
 [119295  18899]]","(array([0.       , 0.0947105, 1.       ]), array([0.        , 0.13675702, 1.        ]), array([2, 1, 0]))",0.13675702273615353,0.06421112381787195,0.6370700736673831,0.43633551127836906,0.5210232596951062,12.535204872876111,0.20824541202267685,0.30340733225021344,deeplearn,2-1-0,0-3-0
845,"[[149178  15570]
 [ 76950  11354]]","(array([0.        , 0.09450798, 1.        ]), array([0.        , 0.12857855, 1.        ]), array([2, 1, 0]))",0.12857854683819533,0.05266628858473843,0.6343834468804831,0.4217055415242906,0.5170352855102914,12.627997572787905,0.19707015655916968,0.28964285714285715,deeplearn,2-1-0,0-3-1
846,"[[89165  9465]
 [46157  6741]]","(array([0.        , 0.09596472, 1.        ]), array([0.        , 0.12743393, 1.        ]), array([2, 1, 0]))",0.1274339294491285,0.04853867324130938,0.6329259278813156,0.41595705294335433,0.5157346064157333,12.67833924309302,0.195097244732577,0.28631012045327137,deeplearn,2-1-0,0-3-2
847,"[[238185  24819]
 [123525  17741]]","(array([0.        , 0.09436739, 1.        ]), array([0.        , 0.12558577, 1.        ]), array([2, 1, 0]))",0.12558577435476334,0.048498623407260875,0.633057115294234,0.4168468045112782,0.5156091941537014,12.673807333552453,0.1930194858181106,0.28476177023877547,deeplearn,2-1-0,0-3-3
848,"[[ 16245  17130]
 [ 58944 145327]]","(array([0.        , 0.51325843, 1.        ]), array([0.        , 0.71144215, 1.        ]), array([2, 1, 0]))",0.7114421528263923,0.1480592736912377,0.67988520740934,0.8945567134687948,0.5990918629300501,11.056430878577443,0.7925601535743112,0.8507620310994393,deeplearn,2-1-0,1-0-0
849,"[[ 27366  34933]
 [115960 265553]]","(array([0.        , 0.56073131, 1.        ]), array([0.       , 0.6960523, 1.       ]), array([2, 1, 0]))",0.6960522970383709,0.10052770028941076,0.6600069398754428,0.883744999767044,0.5676604925696518,11.743007216781624,0.7787489424471296,0.8385229279986763,deeplearn,2-1-0,1-0-1
850,"[[ 7432 11412]
 [34914 79885]]","(array([0.        , 0.60560391, 1.        ]), array([0.        , 0.69586843, 1.        ]), array([2, 1, 0]))",0.6958684309096769,0.0675209046048203,0.6533600712345577,0.8750013691578037,0.5451322625785914,11.97258726814353,0.7752212561136558,0.8321579542779284,deeplearn,2-1-0,1-0-2
851,"[[10079 12865]
 [41936 96013]]","(array([0.        , 0.56071304, 1.        ]), array([0.       , 0.6960036, 1.       ]), array([2, 1, 0]))",0.696003595531682,0.10114093291813304,0.6593947530346255,0.8818402248388104,0.567645277542689,11.764152399659649,0.7779780980200707,0.837136265587372,deeplearn,2-1-0,1-0-3
852,"[[ 18049  19355]
 [ 68969 157867]]","(array([0.        , 0.51745803, 1.        ]), array([0.        , 0.69595214, 1.        ]), array([2, 1, 0]))",0.6959521416353666,0.13239620988309286,0.665743263699667,0.8907866969112187,0.5892470578778908,11.544877242326496,0.7814076196981622,0.8435553646160618,deeplearn,2-1-0,1-1-0
853,"[[ 13842  17515]
 [ 57990 134160]]","(array([0.        , 0.55856746, 1.        ]), array([0.        , 0.69820453, 1.        ]), array([2, 1, 0]))",0.6982045277127245,0.10384179127110245,0.6621806028446536,0.8845228284160211,0.5698185313564419,11.66793128021369,0.7803970042899732,0.839707078925956,deeplearn,2-1-0,1-1-1
854,"[[ 8229 12529]
 [39356 87530]]","(array([0.        , 0.60357453, 1.        ]), array([0.        , 0.68983182, 1.        ]), array([2, 1, 0]))",0.6898318175370017,0.06415526616744353,0.6485803689956924,0.8747838775122677,0.5431286460264255,12.137671909499495,0.7713763246601599,0.8302632028259112,deeplearn,2-1-0,1-1-2
855,"[[ 10867  13696]
 [ 45735 105330]]","(array([0.        , 0.55758661, 1.        ]), array([0.        , 0.69724953, 1.        ]), array([2, 1, 0]))",0.6972495283487241,0.10364943137091716,0.661608627325939,0.8849327037790062,0.569831457167889,11.687686309770314,0.7799593470348883,0.8397258155297853,deeplearn,2-1-0,1-1-3
856,"[[ 14123  14967]
 [ 53872 123906]]","(array([0.       , 0.5145067, 1.       ]), array([0.        , 0.69697038, 1.        ]), array([2, 1, 0]))",0.6969703787870265,0.13503299170153513,0.6672322447164375,0.8922252705709534,0.5912318377262736,11.493448942436697,0.7826029287764762,0.8448866038430591,deeplearn,2-1-0,1-2-0
857,"[[ 20077  21148]
 [ 75664 173316]]","(array([0.        , 0.51298969, 1.        ]), array([0.       , 0.6961041, 1.       ]), array([2, 1, 0]))",0.6961041047473693,0.13596167553991717,0.6664013369859237,0.8912497943064012,0.59155720701286,11.52214789624764,0.7816815652032726,0.8439322345535216,deeplearn,2-1-0,1-2-1
858,"[[ 29489  31382]
 [107363 259506]]","(array([0.        , 0.51554928, 1.        ]), array([0.        , 0.70735331, 1.        ]), array([2, 1, 0]))",0.7073533059484448,0.14365805296653625,0.6756323935100762,0.8921165534501251,0.5959020148049792,11.203318894371437,0.789063438321447,0.84782553297426,deeplearn,2-1-0,1-2-2
859,"[[ 31747  33958]
 [119574 279010]]","(array([0.       , 0.5168252, 1.       ]), array([0.        , 0.70000301, 1.        ]), array([2, 1, 0]))",0.7000030106577284,0.13621735007002736,0.669318032518539,0.8914968942511694,0.5915889035481778,11.4214090150595,0.7842294027702824,0.8452512517752669,deeplearn,2-1-0,1-2-3
860,"[[ 16154  20063]
 [ 26435 193484]]","(array([0.        , 0.55396637, 1.        ]), array([0.        , 0.87979665, 1.        ]), array([2, 1, 0]))",0.8797966524038396,0.3049183770020764,0.8184636286972545,0.9060487855132594,0.6629151415096483,6.270106768020891,0.892729764272169,0.9006737690006676,deeplearn,2-1-0,1-3-0
861,"[[ 6132  6498]
 [23222 53357]]","(array([0.        , 0.51448931, 1.        ]), array([0.       , 0.6967576, 1.       ]), array([2, 1, 0]))",0.6967575967301741,0.1352333376248123,0.666849757311482,0.891437640965667,0.5911341427831392,11.50665998095312,0.7821657358136536,0.8442590008196228,deeplearn,2-1-0,1-3-1
862,"[[ 30989  39321]
 [130184 299087]]","(array([0.        , 0.55925188, 1.        ]), array([0.        , 0.69673237, 1.        ]), array([2, 1, 0]))",0.696732367199275,0.1022701556151566,0.6607056713525935,0.8838059383938914,0.5687402413439129,11.718873883894478,0.7791980762792782,0.8387640830712607,deeplearn,2-1-0,1-3-2
863,"[[ 24878  31057]
 [102634 238360]]","(array([0.        , 0.55523375, 1.        ]), array([0.        , 0.69901523, 1.        ]), array([2, 1, 0]))",0.6990152319395649,0.10713468775714086,0.6631866152384935,0.8847251658210136,0.5718907392378615,11.633184746162142,0.7809819940990579,0.8400873499113953,deeplearn,2-1-0,1-3-3
864,"[[148776  43096]
 [  1434 190408]]","(array([0.        , 0.22460807, 1.        ]), array([0.       , 0.9925251, 1.       ]), array([2, 1, 0]))",0.9925250987792037,0.7866750198226512,0.8839500252792445,0.8154378511717144,0.8839585133655857,4.008313932554518,0.8953087603974176,0.8456128570388095,deeplearn,2-1-0,2-0-0
865,"[[183579  20813]
 [ 17653 186917]]","(array([0.        , 0.10182884, 1.        ]), array([0.       , 0.9137068, 1.       ]), array([2, 1, 0]))",0.913706799628489,0.8119803869971115,0.90594236139299,0.8998074423530544,0.9059389804631937,3.2486764414003,0.9067038564152317,0.902553380525162,deeplearn,2-1-0,2-0-1
866,"[[ 78991  22809]
 [   742 101695]]","(array([0.        , 0.22405697, 1.        ]), array([0.        , 0.99275652, 1.        ]), array([2, 1, 0]))",0.9927565235217743,0.7878585204581741,0.884687887111542,0.8168010666323974,0.8843497745310247,3.9828285809834996,0.8962241287383065,0.8468189849996587,deeplearn,2-1-0,2-0-2
867,"[[193009  55667]
 [  1830 246523]]","(array([0.        , 0.22385353, 1.        ]), array([0.        , 0.99263146, 1.        ]), array([2, 1, 0]))",0.992631456032341,0.7873621930592071,0.8843186212474523,0.8157880803468017,0.8843889638732697,3.995582828302426,0.8955631076954934,0.845929588165091,deeplearn,2-1-0,2-0-3
868,"[[35963  2404]
 [ 1552 37099]]","(array([0.        , 0.06265801, 1.        ]), array([0.       , 0.9598458, 1.       ]), array([2, 1, 0]))",0.9598457995912136,0.8974807172124016,0.9486353839362227,0.9391438624914563,0.948593893097142,1.7740959470576867,0.9493819894055326,0.9432125005720445,deeplearn,2-1-0,2-1-0
869,"[[196154  22140]
 [ 20629 197640]]","(array([0.        , 0.10142285, 1.        ]), array([0.        , 0.90548818, 1.        ]), array([2, 1, 0]))",0.9054881820139369,0.8040842766375849,0.9020324672498585,0.8992628992628993,0.9020326651317725,3.3837192586660794,0.9023648039374591,0.9005010985165698,deeplearn,2-1-0,2-1-1
870,"[[51179 14748]
 [  514 65257]]","(array([0.        , 0.22370197, 1.        ]), array([0.        , 0.99218501, 1.        ]), array([2, 1, 0]))",0.9921850055495584,0.7868804018983786,0.8841136539658917,0.8156615211549278,0.8842415160773713,4.002662134596027,0.8953051256722643,0.8457558626302843,deeplearn,2-1-0,2-1-2
871,"[[135788  39014]
 [  1191 173965]]","(array([0.        , 0.22318967, 1.        ]), array([0.        , 0.99320035, 1.        ]), array([2, 1, 0]))",0.9932003471191395,0.788836631752489,0.8851147852027957,0.8168176205165768,0.8850053405485058,3.9680838856420664,0.896414907184356,0.8468977832128614,deeplearn,2-1-0,2-1-3
872,"[[178319  20446]
 [ 18670 180332]]","(array([0.        , 0.10286519, 1.        ]), array([0.        , 0.90618185, 1.        ]), array([2, 1, 0]))",0.906181847418619,0.8033529606200704,0.9016610226589938,0.8981661337397524,0.9016583274272678,3.396549050153443,0.9021561859022462,0.8997579117745087,deeplearn,2-1-0,2-2-0
873,"[[126906  36456]
 [  1160 162344]]","(array([0.        , 0.22316083, 1.        ]), array([0.        , 0.99290537, 1.        ]), array([2, 1, 0]))",0.9929053723456307,0.7884265051697191,0.8849192023642716,0.8166197183098591,0.8848722696744865,3.974839117543199,0.8961755873520579,0.846684690999516,deeplearn,2-1-0,2-2-1
874,"[[193068  24325]
 [ 14608 202293]]","(array([0.        , 0.11189413, 1.        ]), array([0.       , 0.9326513, 1.       ]), array([2, 1, 0]))",0.9326513017459578,0.821538435094222,0.9103533551004619,0.8926607771668623,0.9103785872600751,3.096330208546624,0.9122179658594107,0.9003821526776947,deeplearn,2-1-0,2-2-2
875,"[[188159  21413]
 [ 17992 192623]]","(array([0.        , 0.10217491, 1.        ]), array([0.        , 0.91457399, 1.        ]), array([2, 1, 0]))",0.9145739857085203,0.8125396514416671,0.9062203257121234,0.8999560821544039,0.9061995384233248,3.239075948616279,0.9072061528172548,0.9028421602255053,deeplearn,2-1-0,2-2-3
876,"[[50743  9494]
 [  570 59473]]","(array([0.        , 0.15761077, 1.        ]), array([0.       , 0.9905068, 1.       ]), array([2, 1, 0]))",0.9905068034575221,0.8420139401760836,0.9163285666777519,0.8623399596908666,0.9164480163344021,2.8899720403756524,0.9219905433687311,0.8852493666477133,deeplearn,2-1-0,2-3-0
877,"[[36133  2476]
 [ 1545 37003]]","(array([0.        , 0.06413013, 1.        ]), array([0.       , 0.9599201, 1.       ]), array([2, 1, 0]))",0.9599200996160631,0.8960338297273197,0.9478854802545459,0.9372831125408445,0.9478949872578489,1.7999974038282085,0.9484665564484089,0.9417246925645413,deeplearn,2-1-0,2-3-1
878,"[[169463  41667]
 [  1684 210493]]","(array([0.        , 0.19735234, 1.        ]), array([0.        , 0.99206323, 1.        ]), array([2, 1, 0]))",0.992063230227593,0.8096746569942225,0.8975896925871767,0.8347596763959391,0.8973554440343667,3.537205414325531,0.9066389281922396,0.8620989058966251,deeplearn,2-1-0,2-3-2
879,"[[164188  47236]
 [  1567 209604]]","(array([0.        , 0.22341834, 1.        ]), array([0.        , 0.99257947, 1.        ]), array([2, 1, 0]))",0.9925794735072524,0.7876748152154587,0.884515907665732,0.8160878367855474,0.8845805646634188,3.9887686181451243,0.8957225364361094,0.8461798695389942,deeplearn,2-1-0,2-3-3
880,"[[66241  7670]
 [ 1306 35289]]","(array([0.        , 0.10377346, 1.        ]), array([0.        , 0.96431206, 1.        ]), array([2, 1, 0]))",0.9643120644896844,0.8308175461617707,0.9187736412502489,0.8214576689401523,0.9302693036117564,2.805514540685645,0.8871709782034846,0.8465391424500194,deeplearn,2-1-0,3-0-0
881,"[[200250  57664]
 [   997 128638]]","(array([0.       , 0.2235784, 1.       ]), array([0.        , 0.99230918, 1.        ]), array([2, 1, 0]))",0.9923091757627184,0.7259377739935301,0.8486359144263048,0.6904810469023414,0.8843653868298459,5.2280492791571405,0.814326906946638,0.7352062027129439,deeplearn,2-1-0,3-0-1
882,"[[62858 18047]
 [  297 40060]]","(array([0.        , 0.22306409, 1.        ]), array([0.        , 0.99264068, 1.        ]), array([2, 1, 0]))",0.9926406819139183,0.7259068131995209,0.8487242499711368,0.6894177981998727,0.8847882972019379,5.224998305512562,0.8136984075398116,0.7342779111754679,deeplearn,2-1-0,3-0-2
883,"[[153231  43929]
 [   741  97738]]","(array([0.        , 0.22280889, 1.        ]), array([0.        , 0.99247555, 1.        ]), array([2, 1, 0]))",0.9924755531636187,0.7261538996171509,0.8489035614381053,0.6899136707913629,0.8848333334899042,5.218804917741473,0.8139881572043673,0.7347097709228185,deeplearn,2-1-0,3-0-3
884,"[[181230  54774]
 [   473 117821]]","(array([0.        , 0.23208929, 1.        ]), array([0.        , 0.99600149, 1.        ]), array([2, 1, 0]))",0.9960014878184862,0.7207577704456912,0.8440662944752723,0.6826443407978214,0.8819561005981128,5.385883004248605,0.8100753208268446,0.7284826765791901,deeplearn,2-1-0,3-1-0
885,"[[165439  46694]
 [  1891 104748]]","(array([0.        , 0.22011662, 1.        ]), array([0.        , 0.98226728, 1.        ]), array([2, 1, 0]))",0.9822672755746021,0.7201001473751901,0.8475869900744105,0.6916707386326119,0.8810753253135228,5.264275995222735,0.8117451497785579,0.7351696431955329,deeplearn,2-1-0,3-1-1
886,"[[99292 28879]
 [  425 63129]]","(array([0.        , 0.22531618, 1.        ]), array([0.        , 0.99331277, 1.        ]), array([2, 1, 0]))",0.9933127733895585,0.7236494359903249,0.8471560829312818,0.6861251195548214,0.883998297111332,5.279162316081101,0.8116249469664829,0.7313606094729672,deeplearn,2-1-0,3-1-2
887,"[[227610  65319]
 [  1102 145619]]","(array([0.        , 0.22298577, 1.        ]), array([0.        , 0.99248915, 1.        ]), array([2, 1, 0]))",0.9924891460663436,0.7262998639001618,0.8489230069373365,0.690340289563758,0.8847516856782155,5.218133278359844,0.8142895886864304,0.7350982813261947,deeplearn,2-1-0,3-1-3
888,"[[53907 15520]
 [  270 34254]]","(array([0.        , 0.22354415, 1.        ]), array([0.        , 0.99217935, 1.        ]), array([2, 1, 0]))",0.9921793534932221,0.7246633117903912,0.8481015093649893,0.6881906216096757,0.884317599600832,5.24650738355337,0.8126883200075921,0.7331136032873897,deeplearn,2-1-0,3-2-0
889,"[[56486 16200]
 [  281 36162]]","(array([0.        , 0.22287648, 1.        ]), array([0.        , 0.99228933, 1.        ]), array([2, 1, 0]))",0.9922893285404605,0.7263330289732658,0.8489768988994676,0.6906153317291165,0.8847064230683482,5.216271818150009,0.814413602837678,0.7353258150969332,deeplearn,2-1-0,3-2-1
890,"[[203194  61195]
 [   658 130814]]","(array([0.        , 0.23145819, 1.        ]), array([0.        , 0.99499513, 1.        ]), array([2, 1, 0]))",0.9949951320433248,0.7195319742024352,0.8437507104766572,0.6812909811519252,0.881768469879236,5.396782880150234,0.8087893879393226,0.727141948709739,deeplearn,2-1-0,3-2-2
891,"[[165277  47397]
 [   777 105344]]","(array([0.        , 0.22286222, 1.        ]), array([0.        , 0.99267817, 1.        ]), array([2, 1, 0]))",0.9926781692596187,0.7261766581915626,0.848887215922458,0.6896903909231968,0.88490797410384,5.2193695401992715,0.813900842920166,0.7345293793622792,deeplearn,2-1-0,3-2-3
892,"[[53269 15165]
 [  254 34055]]","(array([0.        , 0.22160037, 1.        ]), array([0.        , 0.99259669, 1.        ]), array([2, 1, 0]))",0.9925966947448192,0.7278657258444421,0.8499265156750339,0.6918935392117026,0.8854981603308806,5.183472539522467,0.815405428054927,0.7365186059890393,deeplearn,2-1-0,3-3-0
893,"[[174923  50043]
 [   884 111681]]","(array([0.        , 0.22244695, 1.        ]), array([0.        , 0.99214676, 1.        ]), array([2, 1, 0]))",0.99214675964998,0.726400597657762,0.8491190438804139,0.6905654077316911,0.8848499060556205,5.211362155528872,0.8143308699947865,0.7352648786441963,deeplearn,2-1-0,3-3-1
894,"[[128054  36789]
 [   623  81678]]","(array([0.        , 0.22317599, 1.        ]), array([0.        , 0.99243023, 1.        ]), array([2, 1, 0]))",0.9924302256351685,0.7257023797829552,0.8486226653287152,0.6894578236977386,0.884627116966987,5.22850693877358,0.8136555626394644,0.7342911956617502,deeplearn,2-1-0,3-3-2
895,"[[81783 23603]
 [  405 52251]]","(array([0.        , 0.22396713, 1.        ]), array([0.        , 0.99230857, 1.        ]), array([2, 1, 0]))",0.9923085688240656,0.724896828152103,0.8480910137811468,0.6888364489677539,0.8841707192325972,5.246869924369222,0.8131818535522528,0.7337139679615359,deeplearn,2-1-0,3-3-3
896,"[[243396  11984]
 [  9771 127868]]","(array([0.        , 0.04692615, 1.        ]), array([0.        , 0.92900995, 1.        ]), array([2, 1, 0]))",0.9290099463088224,0.8788932961178492,0.9446464420295202,0.9143094128078254,0.9410418985205322,1.9118685428615048,0.9216010609353097,0.9172121822488296,deeplearn,0-0-0,0-0-0
897,"[[176879   8640]
 [  7299  92606]]","(array([0.        , 0.04657205, 1.        ]), array([0.        , 0.92694059, 1.        ]), array([2, 1, 0]))",0.9269405935638857,0.8776967955147874,0.9441567632714838,0.9146632953400629,0.9401842721699085,1.9287812709522623,0.9207610203280123,0.9170926678933389,deeplearn,0-0-0,0-0-1
898,"[[278849  13631]
 [ 11486 145705]]","(array([0.       , 0.0466049, 1.       ]), array([0.        , 0.92692966, 1.        ]), array([2, 1, 0]))",0.9269296588227062,0.8776031874387696,0.9441436072150527,0.9144512225736807,0.9401623813807184,1.929235699041172,0.9206481595566887,0.916919959473151,deeplearn,0-0-0,0-0-2
899,"[[75514  3900]
 [ 2978 39960]]","(array([0.        , 0.04910973, 1.        ]), array([0.        , 0.93064418, 1.        ]), array([2, 1, 0]))",0.9306441846383157,0.8773274588456723,0.9437851445011115,0.9110807113543091,0.9407672279375626,1.941617811512468,0.9207585428235674,0.9149273278443798,deeplearn,0-0-0,0-0-3
900,"[[254700  12260]
 [ 10620 132880]]","(array([0.        , 0.04592448, 1.        ]), array([0.        , 0.92599303, 1.        ]), array([2, 1, 0]))",0.925993031358885,0.877782653558745,0.9442576621351654,0.9155298332644344,0.9400342741451302,1.9252960263607923,0.9207317073170731,0.917603513520979,deeplearn,0-0-0,0-1-0
901,"[[122178   6226]
 [  4874  63963]]","(array([0.        , 0.04848759, 1.        ]), array([0.        , 0.92919505, 1.        ]), array([2, 1, 0]))",0.9291950549849645,0.8768123190973917,0.9437236680000608,0.9112966419239482,0.9403537344642278,1.9437408869206152,0.9201588192136723,0.9148209489320439,deeplearn,0-0-0,0-1-1
902,"[[301079  14685]
 [ 12564 157188]]","(array([0.        , 0.04650625, 1.        ]), array([0.        , 0.92598614, 1.        ]), array([2, 1, 0]))",0.925986144493143,0.876986774268112,0.9438762059334811,0.9145590057775218,0.9397399464944275,1.9384713584581845,0.9202371020856202,0.9168218150258268,deeplearn,0-0-0,0-1-2
903,"[[300188  14638]
 [ 12563 156745]]","(array([0.        , 0.04649552, 1.        ]), array([0.        , 0.92579795, 1.        ]), array([2, 1, 0]))",0.9257979540246178,0.8768576287988721,0.9438151420887605,0.9145889615656162,0.9396512147563326,1.9405804203488068,0.9201593232577321,0.916808993495859,deeplearn,0-0-0,0-1-3
904,"[[47078  2189]
 [ 1995 24991]]","(array([0.        , 0.04443136, 1.        ]), array([0.        , 0.92607278, 1.        ]), array([2, 1, 0]))",0.9260727784777292,0.880224128337739,0.9451300276710425,0.9194628403237675,0.9408207073422604,1.8951646591620142,0.9227559723811986,0.9207772685069193,deeplearn,0-0-0,0-2-0
905,"[[121162   6097]
 [  4837  63872]]","(array([0.        , 0.04791017, 1.        ]), array([0.        , 0.92960165, 1.        ]), array([2, 1, 0]))",0.929601653349634,0.8780744318848747,0.9442051763553233,0.9128614100530235,0.9408457429479292,1.927109815110046,0.9211554824846047,0.9161610511066168,deeplearn,0-0-0,0-2-1
906,"[[103087   5102]
 [  4169  53868]]","(array([0.        , 0.04715821, 1.        ]), array([0.        , 0.92816651, 1.        ]), array([2, 1, 0]))",0.9281665144649103,0.8778042294238069,0.9442265349584301,0.9134814312362218,0.9405041502992179,1.9263717800061717,0.9207654242908544,0.9163811552240938,deeplearn,0-0-0,0-2-2
907,"[[263984  12792]
 [ 11094 138027]]","(array([0.        , 0.04621788, 1.        ]), array([0.        , 0.92560404, 1.        ]), array([2, 1, 0]))",0.9256040396724807,0.8771165114617617,0.9439160172529978,0.915183100272512,0.9396930797547305,1.9370961556882629,0.9203640728145629,0.9172484738774876,deeplearn,0-0-0,0-2-3
908,"[[245725  12050]
 [ 10239 127955]]","(array([0.        , 0.04674619, 1.        ]), array([0.        , 0.92590851, 1.        ]), array([2, 1, 0]))",0.9259085054343893,0.8765422149447739,0.9437102399430258,0.9139316452983822,0.9395811560243423,1.9442037690202976,0.9198810923116186,0.9163021652387376,deeplearn,0-0-0,0-3-0
909,"[[157149   7599]
 [  6482  81822]]","(array([0.        , 0.04612499, 1.        ]), array([0.        , 0.92659449, 1.        ]), array([2, 1, 0]))",0.9265944917557528,0.8779343211398914,0.944355310370991,0.9150199617539504,0.9402347504302836,1.9219235040924771,0.9207708538472359,0.9173116765473509,deeplearn,0-0-0,0-3-1
910,"[[94222  4408]
 [ 3950 48948]]","(array([0.        , 0.04469228, 1.        ]), array([0.        , 0.92532799, 1.        ]), array([2, 1, 0]))",0.9253279897160573,0.8788909274194144,0.9448418774087958,0.9173851113276857,0.940317852710609,1.9051173230962983,0.9213394319272687,0.9189627593664812,deeplearn,0-0-0,0-3-2
911,"[[250905  12099]
 [ 10428 130838]]","(array([0.       , 0.0460031, 1.       ]), array([0.        , 0.92618181, 1.        ]), array([2, 1, 0]))",0.9261818130335678,0.8778117750915738,0.9442773394018849,0.9153543169368323,0.9400893552095794,1.9246164448944054,0.92073623431139,0.9174995161385331,deeplearn,0-0-0,0-3-3
912,"[[ 28307   5068]
 [131279  72992]]","(array([0.        , 0.15185019, 1.        ]), array([0.        , 0.35732923, 1.        ]), array([2, 1, 0]))",0.3573292342035825,0.15200919854053202,0.4262600674953502,0.9350755828849603,0.6027395234688325,19.816292289694175,0.5170668470695744,0.7065870813980729,deeplearn,0-0-0,1-0-0
913,"[[ 52875   9424]
 [262883 118630]]","(array([0.        , 0.15127049, 1.        ]), array([0.        , 0.31094615, 1.        ]), array([2, 1, 0]))",0.31094615386631647,0.12242220406449847,0.38643614863951403,0.9264060474487326,0.5798378339918591,21.191761644964807,0.46561099914240917,0.6636799298221274,deeplearn,0-0-0,1-0-1
914,"[[16036  2808]
 [78833 35966]]","(array([0.        , 0.14901295, 1.        ]), array([0.        , 0.31329541, 1.        ]), array([2, 1, 0]))",0.3132954119809406,0.12598369530956394,0.389111289031225,0.9275803373394542,0.5821412317811729,21.09936539082845,0.46838962578057336,0.6662961522073398,deeplearn,0-0-0,1-0-2
915,"[[19429  3515]
 [87848 50101]]","(array([0.        , 0.15319909, 1.        ]), array([0.        , 0.36318495, 1.        ]), array([2, 1, 0]))",0.3631849451608928,0.15576983654563728,0.4321505596887372,0.9344412115786332,0.6049929258579918,19.612842313544974,0.5230704982642967,0.7108279206499192,deeplearn,0-0-0,1-0-3
916,"[[ 31719   5685]
 [144961  81875]]","(array([0.        , 0.15198909, 1.        ]), array([0.        , 0.36094359, 1.        ]), array([2, 1, 0]))",0.36094358920100866,0.15474626126900282,0.4298894943990312,0.9350730927364094,0.6044772485626474,19.690936476306028,0.5208399597959262,0.7093952962867976,deeplearn,0-0-0,1-1-0
917,"[[ 26629   4728]
 [132616  59534]]","(array([0.        , 0.15077973, 1.        ]), array([0.        , 0.30983086, 1.        ]), array([2, 1, 0]))",0.30983086130627113,0.12204336902032034,0.38550470455064045,0.9264261927733342,0.5795255655512445,21.223932519694063,0.46436204233811207,0.662669913935503,deeplearn,0-0-0,1-1-1
918,"[[17637  3121]
 [87713 39173]]","(array([0.        , 0.15035167, 1.        ]), array([0.        , 0.30872594, 1.        ]), array([2, 1, 0]))",0.30872594297243194,0.12176643366358578,0.38477689577632684,0.926207027001466,0.5791871356638825,21.249070132202434,0.46309256413287625,0.6615675095081435,deeplearn,0-0-0,1-1-2
919,"[[ 20856   3707]
 [104330  46735]]","(array([0.        , 0.15091805, 1.        ]), array([0.        , 0.30937014, 1.        ]), array([2, 1, 0]))",0.3093701386820243,0.12146371963220474,0.3848532124718154,0.9265096546528686,0.5792260456061263,21.24643422167672,0.4638548536775397,0.6622821561475257,deeplearn,0-0-0,1-1-3
920,"[[ 24698   4392]
 [113812  63966]]","(array([0.        , 0.15097972, 1.        ]), array([0.       , 0.3598083, 1.       ]), array([2, 1, 0]))",0.3598083002396247,0.15433540641739743,0.4286018137169596,0.9357500219432985,0.6044142910617167,19.735411164684415,0.519761432703871,0.7088273752798032,deeplearn,0-0-0,1-2-0
921,"[[ 35092   6133]
 [171699  77281]]","(array([0.        , 0.14876895, 1.        ]), array([0.        , 0.31039039, 1.        ]), array([2, 1, 0]))",0.31039039280263475,0.1246741023482898,0.38721937940421425,0.9264751720334716,0.580810720961657,21.164709732054224,0.46499635974175224,0.6632013813083983,deeplearn,0-0-0,1-2-1
922,"[[ 51456   9415]
 [234766 132103]]","(array([0.        , 0.15467135, 1.        ]), array([0.        , 0.36008221, 1.        ]), array([2, 1, 0]))",0.3600822091809338,0.15251999042488795,0.42913685883948194,0.9334713605336423,0.6027054275028554,19.716931984606283,0.5196946420738532,0.7079922524575509,deeplearn,0-0-0,1-2-2
923,"[[ 55931   9774]
 [255355 143229]]","(array([0.       , 0.1487558, 1.       ]), array([0.        , 0.35934458, 1.        ]), array([2, 1, 0]))",0.35934457981253637,0.15615812868861162,0.4289569643045603,0.9361188996294191,0.6052943886810951,19.72314455451573,0.5193342120100727,0.7086362898725108,deeplearn,0-0-0,1-2-3
924,"[[ 30472   5745]
 [127809  92110]]","(array([0.        , 0.15862716, 1.        ]), array([0.        , 0.41883603, 1.        ]), array([2, 1, 0]))",0.41883602599138775,0.18659662851013425,0.47858169097666864,0.941290685197486,0.6301044309762002,18.00916831813231,0.5797201784916325,0.7533463430273547,deeplearn,0-0-0,1-3-0
925,"[[10716  1914]
 [49210 27369]]","(array([0.        , 0.15154394, 1.        ]), array([0.        , 0.35739563, 1.        ]), array([2, 1, 0]))",0.35739563065592395,0.15282539391237643,0.42691880864038384,0.9346378444831472,0.6029258438315248,19.79354028004904,0.517069392227617,0.7064389735224123,deeplearn,0-0-0,1-3-1
926,"[[ 59730  10580]
 [275064 154207]]","(array([0.        , 0.15047646, 1.        ]), array([0.        , 0.35922995, 1.        ]), array([2, 1, 0]))",0.3592299503111088,0.15440372015765683,0.42823285913595593,0.9357959062304672,0.6043767444629077,19.748154361932652,0.5191647953566824,0.7083990632284073,deeplearn,0-0-0,1-3-2
927,"[[ 47579   8356]
 [218424 122570]]","(array([0.        , 0.14938768, 1.        ]), array([0.        , 0.35944914, 1.        ]), array([2, 1, 0]))",0.35944913986756366,0.1554552335983827,0.428663564516576,0.9361776881597238,0.6050307288682594,19.733278224251613,0.5194524495677233,0.7087445559027545,deeplearn,0-0-0,1-3-3
928,"[[99286 92586]
 [98742 93100]]","(array([0.        , 0.48254044, 1.        ]), array([0.        , 0.48529519, 1.        ]), array([2, 1, 0]))",0.4852951908341239,0.0027561732792354457,0.5013786309595167,0.5013840569563672,0.5013773736025189,17.221964905145867,0.4932084507639169,0.49808150346784574,deeplearn,0-0-0,2-0-0
929,"[[105889  98503]
 [104119 100451]]","(array([0.        , 0.48193178, 1.        ]), array([0.        , 0.49103485, 1.        ]), array([2, 1, 0]))",0.4910348535953463,0.009106401706646975,0.5045456546084967,0.5048956040089669,0.5045515377217797,17.11257944120788,0.4978687760827113,0.5020612043751111,deeplearn,0-0-0,2-0-1
930,"[[52561 49239]
 [52770 49667]]","(array([0.        , 0.48368369, 1.        ]), array([0.        , 0.48485411, 1.        ]), array([2, 1, 0]))",0.48485410545017915,0.001170985811624063,0.5005361418352209,0.5021636705558813,0.5005852059667398,17.251063287486147,0.49335710702631824,0.4986035847014723,deeplearn,0-0-0,2-0-2
931,"[[128547 120129]
 [127669 120684]]","(array([0.        , 0.48307436, 1.        ]), array([0.        , 0.48593736, 1.        ]), array([2, 1, 0]))",0.48593735529669463,0.002864368656406967,0.5014415657838879,0.5011523464264803,0.5014314967382474,17.219791537205612,0.4934275889984177,0.49803360005942526,deeplearn,0-0-0,2-0-3
932,"[[19654 18713]
 [19262 19389]]","(array([0.        , 0.48773686, 1.        ]), array([0.        , 0.50164291, 1.        ]), array([2, 1, 0]))",0.5016429070399213,0.013906732034992058,0.5069334441299437,0.5088709254107396,0.506953024922468,17.030109798533385,0.5052310658866754,0.5074087062111704,deeplearn,0-0-0,2-1-0
933,"[[113205 105089]
 [108404 109865]]","(array([0.        , 0.48141039, 1.        ]), array([0.        , 0.50334679, 1.        ]), array([2, 1, 0]))",0.5033467876794231,0.021938945407926607,0.5109686345384286,0.5111093536291486,0.5109681980945239,16.89073746005275,0.50719837127761,0.5095377451685164,deeplearn,0-0-0,2-1-1
934,"[[33878 32049]
 [33925 31846]]","(array([0.       , 0.4861286, 1.       ]), array([0.        , 0.48419516, 1.        ]), array([2, 1, 0]))",0.48419516200149004,-0.001934285221954993,0.4990508587829732,0.4984114562954848,0.4990332826101008,17.302364957523103,0.49120046889701235,0.49550180332409105,deeplearn,0-0-0,2-1-2
935,"[[89904 84898]
 [90213 84943]]","(array([0.        , 0.48568094, 1.        ]), array([0.        , 0.48495627, 1.        ]), array([2, 1, 0]))",0.48495626755577886,-0.0007249865542110703,0.4996228118802828,0.5001324768459913,0.49963766284506256,17.28260979178026,0.4924274703838004,0.49702171979590887,deeplearn,0-0-0,2-1-3
936,"[[103163  95602]
 [101349  97653]]","(array([0.        , 0.48098005, 1.        ]), array([0.        , 0.49071366, 1.        ]), array([2, 1, 0]))",0.4907136611692345,0.009737507873263263,0.5048583718609135,0.5053064603761869,0.504866804674623,17.101778158740096,0.49790316042798466,0.5023188775562694,deeplearn,0-0-0,2-2-0
937,"[[84249 79113]
 [84458 79046]]","(array([0.        , 0.48428031, 1.        ]), array([0.        , 0.48344995, 1.        ]), array([2, 1, 0]))",0.48344994617868675,-0.0008307964209780399,0.49957780864329726,0.4997881878362913,0.4995848180961381,17.284163700854265,0.49148332260782246,0.49643278820307984,deeplearn,0-0-0,2-2-1
938,"[[112356 105037]
 [110390 106511]]","(array([0.        , 0.48316643, 1.        ]), array([0.        , 0.49105813, 1.        ]), array([2, 1, 0]))",0.4910581325120677,0.007894320789142527,0.503960450754558,0.5034838429103561,0.503945850605116,17.13279246257535,0.4971933649045744,0.5009486470139489,deeplearn,0-0-0,2-2-2
939,"[[108355 101217]
 [107257 103358]]","(array([0.        , 0.48297005, 1.        ]), array([0.        , 0.49074377, 1.        ]), array([2, 1, 0]))",0.4907437741851245,0.007776380099905697,0.5038542363281111,0.505232799706709,0.503886860466868,17.13646020225686,0.4978828969869216,0.5022669511086921,deeplearn,0-0-0,2-2-3
940,"[[30811 29426]
 [30879 29164]]","(array([0.        , 0.48850374, 1.        ]), array([0.        , 0.48571857, 1.        ]), array([2, 1, 0]))",0.48571856835934246,-0.002786097061050987,0.49862820086464915,0.4977641235705752,0.4986074124065086,17.316964079224057,0.4916675798470914,0.49530745270938137,deeplearn,0-0-0,2-3-0
941,"[[19828 18781]
 [19075 19473]]","(array([0.        , 0.48644099, 1.        ]), array([0.        , 0.50516239, 1.        ]), array([2, 1, 0]))",0.5051623949361834,0.018722066146385063,0.5093640240030068,0.5090448057719454,0.5093607048368399,16.946160898493655,0.5070961693705893,0.5082635568269612,deeplearn,0-0-0,2-3-1
942,"[[109223 101907]
 [109190 102987]]","(array([0.        , 0.48267418, 1.        ]), array([0.        , 0.48538249, 1.        ]), array([2, 1, 0]))",0.4853824872629927,0.002709679414293383,0.5013146487064943,0.5026355090925063,0.5013541527396288,17.224174334966765,0.49385835984760384,0.49908747539382003,deeplearn,0-0-0,2-3-2
943,"[[108809 102615]
 [108363 102808]]","(array([0.        , 0.48535171, 1.        ]), array([0.        , 0.48684715, 1.        ]), array([2, 1, 0]))",0.4868471523078453,0.0014960200209636109,0.5007560430199127,0.5004697623927213,0.5007477210002977,17.243469555805827,0.49356447764490124,0.49768459127686826,deeplearn,0-0-0,2-3-3
944,"[[27143 46768]
 [11113 25482]]","(array([0.        , 0.63276102, 1.        ]), array([0.        , 0.69632463, 1.        ]), array([2, 1, 0]))",0.6963246345129116,0.06287894867344711,0.4762184858740702,0.35269204152249134,0.531781805559956,18.091110999280044,0.4682254582204052,0.3913143629355488,deeplearn,0-0-0,3-0-0
945,"[[118694 139220]
 [ 65572  64063]]","(array([0.        , 0.53979233, 1.        ]), array([0.        , 0.49417981, 1.        ]), array([2, 1, 0]))",0.4941798125506229,-0.04309327879882865,0.4715713367858,0.31514194497326387,0.477193739335944,18.251566680395975,0.38485753248547694,0.3397605134672724,deeplearn,0-0-0,3-0-1
946,"[[36875 44030]
 [20122 20235]]","(array([0.        , 0.54421853, 1.        ]), array([0.    , 0.5014, 1.    ]), array([2, 1, 0]))",0.5014000049557698,-0.04042644439918406,0.4709636984380927,0.31486812417334475,0.47859073852633677,18.272556856733036,0.3868211274875265,0.34017894067924836,deeplearn,0-0-0,3-0-2
947,"[[ 90575 106585]
 [ 49650  48829]]","(array([0.        , 0.54060154, 1.        ]), array([0.       , 0.4958316, 1.       ]), array([2, 1, 0]))",0.49583159861493314,-0.04225810037631391,0.47153454043614,0.3141866241136577,0.4776150283600127,18.252838614495953,0.38464234933613767,0.33902671026960224,deeplearn,0-0-0,3-0-3
948,"[[ 92083 143921]
 [ 36062  82232]]","(array([0.        , 0.60982441, 1.        ]), array([0.        , 0.69514937, 1.        ]), array([2, 1, 0]))",0.6951493735946033,0.08374620659390365,0.4920010838333832,0.36361224480771864,0.5426624819194181,17.5459857824401,0.4774725864937131,0.40195286761442395,deeplearn,0-0-0,3-1-0
949,"[[ 82241 129892]
 [ 26860  79779]]","(array([0.        , 0.61231397, 1.        ]), array([0.        , 0.74812217, 1.        ]), array([2, 1, 0]))",0.7481221691876331,0.1350531074616976,0.5082629591055676,0.3804961105732314,0.5679040981749189,16.984321517462135,0.5044355221143815,0.4219668832769329,deeplearn,0-0-0,3-1-1
950,"[[59281 68890]
 [32005 31549]]","(array([0.        , 0.53748508, 1.        ]), array([0.       , 0.4964125, 1.       ]), array([2, 1, 0]))",0.49641249960663375,-0.03871373074472947,0.4737514669448429,0.3141110524796145,0.47946371053936476,18.176267720075526,0.384760325135829,0.33901055210504827,deeplearn,0-0-0,3-1-2
951,"[[134746 158183]
 [ 74458  72263]]","(array([0.        , 0.54000457, 1.        ]), array([0.        , 0.49251982, 1.        ]), array([2, 1, 0]))",0.49251981652251553,-0.04483446308761259,0.47084953940634594,0.3135788861598813,0.4762576210175913,18.276497127280148,0.38318834892766335,0.33815003205413174,deeplearn,0-0-0,3-1-3
952,"[[32183 37244]
 [17652 16872]]","(array([0.        , 0.53644836, 1.        ]), array([0.        , 0.48870351, 1.        ]), array([2, 1, 0]))",0.48870351060132083,-0.0450112597766739,0.4719050321786226,0.31177470618671005,0.4761275773871686,18.24004049197898,0.38068592057761735,0.33611168661449947,deeplearn,0-0-0,3-2-0
953,"[[33248 39438]
 [18490 17953]]","(array([0.        , 0.54258041, 1.        ]), array([0.        , 0.49263233, 1.        ]), array([2, 1, 0]))",0.49263232993990613,-0.04717637515742449,0.46917867844477634,0.3128190831315015,0.4750259577773713,18.334207896414682,0.38265447492380156,0.3374535256590992,deeplearn,0-0-0,3-2-1
954,"[[103037 161352]
 [ 49038  82434]]","(array([0.        , 0.61028258, 1.        ]), array([0.        , 0.62700803, 1.        ]), array([2, 1, 0]))",0.6270080321285141,0.016195076419803642,0.46852556831817227,0.3381408284314932,0.508362728037902,18.356802469477458,0.4393457301376653,0.372459823461797,deeplearn,0-0-0,3-2-2
955,"[[ 97782 114892]
 [ 53629  52492]]","(array([0.        , 0.54022589, 1.        ]), array([0.        , 0.49464291, 1.        ]), array([2, 1, 0]))",0.4946429076243156,-0.04301549021162173,0.47138129518969873,0.31360225589064666,0.4772085109982736,18.258131414215075,0.38384673040712236,0.33837121304906675,deeplearn,0-0-0,3-2-3
956,"[[31336 37098]
 [17270 17039]]","(array([0.        , 0.54209896, 1.        ]), array([0.        , 0.49663354, 1.        ]), array([2, 1, 0]))",0.49663353638986857,-0.042946637699391714,0.4708349960581256,0.31473853372000665,0.477267289865449,18.277000462357236,0.3852972435158175,0.3396157970477204,deeplearn,0-0-0,3-3-0
957,"[[103438 121528]
 [ 56987  55578]]","(array([0.        , 0.54020608, 1.        ]), array([0.        , 0.49374139, 1.        ]), array([2, 1, 0]))",0.4937413938613246,-0.04386624263445873,0.47111524571076435,0.3138120673494969,0.47676765913828484,18.26732016204134,0.3837318889360689,0.33848200158589214,deeplearn,0-0-0,3-3-1
958,"[[75841 89002]
 [41327 40974]]","(array([0.       , 0.5399198, 1.       ]), array([0.        , 0.49785543, 1.        ]), array([2, 1, 0]))",0.49785543310530855,-0.03970233972219344,0.47265966400155374,0.31524281405797994,0.4789678153132932,18.21397790172044,0.38604276487796607,0.3401997658604628,deeplearn,0-0-0,3-3-2
959,"[[48480 56906]
 [26792 25864]]","(array([0.        , 0.53997685, 1.        ]), array([0.        , 0.49118809, 1.        ]), array([2, 1, 0]))",0.49118808872683073,-0.046044944381055476,0.47040660077700863,0.31248036728283196,0.47560562085365127,18.291795906104685,0.381965058408282,0.3370025225675986,deeplearn,0-0-0,3-3-3
960,"[[231054  24326]
 [104542  33097]]","(array([0.        , 0.09525413, 1.        ]), array([0.        , 0.24046237, 1.        ]), array([2, 1, 0]))",0.24046236895066078,0.19611197974812403,0.6721074553647534,0.5763718370687704,0.5726041189259531,11.325056771979058,0.33934851483118195,0.4505064914205444,deeplearn,2-3-0,0-0-0
961,"[[167628  17891]
 [ 76051  23854]]","(array([0.        , 0.09643756, 1.        ]), array([0.        , 0.23876683, 1.        ]), array([2, 1, 0]))",0.2387668284870627,0.1921191856356046,0.6708686025001401,0.5714217271529525,0.5711646334178477,11.36784586330625,0.3368019767031415,0.4468966034059614,deeplearn,2-3-0,0-0-1
962,"[[264743  27737]
 [119361  37830]]","(array([0.        , 0.09483383, 1.        ]), array([0.        , 0.24066263, 1.        ]), array([2, 1, 0]))",0.24066263335687157,0.1970326288142129,0.6728763918509311,0.5769670718501685,0.5729143992823745,11.29849847682526,0.33965110119501885,0.4509379939398129,deeplearn,2-3-0,0-0-2
963,"[[71950  7464]
 [32641 10297]]","(array([0.        , 0.09398847, 1.        ]), array([0.        , 0.23981089, 1.        ]), array([2, 1, 0]))",0.23981089012063905,0.19756631152120596,0.6722162285863738,0.5797533922639491,0.5729112123053897,11.321299165629593,0.33928071302657375,0.45169412714288215,deeplearn,2-3-0,0-0-3
964,"[[241328  25632]
 [108962  34538]]","(array([0.        , 0.09601438, 1.        ]), array([0.        , 0.24068293, 1.        ]), array([2, 1, 0]))",0.24068292682926828,0.19503801958209027,0.6720898504117332,0.5740069802227024,0.5723342713259317,11.325665266720117,0.3391564786173712,0.4495028372117237,deeplearn,2-3-0,0-1-0
965,"[[115925  12479]
 [ 52217  16620]]","(array([0.        , 0.09718545, 1.        ]), array([0.        , 0.24143992, 1.        ]), array([2, 1, 0]))",0.24143992329706407,0.19388865987632609,0.6719951734172915,0.5711536478916801,0.5721272386804003,11.328935950545137,0.33940532592713607,0.44862416524053483,deeplearn,2-3-0,0-1-1
966,"[[285762  30002]
 [129076  40676]]","(array([0.      , 0.095014, 1.      ]), array([0.        , 0.23962015, 1.        ]), array([2, 1, 0]))",0.23962015175078938,0.19552132925333035,0.672352713401824,0.5755114745748323,0.5723030769774836,11.31658577857723,0.3383604375493907,0.4494943244103398,deeplearn,2-3-0,0-1-2
967,"[[284925  29901]
 [128671  40637]]","(array([0.        , 0.09497627, 1.        ]), array([0.        , 0.24001819, 1.        ]), array([2, 1, 0]))",0.24001819169797056,0.19605044710816572,0.6724625826733921,0.5761008250871871,0.5725209595451222,11.312791002607822,0.33885910125663965,0.45006202099853815,deeplearn,2-3-0,0-1-3
968,"[[44571  4696]
 [20584  6402]]","(array([0.        , 0.09531735, 1.        ]), array([0.        , 0.23723412, 1.        ]), array([2, 1, 0]))",0.23723412139627956,0.19243532478697503,0.6684720601156676,0.5768606956208325,0.5709583845051506,11.450618627108105,0.3362041802331688,0.4484575079156042,deeplearn,2-3-0,0-2-0
969,"[[114905  12354]
 [ 52151  16558]]","(array([0.        , 0.09707761, 1.        ]), array([0.        , 0.24098735, 1.        ]), array([2, 1, 0]))",0.24098735245746555,0.19362933146695469,0.6708391165904638,0.5727033757609297,0.5719548695431546,11.368864557378583,0.33923028856496046,0.4490743503094539,deeplearn,2-3-0,0-2-1
970,"[[97785 10404]
 [44170 13867]]","(array([0.        , 0.09616504, 1.        ]), array([0.        , 0.23893378, 1.        ]), array([2, 1, 0]))",0.23893378362079362,0.1927338392969611,0.6716879429210834,0.5713402826418359,0.5713843695576725,11.339546773594499,0.33695388054624087,0.44697365282585844,deeplearn,2-3-0,0-2-2
971,"[[250595  26181]
 [113352  35769]]","(array([0.        , 0.09459274, 1.        ]), array([0.        , 0.23986561, 1.        ]), array([2, 1, 0]))",0.23986561248918664,0.1965524297458226,0.6723785328377518,0.5773849878934625,0.572636436617169,11.315693749830102,0.3389286069616385,0.4505808460625666,deeplearn,2-3-0,0-2-3
972,"[[233282  24493]
 [104965  33229]]","(array([0.        , 0.09501697, 1.        ]), array([0.        , 0.24045183, 1.        ]), array([2, 1, 0]))",0.24045182858879546,0.1964471968382939,0.6730602648187105,0.5756730536017463,0.5727174282115737,11.292147867818455,0.33921680720308706,0.45015741759283845,deeplearn,2-3-0,0-3-0
973,"[[148653  16095]
 [ 67385  20919]]","(array([0.        , 0.09769466, 1.        ]), array([0.        , 0.23689754, 1.        ]), array([2, 1, 0]))",0.23689753578546838,0.18775883592869502,0.6701073297187929,0.5651645323391149,0.5696014374243825,11.39414003038025,0.33385467371008154,0.44252411575562695,deeplearn,2-3-0,0-3-1
974,"[[89207  9423]
 [40366 12532]]","(array([0.        , 0.09553888, 1.        ]), array([0.        , 0.23690877, 1.        ]), array([2, 1, 0]))",0.2369087678173088,0.1914507491235209,0.6714204635446914,0.5708039171031656,0.570684942562208,11.348784861760155,0.33484295886604415,0.4452877385977629,deeplearn,2-3-0,0-3-2
975,"[[237737  25267]
 [107516  33750]]","(array([0.        , 0.09607078, 1.        ]), array([0.        , 0.23891099, 1.        ]), array([2, 1, 0]))",0.23891099061345264,0.19288265746758368,0.671548717441314,0.5718691224562414,0.5714201042100129,11.344355380002707,0.337023112296101,0.4472165243524305,deeplearn,2-3-0,0-3-3
976,"[[ 31157   2218]
 [ 96686 107585]]","(array([0.        , 0.06645693, 1.        ]), array([0.       , 0.5266778, 1.       ]), array([2, 1, 0]))",0.5266777956733947,0.32072640854461754,0.5838179477037274,0.9798001876087175,0.7301104334172216,14.374426306646635,0.6850933219559722,0.8359583703065969,deeplearn,2-3-0,1-0-0
977,"[[ 58214   4085]
 [213784 167729]]","(array([0.        , 0.06557088, 1.        ]), array([0.        , 0.43964164, 1.        ]), array([2, 1, 0]))",0.4396416373753974,0.26676991001385914,0.5090961938838968,0.9762242890567707,0.6870353807191918,16.95522415062751,0.6062563366689138,0.78468312610115,deeplearn,2-3-0,1-0-1
978,"[[17561  1283]
 [64506 50293]]","(array([0.        , 0.06808533, 1.        ]), array([0.        , 0.43809615, 1.        ]), array([2, 1, 0]))",0.4380961506633333,0.2645220714702387,0.5077258068136752,0.9751240887234373,0.685005409231051,17.002555959745603,0.6045740045078888,0.7831287779933541,deeplearn,2-3-0,1-0-2
979,"[[21385  1559]
 [71481 66468]]","(array([0.        , 0.06794805, 1.        ]), array([0.        , 0.48183024, 1.        ]), array([2, 1, 0]))",0.48183024161103016,0.29295543448561007,0.5460336994151392,0.9770826289561497,0.7069410970956128,15.679448294560173,0.6453955800675807,0.8104726903820688,deeplearn,2-3-0,1-0-3
980,"[[ 34856   2548]
 [117791 109045]]","(array([0.        , 0.06812106, 1.        ]), array([0.        , 0.48072175, 1.        ]), array([2, 1, 0]))",0.48072175492426245,0.291193958186099,0.5445844686648501,0.9771670266056115,0.7063003491763864,15.72950291387151,0.6444187702590498,0.8098908509702797,deeplearn,2-3-0,1-1-0
981,"[[29244  2113]
 [99495 92655]]","(array([0.        , 0.06738527, 1.        ]), array([0.        , 0.48220141, 1.        ]), array([2, 1, 0]))",0.4822014051522248,0.29151248657823,0.545392314334674,0.977703444200574,0.7074080661631903,15.701600761870791,0.6458639750730173,0.811024435333373,deeplearn,2-3-0,1-1-1
982,"[[19328  1430]
 [77432 49454]]","(array([0.       , 0.0688891, 1.       ]), array([0.        , 0.38975143, 1.        ]), array([2, 1, 0]))",0.38975143041785537,0.2346820021957152,0.4658638346292433,0.971896863454131,0.6604311637107101,18.448417324644215,0.5563818417055746,0.7483460544394742,deeplearn,2-3-0,1-1-2
983,"[[22878  1685]
 [78836 72229]]","(array([0.        , 0.06859911, 1.        ]), array([0.        , 0.47813193, 1.        ]), array([2, 1, 0]))",0.47813192996392284,0.28771176495857376,0.5415252693192429,0.977203236193414,0.7047664087388315,15.835163877150984,0.6420954844674391,0.8084352425787014,deeplearn,2-3-0,1-1-3
984,"[[27150  1940]
 [92098 85680]]","(array([0.        , 0.06668958, 1.        ]), array([0.       , 0.4819494, 1.       ]), array([2, 1, 0]))",0.48194939756325306,0.29214845699475045,0.5454202679969836,0.9778589363159096,0.7076299067568759,15.70063521590398,0.6456717835100491,0.8109673682178027,deeplearn,2-3-0,1-2-0
985,"[[ 38537   2688]
 [129443 119537]]","(array([0.        , 0.06520315, 1.        ]), array([0.        , 0.48010684, 1.        ]), array([2, 1, 0]))",0.48010683589043296,0.2933600976012138,0.5446977136851536,0.9780077725506239,0.707451841232057,15.725591265325667,0.644048436847564,0.8100029815146094,deeplearn,2-3-0,1-2-1
986,"[[ 56803   4068]
 [156107 210762]]","(array([0.        , 0.06682985, 1.        ]), array([0.        , 0.57448844, 1.        ]), array([2, 1, 0]))",0.5744884413782576,0.3547210567421252,0.6255318651517277,0.9810640971931295,0.7538292940409712,12.93367878107534,0.7246428135513384,0.8594188987178976,deeplearn,2-3-0,1-2-2
987,"[[ 61303   4402]
 [189275 209309]]","(array([0.        , 0.06699642, 1.        ]), array([0.        , 0.52513147, 1.        ]), array([2, 1, 0]))",0.5251314653874717,0.32038173165457007,0.5828524905823743,0.9794020897380107,0.7290675209899081,14.407772132583382,0.6836867849647638,0.8349462434220396,deeplearn,2-3-0,1-2-3
988,"[[ 14578  21639]
 [ 34584 185335]]","(array([0.        , 0.59748185, 1.        ]), array([0.       , 0.8427421, 1.       ]), array([2, 1, 0]))",0.8427421005006389,0.21699119935338398,0.7804955180060593,0.8954506363118073,0.6226301274792452,7.581483773229282,0.8682972079654621,0.8843879883376359,deeplearn,2-3-0,1-3-0
989,"[[11783   847]
 [36201 40378]]","(array([0.        , 0.06706255, 1.        ]), array([0.        , 0.52727249, 1.        ]), array([2, 1, 0]))",0.527272489847086,0.3217984584907842,0.5847055790335056,0.9794542146755609,0.7301049701808668,14.343768735639614,0.6855115276221521,0.8360561373866879,deeplearn,2-3-0,1-3-1
990,"[[ 65722   4588]
 [222687 206584]]","(array([0.        , 0.06525388, 1.        ]), array([0.        , 0.48124378, 1.        ]), array([2, 1, 0]))",0.4812437830647773,0.29284279760007376,0.5450687676272716,0.9782736347621844,0.7079949536857097,15.712775453242488,0.6451284501509112,0.8107953238683505,deeplearn,2-3-0,1-3-2
991,"[[ 52213   3722]
 [161945 179049]]","(array([0.        , 0.06654152, 1.        ]), array([0.        , 0.52507962, 1.        ]), array([2, 1, 0]))",0.5250796201692698,0.32008831526623105,0.5826281274484858,0.9796357190145045,0.7292690493802458,14.415521277400497,0.6836997508424578,0.8350558448172615,deeplearn,2-3-0,1-3-3
992,"[[176796  15076]
 [  7067 184775]]","(array([0.        , 0.07857322, 1.        ]), array([0.        , 0.96316239, 1.        ]), array([2, 1, 0]))",0.9631623940534398,0.8853580416786418,0.9422929577758434,0.9245638000310231,0.9422945892882275,1.9931620437184079,0.9434684816935712,0.9320340258623995,deeplearn,2-3-0,2-0-0
993,"[[177453  26939]
 [  2209 202361]]","(array([0.        , 0.13180066, 1.        ]), array([0.        , 0.98920174, 1.        ]), array([2, 1, 0]))",0.9892017402356161,0.8637872801368027,0.9287268743795267,0.8825163541212385,0.9287005413378167,2.4617392195705934,0.9328185862124598,0.901971883719479,deeplearn,2-3-0,2-0-1
994,"[[92468  9332]
 [ 3512 98925]]","(array([0.        , 0.09166994, 1.        ]), array([0.        , 0.96571551, 1.        ]), array([2, 1, 0]))",0.9657155129494226,0.8756247421907054,0.9371122764239584,0.9137977220872553,0.9370227859442595,2.172101557795363,0.9390395549944469,0.9237298422866107,deeplearn,2-3-0,2-0-2
995,"[[229079  19597]
 [  8699 239654]]","(array([0.        , 0.07880535, 1.        ]), array([0.        , 0.96497324, 1.        ]), array([2, 1, 0]))",0.9649732437296912,0.8869958675223277,0.9430697202778913,0.9244091633204886,0.9430839452897036,1.9663337281752826,0.9442557584258595,0.9322468388159866,deeplearn,2-3-0,2-0-3
996,"[[36233  2134]
 [ 5170 33481]]","(array([0.        , 0.05562072, 1.        ]), array([0.        , 0.86623891, 1.        ]), array([2, 1, 0]))",0.8662389071434116,0.8129114757350496,0.9051650263574749,0.9400814263652956,0.9053090957120868,3.275506104148948,0.9016508227183367,0.9243226529586829,deeplearn,2-3-0,2-1-0
997,"[[189058  29236]
 [  2253 216016]]","(array([0.        , 0.13392947, 1.        ]), array([0.        , 0.98967787, 1.        ]), array([2, 1, 0]))",0.9896778745492947,0.8623563716174147,0.9278706624244382,0.8807920016962145,0.9278742016428847,2.491312609932156,0.9320656453537164,0.9006092837601322,deeplearn,2-3-0,2-1-1
998,"[[60801  5126]
 [ 2613 63158]]","(array([0.        , 0.07775267, 1.        ]), array([0.        , 0.96027124, 1.        ]), array([2, 1, 0]))",0.9602712441653616,0.883121961783516,0.9412367689714346,0.9249311698201629,0.9412592891690036,2.0296412189755433,0.9422699638208197,0.931789546984866,deeplearn,2-3-0,2-1-2
999,"[[161043  13759]
 [  6454 168702]]","(array([0.        , 0.07871191, 1.        ]), array([0.        , 0.96315285, 1.        ]), array([2, 1, 0]))",0.9631528466053119,0.885250131700093,0.9422416404254225,0.9245921046141368,0.9422204662769926,1.9949345033728962,0.9434786377605092,0.9320552486187845,deeplearn,2-3-0,2-1-3
1000,"[[172067  26698]
 [  2139 196863]]","(array([0.        , 0.13431942, 1.        ]), array([0.        , 0.98925136, 1.        ]), array([2, 1, 0]))",0.9892513643078964,0.8615899893048599,0.9275027842933175,0.8805784550972665,0.9274659709371847,2.504018791282915,0.9317569214531324,0.9003600287583948,deeplearn,2-3-0,2-2-0
1001,"[[150465  12897]
 [  5807 157697]]","(array([0.        , 0.07894737, 1.        ]), array([0.        , 0.96448405, 1.        ]), array([2, 1, 0]))",0.9644840493198943,0.8863878730576217,0.9427777743784915,0.9243994513288861,0.9427683404494208,1.9764172049049669,0.9440164263180264,0.9321475859459969,deeplearn,2-3-0,2-2-1
1002,"[[189250  28143]
 [  2259 214642]]","(array([0.        , 0.12945679, 1.        ]), array([0.        , 0.98958511, 1.        ]), array([2, 1, 0]))",0.9895851102576751,0.8661862440233086,0.9299967303255399,0.8840826245443499,0.9300641600103194,2.417879093490937,0.933863550336534,0.9033442448535026,deeplearn,2-3-0,2-2-2
1003,"[[181963  27609]
 [  2415 208200]]","(array([0.        , 0.13173993, 1.        ]), array([0.        , 0.98853358, 1.        ]), array([2, 1, 0]))",0.9885335802293284,0.8632821889979039,0.9285460997127469,0.8829179547854408,0.9283968265699158,2.4679828232816554,0.9327455513144455,0.9021962107759147,deeplearn,2-3-0,2-2-3
1004,"[[56341  3896]
 [ 2354 57689]]","(array([0.        , 0.06467786, 1.        ]), array([0.        , 0.96079476, 1.        ]), array([2, 1, 0]))",0.9607947637526439,0.8963745225473391,0.9480379115397406,0.9367378420069822,0.9480584539748661,1.7947328541717649,0.948613806031506,0.941452365176919,deeplearn,2-3-0,2-3-0
1005,"[[37069  1540]
 [ 5037 33511]]","(array([0.        , 0.03988707, 1.        ]), array([0.        , 0.86933174, 1.        ]), array([2, 1, 0]))",0.8693317422434368,0.8329336787179662,0.914758220252213,0.9560640209979744,0.914722334640587,2.9441627296210333,0.9106373727903913,0.937360141424991,deeplearn,2-3-0,2-3-1
1006,"[[191798  19332]
 [  7235 204942]]","(array([0.        , 0.09156444, 1.        ]), array([0.        , 0.96590111, 1.        ]), array([2, 1, 0]))",0.9659011108649853,0.8758925074106082,0.9372394030809791,0.9138018673586773,0.9371683359468677,2.1677107401982783,0.9391294784523349,0.9237671880592062,deeplearn,2-3-0,2-3-2
1007,"[[194851  16573]
 [  7450 203721]]","(array([0.        , 0.07838751, 1.        ]), array([0.        , 0.96472053, 1.        ]), array([2, 1, 0]))",0.9647205345430954,0.8871373519338499,0.9431536104307907,0.9247687181675397,0.9431665144336484,1.96343609617518,0.9443222509357654,0.9324921476417293,deeplearn,2-3-0,2-3-3
1008,"[[67767  6144]
 [ 3239 33356]]","(array([0.      , 0.083127, 1.      ]), array([0.        , 0.91149064, 1.        ]), array([2, 1, 0]))",0.9114906407979232,0.813467804525755,0.915090583316743,0.8444556962025317,0.9141818183491991,2.9327118132957315,0.8766936066758656,0.8570621033428403,deeplearn,2-3-0,3-0-0
1009,"[[224283  33631]
 [  6860 122775]]","(array([0.        , 0.13039618, 1.        ]), array([0.        , 0.94708219, 1.        ]), array([2, 1, 0]))",0.9470821923091758,0.785392292721251,0.8955203083997121,0.7849762796823652,0.908343006869012,3.608670094020378,0.8584433700063978,0.8128006418990043,deeplearn,2-3-0,3-0-1
1010,"[[71210  9695]
 [ 2045 38312]]","(array([0.       , 0.1198319, 1.       ]), array([0.        , 0.94932725, 1.        ]), array([2, 1, 0]))",0.9493272542557672,0.7992638224050667,0.903184839438571,0.7980502843335346,0.9147476763213822,3.3439411107629535,0.8671404644425332,0.824321707511242,deeplearn,2-3-0,3-0-2
1011,"[[174157  23003]
 [  4701  93778]]","(array([0.        , 0.11667174, 1.        ]), array([0.        , 0.95226393, 1.        ]), array([2, 1, 0]))",0.9522639344428762,0.8056294152271715,0.9062911185601359,0.8030244645961244,0.9177960978767434,3.2366523171310027,0.8712998234692929,0.8290090399096185,deeplearn,2-3-0,3-0-3
1012,"[[198551  37453]
 [  1523 116771]]","(array([0.        , 0.15869646, 1.        ]), array([0.       , 0.9871253, 1.       ]), array([2, 1, 0]))",0.9871252979863729,0.7879976796683986,0.8899909116054846,0.7571519348480132,0.9142144176072777,3.7996638312680067,0.8569782546473994,0.7941552523837374,deeplearn,2-3-0,3-1-0
1013,"[[178343  33790]
 [  1248 105391]]","(array([0.        , 0.15928686, 1.        ]), array([0.        , 0.98829696, 1.        ]), array([2, 1, 0]))",0.9882969645251737,0.7886598121411701,0.8900844490733189,0.7572226094078933,0.91450505101898,3.7964333935290653,0.8574648116508014,0.7943689955574852,deeplearn,2-3-0,3-1-1
1014,"[[111420  16751]
 [  2935  60619]]","(array([0.        , 0.13069259, 1.        ]), array([0.       , 0.9538188, 1.       ]), array([2, 1, 0]))",0.9538187997608333,0.7898031909638287,0.8973216847046551,0.7834948946620137,0.9115631046966386,3.5464532333642715,0.860307683574125,0.8125130685138621,deeplearn,2-3-0,3-1-2
1015,"[[254932  37997]
 [  7245 139476]]","(array([0.        , 0.12971403, 1.        ]), array([0.        , 0.95062057, 1.        ]), array([2, 1, 0]))",0.9506205655632118,0.7889647479289874,0.8970954168088252,0.7858998270159404,0.9104532696487307,3.5542674945117816,0.8604477565901898,0.8141132576787883,deeplearn,2-3-0,3-1-3
1016,"[[62341  7086]
 [ 2712 31812]]","(array([0.        , 0.10206404, 1.        ]), array([0.        , 0.92144595, 1.        ]), array([2, 1, 0]))",0.9214459506430309,0.7974690292661694,0.9057440524862675,0.8178312509640598,0.9096909560782815,3.2555396010112965,0.866552259540737,0.8366470996654675,deeplearn,2-3-0,3-2-0
1017,"[[63280  9406]
 [ 2538 33905]]","(array([0.        , 0.12940594, 1.        ]), array([0.      , 0.930357, 1.      ]), array([2, 1, 0]))",0.9303569958565431,0.7720883127805532,0.8905515490841115,0.782826533675048,0.900475528993401,3.780284491512262,0.8502394864207439,0.8084669054352441,deeplearn,2-3-0,3-2-1
1018,"[[222223  42166]
 [  1604 129868]]","(array([0.       , 0.1594847, 1.       ]), array([0.        , 0.98779968, 1.        ]), array([2, 1, 0]))",0.9877996835828161,0.7869922643349584,0.8894308860938562,0.7548972877454456,0.9141574924500966,3.8190070722563796,0.855785388097764,0.79225678617095,deeplearn,2-3-0,3-2-2
1019,"[[182163  30511]
 [  5083 101038]]","(array([0.        , 0.14346371, 1.        ]), array([0.        , 0.95210185, 1.        ]), array([2, 1, 0]))",0.9521018460059744,0.7740375656762464,0.8883483116109099,0.7680636112779269,0.9043190704963338,3.8563892266743327,0.850237724576093,0.7989505263973607,deeplearn,2-3-0,3-2-3
1020,"[[60410  8024]
 [ 1779 32530]]","(array([0.        , 0.11725166, 1.        ]), array([0.        , 0.94814772, 1.        ]), array([2, 1, 0]))",0.9481477163426506,0.8017021642946764,0.9045871738220609,0.8021403560684519,0.9154480289051711,3.295504715348874,0.8690541388937125,0.8276300725098588,deeplearn,2-3-0,3-3-0
1021,"[[195700  29266]
 [  5432 107133]]","(array([0.        , 0.13009077, 1.        ]), array([0.        , 0.95174344, 1.        ]), array([2, 1, 0]))",0.9517434371252166,0.7894092691851282,0.8972005534306479,0.7854383096650269,0.9108263339267078,3.5506364285621266,0.860630452595556,0.8138814059173972,deeplearn,2-3-0,3-3-1
1022,"[[141002  23841]
 [  4131  78170]]","(array([0.        , 0.14462853, 1.        ]), array([0.       , 0.9498062, 1.       ]), array([2, 1, 0]))",0.9498061991956356,0.7707667055768955,0.8868190204900787,0.7662899099116762,0.9025888369357697,3.9092096774381533,0.848235600503494,0.7970918434979454,deeplearn,2-3-0,3-3-2
1023,"[[91608 13778]
 [ 3105 49551]]","(array([0.        , 0.13073843, 1.        ]), array([0.        , 0.94103236, 1.        ]), array([2, 1, 0]))",0.9410323609845032,0.7793846862601054,0.8931739664139913,0.7824377457404981,0.9051469663651379,3.6897101955725082,0.854438073888865,0.809730955773731,deeplearn,2-3-0,3-3-3
