,confusion_matrix,roc_curve,recall,mcc,accuracy,precision,auc,log_loss,f1_score,fbeta_score,model,train,valid
0,"[[226041  29339]
 [   869 136770]]","(array([0.       , 0.1148837, 1.       ]), array([0.        , 0.99368638, 1.        ]), array([2, 1, 0]))",0.993686382493334,0.8486569426690844,0.9231385759975981,0.8233750127928047,0.9394013398879075,2.6547592272293876,0.9005491394182018,0.8526010659851011,gbm,0-1-0,0-0-0
1,"[[162696  22823]
 [   650  99255]]","(array([0.        , 0.12302244, 1.        ]), array([0.        , 0.99349382, 1.        ]), array([2, 1, 0]))",0.9934938191281718,0.8392074892252669,0.9177609451202422,0.8130457576303675,0.9352356896890326,2.8405002646234645,0.8942576683800111,0.843693738875279,gbm,0-1-0,0-0-1
2,"[[279883  12597]
 [  6536 150655]]","(array([0.        , 0.04306961, 1.        ]), array([0.        , 0.95842001, 1.        ]), array([2, 1, 0]))",0.9584200113238035,0.9076515082074991,0.9574511142590917,0.9228370862225271,0.9576751998632146,1.469608850231958,0.9402920332165158,0.929740718021128,gbm,0-1-0,0-0-2
3,"[[69150 10264]
 [  222 42716]]","(array([0.        , 0.12924673, 1.        ]), array([0.        , 0.99482975, 1.        ]), array([2, 1, 0]))",0.9948297545297872,0.8337389410885231,0.9142964561265856,0.8062665156662892,0.9327915111077929,2.960162615609529,0.8906774536583331,0.8380352980875624,gbm,0-1-0,0-0-3
4,"[[257170   9790]
 [   827 142673]]","(array([0.        , 0.03667216, 1.        ]), array([0.        , 0.99423693, 1.        ]), array([2, 1, 0]))",0.9942369337979095,0.9449909507380237,0.9741338985528432,0.9357876993106524,0.9787823865872975,0.8934025655206566,0.96412727266584,0.9469212267306653,gbm,0-1-0,0-1-0
5,"[[114093  14311]
 [   591  68246]]","(array([0.        , 0.11145291, 1.        ]), array([0.       , 0.9914145, 1.       ]), array([2, 1, 0]))",0.991414500922469,0.8502283668685512,0.9244477568051267,0.8266531002822293,0.9399807933415186,2.609540049359832,0.9015680938478409,0.855073734855224,gbm,0-1-0,0-1-1
6,"[[301367  14397]
 [  6916 162836]]","(array([0.        , 0.04559418, 1.        ]), array([0.        , 0.95925821, 1.        ]), array([2, 1, 0]))",0.9592582119798294,0.9049575425944144,0.9561023735572051,0.9187679495353575,0.9568320170247382,1.5161940144278139,0.9385765955300662,0.9265902190093366,gbm,0-1-0,0-1-2
7,"[[300657  14169]
 [  6940 162368]]","(array([0.        , 0.04500581, 1.        ]), array([0.        , 0.95900962, 1.        ]), array([2, 1, 0]))",0.9590096156117844,0.905551427305482,0.956398435143989,0.9197392048125889,0.9570019014385654,1.5059681006005745,0.9389639867570734,0.9273338694349,gbm,0-1-0,0-1-3
8,"[[46759  2508]
 [ 1782 25204]]","(array([0.        , 0.05090629, 1.        ]), array([0.        , 0.93396576, 1.        ]), array([2, 1, 0]))",0.933965760023716,0.8779079389541187,0.9437399184294388,0.9094976905311778,0.9415297369343417,1.9431806764917028,0.921569344400161,0.9142882017499312,gbm,0-1-0,0-2-0
9,"[[121764   5495]
 [  4499  64210]]","(array([0.        , 0.04317966, 1.        ]), array([0.        , 0.93452095, 1.        ]), array([2, 1, 0]))",0.9345209506760396,0.8884338067046103,0.9490018778576094,0.9211677784950865,0.9456706467207905,1.7614351581820318,0.9277963211813834,0.9238077973348987,gbm,0-1-0,0-2-1
10,"[[103281   4908]
 [  3882  54155]]","(array([0.        , 0.04536506, 1.        ]), array([0.        , 0.93311164, 1.        ]), array([2, 1, 0]))",0.9331116356806864,0.8842047753027634,0.947120185771179,0.916902290774258,0.9438732900417686,1.8264276884208996,0.9249359521776259,0.9200989503515251,gbm,0-1-0,0-2-2
11,"[[247393  29383]
 [   802 148319]]","(array([0.        , 0.10616166, 1.        ]), array([0.        , 0.99462182, 1.        ]), array([2, 1, 0]))",0.9946218171820199,0.8594663980439736,0.9291260562999974,0.834650144624146,0.9442300778831451,2.4479544585936757,0.9076411390875182,0.8623909648354688,gbm,0-1-0,0-2-3
12,"[[245894  11881]
 [  5703 132491]]","(array([0.        , 0.04609058, 1.        ]), array([0.        , 0.95873193, 1.        ]), array([2, 1, 0]))",0.9587319275800686,0.9037970414768779,0.9555924832499514,0.9177056492948771,0.9563206723537041,1.5338052831034197,0.9377702908347076,0.9256275832003599,gbm,0-1-0,0-3-0
13,"[[157437   7311]
 [  5764  82540]]","(array([0.        , 0.04437687, 1.        ]), array([0.        , 0.93472549, 1.        ]), array([2, 1, 0]))",0.9347254937488676,0.8868241107463865,0.9483307778638382,0.9186319573516154,0.9451743136309346,1.784614811265153,0.9266088518424966,0.9218061772405228,gbm,0-1-0,0-3-1
14,"[[85981 12649]
 [  591 52307]]","(array([0.        , 0.12824698, 1.        ]), array([0.        , 0.98882755, 1.        ]), array([2, 1, 0]))",0.9888275549170101,0.8289289697825551,0.9126234095348714,0.8052681815382721,0.930290285620322,3.0179472676766808,0.8876576102635465,0.8363178797782057,gbm,0-1-0,0-3-2
15,"[[255092   7912]
 [  9226 132040]]","(array([0.        , 0.03008319, 1.        ]), array([0.        , 0.93469058, 1.        ]), array([2, 1, 0]))",0.9346905837214899,0.9065822429745519,0.9576075395156702,0.9434663313135933,0.9523036955352139,1.464199362482616,0.9390579550384399,0.9416980233185085,gbm,0-1-0,0-3-3
16,"[[   840  32535]
 [ 17715 186556]]","(array([0.        , 0.97483146, 1.        ]), array([0.        , 0.91327697, 1.        ]), array([2, 1, 0]))",0.9132769702992594,-0.07971333633591667,0.7885510380986847,0.8515000616182317,0.46922275481255105,7.30329788318193,0.8813072500602321,0.8631776686855412,gbm,0-1-0,1-0-0
17,"[[  1664  60635]
 [ 32975 348538]]","(array([0.       , 0.9732901, 1.       ]), array([0.        , 0.91356782, 1.        ]), array([2, 1, 0]))",0.9135678207557802,-0.0773384443563067,0.7890773570791236,0.8518108477343325,0.4701388598955389,7.285119243999195,0.8816091343466307,0.8634851266348067,gbm,0-1-0,1-0-1
18,"[[   499  18345]
 [  9945 104854]]","(array([0.        , 0.97351942, 1.        ]), array([0.        , 0.91337033, 1.        ]), array([2, 1, 0]))",0.9133703255254837,-0.07799157483920613,0.7883166346161041,0.8510945705728131,0.4699254514487958,7.311394183211096,0.8811334549029824,0.8628609517853176,gbm,0-1-0,1-0-2
19,"[[   617  22327]
 [ 11934 126015]]","(array([0.        , 0.97310844, 1.        ]), array([0.        , 0.91348977, 1.        ]), array([2, 1, 0]))",0.9134897679577235,-0.0777329050769412,0.787057236797126,0.8494896927370535,0.47019066501093987,7.354893442709496,0.8803280578152998,0.8615620859353741,gbm,0-1-0,1-0-3
20,"[[   963  36441]
 [ 19176 207660]]","(array([0.        , 0.97425409, 1.        ]), array([0.        , 0.91546315, 1.        ]), array([2, 1, 0]))",0.9154631539967201,-0.07723633582330994,0.7895208900999092,0.8507134341932233,0.4706045317625564,7.269801184096659,0.881901400824314,0.8629201156876434,gbm,0-1-0,1-1-0
21,"[[   812  30545]
 [ 16596 175554]]","(array([0.        , 0.97410467, 1.        ]), array([0.        , 0.91362998, 1.        ]), array([2, 1, 0]))",0.9136299765807963,-0.07836979487306671,0.7890849056181686,0.8517945259317125,0.46976265547794793,7.284858558058539,0.8816293324025922,0.8634828133699803,gbm,0-1-0,1-1-1
22,"[[   554  20204]
 [ 10972 115914]]","(array([0.        , 0.97331149, 1.        ]), array([0.        , 0.91352868, 1.        ]), array([2, 1, 0]))",0.9135286792869189,-0.07746024767910169,0.7888434342066051,0.8515699613570579,0.47010859246165004,7.293198829307085,0.8814618789067847,0.8632800979507208,gbm,0-1-0,1-1-2
23,"[[   636  23927]
 [ 13049 138016]]","(array([0.       , 0.9741074, 1.       ]), array([0.        , 0.91361996, 1.        ]), array([2, 1, 0]))",0.9136199649157647,-0.0782680097185224,0.7894640945635092,0.8522504831947043,0.46975628380543766,7.2717614955811705,0.8818688340234115,0.8638558304134635,gbm,0-1-0,1-1-3
24,"[[   741  28349]
 [ 15250 162528]]","(array([0.        , 0.97452733, 1.        ]), array([0.        , 0.91421886, 1.        ]), array([2, 1, 0]))",0.9142188572264285,-0.07850088991430972,0.7892424154533325,0.8514802726363051,0.46984576412369894,7.279418662283485,0.8817349554461489,0.8633295300259433,gbm,0-1-0,1-2-0
25,"[[  1083  40142]
 [ 21292 227688]]","(array([0.        , 0.97372953, 1.        ]), array([0.        , 0.91448309, 1.        ]), array([2, 1, 0]))",0.9144830910113262,-0.07753784121358495,0.7883082648472631,0.8501213456296904,0.47037677898049635,7.311684107734137,0.881128461136588,0.8622585775960008,gbm,0-1-0,1-2-1
26,"[[  1591  59280]
 [ 31771 335098]]","(array([0.        , 0.97386276, 1.        ]), array([0.        , 0.91339961, 1.        ]), array([2, 1, 0]))",0.9133996058538606,-0.0787715041680738,0.787134708000187,0.8496873557855661,0.46976842345230363,7.352217537917135,0.8803923036806713,0.8617086877520403,gbm,0-1-0,1-2-2
27,"[[  1674  64031]
 [ 34417 364167]]","(array([0.        , 0.97452249, 1.        ]), array([0.        , 0.91365183, 1.        ]), array([2, 1, 0]))",0.9136518274692411,-0.07924016511955945,0.7879596544393686,0.8504640376648186,0.469564670298048,7.323724356056721,0.8809262901224264,0.8623925818991975,gbm,0-1-0,1-2-3
28,"[[   931  35286]
 [ 18812 201107]]","(array([0.        , 0.97429384, 1.        ]), array([0.        , 0.91445941, 1.        ]), array([2, 1, 0]))",0.9144594146026491,-0.07816545456299531,0.7887918918074773,0.8507316206486656,0.4700827873466072,7.294979776395351,0.8814451515629657,0.8627565549626723,gbm,0-1-0,1-3-0
29,"[[  359 12271]
 [ 6586 69993]]","(array([0.        , 0.97157561, 1.        ]), array([0.        , 0.91399731, 1.        ]), array([2, 1, 0]))",0.9139973099674845,-0.07491596015400442,0.7886199822887825,0.8508339006126616,0.4712108481745578,7.300917153413858,0.8812852942842933,0.8627583911644706,gbm,0-1-0,1-3-1
30,"[[  1726  68584]
 [ 36505 392766]]","(array([0.        , 0.97545157, 1.        ]), array([0.        , 0.91496048, 1.        ]), array([2, 1, 0]))",0.9149604795106122,-0.07913027187599096,0.7896457231159711,0.8513406307575594,0.4697544539495886,7.265489104179145,0.8820048033899942,0.8633468312560366,gbm,0-1-0,1-3-2
31,"[[  1538  54397]
 [ 29504 311490]]","(array([0.       , 0.9725038, 1.       ]), array([0.        , 0.91347648, 1.        ]), array([2, 1, 0]))",0.9134764834571869,-0.07649268157893732,0.7886246658722341,0.8513284156037246,0.47048634220235763,7.300754981396702,0.8813081692675288,0.8630721811961152,gbm,0-1-0,1-3-3
32,"[[ 75100 116772]
 [ 12769 179073]]","(array([0.        , 0.60859323, 1.        ]), array([0.        , 0.93344002, 1.        ]), array([2, 1, 0]))",0.9334400183484326,0.38655052556488706,0.6624022058095352,0.6052933123764134,0.6624233947646099,11.660458058773571,0.7343767621445723,0.6510694273360955,gbm,0-1-0,2-0-0
33,"[[ 80373 124019]
 [ 13525 191045]]","(array([0.        , 0.60677032, 1.        ]), array([0.        , 0.93388571, 1.        ]), array([2, 1, 0]))",0.9338857114923987,0.38888960193791217,0.6636753537003438,0.6063688647385927,0.6635576939003347,11.616484235051889,0.7353060038411652,0.6521081684787133,gbm,0-1-0,2-0-1
34,"[[39896 61904]
 [ 6839 95598]]","(array([0.       , 0.6080943, 1.       ]), array([0.        , 0.93323701, 1.        ]), array([2, 1, 0]))",0.9332370139695618,0.38700108056041965,0.6634155417480672,0.6069637210956051,0.6625713557077672,11.625457698627887,0.7355418001915834,0.6525950753981528,gbm,0-1-0,2-0-2
35,"[[ 97039 151637]
 [ 16440 231913]]","(array([0.        , 0.60977738, 1.        ]), array([0.       , 0.9338039, 1.       ]), array([2, 1, 0]))",0.9338039000938181,0.3859788017272307,0.6618366332749196,0.6046486768348325,0.662013259541995,11.679992854909722,0.7340145560315428,0.6505080073355463,gbm,0-1-0,2-0-3
36,"[[14878 23489]
 [ 2587 36064]]","(array([0.        , 0.61221883, 1.        ]), array([0.        , 0.93306771, 1.        ]), array([2, 1, 0]))",0.9330677084680862,0.3831101795056453,0.6614297956321898,0.6055782244387352,0.6604244372871877,11.694044444386101,0.7344711009734838,0.6512968507890183,gbm,0-1-0,2-1-0
37,"[[102513 115781]
 [ 14446 203823]]","(array([0.        , 0.53039021, 1.        ]), array([0.        , 0.93381561, 1.        ]), array([2, 1, 0]))",0.9338156128447008,0.4554673460121977,0.7016994110815621,0.6377360733908212,0.7017127025715804,10.303149400590748,0.7578852256945412,0.6809148217560811,gbm,0-1-0,2-1-1
38,"[[25620 40307]
 [ 4481 61290]]","(array([0.        , 0.61138835, 1.        ]), array([0.        , 0.93186967, 1.        ]), array([2, 1, 0]))",0.931869669003056,0.38161082853214806,0.6599189053744172,0.6032658444639113,0.6602406576089043,11.746229605224668,0.7323980689259595,0.6490398361568878,gbm,0-1-0,2-1-2
39,"[[ 68299 106503]
 [ 11714 163442]]","(array([0.        , 0.60927793, 1.        ]), array([0.        , 0.93312247, 1.        ]), array([2, 1, 0]))",0.9331224736806047,0.38557101332912497,0.6621966064499168,0.6054640760154847,0.6619222738993749,11.667559217398276,0.7344041015409987,0.6511965550434444,gbm,0-1-0,2-1-3
40,"[[ 93002 105763]
 [ 13151 185851]]","(array([0.        , 0.53210072, 1.        ]), array([0.        , 0.93391524, 1.        ]), array([2, 1, 0]))",0.9339152370327937,0.45420716098993535,0.7010460897962878,0.6373185100852496,0.7009072575373512,10.32571486334316,0.7576230697735092,0.6805445498872906,gbm,0-1-0,2-2-0
41,"[[ 63949  99413]
 [ 10787 152717]]","(array([0.        , 0.60854421, 1.        ]), array([0.        , 0.93402608, 1.        ]), array([2, 1, 0]))",0.9340260788726882,0.38751571535400003,0.6628587861692559,0.6057073731805022,0.6627409320919189,11.64468818750952,0.7348628841721323,0.65150969604718,gbm,0-1-0,2-2-1
42,"[[ 85074 132319]
 [ 14496 202405]]","(array([0.        , 0.60866265, 1.        ]), array([0.        , 0.93316767, 1.        ]), array([2, 1, 0]))",0.9331676663546964,0.3859822083618465,0.6619455944590531,0.6046922240412997,0.6622525069616927,11.676229140515819,0.7338499886698391,0.6504865351970727,gbm,0-1-0,2-2-2
43,"[[ 81678 127894]
 [ 13973 196642]]","(array([0.        , 0.61026282, 1.        ]), array([0.       , 0.9336562, 1.       ]), array([2, 1, 0]))",0.9336561973268761,0.3856259056402544,0.662371753528786,0.6059173712623561,0.6616966879788047,11.661509886147194,0.7349028591930128,0.6516680265039017,gbm,0-1-0,2-2-3
44,"[[23390 36847]
 [ 3887 56156]]","(array([0.        , 0.61170045, 1.        ]), array([0.        , 0.93526306, 1.        ]), array([2, 1, 0]))",0.9352630614726113,0.3863442119388589,0.661340206185567,0.6038084792963668,0.6617813057915043,11.697139844004008,0.7338447264221214,0.6498709655020773,gbm,0-1-0,2-3-0
45,"[[15145 23464]
 [ 2568 35980]]","(array([0.        , 0.60773395, 1.        ]), array([0.        , 0.93338176, 1.        ]), array([2, 1, 0]))",0.9333817578084466,0.38716250331692,0.662610002980935,0.605275553462082,0.6628239048826221,11.653280828264666,0.734345660870275,0.6510473212605492,gbm,0-1-0,2-3-1
46,"[[ 82717 128413]
 [ 14138 198039]]","(array([0.        , 0.60821769, 1.        ]), array([0.        , 0.93336695, 1.        ]), array([2, 1, 0]))",0.9333669530627731,0.3870225020337443,0.6632444065418243,0.6066404861970519,0.6625746336383822,11.631368705397543,0.7353447363584211,0.6523088172808031,gbm,0-1-0,2-3-2
47,"[[ 82721 128703]
 [ 14196 196975]]","(array([0.        , 0.60874357, 1.        ]), array([0.        , 0.93277486, 1.        ]), array([2, 1, 0]))",0.9327748601844004,0.3853781094812045,0.6618535477229972,0.6048151855513728,0.6620156463779577,11.679408224527979,0.733819006834324,0.6505621636546549,gbm,0-1-0,2-3-3
48,"[[40393 33518]
 [ 2492 34103]]","(array([0.        , 0.45349136, 1.        ]), array([0.        , 0.93190327, 1.        ]), array([2, 1, 0]))",0.9319032654734253,0.4620339524672763,0.6741353410674533,0.5043255793318644,0.7392059521208367,11.255209118847837,0.654467644123743,0.5552805629821642,gbm,0-1-0,3-0-0
49,"[[141443 116471]
 [  9050 120585]]","(array([0.        , 0.45158851, 1.        ]), array([0.        , 0.93018861, 1.        ]), array([2, 1, 0]))",0.9301886064720176,0.4633271469579323,0.6761157943898707,0.5086772745680346,0.7393000462356134,11.186804460282124,0.6576927167560698,0.5593727936585396,gbm,0-1-0,3-0-1
50,"[[44370 36535]
 [ 2782 37575]]","(array([0.        , 0.45157901, 1.        ]), array([0.        , 0.93106524, 1.        ]), array([2, 1, 0]))",0.9310652427088237,0.4634840491013633,0.6757681713974699,0.5070165969504791,0.7397431151434237,11.198811538741033,0.6565210934155696,0.5578286029863686,gbm,0-1-0,3-0-2
51,"[[108129  89031]
 [  6788  91691]]","(array([0.        , 0.45156726, 1.        ]), array([0.       , 0.9310716, 1.       ]), array([2, 1, 0]))",0.9310715990211111,0.4636348932923795,0.6758918816529619,0.5073593696395569,0.7397521719999043,11.194538624277426,0.6568099684456717,0.5581609682395322,gbm,0-1-0,3-0-3
52,"[[129549 106455]
 [  8228 110066]]","(array([0.        , 0.45107286, 1.        ]), array([0.        , 0.93044449, 1.        ]), array([2, 1, 0]))",0.9304444857727358,0.4637404594185805,0.6763092086322813,0.5083386830838579,0.7396858113004626,11.180124117104734,0.6574735301584458,0.5590636930122372,gbm,0-1-0,3-1-0
53,"[[116248  95885]
 [  7437  99202]]","(array([0.        , 0.45200417, 1.        ]), array([0.        , 0.93026004, 1.        ]), array([2, 1, 0]))",0.9302600361968886,0.4630733364559481,0.6758749200055212,0.508501335301686,0.7391279344999472,11.195124176761308,0.6575634847510656,0.5592077448711198,gbm,0-1-0,3-1-1
54,"[[70710 57461]
 [ 4478 59076]]","(array([0.        , 0.44831514, 1.        ]), array([0.        , 0.92954023, 1.        ]), array([2, 1, 0]))",0.9295402335022186,0.4639897771531486,0.6769383231190508,0.5069291298042682,0.740612546005777,11.158394663149348,0.6560683210154865,0.5576342924889843,gbm,0-1-0,3-1-2
55,"[[160686 132243]
 [ 10199 136522]]","(array([0.        , 0.45145069, 1.        ]), array([0.        , 0.93048712, 1.        ]), array([2, 1, 0]))",0.9304871150005793,0.46340160254498364,0.6760104628681906,0.5079604859263669,0.7395182110852881,11.190442689427563,0.6571677505379242,0.5587007818913536,gbm,0-1-0,3-1-3
56,"[[37921 31506]
 [ 2422 32102]]","(array([0.        , 0.45380039, 1.        ]), array([0.       , 0.9298459, 1.       ]), array([2, 1, 0]))",0.929845904298459,0.46007990118674114,0.6736154534347913,0.5046849452899006,0.7380227548196603,11.273165218643065,0.6542616068153099,0.5554824956048672,gbm,0-1-0,3-2-0
57,"[[39670 33016]
 [ 2568 33875]]","(array([0.        , 0.45422777, 1.        ]), array([0.        , 0.92953379, 1.        ]), array([2, 1, 0]))",0.9295337924978734,0.46022503716992047,0.6739271870905076,0.506420893692724,0.7376530091179898,11.26239788457016,0.6556409313488301,0.5571417763406764,gbm,0-1-0,3-2-1
58,"[[144954 119435]
 [  9185 122287]]","(array([0.        , 0.45173967, 1.        ]), array([0.        , 0.93013722, 1.        ]), array([2, 1, 0]))",0.9301372155287818,0.4620754651377241,0.6750879727985328,0.5058993389099875,0.7391987720299238,11.222305101620234,0.6553535158657429,0.556679959211916,gbm,0-1-0,3-2-2
59,"[[116771  95903]
 [  7338  98783]]","(array([0.      , 0.450939, 1.      ]), array([0.        , 0.93085252, 1.        ]), array([2, 1, 0]))",0.9308525174093724,0.46382254406903,0.676152386329773,0.5073965256875174,0.7399567607876865,11.185540857225872,0.6567865774400197,0.5581811914811865,gbm,0-1-0,3-2-3
60,"[[37535 30899]
 [ 2331 31978]]","(array([0.        , 0.45151533, 1.        ]), array([0.        , 0.93205864, 1.        ]), array([2, 1, 0]))",0.9320586435046198,0.4650774634879935,0.6765716399170747,0.5085802439683828,0.7402716574334041,11.171060280154146,0.6580783240384418,0.559413890706291,gbm,0-1-0,3-3-0
61,"[[123534 101432]
 [  7800 104765]]","(array([0.        , 0.45087702, 1.        ]), array([0.       , 0.9307067, 1.       ]), array([2, 1, 0]))",0.9307067027939413,0.4639994686002638,0.6763793547851901,0.5080820768488388,0.739914840688686,11.17770139019949,0.6573242732822607,0.558834291883634,gbm,0-1-0,3-3-1
62,"[[90161 74682]
 [ 5730 76571]]","(array([0.        , 0.45304927, 1.        ]), array([0.        , 0.93037752, 1.        ]), array([2, 1, 0]))",0.9303775166765896,0.4616512630642801,0.674635030589454,0.5062445042412382,0.738664125809161,11.23794954764364,0.6557027496852977,0.5570315125714195,gbm,0-1-0,3-3-2
63,"[[57858 47528]
 [ 3540 49116]]","(array([0.       , 0.4509897, 1.       ]), array([0.        , 0.93277119, 1.        ]), array([2, 1, 0]))",0.932771194165907,0.46590884032465,0.676870705255565,0.5082157195480319,0.7408907495700012,11.160730920906852,0.6579504353650368,0.5591122686871629,gbm,0-1-0,3-3-3
64,"[[   803 254577]
 [   685 136954]]","(array([0.        , 0.99685567, 1.        ]), array([0.        , 0.99502321, 1.        ]), array([2, 1, 0]))",0.9950232128975073,-0.01423352726475079,0.35050977179220344,0.34979094886484086,0.49908377341562654,22.433115699833028,0.5176181567360205,0.40191622895907475,gbm,1-2-0,0-0-0
65,"[[   592 184927]
 [   501  99404]]","(array([0.        , 0.99680895, 1.        ]), array([0.        , 0.99498524, 1.        ]), array([2, 1, 0]))",0.9949852359741754,-0.014083898294356136,0.35034194741857727,0.34960662045292284,0.49908814189569006,22.43891227265217,0.5174111743824108,0.4017202959193489,gbm,1-2-0,0-0-1
66,"[[   903 291577]
 [   812 156379]]","(array([0.        , 0.99691261, 1.        ]), array([0.        , 0.99483431, 1.        ]), array([2, 1, 0]))",0.9948343098523452,-0.016077567043014815,0.3497712772226806,0.3490945539294038,0.49896085022157743,22.458622938885195,0.5168297950745853,0.4011744393963104,gbm,1-2-0,0-0-2
67,"[[  250 79164]
 [  192 42746]]","(array([0.        , 0.99685194, 1.        ]), array([0.        , 0.99552844, 1.        ]), array([2, 1, 0]))",0.9955284363500861,-0.01052843782631403,0.35141231855629657,0.3506357148716266,0.49933824794309406,22.401942256158428,0.5186110841502474,0.4028248438495376,gbm,1-2-0,0-0-3
68,"[[   848 266112]
 [   705 142795]]","(array([0.        , 0.99682349, 1.        ]), array([0.        , 0.99508711, 1.        ]), array([2, 1, 0]))",0.9950871080139373,-0.013486441040917882,0.3499561467621693,0.34921143438483565,0.4991318069287547,22.45223769388546,0.5169920004634263,0.40130614548250604,gbm,1-2-0,0-1-0
69,"[[   378 128026]
 [   331  68506]]","(array([0.        , 0.99705617, 1.        ]), array([0.        , 0.99519154, 1.        ]), array([2, 1, 0]))",0.9951915394337347,-0.014850889530558837,0.34923773454809093,0.34857427798017626,0.49906768647958505,22.47705137867963,0.5163074812807825,0.4006362833566287,gbm,1-2-0,0-1-1
70,"[[   977 314787]
 [   864 168888]]","(array([0.        , 0.99690592, 1.        ]), array([0.        , 0.99491022, 1.        ]), array([2, 1, 0]))",0.9949102219708752,-0.015483859979969717,0.3498648860181745,0.3491766165296945,0.49900215244678214,22.455389751740846,0.5169299707541929,0.4012636068677261,gbm,1-2-0,0-1-2
71,"[[   969 313857]
 [   861 168447]]","(array([0.        , 0.99692211, 1.        ]), array([0.        , 0.99491459, 1.        ]), array([2, 1, 0]))",0.9949145935218655,-0.01560080606435947,0.3499361746954356,0.3492548268312102,0.4989962420831107,22.452927471948158,0.5170162612106591,0.4013463748806304,gbm,1-2-0,0-1-3
72,"[[  173 49094]
 [  131 26855]]","(array([0.        , 0.99648852, 1.        ]), array([0.        , 0.99514563, 1.        ]), array([2, 1, 0]))",0.9951456310679612,-0.010190374587565373,0.3544516281326636,0.35359254236395476,0.4993285546697104,22.29696567316324,0.5217855928498567,0.4059320035552116,gbm,1-2-0,0-2-0
73,"[[   395 126864]
 [   327  68382]]","(array([0.        , 0.99689609, 1.        ]), array([0.       , 0.9952408, 1.       ]), array([2, 1, 0]))",0.9952407981487141,-0.01303667887274903,0.35096036087524496,0.3502350880427768,0.49917235217787037,22.4175526033509,0.5181337728021822,0.40239239348800093,gbm,1-2-0,0-2-1
74,"[[   360 107829]
 [   313  57724]]","(array([0.        , 0.99667249, 1.        ]), array([0.        , 0.99460689, 1.        ]), array([2, 1, 0]))",0.9946068887089271,-0.015506522996660017,0.3494278873341114,0.3486738385894547,0.4989671994497135,22.470483418296364,0.5163379399794267,0.40072252790354446,gbm,1-2-0,0-2-2
75,"[[   875 275901]
 [   756 148365]]","(array([0.       , 0.9968386, 1.       ]), array([0.        , 0.99493029, 1.        ]), array([2, 1, 0]))",0.9949302915082383,-0.014737907106298648,0.35041336285533825,0.34969806677886045,0.49904584639290284,22.43644559792014,0.5175038848107822,0.4018150943702825,gbm,1-2-0,0-2-3
76,"[[   789 256986]
 [   720 137474]]","(array([0.        , 0.99693919, 1.        ]), array([0.        , 0.99478993, 1.        ]), array([2, 1, 0]))",0.9947899329927493,-0.01662675399887464,0.3491763244092341,0.3485118896719566,0.4989253709188361,22.479172346754535,0.5161849906318173,0.40055733161464174,gbm,1-2-0,0-3-0
77,"[[   520 164228]
 [   398  87906]]","(array([0.        , 0.99684366, 1.        ]), array([0.        , 0.99549284, 1.        ]), array([2, 1, 0]))",0.9954928429063236,-0.01070930123391122,0.3494380601615478,0.34864794117413755,0.49932458932166396,22.470132301168665,0.5164288357938891,0.400723897742606,gbm,1-2-0,0-3-1
78,"[[  321 98309]
 [  262 52636]]","(array([0.        , 0.99674541, 1.        ]), array([0.        , 0.99504707, 1.        ]), array([2, 1, 0]))",0.9950470717229385,-0.013076913353243477,0.3494865635394119,0.3487097949584286,0.49915082978826636,22.468456890122653,0.5164366693975265,0.40077480896268797,gbm,1-2-0,0-3-2
79,"[[   813 262191]
 [   711 140555]]","(array([0.        , 0.99690879, 1.        ]), array([0.        , 0.99496694, 1.        ]), array([2, 1, 0]))",0.9949669417977433,-0.015108024577727633,0.3496870903109308,0.34899167217054916,0.4990290747680143,22.461530756733442,0.5167349249648905,0.401070052789271,gbm,1-2-0,0-3-3
80,"[[ 20957  12418]
 [ 45628 158643]]","(array([0.        , 0.37207491, 1.        ]), array([0.        , 0.77663006, 1.        ]), array([2, 1, 0]))",0.7766300649627211,0.31298824918475804,0.7557459414423133,0.9274060130596687,0.70227757929784,8.436278094391968,0.8453475856042119,0.8927423847655921,gbm,1-2-0,1-0-0
81,"[[ 61418    881]
 [130618 250895]]","(array([0.        , 0.01414148, 1.        ]), array([0.        , 0.65763159, 1.        ]), array([2, 1, 0]))",0.6576315879144354,0.4511683166383941,0.7037056231016737,0.9965008579054397,0.8217450544589914,10.233646818021365,0.7923554648825418,0.9033988493587506,gbm,1-2-0,1-0-1
82,"[[ 10722   8122]
 [ 10350 104449]]","(array([0.        , 0.43101252, 1.        ]), array([0.        , 0.90984242, 1.        ]), array([2, 1, 0]))",0.9098424202301414,0.4572679027045651,0.8617810135959235,0.927849979124286,0.7394149481749306,4.773963259558063,0.9187579715881602,0.9241916674187686,gbm,1-2-0,1-0-2
83,"[[ 12225  10719]
 [ 12548 125401]]","(array([0.        , 0.46718096, 1.        ]), array([0.        , 0.90903885, 1.        ]), array([2, 1, 0]))",0.9090388476900884,0.4280812277392699,0.8553883636951266,0.9212533059065531,0.720928942673496,4.994762241149342,0.9151053201930901,0.9187842251721428,gbm,1-2-0,1-0-3
84,"[[ 36871    533]
 [ 77985 148851]]","(array([0.        , 0.01424981, 1.        ]), array([0.        , 0.65620536, 1.        ]), array([2, 1, 0]))",0.6562053642279003,0.45143069688142384,0.7028534665455647,0.9964320141380603,0.82097777568683,10.263079288378096,0.7912976449949497,0.9028145060725011,gbm,1-2-0,1-1-0
85,"[[  5502  25855]
 [    17 192133]]","(array([0.        , 0.82453679, 1.        ]), array([0.        , 0.99991153, 1.        ]), array([2, 1, 0]))",0.9999115274525111,0.39247138743409576,0.8842452361670999,0.8813925537185533,0.5876873707039638,3.9981204010643374,0.9369187931866836,0.902794093047471,gbm,1-2-0,1-1-1
86,"[[19646  1112]
 [43449 83437]]","(array([0.        , 0.05356971, 1.        ]), array([0.        , 0.65757452, 1.        ]), array([2, 1, 0]))",0.6575745157070126,0.42441262326612433,0.6981861775622443,0.9868478633691705,0.802002403821326,10.424286148343022,0.7892449216071133,0.8970138599214762,gbm,1-2-0,1-1-2
87,"[[  4081  20482]
 [     8 151057]]","(array([0.       , 0.8338558, 1.       ]), array([0.        , 0.99994704, 1.        ]), array([2, 1, 0]))",0.999947042663754,0.38201408465366476,0.8833329537431389,0.8805985810806872,0.5830456216453566,4.029630273568482,0.9364855984426728,0.9021333674143386,gbm,1-2-0,1-1-3
88,"[[ 28738    352]
 [  1139 176639]]","(array([0.        , 0.01210038, 1.        ]), array([0.        , 0.99359313, 1.        ]), array([2, 1, 0]))",0.9935931330085838,0.9706303831742685,0.9927925053657405,0.9980111983095186,0.9907463774358836,0.24893940610972917,0.9957972652627484,0.9971244448157589,gbm,1-2-0,1-2-0
89,"[[ 38433   2792]
 [ 55923 193057]]","(array([0.        , 0.06772589, 1.        ]), array([0.       , 0.7753916, 1.       ]), array([2, 1, 0]))",0.7753915977186923,0.5274062494231062,0.797677503833497,0.9857441191938687,0.8538328516185942,6.987979147510228,0.8680054582772256,0.935013018512635,gbm,1-2-0,1-2-1
90,"[[ 58656   2215]
 [125438 241431]]","(array([0.        , 0.03638843, 1.        ]), array([0.        , 0.65808504, 1.        ]), array([2, 1, 0]))",0.6580850385287391,0.4386718496073849,0.7015640342263992,0.9909089416612626,0.8108483052708423,10.307617230672468,0.7909093142674627,0.8998861682071604,gbm,1-2-0,1-2-2
91,"[[ 63437   2268]
 [136539 262045]]","(array([0.        , 0.03451792, 1.        ]), array([0.        , 0.65743984, 1.        ]), array([2, 1, 0]))",0.6574398370230616,0.43847471103797586,0.7010331926881749,0.9914192642813634,0.811460958006242,10.325951613187776,0.7906054786791915,0.8999811791987558,gbm,1-2-0,1-2-3
92,"[[ 18247  17970]
 [ 45433 174486]]","(array([0.        , 0.49617583, 1.        ]), array([0.       , 0.7934103, 1.       ]), array([2, 1, 0]))",0.7934103010653922,0.23961805206487224,0.7524635349970328,0.9066280084798604,0.6486172360174133,8.549662712513442,0.8462491664140648,0.8814712506175845,gbm,1-2-0,1-3-0
93,"[[ 2121 10509]
 [    5 76574]]","(array([0.        , 0.83206651, 1.        ]), array([0.        , 0.99993471, 1.        ]), array([2, 1, 0]))",0.9999347079486544,0.3836866002499259,0.8821419363517133,0.8793220261130186,0.5839340998175576,4.070767500874181,0.9357578423824711,0.9010592806493597,gbm,1-2-0,1-3-1
94,"[[ 11724  58586]
 [    27 429244]]","(array([0.        , 0.83325274, 1.        ]), array([0.       , 0.9999371, 1.       ]), array([2, 1, 0]))",0.9999371026694093,0.38247012958120213,0.8826756822217018,0.8799048848984278,0.5833421823971424,4.052332146438607,0.9360888277299882,0.9015492371432136,gbm,1-2-0,1-3-2
95,"[[  9412  46523]
 [    47 340947]]","(array([0.        , 0.83173326, 1.        ]), array([0.        , 0.99986217, 1.        ]), array([2, 1, 0]))",0.9998621676627741,0.3835446440196371,0.882674231411663,0.8799313495238341,0.5840644529205083,4.052382205337064,0.9360709657580882,0.9015592789366187,gbm,1-2-0,1-3-3
96,"[[ 10542 181330]
 [   341 191501]]","(array([0.        , 0.94505712, 1.        ]), array([0.       , 0.9982225, 1.       ]), array([2, 1, 0]))",0.9982224955953337,0.16013128927188955,0.5265458127668002,0.5136402284144826,0.5265826870905287,16.352906168244672,0.6782722035585196,0.5688714006818102,gbm,1-2-0,2-0-0
97,"[[ 11388 193004]
 [   391 204179]]","(array([0.        , 0.94428353, 1.        ]), array([0.        , 0.99808867, 1.        ]), array([2, 1, 0]))",0.998088673803588,0.16085225357103647,0.5271076530337782,0.5140678226409489,0.526902570100745,16.333500389757894,0.6786139828135465,0.5692822513999316,gbm,1-2-0,2-0-1
98,"[[  5652  96148]
 [   200 102237]]","(array([0.        , 0.94447937, 1.        ]), array([0.        , 0.99804758, 1.        ]), array([2, 1, 0]))",0.9980475804640901,0.16054724872664594,0.5282539402752684,0.5153464223605615,0.5267841045738918,16.293908095940367,0.6797175738476574,0.5705336186085134,gbm,1-2-0,2-0-2
99,"[[ 14079 234597]
 [   476 247877]]","(array([0.        , 0.94338416, 1.        ]), array([0.        , 0.99808337, 1.        ]), array([2, 1, 0]))",0.9980833732630571,0.1622144877419065,0.5270436936275348,0.5137623996318973,0.5273496053691631,16.33570951924167,0.6783465854436139,0.5689822421587246,gbm,1-2-0,2-0-3
100,"[[ 2170 36197]
 [   69 38582]]","(array([0.        , 0.94344098, 1.        ]), array([0.        , 0.99821479, 1.        ]), array([2, 1, 0]))",0.9982147939251248,0.16301043771760654,0.5291230621413177,0.5159469904652376,0.5273869080006941,16.263889061855817,0.6802785859120163,0.5711333552419271,gbm,1-2-0,2-1-0
101,"[[ 12375 205919]
 [   372 217897]]","(array([0.       , 0.9433104, 1.       ]), array([0.        , 0.99829568, 1.        ]), array([2, 1, 0]))",0.9982956810174601,0.16329418792527814,0.5274656807837586,0.5141311323782018,0.5274926415568578,16.32113434621291,0.6787169922985274,0.5693578318220799,gbm,1-2-0,2-1-1
102,"[[ 3618 62309]
 [  141 65630]]","(array([0.        , 0.94512112, 1.        ]), array([0.       , 0.9978562, 1.       ]), array([2, 1, 0]))",0.9978561980204042,0.1583473658718584,0.5258090479733937,0.5129788414791424,0.5263675396035856,16.37835356632941,0.677610861597233,0.5681985430984178,gbm,1-2-0,2-1-2
103,"[[  9773 165029]
 [   310 174846]]","(array([0.        , 0.94409103, 1.        ]), array([0.        , 0.99823015, 1.        ]), array([2, 1, 0]))",0.9982301491242093,0.16182380542865657,0.5275461626823791,0.5144420742920192,0.5270695602087219,16.31835450860516,0.6789727220303243,0.5696586075315901,gbm,1-2-0,2-1-3
104,"[[ 10974 187791]
 [   382 198620]]","(array([0.        , 0.94478907, 1.        ]), array([0.        , 0.99808042, 1.        ]), array([2, 1, 0]))",0.9980804213022985,0.15999925365977813,0.5269265675634228,0.5140122822590454,0.526645674389735,16.33975500169833,0.6785636806835517,0.5692272243194321,gbm,1-2-0,2-2-0
105,"[[  9017 154345]
 [   282 163222]]","(array([0.        , 0.94480357, 1.        ]), array([0.        , 0.99827527, 1.        ]), array([2, 1, 0]))",0.9982752715529896,0.16081551611454598,0.5269407035298869,0.5139765781709057,0.5267358532322066,16.339266829469008,0.6785775904180463,0.5692048666036162,gbm,1-2-0,2-2-1
106,"[[ 12102 205291]
 [   424 216477]]","(array([0.        , 0.94433123, 1.        ]), array([0.        , 0.99804519, 1.        ]), array([2, 1, 0]))",0.9980451911240612,0.16047141592755526,0.5263231819919225,0.513260844824643,0.526856978453844,16.36059567075551,0.6779004460839653,0.5684875783427601,gbm,1-2-0,2-2-2
107,"[[ 11504 198068]
 [   406 210209]]","(array([0.        , 0.94510717, 1.        ]), array([0.        , 0.99807231, 1.        ]), array([2, 1, 0]))",0.9980723120385537,0.15957618372219365,0.5276531639484325,0.514868581869662,0.5264825706166467,16.314658665944705,0.679307536694609,0.5700666531794636,gbm,1-2-0,2-2-3
108,"[[ 3289 56948]
 [  122 59921]]","(array([0.        , 0.94539901, 1.        ]), array([0.        , 0.99796812, 1.        ]), array([2, 1, 0]))",0.9979681228452942,0.1583445083049074,0.5255237778516794,0.5127193695505223,0.5262845577953085,16.388206720419085,0.6774102378583703,0.5679511069743459,gbm,1-2-0,2-3-0
109,"[[ 2172 36437]
 [   45 38503]]","(array([0.        , 0.94374369, 1.        ]), array([0.        , 0.99883262, 1.        ]), array([2, 1, 0]))",0.998832624260662,0.16488073224259206,0.5271718703422891,0.513784360821991,0.5275444687777447,16.33128264928257,0.6785387001268857,0.5690524610709768,gbm,1-2-0,2-3-1
110,"[[ 11824 199306]
 [   413 211764]]","(array([0.        , 0.94399659, 1.        ]), array([0.        , 0.99805351, 1.        ]), array([2, 1, 0]))",0.9980535119263634,0.1613169748446463,0.5281934860514945,0.5151531369353152,0.5270284610737771,16.295996162077614,0.6795508040953265,0.5703444787571164,gbm,1-2-0,2-3-2
111,"[[ 11733 199691]
 [   404 210767]]","(array([0.        , 0.94450488, 1.        ]), array([0.        , 0.99808686, 1.        ]), array([2, 1, 0]))",0.9980868585175048,0.1604068752654034,0.5265088323335582,0.5134922452479913,0.5267909886654423,16.354183402903686,0.6781118641504822,0.5687173739060325,gbm,1-2-0,2-3-3
112,"[[ 3408 70503]
 [   64 36531]]","(array([0.        , 0.95389049, 1.        ]), array([0.        , 0.99825113, 1.        ]), array([2, 1, 0]))",0.9982511272031699,0.11967748536188698,0.36141928945034657,0.3413027636078256,0.5221803186448126,22.056306516182683,0.5086855718552661,0.3930338195644363,gbm,1-2-0,3-0-0
113,"[[ 49679 208235]
 [   265 129370]]","(array([0.        , 0.80738153, 1.        ]), array([0.       , 0.9979558, 1.       ]), array([2, 1, 0]))",0.9979557989740425,0.26835936801937094,0.46200351439430887,0.3831993009582204,0.5952871343482541,18.582169951437766,0.5537625203321633,0.4370445692896548,gbm,1-2-0,3-0-1
114,"[[ 2751 78154]
 [   75 40282]]","(array([0.        , 0.96599716, 1.        ]), array([0.        , 0.99814159, 1.        ]), array([2, 1, 0]))",0.9981415863418985,0.10039796085549371,0.35487621843611356,0.3401161808909453,0.5160722145911335,22.282301383244768,0.5073523392089072,0.39177126673552476,gbm,1-2-0,3-0-2
115,"[[  6807 190353]
 [   177  98302]]","(array([0.        , 0.96547474, 1.        ]), array([0.        , 0.99820266, 1.        ]), array([2, 1, 0]))",0.9982026624965729,0.10156825298322486,0.3555315773629325,0.3405518698792676,0.5163639605848658,22.259665579615554,0.5078448289222852,0.3922355695759074,gbm,1-2-0,3-0-3
116,"[[  8076 227928]
 [   186 118108]]","(array([0.        , 0.96578024, 1.        ]), array([0.        , 0.99842765, 1.        ]), array([2, 1, 0]))",0.9984276463725971,0.1020202715715232,0.3561521656910285,0.34131708839542707,0.5163237026798664,22.23823078084472,0.5087243985958262,0.3930544887709177,gbm,1-2-0,3-1-0
117,"[[  7200 204933]
 [   204 106435]]","(array([0.        , 0.96605903, 1.        ]), array([0.      , 0.998087, 1.      ]), array([2, 1, 0]))",0.998087003816615,0.1003278333695145,0.3564773568569385,0.34183024588268546,0.5160139874056134,22.2269987239248,0.5092498450982879,0.39358824830209943,gbm,1-2-0,3-1-1
118,"[[  6043 122128]
 [   101  63453]]","(array([0.        , 0.95285205, 1.        ]), array([0.       , 0.9984108, 1.       ]), array([2, 1, 0]))",0.9984108002643421,0.12177153543905984,0.3624775068457426,0.3419153900453171,0.5227793755244204,22.01975617790321,0.5093864772111506,0.3936886228436562,gbm,1-2-0,3-1-2
119,"[[ 52799 240130]
 [   253 146468]]","(array([0.        , 0.81975496, 1.        ]), array([0.        , 0.99827564, 1.        ]), array([2, 1, 0]))",0.9982756387974455,0.2584253879193458,0.45324007733424315,0.3788638327151201,0.5892603405557266,18.884855438345795,0.5492697616248438,0.4325405333253008,gbm,1-2-0,3-1-3
120,"[[ 2350 67077]
 [   80 34444]]","(array([0.       , 0.9661515, 1.       ]), array([0.        , 0.99768277, 1.        ]), array([2, 1, 0]))",0.9976827714053992,0.09828453650239477,0.35395522890592684,0.3392795579239763,0.5157656370746443,22.314111850293326,0.5063618655591899,0.390868981044375,gbm,1-2-0,3-2-0
121,"[[13109 59577]
 [   68 36375]]","(array([0.       , 0.8196489, 1.       ]), array([0.        , 0.99813407, 1.        ]), array([2, 1, 0]))",0.9981340723870153,0.25834454626875,0.4534450054522629,0.3790957978989495,0.5892425858179196,18.877777269933258,0.5494920503040145,0.4327770784602536,gbm,1-2-0,3-2-1
122,"[[ 12446 251943]
 [   228 131244]]","(array([0.        , 0.95292542, 1.        ]), array([0.        , 0.99826579, 1.        ]), array([2, 1, 0]))",0.9982657904344652,0.12130008750444617,0.362980945331821,0.3425064002693202,0.5226701830771663,22.002367586744786,0.5100231415364348,0.39431084832534163,gbm,1-2-0,3-2-2
123,"[[ 10111 202563]
 [   189 105932]]","(array([0.        , 0.95245775, 1.        ]), array([0.        , 0.99821901, 1.        ]), array([2, 1, 0]))",0.9982190141442315,0.12195881093499997,0.3640050816355338,0.3433831990794016,0.5228806309518567,21.966994339544797,0.510988480907635,0.3952388663242546,gbm,1-2-0,3-2-3
124,"[[ 3177 65257]
 [   56 34253]]","(array([0.        , 0.95357571, 1.        ]), array([0.        , 0.99836778, 1.        ]), array([2, 1, 0]))",0.9983677752193302,0.12100543679313562,0.3643070574151037,0.344216661642046,0.5223960336189587,21.95656426238579,0.511930293904453,0.39612674020293787,gbm,1-2-0,3-3-0
125,"[[ 10628 214338]
 [   182 112383]]","(array([0.        , 0.95275731, 1.        ]), array([0.        , 0.99838316, 1.        ]), array([2, 1, 0]))",0.9983831563985253,0.12217145206418996,0.36444356222095153,0.34397238010412556,0.5228129254250656,21.951849448940198,0.5116621062360285,0.39586839682158353,gbm,1-2-0,3-3-1
126,"[[  5619 159224]
 [   164  82137]]","(array([0.        , 0.96591302, 1.        ]), array([0.        , 0.99800731, 1.        ]), array([2, 1, 0]))",0.9980073146134312,0.1000588478614573,0.35508043893438646,0.3403076719105406,0.5160471471728306,22.275247657775424,0.5075479976024371,0.39197037447088745,gbm,1-2-0,3-3-2
127,"[[  4916 100470]
 [    87  52569]]","(array([0.        , 0.95335244, 1.        ]), array([0.        , 0.99834777, 1.        ]), array([2, 1, 0]))",0.9983477666362808,0.12113412675310903,0.36373242555776314,0.34350067629819847,0.5224976644655414,21.976411798742394,0.5111354189455262,0.3953674121405751,gbm,1-2-0,3-3-3
128,"[[229872  25508]
 [124325  13314]]","(array([0.        , 0.09988253, 1.        ]), array([0.       , 0.0967313, 1.       ]), array([2, 1, 0]))",0.09673130435414382,-0.0050382768738329526,0.6187639783318364,0.3429498737829066,0.4984243881783249,13.16747760212586,0.15090019891080747,0.22725798577802664,gbm,3-0-0,0-0-0
129,"[[166844  18675]
 [ 90153   9752]]","(array([0.        , 0.10066354, 1.        ]), array([0.        , 0.09761273, 1.        ]), array([2, 1, 0]))",0.09761273209549072,-0.004859299700968636,0.6187146140478726,0.34305413867098183,0.4984745940998586,13.169183004888687,0.1519807998005174,0.22826326113111095,gbm,3-0-0,0-0-1
130,"[[263070  29410]
 [141592  15599]]","(array([0.        , 0.10055388, 1.        ]), array([0.        , 0.09923596, 1.        ]), array([2, 1, 0]))",0.09923596134638751,-0.00209390012750237,0.6197175268140485,0.3465751294185607,0.4993410386600647,13.134543604641927,0.1542927794263106,0.23128337885163408,gbm,3-0-0,0-0-2
131,"[[71519  7895]
 [38744  4194]]","(array([0.        , 0.09941572, 1.        ]), array([0.        , 0.09767572, 1.        ]), array([2, 1, 0]))",0.0976757184778052,-0.0027829731497311595,0.6188129331764091,0.34692695839192655,0.49912999916385287,13.165786461226222,0.15243425954531412,0.22969746095033627,gbm,3-0-0,0-0-3
132,"[[240033  26927]
 [129328  14172]]","(array([0.       , 0.1008653, 1.       ]), array([0.        , 0.09875958, 1.        ]), array([2, 1, 0]))",0.0987595818815331,-0.00334508962399254,0.619317351264435,0.3448259081729482,0.4989471418547611,13.148365337296628,0.15354362699689597,0.23014264556863356,gbm,3-0-0,0-1-0
133,"[[115680  12724]
 [ 62184   6653]]","(array([0.        , 0.09909349, 1.        ]), array([0.       , 0.0966486, 1.       ]), array([2, 1, 0]))",0.09664860467481151,-0.003915351553952419,0.6202209479773475,0.3433452030758115,0.4987775592452903,13.117155339243213,0.15083773550683563,0.22730534012094708,gbm,3-0-0,0-1-1
134,"[[284069  31695]
 [152965  16787]]","(array([0.       , 0.1003756, 1.       ]), array([0.        , 0.09889132, 1.        ]), array([2, 1, 0]))",0.09889132381356332,-0.0023607756271314005,0.6196623798185847,0.3462522173177674,0.4992578634243708,13.13644821658762,0.15384403896734697,0.23079355477342717,gbm,3-0-0,0-1-2
135,"[[283222  31604]
 [152560  16748]]","(array([0.        , 0.10038561, 1.        ]), array([0.        , 0.09892031, 1.        ]), array([2, 1, 0]))",0.09892031091265623,-0.002330549860111775,0.619601184795945,0.3463765718067505,0.4992673505418674,13.13856181650021,0.1538913902416613,0.23086933027492587,gbm,3-0-0,0-1-3
136,"[[44232  5035]
 [24444  2542]]","(array([0.        , 0.10219823, 1.        ]), array([0.        , 0.09419699, 1.        ]), array([2, 1, 0]))",0.09419699103238717,-0.012789489248490948,0.613405374214785,0.3354889798073116,0.4959993825196644,13.352558133039134,0.14709371293001186,0.221838237860858,gbm,3-0-0,0-2-0
137,"[[114456  12803]
 [ 62171   6538]]","(array([0.        , 0.10060585, 1.        ]), array([0.        , 0.09515493, 1.        ]), array([2, 1, 0]))",0.09515492875751357,-0.008720734202020727,0.6174171293272371,0.338038364096996,0.49727453884893175,13.21399646206489,0.14850653038046563,0.22379221348229994,gbm,3-0-0,0-2-1
138,"[[97415 10774]
 [52443  5594]]","(array([0.        , 0.09958499, 1.        ]), array([0.        , 0.09638679, 1.        ]), array([2, 1, 0]))",0.09638678773885624,-0.00511695474690749,0.6196924668824372,0.3417644183773216,0.49840090110214125,13.135408673852353,0.15036623882803576,0.22646122954602496,gbm,3-0-0,0-2-2
139,"[[249001  27775]
 [134370  14751]]","(array([0.        , 0.10035191, 1.        ]), array([0.        , 0.09891967, 1.        ]), array([2, 1, 0]))",0.09891966926187458,-0.0022788328897308213,0.6192858836761,0.3468701500258665,0.49928388006840296,13.149451880082308,0.15393927376896063,0.23104393452893723,gbm,3-0-0,0-2-3
140,"[[231901  25874]
 [124600  13594]]","(array([0.        , 0.10037436, 1.        ]), array([0.        , 0.09836896, 1.        ]), array([2, 1, 0]))",0.09836895957856347,-0.003190895725510632,0.6199854028977015,0.3444309313874531,0.4989973010481315,13.125291444612332,0.1530321621956299,0.22957718887004924,gbm,3-0-0,0-3-0
141,"[[148215  16533]
 [ 79766   8538]]","(array([0.        , 0.10035327, 1.        ]), array([0.        , 0.09668871, 1.        ]), array([2, 1, 0]))",0.09668871172313825,-0.005846370880547884,0.6194497573621232,0.34055282996290537,0.49816772245782526,13.143791978715115,0.15061521499448732,0.2263664708252911,gbm,3-0-0,0-3-1
142,"[[88814  9816]
 [47819  5079]]","(array([0.        , 0.09952347, 1.        ]), array([0.        , 0.09601497, 1.        ]), array([2, 1, 0]))",0.0960149722106696,-0.005617556992964892,0.6196412544216251,0.3409869083585096,0.4982457503251461,13.137177461387019,0.14983847889900137,0.22577748537491774,gbm,3-0-0,0-3-2
143,"[[236672  26332]
 [127671  13595]]","(array([0.        , 0.10012015, 1.        ]), array([0.        , 0.09623689, 1.        ]), array([2, 1, 0]))",0.09623688644118189,-0.006205951008694088,0.6190590446978504,0.340496405940842,0.49805836808865384,13.15728655637312,0.15006098469587678,0.22585007342826957,gbm,3-0-0,0-3-3
144,"[[  6988  26387]
 [ 41240 163031]]","(array([0.        , 0.79062172, 1.        ]), array([0.        , 0.79811133, 1.        ]), array([2, 1, 0]))",0.7981113324945783,0.00647012883325481,0.7154296727064625,0.8606943373913778,0.5037448048240682,9.828799686239261,0.8282222769749726,0.8474046799030712,gbm,3-0-0,1-0-0
145,"[[ 13169  49130]
 [ 77845 303668]]","(array([0.        , 0.78861619, 1.        ]), array([0.        , 0.79595715, 1.        ]), array([2, 1, 0]))",0.7959571495597791,0.0063158368322046516,0.7138991284597983,0.8607418409401414,0.5036704799469067,9.881662543972514,0.8270828027906432,0.8469547415776717,gbm,3-0-0,1-0-1
146,"[[ 3972 14872]
 [23990 90809]]","(array([0.        , 0.78921673, 1.        ]), array([0.        , 0.79102605, 1.        ]), array([2, 1, 0]))",0.7910260542339219,0.0015480685703254942,0.7092103589413586,0.8592746094378365,0.5009046637121637,10.043607370921041,0.8237391146589259,0.8446987384725863,gbm,3-0-0,1-0-2
147,"[[  4829  18115]
 [ 28097 109852]]","(array([0.        , 0.78953103, 1.        ]), array([0.        , 0.79632328, 1.        ]), array([2, 1, 0]))",0.7963232788929242,0.005886929336844759,0.7127780574667636,0.8584400665796651,0.5033961234074106,9.920384475825923,0.8262157974698777,0.8452533559448274,gbm,3-0-0,1-0-3
148,"[[  7780  29624]
 [ 46512 180324]]","(array([0.        , 0.79200086, 1.        ]), array([0.        , 0.79495318, 1.        ]), array([2, 1, 0]))",0.7949531820345976,0.0025471563846076826,0.7118679987889797,0.8588983938880104,0.5014761632555621,9.951816405075657,0.8256895856991098,0.8452993921029637,gbm,3-0-0,1-1-0
149,"[[  6466  24891]
 [ 38987 153163]]","(array([0.        , 0.79379405, 1.        ]), array([0.        , 0.79710122, 1.        ]), array([2, 1, 0]))",0.7971012230028623,0.002853562085170996,0.7142013449243201,0.86020533096701,0.5016535869136198,9.871224889304314,0.8274518913896123,0.8467976460857662,gbm,3-0-0,1-1-1
150,"[[  4395  16363]
 [ 26196 100690]]","(array([0.       , 0.7882744, 1.       ]), array([0.        , 0.79354696, 1.        ]), array([2, 1, 0]))",0.7935469634159797,0.0045220284319460406,0.7117458210289616,0.8602086234440809,0.5026362815923717,9.956035249680001,0.825534252415563,0.845995113409892,gbm,3-0-0,1-1-2
151,"[[  5099  19464]
 [ 25947 125118]]","(array([0.        , 0.79241135, 1.        ]), array([0.       , 0.8282395, 1.       ]), array([2, 1, 0]))",0.8282394995531724,0.032575198026348284,0.7414364452137472,0.8653774328754616,0.5179140745740458,8.930557418143293,0.8464012826106809,0.8576857743356462,gbm,3-0-0,1-1-3
152,"[[  6067  23023]
 [ 36106 141672]]","(array([0.        , 0.79144036, 1.        ]), array([0.      , 0.796904, 1.      ]), array([2, 1, 0]))",0.7969040038699952,0.004714503850549841,0.7141703888469942,0.8602082637602841,0.5027318231794115,9.872294016408091,0.8273469733380442,0.846755395322261,gbm,3-0-0,1-2-0
153,"[[  8671  32554]
 [ 42577 206403]]","(array([0.        , 0.78966646, 1.        ]), array([0.       , 0.8289943, 1.       ]), array([2, 1, 0]))",0.828994296730661,0.03600511749231767,0.7411105942351096,0.8637662843105663,0.5196639161033536,8.941812992266769,0.8460231546285688,0.8565804675931766,gbm,3-0-0,1-2-1
154,"[[ 12724  48147]
 [ 74875 291994]]","(array([0.        , 0.79096778, 1.        ]), array([0.        , 0.79590808, 1.        ]), array([2, 1, 0]))",0.7959080761797808,0.004276950910916831,0.712390704633656,0.8584498781387718,0.5024701459244914,9.933763145537414,0.8259968034398382,0.8451673668385402,gbm,3-0-0,1-2-2
155,"[[ 13712  51993]
 [ 81102 317482]]","(array([0.        , 0.79130964, 1.        ]), array([0.       , 0.7965247, 1.       ]), array([2, 1, 0]))",0.7965246974288983,0.004509094537472186,0.7133358748538088,0.8592787062724135,0.502607527924555,9.901117661090023,0.8267125311987751,0.8459491261316378,gbm,3-0-0,1-2-3
156,"[[  9228  26989]
 [ 53810 166109]]","(array([0.        , 0.74520253, 1.        ]), array([0.      , 0.755319, 1.      ]), array([2, 1, 0]))",0.755319003815041,0.008183266747379727,0.6845464909266952,0.8602315922484955,0.505058237308023,10.895462466296934,0.8043688274332533,0.8369805433981886,gbm,3-0-0,1-3-0
157,"[[ 2559 10071]
 [15836 60743]]","(array([0.        , 0.79738717, 1.        ]), array([0.        , 0.79320701, 1.        ]), array([2, 1, 0]))",0.7932070149779966,-0.0036019676016057793,0.7095920815164389,0.8577823594204536,0.49790992079066104,10.030424428125759,0.8242318156221802,0.8440396292745285,gbm,3-0-0,1-3-1
158,"[[ 14615  55695]
 [ 87591 341680]]","(array([0.        , 0.79213483, 1.        ]), array([0.        , 0.79595407, 1.        ]), array([2, 1, 0]))",0.7959540709714842,0.003292401206871186,0.713187651251749,0.8598427178357975,0.501909619755405,9.906236722573608,0.826665827936021,0.8462574506964883,gbm,3-0-0,1-3-2
159,"[[ 11903  44032]
 [ 69240 271754]]","(array([0.        , 0.78719943, 1.        ]), array([0.        , 0.79694657, 1.        ]), array([2, 1, 0]))",0.7969465738400089,0.008409510012076219,0.7146290646438028,0.8605637995351282,0.5048735729663082,9.85645162655883,0.8275343341758274,0.8470405912708259,gbm,3-0-0,1-3-3
160,"[[165538  26334]
 [  6875 184967]]","(array([0.        , 0.13724775, 1.        ]), array([0.        , 0.96416322, 1.        ]), array([2, 1, 0]))",0.9641632176478561,0.8311951180930858,0.9134537702559719,0.8753720995168031,0.9134577345744284,2.989255752715084,0.9176247634214162,0.8917974708932873,gbm,3-0-0,2-0-0
161,"[[174154  30238]
 [ 39921 164649]]","(array([0.        , 0.14794121, 1.        ]), array([0.        , 0.80485408, 1.        ]), array([2, 1, 0]))",0.8048540841765655,0.6576370617756222,0.8284461637022511,0.8448434220856188,0.8284564365851319,5.925318712539632,0.8243640742307682,0.8365307818777827,gbm,3-0-0,2-0-1
162,"[[87896 13904]
 [30797 71640]]","(array([0.        , 0.13658153, 1.        ]), array([0.        , 0.69935668, 1.        ]), array([2, 1, 0]))",0.6993566777629177,0.5703348280472854,0.7811317244182004,0.8374637613391939,0.7813875726732074,7.559496865071324,0.7622046908996121,0.8056444593387957,gbm,3-0-0,2-0-2
163,"[[195120  53556]
 [  5461 242892]]","(array([0.        , 0.21536457, 1.        ]), array([0.        , 0.97801114, 1.        ]), array([2, 1, 0]))",0.9780111373730134,0.7772411805446052,0.8812604495914725,0.8193409974093264,0.8813232833031163,4.1012049392257115,0.8916723721138544,0.8468181390305722,gbm,3-0-0,2-0-3
164,"[[32806  5561]
 [11297 27354]]","(array([0.        , 0.14494227, 1.        ]), array([0.        , 0.70771778, 1.        ]), array([2, 1, 0]))",0.7077177822048588,0.5688051055273559,0.7811161027292322,0.8310496734011849,0.7813877570549408,7.560039718334853,0.7644412151021435,0.8030602838336925,gbm,3-0-0,2-1-0
165,"[[185895  32399]
 [ 45710 172559]]","(array([0.       , 0.1484191, 1.       ]), array([0.        , 0.79057951, 1.        ]), array([2, 1, 0]))",0.79057951426909,0.6433599961881726,0.8210819515167341,0.8419237111993677,0.8210802048793296,6.179669810742594,0.8154441942503668,0.8311281850224593,gbm,3-0-0,2-1-1
166,"[[56842  9085]
 [ 2177 63594]]","(array([0.        , 0.13780393, 1.        ]), array([0.        , 0.96690031, 1.        ]), array([2, 1, 0]))",0.9669003056058141,0.8335919243588692,0.9144861729107504,0.874998280108422,0.9145481854754085,2.953598111604865,0.9186565547128926,0.8919539842967624,gbm,3-0-0,2-1-2
167,"[[150726  24076]
 [ 52021 123135]]","(array([0.        , 0.13773298, 1.        ]), array([0.       , 0.7030019, 1.       ]), array([2, 1, 0]))",0.703001895453196,0.5725236927386714,0.7825539064687762,0.8364524390161061,0.7826344587848238,7.510377012187885,0.7639429594220252,0.8058573298429319,gbm,3-0-0,2-1-3
168,"[[169116  29649]
 [ 41323 157679]]","(array([0.       , 0.1491661, 1.       ]), array([0.        , 0.79234882, 1.        ]), array([2, 1, 0]))",0.7923488206148682,0.6442709983052849,0.8215739365005141,0.8417268107277075,0.8215913599716105,6.162677511115322,0.8162917712836176,0.8313649276505461,gbm,3-0-0,2-2-0
169,"[[141000  22362]
 [ 49123 114381]]","(array([0.        , 0.13688618, 1.        ]), array([0.        , 0.69956087, 1.        ]), array([2, 1, 0]))",0.6995608670124278,0.5703313037874929,0.7813018178703199,0.8364669489480266,0.7813373439260178,7.5536223136940635,0.7619126918836824,0.8049603364504925,gbm,3-0-0,2-2-1
170,"[[168292  49101]
 [ 39343 177558]]","(array([0.        , 0.22586284, 1.        ]), array([0.       , 0.8186131, 1.       ]), array([2, 1, 0]))",0.8186130999857077,0.59331939356908,0.7963499380603922,0.783370614006062,0.7963751308579231,7.033914354112423,0.8006042023627018,0.7901742443729046,gbm,3-0-0,2-2-2
171,"[[161942  47630]
 [ 38196 172419]]","(array([0.        , 0.22727273, 1.        ]), array([0.       , 0.8186454, 1.       ]), array([2, 1, 0]))",0.818645395627092,0.592035909782052,0.7957433238058294,0.7835482097169267,0.7956863341771823,7.054866304038923,0.800712388312002,0.7903248133728024,gbm,3-0-0,2-2-3
172,"[[51573  8664]
 [17823 42220]]","(array([0.        , 0.14383186, 1.        ]), array([0.        , 0.70316273, 1.        ]), array([2, 1, 0]))",0.703162733374415,0.5660747797271246,0.7797888260724976,0.829730367109504,0.7796654346188775,7.605882092485321,0.7612213437666214,0.8008984023765172,gbm,3-0-0,2-3-0
173,"[[33138  5471]
 [11422 27126]]","(array([0.        , 0.14170271, 1.        ]), array([0.       , 0.7036941, 1.       ]), array([2, 1, 0]))",0.7036940956729273,0.5688705506130389,0.7810568062521871,0.8321624689388594,0.7809956919349899,7.562086709394698,0.7625553447185327,0.8028484159681774,gbm,3-0-0,2-3-1
174,"[[182620  28510]
 [ 45219 166958]]","(array([0.        , 0.13503529, 1.        ]), array([0.        , 0.78688076, 1.        ]), array([2, 1, 0]))",0.7868807646446128,0.6537578487147715,0.8258261734391352,0.8541449239773262,0.8259227391640627,6.015804702835302,0.8191342957720565,0.8397875758639665,gbm,3-0-0,2-3-2
175,"[[182525  28899]
 [ 63303 147868]]","(array([0.        , 0.13668741, 1.        ]), array([0.        , 0.70022872, 1.        ]), array([2, 1, 0]))",0.70022872458813,0.5712204778741222,0.7818194725446349,0.8365136026520787,0.781770654862553,7.535743131673802,0.7623280008661177,0.8051716383207422,gbm,3-0-0,2-3-3
176,"[[73887    24]
 [  447 36148]]","(array([0.        , 0.00032471, 1.        ]), array([0.        , 0.98778522, 1.        ]), array([2, 1, 0]))",0.9877852165596392,0.9903874650917365,0.9957377879934122,0.9993365033727746,0.9937302508499377,0.14721176110203396,0.9935272857201753,0.9970046832852503,gbm,3-0-0,3-0-0
177,"[[224868  33046]
 [  2942 126693]]","(array([0.        , 0.12812798, 1.        ]), array([0.        , 0.97730551, 1.        ]), array([2, 1, 0]))",0.977305511628804,0.8139640352542562,0.9071394842974695,0.7931250352136924,0.9245887654920465,3.207356768813038,0.8756349913952186,0.8241899788053724,gbm,3-0-0,3-0-1
178,"[[80875    30]
 [10815 29542]]","(array([0.        , 0.00037081, 1.        ]), array([0.        , 0.73201675, 1.        ]), array([2, 1, 0]))",0.7320167505017717,0.8028728157005817,0.9105655522752387,0.9989855268497227,0.8658229726181684,3.0889565897868194,0.844914127186146,0.9310725204071983,gbm,3-0-0,3-0-2
179,"[[167842  29318]
 [  5651  92828]]","(array([0.        , 0.14870156, 1.        ]), array([0.        , 0.94261721, 1.        ]), array([2, 1, 0]))",0.9426172077295667,0.7599324279589438,0.8817172294589009,0.7599757667054181,0.8969578227732841,4.08542145776129,0.8415002832861189,0.7906136138710836,gbm,3-0-0,3-0-3
180,"[[235213    791]
 [ 64107  54187]]","(array([0.        , 0.00335164, 1.        ]), array([0.        , 0.45807057, 1.        ]), array([2, 1, 0]))",0.4580705699359224,0.5922727340647899,0.8168265132741365,0.9856124267888974,0.7273594659140469,6.326589884669066,0.6254559305600443,0.8010945991496307,gbm,3-0-0,3-1-0
181,"[[180633  31500]
 [ 30072  76567]]","(array([0.        , 0.14849175, 1.        ]), array([0.        , 0.71800186, 1.        ]), array([2, 1, 0]))",0.7180018567315898,0.5676486606594169,0.8068462725709912,0.7085141625102945,0.7847550543150814,6.671372415100736,0.71322645850605,0.710391588901239,gbm,3-0-0,3-1-1
182,"[[128143     28]
 [ 16904  46650]]","(array([0.        , 0.00021846, 1.        ]), array([0.        , 0.73402146, 1.        ]), array([2, 1, 0]))",0.7340214620637568,0.8048877565732334,0.9116860086060764,0.9994001456789066,0.8669015019550982,3.0502573180720085,0.8463966906161551,0.9320083431229172,gbm,3-0-0,3-1-2
183,"[[252164  40765]
 [  3537 143184]]","(array([0.        , 0.13916342, 1.        ]), array([0.        , 0.97589302, 1.        ]), array([2, 1, 0]))",0.9758930214488724,0.7998297077855004,0.8992334811782099,0.778389662352065,0.9183648032116942,3.480426401538896,0.8660235279886291,0.8112251662007646,gbm,3-0-0,3-1-3
184,"[[69364    63]
 [ 9111 25413]]","(array([0.        , 0.00090743, 1.        ]), array([0.        , 0.73609663, 1.        ]), array([2, 1, 0]))",0.7360966284323949,0.8049939015674256,0.911746880741888,0.9975270843146491,0.8675946002432474,3.048155236809158,0.8471000000000001,0.9313703931744217,gbm,3-0-0,3-2-0
185,"[[66337  6349]
 [ 1619 34824]]","(array([0.        , 0.08734832, 1.        ]), array([0.        , 0.95557446, 1.        ]), array([2, 1, 0]))",0.9555744587437917,0.8447829535557623,0.9269854942315975,0.8457970028902436,0.9341130692860471,2.5218782079807633,0.8973407544836116,0.8656872249981357,gbm,3-0-0,3-2-1
186,"[[264316     73]
 [ 58277  73195]]","(array([0.        , 0.00027611, 1.        ]), array([0.        , 0.55673451, 1.        ]), array([2, 1, 0]))",0.556734513812827,0.6748175905281149,0.8525997761840646,0.9990036578042256,0.7782292027513616,5.091023518390674,0.7150043958190877,0.8620425680259289,gbm,3-0-0,3-2-2
187,"[[169938  42736]
 [ 10845  95276]]","(array([0.        , 0.20094605, 1.        ]), array([0.        , 0.89780534, 1.        ]), array([2, 1, 0]))",0.8978053354190029,0.6627744214580903,0.8319264731253627,0.6903457670347506,0.848429643268338,5.805161152500781,0.7805253693683362,0.723795863980224,gbm,3-0-0,3-2-3
188,"[[68412    22]
 [ 8861 25448]]","(array([0.        , 0.00032148, 1.        ]), array([0.        , 0.74172958, 1.        ]), array([2, 1, 0]))",0.7417295753300883,0.8097835656658754,0.9135415551424428,0.9991362387122105,0.8707040488510043,2.9861690656018918,0.8514026664882316,0.9342898471976445,gbm,3-0-0,3-3-0
189,"[[224905     61]
 [ 29540  83025]]","(array([0.        , 0.00027115, 1.        ]), array([0.        , 0.73757385, 1.        ]), array([2, 1, 0]))",0.7375738462221827,0.8069471009625374,0.9123013886131941,0.9992658209565992,0.8686513470684895,3.0290028733396177,0.8487050922305533,0.9330559732439667,gbm,3-0-0,3-3-1
190,"[[164817     26]
 [ 20715  61586]]","(array([0.        , 0.00015773, 1.        ]), array([0.        , 0.74830196, 1.        ]), array([2, 1, 0]))",0.7483019647391891,0.8150440483468827,0.9160772666947204,0.9995780042848795,0.8740721194515452,2.8985886041998827,0.8558782041928109,0.936672050713462,gbm,3-0-0,3-3-2
191,"[[98302  7084]
 [13514 39142]]","(array([0.        , 0.06721955, 1.        ]), array([0.        , 0.74335308, 1.        ]), array([2, 1, 0]))",0.7433530841689456,0.700571930160211,0.8696675567254274,0.8467529096179639,0.8380667646946867,4.501558956040583,0.7916911065714691,0.8238339787843071,gbm,3-0-0,3-3-3
192,"[[234157  21223]
 [121732  15907]]","(array([0.        , 0.08310361, 1.        ]), array([0.        , 0.11557044, 1.        ]), array([2, 1, 0]))",0.1155704415173025,0.052952240651743004,0.6362644045198833,0.4284136816590358,0.516233415605546,12.563025577365773,0.1820345713484657,0.27793988656655916,gbm,2-2-0,0-0-0
193,"[[170015  15504]
 [ 88289  11616]]","(array([0.        , 0.08357095, 1.        ]), array([0.        , 0.11627046, 1.        ]), array([2, 1, 0]))",0.11627045693408739,0.053188597497625736,0.6363550367173048,0.4283185840707965,0.516349750968782,12.559895507439887,0.18289313127337137,0.2787148787100799,gbm,2-2-0,0-0-1
194,"[[268083  24397]
 [139053  18138]]","(array([0.        , 0.08341425, 1.        ]), array([0.        , 0.11538829, 1.        ]), array([2, 1, 0]))",0.11538828558886959,0.05209744210351464,0.6365120276824612,0.4264252968143882,0.5159870175209118,12.554473180451165,0.18162883149915385,0.27705900143891043,gbm,2-2-0,0-0-2
195,"[[73212  6202]
 [37966  4972]]","(array([0.        , 0.07809706, 1.        ]), array([0.        , 0.11579487, 1.        ]), array([2, 1, 0]))",0.1157948670175602,0.06245565324748567,0.6390087616058585,0.4449615178091999,0.5188489030229715,12.46823619486136,0.1837670017740982,0.2836798502864185,gbm,2-2-0,0-0-3
196,"[[244706  22254]
 [126926  16574]]","(array([0.       , 0.0833608, 1.       ]), array([0.        , 0.11549826, 1.        ]), array([2, 1, 0]))",0.11549825783972126,0.05236383713014794,0.6365541100229012,0.4268569073864222,0.5160687273615747,12.553019677517876,0.18180422096441579,0.27733156633602396,gbm,2-2-0,0-1-0
197,"[[117799  10605]
 [ 60872   7965]]","(array([0.        , 0.08259089, 1.        ]), array([0.        , 0.11570812, 1.        ]), array([2, 1, 0]))",0.11570812208550633,0.05405319318936022,0.6376159114991305,0.4289176090468498,0.516558618533174,12.516345993529631,0.1822508494742984,0.27826882900004896,gbm,2-2-0,0-1-1
198,"[[289481  26283]
 [150136  19616]]","(array([0.        , 0.08323621, 1.        ]), array([0.        , 0.11555681, 1.        ]), array([2, 1, 0]))",0.11555681229087139,0.05267800178126978,0.636636073785416,0.42737314538443105,0.5161602989514554,12.550188683036202,0.18192357095492256,0.27757338374633506,gbm,2-2-0,0-1-2
199,"[[288610  26216]
 [149785  19523]]","(array([0.        , 0.08327139, 1.        ]), array([0.        , 0.11531056, 1.        ]), array([2, 1, 0]))",0.11531055827249746,0.05223710270022263,0.6364622191376768,0.42683486739981197,0.5160195819574896,12.55619342274433,0.18156961036424596,0.27710751027638364,gbm,2-2-0,0-1-3
200,"[[45156  4111]
 [23894  3092]]","(array([0.        , 0.08344328, 1.        ]), array([0.        , 0.11457793, 1.        ]), array([2, 1, 0]))",0.11457792929667235,0.05090410049718115,0.6327357612159522,0.4292655837845342,0.5155673254172078,12.684900529612069,0.18087689022785106,0.2770708627549375,gbm,2-2-0,0-2-0
201,"[[116545  10714]
 [ 60924   7785]]","(array([0.        , 0.08419051, 1.        ]), array([0.        , 0.11330393, 1.        ]), array([2, 1, 0]))",0.11330393398244772,0.04751262093106219,0.6344403167864141,0.42083355857073357,0.5145567124316249,12.626027873252156,0.1785386661774149,0.27276549525244387,gbm,2-2-0,0-2-1
202,"[[99235  8954]
 [51359  6678]]","(array([0.        , 0.08276257, 1.        ]), array([0.        , 0.11506453, 1.        ]), array([2, 1, 0]))",0.11506452780123025,0.05275476947265269,0.6371626580679316,0.42720061412487204,0.5161509774482032,12.532000892168721,0.1812974249684399,0.27694604570148884,gbm,2-2-0,0-2-2
203,"[[253731  23045]
 [131949  17172]]","(array([0.        , 0.08326228, 1.        ]), array([0.        , 0.11515481, 1.        ]), array([2, 1, 0]))",0.11515480717001629,0.05202405464449963,0.6360763283141229,0.4269836138946217,0.5159462650469847,12.569521586852142,0.18138989531948158,0.27697757017184477,gbm,2-2-0,0-2-3
204,"[[236411  21364]
 [122226  15968]]","(array([0.        , 0.08287848, 1.        ]), array([0.        , 0.11554771, 1.        ]), array([2, 1, 0]))",0.11554770829413723,0.053288770685041134,0.637370602244115,0.4277295617700632,0.5163346145000897,12.524818824566378,0.1819445552225881,0.2776830990324219,gbm,2-2-0,0-3-0
205,"[[151018  13730]
 [ 78074  10230]]","(array([0.       , 0.0833394, 1.       ]), array([0.        , 0.11584979, 1.        ]), array([2, 1, 0]))",0.11584979162891829,0.052926607022305776,0.6372129048574996,0.42696160267111855,0.5162551942095839,12.530265742341879,0.1822489845364498,0.2777717438526371,gbm,2-2-0,0-3-1
206,"[[90893  7737]
 [46806  6092]]","(array([0.        , 0.07844469, 1.        ]), array([0.        , 0.11516503, 1.        ]), array([2, 1, 0]))",0.11516503459488071,0.06078131367401209,0.6400467240378016,0.44052353749367273,0.518360171155293,12.432386538414884,0.18259475174966655,0.28147929103443176,gbm,2-2-0,0-3-2
207,"[[241196  21808]
 [125034  16232]]","(array([0.        , 0.08291889, 1.        ]), array([0.       , 0.1149038, 1.       ]), array([2, 1, 0]))",0.11490379850777965,0.05223335091235771,0.6367724540529844,0.4267087276550999,0.515992453770171,12.545478123536823,0.18105361783766302,0.27659443948389034,gbm,2-2-0,0-3-3
208,"[[   967  32408]
 [  1987 202284]]","(array([0.        , 0.97102622, 1.        ]), array([0.        , 0.99027273, 1.        ]), array([2, 1, 0]))",0.9902727259376025,0.06035476548448674,0.8552679195105325,0.8619126344315102,0.5096232543545691,4.998978007020823,0.9216448766752551,0.88485169797356,gbm,2-2-0,1-0-0
209,"[[  1912  60387]
 [  3612 377901]]","(array([0.       , 0.9693093, 1.       ]), array([0.        , 0.99053243, 1.        ]), array([2, 1, 0]))",0.990532432708715,0.06649639472403375,0.8557970492010131,0.8622207315737597,0.5106115670020405,4.980702269852791,0.9219334936161337,0.8851529396884289,gbm,2-2-0,1-0-1
210,"[[   587  18257]
 [  1078 113721]]","(array([0.       , 0.9688495, 1.       ]), array([0.        , 0.99060967, 1.        ]), array([2, 1, 0]))",0.9906096743002988,0.06827474023315967,0.8553235111453649,0.8616663383291154,0.5108800865664093,4.997058131334085,0.921649910648075,0.884697787963797,gbm,2-2-0,1-0-2
211,"[[   716  22228]
 [  1392 136557]]","(array([0.        , 0.96879358, 1.        ]), array([0.        , 0.98990931, 1.        ]), array([2, 1, 0]))",0.9899093143118108,0.0649321680733748,0.853194358983921,0.8600119658657933,0.5105578649662261,5.070597676091992,0.9204000889685712,0.8831906805037971,gbm,2-2-0,1-0-3
212,"[[  1128  36276]
 [  2229 224607]]","(array([0.       , 0.9698428, 1.       ]), array([0.        , 0.99017352, 1.        ]), array([2, 1, 0]))",0.9901735174310956,0.06328039918965915,0.8542801998183469,0.8609491611182024,0.5101653599346688,5.033093366948281,0.9210508510023189,0.8840233696062874,gbm,2-2-0,1-1-0
213,"[[   945  30412]
 [  1822 190328]]","(array([0.        , 0.96986319, 1.        ]), array([0.        , 0.99051782, 1.        ]), array([2, 1, 0]))",0.9905178246161853,0.06487238996924453,0.8557808032858031,0.8622270544532029,0.5103273180867067,4.981263386250086,0.921930780595316,0.8851559375319734,gbm,2-2-0,1-1-1
214,"[[   635  20123]
 [  1193 125693]]","(array([0.        , 0.96940938, 1.        ]), array([0.        , 0.99059786, 1.        ]), array([2, 1, 0]))",0.9905978594959255,0.06660527485931174,0.8556256942374901,0.861997311680474,0.5105942375810874,4.986620844280864,0.9218340899590028,0.8849750052805745,gbm,2-2-0,1-1-2
215,"[[   708  23855]
 [  1414 149651]]","(array([0.        , 0.97117616, 1.        ]), array([0.        , 0.99063979, 1.        ]), array([2, 1, 0]))",0.9906397908185218,0.06178976846103156,0.8561220306557041,0.8625119592406026,0.5097318157772942,4.969477618145714,0.9221464641018451,0.8854156189466434,gbm,2-2-0,1-1-3
216,"[[   872  28218]
 [  1653 176125]]","(array([0.        , 0.97002406, 1.        ]), array([0.        , 0.99070189, 1.        ]), array([2, 1, 0]))",0.9907018866226417,0.06546438860248784,0.8556035732931144,0.8619086535873507,0.5103389116853325,4.987384963999566,0.9218284260744632,0.8849168467065267,gbm,2-2-0,1-2-0
217,"[[  1249  39976]
 [  2381 246599]]","(array([0.        , 0.96970285, 1.        ]), array([0.        , 0.99043698, 1.        ]), array([2, 1, 0]))",0.990436982890192,0.06512923449479549,0.8540445547113248,0.8605042310041001,0.510367066338971,5.041232633711001,0.9209100839316222,0.883690012040594,gbm,2-2-0,1-2-1
218,"[[  1832  59039]
 [  3525 363344]]","(array([0.        , 0.96990357, 1.        ]), array([0.        , 0.99039167, 1.        ]), array([2, 1, 0]))",0.9903916656899329,0.06436478969427879,0.8537335764716885,0.8602240146975613,0.5102440495655722,5.051973661111594,0.9207300076528154,0.8834463706251844,gbm,2-2-0,1-2-2
219,"[[  1953  63752]
 [  3783 394801]]","(array([0.        , 0.97027623, 1.        ]), array([0.       , 0.9905089, 1.       ]), array([2, 1, 0]))",0.9905089015113502,0.06384294753701054,0.8545410294019458,0.860971359908233,0.5101163334130071,5.024084653665418,0.9212086282589597,0.884095546570309,gbm,2-2-0,1-2-3
220,"[[  1067  35150]
 [   116 219803]]","(array([0.       , 0.9705387, 1.       ]), array([0.        , 0.99947253, 1.        ]), array([2, 1, 0]))",0.9994725330689935,0.14868638035141302,0.8623153324796202,0.8621314516793291,0.514466917886072,4.75556967467514,0.9257357772199667,0.8864947315183697,gbm,2-2-0,1-3-0
221,"[[  401 12229]
 [  753 75826]]","(array([0.       , 0.9682502, 1.       ]), array([0.        , 0.99016702, 1.        ]), array([2, 1, 0]))",0.9901670170673422,0.06761672455158495,0.8544765662657355,0.8611208903526205,0.5109584095629665,5.026310948847138,0.9211463002781928,0.8841671738973271,gbm,2-2-0,1-3-1
222,"[[  2019  68291]
 [  4125 425146]]","(array([0.        , 0.97128431, 1.        ]), array([0.        , 0.99039069, 1.        ]), array([2, 1, 0]))",0.9903906856041987,0.060285257852298636,0.8550465289912947,0.8616013797100744,0.5095531866365468,5.006624825047304,0.9215179666806833,0.8846080700984886,gbm,2-2-0,1-3-2
223,"[[  1793  54142]
 [  3199 337795]]","(array([0.        , 0.96794494, 1.        ]), array([0.       , 0.9906186, 1.       ]), array([2, 1, 0]))",0.9906186032598814,0.07079319887089745,0.855538396035563,0.8618604520624488,0.5113368335866761,4.9896361038489,0.9217648045996145,0.8848629097070215,gbm,2-2-0,1-3-3
224,"[[145680  46192]
 [   142 191700]]","(array([0.        , 0.24074383, 1.        ]), array([0.        , 0.99925981, 1.        ]), array([2, 1, 0]))",0.999259807549963,0.7813415823404988,0.8792486070354483,0.805827854656735,0.8792579891652416,4.170701617575296,0.8921798135590854,0.8382819810916472,gbm,2-2-0,2-0-0
225,"[[155648  48744]
 [   143 204427]]","(array([0.        , 0.23848292, 1.        ]), array([0.        , 0.99930097, 1.        ]), array([2, 1, 0]))",0.9993009727721562,0.7833494990082513,0.8804607763068452,0.8074660999877553,0.8804090287947829,4.128833821223331,0.8931994293716314,0.8397055996529894,gbm,2-2-0,2-0-1
226,"[[77378 24422]
 [ 4797 97640]]","(array([0.        , 0.23990177, 1.        ]), array([0.        , 0.95317122, 1.        ]), array([2, 1, 0]))",0.9531712174312016,0.7272702794169559,0.85693581476422,0.799921351444348,0.8566347246291568,4.941357517253659,0.8698479725967599,0.8264980488754581,gbm,2-2-0,2-0-2
227,"[[189003  59673]
 [   986 247367]]","(array([0.        , 0.23996284, 1.        ]), array([0.        , 0.99602984, 1.        ]), array([2, 1, 0]))",0.9960298446163324,0.7779473724406772,0.8779568194209996,0.8056507295466389,0.8780335006993258,4.215318123723846,0.8907818427671936,0.8376729497132771,gbm,2-2-0,2-0-3
228,"[[37777   590]
 [ 7609 31042]]","(array([0.       , 0.0153778, 1.       ]), array([0.        , 0.80313575, 1.        ]), array([2, 1, 0]))",0.8031357532793459,0.8006225264366442,0.893544366252045,0.9813480020232676,0.893878977325158,3.6768534553527297,0.8833430559310216,0.9396472917259459,gbm,2-2-0,2-1-0
229,"[[166112  52182]
 [ 10021 208248]]","(array([0.        , 0.23904459, 1.        ]), array([0.        , 0.95408876, 1.        ]), array([2, 1, 0]))",0.9540887620321713,0.7287589941014283,0.8575165554570588,0.7996313788734016,0.8575220853964168,4.921299406238576,0.8700582203012749,0.8263881668808221,gbm,2-2-0,2-1-1
230,"[[50128 15799]
 [ 3248 62523]]","(array([0.        , 0.23964385, 1.        ]), array([0.        , 0.95061653, 1.        ]), array([2, 1, 0]))",0.9506165331225008,0.7240805773376012,0.8553736579143191,0.7982814534868875,0.8554863423117017,4.995312812902728,0.8678145364452124,0.8247133032060971,gbm,2-2-0,2-1-2
231,"[[133008  41794]
 [  8043 167113]]","(array([0.        , 0.23909337, 1.        ]), array([0.        , 0.95408093, 1.        ]), array([2, 1, 0]))",0.954080933567791,0.7288188763177582,0.8575914824064602,0.799939686080409,0.8574937796750524,4.918711438424501,0.870237435004153,0.8266504020641403,gbm,2-2-0,2-1-3
232,"[[198055    710]
 [  1972 197030]]","(array([0.        , 0.00357206, 1.        ]), array([0.        , 0.99009055, 1.        ]), array([2, 1, 0]))",0.9900905518537502,0.9865346257875937,0.9932573592077775,0.9964094265196723,0.9932592471994834,0.2328839898868591,0.9932399393056445,0.9951392073635149,gbm,2-2-0,2-2-0
233,"[[124373  38989]
 [    84 163420]]","(array([0.        , 0.23866627, 1.        ]), array([0.        , 0.99948625, 1.        ]), array([2, 1, 0]))",0.9994862511008905,0.7834243122353622,0.8804617182576346,0.807375166124036,0.8804099881010996,4.128801360748905,0.8932177867416572,0.8396530817765172,gbm,2-2-0,2-2-1
234,"[[165553  51840]
 [   812 216089]]","(array([0.        , 0.23846214, 1.        ]), array([0.        , 0.99625636, 1.        ]), array([2, 1, 0]))",0.9962563565866456,0.7794064540649099,0.8787641551575661,0.8065159053331293,0.8788971082956688,4.187433180922642,0.8914011096673061,0.8384531633526485,gbm,2-2-0,2-2-2
235,"[[159364  50208]
 [   134 210481]]","(array([0.        , 0.23957399, 1.        ]), array([0.        , 0.99936377, 1.        ]), array([2, 1, 0]))",0.9993637680127246,0.7828269190786071,0.8801914385737779,0.8074026905623175,0.8798948895605394,4.1381366569179185,0.8931857145282027,0.8396596059746075,gbm,2-2-0,2-2-3
236,"[[59042  1195]
 [11469 48574]]","(array([0.        , 0.01983831, 1.        ]), array([0.        , 0.80898689, 1.        ]), array([2, 1, 0]))",0.8089868927268791,0.8011498357804695,0.894712337878284,0.9759890695010951,0.8945742936831933,3.6365149632863156,0.8846756274359816,0.9372913603402298,gbm,2-2-0,2-3-0
237,"[[29564  9045]
 [   23 38525]]","(array([0.       , 0.2342718, 1.       ]), array([0.        , 0.99940334, 1.        ]), array([2, 1, 0]))",0.9994033412887828,0.7867998428951305,0.8824733983954793,0.8098591549295775,0.8825657696886556,4.059318748886119,0.8947026173389999,0.8417894663240515,gbm,2-2-0,2-3-1
238,"[[160568  50562]
 [ 17780 194397]]","(array([0.        , 0.23948278, 1.        ]), array([0.        , 0.91620204, 1.        ]), array([2, 1, 0]))",0.9162020388637788,0.6852544089405781,0.8385521619061344,0.7935899477055344,0.838359627872187,5.576306287460996,0.8504996324944875,0.8154147647718607,gbm,2-2-0,2-3-2
239,"[[160711  50713]
 [ 17832 193339]]","(array([0.        , 0.23986397, 1.        ]), array([0.        , 0.91555659, 1.        ]), array([2, 1, 0]))",0.9155565868419433,0.6839602381950909,0.8377997846638034,0.7922041204333503,0.8378463084050795,5.602292923422261,0.8494254464295521,0.8141419041434959,gbm,2-2-0,2-3-3
240,"[[56224 17687]
 [  425 36170]]","(array([0.        , 0.23930132, 1.        ]), array([0.        , 0.98838639, 1.        ]), array([2, 1, 0]))",0.9883863915835497,0.7053088818874131,0.8360993973177927,0.6715932933509108,0.8745425348617373,5.661054246324816,0.7997611993101312,0.7175932355380263,gbm,2-2-0,3-0-0
241,"[[196249  61665]
 [  1646 127989]]","(array([0.        , 0.23909133, 1.        ]), array([0.        , 0.98730281, 1.        ]), array([2, 1, 0]))",0.9873028117406565,0.7061948590131828,0.8366374316538038,0.6748552627416242,0.8741057433626708,5.6424704476433245,0.8017125550833258,0.7204551416210057,gbm,2-2-0,3-0-1
242,"[[61569 19336]
 [  511 39846]]","(array([0.        , 0.23899635, 1.        ]), array([0.        , 0.98733801, 1.        ]), array([2, 1, 0]))",0.9873380082761355,0.7054664509768073,0.8363296003694479,0.6732790375451996,0.8741708272639561,5.653102836219942,0.8006108158611198,0.7190212389699913,gbm,2-2-0,3-0-2
243,"[[150140  47020]
 [  1299  97180]]","(array([0.        , 0.23848651, 1.        ]), array([0.        , 0.98680937, 1.        ]), array([2, 1, 0]))",0.9868093705256958,0.705616514349875,0.836560805577072,0.6739251040221914,0.8741614310530691,5.645116962568731,0.8008933611890603,0.7195544360182977,gbm,2-2-0,3-0-3
244,"[[179659  56345]
 [  1425 116869]]","(array([0.        , 0.23874595, 1.        ]), array([0.        , 0.98795374, 1.        ]), array([2, 1, 0]))",0.9879537423707035,0.7068248167824315,0.8369451704497344,0.6747087417876153,0.8746038944561438,5.631841460158382,0.8018236206210465,0.7203908031806694,gbm,2-2-0,3-1-0
245,"[[161790  50343]
 [  1211 105428]]","(array([0.       , 0.2373181, 1.       ]), array([0.        , 0.98864393, 1.        ]), array([2, 1, 0]))",0.9886439295192191,0.7091727368228646,0.8382731231099344,0.6768140411244712,0.8756629159553215,5.585974716714938,0.8035364505925842,0.7223836990200392,gbm,2-2-0,3-1-1
246,"[[76558 51613]
 [  826 62728]]","(array([0.       , 0.4026886, 1.       ]), array([0.        , 0.98700318, 1.        ]), array([2, 1, 0]))",0.9870031783994713,0.5606430926453967,0.7264884600339028,0.5486046125186941,0.7921572913476473,9.446969174572363,0.7052249922707214,0.6020909240993784,gbm,2-2-0,3-1-2
247,"[[174764 118165]
 [  1725 144996]]","(array([0.        , 0.40339127, 1.        ]), array([0.        , 0.98824299, 1.        ]), array([2, 1, 0]))",0.9882429918007647,0.5626049056015336,0.7273058114409189,0.5509782984560783,0.7924258631702669,9.418738511125168,0.7075011832673794,0.6044698653037233,gbm,2-2-0,3-1-3
248,"[[52878 16549]
 [  472 34052]]","(array([0.        , 0.23836548, 1.        ]), array([0.        , 0.98632835, 1.        ]), array([2, 1, 0]))",0.9863283512918549,0.7047872414950571,0.8362593914440457,0.6729511274480742,0.8739814369419651,5.655527561597744,0.8000469897209985,0.7186149378714208,gbm,2-2-0,3-2-0
249,"[[55321 17365]
 [  449 35994]]","(array([0.        , 0.23890433, 1.        ]), array([0.        , 0.98767939, 1.        ]), array([2, 1, 0]))",0.98767938973191,0.706447111442786,0.8367619972692868,0.674562866620439,0.8743875307628265,5.63816811029437,0.8016302532237589,0.7202285906378687,gbm,2-2-0,3-2-1
250,"[[157159 107230]
 [  1582 129890]]","(array([0.        , 0.40557663, 1.        ]), array([0.        , 0.98796702, 1.        ]), array([2, 1, 0]))",0.9879670195935256,0.5596594941355382,0.7251257385799561,0.547781713900135,0.7911951940952775,9.494037245183188,0.7047901202413509,0.6013693201179313,gbm,2-2-0,3-2-2
251,"[[126971  85703]
 [  1287 104834]]","(array([0.        , 0.40297827, 1.        ]), array([0.        , 0.98787233, 1.        ]), array([2, 1, 0]))",0.9878723344107199,0.5620865451465756,0.7271287190827962,0.5502028477408587,0.7924470336018163,9.424855115330665,0.7067667145332336,0.6036953985458423,gbm,2-2-0,3-2-3
252,"[[52186 16248]
 [  410 33899]]","(array([0.        , 0.23742584, 1.        ]), array([0.        , 0.98804978, 1.        ]), array([2, 1, 0]))",0.9880497828558105,0.7082124684412733,0.8378672999620412,0.6759925818094801,0.8753119709497804,5.599991522979355,0.802761201098797,0.7215715824382601,gbm,2-2-0,3-3-0
253,"[[171368  53598]
 [  1344 111221]]","(array([0.        , 0.23824934, 1.        ]), array([0.        , 0.98806023, 1.        ]), array([2, 1, 0]))",0.988060231866033,0.707207706171816,0.8372238401806056,0.6748069093975816,0.8749054482054488,5.622216357941185,0.8019280131514436,0.7204916556648325,gbm,2-2-0,3-3-1
254,"[[97964 66879]
 [  969 81332]]","(array([0.        , 0.40571332, 1.        ]), array([0.        , 0.98822615, 1.        ]), array([2, 1, 0]))",0.9882261454903343,0.5603153218057882,0.7254717897258278,0.5487581893381733,0.7912564151982892,9.482084845751599,0.7056639133754425,0.6023298698798036,gbm,2-2-0,3-3-2
255,"[[80168 25218]
 [  665 51991]]","(array([0.        , 0.23929175, 1.        ]), array([0.        , 0.98737086, 1.        ]), array([2, 1, 0]))",0.9873708599209967,0.7053986265560314,0.8362270788777667,0.6733800463676515,0.8740395566945997,5.656643890089141,0.8006930273745813,0.7191168822546556,gbm,2-2-0,3-3-3
256,"[[230751  24629]
 [120332  17307]]","(array([0.       , 0.0964406, 1.       ]), array([0.        , 0.12574198, 1.        ]), array([2, 1, 0]))",0.12574197720122932,0.0452745196764664,0.6311603255822238,0.41270030522701256,0.5146506894385816,12.739321148004947,0.19275511624669361,0.2833654787594594,gbm,3-3-0,0-0-0
257,"[[166496  19023]
 [ 87269  12636]]","(array([0.        , 0.10253936, 1.        ]), array([0.        , 0.12648016, 1.        ]), array([2, 1, 0]))",0.12648015614834093,0.036363183216629354,0.6275996412354953,0.3991282099876812,0.5119703968016324,12.862306012492857,0.19208902131282116,0.2788899139670082,gbm,3-3-0,0-0-1
258,"[[264198  28282]
 [137396  19795]]","(array([0.        , 0.09669721, 1.        ]), array([0.       , 0.1259296, 1.       ]), array([2, 1, 0]))",0.12592960156751976,0.04510908149096506,0.631557294110583,0.41173534122345407,0.5146161957509371,12.72561052362846,0.19286980922501312,0.28319108209179417,gbm,3-3-0,0-0-2
259,"[[72069  7345]
 [37515  5423]]","(array([0.        , 0.09248999, 1.        ]), array([0.        , 0.12629838, 1.        ]), array([2, 1, 0]))",0.1262983837160557,0.05277873515643306,0.6333529488688374,0.42473370927318294,0.5169041972726902,12.663588516075077,0.19470075036800344,0.2884267631103074,gbm,3-3-0,0-0-3
260,"[[241930  25030]
 [125467  18033]]","(array([0.        , 0.09375936, 1.        ]), array([0.        , 0.12566551, 1.        ]), array([2, 1, 0]))",0.12566550522648084,0.04964818508376056,0.6333455147882863,0.4187585630355526,0.5159530702638249,12.66384603866041,0.1933180748594309,0.285556386024475,gbm,3-3-0,0-1-0
261,"[[115409  12995]
 [ 60190   8647]]","(array([0.        , 0.10120401, 1.        ]), array([0.        , 0.12561558, 1.        ]), array([2, 1, 0]))",0.12561558464198033,0.03722942090215418,0.6289564542868876,0.3995471767858793,0.5122057861529581,12.815442738731521,0.191138275179876,0.27820855184839616,gbm,3-3-0,0-1-1
262,"[[285268  30496]
 [148413  21339]]","(array([0.        , 0.09657846, 1.        ]), array([0.        , 0.12570691, 1.        ]), array([2, 1, 0]))",0.12570691361515623,0.044978967004035246,0.631507509536246,0.41167165042924664,0.5145642281431325,12.72732995526472,0.19260155153506298,0.28294156333202514,gbm,3-3-0,0-1-2
263,"[[284401  30425]
 [148035  21273]]","(array([0.        , 0.09664068, 1.        ]), array([0.        , 0.12564675, 1.        ]), array([2, 1, 0]))",0.12564675030122616,0.044788351518793165,0.6313830468424031,0.4114859375604472,0.5145030331204123,12.731628770521331,0.1925106105716587,0.2828104227599042,gbm,3-3-0,0-1-3
264,"[[44876  4391]
 [23670  3316]]","(array([0.       , 0.0891266, 1.       ]), array([0.        , 0.12287853, 1.        ]), array([2, 1, 0]))",0.12287852960794486,0.053544175873675715,0.6320013638807653,0.4302582068249643,0.516875966856056,12.710268651068215,0.1911624823451417,0.28678174836544784,gbm,3-3-0,0-2-0
265,"[[115350  11909]
 [ 60212   8497]]","(array([0.        , 0.09358081, 1.        ]), array([0.        , 0.12366648, 1.        ]), array([2, 1, 0]))",0.12366647746292335,0.04700202303112081,0.6319756286740692,0.41639713809663825,0.5150428349093351,12.711160060740275,0.19069741345452507,0.28260594812848805,gbm,3-3-0,0-2-1
266,"[[97308 10881]
 [50786  7251]]","(array([0.      , 0.100574, 1.      ]), array([0.        , 0.12493754, 1.        ]), array([2, 1, 0]))",0.12493753984527112,0.03725571583358261,0.6290171212686343,0.3999007279947055,0.512181772168705,12.813347035750095,0.19039241686250313,0.27767778501129703,gbm,3-3-0,0-2-2
267,"[[248736  28040]
 [130431  18690]]","(array([0.        , 0.10130936, 1.        ]), array([0.        , 0.12533446, 1.        ]), array([2, 1, 0]))",0.12533445993522038,0.03666786522782708,0.6279123825713729,0.39995720094157927,0.5120125489259014,12.85150366118999,0.19085937779230128,0.2780910662686993,gbm,3-3-0,0-2-3
268,"[[232904  24871]
 [120877  17317]]","(array([0.        , 0.09648337, 1.        ]), array([0.        , 0.12530935, 1.        ]), array([2, 1, 0]))",0.1253093477285555,0.04453355427518924,0.6319206806593446,0.41047217218166304,0.5144129902254454,12.713059529390252,0.19200363672650267,0.2820854482547418,gbm,3-3-0,0-3-0
269,"[[148829  15919]
 [ 77160  11144]]","(array([0.        , 0.09662636, 1.        ]), array([0.       , 0.1262004, 1.       ]), array([2, 1, 0]))",0.12620039862293894,0.045612013183440936,0.6321744147447955,0.4117799209252485,0.5147870179678417,12.70429594254692,0.19319216066986225,0.28348155233114225,gbm,3-3-0,0-3-1
270,"[[88588 10042]
 [46302  6596]]","(array([0.        , 0.10181486, 1.        ]), array([0.        , 0.12469281, 1.        ]), array([2, 1, 0]))",0.12469280502098377,0.03488194142147169,0.6281611319360119,0.3964418800336579,0.5114389706946143,12.842912509583979,0.18971468016566956,0.27609878610297195,gbm,3-3-0,0-3-2
271,"[[237675  25329]
 [123572  17694]]","(array([0.        , 0.09630652, 1.        ]), array([0.        , 0.12525307, 1.        ]), array([2, 1, 0]))",0.1252530686789461,0.04475528428722414,0.6316793232245776,0.41126839132557,0.5144732743130096,12.721395594483647,0.19202448328440655,0.28232883794254493,gbm,3-3-0,0-3-3
272,"[[   957  32418]
 [  1969 202302]]","(array([0.        , 0.97132584, 1.        ]), array([0.        , 0.99036084, 1.        ]), array([2, 1, 0]))",0.9903608441726922,0.05997285175397773,0.8553015830268551,0.8618865030674847,0.5095175007380315,4.9978153440044695,0.9216680979792298,0.8848437345547527,gbm,3-3-0,1-0-0
273,"[[  1896  60403]
 [  3575 377938]]","(array([0.        , 0.96956612, 1.        ]), array([0.        , 0.99062941, 1.        ]), array([2, 1, 0]))",0.9906294149871695,0.06631045652426405,0.8558443665335773,0.8622008892620129,0.5105316451651365,4.979068015910277,0.9219641545933788,0.8851516972640576,gbm,3-3-0,1-0-1
274,"[[   583  18261]
 [  1065 113734]]","(array([0.        , 0.96906177, 1.        ]), array([0.        , 0.99072292, 1.        ]), array([2, 1, 0]))",0.9907229157048406,0.06830927462371986,0.8553908547398666,0.861653850524641,0.5108305726900344,4.994732189914299,0.9216917753267907,0.8847053186242861,gbm,3-3-0,1-0-2
275,"[[   704  22240]
 [  1372 136577]]","(array([0.       , 0.9693166, 1.       ]), array([0.       , 0.9900543, 1.       ]), array([2, 1, 0]))",0.9900542954280205,0.06425282583721083,0.853244081470294,0.8599646133600307,0.5103688492481804,5.068880381890316,0.9204356294184644,0.8831738050249801,gbm,3-3-0,1-0-3
276,"[[  1127  36277]
 [  2199 224637]]","(array([0.        , 0.96986953, 1.        ]), array([0.        , 0.99030577, 1.        ]), array([2, 1, 0]))",0.9903057715706501,0.06390078177290755,0.8543899485316379,0.8609618494983021,0.5102181194501738,5.029302783706323,0.9211153254741158,0.8840551534366214,gbm,3-3-0,1-1-0
277,"[[   936  30421]
 [  1796 190354]]","(array([0.        , 0.97015021, 1.        ]), array([0.        , 0.99065314, 1.        ]), array([2, 1, 0]))",0.9906531355711684,0.06480195071171542,0.8558568635434237,0.8622081304495527,0.5102514649377353,4.9786363902171376,0.9219785675364776,0.8851615903278307,gbm,3-3-0,1-1-1
278,"[[   632  20126]
 [  1171 125715]]","(array([0.        , 0.96955391, 1.        ]), array([0.        , 0.99077124, 1.        ]), array([2, 1, 0]))",0.990771243478398,0.06715104759559992,0.855754382162499,0.8620003976933784,0.5106086682754741,4.982176137061398,0.9219109219109219,0.8850052798310453,gbm,3-3-0,1-1-2
279,"[[   697  23866]
 [  1391 149674]]","(array([0.        , 0.97162399, 1.        ]), array([0.        , 0.99079204, 1.        ]), array([2, 1, 0]))",0.9907920431602291,0.06133885351165131,0.8561903568907008,0.8624755099688832,0.5095840279311303,4.967117763673949,0.9221915866976786,0.885409210565234,gbm,3-3-0,1-1-3
280,"[[   857  28233]
 [  1624 176154]]","(array([0.       , 0.9705397, 1.       ]), array([0.        , 0.99086501, 1.        ]), array([2, 1, 0]))",0.9908650114187357,0.06490945566792293,0.8556712492990699,0.8618649914133482,0.5101626535264872,4.985047575541384,0.9218740596339277,0.8849060508818216,gbm,3-3-0,1-2-0
281,"[[  1237  39988]
 [  2337 246643]]","(array([0.        , 0.96999394, 1.        ]), array([0.       , 0.9906137, 1.       ]), array([2, 1, 0]))",0.9906137039119608,0.06526907961832859,0.8541548215916335,0.8604896190572549,0.5103098840966717,5.03742418365167,0.9209780979106106,0.8837058152466779,gbm,3-3-0,1-2-1
282,"[[  1820  59051]
 [  3456 363413]]","(array([0.       , 0.9701007, 1.       ]), array([0.        , 0.99057974, 1.        ]), array([2, 1, 0]))",0.9905797437232363,0.06482209328506729,0.8538668349932201,0.8602224094834116,0.5102395194770672,5.0473710972659385,0.9208103550719404,0.8834749419586964,gbm,3-3-0,1-2-2
283,"[[  1941  63764]
 [  3719 394865]]","(array([0.        , 0.97045887, 1.        ]), array([0.        , 0.99066947, 1.        ]), array([2, 1, 0]))",0.9906694699235293,0.06419473215316471,0.854653028609336,0.8609682335831358,0.5101053003677459,5.020216358751331,0.9212762755581168,0.8841184899914917,gbm,3-3-0,1-2-3
284,"[[  1059  35158]
 [  1725 218194]]","(array([0.        , 0.97075959, 1.        ]), array([0.       , 0.9921562, 1.       ]), array([2, 1, 0]))",0.9921562029656373,0.0719011603897619,0.8560022800387295,0.8612286463102719,0.5106983074634356,4.973614806274564,0.9220679061256658,0.8845748126814704,gbm,3-3-0,1-3-0
285,"[[  398 12232]
 [  750 75829]]","(array([0.        , 0.96848773, 1.        ]), array([0.        , 0.99020619, 1.        ]), array([2, 1, 0]))",0.9902061922981497,0.06717735355034368,0.8544765662657355,0.861096285529349,0.5108592323327644,5.026310975736716,0.9211491739552965,0.8841526690499344,gbm,3-3-0,1-3-1
286,"[[  1999  68311]
 [  4057 425214]]","(array([0.        , 0.97156877, 1.        ]), array([0.        , 0.99054909, 1.        ]), array([2, 1, 0]))",0.9905490936960568,0.06031571745172081,0.8551426095067667,0.8615855326477889,0.5094901634032837,5.003306353618234,0.9215774667423787,0.8846199775232374,gbm,3-3-0,1-3-2
287,"[[  1780  54155]
 [  3144 337850]]","(array([0.        , 0.96817735, 1.        ]), array([0.       , 0.9907799, 1.       ]), array([2, 1, 0]))",0.9907798964204648,0.07105060154740413,0.8556442084100683,0.8618512518972973,0.5113012738560714,4.98598150009402,0.9218293612951722,0.8848808861537945,gbm,3-3-0,1-3-3
288,"[[145658  46214]
 [  2399 189443]]","(array([0.        , 0.24085849, 1.        ]), array([0.        , 0.98749492, 1.        ]), array([2, 1, 0]))",0.9874949176926846,0.7668884174022654,0.8733092876465284,0.8038929461038713,0.8733182143500114,4.375838487731573,0.8862851141172261,0.8349405449240614,gbm,3-3-0,2-0-0
289,"[[155637  48755]
 [  2714 201856]]","(array([0.        , 0.23853673, 1.        ]), array([0.        , 0.98673315, 1.        ]), array([2, 1, 0]))",0.9867331475778462,0.7679944328128537,0.8741472312831021,0.8054554668390453,0.8740982071209518,4.346895962564657,0.8869262996478324,0.8361791992470676,gbm,3-3-0,2-0-1
290,"[[ 77363  24437]
 [  1320 101117]]","(array([0.        , 0.24004912, 1.        ]), array([0.        , 0.98711403, 1.        ]), array([2, 1, 0]))",0.9871140310629948,0.7675469029021434,0.8738867100476407,0.8053666151616038,0.8735324575747194,4.355894394091748,0.887026242263949,0.8361572670606117,gbm,3-3-0,2-0-2
291,"[[188992  59684]
 [  3317 245036]]","(array([0.        , 0.24000708, 1.        ]), array([0.        , 0.98664401, 1.        ]), array([2, 1, 0]))",0.9866440107427734,0.7664976472732326,0.8732448207247464,0.8041349435547388,0.8733184666302134,4.378064810763139,0.8860891781012634,0.8350275654923247,gbm,3-3-0,2-0-3
292,"[[29060  9307]
 [  581 38070]]","(array([0.        , 0.24257826, 1.        ]), array([0.        , 0.98496805, 1.        ]), array([2, 1, 0]))",0.984968047398515,0.762888511348825,0.8716144277960997,0.8035544673575785,0.8711948950209663,4.43437719554078,0.8850606779188172,0.8342866159125872,gbm,3-3-0,2-1-0
293,"[[166085  52209]
 [  2826 215443]]","(array([0.        , 0.23916828, 1.        ]), array([0.        , 0.98705267, 1.        ]), array([2, 1, 0]))",0.9870526735358663,0.7677806946467112,0.8739357206176428,0.8049370077563404,0.8739421979459774,4.3542015816185575,0.8867408488211047,0.8357779679519458,gbm,3-3-0,2-1-1
294,"[[50120 15807]
 [ 1051 64720]]","(array([0.        , 0.23976519, 1.        ]), array([0.        , 0.98402031, 1.        ]), array([2, 1, 0]))",0.9840203129038634,0.7634630046601372,0.871995018906893,0.8037055894296323,0.8721275590335751,4.421231390772703,0.8847694431912946,0.8342807937526909,gbm,3-3-0,2-1-2
295,"[[132988  41814]
 [  2728 172428]]","(array([0.        , 0.23920779, 1.        ]), array([0.        , 0.98442531, 1.        ]), array([2, 1, 0]))",0.9844253122930416,0.7647173326919781,0.8727218694814807,0.8048281849497297,0.8726087614542404,4.396126428168689,0.8856131772633655,0.8353066104460317,gbm,3-3-0,2-1-3
296,"[[151097  47668]
 [  2654 196348]]","(array([0.        , 0.23982089, 1.        ]), array([0.        , 0.98666345, 1.        ]), array([2, 1, 0]))",0.9866634506185867,0.7668485621942589,0.8734887509521906,0.8046521539571175,0.8734212782990048,4.369639565260563,0.8864109358987672,0.835476475363937,gbm,3-3-0,2-2-0
297,"[[124354  39008]
 [  2024 161480]]","(array([0.        , 0.23878258, 1.        ]), array([0.       , 0.9876211, 1.       ]), array([2, 1, 0]))",0.9876210979547901,0.7688612182927088,0.87446843660705,0.8054347392362635,0.8744192584691985,4.335802022029003,0.8872722477417087,0.8362887588869922,gbm,3-3-0,2-2-1
298,"[[165529  51864]
 [  2865 214036]]","(array([0.        , 0.23857254, 1.        ]), array([0.        , 0.98679121, 1.        ]), array([2, 1, 0]))",0.9867912088925362,0.7678203537255925,0.8739816806126726,0.8049492290334712,0.8741093348791708,4.35261404403051,0.8866427368625998,0.8357510068324818,gbm,3-3-0,2-2-2
299,"[[159339  50233]
 [  2844 207771]]","(array([0.        , 0.23969328, 1.        ]), array([0.        , 0.98649669, 1.        ]), array([2, 1, 0]))",0.9864966882700662,0.7670111642270858,0.8736824318696199,0.8053014681942916,0.8734017043167367,4.362949831599705,0.8867374135491731,0.8360124606580713,gbm,3-3-0,2-2-3
300,"[[45920 14317]
 [  949 59094]]","(array([0.        , 0.23767784, 1.        ]), array([0.        , 0.98419466, 1.        ]), array([2, 1, 0]))",0.9841946604933132,0.7653834078265472,0.8730794812105088,0.8049747313072972,0.8732584106457467,4.383774594954394,0.8856085242855216,0.8353996612824333,gbm,3-3-0,2-3-0
301,"[[29562  9047]
 [  626 37922]]","(array([0.       , 0.2343236, 1.       ]), array([0.        , 0.98376051, 1.        ]), array([2, 1, 0]))",0.983760506381654,0.7678165140235789,0.8746322433479788,0.807383593433967,0.8747184515383626,4.330142670476069,0.8868879871838347,0.8374112284916791,gbm,3-3-0,2-3-1
302,"[[160575  50555]
 [  3341 208836]]","(array([0.        , 0.23944963, 1.        ]), array([0.        , 0.98425371, 1.        ]), array([2, 1, 0]))",0.9842537127021308,0.7645009867444481,0.8726786941864888,0.8051011793007468,0.8724020422554846,4.39761760667362,0.8857089539578596,0.8355171191470874,gbm,3-3-0,2-3-2
303,"[[160721  50703]
 [  2624 208547]]","(array([0.        , 0.23981667, 1.        ]), array([0.        , 0.98757405, 1.        ]), array([2, 1, 0]))",0.9875740513612191,0.7677904102947241,0.8738106224635881,0.8044243008678882,0.8738786898246991,4.358522629940974,0.8866398396330096,0.835410372456979,gbm,3-3-0,2-3-3
304,"[[56277 17634]
 [  572 36023]]","(array([0.        , 0.23858424, 1.        ]), array([0.        , 0.98436945, 1.        ]), array([2, 1, 0]))",0.9843694493783304,0.7022707344855454,0.8352487647729535,0.6713569524945487,0.8728926030834502,5.690433670088754,0.7982759384833578,0.7169526675503438,gbm,3-3-0,3-0-0
305,"[[196222  61692]
 [  1637 127998]]","(array([0.        , 0.23919601, 1.        ]), array([0.        , 0.98737224, 1.        ]), array([2, 1, 0]))",0.9873722374358777,0.7061587999438342,0.8365909859140392,0.6747746322947967,0.8740881131812096,5.644074682370391,0.8016785406717293,0.7203890161470967,gbm,3-3-0,3-0-1
306,"[[61537 19368]
 [  552 39805]]","(array([0.        , 0.23939188, 1.        ]), array([0.        , 0.98632208, 1.        ]), array([2, 1, 0]))",0.9863220754763734,0.70413836724412,0.8357275980933846,0.6726885572811925,0.8734650980558433,5.6738954692290156,0.7998593388927961,0.7183747279362136,gbm,3-3-0,3-0-2
307,"[[150117  47043]
 [  1773  96706]]","(array([0.        , 0.23860316, 1.        ]), array([0.        , 0.98199616, 1.        ]), array([2, 1, 0]))",0.981996161618213,0.7010236632741966,0.8348797012572766,0.6727420712491913,0.8716964983380171,5.703180310973413,0.7984708621629208,0.7179628048554141,gbm,3-3-0,3-0-3
308,"[[179668  56336]
 [  7153 111141]]","(array([0.        , 0.23870782, 1.        ]), array([0.        , 0.93953201, 1.        ]), array([2, 1, 0]))",0.9395320134579945,0.6620025994550871,0.8208033914952949,0.6636194820781361,0.850412097473222,6.189358733770193,0.7778326002288545,0.7050286601657951,gbm,3-3-0,3-1-0
309,"[[161661  50472]
 [  2024 104615]]","(array([0.        , 0.23792621, 1.        ]), array([0.        , 0.98102008, 1.        ]), array([2, 1, 0]))",0.9810200770824933,0.7014774084999982,0.8353180329514512,0.6745568616325031,0.871546935205132,5.688040238505038,0.7994238249161336,0.7195108028066526,gbm,3-3-0,3-1-1
310,"[[97365 30806]
 [  807 62747]]","(array([0.        , 0.24035078, 1.        ]), array([0.        , 0.98730214, 1.        ]), array([2, 1, 0]))",0.9873021367655852,0.7034544351194937,0.8351127917590299,0.6707107201265593,0.8734756776937912,5.6951308935754135,0.7987804489933611,0.7166728343452896,gbm,3-3-0,3-1-2
311,"[[223137  69792]
 [  1856 144865]]","(array([0.        , 0.23825569, 1.        ]), array([0.        , 0.98735014, 1.        ]), array([2, 1, 0]))",0.9873501407433155,0.7066540861215063,0.8370340043216195,0.6748673465109454,0.8745472271058834,5.628773016368497,0.8017366856864557,0.7204711995535878,gbm,3-3-0,3-1-3
312,"[[52882 16545]
 [  588 33936]]","(array([0.        , 0.23830786, 1.        ]), array([0.        , 0.98296837, 1.        ]), array([2, 1, 0]))",0.9829683698296837,0.701720248551733,0.8351819607314985,0.672252926843763,0.8723302534472571,5.692740669291179,0.7984471501676372,0.7176207876573284,gbm,3-3-0,3-2-0
313,"[[55364 17322]
 [   18 36425]]","(array([0.        , 0.23831274, 1.        ]), array([0.        , 0.99950608, 1.        ]), array([2, 1, 0]))",0.9995060779847982,0.7180686905254035,0.8411054806696662,0.6777122444043389,0.8805966677517201,5.488149193289018,0.8077392172081163,0.724353798855352,gbm,3-3-0,3-2-1
314,"[[200813  63576]
 [  1752 129720]]","(array([0.        , 0.24046386, 1.        ]), array([0.        , 0.98667397, 1.        ]), array([2, 1, 0]))",0.9866739686016794,0.7030817338634825,0.8349723766675676,0.6710951080208593,0.8731050533203526,5.699980598070906,0.7988471770617795,0.7169576059850374,gbm,3-3-0,3-2-2
315,"[[161913  50761]
 [  1371 104750]]","(array([0.        , 0.23867986, 1.        ]), array([0.        , 0.98708079, 1.        ]), array([2, 1, 0]))",0.9870807851414894,0.7055695198969713,0.8364717137972678,0.6735857913588106,0.8742004638535531,5.648194229472351,0.8007430283757339,0.7192737909677065,gbm,3-3-0,3-2-3
316,"[[68410    24]
 [  349 33960]]","(array([0.       , 0.0003507, 1.       ]), array([0.        , 0.98982774, 1.        ]), array([2, 1, 0]))",0.9898277419918972,0.9918447298382341,0.9963695823559756,0.9992937853107344,0.9947385195624507,0.12539037000710618,0.9945382396438873,0.9973861200035244,gbm,3-3-0,3-3-0
317,"[[171430  53536]
 [  1427 111138]]","(array([0.        , 0.23797374, 1.        ]), array([0.        , 0.98732288, 1.        ]), array([2, 1, 0]))",0.987322880113712,0.7067866572081789,0.8371616236730849,0.6748970693612835,0.8746745709299657,5.624365093107,0.8017486717236753,0.7204953965000174,gbm,3-3-0,3-3-1
318,"[[125427  39416]
 [    50  82251]]","(array([0.        , 0.23911237, 1.        ]), array([0.        , 0.99939247, 1.        ]), array([2, 1, 0]))",0.9993924739675095,0.7167091922886144,0.8403117211018677,0.6760337642910568,0.880140053221023,5.515565282320647,0.8065088641355507,0.7228073937244385,gbm,3-3-0,3-3-2
319,"[[80183 25203]
 [  699 51957]]","(array([0.        , 0.23914941, 1.        ]), array([0.        , 0.98672516, 1.        ]), array([2, 1, 0]))",0.98672515952598,0.7049341432551297,0.8361068576707458,0.6733670295489891,0.8737878734452628,5.660796107585388,0.800471436494731,0.7190364687126344,gbm,3-3-0,3-3-3
320,"[[225945  29435]
 [121398  16241]]","(array([0.        , 0.11525961, 1.        ]), array([0.        , 0.11799708, 1.        ]), array([2, 1, 0]))",0.11799707931618218,0.004074643826388922,0.6162195720817568,0.35556966459409756,0.5013687330953219,13.255366270139413,0.17719226468101354,0.25349391121391757,gbm,2-0-0,0-0-0
321,"[[164887  20632]
 [ 88060  11845]]","(array([0.        , 0.11121233, 1.        ]), array([0.        , 0.11856263, 1.        ]), array([2, 1, 0]))",0.11856263450277764,0.011040544708007825,0.6191910981557263,0.3647196477507159,0.5036751529232069,13.152731309244535,0.1789518212445801,0.2577095290518813,gbm,2-0-0,0-0-1
322,"[[260068  32412]
 [138586  18605]]","(array([0.        , 0.11081783, 1.        ]), array([0.        , 0.11835919, 1.        ]), array([2, 1, 0]))",0.11835919359250847,0.011338512182264997,0.6197264222064576,0.36468236078170024,0.5037706799472389,13.134241706778612,0.1787155152539768,0.2575022352384301,gbm,2-0-0,0-0-2
323,"[[70406  9008]
 [37878  5060]]","(array([0.        , 0.11343088, 1.        ]), array([0.        , 0.11784433, 1.        ]), array([2, 1, 0]))",0.11784433369043737,0.0066031258113447575,0.6167941676474434,0.3596815467728177,0.5022067262428059,13.23551942612653,0.17752517278882923,0.255014615462151,gbm,2-0-0,0-0-3
324,"[[237405  29555]
 [126548  16952]]","(array([0.        , 0.11070947, 1.        ]), array([0.       , 0.1181324, 1.       ]), array([2, 1, 0]))",0.11813240418118467,0.011167163296621627,0.6196876674950056,0.3645042681746834,0.5037114672988632,13.135580187294238,0.17843553132253026,0.2572163822194169,gbm,2-0-0,0-1-0
325,"[[113598  14806]
 [ 60687   8150]]","(array([0.        , 0.11530793, 1.        ]), array([0.        , 0.11839563, 1.        ]), array([2, 1, 0]))",0.1183956302569839,0.004589407860458943,0.6172550331827561,0.35502700818958005,0.5015438479623601,13.21960284738236,0.1775734533134335,0.2536396511910171,gbm,2-0-0,0-1-1
326,"[[280818  34946]
 [149723  20029]]","(array([0.        , 0.11067126, 1.        ]), array([0.        , 0.11798977, 1.        ]), array([2, 1, 0]))",0.11798977331636741,0.011013407276722655,0.6196438428393709,0.36432924056389265,0.5036592562506642,13.137093815247196,0.17825183444801918,0.25701138451746686,gbm,2-0-0,0-1-2
327,"[[279975  34851]
 [149340  19968]]","(array([0.        , 0.11069924, 1.        ]), array([0.       , 0.1179389, 1.       ]), array([2, 1, 0]))",0.11793890424551705,0.010895286919843698,0.619545415112345,0.36425326985169376,0.5036198304269646,13.140493395888399,0.17818468993026274,0.256932863936755,gbm,2-0-0,0-1-3
328,"[[44306  4961]
 [23857  3129]]","(array([0.        , 0.10069621, 1.        ]), array([0.        , 0.11594901, 1.        ]), array([2, 1, 0]))",0.1159490105980879,0.02368363740729254,0.622073885617615,0.38677379480840546,0.5076264021062374,13.05315758004783,0.17841258980499486,0.2636234961075726,gbm,2-0-0,0-2-0
329,"[[112549  14710]
 [ 60755   7954]]","(array([0.        , 0.11559104, 1.        ]), array([0.        , 0.11576358, 1.        ]), array([2, 1, 0]))",0.1157635826456505,0.00025744122765417905,0.6149116182233834,0.3509530533003883,0.5000862719489498,13.300541530862859,0.1740995698948267,0.24955291312396072,gbm,2-0-0,0-2-1
330,"[[95880 12309]
 [51225  6812]]","(array([0.        , 0.11377312, 1.        ]), array([0.       , 0.1173734, 1.       ]), array([2, 1, 0]))",0.11737339972775988,0.005379121412309117,0.6177854246628085,0.3562575179122431,0.5018001402321244,13.201282962466903,0.1765727468311776,0.25319466849042155,gbm,2-0-0,0-2-2
331,"[[246178  30598]
 [131537  17584]]","(array([0.        , 0.11055149, 1.        ]), array([0.        , 0.11791766, 1.        ]), array([2, 1, 0]))",0.11791766417875417,0.011093048274193476,0.6193093635315581,0.36494956622805197,0.5036830856373726,13.14864621462704,0.17824361515030182,0.2571895778545498,gbm,2-0-0,0-2-3
332,"[[229308  28467]
 [121898  16296]]","(array([0.        , 0.11043352, 1.        ]), array([0.        , 0.11792118, 1.        ]), array([2, 1, 0]))",0.11792118326410699,0.01127121877937674,0.6202606769721872,0.3640506668453857,0.5037438328307733,13.115789051064073,0.1781402187399225,0.25683538957149976,gbm,2-0-0,0-3-0
333,"[[145724  19024]
 [ 77821  10483]]","(array([0.        , 0.11547333, 1.        ]), array([0.        , 0.11871489, 1.        ]), array([2, 1, 0]))",0.1187148940025367,0.0048140433319965046,0.6172920980668005,0.3552716304605687,0.5016207825197572,13.218322761751093,0.17796300854758892,0.2540323362348061,gbm,2-0-0,0-3-1
334,"[[87795 10835]
 [46703  6195]]","(array([0.        , 0.10985501, 1.        ]), array([0.        , 0.11711218, 1.        ]), array([2, 1, 0]))",0.11711217815418352,0.01095281799529634,0.6202814001372684,0.3637698179682913,0.5036285822333323,13.115072988810825,0.17718224459444,0.25595365978614754,gbm,2-0-0,0-3-2
335,"[[232854  30150]
 [124663  16603]]","(array([0.        , 0.11463704, 1.        ]), array([0.        , 0.11753005, 1.        ]), array([2, 1, 0]))",0.11753004969348604,0.004313172605469505,0.6170554332500556,0.3551215964750925,0.5014465049763228,13.226496395695522,0.17660981071061965,0.25288018082235175,gbm,2-0-0,0-3-3
336,"[[  8513  24862]
 [ 10826 193445]]","(array([0.        , 0.74492884, 1.        ]), array([0.        , 0.94700178, 1.        ]), array([2, 1, 0]))",0.9470017770510744,0.2567859828510636,0.8498270536848926,0.8861145084674334,0.6010364690498817,5.186873465460736,0.9155469522786326,0.8976574456217591,gbm,2-0-0,1-0-0
337,"[[ 15916  46383]
 [ 20285 361228]]","(array([0.        , 0.74452238, 1.        ]), array([0.        , 0.94683012, 1.        ]), array([2, 1, 0]))",0.9468301211230024,0.25675828679739165,0.8497832415527296,0.886207683305897,0.6011538685680502,5.188386597080544,0.915516446084519,0.8977030821235246,gbm,2-0-0,1-0-1
338,"[[  4752  14092]
 [  5957 108842]]","(array([0.        , 0.74782424, 1.        ]), array([0.       , 0.9481093, 1.       ]), array([2, 1, 0]))",0.9481093040880147,0.256740093987817,0.8499809193148912,0.8853693851985618,0.6001425314751261,5.181559796387021,0.9156658940912704,0.8972441821164482,gbm,2-0-0,1-0-2
339,"[[  5861  17083]
 [  7009 130940]]","(array([0.        , 0.74455195, 1.        ]), array([0.        , 0.94919137, 1.        ]), array([2, 1, 0]))",0.9491913678243409,0.2637723430042406,0.8502607322879181,0.884592259311053,0.6023197076220728,5.171895983225426,0.9157539899011092,0.8967989469084612,gbm,2-0-0,1-0-3
340,"[[  9531  27873]
 [ 12174 214662]]","(array([0.        , 0.74518768, 1.        ]), array([0.        , 0.94633127, 1.        ]), array([2, 1, 0]))",0.9463312701687563,0.2553607267789847,0.8484445958219801,0.8850763807285547,0.6005717948533867,5.234622560801392,0.9146794326875755,0.8966846453061714,gbm,2-0-0,1-1-0
341,"[[  7968  23389]
 [ 10185 181965]]","(array([0.        , 0.74589406, 1.        ]), array([0.        , 0.94699454, 1.        ]), array([2, 1, 0]))",0.9469945355191257,0.25566705004280715,0.849785465332182,0.886103996026374,0.6005502383881306,5.188309898423881,0.9155379568507487,0.8976475138274173,gbm,2-0-0,1-1-1
342,"[[  5288  15470]
 [  6694 120192]]","(array([0.        , 0.74525484, 1.        ]), array([0.        , 0.94724398, 1.        ]), array([2, 1, 0]))",0.9472439827876992,0.2571188190686999,0.8498821489528867,0.8859665934454748,0.6009945706404051,5.184970671270391,0.9155811508752685,0.897579510525231,gbm,2-0-0,1-1-2
343,"[[  6206  18357]
 [  8052 143013]]","(array([0.        , 0.74734357, 1.        ]), array([0.        , 0.94669844, 1.        ]), array([2, 1, 0]))",0.9466984410684143,0.253167986997463,0.8496310383310178,0.886242796058747,0.5996774377715153,5.193643519388836,0.9154736185126506,0.8977082274071144,gbm,2-0-0,1-1-3
344,"[[  7466  21624]
 [  9333 168445]]","(array([0.        , 0.74334823, 1.        ]), array([0.        , 0.94750194, 1.        ]), array([2, 1, 0]))",0.9475019406225742,0.259818928508806,0.8503538488311387,0.8862307898710469,0.6020768554951991,5.168678535839669,0.9158427280907551,0.8978427681135628,gbm,2-0-0,1-2-0
345,"[[ 10631  30594]
 [ 13070 235910]]","(array([0.       , 0.7421225, 1.       ]), array([0.        , 0.94750582, 1.        ]), array([2, 1, 0]))",0.9475058237609446,0.26181380562912865,0.8495408418187144,0.8852024735088404,0.6026916626385075,5.1967595161736,0.9152951401013417,0.8969989262324751,gbm,2-0-0,1-2-1
346,"[[ 15547  45324]
 [ 19309 347560]]","(array([0.        , 0.74459102, 1.        ]), array([0.        , 0.94736813, 1.        ]), array([2, 1, 0]))",0.9473681341296212,0.2589457089430041,0.848896525926965,0.8846377047678196,0.6013885568875504,5.219013830098163,0.9149289308498947,0.896510275200487,gbm,2-0-0,1-2-2
347,"[[ 16765  48940]
 [ 20915 377669]]","(array([0.        , 0.74484438, 1.        ]), array([0.        , 0.94752674, 1.        ]), array([2, 1, 0]))",0.9475267446761536,0.2587048965867839,0.8495441416876127,0.8852813700601722,0.6013411822459986,5.196645531909478,0.9153470763809194,0.8970674862946669,gbm,2-0-0,1-2-3
348,"[[  2543  33674]
 [  2632 217287]]","(array([0.        , 0.92978436, 1.        ]), array([0.        , 0.98803196, 1.        ]), array([2, 1, 0]))",0.988031957220613,0.1442471916179694,0.8582549895368086,0.8658197887321137,0.5291238009037046,4.895804343932489,0.9228975535168196,0.8877821931207268,gbm,2-0-0,1-3-0
349,"[[ 3239  9391]
 [ 4122 72457]]","(array([0.        , 0.74354711, 1.        ]), array([0.        , 0.94617323, 1.        ]), array([2, 1, 0]))",0.9461732328706304,0.2567317081883193,0.8485242520373505,0.8852629264001564,0.6013130614076034,5.2318711614735625,0.9147051954527953,0.8968094244388831,gbm,2-0-0,1-3-1
350,"[[ 17752  52558]
 [ 22936 406335]]","(array([0.        , 0.74751813, 1.        ]), array([0.        , 0.94656988, 1.        ]), array([2, 1, 0]))",0.9465698824285824,0.25307627461968973,0.8488853659366549,0.8854678541620814,0.5995258742252427,5.2193986768894804,0.914999932444909,0.8970489345177568,gbm,2-0-0,1-3-2
351,"[[ 14326  41609]
 [ 18023 322971]]","(array([0.        , 0.74388129, 1.        ]), array([0.       , 0.9471457, 1.       ]), array([2, 1, 0]))",0.9471456975782565,0.25849352952293836,0.8497665829405259,0.8858714136814965,0.6016322033971554,5.188962218509574,0.9154844141082297,0.8974837076797044,gbm,2-0-0,1-3-3
352,"[[191814     58]
 [  2646 189196]]","(array([0.        , 0.00030228, 1.        ]), array([0.       , 0.9862074, 1.       ]), array([2, 1, 0]))",0.9862073998394512,0.9859958643703413,0.9929530848496536,0.9996935335580754,0.9929525574914401,0.24339194751426796,0.9929046749375485,0.9969668801864979,gbm,2-0-0,2-0-0
353,"[[155659  48733]
 [   140 204430]]","(array([0.       , 0.2384291, 1.       ]), array([0.        , 0.99931564, 1.        ]), array([2, 1, 0]))",0.9993156376790341,0.7834122740079421,0.880495009316269,0.8075034661463169,0.880443270324898,4.127651433458453,0.8932281482873203,0.8397399981268825,gbm,2-0-0,2-0-1
354,"[[88077 13723]
 [ 5837 96600]]","(array([0.        , 0.13480354, 1.        ]), array([0.        , 0.94301864, 1.        ]), array([2, 1, 0]))",0.9430186358444702,0.8108323614977517,0.9042289105304132,0.8756107067429276,0.9041075497493472,3.307869970475416,0.9080654258319233,0.8883101692203285,gbm,2-0-0,2-0-2
355,"[[189025  59651]
 [  4161 244192]]","(array([0.        , 0.23987437, 1.        ]), array([0.        , 0.98324562, 1.        ]), array([2, 1, 0]))",0.9832456221587821,0.7625089718836201,0.8716131251898782,0.8036782153941344,0.8716856237352162,4.43442152489764,0.8844395830465993,0.8341457582537701,gbm,2-0-0,2-0-3
356,"[[36734  1633]
 [ 7437 31214]]","(array([0.        , 0.04256262, 1.        ]), array([0.        , 0.80758583, 1.        ]), array([2, 1, 0]))",0.807585832190629,0.7734236192267807,0.8822353216131295,0.9502846530885621,0.8825116066366651,4.067464847755634,0.8731433047078241,0.9178482583407336,gbm,2-0-0,2-1-0
357,"[[185526  32768]
 [ 15191 203078]]","(array([0.        , 0.15010949, 1.        ]), array([0.        , 0.93040239, 1.        ]), array([2, 1, 0]))",0.9304023933769798,0.7828314273983606,0.8901441487253844,0.8610618793619566,0.8901464540020212,3.7943466998625954,0.8943901875075697,0.874090627752005,gbm,2-0-0,2-1-1
358,"[[56188  9739]
 [ 6528 59243]]","(array([0.      , 0.147724, 1.      ]), array([0.        , 0.90074653, 1.        ]), array([2, 1, 0]))",0.9007465296255188,0.7538757682939183,0.8764825585809959,0.8588182424400568,0.876511265935213,4.26620041986503,0.8792828360036511,0.866888694435746,gbm,2-0-0,2-1-2
359,"[[150957  23845]
 [ 18216 156940]]","(array([0.        , 0.13641148, 1.        ]), array([0.        , 0.89600128, 1.        ]), array([2, 1, 0]))",0.8960012788599877,0.7600079021771555,0.8798112916407111,0.8681029952706253,0.87979489807692,4.151225405183082,0.8818315394967143,0.8735427965837541,gbm,2-0-0,2-1-3
360,"[[183091  15674]
 [  6295 192707]]","(array([0.        , 0.07885694, 1.        ]), array([0.        , 0.96836715, 1.        ]), array([2, 1, 0]))",0.9683671520889238,0.8905260334497554,0.9447691739133713,0.9247820098761403,0.9447551052372273,1.9076366604316446,0.9460728601831692,0.9331823121161115,gbm,2-0-0,2-2-0
361,"[[124384  38978]
 [    90 163414]]","(array([0.        , 0.23859894, 1.        ]), array([0.        , 0.99944955, 1.        ]), array([2, 1, 0]))",0.9994495547509541,0.7834352597574691,0.8804770150459209,0.8074133364955136,0.8804253074865188,4.128273001489922,0.8932264905874894,0.8396809280299915,gbm,2-0-0,2-2-1
362,"[[165554  51839]
 [   139 216762]]","(array([0.        , 0.23845754, 1.        ]), array([0.        , 0.99935915, 1.        ]), array([2, 1, 0]))",0.9993591546373691,0.7832062914531458,0.8803160992323172,0.8070036969333696,0.8804508073030907,4.133830929706262,0.8929396789302618,0.8393137175183245,gbm,2-0-0,2-2-2
363,"[[159362  50210]
 [   139 210476]]","(array([0.        , 0.23958353, 1.        ]), array([0.        , 0.99934003, 1.        ]), array([2, 1, 0]))",0.9993400280131994,0.7827897691544752,0.8801747793244437,0.8073928020683888,0.8798782479309789,4.138712050811491,0.8931701821129173,0.8396476987040427,gbm,2-0-0,2-2-3
364,"[[59091  1146]
 [11768 48275]]","(array([0.        , 0.01902485, 1.        ]), array([0.        , 0.80400713, 1.        ]), array([2, 1, 0]))",0.8040071282247723,0.7977548186723857,0.8926338543398736,0.9768114769025313,0.8924911381947608,3.7083029157177547,0.8820251406855222,0.9365530192800909,gbm,2-0-0,2-3-0
365,"[[37810   799]
 [ 7544 31004]]","(array([0.        , 0.02069466, 1.        ]), array([0.        , 0.80429594, 1.        ]), array([2, 1, 0]))",0.8042959427207638,0.7959732987197681,0.8918698238656246,0.9748765839700657,0.8918006430172495,3.7346922552858017,0.8814089351963724,0.9352075289575289,gbm,2-0-0,2-3-1
366,"[[182586  28544]
 [ 22888 189289]]","(array([0.        , 0.13519632, 1.        ]), array([0.       , 0.8921278, 1.       ]), array([2, 1, 0]))",0.892127798960302,0.7572519778680646,0.878499528710841,0.8689638392713684,0.8784657372104593,4.196531527359797,0.8803934792214134,0.8734998970936096,gbm,2-0-0,2-3-2
367,"[[180002  31422]
 [ 22015 189156]]","(array([0.        , 0.14862078, 1.        ]), array([0.      , 0.895748, 1.      ]), array([2, 1, 0]))",0.8957479957001672,0.747848765385855,0.8735503259622097,0.8575469901803444,0.873563607355154,4.3674764707705815,0.8762313288507907,0.8649242832307407,gbm,2-0-0,2-3-3
368,"[[56376 17535]
 [ 1630 34965]]","(array([0.        , 0.23724479, 1.        ]), array([0.       , 0.9554584, 1.       ]), array([2, 1, 0]))",0.9554583959557317,0.6768663587718987,0.8265705029591154,0.666,0.8591068007704137,5.990169498030892,0.7848925304450306,0.7089559804537804,gbm,2-0-0,3-0-0
369,"[[202908  55006]
 [  5772 123863]]","(array([0.        , 0.21327264, 1.        ]), array([0.        , 0.95547499, 1.        ]), array([2, 1, 0]))",0.9554749874648051,0.7024460324470486,0.843173379366222,0.6924788532389626,0.8711011730983929,5.416713072117661,0.8029912091901564,0.7328208957166573,gbm,2-0-0,3-0-1
370,"[[63614 17291]
 [ 1848 38509]]","(array([0.        , 0.21371979, 1.        ]), array([0.        , 0.95420869, 1.        ]), array([2, 1, 0]))",0.9542086874643804,0.7000900940618638,0.8421681977866108,0.6901254480286738,0.8702444463216469,5.451431340909446,0.8009609284815458,0.7305630281115659,gbm,2-0-0,3-0-2
371,"[[155288  41872]
 [  4453  94026]]","(array([0.        , 0.21237574, 1.        ]), array([0.        , 0.95478224, 1.        ]), array([2, 1, 0]))",0.9547822378375085,0.702115005222009,0.843305517878223,0.6918865619803087,0.871203251197107,5.412148929058193,0.8023483532940519,0.7322087432698253,gbm,2-0-0,3-0-3
372,"[[185858  50146]
 [  5247 113047]]","(array([0.        , 0.21247945, 1.        ]), array([0.        , 0.95564441, 1.        ]), array([2, 1, 0]))",0.9556444113818114,0.703136233447908,0.8436542119910357,0.6927196632208489,0.8715824809404777,5.400105384326251,0.8032129370095243,0.7330565736266415,gbm,2-0-0,3-1-0
373,"[[167140  44993]
 [  4825 101814]]","(array([0.        , 0.21209807, 1.        ]), array([0.        , 0.95475389, 1.        ]), array([2, 1, 0]))",0.9547538892900346,0.7030016153945778,0.84371902174595,0.6935227884228954,0.8713279093699775,5.397866621688346,0.8034374186217184,0.7336708619951663,gbm,2-0-0,3-1-1
374,"[[76631 51540]
 [   58 63496]]","(array([0.        , 0.40211904, 1.        ]), array([0.        , 0.99908739, 1.        ]), array([2, 1, 0]))",0.9990873902508103,0.5736331107035542,0.7308749511018385,0.551966340971522,0.7984841730806369,9.295464835968986,0.7110812475502548,0.6062272531115261,gbm,2-0-0,3-1-2
375,"[[174931 117998]
 [   107 146614]]","(array([0.        , 0.40282116, 1.        ]), array([0.        , 0.99927072, 1.        ]), array([2, 1, 0]))",0.9992707247088011,0.5745530173415581,0.7313658592061867,0.554071621846326,0.798224781633475,9.278509125482756,0.712872538794602,0.6082715370209489,gbm,2-0-0,3-1-3
376,"[[54683 14744]
 [ 1526 32998]]","(array([0.        , 0.21236695, 1.        ]), array([0.        , 0.95579886, 1.        ]), array([2, 1, 0]))",0.9557988645579887,0.7026074053183375,0.8434839491683581,0.6911733903062293,0.8717159589905041,5.405986293635538,0.8022269224223858,0.7316889290972628,gbm,2-0-0,3-2-0
377,"[[57294 15392]
 [ 1682 34761]]","(array([0.        , 0.21176017, 1.        ]), array([0.        , 0.95384573, 1.        ]), array([2, 1, 0]))",0.9538457316905853,0.7022638451068004,0.8435429629154487,0.6930991167028892,0.8710427788959489,5.403947397761828,0.8028315395630282,0.7331842821286199,gbm,2-0-0,3-2-1
378,"[[157164 107225]
 [    90 131382]]","(array([0.        , 0.40555772, 1.        ]), array([0.        , 0.99931544, 1.        ]), array([2, 1, 0]))",0.999315443592552,0.5714854229256209,0.7289073690007352,0.5506208954473255,0.7968788618588353,9.363424347572238,0.71002137381478,0.6049452067409522,gbm,2-0-0,3-2-2
379,"[[127098  85576]
 [    90 106031]]","(array([0.        , 0.40238111, 1.        ]), array([0.        , 0.99915191, 1.        ]), array([2, 1, 0]))",0.9991519114972531,0.5742971731904744,0.7312818582474631,0.5533774862087502,0.7983854011909467,9.28141045184556,0.7122675730868443,0.6075933844403006,gbm,2-0-0,3-2-3
380,"[[53944 14490]
 [ 1654 32655]]","(array([0.        , 0.21173686, 1.        ]), array([0.        , 0.95179108, 1.        ]), array([2, 1, 0]))",0.9517910752280743,0.7004161108098846,0.8428700738736459,0.6926503340757239,0.8700271096396386,5.4271881518565905,0.8018022442114568,0.7325395151846883,gbm,2-0-0,3-3-0
381,"[[134739  90227]
 [    92 112473]]","(array([0.        , 0.40106949, 1.        ]), array([0.        , 0.99918269, 1.        ]), array([2, 1, 0]))",0.9991826944432106,0.5757338518011142,0.7324127265347479,0.5548741983226443,0.7990565997486538,9.242350748492056,0.7135140278813062,0.609038679178873,gbm,2-0-0,3-3-1
382,"[[98086 66757]
 [   60 82241]]","(array([0.        , 0.40497322, 1.        ]), array([0.        , 0.99927097, 1.        ]), array([2, 1, 0]))",0.9992709687610114,0.5724207609324375,0.7296434467355064,0.551960428999047,0.7971488759106283,9.33800052238531,0.7111228323511992,0.6062350636082048,gbm,2-0-0,3-3-2
383,"[[62900 42486]
 [   37 52619]]","(array([0.        , 0.40314653, 1.        ]), array([0.        , 0.99929733, 1.        ]), array([2, 1, 0]))",0.9992973260407171,0.5740065243710827,0.730938611255236,0.5532726985962884,0.7980753990194477,9.293266095956813,0.7122177029121352,0.6075030710545031,gbm,2-0-0,3-3-3
384,"[[ 52753 202627]
 [ 12113 125526]]","(array([0.        , 0.79343332, 1.        ]), array([0.        , 0.91199442, 1.        ]), array([2, 1, 0]))",0.9119944201861391,0.1523560435105527,0.45361420185792545,0.38252278662696976,0.5592805525631142,18.871909152157038,0.5389787716405606,0.4327733613009059,gbm,1-0-0,0-0-0
385,"[[ 38163 147356]
 [  8872  91033]]","(array([0.        , 0.79429061, 1.        ]), array([0.        , 0.91119564, 1.        ]), array([2, 1, 0]))",0.9111956358540614,0.1503028809639367,0.452645888222434,0.38186745193779914,0.5584525120553949,18.905354084110062,0.5381886761219531,0.43206630335627044,gbm,1-0-0,0-0-1
386,"[[ 60352 232128]
 [ 13831 143360]]","(array([0.        , 0.79365427, 1.        ]), array([0.       , 0.9120115, 1.       ]), array([2, 1, 0]))",0.9120115019307721,0.15205703186214695,0.4530245446115049,0.3817964888358616,0.5591786174861737,18.89227571328396,0.538260378201506,0.432030271049572,gbm,1-0-0,0-0-2
387,"[[16207 63207]
 [ 3832 39106]]","(array([0.       , 0.7959176, 1.       ]), array([0.        , 0.91075504, 1.        ]), array([2, 1, 0]))",0.9107550421538032,0.1480981159584209,0.4520808813913953,0.3822192683236734,0.5574187228801101,18.924868991869257,0.5384610088742934,0.43240673168358434,gbm,1-0-0,0-0-3
388,"[[ 55179 211781]
 [ 12640 130860]]","(array([0.        , 0.79330611, 1.        ]), array([0.        , 0.91191638, 1.        ]), array([2, 1, 0]))",0.9119163763066203,0.15229160405829087,0.45324513959947377,0.38191576606418964,0.5593051315156117,18.884656426608228,0.5383623269792097,0.43214817867672706,gbm,1-0-0,0-1-0
389,"[[ 26432 101972]
 [  6189  62648]]","(array([0.        , 0.79414971, 1.        ]), array([0.        , 0.91009196, 1.        ]), array([2, 1, 0]))",0.9100919563606781,0.1487482969405394,0.4516302391490613,0.38056129267403715,0.5579711206992637,18.94043393715853,0.5366984069871539,0.4306787824291196,gbm,1-0-0,0-1-1
390,"[[ 65128 250636]
 [ 15030 154722]]","(array([0.       , 0.7937447, 1.       ]), array([0.        , 0.91145907, 1.        ]), array([2, 1, 0]))",0.9114590697016824,0.1511908279252882,0.45281720890763644,0.38169223254505896,0.5588571871481265,18.89943684169389,0.5380605449392291,0.43189867707616864,gbm,1-0-0,0-1-2
391,"[[ 64914 249912]
 [ 14941 154367]]","(array([0.        , 0.79380991, 1.        ]), array([0.        , 0.91175255, 1.        ]), array([2, 1, 0]))",0.9117525456564368,0.15154904393185595,0.45293451812927826,0.38183284316029276,0.5589713158043386,18.895385107251826,0.5382513899373591,0.4320558837095785,gbm,1-0-0,0-1-3
392,"[[10116 39151]
 [ 2339 24647]]","(array([0.        , 0.79466986, 1.        ]), array([0.        , 0.91332543, 1.        ]), array([2, 1, 0]))",0.9133254279997035,0.1534829157082084,0.4558902600553421,0.38632872503840243,0.5593277839249537,18.793295183977463,0.5429811420514628,0.4367278809829257,gbm,1-0-0,0-2-0
393,"[[ 26213 101046]
 [  6076  62633]]","(array([0.       , 0.7940185, 1.       ]), array([0.        , 0.91156908, 1.        ]), array([2, 1, 0]))",0.9115690811975141,0.1512000995767051,0.4533699379490529,0.3826575186798551,0.5587752917440592,18.88034577633876,0.5390381603180887,0.43289214500466533,gbm,1-0-0,0-2-1
394,"[[22267 85922]
 [ 5169 52868]]","(array([0.        , 0.79418425, 1.        ]), array([0.        , 0.91093613, 1.        ]), array([2, 1, 0]))",0.9109361269534951,0.14992305076024628,0.45200510148833517,0.38092081562072194,0.55837593765989,18.927486576102453,0.537202721171384,0.4310849531227321,gbm,1-0-0,0-2-2
395,"[[ 57091 219685]
 [ 13181 135940]]","(array([0.       , 0.7937285, 1.       ]), array([0.        , 0.91160869, 1.        ]), array([2, 1, 0]))",0.9116086936112284,0.1514911109356336,0.453233997891509,0.3822565905096661,0.5589400955699579,18.88504113327571,0.5386471611463983,0.43248340407770064,gbm,1-0-0,0-2-3
396,"[[ 53080 204695]
 [ 12197 125997]]","(array([0.        , 0.79408399, 1.        ]), array([0.        , 0.91174002, 1.        ]), array([2, 1, 0]))",0.9117400176563382,0.15114272316864188,0.45225004987764195,0.38101012422435376,0.5588280148411648,18.919026397119325,0.5374312732732476,0.4312124476885778,gbm,1-0-0,0-3-0
397,"[[ 34056 130692]
 [  7755  80549]]","(array([0.        , 0.79328429, 1.        ]), array([0.        , 0.91217838, 1.        ]), array([2, 1, 0]))",0.9121783837651749,0.15259003222164774,0.45289110538545435,0.3813132867199076,0.5594470475166468,18.896884737261693,0.5378090103323374,0.43154270798955924,gbm,1-0-0,0-3-1
398,"[[20408 78222]
 [ 4561 48337]]","(array([0.        , 0.79308527, 1.        ]), array([0.        , 0.91377746, 1.        ]), array([2, 1, 0]))",0.9137774585050474,0.15508015260177216,0.45367852806082043,0.3819325373936267,0.5603460951655319,18.869687928370173,0.5387028647531164,0.43224879903565155,gbm,1-0-0,0-3-2
399,"[[ 54263 208741]
 [ 12427 128839]]","(array([0.        , 0.79367994, 1.        ]), array([0.       , 0.9120312, 1.       ]), array([2, 1, 0]))",0.9120312035450852,0.1520387085286634,0.4529200781655824,0.3816547188814503,0.5591756297569078,18.89588395497263,0.5381229038145875,0.43188592545116405,gbm,1-0-0,0-3-3
400,"[[ 32936    439]
 [  1211 203060]]","(array([0.        , 0.01315356, 1.        ]), array([0.       , 0.9940716, 1.       ]), array([2, 1, 0]))",0.9940716009614678,0.9716040147003119,0.9930568997584642,0.9978427412419717,0.9904590214545167,0.23980766381455912,0.9959536012948476,0.9970862259112785,gbm,1-0-0,1-0-0
401,"[[ 53659   8640]
 [103650 277863]]","(array([0.        , 0.13868601, 1.        ]), array([0.        , 0.72831856, 1.        ]), array([2, 1, 0]))",0.728318563194439,0.4281887825836586,0.7469874631600768,0.9698432477146837,0.794816274486351,8.738759001348132,0.8319052238269742,0.9095203024500417,gbm,1-0-0,1-0-1
402,"[[  8423  10421]
 [  1637 113162]]","(array([0.        , 0.55301422, 1.        ]), array([0.        , 0.98574029, 1.        ]), array([2, 1, 0]))",0.9857402939049992,0.5708083341885152,0.9097745486108513,0.9156761043185552,0.7163630359357303,3.116339040388596,0.949417321777651,0.928880651288475,gbm,1-0-0,1-0-2
403,"[[ 10550  12394]
 [  2107 135842]]","(array([0.       , 0.5401848, 1.       ]), array([0.        , 0.98472624, 1.        ]), array([2, 1, 0]))",0.9847262394073172,0.5773828303203073,0.9098717781382658,0.9163900806821554,0.7222707208194188,3.112980096791966,0.9493299788598284,0.9292878711384566,gbm,1-0-0,1-0-3
404,"[[ 25139  12265]
 [ 62039 164797]]","(array([0.        , 0.32790611, 1.        ]), array([0.        , 0.72650285, 1.        ]), array([2, 1, 0]))",0.7265028478724718,0.29551710598576175,0.7188010899182561,0.9307304785894207,0.6992983707868401,9.712303392029687,0.8160327607465252,0.8811882141069679,gbm,1-0-0,1-1-0
405,"[[ 14371  16986]
 [  2859 189291]]","(array([0.        , 0.54169723, 1.        ]), array([0.      , 0.985121, 1.      ]), array([2, 1, 0]))",0.9851209992193599,0.5773489441493697,0.9112108345599914,0.9176544161491587,0.7217118852651955,3.0667298989246516,0.9501916285793884,0.930398188070283,gbm,1-0-0,1-1-1
406,"[[18980  1778]
 [43364 83522]]","(array([0.        , 0.08565372, 1.        ]), array([0.        , 0.65824441, 1.        ]), array([2, 1, 0]))",0.6582444083665653,0.4029693716879894,0.6942510362764488,0.9791559202813599,0.7862953422505339,10.560204720159906,0.7872526933916469,0.8921651149575077,gbm,1-0-0,1-1-2
407,"[[19496  5067]
 [51396 99669]]","(array([0.        , 0.20628588, 1.        ]), array([0.        , 0.65977559, 1.        ]), array([2, 1, 0]))",0.6597755932876577,0.3205851995107345,0.6785079827817888,0.9516212190650779,0.7267448580776927,11.103963964436316,0.7792698230264933,0.8742756693315369,gbm,1-0-0,1-1-3
408,"[[ 13457  15633]
 [  2713 175065]]","(array([0.        , 0.53740117, 1.        ]), array([0.        , 0.98473939, 1.        ]), array([2, 1, 0]))",0.9847393940757574,0.579320370855471,0.9113154281957577,0.9180222131328069,0.7236691126446164,3.063117020745875,0.9502111399385578,0.9306324888099768,gbm,1-0-0,1-2-0
409,"[[ 37311   3914]
 [ 56608 192372]]","(array([0.        , 0.09494239, 1.        ]), array([0.        , 0.77264037, 1.        ]), array([2, 1, 0]))",0.7726403727207004,0.5056818480182113,0.7914508709360625,0.9800597087922726,0.8388489916969178,7.2030425202774815,0.8640767541200092,0.9301205658122238,gbm,1-0-0,1-2-1
410,"[[ 39160  21711]
 [ 99240 267629]]","(array([0.        , 0.35667231, 1.        ]), array([0.        , 0.72949472, 1.        ]), array([2, 1, 0]))",0.7294947242748774,0.2784136093498256,0.717232430915977,0.9249637105135826,0.6864112086324855,9.766486425867695,0.8156821988116592,0.8779159824409586,gbm,1-0-0,1-2-2
411,"[[ 55596  10109]
 [108498 290086]]","(array([0.        , 0.15385435, 1.        ]), array([0.        , 0.72779138, 1.        ]), array([2, 1, 0]))",0.7277913814904763,0.41848058132562294,0.7445405770974544,0.9663252219390729,0.7869685162531904,8.823273295300114,0.8302653628686609,0.9068792344957121,gbm,1-0-0,1-2-3
412,"[[ 33122   3095]
 [ 87260 132659]]","(array([0.        , 0.08545711, 1.        ]), array([0.        , 0.60321755, 1.        ]), array([2, 1, 0]))",0.6032175482791391,0.3614592845954737,0.6472381859637067,0.9772014084299542,0.7588802212500425,12.183971077537722,0.7459604749306245,0.8693990969086488,gbm,1-0-0,1-3-0
413,"[[ 9980  2650]
 [25937 50642]]","(array([0.        , 0.20981789, 1.        ]), array([0.        , 0.66130401, 1.        ]), array([2, 1, 0]))",0.6613040128494757,0.3209370720117628,0.6795502695916331,0.9502739623207986,0.7257430594730356,11.067965336843837,0.7798815747934489,0.8739003337394348,gbm,1-0-0,1-3-1
414,"[[   560  69750]
 [    29 429242]]","(array([0.        , 0.99203527, 1.        ]), array([0.        , 0.99993244, 1.        ]), array([2, 1, 0]))",0.999932443607884,0.08002790363933442,0.8603249523100358,0.8602181998909803,0.5039485856213222,4.824316877505809,0.9248284160846656,0.8849478340072876,gbm,1-0-0,1-3-2
415,"[[ 44008  11927]
 [116846 224148]]","(array([0.        , 0.21322964, 1.        ]), array([0.        , 0.65733708, 1.        ]), array([2, 1, 0]))",0.6573370792447961,0.31474751124472516,0.6755767404246099,0.9494779201524939,0.7220537188482852,11.205206446241984,0.7768499087630768,0.8719717045283025,gbm,1-0-0,1-3-3
416,"[[ 32546 159326]
 [   416 191426]]","(array([0.       , 0.8303765, 1.       ]), array([0.        , 0.99783155, 1.        ]), array([2, 1, 0]))",0.9978315488787648,0.29879204873856924,0.5836951479487327,0.5457588267493841,0.5837275239390489,14.378992206528782,0.7055957124479812,0.6001379440072734,gbm,1-0-0,2-0-0
417,"[[ 33859 170533]
 [   458 204112]]","(array([0.        , 0.83434283, 1.        ]), array([0.        , 0.99776116, 1.        ]), array([2, 1, 0]))",0.9977611575499828,0.29470604840774095,0.5818902489717871,0.5448144243216912,0.5817091630640048,14.441332623301763,0.7047883773728235,0.5992190940316473,gbm,1-0-0,2-0-1
418,"[[ 17271  84529]
 [   227 102210]]","(array([0.        , 0.83034381, 1.        ]), array([0.      , 0.997784, 1.      ]), array([2, 1, 0]))",0.9977840038267423,0.29912334483098546,0.5850115307216616,0.5473414766063864,0.5837200962159251,14.333524881868744,0.7069051373557972,0.6016649536786858,gbm,1-0-0,2-0-2
419,"[[ 42274 206402]
 [   527 247826]]","(array([0.       , 0.8300037, 1.       ]), array([0.        , 0.99787802, 1.        ]), array([2, 1, 0]))",0.9978780203983846,0.29920717339472047,0.5836681561840456,0.5455982458148771,0.58393716040267,14.37992450969915,0.7054731055920955,0.5999859582184369,gbm,1-0-0,2-0-3
420,"[[ 1434 36933]
 [   81 38570]]","(array([0.        , 0.96262413, 1.        ]), array([0.        , 0.99790432, 1.        ]), array([2, 1, 0]))",0.9979043233034074,0.12702869093679528,0.519411046768288,0.5108406288491848,0.5176400965957962,16.5993378302879,0.6757538062617165,0.5661019834851451,gbm,1-0-0,2-1-0
421,"[[ 36207 182087]
 [   435 217834]]","(array([0.        , 0.83413653, 1.        ]), array([0.        , 0.99800705, 1.        ]), array([2, 1, 0]))",0.9980070463510622,0.2954888222628685,0.5819114308816826,0.5446925767839148,0.5819352574421623,14.440601107856503,0.7047477312800271,0.5991188991134533,gbm,1-0-0,2-1-1
422,"[[11155 54772]
 [  152 65619]]","(array([0.       , 0.8307977, 1.       ]), array([0.        , 0.99768895, 1.        ]), array([2, 1, 0]))",0.9976889510574569,0.297859695599487,0.5829549423681453,0.5450490485169157,0.5834456252852773,14.40455853744568,0.7049666419570051,0.5994409274027789,gbm,1-0-0,2-1-2
423,"[[  6430 168372]
 [   335 174821]]","(array([0.        , 0.96321552, 1.        ]), array([0.        , 0.99808742, 1.        ]), array([2, 1, 0]))",0.9980874192148713,0.12663628159288176,0.517922150658079,0.5093955879053477,0.5174359476825149,16.650763746148726,0.6745300945887808,0.5646935774790558,gbm,1-0-0,2-1-3
424,"[[ 32712 166053]
 [   501 198501]]","(array([0.        , 0.83542374, 1.        ]), array([0.        , 0.99748244, 1.        ]), array([2, 1, 0]))",0.9974824373624386,0.2929112349342289,0.5812774815407009,0.5445036949258546,0.5810293478790156,14.462497238911299,0.704458829291144,0.5988982740955022,gbm,1-0-0,2-2-0
425,"[[ 27568 135794]
 [   355 163149]]","(array([0.        , 0.83124594, 1.        ]), array([0.       , 0.9978288, 1.       ]), array([2, 1, 0]))",0.9978287992954301,0.2979852583600282,0.5834715143208532,0.5457528692760827,0.5832914273530565,14.386716415669206,0.7055900459944598,0.6001319820257254,gbm,1-0-0,2-2-1
426,"[[ 35478 181915]
 [   458 216443]]","(array([0.        , 0.83680247, 1.        ]), array([0.        , 0.99788844, 1.        ]), array([2, 1, 0]))",0.9978884375821228,0.29235438910590184,0.580070182871511,0.5433379020880715,0.5805429823207058,14.504196986915685,0.703583368955188,0.5977988580001581,gbm,1-0-0,2-2-2
427,"[[ 34064 175508]
 [   484 210131]]","(array([0.       , 0.8374592, 1.       ]), array([0.        , 0.99770197, 1.        ]), array([2, 1, 0]))",0.9977019680459607,0.29166732607108253,0.5811579130244391,0.5448904286132886,0.5801213827403662,14.466627170852258,0.7048372002535831,0.5992883751784623,gbm,1-0-0,2-2-3
428,"[[10004 50233]
 [  123 59920]]","(array([0.        , 0.83392267, 1.        ]), array([0.        , 0.99795147, 1.        ]), array([2, 1, 0]))",0.997951468114518,0.2953550400319949,0.5813435317592285,0.5439706589924923,0.5820143980013466,14.460216081807724,0.7041293567416391,0.5984160749418264,gbm,1-0-0,2-3-0
429,"[[ 6603 32006]
 [   65 38483]]","(array([0.       , 0.8289777, 1.       ]), array([0.        , 0.99831379, 1.        ]), array([2, 1, 0]))",0.998313790598734,0.30132576090341623,0.5843410189613386,0.5459433386769567,0.5846680455493087,14.356684288872447,0.7058704843310069,0.6003513216683722,gbm,1-0-0,2-3-1
430,"[[ 35945 175185]
 [   469 211708]]","(array([0.        , 0.82974944, 1.        ]), array([0.        , 0.99778958, 1.        ]), array([2, 1, 0]))",0.9977895813401075,0.29964533809679467,0.585043479082557,0.5472003887379715,0.5840200689346301,14.332421401837081,0.7067888560602268,0.6015289680516939,gbm,1-0-0,2-3-2
431,"[[ 35738 175686]
 [   475 210696]]","(array([0.        , 0.83096526, 1.        ]), array([0.        , 0.99775064, 1.        ]), array([2, 1, 0]))",0.9977506381084524,0.2979281559802435,0.583144618369834,0.5453049055080206,0.5833926869973168,14.398007232877776,0.7051960244530611,0.5996929468281134,gbm,1-0-0,2-3-3
432,"[[ 2923 70988]
 [   81 36514]]","(array([0.        , 0.96045244, 1.        ]), array([0.        , 0.99778658, 1.        ]), array([2, 1, 0]))",0.9977865828665118,0.10804717338172334,0.35687654968960963,0.33965879704563634,0.5186670734142871,22.213210698353773,0.506797504458802,0.391274809634743,gbm,1-0-0,3-0-0
433,"[[ 10312 247602]
 [   286 129349]]","(array([0.        , 0.96001768, 1.        ]), array([0.        , 0.99779381, 1.        ]), array([2, 1, 0]))",0.997793805685193,0.10928526208737308,0.36036991451403566,0.3431453955553905,0.5188880626865755,22.092551354550075,0.5106694618485311,0.39497349214230265,gbm,1-0-0,3-0-1
434,"[[ 3307 77598]
 [   81 40276]]","(array([0.       , 0.9591249, 1.       ]), array([0.        , 0.99799291, 1.        ]), array([2, 1, 0]))",0.9979929132492504,0.11113702161897254,0.35941185202289255,0.34168688599691194,0.5194340068378382,22.125642482737007,0.5090784991562968,0.3934332708805067,gbm,1-0-0,3-0-2
435,"[[  8144 189016]
 [   200  98279]]","(array([0.        , 0.95869345, 1.        ]), array([0.        , 0.99796911, 1.        ]), array([2, 1, 0]))",0.9979691101656191,0.1117772872773903,0.35997618717422264,0.3420839207086792,0.5196378316094884,22.106150579075443,0.5095159341998164,0.39385360903900823,gbm,1-0-0,3-0-3
436,"[[  9713 226291]
 [   232 118062]]","(array([0.        , 0.95884392, 1.        ]), array([0.        , 0.99803878, 1.        ]), array([2, 1, 0]))",0.9980387847228093,0.1119092292169052,0.36064273577609807,0.34285166674894657,0.5195974334115564,22.083128290327437,0.5103761615227159,0.394669808103999,gbm,1-0-0,3-1-0
437,"[[  8794 203339]
 [   228 106411]]","(array([0.        , 0.95854488, 1.        ]), array([0.        , 0.99786195, 1.        ]), array([2, 1, 0]))",0.997861945442099,0.11186293988693716,0.36140250712107713,0.34353833736884587,0.519658535146509,22.05688606190205,0.5111134059737409,0.39539207766719014,gbm,1-0-0,3-1-1
438,"[[  5319 122852]
 [   129  63425]]","(array([0.        , 0.95850075, 1.        ]), array([0.        , 0.99797023, 1.        ]), array([2, 1, 0]))",0.9979702300405954,0.11182258754278868,0.3585552223236406,0.34048755348217974,0.5197347385700866,22.15523010544272,0.5077432344264723,0.3921601361260946,gbm,1-0-0,3-1-2
439,"[[ 11827 281102]
 [   308 146413]]","(array([0.        , 0.95962503, 1.        ]), array([0.        , 0.99790078, 1.        ]), array([2, 1, 0]))",0.9979007776664554,0.1101679970256015,0.35992266575685206,0.3424745330573196,0.5191378745379548,22.10799916690239,0.5099401639743938,0.3942656673027136,gbm,1-0-0,3-1-3
440,"[[ 2834 66593]
 [   73 34451]]","(array([0.        , 0.95918015, 1.        ]), array([0.        , 0.99788553, 1.        ]), array([2, 1, 0]))",0.9978855289074268,0.11056517059638422,0.3586786081903974,0.3409504770199121,0.5193526914273692,22.15096838640114,0.5082467839018058,0.39264873489856394,gbm,1-0-0,3-2-0
441,"[[ 2947 69739]
 [   74 36369]]","(array([0.        , 0.95945574, 1.        ]), array([0.        , 0.99796943, 1.        ]), array([2, 1, 0]))",0.9979694317152814,0.11071288179929362,0.3602708720871629,0.34275455196592153,0.5192568452910942,22.09597228585513,0.5102594860786667,0.3945646867371848,gbm,1-0-0,3-2-1
442,"[[ 10670 253719]
 [   243 131229]]","(array([0.       , 0.9596428, 1.       ]), array([0.       , 0.9981517, 1.       ]), array([2, 1, 0]))",0.9981516976998904,0.1107710602159563,0.35845662997870464,0.3409005891704854,0.5192544493212204,22.158635490398648,0.5082258626699199,0.39260404101326896,gbm,1-0-0,3-2-2
443,"[[  8692 203982]
 [   231 105890]]","(array([0.        , 0.95912994, 1.        ]), array([0.        , 0.99782324, 1.        ]), array([2, 1, 0]))",0.9978232395096164,0.11054702587336343,0.3594221992189338,0.341721743171374,0.5193466517756476,22.125285049693062,0.5090951049657085,0.39346496642040885,gbm,1-0-0,3-2-3
444,"[[ 2766 65668]
 [   72 34237]]","(array([0.        , 0.95958149, 1.        ]), array([0.        , 0.99790143, 1.        ]), array([2, 1, 0]))",0.997901425281996,0.11027191079200555,0.36015105651966556,0.3426955607827436,0.5191599653516389,22.10011064661801,0.5101852265784493,0.39450002189298244,gbm,1-0-0,3-3-0
445,"[[  9173 215793]
 [   231 112334]]","(array([0.        , 0.95922495, 1.        ]), array([0.        , 0.99794785, 1.        ]), array([2, 1, 0]))",0.9979478523519744,0.11093044188640064,0.35998767520612923,0.34234915139564864,0.5193614514020213,22.105753781022898,0.5098073030597333,0.3941341952307005,gbm,1-0-0,3-3-1
446,"[[  6717 158126]
 [   175  82126]]","(array([0.        , 0.95925214, 1.        ]), array([0.        , 0.99787366, 1.        ]), array([2, 1, 0]))",0.9978736588862833,0.11055058758835425,0.3594786844916324,0.341832742287265,0.5193107610022615,22.1233340855291,0.5092248405688368,0.39358425931339613,gbm,1-0-0,3-3-2
447,"[[  4222 101164]
 [   107  52549]]","(array([0.        , 0.95993775, 1.        ]), array([0.        , 0.99796794, 1.        ]), array([2, 1, 0]))",0.9979679428745062,0.10982337816129581,0.359214639146556,0.3418643836240266,0.5190150951159201,22.13245412462148,0.509272225964171,0.3936207506127267,gbm,1-0-0,3-3-3
448,"[[223817  31563]
 [  3709 133930]]","(array([0.        , 0.12359229, 1.        ]), array([0.       , 0.9730527, 1.       ]), array([2, 1, 0]))",0.9730526958202254,0.8207332046678276,0.9102537027471954,0.8092789423117595,0.9247302009917948,3.0997915080313656,0.8836414499294039,0.8374697196511803,gbm,0-2-0,0-0-0
449,"[[162439  23080]
 [  2544  97361]]","(array([0.        , 0.12440774, 1.        ]), array([0.        , 0.97453581, 1.        ]), array([2, 1, 0]))",0.9745358090185676,0.8210420290838993,0.9102247883849992,0.8083709035959515,0.925064033207692,3.100790616948401,0.8837101649224401,0.836910682879782,gbm,0-2-0,0-0-1
450,"[[256071  36409]
 [  3818 153373]]","(array([0.        , 0.12448373, 1.        ]), array([0.        , 0.97571108, 1.        ]), array([2, 1, 0]))",0.9757110776062242,0.8218376572219822,0.9105412623896137,0.8081535656700847,0.925613676111646,3.089860076769258,0.8840630250768791,0.8368974123640349,gbm,0-2-0,0-0-2
451,"[[69366 10048]
 [  663 42275]]","(array([0.        , 0.12652681, 1.        ]), array([0.        , 0.98455913, 1.        ]), array([2, 1, 0]))",0.9845591317713913,0.8277283100882448,0.9124574996730744,0.8079620816849187,0.929016161448191,3.023676509749469,0.8875615414492815,0.838024818617928,gbm,0-2-0,0-0-3
452,"[[233927  33033]
 [  3633 139867]]","(array([0.        , 0.12373764, 1.        ]), array([0.        , 0.97468293, 1.        ]), array([2, 1, 0]))",0.9746829268292683,0.8218007443955594,0.9106709545388101,0.8089473684210526,0.9254726441158627,3.0853802767570704,0.8841150442477876,0.8374266554903604,gbm,0-2-0,0-1-0
453,"[[112133  16271]
 [  1658  67179]]","(array([0.        , 0.12671724, 1.        ]), array([0.        , 0.97591412, 1.        ]), array([2, 1, 0]))",0.9759141159550823,0.8192972670519575,0.9091010489705487,0.8050209706411025,0.9245984398659559,3.1396045053216137,0.8822683485786704,0.8342377873866534,gbm,0-2-0,0-1-1
454,"[[276605  39159]
 [  4240 165512]]","(array([0.       , 0.1240135, 1.       ]), array([0.        , 0.97502239, 1.        ]), array([2, 1, 0]))",0.9750223855978133,0.8217909347506427,0.9106126265663748,0.8086734319957395,0.9255044409209218,3.087394994600587,0.884090988000203,0.8372418649260044,gbm,0-2-0,0-1-2
455,"[[275787  39039]
 [  4310 164998]]","(array([0.        , 0.12400183, 1.        ]), array([0.        , 0.97454344, 1.        ]), array([2, 1, 0]))",0.9745434356321024,0.8214117388132072,0.9104607402082895,0.8086670554850346,0.9252708030250238,3.0926409494624654,0.8838902355729954,0.837165738500755,gbm,0-2-0,0-1-3
456,"[[47930  1337]
 [  427 26559]]","(array([0.        , 0.02713784, 1.        ]), array([0.        , 0.98417698, 1.        ]), array([2, 1, 0]))",0.9841769806566367,0.9501154364860789,0.9768664839416155,0.9520719816461142,0.9785195699556551,0.799017358299171,0.9678583142013776,0.9583243126217796,gbm,0-2-0,0-2-0
457,"[[111385  15874]
 [  1072  67637]]","(array([0.        , 0.12473774, 1.        ]), array([0.        , 0.98439797, 1.        ]), array([2, 1, 0]))",0.9843979682428794,0.8294931674450355,0.9135266982364467,0.8099172564093353,0.9298301143361986,2.986746803548353,0.8886742872158717,0.839683379143048,gbm,0-2-0,0-2-1
458,"[[94531 13658]
 [  357 57680]]","(array([0.        , 0.12624204, 1.        ]), array([0.        , 0.99384875, 1.        ]), array([2, 1, 0]))",0.9938487516584248,0.8356046016636948,0.9156870766306113,0.8085452353584345,0.9338033561322007,2.9121309065752348,0.891671497584541,0.8398638279036311,gbm,0-2-0,0-2-2
459,"[[242336  34440]
 [  3794 145327]]","(array([0.        , 0.12443275, 1.        ]), array([0.        , 0.97455757, 1.        ]), array([2, 1, 0]))",0.9745575740506032,0.8210678601829722,0.9102271206418453,0.8084186752852304,0.9250624098827748,3.1007100656227005,0.8837476587774562,0.8369548566038041,gbm,0-2-0,0-2-3
460,"[[225713  32062]
 [  3439 134755]]","(array([0.        , 0.12437979, 1.        ]), array([0.        , 0.97511469, 1.        ]), array([2, 1, 0]))",0.9751146938362013,0.8212535583038025,0.910343991575098,0.8078013631704203,0.9253674526304467,3.0966735716395255,0.883607476451669,0.8365074950773593,gbm,0-2-0,0-3-0
461,"[[144389  20359]
 [   816  87488]]","(array([0.        , 0.12357661, 1.        ]), array([0.       , 0.9907592, 1.       ]), array([2, 1, 0]))",0.9907591955064323,0.8358262179893187,0.9163215465596004,0.811223307092455,0.9335912907631465,2.8902157231174432,0.8920474532375567,0.8417293319889472,gbm,0-2-0,0-3-1
462,"[[86377 12253]
 [  965 51933]]","(array([0.        , 0.12423198, 1.        ]), array([0.        , 0.98175734, 1.        ]), array([2, 1, 0]))",0.9817573443230367,0.8272549914537709,0.9127685972229554,0.809101673262082,0.9287626831115336,3.01293057293201,0.8871066926309316,0.8385974770864418,gbm,0-2-0,0-3-2
463,"[[230315  32689]
 [  3848 137418]]","(array([0.        , 0.12429089, 1.        ]), array([0.        , 0.97276061, 1.        ]), array([2, 1, 0]))",0.9727606076479832,0.8194380393207362,0.909622282138175,0.8078327170545597,0.9242348611691271,3.121600443221728,0.8826584193234481,0.8361871937728643,gbm,0-2-0,0-3-3
464,"[[ 11239  22136]
 [ 30559 173712]]","(array([0.        , 0.66325094, 1.        ]), array([0.        , 0.85039971, 1.        ]), array([2, 1, 0]))",0.8503997141052817,0.1707904837334197,0.7782626259225908,0.8869735713410399,0.5935743888878469,7.658612061715885,0.8683016802501257,0.8794092721910207,gbm,0-2-0,1-0-0
465,"[[ 20750  41549]
 [ 56725 324788]]","(array([0.        , 0.66692884, 1.        ]), array([0.        , 0.85131568, 1.        ]), array([2, 1, 0]))",0.8513156825586546,0.16873452126743957,0.7785684028372374,0.8865825728768866,0.5921934196995267,7.648051278259891,0.868591295045798,0.8792973591407257,gbm,0-2-0,1-0-1
466,"[[ 6310 12534]
 [17179 97620]]","(array([0.       , 0.6651454, 1.       ]), array([0.        , 0.85035584, 1.        ]), array([2, 1, 0]))",0.8503558393365795,0.16935134566353455,0.7776688640632132,0.8862138460700474,0.5926052174819174,7.679120381734705,0.8679146310562651,0.8788023369912586,gbm,0-2-0,1-0-2
467,"[[  7673  15271]
 [ 20459 117490]]","(array([0.        , 0.66557706, 1.        ]), array([0.        , 0.85169157, 1.        ]), array([2, 1, 0]))",0.8516915671733757,0.1713320126671362,0.7779269452368965,0.8849737498211071,0.593057254995335,7.67020747479701,0.8680137416423479,0.8781108322508606,gbm,0-2-0,1-0-3
468,"[[ 12451  24953]
 [ 33253 193583]]","(array([0.        , 0.66712116, 1.        ]), array([0.       , 0.8534051, 1.       ]), array([2, 1, 0]))",0.8534051032463983,0.17169269920610747,0.7797229791099001,0.8858174396895706,0.5931419698672372,7.608174277917223,0.8693092515919276,0.8791394939054298,gbm,0-2-0,1-1-0
469,"[[ 10443  20914]
 [ 28534 163616]]","(array([0.        , 0.66696431, 1.        ]), array([0.        , 0.85150143, 1.        ]), array([2, 1, 0]))",0.8515014311735624,0.16890149098843216,0.7787630812457775,0.8866634151628462,0.5922685584926715,7.641327287092567,0.8687267707337794,0.879400604125684,gbm,0-2-0,1-1-1
470,"[[  6979  13779]
 [ 19011 107875]]","(array([0.        , 0.66379227, 1.        ]), array([0.       , 0.8501726, 1.       ]), array([2, 1, 0]))",0.8501725958734612,0.17011136558004217,0.7779117336295414,0.8867361533529519,0.5931901615074021,7.6707315952027315,0.8680695260320271,0.879173988022859,gbm,0-2-0,1-1-2
471,"[[  8196  16367]
 [ 22351 128714]]","(array([0.       , 0.6663274, 1.       ]), array([0.        , 0.85204382, 1.        ]), array([2, 1, 0]))",0.8520438221957436,0.16993521307626275,0.7795454027831553,0.8871871575189032,0.5928582095956123,7.614306554019245,0.8692604323543117,0.8799284648798381,gbm,0-2-0,1-1-3
472,"[[  9733  19357]
 [ 26218 151560]]","(array([0.        , 0.66541767, 1.        ]), array([0.        , 0.85252393, 1.        ]), array([2, 1, 0]))",0.8525239343450821,0.17165287432740647,0.7796904306127579,0.8867461984471995,0.5935531325214582,7.609297774452843,0.8692983839745337,0.8796836946250838,gbm,0-2-0,1-2-0
473,"[[ 13860  27365]
 [ 36880 212100]]","(array([0.        , 0.66379624, 1.        ]), array([0.        , 0.85187565, 1.        ]), array([2, 1, 0]))",0.8518756526628645,0.17286519819365012,0.7786220085801416,0.8857244273693442,0.5940397062586609,7.64620034277395,0.8684703497834967,0.8787411753007855,gbm,0-2-0,1-2-1
474,"[[ 20392  40479]
 [ 54616 312253]]","(array([0.        , 0.66499647, 1.        ]), array([0.        , 0.85112942, 1.        ]), array([2, 1, 0]))",0.8511294222188301,0.17100459228676698,0.7776803665778277,0.8852414864543052,0.5930664771392158,7.678723776542781,0.8678503781956945,0.8782020669401512,gbm,0-2-0,1-2-2
475,"[[ 22048  43657]
 [ 59132 339452]]","(array([0.        , 0.66443954, 1.        ]), array([0.        , 0.85164482, 1.        ]), array([2, 1, 0]))",0.8516448226722598,0.17178749171628901,0.7786098744531962,0.8860454857494864,0.5936026411512125,7.646619228285579,0.8685046431271612,0.878944806371762,gbm,0-2-0,1-2-3
476,"[[ 12101  24116]
 [ 32571 187348]]","(array([0.        , 0.66587514, 1.        ]), array([0.        , 0.85189547, 1.        ]), array([2, 1, 0]))",0.8518954706050864,0.17080953137023924,0.7786839803854202,0.8859569477547006,0.5930101645484773,7.6440597986613685,0.8685924109202263,0.8789284792756444,gbm,0-2-0,1-3-0
477,"[[ 4215  8415]
 [11382 65197]]","(array([0.        , 0.66627078, 1.        ]), array([0.        , 0.85136917, 1.        ]), array([2, 1, 0]))",0.8513691743167187,0.1698886315969523,0.77808292885247,0.8856843992827257,0.5925491952343689,7.664819523842009,0.8681878408160276,0.8786018268212287,gbm,0-2-0,1-3-1
478,"[[ 23385  46925]
 [ 63712 365559]]","(array([0.        , 0.66740151, 1.        ]), array([0.        , 0.85158094, 1.        ]), array([2, 1, 0]))",0.851580936052051,0.1688147123914912,0.7785404168693365,0.8862380116562097,0.5920897142214459,7.649018127417064,0.8685638932943671,0.8790827464509305,gbm,0-2-0,1-3-2
479,"[[ 18878  37057]
 [ 50558 290436]]","(array([0.        , 0.66250112, 1.        ]), array([0.        , 0.85173346, 1.        ]), array([2, 1, 0]))",0.8517334615858344,0.17330743766967463,0.7792678287552686,0.8868464364123814,0.5946161721087302,7.6238937556139,0.8689353719668444,0.8795941285283888,gbm,0-2-0,1-3-3
480,"[[105435  86437]
 [ 25806 166036]]","(array([0.        , 0.45049304, 1.        ]), array([0.        , 0.86548305, 1.        ]), array([2, 1, 0]))",0.8654830537629925,0.43739424186708675,0.7074826563534299,0.6576386385870965,0.7074950083691547,10.103371244460805,0.7473796743301486,0.690818434029494,gbm,0-2-0,2-0-0
481,"[[112385  92007]
 [ 27599 176971]]","(array([0.        , 0.45014971, 1.        ]), array([0.        , 0.86508775, 1.        ]), array([2, 1, 0]))",0.8650877450261524,0.4372588247567394,0.7075376196321419,0.6579385674664843,0.7074690163543224,10.10147265039404,0.747425815334454,0.6910327517294269,gbm,0-2-0,2-0-1
482,"[[56025 45775]
 [13846 88591]]","(array([0.        , 0.44965619, 1.        ]), array([0.      , 0.864834, 1.      ]), array([2, 1, 0]))",0.8648339955289592,0.4375657001774882,0.7080793391990677,0.6593260199752914,0.7075889034619256,10.082761639729027,0.7482253180914094,0.6922242659411377,gbm,0-2-0,2-0-2
483,"[[136429 112247]
 [ 33437 214916]]","(array([0.       , 0.4513785, 1.       ]), array([0.        , 0.86536502, 1.        ]), array([2, 1, 0]))",0.8653650247832722,0.4364178699354763,0.7068903424146277,0.6569080244404165,0.7069932621222091,10.123829500348902,0.7468636840678625,0.6901583488813458,gbm,0-2-0,2-0-3
484,"[[20950 17417]
 [ 5301 33350]]","(array([0.        , 0.45395783, 1.        ]), array([0.       , 0.8628496, 1.       ]), array([2, 1, 0]))",0.8628496028563297,0.4313243598773575,0.705029992988652,0.6569228041838202,0.7044458872571324,10.188083937884944,0.7459348229662932,0.6898506116606472,gbm,0-2-0,2-1-0
485,"[[120115  98179]
 [ 29293 188976]]","(array([0.        , 0.44975583, 1.        ]), array([0.        , 0.86579404, 1.        ]), array([2, 1, 0]))",0.8657940431302659,0.4384348116211207,0.7080100695661337,0.658097543138723,0.708019104627425,10.085154738922338,0.7477919528949951,0.6912631530431514,gbm,0-2-0,2-1-1
486,"[[36000 29927]
 [ 8965 56806]]","(array([0.        , 0.45394148, 1.        ]), array([0.        , 0.86369373, 1.        ]), array([2, 1, 0]))",0.8636937251980356,0.4320566932331344,0.704687998299139,0.6549525555440259,0.7048761222346753,10.19989689367462,0.7449771809264017,0.6882188886438915,gbm,0-2-0,2-1-2
487,"[[ 95780  79022]
 [ 23867 151289]]","(array([0.        , 0.45206577, 1.        ]), array([0.        , 0.86373861, 1.        ]), array([2, 1, 0]))",0.8637386101532348,0.43393999606629546,0.7059961481092016,0.6568900313054956,0.7058364221576576,10.154713852188246,0.7462456870719442,0.6899352426121854,gbm,0-2-0,2-1-3
488,"[[109074  89691]
 [ 26894 172108]]","(array([0.        , 0.45124142, 1.        ]), array([0.        , 0.86485563, 1.        ]), array([2, 1, 0]))",0.8648556295916624,0.43600531715609664,0.7069012763753655,0.6574051084992685,0.706807106924727,10.123451575152725,0.7469949066950811,0.6905323231139834,gbm,0-2-0,2-2-0
489,"[[ 89974  73388]
 [ 22028 141476]]","(array([0.        , 0.44923544, 1.        ]), array([0.        , 0.86527547, 1.        ]), array([2, 1, 0]))",0.8652754672668559,0.43830871956094697,0.7080883297742806,0.658444411348574,0.70802001347819,10.082451430717802,0.7478222259810554,0.6915030890748416,gbm,0-2-0,2-2-1
490,"[[119233  98160]
 [ 29401 187500]]","(array([0.        , 0.45153248, 1.        ]), array([0.        , 0.86444968, 1.        ]), array([2, 1, 0]))",0.8644496798078386,0.435143731765343,0.7062796170336224,0.656374711195127,0.7064586008805837,10.144923356516435,0.7461780758952643,0.6895709654949722,gbm,0-2-0,2-2-2
491,"[[114692  94880]
 [ 28316 182299]]","(array([0.        , 0.45273224, 1.        ]), array([0.        , 0.86555563, 1.        ]), array([2, 1, 0]))",0.8655556346888873,0.43562746781201817,0.7068067312886881,0.6576941254568347,0.7064116997333124,10.126717300991208,0.7474425679692657,0.6908766640062273,gbm,0-2-0,2-2-3
492,"[[32951 27286]
 [ 8070 51973]]","(array([0.        , 0.45297741, 1.        ]), array([0.        , 0.86559632, 1.        ]), array([2, 1, 0]))",0.8655963226354446,0.43519568181115387,0.706052544063851,0.6557362570812147,0.7063094583610677,10.15276684431279,0.746191727326241,0.6891526709257211,gbm,0-2-0,2-3-0
493,"[[21366 17243]
 [ 5172 33376]]","(array([0.        , 0.44660571, 1.        ]), array([0.        , 0.86582962, 1.        ]), array([2, 1, 0]))",0.8658296150254229,0.44126589394454413,0.7094884456368185,0.6593571583792647,0.7096119506658624,10.034092309841126,0.7486177621765899,0.6923791821561338,gbm,0-2-0,2-3-1
494,"[[116235  94895]
 [ 28586 183591]]","(array([0.        , 0.44946242, 1.        ]), array([0.        , 0.86527286, 1.        ]), array([2, 1, 0]))",0.8652728618087728,0.43822996106679357,0.7082944529620346,0.6592467843984976,0.7079052226440729,10.075331912342824,0.7483384726380428,0.6922105901346861,gbm,0-2-0,2-3-2
495,"[[115894  95530]
 [ 28662 182509]]","(array([0.        , 0.45184085, 1.        ]), array([0.        , 0.86427114, 1.        ]), array([2, 1, 0]))",0.8642711357146577,0.4346842545079768,0.7061205172801382,0.656415107233158,0.7062151425508357,10.150418494253968,0.7461376504977413,0.68958390480962,gbm,0-2-0,2-3-3
496,"[[40360 33551]
 [ 7764 28831]]","(array([0.        , 0.45393784, 1.        ]), array([0.        , 0.78783987, 1.        ]), array([2, 1, 0]))",0.7878398688345403,0.3169377431690009,0.6261288979783903,0.4621685742682184,0.6669510123353067,12.913293160996826,0.5825797912646372,0.503821782939505,gbm,0-2-0,3-0-0
497,"[[144598 113316]
 [ 28088 101547]]","(array([0.        , 0.43935575, 1.        ]), array([0.        , 0.78333012, 1.        ]), array([2, 1, 0]))",0.7833301191807768,0.3265241363838424,0.6351325896854333,0.47261278116753463,0.671987182468557,12.602307694067976,0.5895360785839104,0.5133370471960506,gbm,0-2-0,3-0-1
498,"[[44317 36588]
 [ 8582 31775]]","(array([0.       , 0.4522341, 1.       ]), array([0.        , 0.78734792, 1.        ]), array([2, 1, 0]))",0.7873479198156453,0.3184235405256888,0.6275007834276195,0.4647982095578017,0.6675569090457004,12.865908408478266,0.5845290654893304,0.5062792972795553,gbm,0-2-0,3-0-2
499,"[[110616  86544]
 [ 21039  77440]]","(array([0.        , 0.43895313, 1.        ]), array([0.        , 0.78636054, 1.        ]), array([2, 1, 0]))",0.7863605438722977,0.3294586236380111,0.6361001085783675,0.47224119426285494,0.6737037046811276,12.568891050415118,0.5901022239325162,0.5132453623005906,gbm,0-2-0,3-0-3
500,"[[132544 103460]
 [ 25446  92848]]","(array([0.       , 0.4383824, 1.       ]), array([0.        , 0.78489188, 1.        ]), array([2, 1, 0]))",0.7848918795543307,0.32875499618053045,0.6361650362124539,0.4729710454999287,0.6732547396280154,12.566647952606239,0.590256896014647,0.5138092318317348,gbm,0-2-0,3-1-0
501,"[[118905  93228]
 [ 22925  83714]]","(array([0.        , 0.43947901, 1.        ]), array([0.        , 0.78502237, 1.        ]), array([2, 1, 0]))",0.7850223651759675,0.328068990493208,0.6356235804901309,0.47311548416995397,0.6727716795403673,12.585349527145679,0.5904062684030311,0.5139567808233475,gbm,0-2-0,3-1-1
502,"[[70561 57610]
 [13734 49820]]","(array([0.        , 0.44947765, 1.        ]), array([0.        , 0.78390031, 1.        ]), array([2, 1, 0]))",0.7839003052522264,0.31717454487560925,0.6278836875733472,0.46374383319370754,0.6672113271507717,12.852682372807202,0.5827445842885884,0.5049931680972441,gbm,0-2-0,3-1-2
503,"[[164346 128583]
 [ 31502 115219]]","(array([0.       , 0.4389562, 1.       ]), array([0.        , 0.78529318, 1.        ]), array([2, 1, 0]))",0.7852931754827189,0.32858518943833354,0.6358808142840896,0.4725925135970993,0.6731684889529159,12.576464992188427,0.5900753604781281,0.5134861475191389,gbm,0-2-0,3-1-3
504,"[[38788 30639]
 [ 7475 27049]]","(array([0.        , 0.44131246, 1.        ]), array([0.        , 0.78348395, 1.        ]), array([2, 1, 0]))",0.7834839531919824,0.3242716223731494,0.6333464805533376,0.4688843433643045,0.6710857477513055,12.663999599631456,0.5866698477421595,0.5098275004146625,gbm,0-2-0,3-2-0
505,"[[40583 32103]
 [ 7861 28582]]","(array([0.       , 0.4416669, 1.       ]), array([0.        , 0.78429328, 1.        ]), array([2, 1, 0]))",0.784293279916582,0.32523147764621113,0.6337912012389008,0.47098953612919175,0.6713131919765614,12.648639035659743,0.588542953628202,0.5118864687319787,gbm,0-2-0,3-2-1
506,"[[144738 119651]
 [ 28330 103142]]","(array([0.        , 0.45255665, 1.        ]), array([0.        , 0.78451686, 1.        ]), array([2, 1, 0]))",0.7845168552999878,0.31518474753807807,0.6261793912509694,0.46294991314807915,0.6659801029087982,12.911548099780974,0.5822872708283348,0.5042908382584751,gbm,0-2-0,3-2-2
507,"[[119407  93267]
 [ 22749  83372]]","(array([0.        , 0.43854444, 1.        ]), array([0.       , 0.7856315, 1.       ]), array([2, 1, 0]))",0.785631496122351,0.3290564361546101,0.6360796122900296,0.4719908966875945,0.6735435286079278,12.569598827727788,0.5897015136511529,0.5129467180688023,gbm,0-2-0,3-2-3
508,"[[38387 30047]
 [ 7354 26955]]","(array([0.        , 0.43906538, 1.        ]), array([0.        , 0.78565391, 1.        ]), array([2, 1, 0]))",0.7856539100527559,0.32889427082211636,0.6359752002569519,0.47287814462650435,0.6732942665966499,12.573205001314342,0.5903998422972041,0.5137867541943526,gbm,0-2-0,3-3-0
509,"[[126274  98692]
 [ 24441  88124]]","(array([0.       , 0.4386974, 1.       ]), array([0.        , 0.78287212, 1.        ]), array([2, 1, 0]))",0.7828721183316306,0.32640275766705334,0.6351949894972609,0.4717154847550531,0.672087357584243,12.600152482895254,0.5887080342439901,0.5124507314826553,gbm,0-2-0,3-3-1
510,"[[92176 72667]
 [17524 64777]]","(array([0.        , 0.44082551, 1.        ]), array([0.        , 0.78707428, 1.        ]), array([2, 1, 0]))",0.7870742761327323,0.32844286756933366,0.6350670054704949,0.4712974011233666,0.6731243816860528,12.604574200384592,0.5895651778197456,0.5124138356560988,gbm,0-2-0,3-3-2
511,"[[57744 47642]
 [11288 41368]]","(array([0.        , 0.45207143, 1.        ]), array([0.        , 0.78562747, 1.        ]), array([2, 1, 0]))",0.7856274688544516,0.3169856256416418,0.6271244352766986,0.4647567689023705,0.6667780181081702,12.878906792959185,0.5840215718662205,0.5060974416191986,gbm,0-2-0,3-3-3
512,"[[  2331 253049]
 [   525 137114]]","(array([0.        , 0.99087243, 1.        ]), array([0.        , 0.99618567, 1.        ]), array([2, 1, 0]))",0.9961856741185274,0.029841606465519078,0.35480472954233766,0.35142748030951165,0.5026566243566245,22.284770005758485,0.5195660493897333,0.40368229001979045,gbm,1-1-0,0-0-0
513,"[[  1632 183887]
 [   391  99514]]","(array([0.        , 0.99120306, 1.        ]), array([0.        , 0.99608628, 1.        ]), array([2, 1, 0]))",0.9960862819678695,0.02776488497013409,0.3543710409776333,0.35114202137607137,0.5024416122995413,22.299749397646995,0.5192405023662557,0.40337768107083133,gbm,1-1-0,0-0-1
514,"[[  2635 289845]
 [   597 156594]]","(array([0.        , 0.99099084, 1.        ]), array([0.        , 0.99620207, 1.        ]), array([2, 1, 0]))",0.9962020726377464,0.029416154569308753,0.35410110947781825,0.3507623661911258,0.50260561782872,22.30907275098417,0.5188410118781372,0.4029806268518905,gbm,1-1-0,0-0-2
515,"[[  694 78720]
 [  150 42788]]","(array([0.        , 0.99126099, 1.        ]), array([0.        , 0.99650659, 1.        ]), array([2, 1, 0]))",0.9965065908985048,0.030247626242351885,0.35538446449588074,0.35214142278697697,0.5026228020853619,22.264746294104803,0.5203896719895893,0.4044463769211864,gbm,1-1-0,0-0-3
516,"[[  2406 264554]
 [   514 142986]]","(array([0.        , 0.99098741, 1.        ]), array([0.        , 0.99641812, 1.        ]), array([2, 1, 0]))",0.996418118466899,0.03081262390913225,0.35421721970472153,0.35085145016440106,0.5027153523110641,22.305062413255207,0.5189677700348432,0.4030817631338588,gbm,1-1-0,0-1-0
517,"[[  1147 127257]
 [   236  68601]]","(array([0.        , 0.99106726, 1.        ]), array([0.        , 0.99657161, 1.        ]), array([2, 1, 0]))",0.9965716111974665,0.031443067661772364,0.3536181625524105,0.3502588610115492,0.5027521773628527,22.325753637866985,0.5183399761990215,0.40246096009593213,gbm,1-1-0,0-1-1
518,"[[  2827 312937]
 [   638 169114]]","(array([0.        , 0.99104711, 1.        ]), array([0.        , 0.99624158, 1.        ]), array([2, 1, 0]))",0.9962415759460861,0.029426015033159107,0.3541407492235065,0.3508218010127559,0.5025972324062273,22.30770362182735,0.5189113888705637,0.40304467777207914,gbm,1-1-0,0-1-2
519,"[[  2779 312047]
 [   637 168671]]","(array([0.       , 0.9911729, 1.       ]), array([0.        , 0.99623763, 1.        ]), array([2, 1, 0]))",0.9962376261015428,0.028855308182441926,0.35413749085996854,0.35087306903423626,0.502532362122322,22.30781616297461,0.5189669336303471,0.4030986817577837,gbm,1-1-0,0-1-3
520,"[[  489 48778]
 [  121 26865]]","(array([0.        , 0.99007449, 1.        ]), array([0.        , 0.99551619, 1.        ]), array([2, 1, 0]))",0.9955161935818573,0.029210079874958973,0.3587268697625011,0.3551551366286371,0.5027208507641764,22.149300744864956,0.5235362324489179,0.40759137996953493,gbm,1-1-0,0-2-0
521,"[[  1123 126136]
 [   249  68460]]","(array([0.        , 0.99117548, 1.        ]), array([0.        , 0.99637602, 1.        ]), array([2, 1, 0]))",0.9963760206086539,0.029761568613612614,0.35507327726975835,0.35180579251372074,0.5026002719125433,22.275494533251553,0.5200053170277815,0.4040878628438672,gbm,1-1-0,0-2-1
522,"[[   991 107198]
 [   247  57790]]","(array([0.       , 0.9908401, 1.       ]), array([0.        , 0.99574409, 1.        ]), array([2, 1, 0]))",0.9957440942846805,0.027189870566581,0.3536209738548723,0.35026789827138943,0.5024519951962089,22.325656305250078,0.5182378657101222,0.40244349147410335,gbm,1-1-0,0-2-2
523,"[[  2521 274255]
 [   573 148548]]","(array([0.        , 0.99089155, 1.        ]), array([0.        , 0.99615748, 1.        ]), array([2, 1, 0]))",0.996157482849498,0.029578738201376888,0.35470782841860826,0.3513409318287713,0.5026329657794618,22.28811692182319,0.5194676215720969,0.403590002461511,gbm,1-1-0,0-2-3
524,"[[  2291 255484]
 [   523 137671]]","(array([0.       , 0.9911124, 1.       ]), array([0.        , 0.99621547, 1.        ]), array([2, 1, 0]))",0.9962154652155665,0.02895688237822134,0.35346706434089536,0.35016978036652213,0.5025515304935363,22.330972406632217,0.5181942565056112,0.40235525311343023,gbm,1-1-0,0-3-0
525,"[[  1476 163272]
 [   310  87994]]","(array([0.        , 0.99104086, 1.        ]), array([0.       , 0.9964894, 1.       ]), array([2, 1, 0]))",0.9964894002536692,0.031022203715195495,0.35356369441853847,0.35020257416443135,0.502724268922814,22.327634921296415,0.5182672203080367,0.40239882637867586,gbm,1-1-0,0-3-1
526,"[[  900 97730]
 [  183 52715]]","(array([0.        , 0.99087499, 1.        ]), array([0.        , 0.99654051, 1.        ]), array([2, 1, 0]))",0.9965405119286174,0.0320598262873825,0.35382899530119843,0.3503938316328226,0.5028327623011231,22.318471555169623,0.5184835475034794,0.4026025007713715,gbm,1-1-0,0-3-2
527,"[[  2307 260697]
 [   536 140730]]","(array([0.        , 0.99122827, 1.        ]), array([0.        , 0.99620574, 1.        ]), array([2, 1, 0]))",0.9962057395268501,0.028399903574454585,0.3538155193311401,0.350574326091668,0.5024887346171916,22.318936914989887,0.5186357664462229,0.4027821822190829,gbm,1-1-0,0-3-3
528,"[[   583  32792]
 [    30 204241]]","(array([0.        , 0.98253184, 1.        ]), array([0.        , 0.99985314, 1.        ]), array([2, 1, 0]))",0.9998531362748506,0.11864784683117711,0.8618870084074632,0.8616563938354576,0.5086606505344291,4.770364067700232,0.9256249660098255,0.8861526740211542,gbm,1-1-0,1-0-0
529,"[[ 58903   3396]
 [  2506 379007]]","(array([0.        , 0.05451131, 1.        ]), array([0.        , 0.99343142, 1.        ]), array([2, 1, 0]))",0.9934314164917054,0.9445983669874328,0.9867015763431363,0.9911193165325586,0.9694600540619973,0.459317399519698,0.9922740196566114,0.9915808751389887,gbm,1-1-0,1-0-1
530,"[[  3112  15732]
 [    21 114778]]","(array([0.       , 0.8348546, 1.       ]), array([0.        , 0.99981707, 1.        ]), array([2, 1, 0]))",0.9998170715772785,0.3794361232245074,0.8821262617570692,0.8794575128342655,0.5824812379750115,4.071308813898219,0.9357830328279843,0.9011539808334603,gbm,1-1-0,1-0-2
531,"[[   340  22604]
 [    18 137931]]","(array([0.        , 0.98518131, 1.        ]), array([0.        , 0.99986952, 1.        ]), array([2, 1, 0]))",0.9998695169954114,0.10900244006951623,0.8593972391589442,0.8591958139969477,0.5073441029886402,4.856359653347142,0.9242103429329546,0.8840722020179748,gbm,1-1-0,1-0-3
532,"[[ 36909    495]
 [  1532 225304]]","(array([0.        , 0.01323388, 1.        ]), array([0.        , 0.99324622, 1.        ]), array([2, 1, 0]))",0.99324622194008,0.9689206558426335,0.9923289433848017,0.9978077847997555,0.9900061716052663,0.26495040702850503,0.9955217780330731,0.9968921234088947,gbm,1-1-0,1-1-0
533,"[[  5329  26028]
 [ 10134 182016]]","(array([0.       , 0.8300539, 1.       ]), array([0.        , 0.94725995, 1.        ]), array([2, 1, 0]))",0.9472599531615925,0.16040320080034023,0.838206409642651,0.8748918498010037,0.5586030288498272,5.588245754784744,0.9096388251697927,0.8884671481540056,gbm,1-1-0,1-1-1
534,"[[18635  2123]
 [43455 83431]]","(array([0.        , 0.10227382, 1.        ]), array([0.        , 0.65752723, 1.        ]), array([2, 1, 0]))",0.6575272291663383,0.390984778033974,0.691297987049931,0.9751852631086799,0.7776267035127384,10.662201295498518,0.7854547166258709,0.8892628895208291,gbm,1-1-0,1-1-2
535,"[[24126   437]
 [52133 98932]]","(array([0.        , 0.01779099, 1.        ]), array([0.       , 0.6548969, 1.       ]), array([2, 1, 0]))",0.6548968986859961,0.4458238051153831,0.7006741521853007,0.9956022501987541,0.8185529561214862,10.338350516458261,0.7900844134582365,0.9017739786087093,gbm,1-1-0,1-1-3
536,"[[  4976  24114]
 [  9246 168532]]","(array([0.        , 0.82894465, 1.        ]), array([0.        , 0.94799132, 1.        ]), array([2, 1, 0]))",0.9479913150108562,0.16355647822871713,0.8387377458089217,0.8748274036315314,0.5595233302452012,5.569894145187521,0.9099410405373302,0.8885425607521179,gbm,1-1-0,1-2-0
537,"[[  6944  34281]
 [    24 248956]]","(array([0.        , 0.83155852, 1.        ]), array([0.        , 0.99990361, 1.        ]), array([2, 1, 0]))",0.9999036067153988,0.3839139954388263,0.8817904584690133,0.8789670841027125,0.5841725432000281,4.0829073766024555,0.935543208879085,0.9007560451774621,gbm,1-1-0,1-2-1
538,"[[ 53852   7019]
 [ 81925 284944]]","(array([0.        , 0.11530942, 1.        ]), array([0.        , 0.77669141, 1.        ]), array([2, 1, 0]))",0.7766914075596466,0.49640491497194045,0.792060597559265,0.9759592825118252,0.8306909913551875,7.1819856455868,0.8649974500327853,0.9283250831910165,gbm,1-1-0,1-2-2
539,"[[ 57410   8295]
 [ 89611 308973]]","(array([0.       , 0.1262461, 1.       ]), array([0.        , 0.77517663, 1.        ]), array([2, 1, 0]))",0.775176625253397,0.48624429888795073,0.7891270307933206,0.9738549113052687,0.8244652626305035,7.283308616789993,0.8632315059537446,0.926369107297908,gbm,1-1-0,1-2-3
540,"[[  5962  30255]
 [ 10627 209292]]","(array([0.        , 0.83538117, 1.        ]), array([0.        , 0.95167766, 1.        ]), array([2, 1, 0]))",0.9516776631396104,0.16464507442011467,0.8403894805884374,0.8736991070645844,0.5581482442765452,5.5128464893532705,0.911022796028433,0.8882554810386495,gbm,1-1-0,1-3-0
541,"[[11740   890]
 [21060 55519]]","(array([0.        , 0.07046714, 1.        ]), array([0.        , 0.72498988, 1.        ]), array([2, 1, 0]))",0.7249898797320414,0.4732276772848966,0.7539485926307884,0.9842223758620078,0.8272613690029962,8.498322518019508,0.8349475140614191,0.9185348179276343,gbm,1-1-0,1-3-1
542,"[[ 11379  58931]
 [    22 429249]]","(array([0.        , 0.83815958, 1.        ]), array([0.        , 0.99994875, 1.        ]), array([2, 1, 0]))",0.9999487503232224,0.3767578502756781,0.8819951119037753,0.8792842803883814,0.5808945856579844,4.0758387646554395,0.9357426173168922,0.9010298527576299,gbm,1-1-0,1-3-2
543,"[[ 52612   3323]
 [117043 223951]]","(array([0.        , 0.05940824, 1.        ]), array([0.        , 0.65675936, 1.        ]), array([2, 1, 0]))",0.6567593564696153,0.4201328680955975,0.6967568507214137,0.9853788818782615,0.7986755573802443,10.473654020270828,0.788187967649067,0.8957395067555136,gbm,1-1-0,1-3-3
544,"[[ 64836 127036]
 [   408 191434]]","(array([0.        , 0.66208722, 1.        ]), array([0.        , 0.99787325, 1.        ]), array([2, 1, 0]))",0.9978732498618655,0.4469260940221315,0.6678672136017971,0.6011052846421955,0.6678930125226606,11.47172476514315,0.7502625844581354,0.6530365239793086,gbm,1-1-0,2-0-0
545,"[[  4398 199994]
 [   430 204140]]","(array([0.        , 0.97848252, 1.        ]), array([0.        , 0.99789803, 1.        ]), array([2, 1, 0]))",0.9978980300141761,0.08987839585835916,0.5099202370880425,0.5051294867543934,0.5097077531181687,16.92714637267529,0.6707365156135001,0.5604835742675055,gbm,1-1-0,2-0-1
546,"[[ 34378  67422]
 [   244 102193]]","(array([0.        , 0.66229862, 1.        ]), array([0.        , 0.99761805, 1.        ]), array([2, 1, 0]))",0.9976180481661899,0.44684080022059525,0.6686888271958558,0.6024997789110633,0.6676597117058847,11.443346474908878,0.7512754914501638,0.654330852852553,gbm,1-1-0,2-0-2
547,"[[ 83770 164906]
 [   583 247770]]","(array([0.        , 0.66313597, 1.        ]), array([0.        , 0.99765253, 1.        ]), array([2, 1, 0]))",0.9976525348999207,0.4455684177258803,0.6670435729102326,0.6003983754810069,0.667258283406466,11.500172877701699,0.7496494102376748,0.6523500874381338,gbm,1-1-0,2-0-3
548,"[[  807 37560]
 [   74 38577]]","(array([0.       , 0.9789663, 1.       ]), array([0.        , 0.99808543, 1.        ]), array([2, 1, 0]))",0.998085431166076,0.0898962603522899,0.5113609805500013,0.50667875014776,0.5095595660013662,16.87738377685147,0.6721434296267902,0.5620208683591735,gbm,1-1-0,2-1-0
549,"[[ 17865 200429]
 [   390 217879]]","(array([0.        , 0.91816083, 1.        ]), array([0.        , 0.99821321, 1.        ]), array([2, 1, 0]))",0.9982132139699178,0.19996417713709436,0.5399999541875972,0.520857836809241,0.5400261924980743,15.888205824503924,0.6845330572735112,0.5759420692878301,gbm,1-1-0,2-1-1
550,"[[22131 43796]
 [  161 65610]]","(array([0.        , 0.66431053, 1.        ]), array([0.        , 0.99755211, 1.        ]), array([2, 1, 0]))",0.9975521126332274,0.44433751989561654,0.6662287961852116,0.5996928870445862,0.6666207936776343,11.52831488071301,0.7490709396781541,0.6516751258951718,gbm,1-1-0,2-1-2
551,"[[  3779 171023]
 [   356 174800]]","(array([0.        , 0.97838125, 1.        ]), array([0.        , 0.99796753, 1.        ]), array([2, 1, 0]))",0.9979675260910275,0.09063016958713836,0.5102869487195606,0.50546088606021,0.5097931359359841,16.914480335739437,0.6710443223239324,0.5608143486340256,gbm,1-1-0,2-1-3
552,"[[ 66918 131847]
 [   472 198530]]","(array([0.        , 0.66333107, 1.        ]), array([0.        , 0.99762816, 1.        ]), array([2, 1, 0]))",0.9976281645410598,0.44558303695332446,0.6673454560081656,0.6009195555380671,0.6671485475939017,11.4897459525817,0.7500486418992819,0.6528401654707959,gbm,1-1-0,2-2-0
553,"[[ 55170 108192]
 [   346 163158]]","(array([0.        , 0.66228376, 1.        ]), array([0.        , 0.99788384, 1.        ]), array([2, 1, 0]))",0.9978838438203347,0.44687676323166337,0.6679434385956324,0.6012824765063571,0.6678000406893203,11.469091989977496,0.7504035837315514,0.6532047299071827,gbm,1-1-0,2-2-1
554,"[[  4673 212720]
 [   450 216451]]","(array([0.        , 0.97850437, 1.        ]), array([0.        , 0.99792532, 1.        ]), array([2, 1, 0]))",0.9979253207684612,0.08993872624581682,0.5091573910760913,0.5043467522269678,0.5097104765512646,16.953494762691776,0.6700522542379178,0.5597142096158172,gbm,1-1-0,2-2-2
555,"[[ 70442 139130]
 [   462 210153]]","(array([0.        , 0.66387685, 1.        ]), array([0.        , 0.99780642, 1.        ]), array([2, 1, 0]))",0.9978064240438715,0.44580205320703076,0.6677860095624091,0.601669706226756,0.6669647851328475,11.474529489272241,0.7506831601470269,0.6535636514949181,gbm,1-1-0,2-2-3
556,"[[ 1277 58960]
 [  124 59919]]","(array([0.        , 0.97880041, 1.        ]), array([0.        , 0.99793481, 1.        ]), array([2, 1, 0]))",0.9979348133837417,0.08916743152724933,0.5087795144662455,0.5040335130679093,0.5095672041585442,16.96654646476045,0.6697778920423424,0.55940615319694,gbm,1-1-0,2-3-0
557,"[[13031 25578]
 [   62 38486]]","(array([0.        , 0.66248802, 1.        ]), array([0.        , 0.99839162, 1.        ]), array([2, 1, 0]))",0.9983916156480233,0.44743839001876384,0.6676905530282411,0.600743006993007,0.6679517973601301,11.477826754132217,0.75012669083538,0.6527387688091072,gbm,1-1-0,2-3-1
558,"[[ 71191 139939]
 [   472 211705]]","(array([0.        , 0.66280964, 1.        ]), array([0.        , 0.99777544, 1.        ]), array([2, 1, 0]))",0.9977754422015581,0.4466069675527945,0.668299839123851,0.6020435440388575,0.6674828994269288,11.456782021678325,0.7509652886288379,0.6539138460283935,gbm,1-1-0,2-3-2
559,"[[ 71204 140220]
 [   477 210694]]","(array([0.        , 0.66321704, 1.        ]), array([0.        , 0.99774117, 1.        ]), array([2, 1, 0]))",0.9977411671110143,0.4456761034649976,0.6670642104142264,0.6004149164752618,0.6672620622901826,11.499460102430012,0.7496873248707937,0.6523732882841321,gbm,1-1-0,2-3-3
560,"[[ 2638 71273]
 [   72 36523]]","(array([0.        , 0.96430842, 1.        ]), array([0.        , 0.99803252, 1.        ]), array([2, 1, 0]))",0.9980325181035661,0.10261709741016467,0.35437894774944345,0.3388159115366062,0.516862046552967,22.29947687548681,0.5058902563179146,0.39038734103070033,gbm,1-1-0,3-0-0
561,"[[  9052 248862]
 [   236 129399]]","(array([0.        , 0.96490303, 1.        ]), array([0.       , 0.9981795, 1.       ]), array([2, 1, 0]))",0.9981795039919775,0.10265474151336879,0.3572477286743096,0.3420891923830371,0.5166382371499548,22.200390432784328,0.5095491990486241,0.3938657522254805,gbm,1-1-0,3-0-1
562,"[[ 2708 78197]
 [   85 40272]]","(array([0.        , 0.96652864, 1.        ]), array([0.       , 0.9978938, 1.       ]), array([2, 1, 0]))",0.9978937978541517,0.09852732723837693,0.35443914829047846,0.33993702994032193,0.5156825765736984,22.29739753481426,0.5071210003399946,0.39157346961396877,gbm,1-1-0,3-0-2
563,"[[  6995 190165]
 [   204  98275]]","(array([0.       , 0.9645212, 1.       ]), array([0.        , 0.99792849, 1.        ]), array([2, 1, 0]))",0.9979284923689314,0.10215477078172187,0.35607616045244367,0.3407121065039523,0.5167036456569754,22.240855837585926,0.5079874599076292,0.3923971382459738,gbm,1-1-0,3-0-3
564,"[[  8205 227799]
 [   217 118077]]","(array([0.        , 0.96523364, 1.        ]), array([0.        , 0.99816559, 1.        ]), array([2, 1, 0]))",0.9981655874346966,0.10195079582929296,0.35642876900236525,0.3413853519758526,0.5164659736634509,22.22867694979073,0.5087661848029816,0.393118781620431,gbm,1-1-0,3-1-0
565,"[[  7513 204620]
 [   234 106405]]","(array([0.        , 0.96458354, 1.        ]), array([0.        , 0.99780568, 1.        ]), array([2, 1, 0]))",0.9978056808484701,0.1017947411161155,0.3573651387198374,0.34211076280041797,0.5166110706382989,22.19633503955555,0.5095244023904383,0.3938769814153585,gbm,1-1-0,3-1-1
566,"[[  4467 123704]
 [   126  63428]]","(array([0.        , 0.96514812, 1.        ]), array([0.        , 0.99801743, 1.        ]), array([2, 1, 0]))",0.9980174339931397,0.10118932220598045,0.3541270048246186,0.3389479084282752,0.5164346557814744,22.30817887277243,0.5060354387560533,0.39052706500082496,gbm,1-1-0,3-1-2
567,"[[ 10217 282712]
 [   242 146479]]","(array([0.        , 0.96512124, 1.        ]), array([0.        , 0.99835061, 1.        ]), array([2, 1, 0]))",0.9983506110236435,0.10282034269758328,0.35641078130330944,0.34129094039716584,0.5166146850201668,22.229298286896945,0.5086853547069692,0.39302436027121224,gbm,1-1-0,3-1-3
568,"[[ 1508 67919]
 [   86 34438]]","(array([0.        , 0.97827934, 1.        ]), array([0.        , 0.99750898, 1.        ]), array([2, 1, 0]))",0.9975089792608041,0.0737043079702607,0.3457975392252119,0.3364498764129468,0.5096148177448244,22.595874946789955,0.5031815956926089,0.3878572458283779,gbm,1-1-0,3-2-0
569,"[[ 1589 71097]
 [   61 36382]]","(array([0.        , 0.97813884, 1.        ]), array([0.        , 0.99832615, 1.        ]), array([2, 1, 0]))",0.9983261531707049,0.07802020795442652,0.3479460088519092,0.33850333553531387,0.5100936546884259,22.521667931416477,0.5055794110698851,0.3900643066821912,gbm,1-1-0,3-2-1
570,"[[  9284 255105]
 [   273 131199]]","(array([0.        , 0.96488507, 1.        ]), array([0.        , 0.99792351, 1.        ]), array([2, 1, 0]))",0.9979235122307412,0.10137536511575161,0.35487961683520225,0.3396263046719682,0.51651921879347,22.282183947097412,0.5067789932325948,0.39124452492055767,gbm,1-1-0,3-2-2
571,"[[  7499 205175]
 [   209 105912]]","(array([0.        , 0.96473946, 1.        ]), array([0.        , 0.99803055, 1.        ]), array([2, 1, 0]))",0.9980305500325101,0.10213488219995207,0.3557489922991264,0.3404578140520176,0.5166455448188637,22.252156114415463,0.5077179728097255,0.3921304376479578,gbm,1-1-0,3-2-3
572,"[[ 2332 66102]
 [   69 34240]]","(array([0.        , 0.96592337, 1.        ]), array([0.        , 0.99798887, 1.        ]), array([2, 1, 0]))",0.9979888658952462,0.10010147515463458,0.3559561235315301,0.34123298319746465,0.5160327472358424,22.245001876691994,0.5085740172742869,0.392951659141979,gbm,1-1-0,3-3-0
573,"[[  7883 217083]
 [   203 112362]]","(array([0.        , 0.96495915, 1.        ]), array([0.       , 0.9981966, 1.       ]), array([2, 1, 0]))",0.9981965975214321,0.10247772486231602,0.35624875937321315,0.34106451759777806,0.5166187240694294,22.234894414893745,0.5084138367910227,0.39277936441907374,gbm,1-1-0,3-3-1
574,"[[  5751 159092]
 [   177  82124]]","(array([0.        , 0.96511226, 1.        ]), array([0.        , 0.99784936, 1.        ]), array([2, 1, 0]))",0.9978493578449836,0.10083721820614246,0.35556193959796717,0.3404583443884319,0.5163685497571647,22.25861678695576,0.5076951133943503,0.39212540526087103,gbm,1-1-0,3-3-2
575,"[[  3739 101647]
 [   111  52545]]","(array([0.       , 0.9645209, 1.       ]), array([0.        , 0.99789198, 1.        ]), array([2, 1, 0]))",0.9978919781221514,0.10202915540407088,0.3561331797876514,0.3407764345750752,0.5166855370086209,22.23888640407808,0.5080542233910891,0.3924642677884271,gbm,1-1-0,3-3-3
576,"[[226467  28913]
 [   743 136896]]","(array([0.       , 0.1132156, 1.       ]), array([0.        , 0.99460182, 1.        ]), array([2, 1, 0]))",0.9946018207048875,0.8513589015374274,0.924543088247642,0.8256246645236387,0.9406931102114774,2.6062482259839115,0.9022699111544648,0.8546652099266427,gbm,0-3-0,0-0-0
577,"[[160593  24926]
 [   568  99337]]","(array([0.        , 0.13435821, 1.        ]), array([0.       , 0.9943146, 1.       ]), array([2, 1, 0]))",0.9943145988689255,0.827300610704263,0.9106802511351533,0.7994093173350072,0.9299781964854387,3.0850646623178086,0.8862727954034475,0.8320281025266477,gbm,0-3-0,0-0-1
578,"[[255814  36666]
 [  1140 156051]]","(array([0.        , 0.12536242, 1.        ]), array([0.        , 0.99274768, 1.        ]), array([2, 1, 0]))",0.9927476763936867,0.8357689986183283,0.9159251986452317,0.8097417456685191,0.9336926292252897,2.903905963305103,0.8919544566000206,0.84073857373292,gbm,0-3-0,0-0-2
579,"[[68718 10696]
 [  674 42264]]","(array([0.        , 0.13468658, 1.        ]), array([0.        , 0.98430295, 1.        ]), array([2, 1, 0]))",0.9843029484372816,0.8183962339310187,0.907071400549235,0.7980362537764351,0.9248081846223478,3.209710017852163,0.8814365263092034,0.8294279725879,gbm,0-3-0,0-0-3
580,"[[232585  34375]
 [   806 142694]]","(array([0.        , 0.12876461, 1.        ]), array([0.        , 0.99438328, 1.        ]), array([2, 1, 0]))",0.9943832752613241,0.8334169726974469,0.914288846659845,0.8058666395585902,0.9328093331655736,2.9604253240535403,0.8902545161884025,0.8376263242918326,gbm,0-3-0,0-1-0
581,"[[112003  16401]
 [   557  68280]]","(array([0.        , 0.12772967, 1.        ]), array([0.        , 0.99190842, 1.        ]), array([2, 1, 0]))",0.991908421343173,0.832182920999262,0.9140239605355884,0.8063201898891132,0.9320893778003364,2.969573690573197,0.8895373832384476,0.8376660180929973,gbm,0-3-0,0-1-1
582,"[[275937  39827]
 [   943 168809]]","(array([0.        , 0.12612901, 1.        ]), array([0.        , 0.99444484, 1.        ]), array([2, 1, 0]))",0.9944448371742306,0.836423177326373,0.9160274841611811,0.8091077282923369,0.9341579147171364,2.9003735390540393,0.8922534541264522,0.8404344934162836,gbm,0-3-0,0-1-2
583,"[[275190  39636]
 [  1134 168174]]","(array([0.        , 0.12589812, 1.        ]), array([0.        , 0.99330215, 1.        ]), array([2, 1, 0]))",0.9933021475653838,0.8357048981280952,0.9157877777640074,0.8092680814205284,0.9337020162080316,2.9086525764855433,0.8918906018805786,0.8404094556183211,gbm,0-3-0,0-1-3
584,"[[43763  5504]
 [  232 26754]]","(array([0.        , 0.11171778, 1.        ]), array([0.        , 0.99140295, 1.        ]), array([2, 1, 0]))",0.9914029496776107,0.8514403077991964,0.924776730095865,0.8293756587513175,0.9398425834916561,2.5981774144684606,0.9031800688677334,0.8574010691074108,gbm,0-3-0,0-2-0
585,"[[112771  14488]
 [   526  68183]]","(array([0.        , 0.11384656, 1.        ]), array([0.        , 0.99234453, 1.        ]), array([2, 1, 0]))",0.9923445254624577,0.848801276499039,0.9233854506858262,0.8247511219169963,0.9392489802914799,2.6462319019470417,0.9008191306645528,0.8535828119170842,gbm,0-3-0,0-2-1
586,"[[101075   7114]
 [  3997  54040]]","(array([0.       , 0.0657553, 1.       ]), array([0.        , 0.93113014, 1.        ]), array([2, 1, 0]))",0.9311301411168738,0.8554455324160108,0.9331572678161058,0.8836707329038166,0.9326874212595248,2.3087004010201233,0.9067798743193698,0.8927715899065928,gbm,0-3-0,0-2-2
587,"[[245262  31514]
 [   835 148286]]","(array([0.        , 0.11386103, 1.        ]), array([0.        , 0.99440052, 1.        ]), array([2, 1, 0]))",0.9944005203827764,0.850421934576273,0.9240450155788841,0.8247274749721913,0.940269745984954,2.623451388745122,0.9016511563566935,0.8538662545302946,gbm,0-3-0,0-2-3
588,"[[243128  14647]
 [  1538 136656]]","(array([0.        , 0.05682087, 1.        ]), array([0.        , 0.98887072, 1.        ]), array([2, 1, 0]))",0.9888707179761784,0.9143101701206686,0.9591255881142211,0.90319425259248,0.9660249235308106,1.4117817497207856,0.9440926848982891,0.919120911049951,gbm,0-3-0,0-3-0
589,"[[143000  21748]
 [   585  87719]]","(array([0.        , 0.13200767, 1.        ]), array([0.        , 0.99337516, 1.        ]), array([2, 1, 0]))",0.9933751585432143,0.8286909463561698,0.9117454120101798,0.8013282541770579,0.9306837431097115,3.048274200055531,0.8870764672272475,0.8335582281079189,gbm,0-3-0,0-3-1
590,"[[83673 14957]
 [ 1244 51654]]","(array([0.        , 0.15164757, 1.        ]), array([0.        , 0.97648304, 1.        ]), array([2, 1, 0]))",0.9764830428371583,0.7921750748500072,0.8930824666068318,0.7754575070183604,0.9124177355522098,3.692879705088905,0.8644369880092713,0.8087567560796889,gbm,0-3-0,0-3-2
591,"[[229763  33241]
 [  1136 140130]]","(array([0.        , 0.12638971, 1.        ]), array([0.        , 0.99195843, 1.        ]), array([2, 1, 0]))",0.9919584330270553,0.8338775877974371,0.9149652459989611,0.8082666651285394,0.9327843601615331,2.937062100937548,0.8907407583977727,0.8393530997304581,gbm,0-3-0,0-3-3
592,"[[   839  32536]
 [ 17714 186557]]","(array([0.        , 0.97486142, 1.        ]), array([0.        , 0.91328187, 1.        ]), array([2, 1, 0]))",0.9132818657567643,-0.07974973247901133,0.7885510380986847,0.8514968529345985,0.46921022126789524,7.3032978865465905,0.8813078107727629,0.8631759054562885,gbm,0-3-0,1-0-0
593,"[[  1665  60634]
 [ 32972 348541]]","(array([0.        , 0.97327405, 1.        ]), array([0.        , 0.91357568, 1.        ]), array([2, 1, 0]))",0.9135756841837631,-0.0773095180912447,0.789086369904374,0.8518140160078206,0.4701508174205385,7.284807950241524,0.8816144926949694,0.8634891361813645,gbm,0-3-0,1-0-1
594,"[[   499  18345]
 [  9944 104855]]","(array([0.        , 0.97351942, 1.        ]), array([0.        , 0.91337904, 1.        ]), array([2, 1, 0]))",0.9133790364027561,-0.07798369702036573,0.7883241172377154,0.8510957792207792,0.46992980688743197,7.311135742616412,0.8811381560426723,0.8628635004336742,gbm,0-3-0,1-0-2
595,"[[   617  22327]
 [ 11935 126014]]","(array([0.        , 0.97310844, 1.        ]), array([0.        , 0.91348252, 1.        ]), array([2, 1, 0]))",0.913482518901913,-0.07773952180445093,0.7870510214863294,0.849488678113266,0.4701870404830346,7.355108111939325,0.8803241468441091,0.8615599613298272,gbm,0-3-0,1-0-3
596,"[[   963  36441]
 [ 19173 207663]]","(array([0.        , 0.97425409, 1.        ]), array([0.        , 0.91547638, 1.        ]), array([2, 1, 0]))",0.9154763794106755,-0.07722423854440189,0.7895322434150772,0.8507152689017796,0.4706111444695341,7.269409054482731,0.8819085233787745,0.8629239760249726,gbm,0-3-0,1-1-0
597,"[[   812  30545]
 [ 16598 175552]]","(array([0.        , 0.97410467, 1.        ]), array([0.        , 0.91361957, 1.        ]), array([2, 1, 0]))",0.9136195680457976,-0.07837916137592874,0.7890759573525662,0.8517930877208305,0.4697574512104486,7.285167620203303,0.8816237159350856,0.8634797715382997,gbm,0-3-0,1-1-1
598,"[[   554  20204]
 [ 10973 115913]]","(array([0.        , 0.97331149, 1.        ]), array([0.       , 0.9135208, 1.       ]), array([2, 1, 0]))",0.9135207981968065,-0.07746738325805025,0.7888366611579204,0.8515688708978305,0.47010465191659384,7.293432762121117,0.8814576259586392,0.8632777938315701,gbm,0-3-0,1-1-2
599,"[[   636  23927]
 [ 13048 138017]]","(array([0.       , 0.9741074, 1.       ]), array([0.        , 0.91362658, 1.        ]), array([2, 1, 0]))",0.9136265845827954,-0.07826206200513335,0.7894697884164257,0.8522513955441388,0.469759593638953,7.271564836868466,0.8818724062247412,0.8638577639355016,gbm,0-3-0,1-1-3
600,"[[   741  28349]
 [ 15257 162521]]","(array([0.        , 0.97452733, 1.        ]), array([0.        , 0.91417948, 1.        ]), array([2, 1, 0]))",0.9141794822756472,-0.07853639533855651,0.7892085774503548,0.8514748257976633,0.4698260766483083,7.28058738550198,0.881713721490419,0.8633180275758613,gbm,0-3-0,1-2-0
601,"[[  1083  40142]
 [ 21297 227683]]","(array([0.        , 0.97372953, 1.        ]), array([0.        , 0.91446301, 1.        ]), array([2, 1, 0]))",0.9144630090770343,-0.07755618213069763,0.7882910356472149,0.8501185475590404,0.4703667380133504,7.312279183222068,0.8811176362457793,0.8622527039718848,gbm,0-3-0,1-2-1
602,"[[  1590  59281]
 [ 31769 335100]]","(array([0.        , 0.97387919, 1.        ]), array([0.        , 0.91340506, 1.        ]), array([2, 1, 0]))",0.9134050573910578,-0.0787890474469457,0.7871370458689858,0.8496859635732958,0.46976293512880585,7.352136792658805,0.8803940886699508,0.8617085126309341,gbm,0-3-0,1-2-2
603,"[[  1673  64032]
 [ 34417 364167]]","(array([0.        , 0.97453771, 1.        ]), array([0.        , 0.91365183, 1.        ]), array([2, 1, 0]))",0.9136518274692411,-0.07926098313279212,0.7879575006084573,0.8504620515227733,0.4695570605271021,7.3237987484631635,0.8809252246357268,0.8623909481002947,gbm,0-3-0,1-2-3
604,"[[   929  35288]
 [ 18812 201107]]","(array([0.        , 0.97434906, 1.        ]), array([0.        , 0.91445941, 1.        ]), array([2, 1, 0]))",0.9144594146026491,-0.07824122753730987,0.7887840834556642,0.8507244231053956,0.4700551760038676,7.295249473556176,0.8814412882357324,0.8627506329906762,gbm,0-3-0,1-3-0
605,"[[  359 12271]
 [ 6586 69993]]","(array([0.        , 0.97157561, 1.        ]), array([0.        , 0.91399731, 1.        ]), array([2, 1, 0]))",0.9139973099674845,-0.07491596015400442,0.7886199822887825,0.8508339006126616,0.4712108481745578,7.300917153413856,0.8812852942842933,0.8627583911644706,gbm,0-3-0,1-3-1
606,"[[  1726  68584]
 [ 36511 392760]]","(array([0.        , 0.97545157, 1.        ]), array([0.       , 0.9149465, 1.       ]), array([2, 1, 0]))",0.9149465023260365,-0.07914286042059285,0.7896337130515372,0.8513386973711591,0.4697474653573007,7.265903917109119,0.8819972715483122,0.863342751644541,gbm,0-3-0,1-3-2
607,"[[  1538  54397]
 [ 29504 311490]]","(array([0.       , 0.9725038, 1.       ]), array([0.        , 0.91347648, 1.        ]), array([2, 1, 0]))",0.9134764834571869,-0.07649268157893732,0.7886246658722341,0.8513284156037246,0.47048634220235763,7.300754981396703,0.8813081692675288,0.8630721811961152,gbm,0-3-0,1-3-3
608,"[[ 75525 116347]
 [ 12772 179070]]","(array([0.        , 0.60637821, 1.        ]), array([0.        , 0.93342438, 1.        ]), array([2, 1, 0]))",0.9334243804797698,0.3885044517981239,0.6635019832479399,0.6061601058842246,0.6635230850030603,11.62247220611363,0.7350095123948455,0.651870026428639,gbm,0-3-0,2-0-0
609,"[[ 80751 123641]
 [ 13481 191089]]","(array([0.        , 0.60492094, 1.        ]), array([0.       , 0.9341008, 1.       ]), array([2, 1, 0]))",0.9341007967932737,0.39085700593453676,0.6647072344129773,0.6071521621707495,0.6645899302765539,11.58084359879111,0.735948392066243,0.6528537946962397,gbm,0-3-0,2-0-1
610,"[[40071 61729]
 [ 6843 95594]]","(array([0.        , 0.60637525, 1.        ]), array([0.        , 0.93319797, 1.        ]), array([2, 1, 0]))",0.9331979655788436,0.38847870130930207,0.664252804340056,0.6076288908805452,0.6634113599996379,11.596538988046156,0.7360178626424392,0.6532063099863474,gbm,0-3-0,2-0-2
611,"[[ 97556 151120]
 [ 16444 231909]]","(array([0.        , 0.60769837, 1.        ]), array([0.        , 0.93378779, 1.        ]), array([2, 1, 0]))",0.9337877939867849,0.3878109796708108,0.6628687662088127,0.6054606831336531,0.6630447117081217,11.644343414570312,0.7346075751288443,0.6512581797268023,gbm,0-3-0,2-0-3
612,"[[14957 23410]
 [ 2587 36064]]","(array([0.        , 0.61015977, 1.        ]), array([0.        , 0.93306771, 1.        ]), array([2, 1, 0]))",0.9330677084680862,0.38495514029244954,0.6624555298761329,0.6063826209772337,0.6614539678733686,11.658616018519488,0.7350624203821656,0.6520410635443522,gbm,0-3-0,2-1-0
613,"[[102506 115788]
 [ 14424 203845]]","(array([0.        , 0.53042227, 1.        ]), array([0.        , 0.93391641, 1.        ]), array([2, 1, 0]))",0.933916405902808,0.4555807560241421,0.7017337703836559,0.6377470411378049,0.7017470656778189,10.301962685159664,0.7579261649891615,0.6809355418656187,gbm,0-3-0,2-1-1
614,"[[25739 40188]
 [ 4481 61290]]","(array([0.        , 0.60958333, 1.        ]), array([0.        , 0.93186967, 1.        ]), array([2, 1, 0]))",0.931869669003056,0.3832283249246792,0.6608224878130268,0.6039732749955655,0.6611431709949221,11.71502025092097,0.732919180383739,0.6496948162219118,gbm,0-3-0,2-1-2
615,"[[ 68656 106146]
 [ 11713 163443]]","(array([0.        , 0.60723562, 1.        ]), array([0.        , 0.93312818, 1.        ]), array([2, 1, 0]))",0.9331281828769782,0.3874046220860221,0.663219586350362,0.6062673180285546,0.6629462838619167,11.632225927673048,0.7349964586448413,0.6519403085092125,gbm,0-3-0,2-1-3
616,"[[ 92998 105767]
 [ 13123 185879]]","(array([0.        , 0.53212085, 1.        ]), array([0.        , 0.93405594, 1.        ]), array([2, 1, 0]))",0.93405593913629,0.45438702757969235,0.7011064266266432,0.6373445889880197,0.7009675464554239,10.323630911091993,0.7576877924703657,0.6805832807307632,gbm,0-3-0,2-2-0
617,"[[ 64314  99048]
 [ 10788 152716]]","(array([0.        , 0.60630991, 1.        ]), array([0.        , 0.93401996, 1.        ]), array([2, 1, 0]))",0.9340199628143654,0.38949950092273394,0.6639723923565009,0.6065839436933,0.6638550249301561,11.606224699533373,0.7355057456871226,0.6523202569710225,gbm,0-3-0,2-2-1
618,"[[ 85545 131848]
 [ 14496 202405]]","(array([0.        , 0.60649607, 1.        ]), array([0.        , 0.93316767, 1.        ]), array([2, 1, 0]))",0.9331676663546964,0.38791650805883293,0.6630301132412605,0.6055443032672856,0.6633357985120185,11.638770321622644,0.7344771152890118,0.6512752000916397,gbm,0-3-0,2-2-2
619,"[[ 82074 127498]
 [ 13937 196678]]","(array([0.        , 0.60837326, 1.        ]), array([0.        , 0.93382713, 1.        ]), array([2, 1, 0]))",0.9338271253234575,0.38756967728063174,0.6633998672019839,0.6067012980603129,0.6627269346770743,11.625999344309431,0.7355321985598111,0.6524100074370456,gbm,0-3-0,2-2-3
620,"[[23516 36721]
 [ 3889 56154]]","(array([0.        , 0.60960871, 1.        ]), array([0.        , 0.93522975, 1.        ]), array([2, 1, 0]))",0.9352297520110587,0.38816019825977305,0.6623711340206185,0.6046191117092867,0.6628105198788963,11.661532020407027,0.7344328332831975,0.6506188259339162,gbm,0-3-0,2-3-0
621,"[[15235 23374]
 [ 2570 35978]]","(array([0.        , 0.60540289, 1.        ]), array([0.        , 0.93332987, 1.        ]), array([2, 1, 0]))",0.9333298744422538,0.3891649289175138,0.6637505346242077,0.606180078177652,0.6639634945523192,11.613887328173675,0.7349948927477017,0.6518792851034223,gbm,0-3-0,2-3-1
622,"[[ 83081 128049]
 [ 14142 198035]]","(array([0.        , 0.60649363, 1.        ]), array([0.       , 0.9333481, 1.       ]), array([2, 1, 0]))",0.9333481008780405,0.3885342447253115,0.6640948531444082,0.6073128396364127,0.6634272356803408,11.601994632784441,0.735832616518752,0.6529287912467614,gbm,0-3-0,2-3-2
623,"[[ 83148 128276]
 [ 14198 196973]]","(array([0.        , 0.60672393, 1.        ]), array([0.        , 0.93276539, 1.        ]), array([2, 1, 0]))",0.9327653891869623,0.387168547938995,0.66285923875105,0.6056067812660454,0.6630207300104631,11.6446720790555,0.7343984191491743,0.6512938055122218,gbm,0-3-0,2-3-3
624,"[[40386 33525]
 [ 4497 32098]]","(array([0.        , 0.45358607, 1.        ]), array([0.        , 0.87711436, 1.        ]), array([2, 1, 0]))",0.8771143598852302,0.40586243879173006,0.6559281848949379,0.4891272876887677,0.711764145076357,11.884062065328049,0.6280302882075564,0.5365997184765637,gbm,0-3-0,3-0-0
625,"[[141424 116490]
 [ 16212 113423]]","(array([0.        , 0.45166218, 1.        ]), array([0.        , 0.87494118, 1.        ]), array([2, 1, 0]))",0.8749411810082154,0.4065517630725421,0.6575865245427029,0.49333008572807974,0.7116394995202913,11.826782807495515,0.6309199328045213,0.540476533112485,gbm,0-3-0,3-0-1
626,"[[44367 36538]
 [ 4984 35373]]","(array([0.        , 0.45161609, 1.        ]), array([0.        , 0.87650222, 1.        ]), array([2, 1, 0]))",0.8765022177069653,0.407543550498548,0.6575844040177466,0.49189970936296257,0.7124430623792227,11.826856634068264,0.6301528485409913,0.5392209170093994,gbm,0-3-0,3-0-2
627,"[[108106  89054]
 [ 12158  86321]]","(array([0.        , 0.45168391, 1.        ]), array([0.        , 0.87654221, 1.        ]), array([2, 1, 0]))",0.876542206967983,0.4076370573057458,0.6576500394061676,0.492208125445474,0.7124291477120297,11.824589596877438,0.6304162071760865,0.5395204124108259,gbm,0-3-0,3-0-3
628,"[[129532 106472]
 [ 14592 103702]]","(array([0.       , 0.4511449, 1.       ]), array([0.        , 0.87664632, 1.        ]), array([2, 1, 0]))",0.8766463218760039,0.4084928056125375,0.6582989460849341,0.4934102220065279,0.7127507130133905,11.802176586407642,0.6314283278736437,0.540683427355864,gbm,0-3-0,3-1-0
629,"[[116237  95896]
 [  7438  99201]]","(array([0.        , 0.45205602, 1.        ]), array([0.        , 0.93025066, 1.        ]), array([2, 1, 0]))",0.9302506587646171,0.463020900321559,0.6758372755449036,0.5084701456198711,0.7390973186531904,11.196424397961131,0.6575350637643502,0.5591768908950911,gbm,0-3-0,3-1-1
630,"[[70683 57488]
 [ 7877 55677]]","(array([0.       , 0.4485258, 1.       ]), array([0.        , 0.87605816, 1.        ]), array([2, 1, 0]))",0.8760581552695346,0.409240418122188,0.6590689790063894,0.49199840940220035,0.7137661788511109,11.775580056384944,0.6301190024841699,0.5392821581747106,gbm,0-3-0,3-1-2
631,"[[160629 132300]
 [ 18166 128555]]","(array([0.        , 0.45164528, 1.        ]), array([0.        , 0.87618678, 1.        ]), array([2, 1, 0]))",0.87618677626243,0.40753996430961,0.6577595814852724,0.49282168254394204,0.7122707485154719,11.82080590418889,0.630827134080515,0.5400830657880034,gbm,0-3-0,3-1-3
632,"[[37918 31509]
 [ 4349 30175]]","(array([0.        , 0.45384361, 1.        ]), array([0.        , 0.87402966, 1.        ]), array([2, 1, 0]))",0.8740296605260109,0.4028834362543839,0.6550490134775038,0.489186823163219,0.7100930275061529,11.914427359853539,0.627286712123732,0.5364253715423452,gbm,0-3-0,3-2-0
633,"[[39669 33017]
 [ 4550 31893]]","(array([0.        , 0.45424153, 1.        ]), array([0.        , 0.87514749, 1.        ]), array([2, 1, 0]))",0.8751474906017617,0.4043498219728999,0.6557560318522117,0.49134185795717145,0.7104529792661561,11.890007359509958,0.6293449626552742,0.5385820867797205,gbm,0-3-0,3-2-1
634,"[[144930 119459]
 [ 16291 115181]]","(array([0.        , 0.45183045, 1.        ]), array([0.        , 0.87608768, 1.        ]), array([2, 1, 0]))",0.8760876840696118,0.40668275333738696,0.657076600119739,0.4908839072621889,0.7121286186329245,11.844395923615963,0.6292118258893453,0.5382128758766094,gbm,0-3-0,3-2-2
635,"[[116751  95923]
 [ 13148  92973]]","(array([0.        , 0.45103304, 1.        ]), array([0.        , 0.87610369, 1.        ]), array([2, 1, 0]))",0.8761036929542692,0.40766620235948986,0.6578647720321837,0.49219147043875994,0.7125353282379516,11.81717272841042,0.6302891019839534,0.5394711647257472,gbm,0-3-0,3-2-3
636,"[[37530 30904]
 [ 4254 30055]]","(array([0.        , 0.45158839, 1.        ]), array([0.        , 0.87600921, 1.        ]), array([2, 1, 0]))",0.8760092104112623,0.40748605229915824,0.65780637123697,0.49303630308896146,0.71221040933808,11.819189737999206,0.6309568795398245,0.5402757554512934,gbm,0-3-0,3-3-0
637,"[[123496 101470]
 [ 13981  98584]]","(array([0.        , 0.45104594, 1.        ]), array([0.        , 0.87579621, 1.        ]), array([2, 1, 0]))",0.8757962066361658,0.4075727620807709,0.6579543804865331,0.49278694752416846,0.7123751354029313,11.814077547603254,0.6306974304184967,0.5400200047985222,gbm,0-3-0,3-3-1
638,"[[90149 74694]
 [10156 72145]]","(array([0.        , 0.45312206, 1.        ]), array([0.        , 0.87659931, 1.        ]), array([2, 1, 0]))",0.8765993122805312,0.40643012945469464,0.6566778881947367,0.49132042577244467,0.711738625341263,11.858167312330552,0.6297023653661517,0.5386712899290234,gbm,0-3-0,3-3-2
639,"[[57850 47536]
 [ 6398 46258]]","(array([0.        , 0.45106561, 1.        ]), array([0.        , 0.87849438, 1.        ]), array([2, 1, 0]))",0.8784943786083257,0.41016803380545663,0.6587362852912517,0.49318719747531825,0.7137143860855191,11.78707163758086,0.6317241379310344,0.5406093980814899,gbm,0-3-0,3-3-3
640,"[[226453  28927]
 [120979  16660]]","(array([0.        , 0.11327042, 1.        ]), array([0.        , 0.12104127, 1.        ]), array([2, 1, 0]))",0.12104127463872885,0.011576506911102142,0.6185782366755805,0.36545506394366817,0.5038854270444799,13.173899847616386,0.18185192057895713,0.2603230756249473,gbm,3-2-0,0-0-0
641,"[[164451  21068]
 [ 87724  12181]]","(array([0.        , 0.11356249, 1.        ]), array([0.        , 0.12192583, 1.        ]), array([2, 1, 0]))",0.12192582953806116,0.012434465238208988,0.6188407421940691,0.36635688291377183,0.5041816686432968,13.164833396889478,0.18296108265617256,0.2615059617605764,gbm,3-2-0,0-0-1
642,"[[259321  33159]
 [138123  19068]]","(array([0.        , 0.11337185, 1.        ]), array([0.        , 0.12130465, 1.        ]), array([2, 1, 0]))",0.12130465484665152,0.011806004318432569,0.6190948493454103,0.3650985122637716,0.5039664001804374,13.156056788906294,0.1821046901412486,0.26042136143502165,gbm,3-2-0,0-0-2
643,"[[70566  8848]
 [37705  5233]]","(array([0.        , 0.11141612, 1.        ]), array([0.       , 0.1218734, 1.       ]), array([2, 1, 0]))",0.12187339885416182,0.015639223227826092,0.61951582319864,0.37163553724877496,0.5052286378762209,13.141515727984334,0.18355285080411793,0.26359533356168524,gbm,3-2-0,0-0-3
644,"[[236698  30262]
 [126167  17333]]","(array([0.        , 0.11335781, 1.        ]), array([0.        , 0.12078746, 1.        ]), array([2, 1, 0]))",0.12078745644599304,0.011065325626453612,0.6188934366320713,0.3641769093392163,0.5037148250165236,13.163013326747834,0.18140715351003428,0.2595693063376064,gbm,3-2-0,0-1-0
645,"[[113892  14512]
 [ 60487   8350]]","(array([0.        , 0.11301829, 1.        ]), array([0.        , 0.12130104, 1.        ]), array([2, 1, 0]))",0.12130104449641908,0.012333065533285498,0.6197595834537444,0.3652348875863879,0.5041413792308581,13.133097553753085,0.1821175803443876,0.2604735315219765,gbm,3-2-0,0-1-1
646,"[[280036  35728]
 [149219  20533]]","(array([0.        , 0.11314779, 1.        ]), array([0.        , 0.12095881, 1.        ]), array([2, 1, 0]))",0.12095881050002356,0.011636835953483571,0.6190712561480981,0.36495974120616415,0.5039055082889903,13.156871546821382,0.18169751297491737,0.26004569448525316,gbm,3-2-0,0-1-2
647,"[[279193  35633]
 [148832  20476]]","(array([0.        , 0.11318316, 1.        ]), array([0.        , 0.12093935, 1.        ]), array([2, 1, 0]))",0.12093935313157086,0.011555056942771742,0.6189794561009968,0.3649325420164323,0.5038780989959531,13.160042219184005,0.18167218976385988,0.2600166605713357,gbm,3-2-0,0-1-3
648,"[[43712  5555]
 [23774  3212]]","(array([0.        , 0.11275296, 1.        ]), array([0.        , 0.11902468, 1.        ]), array([2, 1, 0]))",0.11902467946342549,0.009401598633102352,0.6153725099340354,0.36637390213299875,0.5031358605468629,13.284621125071277,0.17967722988280704,0.2588068456505624,gbm,3-2-0,0-2-0
649,"[[112818  14441]
 [ 60513   8196]]","(array([0.        , 0.11347724, 1.        ]), array([0.        , 0.11928568, 1.        ]), array([2, 1, 0]))",0.11928568309828406,0.00867088246872039,0.6175191868060091,0.36206211070371513,0.5029042218837353,13.210478205067277,0.1794495653887417,0.25731992942225457,gbm,3-2-0,0-2-1
650,"[[96078 12111]
 [51068  6969]]","(array([0.        , 0.11194299, 1.        ]), array([0.        , 0.12007857, 1.        ]), array([2, 1, 0]))",0.12007857056705205,0.012166600199992514,0.6199210713125504,0.365251572327044,0.504067790954158,13.127519387932926,0.1807383585979745,0.2593463682577015,gbm,3-2-0,0-2-2
651,"[[245467  31309]
 [131054  18067]]","(array([0.        , 0.11312036, 1.        ]), array([0.        , 0.12115664, 1.        ]), array([2, 1, 0]))",0.12115664460404638,0.011973924657791067,0.6187740228271155,0.36590651328580687,0.5040181436738185,13.167137562374998,0.18203801568789452,0.2606130544536603,gbm,3-2-0,0-2-3
652,"[[228631  29144]
 [121518  16676]]","(array([0.        , 0.11305984, 1.        ]), array([0.        , 0.12067094, 1.        ]), array([2, 1, 0]))",0.12067094085126706,0.011341187674655289,0.6195106182554695,0.363945875163684,0.5038055509221907,13.141696528459397,0.18124707902659581,0.25936778713053,gbm,3-2-0,0-3-0
653,"[[146050  18698]
 [ 77591  10713]]","(array([0.        , 0.11349455, 1.        ]), array([0.        , 0.12131953, 1.        ]), array([2, 1, 0]))",0.12131953252400797,0.01163732259423973,0.6194892749316346,0.364251470538234,0.5039124916365153,13.14243393121692,0.1820158858259355,0.2600899256122905,gbm,3-2-0,0-3-1
654,"[[87536 11094]
 [46548  6350]]","(array([0.        , 0.11248099, 1.        ]), array([0.        , 0.12004235, 1.        ]), array([2, 1, 0]))",0.12004234564633824,0.011293077691965702,0.6195950583390528,0.3640220132997019,0.5037806780447041,13.138779761425821,0.1805464729464616,0.2588160490405465,gbm,3-2-0,0-3-2
655,"[[233324  29680]
 [124226  17040]]","(array([0.        , 0.11284999, 1.        ]), array([0.       , 0.1206235, 1.       ]), array([2, 1, 0]))",0.12062350459416986,0.011593040408167183,0.6192989833527098,0.3647260273972603,0.5038867549586414,13.149005990765698,0.181290096070984,0.2596405258634876,gbm,3-2-0,0-3-3
656,"[[  5475  27900]
 [  9933 194338]]","(array([0.        , 0.83595506, 1.        ]), array([0.        , 0.95137342, 1.        ]), array([2, 1, 0]))",0.9513734206030224,0.1628570694089377,0.8408010233708962,0.8744589134171474,0.5577091822116236,5.498631730039465,0.9112961273970772,0.8888305496682745,gbm,3-2-0,1-0-0
657,"[[ 10289  52010]
 [ 19181 362332]]","(array([0.        , 0.83484486, 1.        ]), array([0.        , 0.94972386, 1.        ]), array([2, 1, 0]))",0.9497238626206709,0.16027519491037137,0.8395919894009175,0.8744756746841981,0.5574395007737297,5.540390114265571,0.9105477756626521,0.8885560265655524,gbm,3-2-0,1-0-1
658,"[[  3060  15784]
 [  5601 109198]]","(array([0.        , 0.83761409, 1.        ]), array([0.        , 0.95121038, 1.        ]), array([2, 1, 0]))",0.9512103763970069,0.16058758316831315,0.839984136842184,0.8737098142132467,0.5567981408624814,5.5268465542602545,0.9108144515203457,0.8881828844348792,gbm,3-2-0,1-0-2
659,"[[  3805  19139]
 [  6644 131305]]","(array([0.        , 0.83416144, 1.        ]), array([0.        , 0.95183727, 1.        ]), array([2, 1, 0]))",0.9518372731951663,0.1669768790736511,0.8397506417308398,0.8727832283108665,0.5588379183270114,5.5349118686655014,0.9105976913447968,0.8875257697117171,gbm,3-2-0,1-0-3
660,"[[  6177  31227]
 [ 11546 215290]]","(array([0.        , 0.83485723, 1.        ]), array([0.        , 0.94909979, 1.        ]), array([2, 1, 0]))",0.9490997901567653,0.15920286114337695,0.8381282167726309,0.8733271944734035,0.5571212778181965,5.590947819287267,0.9096382615088529,0.8874981037246148,gbm,3-2-0,1-1-0
661,"[[  5248  26109]
 [  9581 182569]]","(array([0.        , 0.83263705, 1.        ]), array([0.        , 0.95013791, 1.        ]), array([2, 1, 0]))",0.9501379130887327,0.16395861304778658,0.8403182003248221,0.8748837922540948,0.5587504311752303,5.515307378398293,0.9109593142195654,0.8889656058944632,gbm,3-2-0,1-1-1
662,"[[  3443  17315]
 [  6239 120647]]","(array([0.        , 0.83413624, 1.        ]), array([0.        , 0.95082988, 1.        ]), array([2, 1, 0]))",0.9508298787888341,0.163864366057183,0.8404676112811899,0.8744944260013627,0.558346821078587,5.510147274763824,0.911065969914819,0.8887649653619827,gbm,3-2-0,1-1-2
663,"[[  4010  20553]
 [  7625 143440]]","(array([0.        , 0.83674633, 1.        ]), array([0.        , 0.94952504, 1.        ]), array([2, 1, 0]))",0.9495250388905438,0.15727290804104035,0.8395586125219213,0.8746714798802387,0.5563893565580025,5.541542780090738,0.9105624996032476,0.8886829228399687,gbm,3-2-0,1-1-3
664,"[[  4876  24214]
 [  8884 168894]]","(array([0.        , 0.83238226, 1.        ]), array([0.        , 0.95002756, 1.        ]), array([2, 1, 0]))",0.9500275624655469,0.16412551513545928,0.8400042539203744,0.8746090270729333,0.5588226502599306,5.526150891249147,0.9107596404285954,0.888719335725787,gbm,3-2-0,1-2-0
665,"[[  6851  34374]
 [ 12364 236616]]","(array([0.        , 0.83381443, 1.        ]), array([0.        , 0.95034139, 1.        ]), array([2, 1, 0]))",0.9503413928829625,0.16360333514006126,0.8389483296290553,0.8731539909221743,0.5582634799466359,5.562622341129204,0.9101140450410601,0.887571833690939,gbm,3-2-0,1-2-1
666,"[[ 10182  50689]
 [ 18234 348635]]","(array([0.        , 0.83272823, 1.        ]), array([0.        , 0.95029834, 1.        ]), array([2, 1, 0]))",0.9502983353731168,0.16493524145255561,0.8388670687801001,0.873062976430167,0.5587850534121092,5.565429036939657,0.9100448581493175,0.8874890856929026,gbm,3-2-0,1-2-2
667,"[[ 10803  54902]
 [ 19731 378853]]","(array([0.        , 0.83558329, 1.        ]), array([0.        , 0.95049726, 1.        ]), array([2, 1, 0]))",0.9504972603014672,0.1615912634565439,0.8392531375931801,0.8734262429251536,0.5574569856792322,5.552094488948654,0.9103334098246028,0.8878240760703487,gbm,3-2-0,1-2-3
668,"[[  1061  35156]
 [    63 219856]]","(array([0.        , 0.97070437, 1.        ]), array([0.        , 0.99971353, 1.        ]), array([2, 1, 0]))",0.999713530890919,0.15291827298797583,0.862498828747228,0.8621398208711747,0.5145045827688159,4.749231956849548,0.925843964702241,0.886539722428097,gbm,3-2-0,1-3-0
669,"[[ 2126 10504]
 [ 3919 72660]]","(array([0.        , 0.83167063, 1.        ]), array([0.        , 0.94882409, 1.        ]), array([2, 1, 0]))",0.9488240901552645,0.16249717681160755,0.8383234875404948,0.8736953489490645,0.5585767323302055,5.584203061520738,0.9097112236529925,0.887753979987049,gbm,3-2-0,1-3-1
670,"[[ 11486  58824]
 [ 21727 407544]]","(array([0.        , 0.83663775, 1.        ]), array([0.        , 0.94938629, 1.        ]), array([2, 1, 0]))",0.9493862851205882,0.15738626122446225,0.8387628832962022,0.8738678468505557,0.5563742690003453,5.569026870328707,0.9100630946173626,0.8879948647844225,gbm,3-2-0,1-3-2
671,"[[  9267  46668]
 [ 17004 323990]]","(array([0.        , 0.83432556, 1.        ]), array([0.        , 0.95013402, 1.        ]), array([2, 1, 0]))",0.9501340199534303,0.16208039942885358,0.8395884402500196,0.8740941784610072,0.55790423175199,5.54051300416353,0.9105293036484124,0.8883126255054491,gbm,3-2-0,1-3-3
672,"[[114319  77553]
 [    89 191753]]","(array([0.        , 0.40419134, 1.        ]), array([0.        , 0.99953608, 1.        ]), array([2, 1, 0]))",0.999536076563005,0.6507212028159224,0.7976565879795889,0.7120264680326469,0.7976723703362056,6.988855470567039,0.8316332283778743,0.7554886822277171,gbm,3-2-0,2-0-0
673,"[[121844  82548]
 [   142 204428]]","(array([0.        , 0.40387099, 1.        ]), array([0.        , 0.99930586, 1.        ]), array([2, 1, 0]))",0.9993058610744489,0.6507428392120053,0.7978051750529389,0.7123522524531668,0.7977174340402969,6.983723243880441,0.8317756629084562,0.7557557483544971,gbm,3-2-0,2-0-1
674,"[[ 60661  41139]
 [    49 102388]]","(array([0.        , 0.40411591, 1.        ]), array([0.        , 0.99952166, 1.        ]), array([2, 1, 0]))",0.9995216572137021,0.6513559943544981,0.7983323295974775,0.7133710033652205,0.7977028718288549,6.965515635228984,0.8325446000227675,0.7566976328256066,gbm,3-2-0,2-0-2
675,"[[148083 100593]
 [   202 248151]]","(array([0.        , 0.40451431, 1.        ]), array([0.        , 0.99918664, 1.        ]), array([2, 1, 0]))",0.9991866415948267,0.6498713524376294,0.7972049920628373,0.7115563278508017,0.7973361669104279,7.004453262544676,0.8311915819372732,0.7550253175109792,gbm,3-2-0,2-0-3
676,"[[31131  7236]
 [  872 37779]]","(array([0.        , 0.18859958, 1.        ]), array([0.        , 0.97743913, 1.        ]), array([2, 1, 0]))",0.9774391348218675,0.8003390288592158,0.8947259082292451,0.8392535821392869,0.8944197785298641,3.6361134396756696,0.9030908612817632,0.8636739807325648,gbm,3-2-0,2-1-0
677,"[[130310  87984]
 [    85 218184]]","(array([0.        , 0.40305276, 1.        ]), array([0.        , 0.99961057, 1.        ]), array([2, 1, 0]))",0.9996105722754949,0.6517170688717199,0.7982673749264139,0.7126283608998981,0.7982789042857497,6.967759178179751,0.8320694382738059,0.7560392282151522,gbm,3-2-0,2-1-1
678,"[[39140 26787]
 [   59 65712]]","(array([0.        , 0.40631304, 1.        ]), array([0.        , 0.99910295, 1.        ]), array([2, 1, 0]))",0.9991029481078286,0.6482517019301078,0.7961548391015809,0.7104076800830279,0.796394952446682,7.040725067306526,0.8303784671763442,0.7539809118175539,gbm,3-2-0,2-1-2
679,"[[104051  70751]
 [    64 175092]]","(array([0.        , 0.40474937, 1.        ]), array([0.        , 0.99963461, 1.        ]), array([2, 1, 0]))",0.9996346114320949,0.6506288621159875,0.797647146228976,0.7122106384969269,0.7974426189275667,6.9891816238616755,0.8317929496269587,0.7556658104076898,gbm,3-2-0,2-1-3
680,"[[118118  80647]
 [   136 198866]]","(array([0.        , 0.40574045, 1.        ]), array([0.        , 0.99931659, 1.        ]), array([2, 1, 0]))",0.9993165897830173,0.6493310767127856,0.796908743058122,0.7114731694053587,0.7967880712605877,7.014685629134701,0.8311797958266721,0.754965248197872,gbm,3-2-0,2-2-0
681,"[[ 97519  65843]
 [   102 163402]]","(array([0.        , 0.40304967, 1.        ]), array([0.        , 0.99937616, 1.        ]), array([2, 1, 0]))",0.9993761620510814,0.6514817494911911,0.7982506592915751,0.7127832668106174,0.798163246608724,6.968336435285352,0.8320937799968936,0.7561518726792807,gbm,3-2-0,2-2-1
682,"[[129515  87878]
 [   146 216755]]","(array([0.        , 0.40423565, 1.        ]), array([0.        , 0.99932688, 1.        ]), array([2, 1, 0]))",0.999326881849323,0.6501954882249106,0.7973170248725517,0.7115282979847882,0.7975456174436846,7.000583752961331,0.8312209750466891,0.7550160822553196,gbm,3-2-0,2-2-2
683,"[[124730  84842]
 [   142 210473]]","(array([0.        , 0.40483462, 1.        ]), array([0.        , 0.99932578, 1.        ]), array([2, 1, 0]))",0.9993257840134844,0.6504012967779009,0.7977471935114604,0.7127067707363324,0.7972455843511393,6.985725909155358,0.8320241930701876,0.7560772339470139,gbm,3-2-0,2-2-3
684,"[[52142  8095]
 [ 1411 58632]]","(array([0.        , 0.13438584, 1.        ]), array([0.        , 0.97650017, 1.        ]), array([2, 1, 0]))",0.9765001748746731,0.8472102774087209,0.9209677419354839,0.8786847902648104,0.9210571661431154,2.7297313032193085,0.9250138045278853,0.8966481215839682,gbm,3-2-0,2-3-0
685,"[[31372  7237]
 [  894 37654]]","(array([0.        , 0.18744334, 1.        ]), array([0.        , 0.97680814, 1.        ]), array([2, 1, 0]))",0.976808135311819,0.8001487835920584,0.8946174682789637,0.83878728475641,0.8946823965429567,3.63985869789677,0.9025515646160668,0.8631803843896716,gbm,3-2-0,2-3-1
686,"[[126054  85076]
 [    89 212088]]","(array([0.        , 0.40295553, 1.        ]), array([0.        , 0.99958054, 1.        ]), array([2, 1, 0]))",0.9995805388897006,0.6522226972426255,0.7988103196970521,0.713706909316068,0.7983125069288649,6.949006083583641,0.832793747214538,0.7570067238564483,gbm,3-2-0,2-3-2
687,"[[125851  85573]
 [   178 210993]]","(array([0.        , 0.40474591, 1.        ]), array([0.        , 0.99915708, 1.        ]), array([2, 1, 0]))",0.9991570812280095,0.6496587860355652,0.797084679184562,0.7114537742020326,0.7972055839014272,7.00860880651896,0.8311113824676949,0.7549295673859607,gbm,3-2-0,2-3-3
688,"[[61448 12463]
 [  147 36448]]","(array([0.        , 0.16862172, 1.        ]), array([0.        , 0.99598306, 1.        ]), array([2, 1, 0]))",0.9959830577947807,0.7839432702441214,0.8858885490380612,0.7451902435035064,0.9136806685383098,3.9413600684360692,0.8525249690080229,0.784708855963038,gbm,3-2-0,3-0-0
689,"[[196222  61692]
 [   314 129321]]","(array([0.        , 0.23919601, 1.        ]), array([0.        , 0.99757781, 1.        ]), array([2, 1, 0]))",0.9975778146333938,0.7157048816050301,0.8400047477867315,0.677027218042751,0.8791909017799676,5.526167524384004,0.8066228387515282,0.7235251268061413,gbm,3-2-0,3-0-1
690,"[[76499  4406]
 [ 1313 39044]]","(array([0.        , 0.05445893, 1.        ]), array([0.        , 0.96746537, 1.        ]), array([2, 1, 0]))",0.9674653715588374,0.8972279191640292,0.9528376573040194,0.8985960874568469,0.9565032191209921,1.6289586616480987,0.9317598768599282,0.911574218914161,gbm,3-2-0,3-0-2
691,"[[150114  47046]
 [    77  98402]]","(array([0.        , 0.23861838, 1.        ]), array([0.        , 0.99921811, 1.        ]), array([2, 1, 0]))",0.9992181074137634,0.7170699997661424,0.8406062799562981,0.676544194488752,0.8802998632017083,5.505391297893975,0.8068151537140211,0.7232558789070826,gbm,3-2-0,3-0-3
692,"[[207453  28551]
 [   573 117721]]","(array([0.        , 0.12097676, 1.        ]), array([0.        , 0.99515614, 1.        ]), array([2, 1, 0]))",0.995156136405904,0.8373406716526078,0.9177980118431377,0.8048088492671188,0.9370896866500971,2.839220523490419,0.8899178276876092,0.8368212436485436,gbm,3-2-0,3-1-0
693,"[[161645  50488]
 [    78 106561]]","(array([0.        , 0.23800163, 1.        ]), array([0.        , 0.99926856, 1.        ]), array([2, 1, 0]))",0.9992685602828234,0.7184484800656029,0.8413725170341184,0.6785207164642882,0.880633464615303,5.478925806721135,0.8082354904280817,0.7250675321670851,gbm,3-2-0,3-1-1
694,"[[109467  18704]
 [   346  63208]]","(array([0.        , 0.14593005, 1.        ]), array([0.        , 0.99455581, 1.        ]), array([2, 1, 0]))",0.9945558108065582,0.8075732051270674,0.9006389359760073,0.7716573884168376,0.9243128821140796,3.4318875785285337,0.8690415629769156,0.8078690804239242,gbm,3-2-0,3-1-2
695,"[[223140  69789]
 [   350 146371]]","(array([0.        , 0.23824545, 1.        ]), array([0.        , 0.99761452, 1.        ]), array([2, 1, 0]))",0.9976145200755174,0.7162481557704654,0.840466279995451,0.6771419319022945,0.8796845374667602,5.510226408888199,0.8067162513330817,0.7236337964386603,gbm,3-2-0,3-1-3
696,"[[69191   236]
 [  467 34057]]","(array([0.        , 0.00339925, 1.        ]), array([0.        , 0.98647318, 1.        ]), array([2, 1, 0]))",0.9864731780790175,0.984742518904854,0.9932371982953507,0.9931181290642405,0.99153696209322,0.23358071120639376,0.9897845009227371,0.9917819867673097,gbm,3-2-0,3-2-0
697,"[[55369 17317]
 [   80 36363]]","(array([0.        , 0.23824395, 1.        ]), array([0.        , 0.99780479, 1.        ]), array([2, 1, 0]))",0.9978047910435475,0.7165424056337979,0.8405831630455699,0.677403129657228,0.8797804187999841,5.506189368279375,0.8069638161179721,0.7238924523118454,gbm,3-2-0,3-2-1
698,"[[246646  17743]
 [  4296 127176]]","(array([0.        , 0.06710945, 1.        ]), array([0.        , 0.96732384, 1.        ]), array([2, 1, 0]))",0.9673238408178167,0.8801059075353188,0.94432641760618,0.8775660886426211,0.9501071961200763,1.9229332523907154,0.9202615135803989,0.8941598654569795,gbm,3-2-0,3-2-2
699,"[[161920  50754]
 [   662 105459]]","(array([0.        , 0.23864694, 1.        ]), array([0.        , 0.99376184, 1.        ]), array([2, 1, 0]))",0.9937618379020176,0.7118296701860881,0.8387176712307282,0.6750974630792572,0.8775574473465814,5.570621590328268,0.8040055806719678,0.7213604332854976,gbm,3-2-0,3-2-3
700,"[[55759 12675]
 [  112 34197]]","(array([0.        , 0.18521495, 1.        ]), array([0.        , 0.99673555, 1.        ]), array([2, 1, 0]))",0.9967355504386604,0.7684039273181988,0.8755438326698656,0.7295826932923707,0.9057602994032155,4.298662377574635,0.842487774232887,0.7709076317533601,gbm,3-2-0,3-3-0
701,"[[195131  29835]
 [   788 111777]]","(array([0.        , 0.13262004, 1.        ]), array([0.       , 0.9929996, 1.       ]), array([2, 1, 0]))",0.9929996002309777,0.8219812468311036,0.9092735185805155,0.7893187018049318,0.9301897799346615,3.1336523327655232,0.8795209637378677,0.8230843886641346,gbm,3-2-0,3-3-1
702,"[[144944  19899]
 [   434  81867]]","(array([0.        , 0.12071486, 1.        ]), array([0.        , 0.99472667, 1.        ]), array([2, 1, 0]))",0.9947266740379825,0.8369594470593184,0.9177281261127116,0.8044631802370144,0.9370059060088787,2.8416342360202256,0.8895347889627148,0.8364615368896429,gbm,3-2-0,3-3-2
703,"[[98483  6903]
 [ 1776 50880]]","(array([0.        , 0.06550206, 1.        ]), array([0.        , 0.96627165, 1.        ]), array([2, 1, 0]))",0.9662716499544212,0.8815914752551203,0.9450842181192342,0.8805357977259748,0.9503847954286937,1.8967588359581036,0.9214136310542472,0.8964438242631824,gbm,3-2-0,3-3-3
704,"[[232189  23191]
 [121615  16024]]","(array([0.        , 0.09080977, 1.        ]), array([0.        , 0.11642049, 1.        ]), array([2, 1, 0]))",0.11642049128517354,0.04076415687794855,0.631554708550986,0.4086191508351396,0.5128053588072825,12.725696717220902,0.1812116208850238,0.27205525315875434,gbm,3-1-0,0-0-0
705,"[[168564  16955]
 [ 88189  11716]]","(array([0.        , 0.09139226, 1.        ]), array([0.        , 0.11727141, 1.        ]), array([2, 1, 0]))",0.11727140783744558,0.04106375489316936,0.6316217276753181,0.40863590387499565,0.5129395757593429,12.723382274934547,0.18224240915878548,0.2729869657810978,gbm,3-1-0,0-0-1
706,"[[265832  26648]
 [138858  18333]]","(array([0.       , 0.0911105, 1.       ]), array([0.        , 0.11662881, 1.        ]), array([2, 1, 0]))",0.11662881462679162,0.04055440814809032,0.631939795984175,0.40757208599186323,0.5127591556722579,12.712396471394436,0.18136042577607184,0.27191017901902914,gbm,3-1-0,0-0-2
707,"[[72246  7168]
 [37943  4995]]","(array([0.        , 0.09026116, 1.        ]), array([0.        , 0.11633052, 1.        ]), array([2, 1, 0]))",0.11633052307978946,0.04158247525866211,0.6313014907806983,0.41067170928224944,0.5130346800303373,12.734442211530629,0.18130342462024282,0.2726826072715362,gbm,3-1-0,0-0-3
708,"[[242572  24388]
 [126838  16662]]","(array([0.        , 0.09135451, 1.        ]), array([0.       , 0.1161115, 1.       ]), array([2, 1, 0]))",0.11611149825783972,0.03934920412617788,0.6315694586561419,0.4058952496954933,0.5123784941094413,12.725187593623959,0.1805689515036575,0.27075073123171917,gbm,3-1-0,0-1-0
709,"[[116775  11629]
 [ 60835   8002]]","(array([0.        , 0.09056571, 1.        ]), array([0.        , 0.11624562, 1.        ]), array([2, 1, 0]))",0.11624562371980185,0.04088733551832551,0.6326118808969737,0.4076206000713158,0.5128399546280389,12.689183238775527,0.18090156892887826,0.271510101044374,gbm,3-1-0,0-1-1
710,"[[287028  28736]
 [150010  19742]]","(array([0.        , 0.09100467, 1.        ]), array([0.        , 0.11629907, 1.        ]), array([2, 1, 0]))",0.11629907158678543,0.04023288208137328,0.6318432348264527,0.40723627212343744,0.5126471986048596,12.71573151598806,0.18092837831645514,0.2714318711777905,gbm,3-1-0,0-1-2
711,"[[286152  28674]
 [149624  19684]]","(array([0.        , 0.09107888, 1.        ]), array([0.        , 0.11626149, 1.        ]), array([2, 1, 0]))",0.1162614879391405,0.04005058752016274,0.631717664944003,0.40704743785929937,0.5125913031355858,12.720068578774676,0.1808642599211636,0.2713238131995368,gbm,3-1-0,0-1-3
712,"[[45020  4247]
 [23901  3085]]","(array([0.        , 0.08620375, 1.        ]), array([0.        , 0.11431854, 1.        ]), array([2, 1, 0]))",0.11431853553694508,0.0456031798050898,0.6308604251636001,0.4207583196944899,0.5140573943034757,12.749673768300683,0.17978903199487148,0.2739105728593245,gbm,3-1-0,0-2-0
713,"[[115689  11570]
 [ 60859   7850]]","(array([0.        , 0.09091695, 1.        ]), array([0.        , 0.11424995, 1.        ]), array([2, 1, 0]))",0.11424995269906417,0.03726196082905476,0.6304039435009797,0.4042224510813594,0.5116665018997878,12.765442760293789,0.1781479422210623,0.2681212386176557,gbm,3-1-0,0-2-1
714,"[[98405  9784]
 [51351  6686]]","(array([0.        , 0.09043433, 1.        ]), array([0.        , 0.11520237, 1.        ]), array([2, 1, 0]))",0.11520237090132157,0.03951816113288448,0.6322175832902194,0.40595021250758956,0.5123840191953114,12.702801716723746,0.17947306964446294,0.2697773509687936,gbm,3-1-0,0-2-2
715,"[[251640  25136]
 [131798  17323]]","(array([0.        , 0.09081712, 1.        ]), array([0.        , 0.11616741, 1.        ]), array([2, 1, 0]))",0.11616740767564596,0.040363052685250714,0.631521236355269,0.4079935938199204,0.5126751424018603,12.726852815210997,0.18084351184883599,0.2715569810350612,gbm,3-1-0,0-2-3
716,"[[234313  23462]
 [122171  16023]]","(array([0.        , 0.09101736, 1.        ]), array([0.       , 0.1159457, 1.       ]), array([2, 1, 0]))",0.11594569952385776,0.039657218359434115,0.632211107435178,0.4057996707610485,0.5124641697114972,12.703025698665641,0.18035896194823245,0.2705363112644951,gbm,3-1-0,0-3-0
717,"[[149845  14903]
 [ 78003  10301]]","(array([0.        , 0.09045937, 1.        ]), array([0.        , 0.11665383, 1.        ]), array([2, 1, 0]))",0.11665383221598116,0.041691971642628126,0.6328580686973428,0.4087049674654817,0.5130972319843593,12.680680161176648,0.181502625365613,0.2723403130287648,gbm,3-1-0,0-3-1
718,"[[89022  9608]
 [46803  6095]]","(array([0.        , 0.09741458, 1.        ]), array([0.        , 0.11522175, 1.        ]), array([2, 1, 0]))",0.1152217475140837,0.027850809387448563,0.6277189694313923,0.388142393173279,0.5089035838858059,12.85818197128858,0.17769420270841535,0.26337395212168346,gbm,3-1-0,0-3-2
719,"[[239172  23832]
 [124882  16384]]","(array([0.        , 0.09061459, 1.        ]), array([0.        , 0.11597978, 1.        ]), array([2, 1, 0]))",0.11597978282106097,0.04040692533129762,0.6321418853736365,0.40740003978516015,0.5126825957040013,12.70541630296264,0.18055785146736314,0.2711415615794525,gbm,3-1-0,0-3-3
720,"[[  5319  28056]
 [  3515 200756]]","(array([0.        , 0.84062921, 1.        ]), array([0.        , 0.98279247, 1.        ]), array([2, 1, 0]))",0.9827924668699913,0.2610858002057036,0.8671511407724094,0.8773840532839187,0.5710816266934227,4.588531442015548,0.9271017333859792,0.8966172079259038,gbm,3-1-0,1-0-0
721,"[[  9927  52372]
 [  6353 375160]]","(array([0.        , 0.84065555, 1.        ]), array([0.        , 0.98334788, 1.        ]), array([2, 1, 0]))",0.9833478806751015,0.2636843361190102,0.8676804592935747,0.8775015671341561,0.5713461662159758,4.570249385568086,0.927414420705894,0.8968078174026995,gbm,3-1-0,1-0-1
722,"[[  3044  15800]
 [  1939 112860]]","(array([0.        , 0.83846317, 1.        ]), array([0.        , 0.98310961, 1.        ]), array([2, 1, 0]))",0.9831096089687192,0.26570279661313734,0.8672657752370121,0.8771957096222602,0.5723232188337546,4.58457224178384,0.9271376289231452,0.8965126088469255,gbm,3-1-0,1-0-2
723,"[[  3661  19283]
 [  2365 135584]]","(array([0.        , 0.84043759, 1.        ]), array([0.        , 0.98285598, 1.        ]), array([2, 1, 0]))",0.9828559830082132,0.2622804550951781,0.8654509518748486,0.8754867079494018,0.5712091979197272,4.6472553189652315,0.9260696136823124,0.8950419649941843,gbm,3-1-0,1-0-3
724,"[[  5886  31518]
 [  3815 223021]]","(array([0.        , 0.84263715, 1.        ]), array([0.        , 0.98318168, 1.        ]), array([2, 1, 0]))",0.9831816819199775,0.2605214851566123,0.866284438389343,0.876176145895128,0.570272265406572,4.618467257316016,0.9265998441963126,0.8956724219914667,gbm,3-1-0,1-1-0
725,"[[  4917  26440]
 [  3192 188958]]","(array([0.        , 0.84319291, 1.        ]), array([0.        , 0.98338798, 1.        ]), array([2, 1, 0]))",0.9833879781420765,0.26038484745644513,0.8674224968345511,0.877250485148423,0.5700975353286521,4.579159326061592,0.9272919999607407,0.8966046717317903,gbm,3-1-0,1-1-1
726,"[[  3337  17421]
 [  2101 124785]]","(array([0.       , 0.8392427, 1.       ]), array([0.        , 0.98344183, 1.        ]), array([2, 1, 0]))",0.9834418296738805,0.26612377757495304,0.8677765435777952,0.8774946204801485,0.5720995640324311,4.566930742653124,0.9274523211392386,0.8968176395337137,gbm,3-1-0,1-1-2
727,"[[  3869  20694]
 [  2469 148596]]","(array([0.        , 0.84248667, 1.        ]), array([0.        , 0.98365604, 1.        ]), array([2, 1, 0]))",0.9836560421010823,0.26252541529283574,0.8681132848976245,0.8777600567074251,0.5705846875815024,4.555299977819805,0.9276958374303507,0.8970750701802046,gbm,3-1-0,1-1-3
728,"[[  4584  24506]
 [  2881 174897]]","(array([0.        , 0.84242008, 1.        ]), array([0.       , 0.9837944, 1.       ]), array([2, 1, 0]))",0.983794395257006,0.26351215127945843,0.8676112303497883,0.8771031529114407,0.5706871598148213,4.572640834068311,0.9273902980266768,0.8965490726786208,gbm,3-1-0,1-2-0
729,"[[  6528  34697]
 [  4157 244823]]","(array([0.        , 0.84164948, 1.        ]), array([0.        , 0.98330388, 1.        ]), array([2, 1, 0]))",0.9833038798297052,0.2626025329993484,0.8661153322651229,0.8758693474527762,0.5708271976468114,4.624308201719113,0.9264824976348156,0.8954361915351193,gbm,3-1-0,1-2-1
730,"[[  9661  51210]
 [  6137 360732]]","(array([0.        , 0.84128731, 1.        ]), array([0.        , 0.98327196, 1.        ]), array([2, 1, 0]))",0.9832719581103881,0.26301651355257244,0.8659302379950438,0.8756863830345049,0.5709923227985201,4.6307012608204605,0.9263659604191516,0.8952779086257228,gbm,3-1-0,1-2-2
731,"[[ 10413  55292]
 [  6654 391930]]","(array([0.        , 0.84151891, 1.        ]), array([0.       , 0.9833059, 1.       ]), array([2, 1, 0]))",0.9833059028962527,0.2626366664521534,0.8665787903654836,0.8763656528524983,0.5708934963077261,4.608300549658182,0.9267609830150176,0.8958514668987764,gbm,3-1-0,1-2-3
732,"[[  1075  35142]
 [   142 219777]]","(array([0.        , 0.97031781, 1.        ]), array([0.        , 0.99935431, 1.        ]), array([2, 1, 0]))",0.9993543077223886,0.1471246707903797,0.8622450573133023,0.8621444458828098,0.5145182505837279,4.757996867956557,0.9256925519861511,0.8864871187766971,gbm,3-1-0,1-3-0
733,"[[ 1959 10671]
 [ 1300 75279]]","(array([0.        , 0.84489311, 1.        ]), array([0.        , 0.98302407, 1.        ]), array([2, 1, 0]))",0.983024066650126,0.2566743166195895,0.8658095035254291,0.8758464223385689,0.5690654775055856,4.634871198283284,0.9263454521962233,0.8953706060483516,gbm,3-1-0,1-3-1
734,"[[ 11076  59234]
 [  7285 421986]]","(array([0.        , 0.84246907, 1.        ]), array([0.        , 0.98302937, 1.        ]), array([2, 1, 0]))",0.9830293683943243,0.2597867569736988,0.8668504206525068,0.8769086904118698,0.5702801514137743,4.598918354315404,0.9269416172153266,0.8962594158148733,gbm,3-1-0,1-3-2
735,"[[  9086  46849]
 [  5550 335444]]","(array([0.        , 0.83756146, 1.        ]), array([0.        , 0.98372405, 1.        ]), array([2, 1, 0]))",0.983724053795668,0.2698622096062503,0.8679889854356825,0.8774526344976236,0.5730812992675488,4.559593289119547,0.9275543456470253,0.896829479308254,gbm,3-1-0,1-3-3
736,"[[153210  38662]
 [  3959 187883]]","(array([0.        , 0.20149892, 1.        ]), array([0.        , 0.97936323, 1.        ]), array([2, 1, 0]))",0.9793632259880527,0.7908986020534954,0.8889250848288048,0.8293407490785495,0.888932155022045,3.836472223487636,0.8981302000301158,0.8555520745485972,gbm,3-1-0,2-0-0
737,"[[155666  48726]
 [   233 204337]]","(array([0.        , 0.23839485, 1.        ]), array([0.        , 0.99886103, 1.        ]), array([2, 1, 0]))",0.998861025565821,0.78288294288372,0.8802847208298081,0.8074550605975587,0.8802330882261764,4.134914526784436,0.8930168934495545,0.8396338987953865,gbm,3-1-0,2-0-1
738,"[[ 81315  20485]
 [  2113 100324]]","(array([0.       , 0.2012279, 1.       ]), array([0.        , 0.97937269, 1.        ]), array([2, 1, 0]))",0.9793726876031121,0.7915113875455854,0.8893540347733271,0.8304348185979521,0.8890723948821061,3.8216564516985136,0.8987753419994087,0.8564847619746855,gbm,3-1-0,2-0-2
739,"[[188988  59688]
 [   285 248068]]","(array([0.        , 0.24002316, 1.        ]), array([0.        , 0.99885244, 1.        ]), array([2, 1, 0]))",0.9988524398738892,0.781354509600041,0.8793370205762642,0.8060541467916141,0.8794146386021958,4.167647688773476,0.8921560341587711,0.8384204972768943,gbm,3-1-0,2-0-3
740,"[[30558  7809]
 [  764 37887]]","(array([0.        , 0.20353429, 1.        ]), array([0.        , 0.98023337, 1.        ]), array([2, 1, 0]))",0.9802333704173243,0.7905844089243923,0.8886883585655302,0.829109768907563,0.8883495415695973,3.844648966344254,0.8983603447662633,0.8554880664754895,gbm,3-1-0,2-1-0
741,"[[174539  43755]
 [  4416 213853]]","(array([0.        , 0.20044069, 1.        ]), array([0.        , 0.97976808, 1.        ]), array([2, 1, 0]))",0.9797680843363006,0.7922920165047574,0.8896585372557912,0.8301489084189932,0.8896636971288913,3.811139249328965,0.898774263097397,0.8563018689021632,gbm,3-1-0,2-1-1
742,"[[52709 13218]
 [ 1388 64383]]","(array([0.        , 0.20049449, 1.        ]), array([0.        , 0.97889647, 1.        ]), array([2, 1, 0]))",0.9788964741299356,0.7911021521592553,0.8890947470728485,0.8296671434646461,0.8892009939020754,3.8306119842586663,0.8981251569344084,0.8557586229813251,gbm,3-1-0,2-1-2
743,"[[139528  35274]
 [  3607 171549]]","(array([0.        , 0.20179403, 1.        ]), array([0.        , 0.97940693, 1.        ]), array([2, 1, 0]))",0.9794069286807189,0.7908185104110451,0.8888980963429898,0.8294483688951422,0.8888064494320632,3.837404402843412,0.8982116817940252,0.8556503678993823,gbm,3-1-0,2-1-3
744,"[[151092  47673]
 [   143 198859]]","(array([0.        , 0.23984605, 1.        ]), array([0.        , 0.99928141, 1.        ]), array([2, 1, 0]))",0.9992814142571431,0.7822159899805736,0.8797889216551398,0.8066255090617039,0.8797176824511888,4.152039388152712,0.8926771020842406,0.8389754710453704,gbm,3-1-0,2-2-0
745,"[[124331  39031]
 [   156 163348]]","(array([0.        , 0.23892337, 1.        ]), array([0.        , 0.99904589, 1.        ]), array([2, 1, 0]))",0.9990458949016537,0.7826698228845504,0.8801129514847063,0.8071390806358367,0.8800612611345477,4.140847441075741,0.8928974562906722,0.839386651867382,gbm,3-1-0,2-2-1
746,"[[165563  51830]
 [   238 216663]]","(array([0.        , 0.23841614, 1.        ]), array([0.        , 0.99890273, 1.        ]), array([2, 1, 0]))",0.9989027252064305,0.7826814770221361,0.8801088663439974,0.8069595855385429,0.8802432924261627,4.140988483527327,0.8927304416618252,0.8392111385085906,gbm,3-1-0,2-2-2
747,"[[159363  50209]
 [   237 210378]]","(array([0.        , 0.23957876, 1.        ]), array([0.        , 0.99887472, 1.        ]), array([2, 1, 0]))",0.9988747240225055,0.7822211470626452,0.8799439297265266,0.8073234658674454,0.8796479817505309,4.14668531155185,0.8929418805522897,0.8395219970581733,gbm,3-1-0,2-2-3
748,"[[48245 11992]
 [ 1221 58822]]","(array([0.       , 0.1990803, 1.       ]), array([0.        , 0.97966457, 1.        ]), array([2, 1, 0]))",0.9796645737221658,0.7931762407773423,0.8901479880279348,0.8306549552348406,0.8902921371192299,3.7942337984564167,0.8990271823440855,0.8567167396351287,gbm,3-1-0,2-3-0
749,"[[31012  7597]
 [  794 37754]]","(array([0.        , 0.19676759, 1.        ]), array([0.       , 0.9794023, 1.       ]), array([2, 1, 0]))",0.979402303621459,0.7949802618642404,0.8912477156965667,0.8324843994619744,0.8913173552866029,3.7562495596170504,0.899986888997485,0.8582327053175237,gbm,3-1-0,2-3-1
750,"[[168731  42399]
 [  4395 207782]]","(array([0.       , 0.2008194, 1.       ]), array([0.        , 0.97928616, 1.        ]), array([2, 1, 0]))",0.9792861620251017,0.7916913333578577,0.8894561157741309,0.8305266986701628,0.8892333808278305,3.818130587859152,0.8987927104105478,0.8565497101577129,gbm,3-1-0,2-3-2
751,"[[169524  41900]
 [  4513 206658]]","(array([0.        , 0.19817996, 1.        ]), array([0.        , 0.97862869, 1.        ]), array([2, 1, 0]))",0.9786286942809382,0.7928736665156758,0.8901714407411351,0.8314276748284103,0.8902243668165701,3.7934233295455817,0.8990426968931697,0.8572153877168052,gbm,3-1-0,2-3-3
752,"[[59145 14766]
 [  242 36353]]","(array([0.        , 0.19978082, 1.        ]), array([0.        , 0.99338707, 1.        ]), array([2, 1, 0]))",0.993387074736986,0.7490893627662577,0.8641883698622699,0.7111445842054813,0.8968031286336633,4.690874368726349,0.8288984654673142,0.7539894885739056,gbm,3-1-0,3-0-0
753,"[[206745  51169]
 [   945 128690]]","(array([0.        , 0.19839559, 1.        ]), array([0.       , 0.9927103, 1.       ]), array([2, 1, 0]))",0.9927103020017742,0.7514798171207961,0.8655292621062111,0.7155049233010302,0.8971573563871786,4.644560320489231,0.8316154755827253,0.7578282617119181,gbm,3-1-0,3-0-1
754,"[[80615   290]
 [ 8978 31379]]","(array([0.        , 0.00358445, 1.        ]), array([0.       , 0.7775355, 1.       ]), array([2, 1, 0]))",0.7775354957008698,0.8302452408715537,0.9235704507595125,0.9908427800056838,0.8869755224008334,2.6397850234309757,0.8713242440229917,0.9393054067160382,gbm,3-1-0,3-0-2
755,"[[157729  39431]
 [  2125  96354]]","(array([0.        , 0.19999493, 1.        ]), array([0.       , 0.9784218, 1.       ]), array([2, 1, 0]))",0.9784217955097025,0.7362263967660053,0.8594366778402037,0.7096070994587031,0.8892134337662125,4.8549918001115495,0.8226103882798893,0.7508661682400304,gbm,3-1-0,3-0-3
756,"[[235924     80]
 [  1583 116711]]","(array([0.        , 0.00033898, 1.        ]), array([0.        , 0.98661809, 1.        ]), array([2, 1, 0]))",0.9866180871388236,0.9894594019331343,0.9953062111555809,0.9993150157118271,0.9931395549166773,0.16211790389031616,0.9929259629495714,0.9967495533411449,gbm,3-1-0,3-1-0
757,"[[169750  42383]
 [  9030  97609]]","(array([0.        , 0.19979447, 1.        ]), array([0.        , 0.91532179, 1.        ]), array([2, 1, 0]))",0.9153217865883964,0.6802636932372718,0.8387154455221915,0.697246985542031,0.8577636590119319,5.570677475215599,0.7915387765528259,0.7321330259058185,gbm,3-1-0,3-1-1
758,"[[127040   1131]
 [  7631  55923]]","(array([0.        , 0.00882415, 1.        ]), array([0.        , 0.87992888, 1.        ]), array([2, 1, 0]))",0.8799288793781666,0.8969259967495034,0.9542991263528491,0.9801766747292039,0.9355523651948529,1.578456972835577,0.9273514194746616,0.95834047366076,gbm,3-1-0,3-1-2
759,"[[223133  69796]
 [   125 146596]]","(array([0.        , 0.23826934, 1.        ]), array([0.        , 0.99914804, 1.        ]), array([2, 1, 0]))",0.9991480428841134,0.717659826206145,0.8409621289662231,0.6774557284927354,0.880439350583248,5.493100404892044,0.807440108175692,0.7240817592604484,gbm,3-1-0,3-1-3
760,"[[55751 13676]
 [  799 33725]]","(array([0.        , 0.19698388, 1.        ]), array([0.        , 0.97685668, 1.        ]), array([2, 1, 0]))",0.976856679411424,0.7374599998486643,0.8607517003203432,0.7114828801080146,0.8899363985300887,4.8095710826330444,0.8233140067134574,0.752360258423758,gbm,3-1-0,3-2-0
761,"[[66728  5958]
 [ 1414 35029]]","(array([0.        , 0.08196902, 1.        ]), array([0.        , 0.96119968, 1.        ]), array([2, 1, 0]))",0.9611996816947013,0.8562582475537269,0.9324469206168846,0.8546368360699734,0.9396153321386584,2.3332443583719336,0.9047914245124629,0.8740162981371418,gbm,3-1-0,3-2-1
762,"[[200871  63518]
 [   100 131372]]","(array([0.        , 0.24024449, 1.        ]), array([0.        , 0.99923938, 1.        ]), array([2, 1, 0]))",0.9992393817695022,0.7150159097773956,0.8392920747434074,0.6740828159474576,0.8794974467671819,5.550783394982075,0.805069217617247,0.7210065069064533,gbm,3-1-0,3-2-2
763,"[[161923  50751]
 [   584 105537]]","(array([0.        , 0.23863284, 1.        ]), array([0.        , 0.99449685, 1.        ]), array([2, 1, 0]))",0.9944968479377314,0.7125292232663115,0.8389717530074186,0.6752725737100738,0.8779320054127657,5.561845909132577,0.8043702769340991,0.7215978164105609,gbm,3-1-0,3-2-3
764,"[[68371    63]
 [ 8848 25461]]","(array([0.       , 0.0009206, 1.       ]), array([0.        , 0.74210848, 1.        ]), array([2, 1, 0]))",0.7421084846541723,0.8089689501744404,0.9132690304935616,0.9975317348377997,0.870593944814154,2.995582052594213,0.8510688081827753,0.933286902972765,gbm,3-1-0,3-3-0
765,"[[171452  53514]
 [   104 112461]]","(array([0.        , 0.23787595, 1.        ]), array([0.        , 0.99907609, 1.        ]), array([2, 1, 0]))",0.9990760893705859,0.7178516420510619,0.8411464428452498,0.6775779484862178,0.8806000718360623,5.486734262628323,0.8075034106412006,0.7241858937621142,gbm,3-1-0,3-3-1
766,"[[125413  39430]
 [    81  82220]]","(array([0.       , 0.2391973, 1.       ]), array([0.        , 0.99901581, 1.        ]), array([2, 1, 0]))",0.9990158078273654,0.7162755766718544,0.8401296410190011,0.6758734073160707,0.8799092555027705,5.521854150883652,0.8062720947678609,0.7226213348192393,gbm,3-1-0,3-3-2
767,"[[104390    996]
 [  6598  46058]]","(array([0.        , 0.00945097, 1.        ]), array([0.        , 0.87469614, 1.        ]), array([2, 1, 0]))",0.8746961409905804,0.891904366007072,0.9519494817833234,0.9788328303651124,0.9326225851367036,1.659611143506108,0.9238391334871127,0.9560679531037232,gbm,3-1-0,3-3-3
768,"[[ 19419 235961]
 [  4585 133054]]","(array([0.        , 0.92396037, 1.        ]), array([0.        , 0.96668822, 1.        ]), array([2, 1, 0]))",0.9666882206351397,0.08511603708576138,0.38795325416837356,0.36056528867390214,0.5213639239286593,21.139825760330687,0.5252262885519506,0.41226399718906687,gbm,1-3-0,0-0-0
769,"[[ 12694 172825]
 [  3476  96429]]","(array([0.        , 0.93157574, 1.        ]), array([0.        , 0.96520695, 1.        ]), array([2, 1, 0]))",0.9652069465992693,0.06938956201108647,0.3823189360390156,0.3581339552987142,0.5168156025155102,21.33443230991445,0.5224252964169911,0.409666409215232,gbm,1-3-0,0-0-1
770,"[[ 22290 270190]
 [  5217 151974]]","(array([0.        , 0.92378966, 1.        ]), array([0.        , 0.96681108, 1.        ]), array([2, 1, 0]))",0.9668110769700555,0.08560209934144834,0.3875366656955863,0.35998806151164003,0.5215107080692729,21.154214600947874,0.5246317024967421,0.41166467209904184,gbm,1-3-0,0-0-2
771,"[[ 5430 73984]
 [ 1497 41441]]","(array([0.        , 0.93162415, 1.        ]), array([0.        , 0.96513578, 1.        ]), array([2, 1, 0]))",0.9651357771670781,0.06920579505408915,0.3830832352556558,0.3590296729478016,0.5167558151456062,21.30803369360966,0.523367200671874,0.4106012626873124,gbm,1-3-0,0-0-3
772,"[[ 20310 246650]
 [  4823 138677]]","(array([0.        , 0.92392119, 1.        ]), array([0.        , 0.96639024, 1.        ]), array([2, 1, 0]))",0.966390243902439,0.08446655488480931,0.387338595721873,0.35989432352261846,0.5212345286039015,21.16105573518377,0.5244701953568937,0.41155134591003845,gbm,1-3-0,0-1-0
773,"[[  9713 118691]
 [  2357  66480]]","(array([0.        , 0.92435594, 1.        ]), array([0.        , 0.96575969, 1.        ]), array([2, 1, 0]))",0.9657596931882563,0.08233791090288754,0.3862939246911139,0.35901950089376844,0.5207018770604688,21.19713807002467,0.5234480803754212,0.410613189775188,gbm,1-3-0,0-1-1
774,"[[ 21641 294123]
 [  5647 164105]]","(array([0.        , 0.93146464, 1.        ]), array([0.        , 0.96673382, 1.        ]), array([2, 1, 0]))",0.9667338234601065,0.07302263840235992,0.38257441567322187,0.3581295774156097,0.5176345926563146,21.325608589412784,0.5226440332494665,0.40971675727930396,gbm,1-3-0,0-1-2
775,"[[ 21506 293320]
 [  5631 163677]]","(array([0.        , 0.93168925, 1.        ]), array([0.        , 0.96674109, 1.        ]), array([2, 1, 0]))",0.9667410872492735,0.07266867190751415,0.3825036043739956,0.3581577121950472,0.5175259183395586,21.328054381541403,0.5226750544862327,0.4097464772372246,gbm,1-3-0,0-1-3
776,"[[ 4581 44686]
 [  879 26107]]","(array([0.        , 0.90701687, 1.        ]), array([0.        , 0.96742756, 1.        ]), array([2, 1, 0]))",0.9674275550285333,0.11203910145168659,0.40244973968237313,0.3687793990931307,0.5302053438771465,20.63912340819208,0.5340001431800284,0.42086613919357235,gbm,1-3-0,0-2-0
777,"[[  9740 117519]
 [  2356  66353]]","(array([0.        , 0.92346317, 1.        ]), array([0.        , 0.96571046, 1.        ]), array([2, 1, 0]))",0.965710460056179,0.08376665977326354,0.3882929866100588,0.36086516707274624,0.5211236432640886,21.1280912609728,0.5253997727461686,0.4125419517854456,gbm,1-3-0,0-2-1
778,"[[ 8226 99963]
 [ 1982 56055]]","(array([0.        , 0.92396639, 1.        ]), array([0.        , 0.96584937, 1.        ]), array([2, 1, 0]))",0.9658493719523752,0.08316180738029716,0.386708457160733,0.3592854670614929,0.5209414899026497,21.182820315336254,0.5237438975964122,0.4108947396970279,gbm,1-3-0,0-2-2
779,"[[ 18934 257842]
 [  4953 144168]]","(array([0.        , 0.93159089, 1.        ]), array([0.        , 0.96678536, 1.        ]), array([2, 1, 0]))",0.9667853622226246,0.07296403610064531,0.3829611384912314,0.35861794482724313,0.517597236419576,21.312251348333394,0.5231714419983634,0.41022991063425607,gbm,1-3-0,0-2-3
780,"[[ 17668 240107]
 [  4574 133620]]","(array([0.        , 0.93145961, 1.        ]), array([0.       , 0.9669016, 1.       ]), array([2, 1, 0]))",0.9669016020956047,0.07337008232738758,0.3820703135851544,0.3575337077599424,0.5177209979249239,21.343020125371712,0.522033673164414,0.409098758069,gbm,1-3-0,0-3-0
781,"[[ 12678 152070]
 [  2885  85419]]","(array([0.        , 0.92304611, 1.        ]), array([0.        , 0.96732877, 1.        ]), array([2, 1, 0]))",0.9673287733285015,0.08785482549618154,0.38765550163602736,0.3596756060280687,0.5221413332736178,21.15011021866887,0.5243759074013254,0.4113565002985765,gbm,1-3-0,0-3-1
782,"[[ 6806 91824]
 [ 1667 51231]]","(array([0.        , 0.93099463, 1.        ]), array([0.        , 0.96848652, 1.        ]), array([2, 1, 0]))",0.968486521229536,0.07778420350130469,0.3830117206060926,0.35812100241165984,0.5187459474240553,21.310504765924616,0.5228906931764249,0.4097706353040546,gbm,1-3-0,0-3-2
783,"[[ 20014 242990]
 [  4680 136586]]","(array([0.       , 0.9239023, 1.       ]), array([0.        , 0.96687101, 1.        ]), array([2, 1, 0]))",0.9668710093016012,0.0855474827032658,0.38736487990699286,0.3598383459438953,0.5214843556188467,21.160148029552257,0.5244815126276299,0.4115102104762077,gbm,1-3-0,0-3-3
784,"[[  5221  28154]
 [    22 204249]]","(array([0.        , 0.84356554, 1.        ]), array([0.       , 0.9998923, 1.       ]), array([2, 1, 0]))",0.9998922999348904,0.36977412582009345,0.8814370955118117,0.8788569854950238,0.5781633784318646,4.0951123754199665,0.9354758927712664,0.9006617084831503,gbm,1-3-0,1-0-0
785,"[[ 10544  51755]
 [    81 381432]]","(array([0.       , 0.8307517, 1.       ]), array([0.        , 0.99978769, 1.        ]), array([2, 1, 0]))",0.9997876874444646,0.3841246813288493,0.8832027975809577,0.8805250388400391,0.5845179949927182,4.034125702711036,0.936374125444949,0.902045679317738,gbm,1-3-0,1-0-1
786,"[[  3136  15708]
 [  5451 109348]]","(array([0.        , 0.83358098, 1.        ]), array([0.        , 0.95251701, 1.        ]), array([2, 1, 0]))",0.9525170079878744,0.16880916833870532,0.8416752093263395,0.8743922722620266,0.5594680136521838,5.468438525147958,0.9117842029559525,0.8889748838661319,gbm,1-3-0,1-0-2
787,"[[  3857  19087]
 [  6543 131406]]","(array([0.        , 0.83189505, 1.        ]), array([0.        , 0.95256943, 1.        ]), array([2, 1, 0]))",0.9525694278320249,0.17160664410024398,0.840701584282722,0.8731701806728552,0.56033718950876,5.502067218074814,0.9111433147738539,0.8879731755146832,gbm,1-3-0,1-0-3
788,"[[  6369  31035]
 [    50 226786]]","(array([0.        , 0.82972409, 1.        ]), array([0.        , 0.99977958, 1.        ]), array([2, 1, 0]))",0.9997795764340757,0.3850461814586051,0.8823607326672722,0.8796257868831476,0.5850277413771277,4.0632102624206965,0.9358618569421262,0.9012892251931455,gbm,1-3-0,1-1-0
789,"[[ 26104   5253]
 [ 65123 127027]]","(array([0.       , 0.1675224, 1.       ]), array([0.        , 0.66108249, 1.        ]), array([2, 1, 0]))",0.6610824876398647,0.3487535904394855,0.6851284299820587,0.9602887813728455,0.7467800421743668,10.875297542598378,0.7830780137471873,0.880578701457152,gbm,1-3-0,1-1-1
790,"[[  3382  17376]
 [     9 126877]]","(array([0.        , 0.83707486, 1.        ]), array([0.        , 0.99992907, 1.        ]), array([2, 1, 0]))",0.9999290701889886,0.37789597722910695,0.8822505486169434,0.8795449661358863,0.5814271037427263,4.067016075360119,0.9358815957866631,0.9012456350209831,gbm,1-3-0,1-1-2
791,"[[  3922  20641]
 [     6 151059]]","(array([0.        , 0.84032895, 1.        ]), array([0.        , 0.99996028, 1.        ]), array([2, 1, 0]))",0.9999602819978155,0.3744293481729006,0.8824390188352654,0.8797845078625509,0.5798156659754985,4.060506415356764,0.9360308583644447,0.9014519045430947,gbm,1-3-0,1-1-3
792,"[[ 22993   6097]
 [ 60264 117514]]","(array([0.        , 0.20959092, 1.        ]), array([0.        , 0.66101542, 1.        ]), array([2, 1, 0]))",0.6610154237307203,0.3200052139947334,0.679210897770559,0.9506759107199197,0.7257122495071614,11.07968663828238,0.7798161180401407,0.8740713633293763,gbm,1-3-0,1-2-0
793,"[[  6565  34660]
 [    15 248965]]","(array([0.        , 0.84075197, 1.        ]), array([0.        , 0.99993975, 1.        ]), array([2, 1, 0]))",0.9999397541971242,0.37332502033642906,0.8805154976654433,0.87779638607316,0.5795938916528374,4.126944006962178,0.934895466621605,0.8997780958163472,gbm,1-3-0,1-2-1
794,"[[  9957  50914]
 [    20 366849]]","(array([0.        , 0.83642457, 1.        ]), array([0.        , 0.99994548, 1.        ]), array([2, 1, 0]))",0.999945484628028,0.3785027691156136,0.8809229906017674,0.8781270720480272,0.5817604573178746,4.112869377663865,0.9350854923072217,0.9000569698236585,gbm,1-3-0,1-2-2
795,"[[ 10776  54929]
 [    31 398553]]","(array([0.        , 0.83599422, 1.        ]), array([0.        , 0.99992222, 1.        ]), array([2, 1, 0]))",0.9999222246753507,0.3789480702343893,0.881625453112178,0.8788728108282137,0.5819640040506348,4.08860660440272,0.9354979543838154,0.9006798607193994,gbm,1-3-0,1-2-3
796,"[[ 35769    448]
 [  1364 218555]]","(array([0.        , 0.01236988, 1.        ]), array([0.        , 0.99379772, 1.        ]), array([2, 1, 0]))",0.993797716431959,0.97127214286539,0.9929256332573321,0.997954365921928,0.9907139174423096,0.24434136961312403,0.995871703856266,0.997120256658494,gbm,1-3-0,1-3-0
797,"[[ 2130 10500]
 [   15 76564]]","(array([0.        , 0.83135392, 1.        ]), array([0.        , 0.99980412, 1.        ]), array([2, 1, 0]))",0.999804123845963,0.38334968187445995,0.8821307267203982,0.8793990627584306,0.584225102303029,4.071154587154917,0.9357442725933892,0.9011027810797133,gbm,1-3-0,1-3-1
798,"[[ 11409  58901]
 [    51 429220]]","(array([0.       , 0.8377329, 1.       ]), array([0.        , 0.99988119, 1.        ]), array([2, 1, 0]))",0.9998811939311064,0.37664365891990514,0.881997113581181,0.8793311494485998,0.5810741483807147,4.075769581151029,0.9357395747946351,0.901058253262825,gbm,1-3-0,1-3-2
799,"[[  9103  46832]
 [    32 340962]]","(array([0.        , 0.83725753, 1.        ]), array([0.        , 0.99990616, 1.        ]), array([2, 1, 0]))",0.9999061567065696,0.3774077110849112,0.8819335447901262,0.8792348514933186,0.5813243128218644,4.077965237405042,0.9356959774310225,0.9009814128751645,gbm,1-3-0,1-3-3
800,"[[  8694 183178]
 [  9671 182171]]","(array([0.        , 0.95468854, 1.        ]), array([0.        , 0.94958872, 1.        ]), array([2, 1, 0]))",0.9495887240541696,-0.011944911152544594,0.4974147411874469,0.49862186566816935,0.4974500908462976,17.359061586598866,0.653890676626148,0.5509521315140349,gbm,1-3-0,2-0-0
801,"[[  7257 197135]
 [  9211 195359]]","(array([0.       , 0.9644947, 1.       ]), array([0.        , 0.95497385, 1.        ]), array([2, 1, 0]))",0.9549738475827345,-0.024215400206031128,0.49543967410175027,0.49773754503253553,0.4952395755585597,17.427281709849918,0.6543988584138385,0.5504478328541497,gbm,1-3-0,2-0-1
802,"[[ 4560 97240]
 [ 5412 97025]]","(array([0.        , 0.95520629, 1.        ]), array([0.        , 0.94716753, 1.        ]), array([2, 1, 0]))",0.9471675273582787,-0.018651034829299782,0.49738783863844455,0.4994466321776954,0.49598062026067175,17.359989753788412,0.6540232286941106,0.5515936950325014,gbm,1-3-0,2-0-2
803,"[[ 21621 227055]
 [ 26934 221419]]","(array([0.        , 0.91305554, 1.        ]), array([0.        , 0.89154953, 1.        ]), array([2, 1, 0]))",0.8915495282923903,-0.03621812379030404,0.4889855521508805,0.49371646962811666,0.4892469930705787,17.650179024486466,0.6355063738919415,0.5420959931918194,gbm,1-3-0,2-0-3
804,"[[ 1978 36389]
 [ 4271 34380]]","(array([0.        , 0.94844528, 1.        ]), array([0.        , 0.88949833, 1.        ]), array([2, 1, 0]))",0.8894983312204082,-0.10794283385540222,0.47207146381365395,0.48580593197586514,0.47052652636293435,18.234383452802664,0.628404313653811,0.5343039284859524,gbm,1-3-0,2-1-0
805,"[[  9311 208983]
 [ 11037 207232]]","(array([0.        , 0.95734651, 1.        ]), array([0.        , 0.94943396, 1.        ]), array([2, 1, 0]))",0.9494339553486753,-0.018767834325499798,0.4960177568873221,0.497896519827493,0.49604372050739765,17.407312769698766,0.653230026289079,0.5502331491894608,gbm,1-3-0,2-1-1
806,"[[ 5569 60358]
 [ 7052 58719]]","(array([0.        , 0.91552778, 1.        ]), array([0.        , 0.89277949, 1.        ]), array([2, 1, 0]))",0.8927794924814888,-0.0386399696206678,0.4881471244817689,0.49311789850264953,0.48862585587716045,17.679138475015723,0.6353219942871982,0.5416092488364241,gbm,1-3-0,2-1-2
807,"[[  8796 166006]
 [ 18996 156160]]","(array([0.        , 0.94968021, 1.        ]), array([0.        , 0.89154811, 1.        ]), array([2, 1, 0]))",0.8915481056886433,-0.10749839900130947,0.4713594202732899,0.4847190578769951,0.4709339480400288,18.25897807331812,0.6280035872131134,0.5333989151671652,gbm,1-3-0,2-1-3
808,"[[  7478 191287]
 [  9101 189901]]","(array([0.        , 0.96237768, 1.        ]), array([0.        , 0.95426679, 1.        ]), array([2, 1, 0]))",0.9542667912885298,-0.020291701302970287,0.49621763494709215,0.49818199943335045,0.49594455455051095,17.400410986373913,0.6546165911167031,0.5508355600625147,gbm,1-3-0,2-2-0
809,"[[  6609 156753]
 [  7184 156320]]","(array([0.        , 0.95954384, 1.        ]), array([0.        , 0.95606224, 1.        ]), array([2, 1, 0]))",0.9560622370094921,-0.008658968897032463,0.4984580837407378,0.49930846799308787,0.4982592009229339,17.323027556088572,0.6560115154529069,0.5520569347561373,gbm,1-3-0,2-2-1
810,"[[ 18175 199218]
 [ 23550 193351]]","(array([0.        , 0.91639565, 1.        ]), array([0.        , 0.89142512, 1.        ]), array([2, 1, 0]))",0.8914251202161355,-0.042366752421565054,0.48705715483059864,0.4925274282992289,0.487514734051111,17.71678502153452,0.6344889822304625,0.5409397054684567,gbm,1-3-0,2-2-2
811,"[[ 16741 192831]
 [ 22834 187781]]","(array([0.        , 0.92011815, 1.        ]), array([0.        , 0.89158417, 1.        ]), array([2, 1, 0]))",0.8915841701683166,-0.04884519642013943,0.4867404274763379,0.4933659474740681,0.4857330123072606,17.727724556876996,0.6352247106441351,0.5417604553325529,gbm,1-3-0,2-2-3
812,"[[ 2955 57282]
 [ 6471 53572]]","(array([0.        , 0.95094377, 1.        ]), array([0.        , 0.89222724, 1.        ]), array([2, 1, 0]))",0.8922272371467115,-0.10924054934599103,0.46996175590289324,0.48326627816768003,0.47064173252325364,18.30725319292266,0.62695073640848,0.5320393517644932,gbm,1-3-0,2-3-0
813,"[[ 3263 35346]
 [ 4137 34411]]","(array([0.        , 0.91548603, 1.        ]), array([0.        , 0.89267926, 1.        ]), array([2, 1, 0]))",0.8926792570301961,-0.03872569481838965,0.4882771491893153,0.4932981636251559,0.48859661522804065,17.674647419819667,0.6354461936198699,0.5417758268886818,gbm,1-3-0,2-3-1
814,"[[  8983 202147]
 [  9887 202290]]","(array([0.        , 0.95745275, 1.        ]), array([0.        , 0.95340211, 1.        ]), array([2, 1, 0]))",0.9534021123872993,-0.009813785926465592,0.49910112518810223,0.5001767889683684,0.49797467908002296,17.300816075189438,0.6561317128706128,0.552727570802082,gbm,1-3-0,2-3-2
815,"[[  8507 202917]
 [  9625 201546]]","(array([0.        , 0.95976332, 1.        ]), array([0.        , 0.95442082, 1.        ]), array([2, 1, 0]))",0.9544208248291669,-0.01318184194634325,0.49705510003667813,0.4983051601753436,0.4973287528111326,17.37148538065725,0.6547591588508758,0.5509662809051609,gbm,1-3-0,2-3-3
816,"[[ 4701 69210]
 [ 3957 32638]]","(array([0.        , 0.93639648, 1.        ]), array([0.        , 0.89187047, 1.        ]), array([2, 1, 0]))",0.8918704741084847,-0.07798194808692202,0.33789115523139013,0.32045793731835676,0.4777369986323566,22.868930127093314,0.47150090651026055,0.36755580681416344,gbm,1-3-0,3-0-0
817,"[[  1550 256364]
 [  5771 123864]]","(array([0.        , 0.99399024, 1.        ]), array([0.       , 0.9554827, 1.       ]), array([2, 1, 0]))",0.9554827014309407,-0.133455708987276,0.32360811149041796,0.3257624372744774,0.48074622831032754,23.36227712695815,0.485871694945505,0.37522106307787656,gbm,1-3-0,3-0-1
818,"[[  471 80434]
 [ 1856 38501]]","(array([0.        , 0.99417836, 1.        ]), array([0.        , 0.95401046, 1.        ]), array([2, 1, 0]))",0.9540104566741829,-0.13796636519779976,0.3213867493526414,0.32371463404380546,0.4799160496707544,23.43900170174416,0.48340155186701156,0.37300158691098767,gbm,1-3-0,3-0-2
819,"[[  1584 195576]
 [  4706  93773]]","(array([0.        , 0.99196592, 1.        ]), array([0.        , 0.95221316, 1.        ]), array([2, 1, 0]))",0.9522131621970166,-0.12984108118820883,0.3225454016553973,0.32408268215891534,0.48012362309485646,23.398981852842514,0.4835803500520849,0.37333731462128,gbm,1-3-0,3-0-3
820,"[[ 12332 223672]
 [ 12694 105600]]","(array([0.        , 0.94774665, 1.        ]), array([0.        , 0.89269109, 1.        ]), array([2, 1, 0]))",0.8926910916868142,-0.10133724142595589,0.33286103788336374,0.32070750018222016,0.472472221662461,23.04266823102548,0.4718857107108225,0.36784632940917467,gbm,1-3-0,3-1-0
821,"[[  1780 210353]
 [  5086 101553]]","(array([0.        , 0.99160904, 1.        ]), array([0.        , 0.95230638, 1.        ]), array([2, 1, 0]))",0.9523063794671743,-0.12773805816309924,0.32415958741671164,0.32558847858008505,0.48034867087042116,23.343228531556708,0.48526681718811604,0.3749382505466073,gbm,1-3-0,3-1-1
822,"[[  2436 125735]
 [  2894  60660]]","(array([0.        , 0.98099414, 1.        ]), array([0.        , 0.95446392, 1.        ]), array([2, 1, 0]))",0.9544639204456054,-0.07596725817459465,0.32909636197678965,0.32543791410713807,0.4867348899026835,23.172715119488075,0.48537901731953315,0.3748452048733584,gbm,1-3-0,3-1-2
823,"[[  1767 291162]
 [  6675 140046]]","(array([0.        , 0.99396782, 1.        ]), array([0.        , 0.95450549, 1.        ]), array([2, 1, 0]))",0.9545054900116547,-0.1355950969618163,0.3225588536335722,0.324775978182223,0.48026883422881317,23.398517815348537,0.48464776815145116,0.37414382600973634,gbm,1-3-0,3-1-3
824,"[[  423 69004]
 [ 1570 32954]]","(array([0.        , 0.99390727, 1.        ]), array([0.        , 0.95452439, 1.        ]), array([2, 1, 0]))",0.9545243888309581,-0.13525954744769716,0.32108397225615914,0.32321151846838897,0.4803085596624291,23.44945965614087,0.48290617077709885,0.37248279666151246,gbm,1-3-0,3-2-0
825,"[[  575 72111]
 [ 1698 34745]]","(array([0.        , 0.99208926, 1.        ]), array([0.        , 0.95340669, 1.        ]), array([2, 1, 0]))",0.9534066898992948,-0.12774637924874152,0.3236536575978887,0.3251572209328442,0.48065871462193643,23.360703449149646,0.48493011116616314,0.37451467769856445,gbm,1-3-0,3-2-1
826,"[[  1535 262854]
 [  5935 125537]]","(array([0.        , 0.99419416, 1.        ]), array([0.        , 0.95485731, 1.        ]), array([2, 1, 0]))",0.9548573080199586,-0.13615796674571562,0.3210015636801807,0.32322324667667374,0.4803315735716857,23.45230610187558,0.48296185725854696,0.37250539454349935,gbm,1-3-0,3-2-2
827,"[[  2365 210309]
 [  5408 100713]]","(array([0.        , 0.98887969, 1.        ]), array([0.       , 0.9490393, 1.       ]), array([2, 1, 0]))",0.9490393041904995,-0.12172829939952529,0.32333631330478835,0.3238131064683527,0.4800798051934188,23.371663263592257,0.4828703825786361,0.3729533724038278,gbm,1-3-0,3-2-3
828,"[[  407 68027]
 [ 1580 32729]]","(array([0.        , 0.99405266, 1.        ]), array([0.        , 0.95394794, 1.        ]), array([2, 1, 0]))",0.9539479436882451,-0.1373412800867463,0.3225134559045385,0.32483425304696495,0.4799476399038589,23.40008567722309,0.48464072853811135,0.37418854739980745,gbm,1-3-0,3-3-0
829,"[[  1410 223556]
 [  5159 107406]]","(array([0.        , 0.99373239, 1.        ]), array([0.       , 0.9541687, 1.       ]), array([2, 1, 0]))",0.9541687025274286,-0.13502623404080227,0.3223881658277314,0.3245266828215928,0.4802181581500882,23.404413218238027,0.48432677153814757,0.3738687967875534,gbm,1-3-0,3-3-1
830,"[[  1034 163809]
 [  3855  78446]]","(array([0.        , 0.99372736, 1.        ]), array([0.        , 0.95315974, 1.        ]), array([2, 1, 0]))",0.9531597428949831,-0.13730013610747516,0.32159388858317417,0.32381581391508946,0.4797161890345289,23.43184696667428,0.48340502101332283,0.37308300699786273,gbm,1-3-0,3-3-2
831,"[[  1975 103411]
 [  2362  50294]]","(array([0.        , 0.98125937, 1.        ]), array([0.        , 0.95514281, 1.        ]), array([2, 1, 0]))",0.9551428137344272,-0.0753516210275916,0.33072854051454675,0.32721121629094696,0.48694172170979233,23.11634048410386,0.4874370641739476,0.37674762837914777,gbm,1-3-0,3-3-3
832,"[[229484  25896]
 [120891  16748]]","(array([0.        , 0.10140183, 1.        ]), array([0.        , 0.12168063, 1.        ]), array([2, 1, 0]))",0.12168062831028996,0.031103612582524708,0.6265142397695785,0.39273989306819246,0.5101393978735255,12.899793844711846,0.18579677507030615,0.2716934607335788,gbm,2-1-0,0-0-0
833,"[[165041  20478]
 [ 87682  12223]]","(array([0.        , 0.11038223, 1.        ]), array([0.        , 0.12234623, 1.        ]), array([2, 1, 0]))",0.1223462289174716,0.01791684163197919,0.6210549918717417,0.3737806183297147,0.5059820019581294,13.088354269541854,0.18435063270138607,0.26490080577697445,gbm,2-1-0,0-0-1
834,"[[262708  29772]
 [138055  19136]]","(array([0.        , 0.10179158, 1.        ]), array([0.        , 0.12173725, 1.        ]), array([2, 1, 0]))",0.12173724958808074,0.030547585058232882,0.6267782445387851,0.3912652326817699,0.5099728370478698,12.890675697661997,0.18569716495470623,0.2711841348211426,gbm,2-1-0,0-0-2
835,"[[71871  7543]
 [37719  5219]]","(array([0.        , 0.09498325, 1.        ]), array([0.        , 0.12154735, 1.        ]), array([2, 1, 0]))",0.12154734733802226,0.04147817436483769,0.6300673466718975,0.40894844068327846,0.513282047507377,12.777070489651688,0.18739676840215438,0.27764773476900817,gbm,2-1-0,0-0-3
836,"[[241231  25729]
 [126044  17456]]","(array([0.        , 0.09637773, 1.        ]), array([0.       , 0.1216446, 1.       ]), array([2, 1, 0]))",0.12164459930313588,0.03926795262606427,0.6302368074842859,0.40421442630543014,0.5126334324055385,12.771218346798864,0.18701020435492943,0.2759929167720719,gbm,2-1-0,0-1-0
837,"[[115374  13030]
 [ 60449   8388]]","(array([0.        , 0.10147659, 1.        ]), array([0.        , 0.12185307, 1.        ]), array([2, 1, 0]))",0.12185307320191176,0.031217792170899206,0.6274658919798622,0.3916332057148193,0.5101882418437833,12.866925078843433,0.18587335881668604,0.27144049861173136,gbm,2-1-0,0-1-1
838,"[[283691  32073]
 [149105  20647]]","(array([0.        , 0.10157269, 1.        ]), array([0.        , 0.12163038, 1.        ]), array([2, 1, 0]))",0.12163037843442198,0.03074257504924445,0.6268341311099943,0.3916350531107739,0.5100288424519052,12.888745324902795,0.18561436944873963,0.2712199709956073,gbm,2-1-0,0-1-2
839,"[[282827  31999]
 [148728  20580]]","(array([0.        , 0.10164027, 1.        ]), array([0.        , 0.12155362, 1.        ]), array([2, 1, 0]))",0.1215536182578496,0.030520669950655922,0.6267004589638406,0.391411019608589,0.5099566735619767,12.893362225832501,0.18549982648825755,0.2710576781236171,gbm,2-1-0,0-1-3
840,"[[44905  4362]
 [23762  3224]]","(array([0.        , 0.08853797, 1.        ]), array([0.        , 0.11946935, 1.        ]), array([2, 1, 0]))",0.11946935448010079,0.04941584976348795,0.6311751668786801,0.4249934089111521,0.5154656939449441,12.738804180484157,0.1865093138956381,0.2811791383219955,gbm,2-1-0,0-2-0
841,"[[115020  12239]
 [ 60493   8216]]","(array([0.        , 0.09617394, 1.        ]), array([0.        , 0.11957677, 1.        ]), array([2, 1, 0]))",0.1195767657803199,0.03652286994838877,0.6288577726975833,0.40166218528477143,0.5117014106524401,12.818848337624472,0.18428962361491183,0.2729042244351586,gbm,2-1-0,0-2-1
842,"[[97268 10921]
 [51004  7033]]","(array([0.        , 0.10094372, 1.        ]), array([0.        , 0.12118132, 1.        ]), array([2, 1, 0]))",0.12118131536778262,0.031080842340667422,0.6274650175062866,0.3917232928595299,0.5101187982527107,12.86695499295164,0.18510086720795882,0.27080621934033094,gbm,2-1-0,0-2-2
843,"[[248681  28095]
 [131013  18108]]","(array([0.        , 0.10150808, 1.        ]), array([0.        , 0.12143159, 1.        ]), array([2, 1, 0]))",0.12143158911219748,0.030559590004546475,0.6264167157786976,0.39192260242841376,0.5099617551885236,12.903162265362871,0.18541500276463724,0.2711322331126304,gbm,2-1-0,0-2-3
844,"[[231609  26166]
 [121425  16769]]","(array([0.        , 0.10150713, 1.        ]), array([0.        , 0.12134391, 1.        ]), array([2, 1, 0]))",0.1213439078397036,0.03041040175826621,0.6272662758953352,0.39056713636892976,0.5099183897650655,12.873819589835623,0.18516085221030315,0.27052533765253245,gbm,2-1-0,0-3-0
845,"[[147994  16754]
 [ 77508  10796]]","(array([0.        , 0.10169471, 1.        ]), array([0.        , 0.12225947, 1.        ]), array([2, 1, 0]))",0.12225946729479978,0.031469356494174455,0.6274994862715964,0.3918693284936479,0.5102823788995425,12.865764890190224,0.1863725033231481,0.27193406681981214,gbm,2-1-0,0-3-1
846,"[[87883 10747]
 [46506  6392]]","(array([0.        , 0.10896279, 1.        ]), array([0.        , 0.12083633, 1.        ]), array([2, 1, 0]))",0.12083632651518016,0.017870208763842117,0.6221622406419935,0.3729505805472898,0.5059367681445412,13.050110594816825,0.18253209018090436,0.263144894363298,gbm,2-1-0,0-3-2
847,"[[236550  26454]
 [124154  17112]]","(array([0.        , 0.10058402, 1.        ]), array([0.        , 0.12113318, 1.        ]), array([2, 1, 0]))",0.12113318137414524,0.03159691983874204,0.6274568976179287,0.39278336317311663,0.5102745799191756,12.867235233470518,0.18516274238227146,0.2711628054384686,gbm,2-1-0,0-3-3
848,"[[ 10220  23155]
 [  2875 201396]]","(array([0.        , 0.69378277, 1.        ]), array([0.        , 0.98592556, 1.        ]), array([2, 1, 0]))",0.9859255596731793,0.44483496489619895,0.8904673337653485,0.8968831134129885,0.6460713940687994,3.7832021756647336,0.9392988232879842,0.9133812558107893,gbm,2-1-0,1-0-0
849,"[[ 19096  43203]
 [  5647 375866]]","(array([0.        , 0.69347823, 1.        ]), array([0.        , 0.98519841, 1.        ]), array([2, 1, 0]))",0.9851984073937192,0.44166474897153185,0.8899308716303299,0.8969071918944136,0.6458600907094922,3.8017308497723445,0.9389818906745343,0.9132763368839079,gbm,2-1-0,1-0-1
850,"[[  5683  13161]
 [  1617 113182]]","(array([0.        , 0.69841859, 1.        ]), array([0.        , 0.98591451, 1.        ]), array([2, 1, 0]))",0.9859145114504482,0.4403015947879153,0.8894218178280943,0.8958311896978859,0.6437479583361347,3.8193138515729887,0.9387166068125835,0.9125063893668037,gbm,2-1-0,1-0-2
851,"[[  7080  15864]
 [  2019 135930]]","(array([0.        , 0.69142259, 1.        ]), array([0.        , 0.98536416, 1.        ]), array([2, 1, 0]))",0.9853641563186395,0.4449699757067055,0.8888515970241092,0.8954899403138464,0.6469707810881901,3.839008677094842,0.9382797858792102,0.9121288374433819,gbm,2-1-0,1-0-3
852,"[[ 11486  25918]
 [  3523 223313]]","(array([0.        , 0.69292054, 1.        ]), array([0.        , 0.98446896, 1.        ]), array([2, 1, 0]))",0.9844689555449753,0.4390851872571271,0.8885823493793521,0.8960081209801349,0.6457742061437848,3.8483077498060907,0.9381578643342219,0.9124052101719292,gbm,2-1-0,1-1-0
853,"[[  9641  21716]
 [  2772 189378]]","(array([0.        , 0.69254074, 1.        ]), array([0.        , 0.98557377, 1.        ]), array([2, 1, 0]))",0.9855737704918033,0.44435257453541566,0.8904374359639743,0.8971263986659972,0.6465165149936454,3.784234589593914,0.9392725000247989,0.9135226709219064,gbm,2-1-0,1-1-1
854,"[[  6337  14421]
 [  1848 125038]]","(array([0.        , 0.69472011, 1.        ]), array([0.        , 0.98543575, 1.        ]), array([2, 1, 0]))",0.9854357454723137,0.44160642662725436,0.8898092709490396,0.8965932639700557,0.6453578187810551,3.8059310514707185,0.9389175693179899,0.913056685779046,gbm,2-1-0,1-1-2
855,"[[  7491  17072]
 [  2199 148866]]","(array([0.        , 0.69502911, 1.        ]), array([0.        , 0.98544335, 1.        ]), array([2, 1, 0]))",0.9854433521993844,0.4411697538050247,0.8902737604482202,0.897118200773783,0.6452071216885861,3.78988777776694,0.9392087772040012,0.9134934592675411,gbm,2-1-0,1-1-3
856,"[[  8967  20123]
 [  2597 175181]]","(array([0.        , 0.69174974, 1.        ]), array([0.        , 0.98539189, 1.        ]), array([2, 1, 0]))",0.9853918932601334,0.4443443424529227,0.8901715103350929,0.896965755949699,0.6468210755403452,3.793419426839621,0.9391018596447965,0.9133581649103124,gbm,2-1-0,1-2-0
857,"[[ 12586  28639]
 [  3609 245371]]","(array([0.        , 0.69469982, 1.        ]), array([0.        , 0.98550486, 1.        ]), array([2, 1, 0]))",0.9855048598280987,0.44227339248625835,0.88887855136886,0.895481916718368,0.6454025208782701,3.838077775551362,0.9383391651848028,0.9121462877875423,gbm,2-1-0,1-2-1
858,"[[ 18810  42061]
 [  5473 361396]]","(array([0.        , 0.69098586, 1.        ]), array([0.        , 0.98508187, 1.        ]), array([2, 1, 0]))",0.985081868459859,0.44401747820290616,0.8888717445176977,0.8957484936436845,0.6470480065632245,3.8383125941534493,0.938293657490465,0.9122950153405595,gbm,2-1-0,1-2-2
859,"[[ 19909  45796]
 [  5773 392811]]","(array([0.        , 0.69699414, 1.        ]), array([0.        , 0.98551623, 1.        ]), array([2, 1, 0]))",0.9855162274451559,0.43993245804583664,0.8889290937325675,0.8955876217205836,0.6442610434843921,3.8363320653150574,0.9384023478513267,0.9122359745324224,gbm,2-1-0,1-2-3
860,"[[ 12927  23290]
 [ 14081 205838]]","(array([0.        , 0.64306817, 1.        ]), array([0.        , 0.93597188, 1.        ]), array([2, 1, 0]))",0.9359718805560229,0.3322975871545501,0.8540970421963332,0.8983537585978143,0.6464518540753994,5.039382340937456,0.9167770856948159,0.9056335140452874,gbm,2-1-0,1-3-0
861,"[[ 3954  8676]
 [ 1192 75387]]","(array([0.        , 0.68693587, 1.        ]), array([0.        , 0.98443437, 1.        ]), array([2, 1, 0]))",0.9844343749591925,0.4448401508282329,0.8893833581813494,0.8967916919453267,0.6487492539879098,3.8206412219875014,0.9385714819287609,0.9130491653969783,gbm,2-1-0,1-3-1
862,"[[ 21264  49046]
 [  6421 422850]]","(array([0.        , 0.69756791, 1.        ]), array([0.        , 0.98504208, 1.        ]), array([2, 1, 0]))",0.9850420829732267,0.4369459718172588,0.8889729593399268,0.8960660823571296,0.6437370847237063,3.8348166310409564,0.9384498100795968,0.9125517134218586,gbm,2-1-0,1-3-2
863,"[[ 17024  38911]
 [  5035 335959]]","(array([0.        , 0.69564673, 1.        ]), array([0.        , 0.98523434, 1.        ]), array([2, 1, 0]))",0.9852343442993132,0.4398067751583499,0.8892849854759919,0.8962013498012644,0.6447938057422193,3.8240395148410706,0.9386112445939452,0.9126969465474655,gbm,2-1-0,1-3-3
864,"[[160790  31082]
 [  1567 190275]]","(array([0.        , 0.16199341, 1.        ]), array([0.        , 0.99183182, 1.        ]), array([2, 1, 0]))",0.991831819935155,0.8398254675371776,0.9149131905533809,0.8595842914387166,0.9149192038301526,2.938859055454752,0.9209848039322458,0.8831351471775878,gbm,2-1-0,2-0-0
865,"[[169163  35229]
 [ 17802 186768]]","(array([0.        , 0.17235997, 1.        ]), array([0.        , 0.91297844, 1.        ]), array([2, 1, 0]))",0.9129784425868895,0.7433506862259618,0.870327805517383,0.8413086663333288,0.8703092338183969,4.478787809176345,0.8756795532706468,0.8547280785093332,gbm,2-1-0,2-0-1
866,"[[84844 16956]
 [10710 91727]]","(array([0.        , 0.16656189, 1.        ]), array([0.        , 0.89544793, 1.        ]), array([2, 1, 0]))",0.8954479338520261,0.730393175788301,0.8645397259066673,0.8439866400449012,0.8644430239004728,4.678698500837876,0.868956043956044,0.8538002006817222,gbm,2-1-0,2-0-2
867,"[[208628  40048]
 [ 22650 225703]]","(array([0.        , 0.16104489, 1.        ]), array([0.        , 0.90879917, 1.        ]), array([2, 1, 0]))",0.9087991689248771,0.7495591865702471,0.8738544431009055,0.8493025426056722,0.8738771375837692,4.356977610332586,0.8780441311485613,0.8605703862487484,gbm,2-1-0,2-0-3
868,"[[38352    15]
 [  469 38182]]","(array([0.        , 0.00039096, 1.        ]), array([0.        , 0.98786577, 1.        ]), array([2, 1, 0]))",0.9878657732012108,0.9875005102106317,0.9937157547586278,0.9996072990025394,0.9937374061095584,0.21705029693186392,0.9937018530085364,0.9972367177011999,gbm,2-1-0,2-1-0
869,"[[180504  37790]
 [ 22050 196219]]","(array([0.        , 0.17311516, 1.        ]), array([0.        , 0.89897787, 1.        ]), array([2, 1, 0]))",0.8989778667607402,0.7277542031135731,0.862929290846911,0.8385104846394796,0.8629313550685522,4.734323788910976,0.8676919947465939,0.84994433880127,gbm,2-1-0,2-1-1
870,"[[55315 10612]
 [ 7125 58646]]","(array([0.        , 0.16096592, 1.        ]), array([0.        , 0.89166958, 1.        ]), array([2, 1, 0]))",0.8916695808182937,0.7316843132237326,0.8653206578687603,0.8467758237315545,0.8653518319854359,4.651724113080381,0.8686430322375193,0.8553892468852373,gbm,2-1-0,2-1-2
871,"[[141422  33380]
 [ 17827 157329]]","(array([0.        , 0.19095891, 1.        ]), array([0.        , 0.89822216, 1.        ]), array([2, 1, 0]))",0.8982221562492864,0.7101381502027824,0.8536767269215163,0.8249689317232013,0.8536316213678554,5.053903078130552,0.860038538805297,0.8386478775938387,gbm,2-1-0,2-1-3
872,"[[164375  34390]
 [   615 198387]]","(array([0.        , 0.17301839, 1.        ]), array([0.        , 0.99690958, 1.        ]), array([2, 1, 0]))",0.9969095787982031,0.8361220784782658,0.9119962188919644,0.8522620361977343,0.9119455951244556,3.039612048911732,0.9189284332957369,0.8777331410216705,gbm,2-1-0,2-2-0
873,"[[135677  27685]
 [  9296 154208]]","(array([0.        , 0.16947026, 1.        ]), array([0.        , 0.94314512, 1.        ]), array([2, 1, 0]))",0.9431451218318818,0.7786578099068875,0.8868618944766357,0.8477951323030573,0.8868374327955701,3.9077194529716985,0.8929319015509689,0.8652909516135547,gbm,2-1-0,2-2-1
874,"[[179737  37656]
 [ 22160 194741]]","(array([0.        , 0.17321625, 1.        ]), array([0.        , 0.89783357, 1.        ]), array([2, 1, 0]))",0.8978335738424442,0.7264104392717766,0.8622684172473025,0.837966927283915,0.8623086624645928,4.757149669299619,0.8668678694318692,0.849292928235683,gbm,2-1-0,2-2-2
875,"[[173303  36269]
 [  9502 201113]]","(array([0.        , 0.17306224, 1.        ]), array([0.       , 0.9548845, 1.       ]), array([2, 1, 0]))",0.9548845049023099,0.788499431240819,0.8910699283890268,0.8472125097943399,0.8909111318816133,3.7623804043691322,0.8978319051243646,0.8667595287822278,gbm,2-1-0,2-2-3
876,"[[49879 10358]
 [  169 59874]]","(array([0.        , 0.17195411, 1.        ]), array([0.        , 0.99718535, 1.        ]), array([2, 1, 0]))",0.9971853504988092,0.8371005658078856,0.9124792151646159,0.8525173709989748,0.9126156179590349,3.0229296752528003,0.9191940126655153,0.87799255655173,gbm,2-1-0,2-3-0
877,"[[32144  6465]
 [  105 38443]]","(array([0.      , 0.167448, 1.      ]), array([0.        , 0.99727612, 1.        ]), array([2, 1, 0]))",0.997276123274878,0.8412273142341683,0.9148489443602006,0.8560390130934354,0.9149140594617806,2.941080268957443,0.9212758819018405,0.8809927582729856,gbm,2-1-0,2-3-1
878,"[[174751  36379]
 [ 21560 190617]]","(array([0.        , 0.17230616, 1.        ]), array([0.        , 0.89838672, 1.        ]), array([2, 1, 0]))",0.8983867242915113,0.7279935253170975,0.8631277063691364,0.8397372640927594,0.8630402811056382,4.727470261771346,0.8680724907951992,0.8508464408241315,gbm,2-1-0,2-3-2
879,"[[174621  36803]
 [ 21351 189820]]","(array([0.        , 0.17407201, 1.        ]), array([0.        , 0.89889237, 1.        ]), array([2, 1, 0]))",0.8988923668496148,0.7267343032320054,0.8623883387167383,0.8376025381360233,0.862410179943651,4.753008033824013,0.8671658359867883,0.8491826248162462,gbm,2-1-0,2-3-3
880,"[[58197 15714]
 [   68 36527]]","(array([0.        , 0.21260705, 1.        ]), array([0.        , 0.99814182, 1.        ]), array([2, 1, 0]))",0.9981418226533679,0.7404934316418302,0.8571842252909344,0.6992017763825348,0.8927673841115198,4.932795811435565,0.8223467963438246,0.7437520107184016,gbm,2-1-0,3-0-0
881,"[[202902  55012]
 [   309 129326]]","(array([0.       , 0.2132959, 1.       ]), array([0.        , 0.99761638, 1.        ]), array([2, 1, 0]))",0.9976163844640722,0.740987885211216,0.8572541794714991,0.701569942171446,0.8921602398137882,4.930379478199361,0.8238033206677007,0.745835866051048,gbm,2-1-0,3-0-1
882,"[[63650 17255]
 [   84 40273]]","(array([0.        , 0.21327483, 1.        ]), array([0.        , 0.99791858, 1.        ]), array([2, 1, 0]))",0.9979185767029264,0.7404477391467688,0.8570120895251604,0.7000591016548463,0.8923218741001808,4.938741245938664,0.8228635643867804,0.7445030668949121,gbm,2-1-0,3-0-2
883,"[[160574  36586]
 [   371  98108]]","(array([0.        , 0.18556502, 1.        ]), array([0.       , 0.9962327, 1.       ]), array([2, 1, 0]))",0.9962326993572234,0.7672046149132269,0.8749928121797191,0.7283769135967452,0.9053338380129594,4.3176942598855215,0.8415039477126425,0.7697703431122549,gbm,2-1-0,3-0-3
884,"[[192431  43573]
 [   461 117833]]","(array([0.        , 0.18462823, 1.        ]), array([0.        , 0.99610293, 1.        ]), array([2, 1, 0]))",0.996102929987996,0.7684207448906748,0.8757147937611841,0.7300410145843401,0.9057373516738848,4.292757285201508,0.8425670361101181,0.7712411541552888,gbm,2-1-0,3-1-0
885,"[[167254  44879]
 [   236 106403]]","(array([0.        , 0.21156067, 1.        ]), array([0.        , 0.99778693, 1.        ]), array([2, 1, 0]))",0.997786925983927,0.7428850538000547,0.8584725132696723,0.7033421028278315,0.893113127070631,4.88829879095236,0.8250820987821852,0.7474566817511912,gbm,2-1-0,3-1-1
886,"[[104328  23843]
 [   239  63315]]","(array([0.        , 0.18602492, 1.        ]), array([0.        , 0.99623942, 1.        ]), array([2, 1, 0]))",0.9962394184473047,0.7659764007551043,0.8743930108227931,0.7264393400491063,0.9051072493068226,4.33841115109541,0.8402117946812464,0.7680391861926412,gbm,2-1-0,3-1-2
887,"[[238782  54147]
 [   593 146128]]","(array([0.        , 0.18484684, 1.        ]), array([0.        , 0.99595832, 1.        ]), array([2, 1, 0]))",0.9959583154422339,0.7679891837922459,0.8754918685317866,0.7296367494694794,0.9055557377114901,4.300456990013565,0.8422460201270332,0.7708628527960448,gbm,2-1-0,3-1-3
888,"[[56953 12474]
 [  221 34303]]","(array([0.        , 0.17967073, 1.        ]), array([0.        , 0.99359866, 1.        ]), array([2, 1, 0]))",0.9935986560074151,0.7705400736166176,0.8778751527161835,0.7333304829296449,0.9069639613596066,4.218138743366927,0.8438518591407239,0.7738729064395032,gbm,2-1-0,3-2-0
889,"[[57295 15391]
 [   86 36357]]","(array([0.        , 0.21174642, 1.        ]), array([0.        , 0.99764015, 1.        ]), array([2, 1, 0]))",0.9976401503718135,0.7422760203351061,0.8581770198572332,0.7025778774058901,0.8929468671403409,4.898504969972059,0.8245059019627852,0.7467496456959762,gbm,2-1-0,3-2-1
890,"[[214885  49504]
 [   522 130950]]","(array([0.        , 0.18723926, 1.        ]), array([0.        , 0.99602957, 1.        ]), array([2, 1, 0]))",0.9960295728368017,0.7648232920306756,0.8736273590982694,0.7256696997572789,0.9043951577651664,4.364856379393238,0.8396222180901881,0.7673259204395233,gbm,2-1-0,3-2-2
891,"[[167385  45289]
 [   277 105844]]","(array([0.        , 0.21295034, 1.        ]), array([0.        , 0.99738977, 1.        ]), array([2, 1, 0]))",0.9973897720526569,0.7403214144755037,0.8570680217694757,0.7003367894503517,0.8922197174584735,4.936809229061048,0.8228754460572042,0.7446953717215012,gbm,2-1-0,3-2-3
892,"[[53942 14492]
 [   76 34233]]","(array([0.        , 0.21176608, 1.        ]), array([0.        , 0.99778484, 1.        ]), array([2, 1, 0]))",0.9977848377976625,0.7423825040335917,0.8582093183963871,0.7025756798358133,0.8930093783049744,4.897389430783774,0.824553797239685,0.7467638705286442,gbm,2-1-0,3-3-0
893,"[[183167  41799]
 [   431 112134]]","(array([0.        , 0.18580141, 1.        ]), array([0.       , 0.9961711, 1.       ]), array([2, 1, 0]))",0.9961711011415626,0.7670849831555567,0.8748855660665242,0.728459784451677,0.9051848455753598,4.321398477562249,0.8415372723247454,0.7698370307717868,gbm,2-1-0,3-3-1
894,"[[129818  35025]
 [   178  82123]]","(array([0.       , 0.2124749, 1.       ]), array([0.        , 0.99783721, 1.        ]), array([2, 1, 0]))",0.9978372073243339,0.7412683045339781,0.8575607742854369,0.7010192235462833,0.8926811534822987,4.9197898849659865,0.8234987390260167,0.7453625295656324,gbm,2-1-0,3-3-2
895,"[[85799 19587]
 [  207 52449]]","(array([0.       , 0.1858596, 1.       ]), array([0.        , 0.99606882, 1.        ]), array([2, 1, 0]))",0.9960688240656336,0.7667846416105001,0.8747548120119968,0.7280942861902382,0.9051046111104931,4.325914640891202,0.8412568568953902,0.7694982394366197,gbm,2-1-0,3-3-3
896,"[[248613   6767]
 [  5884 131755]]","(array([0.        , 0.02649777, 1.        ]), array([0.        , 0.95725049, 1.        ]), array([2, 1, 0]))",0.9572504885969819,0.9293895814136863,0.9678107165302441,0.9511485540203001,0.9653763602825148,1.111792231540525,0.954189766114694,0.9523627095660572,gbm,0-0-0,0-0-0
897,"[[162389  23130]
 [   554  99351]]","(array([0.        , 0.12467726, 1.        ]), array([0.        , 0.99445473, 1.        ]), array([2, 1, 0]))",0.9944547319953956,0.8381924606255758,0.9170216940411458,0.8111543831288118,0.9348887376092309,2.8660339523853113,0.8935004901387676,0.8422017228722224,gbm,0-0-0,0-0-1
898,"[[267065  25415]
 [  1480 155711]]","(array([0.        , 0.08689483, 1.        ]), array([0.       , 0.9905847, 1.       ]), array([2, 1, 0]))",0.9905847026865405,0.878582213826077,0.9401896052892004,0.8596833143778364,0.9518449361353928,2.065823041534393,0.9205035514029741,0.8830207724893527,gbm,0-0-0,0-0-2
899,"[[70317  9097]
 [  768 42170]]","(array([0.        , 0.11455159, 1.        ]), array([0.        , 0.98211375, 1.        ]), array([2, 1, 0]))",0.9821137454003447,0.839193486419729,0.9193719759382765,0.8225564203093608,0.9337810775003335,2.7848527451420204,0.8952815667958177,0.8501810440069999,gbm,0-0-0,0-0-3
900,"[[237127  29833]
 [  1199 142301]]","(array([0.        , 0.11175082, 1.        ]), array([0.       , 0.9916446, 1.       ]), array([2, 1, 0]))",0.9916445993031359,0.850276644989636,0.9243970179798275,0.8266873482287056,0.9399468876048195,2.6112926070189624,0.9016835955568792,0.8551372777139452,gbm,0-0-0,0-1-0
901,"[[122989   5415]
 [  4721  64116]]","(array([0.        , 0.04217158, 1.        ]), array([0.       , 0.9314177, 1.       ]), array([2, 1, 0]))",0.9314176968781324,0.8871979497073138,0.9486110899863619,0.9221210683004702,0.944623056719182,1.7749320240664943,0.9267460684551341,0.9239655177383048,gbm,0-0-0,0-1-1
902,"[[286939  28825]
 [  1347 168405]]","(array([0.        , 0.09128653, 1.        ]), array([0.        , 0.99206489, 1.        ]), array([2, 1, 0]))",0.9920648946698714,0.8745979200301316,0.9378558070176884,0.8538508340516149,0.950389182111541,2.146431857617815,0.9177834335199001,0.8783243904067294,gbm,0-0-0,0-1-2
903,"[[288166  26660]
 [  1658 167650]]","(array([0.       , 0.0846817, 1.       ]), array([0.       , 0.9902072, 1.       ]), array([2, 1, 0]))",0.9902071963522102,0.8809676701925861,0.9415079296227904,0.8627965621944316,0.952762749580373,2.020288571384307,0.9221215671391406,0.8855863622341393,gbm,0-0-0,0-1-3
904,"[[47081  2186]
 [ 1797 25189]]","(array([0.        , 0.04437047, 1.        ]), array([0.        , 0.93340992, 1.        ]), array([2, 1, 0]))",0.9334099162528718,0.8862057625848675,0.9477659895348379,0.9201461187214612,0.9445197225732259,1.8041217303045347,0.9267305605121319,0.9227686356109783,gbm,0-0-0,0-2-0
905,"[[121688   5571]
 [  4459  64250]]","(array([0.        , 0.04377686, 1.        ]), array([0.        , 0.93510312, 1.        ]), array([2, 1, 0]))",0.9351031160401112,0.8880885463365994,0.9488181743958197,0.9202102519299351,0.9456631257677198,1.7677803610703682,0.9275969104165164,0.9231507530323887,gbm,0-0-0,0-2-1
906,"[[103115   5074]
 [  4054  53983]]","(array([0.        , 0.04689941, 1.        ]), array([0.        , 0.93014801, 1.        ]), array([2, 1, 0]))",0.9301480090287231,0.8797448017016762,0.9450868095243825,0.9140830045549215,0.9416243007551992,1.896658814446029,0.9220455360650418,0.917251457020033,gbm,0-0-0,0-2-2
907,"[[246555  30221]
 [  1165 147956]]","(array([0.        , 0.10918938, 1.        ]), array([0.        , 0.99218755, 1.        ]), array([2, 1, 0]))",0.9921875523903407,0.8538607795245765,0.9263061256594904,0.8303877604853601,0.9414990859041047,2.5453529857327117,0.9041057385013046,0.8583837396977825,gbm,0-0-0,0-2-3
908,"[[250355   7420]
 [  9026 129168]]","(array([0.        , 0.02878479, 1.        ]), array([0.        , 0.93468602, 1.        ]), array([2, 1, 0]))",0.9346860211007714,0.9083861143118878,0.9584664456055904,0.9456760476762234,0.9529506140805961,1.4345331316432182,0.9401489180514008,0.9434574155717804,gbm,0-0-0,0-3-0
909,"[[158347   6401]
 [  5757  82547]]","(array([0.        , 0.03885328, 1.        ]), array([0.        , 0.93480477, 1.        ]), array([2, 1, 0]))",0.9348047653560427,0.8944520854936391,0.9519545389880341,0.9280366056572379,0.947975743204401,1.6594516606566039,0.9314083903143547,0.9293823857904598,gbm,0-0-0,0-3-1
910,"[[86192 12438]
 [ 1282 51616]]","(array([0.        , 0.12610768, 1.        ]), array([0.        , 0.97576468, 1.        ]), array([2, 1, 0]))",0.9757646791939204,0.8198891960683973,0.9094556781584922,0.8058200892996534,0.9248285020221858,3.1273557199396245,0.8826869142896231,0.8349023337668305,gbm,0-0-0,0-3-2
911,"[[239924  23080]
 [  1432 139834]]","(array([0.        , 0.08775532, 1.        ]), array([0.       , 0.9898631, 1.       ]), array([2, 1, 0]))",0.9898630951538233,0.8769002096104617,0.9393672545575976,0.8583301619259242,0.9510538879215451,2.094226486508373,0.9194161351831153,0.8817639061597484,gbm,0-0-0,0-3-3
912,"[[   840  32535]
 [ 17741 186530]]","(array([0.        , 0.97483146, 1.        ]), array([0.        , 0.91314969, 1.        ]), array([2, 1, 0]))",0.9131496884041298,-0.07982699823457876,0.7884416316706362,0.851482436719695,0.4691591138649862,7.307076647336463,0.8812385433792542,0.8631404374330769,gbm,0-0-0,1-0-0
913,"[[  1666  60633]
 [ 33020 348493]]","(array([0.      , 0.973258, 1.      ]), array([0.        , 0.91344987, 1.        ]), array([2, 1, 0]))",0.9134498693360383,-0.07740157010003121,0.7889804692076825,0.8517987123771161,0.47009593580768433,7.288465628922956,0.8815477101433145,0.8634540739745998,gbm,0-0-0,1-0-1
914,"[[   498  18346]
 [ 10138 104661]]","(array([0.        , 0.97357249, 1.        ]), array([0.        , 0.91168913, 1.        ]), array([2, 1, 0]))",0.9116891262119008,-0.0795747778007609,0.7868650060235104,0.8508540164380889,0.4690583181473429,7.361531664562231,0.8802216933130368,0.8623627491855176,gbm,0-0-0,1-0-2
915,"[[   620  22324]
 [ 11946 126003]]","(array([0.        , 0.97297768, 1.        ]), array([0.        , 0.91340278, 1.        ]), array([2, 1, 0]))",0.9134027792879977,-0.07763339402290052,0.7870012989999565,0.8494946975264113,0.47021254724511463,7.356825450868718,0.8802903491735248,0.8615507270357754,gbm,0-0-0,1-0-3
916,"[[   964  36440]
 [ 19208 207628]]","(array([0.        , 0.97422736, 1.        ]), array([0.        , 0.91532208, 1.        ]), array([2, 1, 0]))",0.9153220829145285,-0.07732844596698014,0.7894035725098395,0.8506973466411,0.47054736377573286,7.273853187081237,0.8818272938858026,0.8628818027974212,gbm,0-0-0,1-1-0
917,"[[   812  30545]
 [ 16621 175529]]","(array([0.        , 0.97410467, 1.        ]), array([0.        , 0.91349987, 1.        ]), array([2, 1, 0]))",0.9134998698933126,-0.07848682725837937,0.7889730522981383,0.8517765462891971,0.4696976021342061,7.288721834868092,0.8815591225039174,0.8634447870324641,gbm,0-0-0,1-1-1
918,"[[   554  20204]
 [ 11204 115682]]","(array([0.        , 0.97331149, 1.        ]), array([0.        , 0.91170027, 1.        ]), array([2, 1, 0]))",0.9117002663808458,-0.07910526445379357,0.7872720869117608,0.8513165447507469,0.46919438600861346,7.3474712421624595,0.880474327553925,0.8627448055725428,gbm,0-0-0,1-1-2
919,"[[   636  23927]
 [ 13048 138017]]","(array([0.       , 0.9741074, 1.       ]), array([0.        , 0.91362658, 1.        ]), array([2, 1, 0]))",0.9136265845827954,-0.07826206200513335,0.7894697884164257,0.8522513955441388,0.469759593638953,7.271564836868466,0.8818724062247412,0.8638577639355016,gbm,0-0-0,1-1-3
920,"[[   743  28347]
 [ 15277 162501]]","(array([0.        , 0.97445858, 1.        ]), array([0.        , 0.91406698, 1.        ]), array([2, 1, 0]))",0.9140669824162719,-0.07854387108124647,0.7891215654426977,0.8514681841046278,0.469804202792873,7.283592666047614,0.8816578320574241,0.8632924976359211,gbm,0-0-0,1-2-0
921,"[[  1085  40140]
 [ 21297 227683]]","(array([0.        , 0.97368102, 1.        ]), array([0.        , 0.91446301, 1.        ]), array([2, 1, 0]))",0.9144630090770343,-0.07748952334907726,0.7882979273272342,0.8501248959200666,0.470390995138881,7.312041147516326,0.8811210461239581,0.862257928669244,gbm,0-0-0,1-2-1
922,"[[  1590  59281]
 [ 31771 335098]]","(array([0.        , 0.97387919, 1.        ]), array([0.        , 0.91339961, 1.        ]), array([2, 1, 0]))",0.9133996058538606,-0.07879398784399788,0.7871323701313883,0.8496852012911438,0.46976020936020724,7.35229828691417,0.8803911471688597,0.861706915039974,gbm,0-0-0,1-2-2
923,"[[  1675  64030]
 [ 34479 364105]]","(array([0.        , 0.97450727, 1.        ]), array([0.        , 0.91349628, 1.        ]), array([2, 1, 0]))",0.9134962768199426,-0.0793594543298443,0.7878282707537761,0.8504443691826177,0.4694945047443446,7.328262186073141,0.8808434304763771,0.8623486825027806,gbm,0-0-0,1-2-3
924,"[[   931  35286]
 [ 18813 201106]]","(array([0.        , 0.97429384, 1.        ]), array([0.        , 0.91445487, 1.        ]), array([2, 1, 0]))",0.9144548674739336,-0.078169580451061,0.7887879876315708,0.8507309892043724,0.4700805137822494,7.295114621853993,0.881442700263636,0.8627552259270158,gbm,0-0-0,1-3-0
925,"[[  358 12272]
 [ 6598 69981]]","(array([0.        , 0.97165479, 1.        ]), array([0.        , 0.91384061, 1.        ]), array([2, 1, 0]))",0.9138406090442549,-0.07516838844965301,0.7884742570816846,0.8508017944634239,0.4710929094310744,7.305950332720107,0.8811952251435479,0.8627040540840403,gbm,0-0-0,1-3-1
926,"[[  1726  68584]
 [ 36557 392714]]","(array([0.        , 0.97545157, 1.        ]), array([0.        , 0.91483934, 1.        ]), array([2, 1, 0]))",0.914839343910956,-0.07923933142256584,0.7895416358908766,0.8513238730712034,0.4696938861497605,7.269084149572258,0.8819395240570915,0.8633114717627853,gbm,0-0-0,1-3-2
927,"[[  1537  54398]
 [ 29542 311452]]","(array([0.        , 0.97252168, 1.        ]), array([0.        , 0.91336504, 1.        ]), array([2, 1, 0]))",0.9133650445462383,-0.0766184893578507,0.7885264115244792,0.8513106464397977,0.4704216837998913,7.304148568358096,0.8812467814680467,0.863037673590136,gbm,0-0-0,1-3-3
928,"[[ 75313 116559]
 [ 12772 179070]]","(array([0.        , 0.60748311, 1.        ]), array([0.        , 0.93342438, 1.        ]), array([2, 1, 0]))",0.9334243804797698,0.38751855362426774,0.6629494884210636,0.6057254193600763,0.6629706333686374,11.64155514317189,0.7346898584736323,0.6514678126077774,gbm,0-0-0,2-0-0
929,"[[ 80566 123826]
 [ 13529 191041]]","(array([0.        , 0.60582606, 1.        ]), array([0.        , 0.93386616, 1.        ]), array([2, 1, 0]))",0.9338661582832283,0.3897023336630291,0.6641374993275659,0.6067355423083397,0.6640200492774315,11.600521913220172,0.7355694723325447,0.6524454966332841,gbm,0-0-0,2-0-1
930,"[[39982 61818]
 [ 6844 95593]]","(array([0.        , 0.60724951, 1.        ]), array([0.       , 0.9331882, 1.       ]), array([2, 1, 0]))",0.933188203481164,0.38768336564155775,0.6638121398179566,0.6072828455444664,0.6629693473201498,11.611759349879293,0.7357609063760352,0.652885404757124,gbm,0-0-0,2-0-2
931,"[[ 97305 151371]
 [ 16443 231910]]","(array([0.        , 0.60870772, 1.        ]), array([0.        , 0.93379182, 1.        ]), array([2, 1, 0]))",0.9337918205135433,0.3869161396364489,0.6623657774496056,0.6050652132508525,0.6625420522246335,11.661716434650995,0.7343176586440882,0.650892489771128,gbm,0-0-0,2-0-3
932,"[[14914 23453]
 [ 2587 36064]]","(array([0.        , 0.61128053, 1.        ]), array([0.        , 0.93306771, 1.        ]), array([2, 1, 0]))",0.9330677084680862,0.3839512439623525,0.6618972188319614,0.6059445200530941,0.6608935904657005,11.677899845257013,0.7347404449515117,0.6516357749196838,gbm,0-0-0,2-1-0
933,"[[102510 115784]
 [ 14473 203796]]","(array([0.        , 0.53040395, 1.        ]), array([0.        , 0.93369191, 1.        ]), array([2, 1, 0]))",0.9336919122733874,0.4552825589778836,0.7016306924773744,0.6376994805682458,0.7016439808190029,10.30552286258968,0.7578186442663275,0.6808682945016968,gbm,0-0-0,2-1-1
934,"[[25676 40251]
 [ 4481 61290]]","(array([0.        , 0.61053893, 1.        ]), array([0.        , 0.93186967, 1.        ]), array([2, 1, 0]))",0.931869669003056,0.3823722502883662,0.6603441206396452,0.6035985463999763,0.6606653697905598,11.73154285025822,0.732643205508272,0.6493478974858826,gbm,0-0-0,2-1-2
935,"[[ 68496 106306]
 [ 11715 163441]]","(array([0.        , 0.60815094, 1.        ]), array([0.        , 0.93311676, 1.        ]), array([2, 1, 0]))",0.9331167644842312,0.3865699808578501,0.6627566736579819,0.6059047922683106,0.6624829139980452,11.648214731219653,0.7347264459893504,0.6516038030720556,gbm,0-0-0,2-1-3
936,"[[ 93005 105760]
 [ 13178 185824]]","(array([0.        , 0.53208563, 1.        ]), array([0.        , 0.93377956, 1.        ]), array([2, 1, 0]))",0.9337795600044221,0.4540300600557924,0.7009857529659324,0.6372914837576822,0.700846965623422,10.327798817604533,0.757559327008924,0.6805054865535128,gbm,0-0-0,2-2-0
937,"[[ 64148  99214]
 [ 10787 152717]]","(array([0.        , 0.60732606, 1.        ]), array([0.        , 0.93402608, 1.        ]), array([2, 1, 0]))",0.9340260788726882,0.3886026060381509,0.6634675983430519,0.6061858207207529,0.6633500088661992,11.623660073167626,0.7352148952303007,0.6519524806442468,gbm,0-0-0,2-2-1
938,"[[ 85345 132048]
 [ 14498 202403]]","(array([0.        , 0.60741606, 1.        ]), array([0.        , 0.93315845, 1.        ]), array([2, 1, 0]))",0.9331584455581118,0.3870818111318076,0.6625649905363648,0.6051798320232261,0.6628711917016983,11.654835458951872,0.7342060970124349,0.650936994478052,gbm,0-0-0,2-2-2
939,"[[ 81854 127718]
 [ 13978 196637]]","(array([0.        , 0.60942301, 1.        ]), array([0.        , 0.93363246, 1.        ]), array([2, 1, 0]))",0.9336324573273509,0.3863415016486323,0.6627787151910934,0.6062400764594349,0.6621047214012549,11.647453593371175,0.7351328111856741,0.6519643111731491,gbm,0-0-0,2-2-3
940,"[[23444 36793]
 [ 3889 56154]]","(array([0.        , 0.61080399, 1.        ]), array([0.        , 0.93522975, 1.        ]), array([2, 1, 0]))",0.9352297520110587,0.3870943673780248,0.6617725307615564,0.604150752579427,0.6622128805542287,11.682207523162669,0.734087195241519,0.6501849103005573,gbm,0-0-0,2-3-0
941,"[[15182 23427]
 [ 2570 35978]]","(array([0.        , 0.60677562, 1.        ]), array([0.        , 0.93332987, 1.        ]), array([2, 1, 0]))",0.9333298744422538,0.38794074929807565,0.663063623520873,0.605639255954886,0.6632771260890075,11.637612946427287,0.7345972047818853,0.6513788708322471,gbm,0-0-0,2-3-1
942,"[[ 82869 128261]
 [ 14141 198036]]","(array([0.        , 0.60749775, 1.        ]), array([0.        , 0.93335281, 1.        ]), array([2, 1, 0]))",0.9333528139242236,0.387644661713725,0.6635963969412271,0.6069194629432695,0.6629275318614629,11.619211100582,0.7355452630953397,0.6525654671091004,gbm,0-0-0,2-3-2
943,"[[ 82945 128479]
 [ 14197 196974]]","(array([0.        , 0.60768409, 1.        ]), array([0.        , 0.93277012, 1.        ]), array([2, 1, 0]))",0.9327701246856813,0.38631799697159636,0.6623812397212461,0.6052302483000618,0.6625430198121913,11.661181964761795,0.7341229613286027,0.6509458467147352,gbm,0-0-0,2-3-3
944,"[[40387 33524]
 [ 4566 32029]]","(array([0.        , 0.45357254, 1.        ]), array([0.        , 0.87522886, 1.        ]), array([2, 1, 0]))",0.8752288564011477,0.40396933493934445,0.6553128336922882,0.48859701310390063,0.7108281582272276,11.90531553568492,0.6271096839879391,0.5359479530265355,gbm,0-0-0,3-0-0
945,"[[141430 116484]
 [ 16465 113170]]","(array([0.        , 0.45163892, 1.        ]), array([0.        , 0.87298955, 1.        ]), array([2, 1, 0]))",0.8729895475758861,0.4045954974492079,0.6569491857803788,0.49278479800047026,0.7106753145883649,11.84879569611595,0.6299664058738229,0.5398039210074687,gbm,0-0-0,3-0-1
946,"[[44369 36536]
 [ 5045 35312]]","(array([0.        , 0.45159137, 1.        ]), array([0.        , 0.87499071, 1.        ]), array([2, 1, 0]))",0.8749907079317095,0.4060363763608335,0.6570978542329832,0.49148201759269566,0.7116996676671092,11.843661455101271,0.6294193663383986,0.5387049235848164,gbm,0-0-0,3-0-2
947,"[[108116  89044]
 [ 12320  86159]]","(array([0.        , 0.45163319, 1.        ]), array([0.        , 0.87489719, 1.        ]), array([2, 1, 0]))",0.8748971862021344,0.406016436935083,0.6571358988496105,0.4917666934926913,0.7116319974427187,11.842347355549505,0.6296285469998026,0.5389714134151392,gbm,0-0-0,3-0-3
948,"[[129529 106475]
 [ 14784 103510]]","(array([0.        , 0.45115761, 1.        ]), array([0.        , 0.87502325, 1.        ]), array([2, 1, 0]))",0.875023247163846,0.4068388228430463,0.6577485619450293,0.49293997190275496,0.711932819832834,11.82118618791767,0.6306221232549144,0.5401081572976956,gbm,0-0-0,3-1-0
949,"[[116250  95883]
 [ 13452  93187]]","(array([0.        , 0.45199474, 1.        ]), array([0.        , 0.87385478, 1.        ]), array([2, 1, 0]))",0.8738547810838436,0.4051780330036471,0.6570119081977087,0.4928703654731052,0.7109300209671738,11.846629518709168,0.6302615070897403,0.5399521855469633,gbm,0-0-0,3-1-1
950,"[[70692 57479]
 [ 8012 55542]]","(array([0.        , 0.44845558, 1.        ]), array([0.        , 0.87393398, 1.        ]), array([2, 1, 0]))",0.8739339774050414,0.40716071815319516,0.6584117877167819,0.4914307960467524,0.7127391992649725,11.798278601850493,0.6291037802633442,0.5385755122779935,gbm,0-0-0,3-1-2
951,"[[160646 132283]
 [ 18457 128264]]","(array([0.        , 0.45158724, 1.        ]), array([0.        , 0.87420342, 1.        ]), array([2, 1, 0]))",0.874203420096646,0.40558227824023596,0.6571363584669624,0.4922873800120516,0.7113080877029765,11.842331233744329,0.6298751681939165,0.5394189126333471,gbm,0-0-0,3-1-3
952,"[[37915 31512]
 [ 4405 30119]]","(array([0.        , 0.45388682, 1.        ]), array([0.       , 0.8724076, 1.       ]), array([2, 1, 0]))",0.8724076005097903,0.40120778114952094,0.6544814383700013,0.48869886907562754,0.7092603920707593,11.93403073265507,0.6264676823878114,0.5358337365859213,gbm,0-0-0,3-2-0
953,"[[39664 33022]
 [ 4611 31832]]","(array([0.        , 0.45431032, 1.        ]), array([0.        , 0.87347364, 1.        ]), array([2, 1, 0]))",0.8734736437724666,0.4025946980401333,0.6551512430243107,0.4908255466123909,0.7095816613326191,11.910896062238393,0.6284885041017996,0.5379589601803562,gbm,0-0-0,3-2-1
954,"[[144924 119465]
 [ 16556 114916]]","(array([0.        , 0.45185314, 1.        ]), array([0.        , 0.87407205, 1.        ]), array([2, 1, 0]))",0.8740720457587927,0.404627531323118,0.6563920163895913,0.4902957150963602,0.7111094525606616,11.868040620114499,0.6282085974421421,0.5374949953040049,gbm,0-0-0,3-2-2
955,"[[116756  95918]
 [ 13366  92755]]","(array([0.        , 0.45100953, 1.        ]), array([0.        , 0.87404943, 1.        ]), array([2, 1, 0]))",0.8740494341365046,0.40561028891686896,0.6571966310638498,0.4916177725482713,0.7115199539096151,11.840249487375049,0.6292868918634708,0.5387639359535695,gbm,0-0-0,3-2-3
956,"[[37531 30903]
 [ 4314 29995]]","(array([0.        , 0.45157378, 1.        ]), array([0.       , 0.8742604, 1.       ]), array([2, 1, 0]))",0.874260398146259,0.4057281972226347,0.6572321228696846,0.4925449111629282,0.7113433095153074,11.839023566169521,0.6301007278876554,0.5396706021208992,gbm,0-0-0,3-3-0
957,"[[123499 101467]
 [ 14188  98377]]","(array([0.       , 0.4510326, 1.       ]), array([0.        , 0.87395727, 1.        ]), array([2, 1, 0]))",0.8739572691333896,0.4057243967471743,0.6573499915563311,0.49226896979644125,0.7114623343257696,11.834952394612182,0.6297961966524652,0.5393824819807422,gbm,0-0-0,3-3-1
958,"[[90148 74695]
 [10330 71971]]","(array([0.        , 0.45312813, 1.        ]), array([0.        , 0.87448512, 1.        ]), array([2, 1, 0]))",0.8744851216874643,0.4042851626152319,0.6559697989835885,0.4907135941527007,0.7106784968555737,11.882623850497396,0.6286582782671739,0.5379279932432938,gbm,0-0-0,3-3-2
959,"[[57851 47535]
 [ 6502 46154]]","(array([0.        , 0.45105612, 1.        ]), array([0.       , 0.8765193, 1.       ]), array([2, 1, 0]))",0.8765192950470981,0.40817713367982833,0.6580845598005594,0.4926298711695076,0.7127315887681166,11.809581433515348,0.6307560900611568,0.5399240077489635,gbm,0-0-0,3-3-3
960,"[[226117  29263]
 [122834  14805]]","(array([0.        , 0.11458611, 1.        ]), array([0.        , 0.10756399, 1.        ]), array([2, 1, 0]))",0.10756398985752584,-0.010616671271716161,0.6130034425816564,0.33595806480893164,0.49648894143984446,13.366447097866336,0.1629546467664977,0.23581524699676026,gbm,2-3-0,0-0-0
961,"[[163468  22051]
 [ 89116  10789]]","(array([0.        , 0.11886114, 1.        ]), array([0.        , 0.10799259, 1.        ]), array([2, 1, 0]))",0.10799259296331515,-0.016246313984990653,0.6105197881047144,0.3285322777101096,0.49456572602795745,13.452231723386856,0.1625522618554371,0.23326054526192894,gbm,2-3-0,0-0-1
962,"[[258896  33584]
 [140247  16944]]","(array([0.        , 0.11482495, 1.        ]), array([0.        , 0.10779243, 1.        ]), array([2, 1, 0]))",0.10779243086436247,-0.01061798835474546,0.6134262605327006,0.33533882203926535,0.4964837427844789,13.351843666111035,0.16314347748641195,0.23578984867924843,gbm,2-3-0,0-0-2
963,"[[70482  8932]
 [38284  4654]]","(array([0.        , 0.11247387, 1.        ]), array([0.        , 0.10838884, 1.        ]), array([2, 1, 0]))",0.10838883972239043,-0.006205438206348446,0.614097031515627,0.3425585161195348,0.49795748430827,13.328674711213132,0.16467341306347744,0.23920149667975574,gbm,2-3-0,0-0-3
964,"[[236188  30772]
 [128043  15457]]","(array([0.       , 0.1152682, 1.       ]), array([0.        , 0.10771429, 1.        ]), array([2, 1, 0]))",0.10771428571428572,-0.01139398604676802,0.6130804463285094,0.33435722165740117,0.4962230403698788,13.36378789253487,0.16293766372035906,0.23532653707492934,gbm,2-3-0,0-1-0
965,"[[113879  14525]
 [ 61482   7355]]","(array([0.        , 0.11311953, 1.        ]), array([0.        , 0.10684661, 1.        ]), array([2, 1, 0]))",0.10684660865522902,-0.009520940482657624,0.6146490841153716,0.33615173674588666,0.4968635398342966,13.30960800036833,0.162152628504029,0.2351989357687855,gbm,2-3-0,0-1-1
966,"[[279499  36265]
 [151473  18279]]","(array([0.        , 0.11484843, 1.        ]), array([0.        , 0.10768062, 1.        ]), array([2, 1, 0]))",0.10768061642867241,-0.010823743853908682,0.6133227329274421,0.33512393663831036,0.4964160926609482,13.355419389327126,0.1629899775296929,0.2355978428986822,gbm,2-3-0,0-1-2
967,"[[278670  36156]
 [151088  18220]]","(array([0.        , 0.11484439, 1.        ]), array([0.        , 0.10761453, 1.        ]), array([2, 1, 0]))",0.10761452500767832,-0.010919144761628016,0.6132393097778714,0.3350742974841842,0.49638506738653626,13.358300713301158,0.1629083886196599,0.23551492714807193,gbm,2-3-0,0-1-3
968,"[[43698  5569]
 [24163  2823]]","(array([0.        , 0.11303712, 1.        ]), array([0.       , 0.1046098, 1.       ]), array([2, 1, 0]))",0.10460979767286742,-0.012876394543792413,0.610087471968316,0.3363918017159199,0.49578633671574446,13.467160016413429,0.1595907060885296,0.23309773095088684,gbm,2-3-0,0-2-0
969,"[[113055  14204]
 [ 61397   7312]]","(array([0.       , 0.1116149, 1.       ]), array([0.        , 0.10641983, 1.        ]), array([2, 1, 0]))",0.10641982855230028,-0.007929092427188823,0.6142176273677336,0.3398401189812233,0.4974024664728514,13.32450906124235,0.16208367968966472,0.23621691121836497,gbm,2-3-0,0-2-1
970,"[[96235 11954]
 [51879  6158]]","(array([0.        , 0.11049182, 1.        ]), array([0.        , 0.10610473, 1.        ]), array([2, 1, 0]))",0.10610472629529438,-0.006711817298880067,0.6159866687521808,0.33999558303886923,0.49780645090148534,13.263408082995523,0.1617355447871935,0.23596581982603365,gbm,2-3-0,0-2-2
971,"[[245042  31734]
 [133019  16102]]","(array([0.       , 0.1146559, 1.       ]), array([0.        , 0.10797943, 1.        ]), array([2, 1, 0]))",0.10797942610363397,-0.010086072401978412,0.6131623373726511,0.3366084120745882,0.49666176554191727,13.360959109398676,0.16350777073168254,0.2364707091771548,gbm,2-3-0,0-2-3
972,"[[228220  29555]
 [123241  14953]]","(array([0.        , 0.11465425, 1.        ]), array([0.        , 0.10820296, 1.        ]), array([2, 1, 0]))",0.10820296105474912,-0.009735405824028298,0.6141213074760903,0.3359620742338456,0.4967743541574783,13.32783755834124,0.1636873159571324,0.23642900963235153,gbm,2-3-0,0-3-0
973,"[[146368  18380]
 [ 78728   9576]]","(array([0.        , 0.11156433, 1.        ]), array([0.        , 0.10844356, 1.        ]), array([2, 1, 0]))",0.10844355861569124,-0.004745048027590916,0.6162527859886505,0.3425382744312491,0.4984396150327103,13.254217294302176,0.16473421641149147,0.23924688199552285,gbm,2-3-0,0-3-1
974,"[[87471 11159]
 [47272  5626]]","(array([0.        , 0.11314002, 1.        ]), array([0.        , 0.10635563, 1.        ]), array([2, 1, 0]))",0.10635562781201557,-0.010304364127128075,0.6143880998891293,0.33518022043491214,0.4966078047809951,13.31862207802353,0.16147410415739852,0.2343424582215632,gbm,2-3-0,0-3-2
975,"[[232846  30158]
 [126096  15170]]","(array([0.        , 0.11466746, 1.        ]), array([0.        , 0.10738607, 1.        ]), array([2, 1, 0]))",0.107386066003143,-0.01100319899093464,0.6134909837484849,0.33467172608542184,0.49635930423698993,13.34960813582426,0.16259901175814873,0.2351369281228106,gbm,2-3-0,0-3-3
976,"[[   653  32722]
 [  4444 199827]]","(array([0.        , 0.98043446, 1.        ]), array([0.        , 0.97824459, 1.        ]), array([2, 1, 0]))",0.9782445868478639,-0.005251916223992998,0.8436077190442928,0.8592898700918946,0.4989050649595125,5.40170812014661,0.9149168994093677,0.8807087381122588,gbm,2-3-0,1-0-0
977,"[[  1861  60438]
 [  8384 373129]]","(array([0.        , 0.97012793, 1.        ]), array([0.        , 0.97802434, 1.        ]), array([2, 1, 0]))",0.9780243399307494,0.018265885240012214,0.8449298351554262,0.8606028595349738,0.5039482042516393,5.356042637693501,0.9155641164057516,0.881776043928932,gbm,2-3-0,1-0-1
978,"[[   555  18289]
 [  2540 112259]]","(array([0.        , 0.97054765, 1.        ]), array([0.        , 0.97787437, 1.        ]), array([2, 1, 0]))",0.9778743717279768,0.016953118473934787,0.8441444744580712,0.8599059349817691,0.5036633586510824,5.383168571245747,0.9151039140482663,0.8811662959131292,gbm,2-3-0,1-0-2
979,"[[   498  22446]
 [  3037 134912]]","(array([0.        , 0.97829498, 1.        ]), array([0.        , 0.97798462, 1.        ]), array([2, 1, 0]))",0.9779846175035701,-0.0007403254360428685,0.8416152349698247,0.8573571092667674,0.4998448192120361,5.470527534668552,0.9137067526336998,0.8790418318931534,gbm,2-3-0,1-0-3
980,"[[  1075  36329]
 [  4859 221977]]","(array([0.        , 0.97125976, 1.        ]), array([0.        , 0.97857924, 1.        ]), array([2, 1, 0]))",0.9785792378634784,0.017220834696115128,0.8441265516197396,0.8593567319380889,0.5036597397744299,5.383788112052008,0.9151011456439558,0.8808191673412378,gbm,2-3-0,1-1-0
981,"[[   664  30693]
 [  4163 187987]]","(array([0.       , 0.9788245, 1.       ]), array([0.        , 0.97833463, 1.        ]), array([2, 1, 0]))",0.9783346344002082,-0.001170376378738312,0.844049627081031,0.8596442290104261,0.4997550647524847,5.386444863314939,0.9151571209502715,0.88102111784941,gbm,2-3-0,1-1-1
982,"[[   456  20302]
 [  2775 124111]]","(array([0.        , 0.97803257, 1.        ]), array([0.        , 0.97812997, 1.        ]), array([2, 1, 0]))",0.9781299749381335,0.00023143437867975157,0.8436983555037794,0.8594170884892635,0.5000487045901767,5.398577499203365,0.9149388681860235,0.8807970613366489,gbm,2-3-0,1-1-2
983,"[[   494  24069]
 [ 12934 138131]]","(array([0.        , 0.97988845, 1.        ]), array([0.        , 0.91438123, 1.        ]), array([2, 1, 0]))",0.9143812266243008,-0.0855028779034287,0.7893103605347667,0.8516091245376078,0.4672463882582075,7.277071927320401,0.8818795588399598,0.8634644596275621,gbm,2-3-0,1-1-3
984,"[[   615  28475]
 [  3721 174057]]","(array([0.        , 0.97885871, 1.        ]), array([0.       , 0.9790694, 1.       ]), array([2, 1, 0]))",0.9790694011632486,0.000511277630408176,0.844364522304078,0.8594049335413663,0.5001053434142129,5.375569026371258,0.9153427467066341,0.8809390771996527,gbm,2-3-0,1-2-0
985,"[[   878  40347]
 [ 21381 227599]]","(array([0.        , 0.97870224, 1.        ]), array([0.        , 0.91412563, 1.        ]), array([2, 1, 0]))",0.9141256325809302,-0.08471520193555696,0.7872951878844265,0.8494211520231688,0.46771169439840926,7.346675111257777,0.8805863895412497,0.8616187297654994,gbm,2-3-0,1-2-1
986,"[[  1770  59101]
 [  7891 358978]]","(array([0.        , 0.97092211, 1.        ]), array([0.        , 0.97849096, 1.        ]), array([2, 1, 0]))",0.9784909599884427,0.017797138403194145,0.8433814934305887,0.8586367648219595,0.5037844230048504,5.409522058389628,0.9146542191329872,0.8801996876202991,gbm,2-3-0,1-2-2
987,"[[  1387  64318]
 [  3461 395123]]","(array([0.       , 0.9788905, 1.       ]), array([0.        , 0.99131676, 1.        ]), array([2, 1, 0]))",0.9913167613351264,0.04260922199406164,0.8540154946595763,0.8600081403270496,0.5062131329695189,5.042236955383752,0.9210057981993531,0.8834112579974137,gbm,2-3-0,1-2-3
988,"[[  1757  34460]
 [  3409 216510]]","(array([0.        , 0.95148687, 1.        ]), array([0.        , 0.98449884, 1.        ]), array([2, 1, 0]))",0.9844988382086132,0.08182215506043931,0.8521527625948715,0.8626927521217675,0.516505983701043,5.106570249501505,0.9195797735772125,0.8845815366739145,gbm,2-3-0,1-3-0
989,"[[  386 12244]
 [ 1667 74912]]","(array([0.        , 0.96943785, 1.        ]), array([0.        , 0.97823163, 1.        ]), array([2, 1, 0]))",0.9782316300813539,0.020445097181663104,0.8440628187738906,0.8595162696773602,0.5043968918419438,5.385989179348918,0.9150395456072312,0.8808968892505464,gbm,2-3-0,1-3-1
990,"[[  1454  68856]
 [  9233 420038]]","(array([0.        , 0.97932015, 1.        ]), array([0.        , 0.97849144, 1.        ]), array([2, 1, 0]))",0.9784914424687435,-0.001991784006731209,0.8436910130689518,0.8591596542399784,0.499585644431641,5.398831354640858,0.9149510164295088,0.8806393030664024,gbm,2-3-0,1-3-2
991,"[[  1282  54653]
 [  2949 338045]]","(array([0.        , 0.97708054, 1.        ]), array([0.        , 0.99135175, 1.        ]), array([2, 1, 0]))",0.9913517539898062,0.0483532036250406,0.8548808477082803,0.8608268949676342,0.507135607038704,5.012348047882612,0.9214902166031522,0.8841078447064681,gbm,2-3-0,1-3-3
992,"[[153791  38081]
 [  3166 188676]]","(array([0.        , 0.19847086, 1.        ]), array([0.        , 0.98349684, 1.        ]), array([2, 1, 0]))",0.9834968359379073,0.7983456843431476,0.8925058767728048,0.8320625162619015,0.8925129901837635,3.7127948405078266,0.9014641697662918,0.8585000955527041,gbm,2-3-0,2-0-0
993,"[[155646  48746]
 [   152 204418]]","(array([0.       , 0.2384927, 1.       ]), array([0.        , 0.99925698, 1.        ]), array([2, 1, 0]))",0.9992569780515227,0.7832873583491724,0.8804338789422979,0.8074528763963281,0.8803821388750706,4.129762827193418,0.893173764675554,0.8396879461989804,gbm,2-3-0,2-0-1
994,"[[80193 21607]
 [ 6127 96310]]","(array([0.        , 0.21224951, 1.        ]), array([0.        , 0.94018763, 1.        ]), array([2, 1, 0]))",0.9401876275174009,0.736805484443808,0.8642067793788589,0.8167609420185384,0.8639690593382683,4.690216275396364,0.8741388856113346,0.8387838461605454,gbm,2-3-0,2-0-2
995,"[[189633  59043]
 [  1240 247113]]","(array([0.        , 0.23742943, 1.        ]), array([0.        , 0.99500711, 1.        ]), array([2, 1, 0]))",0.9950071068197284,0.7788165569389113,0.8787133145148472,0.807147336651903,0.878788840289177,4.189188695318527,0.8912858041979482,0.8388216516619065,gbm,2-3-0,2-0-3
996,"[[37626   741]
 [ 7582 31069]]","(array([0.        , 0.01931347, 1.        ]), array([0.        , 0.80383431, 1.        ]), array([2, 1, 0]))",0.8038343121782101,0.7966623465933712,0.8919343530083876,0.9767054385413392,0.8922604198313836,3.7324629104434996,0.8818779182810349,0.936428136547492,gbm,2-3-0,2-1-0
997,"[[171489  46805]
 [ 12420 205849]]","(array([0.        , 0.21441267, 1.        ]), array([0.        , 0.94309774, 1.        ]), array([2, 1, 0]))",0.9430977371958454,0.7378910048958006,0.8643380222327591,0.8147466495681842,0.8643425321892262,4.6856844422140815,0.8742363401235447,0.837543789695537,gbm,2-3-0,2-1-1
998,"[[52888 13039]
 [ 3928 61843]]","(array([0.        , 0.19777936, 1.        ]), array([0.        , 0.94027763, 1.        ]), array([2, 1, 0]))",0.9402776299584923,0.7495839503276607,0.8711673677656456,0.8258727063913891,0.8712491339684312,4.449800642707876,0.879369796591612,0.8464709730932742,gbm,2-3-0,2-1-2
999,"[[124297  50505]
 [ 10181 164975]]","(array([0.       , 0.2889269, 1.       ]), array([0.        , 0.94187467, 1.        ]), array([2, 1, 0]))",0.9418746717212085,0.6711738816997751,0.8265906194457621,0.7656162984963801,0.8264738857856623,5.989463215499466,0.8446482147062738,0.7953852948096378,gbm,2-3-0,2-1-3
1000,"[[151102  47663]
 [   173 198829]]","(array([0.        , 0.23979574, 1.        ]), array([0.        , 0.99913066, 1.        ]), array([2, 1, 0]))",0.999130662003397,0.7820725743870586,0.8797386409631769,0.8066346980835077,0.8796674616585043,4.153776001627241,0.892622571796702,0.8389621678185947,gbm,2-3-0,2-2-0
1001,"[[124838  38524]
 [  1981 161523]]","(array([0.        , 0.23581984, 1.        ]), array([0.        , 0.98788409, 1.        ]), array([2, 1, 0]))",0.9878840884626676,0.7716786314578512,0.8760807180924293,0.8074252550650597,0.8760321263801811,4.280114608332644,0.8885850953511337,0.8380426526317536,gbm,2-3-0,2-2-1
1002,"[[165542  51851]
 [  9156 207745]]","(array([0.        , 0.23851274, 1.        ]), array([0.        , 0.95778719, 1.        ]), array([2, 1, 0]))",0.9577871932356237,0.7334241836981854,0.8595260353585359,0.8002627159124177,0.8596372268174962,4.851894319172425,0.8719677143822521,0.8274814086044207,gbm,2-3-0,2-2-2
1003,"[[159347  50225]
 [   153 210462]]","(array([0.        , 0.23965511, 1.        ]), array([0.        , 0.99927356, 1.        ]), array([2, 1, 0]))",0.9992735560145288,0.7826484899083653,0.8801057624343447,0.807336000644451,0.8798092247081595,4.141095838290432,0.8931088771106425,0.8395891692989182,gbm,2-3-0,2-2-3
1004,"[[60212    25]
 [  751 59292]]","(array([0.        , 0.00041503, 1.        ]), array([0.       , 0.9874923, 1.       ]), array([2, 1, 0]))",0.9874922971870159,0.987168424783088,0.9935483870967742,0.9995785356643121,0.9935386349391094,0.22283098164604723,0.9934986595174263,0.997137677381597,gbm,2-3-0,2-3-0
1005,"[[31014  7595]
 [  461 38087]]","(array([0.        , 0.19671579, 1.        ]), array([0.        , 0.98804088, 1.        ]), array([2, 1, 0]))",0.98804088409256,0.8050905236888092,0.8955895122931167,0.8337419552558994,0.8956625462188822,3.606289197090126,0.9043571174165975,0.8606220285977693,gbm,2-3-0,2-3-1
1006,"[[165796  45334]
 [ 20904 191273]]","(array([0.        , 0.21472079, 1.        ]), array([0.        , 0.90147848, 1.        ]), array([2, 1, 0]))",0.9014784825876508,0.6915788555313784,0.8435225498279026,0.8083995824299366,0.8433788472238212,5.40462529510732,0.8524056116082569,0.8254452552854512,gbm,2-3-0,2-3-2
1007,"[[169318  42106]
 [ 20077 191094]]","(array([0.        , 0.19915431, 1.        ]), array([0.        , 0.90492539, 1.        ]), array([2, 1, 0]))",0.9049253922176814,0.7095934783382206,0.8528543877707971,0.819442538593482,0.852885543089316,5.08230906758037,0.8600651257620322,0.8352222215423294,gbm,2-3-0,2-3-3
1008,"[[43631 30280]
 [   51 36544]]","(array([0.        , 0.40968191, 1.        ]), array([0.        , 0.99860637, 1.        ]), array([2, 1, 0]))",0.9986063669900259,0.566901374644201,0.7255262157710893,0.5468693882437448,0.7944622261273682,9.480207759254903,0.7067173343389511,0.6012682178807534,gbm,2-3-0,3-0-0
1009,"[[151467 106447]
 [   277 129358]]","(array([0.        , 0.41272285, 1.        ]), array([0.        , 0.99786323, 1.        ]), array([2, 1, 0]))",0.9978632313804142,0.5656221384646064,0.7246180482984087,0.548580394817752,0.792570192890359,9.51157527620533,0.7079575306479859,0.6028680483383123,gbm,2-3-0,3-0-1
1010,"[[60934 19971]
 [   78 40279]]","(array([0.        , 0.24684507, 1.        ]), array([0.        , 0.99806725, 1.        ]), array([2, 1, 0]))",0.9980672497955745,0.7079936570537303,0.8346637858521219,0.6685311203319502,0.8756110922978243,5.710642218517284,0.8007196318347629,0.7157987894383293,gbm,2-3-0,3-0-2
1011,"[[148486  48674]
 [   199  98280]]","(array([0.        , 0.24687563, 1.        ]), array([0.        , 0.99797926, 1.        ]), array([2, 1, 0]))",0.9979792646147909,0.7080383746293001,0.8346868985485677,0.6687807068878697,0.8755518153059754,5.709843891887699,0.8008702986151007,0.7160186217297227,gbm,2-3-0,3-0-3
1012,"[[176921  59083]
 [   594 117700]]","(array([0.        , 0.25034745, 1.        ]), array([0.        , 0.99497861, 1.        ]), array([2, 1, 0]))",0.9949786126092617,0.7023352543007446,0.8315626958097421,0.6657879999773734,0.8723155804355778,5.817751727455568,0.7977578733686462,0.7129651840383026,gbm,2-3-0,3-1-0
1013,"[[159139  52994]
 [   528 106111]]","(array([0.        , 0.24981497, 1.        ]), array([0.        , 0.99504872, 1.        ]), array([2, 1, 0]))",0.9950487157606505,0.7032425855430863,0.8320994315686446,0.6669243581282801,0.8726168705964042,5.799213118073813,0.7985956409175748,0.7140146341003878,gbm,2-3-0,3-1-1
1014,"[[72318 55853]
 [   60 63494]]","(array([0.       , 0.4357694, 1.       ]), array([0.        , 0.99905592, 1.        ]), array([2, 1, 0]))",0.9990559209491141,0.5469991435172515,0.7083687573347243,0.5320116969844235,0.7816432595671754,10.072819217545494,0.6942991016998266,0.5868836215342865,gbm,2-3-0,3-1-2
1015,"[[164735 128194]
 [   106 146615]]","(array([0.        , 0.43762823, 1.        ]), array([0.        , 0.99927754, 1.        ]), array([2, 1, 0]))",0.9992775403657281,0.5470719615322164,0.7081769589446151,0.5335160056621144,0.7808246548170246,10.079443910064844,0.6956325765663179,0.5883630012913769,gbm,2-3-0,3-1-3
1016,"[[53284 16143]
 [  296 34228]]","(array([0.        , 0.23251761, 1.        ]), array([0.        , 0.99142625, 1.        ]), array([2, 1, 0]))",0.9914262541999769,0.7151919427563812,0.841858183182461,0.6795179766135276,0.8794543228883706,5.4621490226861935,0.8063607986336062,0.7251449103420222,gbm,2-3-0,3-2-0
1017,"[[54838 17848]
 [   78 36365]]","(array([0.        , 0.24554935, 1.        ]), array([0.        , 0.99785967, 1.        ]), array([2, 1, 0]))",0.9978596712674588,0.7096240036698384,0.8357356889552732,0.6707800712006345,0.8761551610058781,5.673619082646254,0.8022635015884222,0.7178388835152687,gbm,2-3-0,3-2-1
1018,"[[147502 116887]
 [   545 130927]]","(array([0.        , 0.44210236, 1.        ]), array([0.        , 0.99585463, 1.        ]), array([2, 1, 0]))",0.9958546306437873,0.539002927466264,0.7033504184549627,0.5283276973859427,0.7768761369445784,10.24614966402847,0.6903866739083435,0.5830753308014053,gbm,2-3-0,3-2-2
1019,"[[119760  92914]
 [    84 106037]]","(array([0.        , 0.43688462, 1.        ]), array([0.        , 0.99920845, 1.        ]), array([2, 1, 0]))",0.9992084507307696,0.5470955006390749,0.7082827522388996,0.5329804826314017,0.7811619145986713,10.075789836633364,0.6951604867047779,0.5878371261468527,gbm,2-3-0,3-2-3
1020,"[[51611 16823]
 [   66 34243]]","(array([0.       , 0.2458281, 1.       ]), array([0.        , 0.99807631, 1.        ]), array([2, 1, 0]))",0.9980763065084963,0.7095558549837698,0.8356189716087714,0.6705635843809972,0.876124104681901,5.677650508172962,0.8021786237188874,0.7176629375495132,gbm,2-3-0,3-3-0
1021,"[[127072  97894]
 [    99 112466]]","(array([0.       , 0.4351502, 1.       ]), array([0.        , 0.99912051, 1.        ]), array([2, 1, 0]))",0.9991205081508462,0.5487073104339378,0.7096770370721505,0.5346358623312417,0.781985153838054,10.027631805840985,0.6965456375319347,0.5894413551291661,gbm,2-3-0,3-3-1
1022,"[[92443 72400]
 [   60 82241]]","(array([0.        , 0.43920579, 1.        ]), array([0.        , 0.99927097, 1.        ]), array([2, 1, 0]))",0.9992709687610114,0.5454263929206229,0.7068106043440262,0.5318188578708105,0.7800325895047754,10.126637217286982,0.6941867630052925,0.5867107074828961,gbm,2-3-0,3-3-2
1023,"[[59291 46095]
 [   44 52612]]","(array([0.        , 0.43739206, 1.        ]), array([0.        , 0.99916439, 1.        ]), array([2, 1, 0]))",0.999164387724096,0.5468223829273765,0.7080586173295706,0.5330118431316928,0.780886162131078,10.08353134944084,0.6951764962375216,0.587864594041351,gbm,2-3-0,3-3-3
