,confusion_matrix,roc_curve,recall,mcc,accuracy,precision,auc,log_loss,f1_score,fbeta_score,model,train,valid
0,"[[98604 87393]
 [22223 41780]]","(array([0.        , 0.46986242, 1.        ]), array([0.       , 0.6527819, 1.       ]), array([2, 1, 0]))",0.6527819008483977,0.1597516059967596,0.561536,0.3234422054144442,0.5914597418563187,15.144289570090985,0.432558910009525,0.35974134442349254,glm,s-1-2-0,s-0-1-0
1,"[[20478 17993]
 [ 4072  7457]]","(array([0.        , 0.46770295, 1.        ]), array([0.        , 0.64680371, 1.        ]), array([2, 1, 0]))",0.6468037123774829,0.15090038997954525,0.5587,0.2930058939096267,0.5895503836509857,15.242249766205314,0.40330998674923607,0.32899787344810244,glm,s-1-2-0,s-0-1-1
2,"[[99006 87212]
 [22219 41563]]","(array([0.        , 0.46833281, 1.        ]), array([0.        , 0.65164153, 1.        ]), array([2, 1, 0]))",0.6516415289580132,0.15989361897194346,0.562276,0.3227567462628616,0.5916543573647641,15.118730296650213,0.43169554988912373,0.35899371547223785,glm,s-1-2-0,s-0-1-2
3,"[[172369 152786]
 [ 60821 114024]]","(array([0.        , 0.46988667, 1.        ]), array([0.        , 0.65214333, 1.        ]), array([2, 1, 0]))",0.6521433269467243,0.17422048390955666,0.572786,0.42736029384205987,0.5911283287560735,14.755693153361314,0.5163487337401365,0.4590024032171711,glm,s-1-2-0,s-0-1-3
4,"[[98550 87344]
 [22274 41832]]","(array([0.        , 0.46985917, 1.        ]), array([0.        , 0.65254422, 1.        ]), array([2, 1, 0]))",0.6525442236296135,0.15963110835457878,0.561528,0.3238372453087261,0.5913425282887113,15.144565723581046,0.43285975931540444,0.3601177665673801,glm,s-1-2-0,s-0-2-0
5,"[[20515 18040]
 [ 3930  7515]]","(array([0.      , 0.467903, 1.      ]), array([0.        , 0.65661861, 1.        ]), array([2, 1, 0]))",0.6566186107470511,0.1586072830012018,0.5606,0.2940716102523968,0.5943578075133258,15.176626842676566,0.40621621621621623,0.33057669467294243,glm,s-1-2-0,s-0-2-1
6,"[[98657 87252]
 [22461 41630]]","(array([0.        , 0.46932639, 1.        ]), array([0.        , 0.64954518, 1.        ]), array([2, 1, 0]))",0.6495451779501022,0.1574520483688266,0.561148,0.32300864356543196,0.5901093935407258,15.15769016435926,0.43145932332502474,0.3591152118891893,glm,s-1-2-0,s-0-2-2
7,"[[172369 152786]
 [ 60821 114024]]","(array([0.        , 0.46988667, 1.        ]), array([0.        , 0.65214333, 1.        ]), array([2, 1, 0]))",0.6521433269467243,0.17422048390955666,0.572786,0.42736029384205987,0.5911283287560735,14.755693153361314,0.5163487337401365,0.4590024032171711,glm,s-1-2-0,s-0-2-3
8,"[[73171 64685]
 [38983 73161]]","(array([0.        , 0.46922151, 1.        ]), array([0.        , 0.65238443, 1.        ]), array([2, 1, 0]))",0.6523844342987587,0.18316140526392538,0.585328,0.5307444539558638,0.5915814638996115,14.32247037306949,0.5853114124564982,0.5513030346873078,glm,s-1-2-0,s-0-3-0
9,"[[13573 11818]
 [ 8439 16170]]","(array([0.        , 0.46544051, 1.        ]), array([0.        , 0.65707668, 1.        ]), array([2, 1, 0]))",0.6570766792636841,0.19299616581692403,0.59486,0.5777476061169072,0.5958180844233035,13.993228861482715,0.6148639656254159,0.5920431162630619,glm,s-1-2-0,s-0-3-1
10,"[[73272 64755]
 [38818 73155]]","(array([0.        , 0.46914734, 1.        ]), array([0.        , 0.65332714, 1.        ]), array([2, 1, 0]))",0.653327141364436,0.1841617215480799,0.585708,0.5304546443332608,0.592089900313377,14.30934586192671,0.5855140205616228,0.5511872130292806,glm,s-1-2-0,s-0-3-2
11,"[[172369 152786]
 [ 60821 114024]]","(array([0.        , 0.46988667, 1.        ]), array([0.        , 0.65214333, 1.        ]), array([2, 1, 0]))",0.6521433269467243,0.17422048390955666,0.572786,0.42736029384205987,0.5911283287560735,14.755693153361314,0.5163487337401365,0.4590024032171711,glm,s-1-2-0,s-0-3-3
12,"[[72876 64941]
 [39173 73010]]","(array([0.        , 0.47121182, 1.        ]), array([0.        , 0.65081162, 1.        ]), array([2, 1, 0]))",0.6508116202989758,0.17961985469156316,0.583544,0.5292458916571826,0.5897998979615866,14.384088368945783,0.5837671008339529,0.5497848602457578,glm,s-1-2-0,s-0-4-0
13,"[[13417 11927]
 [ 8452 16204]]","(array([0.        , 0.47060448, 1.        ]), array([0.        , 0.65720311, 1.        ]), array([2, 1, 0]))",0.6572031148604802,0.18806167493110512,0.59242,0.5760193380967615,0.593299316268624,14.077505219008696,0.6139390380207248,0.5906108762210235,glm,s-1-2-0,s-0-4-1
14,"[[73208 64605]
 [38930 73257]]","(array([0.        , 0.46878741, 1.        ]), array([0.       , 0.6529901, 1.       ]), array([2, 1, 0]))",0.6529900968917968,0.18421017696893033,0.58586,0.5313792052922488,0.5921013410307778,14.304095488156223,0.5859411555335154,0.5519374354878812,glm,s-1-2-0,s-0-4-2
15,"[[172369 152786]
 [ 60821 114024]]","(array([0.        , 0.46988667, 1.        ]), array([0.        , 0.65214333, 1.        ]), array([2, 1, 0]))",0.6521433269467243,0.17422048390955666,0.572786,0.42736029384205987,0.5911283287560735,14.755693153361312,0.5163487337401365,0.4590024032171711,glm,s-1-2-0,s-0-4-3
16,"[[  3294   5519]
 [  3039 238148]]","(array([0.        , 0.62623397, 1.        ]), array([0.        , 0.98739982, 1.        ]), array([2, 1, 0]))",0.9873998183981724,0.4238794914314654,0.965768,0.9773502361829874,0.6805829229288036,1.1823490454634522,0.9823493257764193,0.9793437539838221,glm,s-1-2-0,s-1-1-0
17,"[[  440   896]
 [  545 48119]]","(array([0.        , 0.67065868, 1.        ]), array([0.        , 0.98880076, 1.        ]), array([2, 1, 0]))",0.9888007562058195,0.3691863364300681,0.97118,0.9817198816688769,0.6590710367855446,0.995421864487276,0.9852475967198682,0.9831279318742747,glm,s-1-2-0,s-1-1-1
18,"[[  3033   5916]
 [  2555 238496]]","(array([0.        , 0.66107945, 1.        ]), array([0.        , 0.98940058, 1.        ]), array([2, 1, 0]))",0.9894005832790571,0.41262078364170934,0.966116,0.9757949691504508,0.6641605665305779,1.1703308210387426,0.9825506784245144,0.9784860740839205,glm,s-1-2-0,s-1-1-2
19,"[[ 17651  52858]
 [  4027 425464]]","(array([0.        , 0.74966316, 1.        ]), array([0.        , 0.99062378, 1.        ]), array([2, 1, 0]))",0.9906237848988687,0.4117898158491225,0.88623,0.8894928520954504,0.6204803106655487,3.9295611206909205,0.9373384166122318,0.908032725237848,glm,s-1-2-0,s-1-1-3
20,"[[  3259   5654]
 [  2996 238091]]","(array([0.        , 0.63435431, 1.        ]), array([0.        , 0.98757295, 1.        ]), array([2, 1, 0]))",0.9875729508434714,0.41933483830130747,0.9654,0.9768036267410614,0.6766093184599944,1.1950597469593915,0.9821587683981254,0.9789386604520968,glm,s-1-2-0,s-1-2-0
21,"[[  519   866]
 [  888 47727]]","(array([0.        , 0.62527076, 1.        ]), array([0.        , 0.98173403, 1.        ]), array([2, 1, 0]))",0.9817340327059549,0.3537454962861316,0.96492,0.9821785030765748,0.6782316372916056,1.2116341249609588,0.9819562175952598,0.9820895768086361,glm,s-1-2-0,s-1-2-1
22,"[[  2990   5831]
 [  2673 238506]]","(array([0.        , 0.66103616, 1.        ]), array([0.        , 0.98891695, 1.        ]), array([2, 1, 0]))",0.9889169455052057,0.4065619386599813,0.965984,0.9761354195230358,0.6639403909024725,1.1748896676597445,0.9824846143072526,0.9786652244882551,glm,s-1-2-0,s-1-2-2
23,"[[ 17483  53028]
 [  4101 425388]]","(array([0.        , 0.75205287, 1.        ]), array([0.        , 0.99045144, 1.        ]), array([2, 1, 0]))",0.990451443459553,0.40826231681795855,0.885742,0.8891592254439651,0.6191992861381668,3.946416315434762,0.9370760156624316,0.9077256158688742,glm,s-1-2-0,s-1-2-3
24,"[[  8333  59667]
 [   860 181140]]","(array([0.        , 0.87745588, 1.        ]), array([0.        , 0.99527473, 1.        ]), array([2, 1, 0]))",0.9952747252747253,0.2785747310860223,0.757892,0.7522206580373494,0.5589094214608921,8.362304913738505,0.8568448488317364,0.7908468881305731,glm,s-1-2-0,s-1-3-0
25,"[[ 3584 19456]
 [  181 26779]]","(array([0.        , 0.84444444, 1.        ]), array([0.        , 0.99328635, 1.        ]), array([2, 1, 0]))",0.993286350148368,0.2811632028782738,0.60726,0.5791932518654699,0.5744209528519617,13.56507018068926,0.7317166473119748,0.6318782444549316,glm,s-1-2-0,s-1-3-1
26,"[[  7892  60157]
 [   837 181114]]","(array([0.        , 0.88402475, 1.        ]), array([0.        , 0.99539986, 1.        ]), array([2, 1, 0]))",0.9953998604019764,0.270048300219802,0.756024,0.7506662632475515,0.5556875567642,8.42682491525516,0.8558817830831101,0.7894876791030788,glm,s-1-2-0,s-1-3-2
27,"[[ 17370  52995]
 [  4284 425351]]","(array([0.        , 0.75314432, 1.        ]), array([0.        , 0.99002875, 1.        ]), array([2, 1, 0]))",0.9900287453303386,0.4046919288909362,0.885442,0.8892119929925201,0.6184422132108951,3.9567778955798047,0.9369160808431014,0.9076985717998872,glm,s-1-2-0,s-1-3-3
28,"[[ 10515  57196]
 [  1477 180812]]","(array([0.        , 0.84470765, 1.        ]), array([0.        , 0.99189748, 1.        ]), array([2, 1, 0]))",0.991897481471729,0.3060878227963424,0.765308,0.7596887499579846,0.5735949134404472,8.106157444772846,0.8604010973192766,0.797005433206297,glm,s-1-2-0,s-1-4-0
29,"[[ 3703 19428]
 [  200 26669]]","(array([0.        , 0.83991181, 1.        ]), array([0.        , 0.99255648, 1.        ]), array([2, 1, 0]))",0.9925564777252596,0.28370631086132275,0.60744,0.5785409028787123,0.5763223355294406,13.558852753163615,0.7309979990680591,0.631198019473911,glm,s-1-2-0,s-1-4-1
30,"[[  7584  60513]
 [   824 181079]]","(array([0.        , 0.88862946, 1.        ]), array([0.        , 0.99547011, 1.        ]), array([2, 1, 0]))",0.9954701131921958,0.2638352680589907,0.754652,0.7495239908606245,0.5534203290750617,8.47421325509572,0.8551647599145209,0.7884854707643058,glm,s-1-2-0,s-1-4-2
31,"[[ 20673  49826]
 [  4319 425182]]","(array([0.       , 0.7067618, 1.       ]), array([0.        , 0.98994414, 1.        ]), array([2, 1, 0]))",0.9899441444839476,0.4522606222502839,0.89171,0.8951049245486392,0.6415911732221296,3.740283777287991,0.9401387935332871,0.9125906351187125,glm,s-1-2-0,s-1-4-3
32,"[[ 67146  58183]
 [    61 124610]]","(array([0.        , 0.46424211, 1.        ]), array([0.        , 0.99951071, 1.        ]), array([2, 1, 0]))",0.9995107121944959,0.6036611670732518,0.767024,0.6817000651009612,0.7676342987202642,8.046892061289833,0.8105664402987016,0.7279956721034115,glm,s-1-2-0,s-2-1-0
33,"[[13583 11508]
 [   10 24899]]","(array([0.        , 0.45865051, 1.        ]), array([0.        , 0.99959854, 1.        ]), array([2, 1, 0]))",0.9995985386807981,0.6079145904854492,0.76964,0.6839069409728898,0.7704740132724863,7.956536565676158,0.8121534346663187,0.7300175328521084,glm,s-1-2-0,s-2-1-1
34,"[[ 67199  57601]
 [    54 125146]]","(array([0.        , 0.46154647, 1.        ]), array([0.        , 0.99956869, 1.        ]), array([2, 1, 0]))",0.9995686900958466,0.6066367366004272,0.76938,0.6848046753161474,0.7690111078684361,7.965516842640609,0.8127762244801865,0.7308324807168519,glm,s-1-2-0,s-2-1-2
35,"[[134552 115681]
 [   114 249653]]","(array([0.        , 0.46229314, 1.        ]), array([0.        , 0.99954357, 1.        ]), array([2, 1, 0]))",0.999543574611538,0.6055396243805923,0.76841,0.6833555048257212,0.7686252159103095,7.999020221758011,0.8117463636053267,0.729508977542556,glm,s-1-2-0,s-2-1-3
36,"[[ 66917  57570]
 [    69 125444]]","(array([0.        , 0.46245793, 1.        ]), array([0.        , 0.99945026, 1.        ]), array([2, 1, 0]))",0.9994502561487655,0.6062339559440328,0.769444,0.6854339012315998,0.7684961644074937,7.963306261801252,0.8131800458306729,0.7313930424257407,glm,s-1-2-0,s-2-2-0
37,"[[13420 11739]
 [   42 24799]]","(array([0.        , 0.46659247, 1.        ]), array([0.        , 0.99830925, 1.        ]), array([2, 1, 0]))",0.9983092468097098,0.5993553800194553,0.76438,0.6787180469648038,0.7658583874654297,8.138214223653517,0.8080613890744391,0.7251466434298479,glm,s-1-2-0,s-2-2-1
38,"[[ 67589  57688]
 [    74 124649]]","(array([0.        , 0.46048357, 1.        ]), array([0.        , 0.99940669, 1.        ]), array([2, 1, 0]))",0.9994066852144352,0.6064887261191412,0.768952,0.6836187937719717,0.7694615584010185,7.980299717197537,0.8118869276362926,0.7297344131811055,glm,s-1-2-0,s-2-2-2
39,"[[134888 115494]
 [   129 249489]]","(array([0.        , 0.46127118, 1.        ]), array([0.        , 0.99948321, 1.        ]), array([2, 1, 0]))",0.9994832103454078,0.6061252264492585,0.768754,0.683563344046161,0.7691060163524215,7.98713858362872,0.8118730688690712,0.729692024216899,glm,s-1-2-0,s-2-2-3
40,"[[ 67522  57276]
 [    64 125138]]","(array([0.        , 0.45894966, 1.        ]), array([0.        , 0.99948883, 1.        ]), array([2, 1, 0]))",0.9994888260570918,0.6085260238396719,0.77064,0.6860109421425987,0.7702695817011208,7.921996944906362,0.8135987724955789,0.7319227286871036,glm,s-1-2-0,s-2-3-0
41,"[[13588 11498]
 [   13 24901]]","(array([0.       , 0.4583433, 1.       ]), array([0.        , 0.99947821, 1.        ]), array([2, 1, 0]))",0.999478205025287,0.6080129671522918,0.76978,0.6841122008846396,0.7705674529870116,7.951700977061386,0.8122584117560712,0.7301917776083513,glm,s-1-2-0,s-2-3-1
42,"[[ 67153  57821]
 [    96 124930]]","(array([0.        , 0.46266423, 1.        ]), array([0.        , 0.99923216, 1.        ]), array([2, 1, 0]))",0.9992321597107802,0.6050091118746446,0.768332,0.6836077504363861,0.7682839627750373,8.001714183948213,0.8118215461194306,0.7297057346121048,glm,s-1-2-0,s-2-3-2
43,"[[134355 115454]
 [   118 250073]]","(array([0.       , 0.4621691, 1.       ]), array([0.        , 0.99952836, 1.        ]), array([2, 1, 0]))",0.9995283603327059,0.6059368205304151,0.768856,0.6841437157857012,0.7686796315712262,7.983615564468646,0.8122971879984019,0.7302258542462502,glm,s-1-2-0,s-2-3-3
44,"[[ 66961  58001]
 [    65 124973]]","(array([0.       , 0.4641491, 1.       ]), array([0.        , 0.99948016, 1.        ]), array([2, 1, 0]))",0.9994801580319583,0.6042492081788399,0.767736,0.683009607922437,0.7676655283525775,8.022299870389732,0.8114813708556808,0.7291868451946124,glm,s-1-2-0,s-2-4-0
45,"[[13485 11490]
 [   22 25003]]","(array([0.        , 0.46006006, 1.        ]), array([0.        , 0.99912088, 1.        ]), array([2, 1, 0]))",0.9991208791208791,0.607006476556383,0.76976,0.6851450963198421,0.7695304095304095,7.9523916246536945,0.8128677785363633,0.7310946975677937,glm,s-1-2-0,s-2-4-1
46,"[[ 67322  57738]
 [    60 124880]]","(array([0.        , 0.46168239, 1.        ]), array([0.        , 0.99951977, 1.        ]), array([2, 1, 0]))",0.9995197694893548,0.6060622076723486,0.768808,0.6838318238070726,0.7689186885188657,7.985273460917892,0.8120744705063758,0.7299406601731097,glm,s-1-2-0,s-2-4-2
47,"[[134505 115137]
 [   126 250232]]","(array([0.        , 0.46120845, 1.        ]), array([0.        , 0.99949672, 1.        ]), array([2, 1, 0]))",0.9994967206959634,0.606758816469692,0.769474,0.6848747430679669,0.769144135097423,7.962270093711822,0.8128017774110929,0.7308886258831171,glm,s-1-2-0,s-2-4-3
48,"[[102989  88881]
 [    33  58097]]","(array([0.        , 0.46323552, 1.        ]), array([0.        , 0.99943231, 1.        ]), array([2, 1, 0]))",0.9994323068983313,0.4601895453523996,0.644344,0.3952768441535468,0.7680983914227937,12.284207333585128,0.5665015504027147,0.4496379492354986,glm,s-1-2-0,s-3-1-0
49,"[[20828 18810]
 [    2 10360]]","(array([0.        , 0.47454463, 1.        ]), array([0.        , 0.99980699, 1.        ]), array([2, 1, 0]))",0.9998069870681335,0.4318581203995114,0.62376,0.3551594103531025,0.7626311790883329,12.995170039374438,0.524132348477183,0.4077391728719636,glm,s-1-2-0,s-3-1-1
50,"[[103607  88501]
 [    24  57868]]","(array([0.        , 0.46068357, 1.        ]), array([0.        , 0.99958543, 1.        ]), array([2, 1, 0]))",0.9995854349478339,0.4614474901552625,0.6459,0.3953569403357268,0.769450930562388,12.230463782126552,0.5666084078703227,0.4497270613396998,glm,s-1-2-0,s-3-1-2
51,"[[177980 155225]
 [    29 166766]]","(array([0.        , 0.46585435, 1.        ]), array([0.        , 0.99982613, 1.        ]), array([2, 1, 0]))",0.9998261338769148,0.5258025978399026,0.689492,0.5179213083595504,0.7669858899753266,10.72481461585313,0.6823681529340039,0.5731739758956639,glm,s-1-2-0,s-3-1-3
52,"[[103117  88539]
 [    27  58317]]","(array([0.        , 0.46196832, 1.        ]), array([0.        , 0.99953723, 1.        ]), array([2, 1, 0]))",0.9995372274784039,0.46187623916517734,0.645736,0.39710328485046575,0.7687844546207814,12.236128262994127,0.568391812865497,0.4515321291857138,glm,s-1-2-0,s-3-2-0
53,"[[21276 18379]
 [    5 10340]]","(array([0.        , 0.46347245, 1.        ]), array([0.        , 0.99951667, 1.        ]), array([2, 1, 0]))",0.9995166747220879,0.4391715247894663,0.63232,0.3600403913785299,0.7680221124209355,12.699511220904151,0.5293876715134139,0.4128700457590979,glm,s-1-2-0,s-3-2-1
54,"[[102743  89024]
 [    28  58205]]","(array([0.        , 0.46423003, 1.        ]), array([0.        , 0.99951917, 1.        ]), array([2, 1, 0]))",0.9995191729775214,0.4598624856894107,0.643792,0.39533651658301017,0.7676445719137817,12.303273195524845,0.5665767879218542,0.4497032368125424,glm,s-1-2-0,s-3-2-2
55,"[[179111 154121]
 [    79 166689]]","(array([0.       , 0.4625036, 1.       ]), array([0.        , 0.99952629, 1.        ]), array([2, 1, 0]))",0.9995262880168857,0.5280092244992803,0.6916,0.519587918082354,0.7685113434610766,10.65200510970153,0.6837429088268954,0.5747864839366404,glm,s-1-2-0,s-3-2-3
56,"[[ 75150  64411]
 [    54 110385]]","(array([0.        , 0.46152578, 1.        ]), array([0.        , 0.99951104, 1.        ]), array([2, 1, 0]))",0.9995110422948414,0.5825422498331807,0.74214,0.6315075859859494,0.7689926289354131,8.906374892671975,0.7739933738846916,0.6817061768255102,glm,s-1-2-0,s-3-3-0
57,"[[13721 11879]
 [    9 24391]]","(array([0.        , 0.46402344, 1.        ]), array([0.        , 0.99963115, 1.        ]), array([2, 1, 0]))",0.9996311475409836,0.5998638208561371,0.76224,0.6724841466776951,0.7678038550204918,8.21212944401143,0.8040547222680073,0.7195834316733538,glm,s-1-2-0,s-3-3-1
58,"[[ 75478  64110]
 [    54 110358]]","(array([0.        , 0.45928017, 1.        ]), array([0.        , 0.99951092, 1.        ]), array([2, 1, 0]))",0.9995109227257907,0.5842357147787692,0.743344,0.6325400646536901,0.7701153776880809,8.864789243177194,0.7747683235046334,0.6826684680137179,glm,s-1-2-0,s-3-3-2
59,"[[179341 153561]
 [    77 167021]]","(array([0.       , 0.4612799, 1.       ]), array([0.        , 0.99953919, 1.        ]), array([2, 1, 0]))",0.9995391925696298,0.529337661979892,0.692724,0.5209930688560181,0.7691296481919827,10.613182629484532,0.6849614501312336,0.5761625636631328,glm,s-1-2-0,s-3-3-3
60,"[[ 75100  64230]
 [    43 110627]]","(array([0.        , 0.46099189, 1.        ]), array([0.        , 0.99961146, 1.        ]), array([2, 1, 0]))",0.9996114574862203,0.5834902778005496,0.742908,0.6326712685222782,0.7693097838640459,8.87984853349214,0.774896944947413,0.682800105666228,glm,s-1-2-0,s-3-4-0
61,"[[13702 11876]
 [   21 24401]]","(array([0.        , 0.46430526, 1.        ]), array([0.        , 0.99914012, 1.        ]), array([2, 1, 0]))",0.9991401195643272,0.5991056218768623,0.76206,0.6726300410728561,0.7674174286147543,8.21834637578667,0.8040000658989439,0.7196661357871763,glm,s-1-2-0,s-3-4-1
62,"[[ 75075  64573]
 [    48 110304]]","(array([0.        , 0.46239832, 1.        ]), array([0.        , 0.99956503, 1.        ]), array([2, 1, 0]))",0.9995650282731623,0.5817866453194228,0.741516,0.6307518999067916,0.7685833562539048,8.927927607281532,0.7734416907116738,0.68100659373225,glm,s-1-2-0,s-3-4-2
63,"[[178577 154373]
 [    82 166968]]","(array([0.       , 0.4636522, 1.       ]), array([0.        , 0.99950913, 1.        ]), array([2, 1, 0]))",0.9995091290032925,0.5274315203894674,0.69109,0.5195975614689691,0.767928464486629,10.669620288660044,0.6837472434995732,0.5747947899152721,glm,s-1-2-0,s-3-4-3
64,"[[177255   8742]
 [ 12824  51179]]","(array([0.        , 0.04700076, 1.        ]), array([0.        , 0.79963439, 1.        ]), array([2, 1, 0]))",0.7996343921378686,0.7694495714485513,0.913736,0.8541079087465162,0.8763168170305627,2.9794809672535147,0.8259739840547432,0.8426274420702895,glm,s-0-1-0,s-0-1-0
65,"[[36554  1917]
 [ 2309  9220]]","(array([0.        , 0.04982974, 1.        ]), array([0.        , 0.79972244, 1.        ]), array([2, 1, 0]))",0.7997224390667014,0.7591182114341275,0.91548,0.8278710604292,0.8749463485916023,2.9192480374633245,0.8135533398041119,0.8220839203238404,glm,s-0-1-0,s-0-1-1
66,"[[177613   8605]
 [ 13442  50340]]","(array([0.        , 0.04620928, 1.        ]), array([0.        , 0.78925089, 1.        ]), array([2, 1, 0]))",0.7892508858298579,0.7630804673400692,0.911812,0.8540164560183222,0.8715208021175839,3.0459331348579313,0.8203573785719523,0.8402267310272998,glm,s-0-1-0,s-0-1-2
67,"[[312847  12308]
 [ 47400 127445]]","(array([0.        , 0.03785272, 1.        ]), array([0.        , 0.72890274, 1.        ]), array([2, 1, 0]))",0.7289027424290085,0.7343457040330741,0.880584,0.9119303342325389,0.8455250130161067,4.124502204864996,0.8102085836527887,0.8683231201719136,glm,s-0-1-0,s-0-1-3
68,"[[177119   8775]
 [ 13067  51039]]","(array([0.        , 0.04720432, 1.        ]), array([0.        , 0.79616573, 1.        ]), array([2, 1, 0]))",0.7961657255171123,0.76656814636767,0.912632,0.8532952151670178,0.8744807023875921,3.0176118819403572,0.8237411233053583,0.8412226976351685,glm,s-0-1-0,s-0-2-0
69,"[[36608  1947]
 [ 2230  9215]]","(array([0.        , 0.05049929, 1.        ]), array([0.        , 0.80515509, 1.        ]), array([2, 1, 0]))",0.8051550895587593,0.761373453353052,0.91646,0.8255688944633578,0.8773279014127605,2.88540051635477,0.8152342194895387,0.8214037402171394,glm,s-0-1-0,s-0-2-1
70,"[[177267   8642]
 [ 13110  50981]]","(array([0.        , 0.04648511, 1.        ]), array([0.       , 0.7954471, 1.       ]), array([2, 1, 0]))",0.7954470986565977,0.7673515199492199,0.912992,0.8550559347902655,0.8744809951754607,3.0051774970523555,0.8241751135683917,0.8424300109391474,glm,s-0-1-0,s-0-2-2
71,"[[312847  12308]
 [ 47400 127445]]","(array([0.        , 0.03785272, 1.        ]), array([0.        , 0.72890274, 1.        ]), array([2, 1, 0]))",0.7289027424290085,0.7343457040330741,0.880584,0.9119303342325389,0.8455250130161067,4.124502204864996,0.8102085836527887,0.8683231201719136,glm,s-0-1-0,s-0-2-3
72,"[[132689   5167]
 [ 30788  81356]]","(array([0.        , 0.03748114, 1.        ]), array([0.        , 0.72546012, 1.        ]), array([2, 1, 0]))",0.7254601226993865,0.719253385397978,0.85618,0.9402817747882066,0.843989491479684,4.967383347195741,0.8190187600356376,0.8877085170087029,glm,s-0-1-0,s-0-3-0
73,"[[24444   947]
 [ 7610 16999]]","(array([0.        , 0.03729668, 1.        ]), array([0.        , 0.69076354, 1.        ]), array([2, 1, 0]))",0.6907635417936527,0.6810602080446071,0.82886,0.9472305806307812,0.8267334309338473,5.910981336600343,0.7989190459405475,0.8817548992146732,glm,s-0-1-0,s-0-3-1
74,"[[132831   5196]
 [ 30665  81308]]","(array([0.        , 0.03764481, 1.        ]), array([0.        , 0.72613934, 1.        ]), array([2, 1, 0]))",0.7261393371616371,0.7197265335001958,0.856556,0.9399334134837696,0.8442472642686188,4.954396860024558,0.8193191150611909,0.8876632408201944,glm,s-0-1-0,s-0-3-2
75,"[[312847  12308]
 [ 47400 127445]]","(array([0.        , 0.03785272, 1.        ]), array([0.        , 0.72890274, 1.        ]), array([2, 1, 0]))",0.7289027424290085,0.7343457040330741,0.880584,0.9119303342325389,0.8455250130161067,4.124502204864997,0.8102085836527887,0.8683231201719136,glm,s-0-1-0,s-0-3-3
76,"[[132682   5135]
 [ 30728  81455]]","(array([0.        , 0.03725955, 1.        ]), array([0.        , 0.72609041, 1.        ]), array([2, 1, 0]))",0.7260904058547195,0.7200361916327593,0.856548,0.940697540131655,0.8444154257590859,4.954672975133945,0.8195781117153739,0.888193691758461,glm,s-0-1-0,s-0-4-0
77,"[[24366   978]
 [ 7526 17130]]","(array([0.        , 0.03858902, 1.        ]), array([0.       , 0.6947599, 1.       ]), array([2, 1, 0]))",0.6947598961713173,0.6825582554450794,0.82992,0.9459907223326707,0.8280854405099011,5.874370729372143,0.8011411467589562,0.8821893539881345,glm,s-0-1-0,s-0-4-1
78,"[[132642   5171]
 [ 30701  81486]]","(array([0.        , 0.03752186, 1.        ]), array([0.        , 0.72634084, 1.        ]), array([2, 1, 0]))",0.726340841630492,0.7198953671370578,0.856512,0.9403279596570386,0.8444094911496847,4.955916486226192,0.8195972722335096,0.8880049693231475,glm,s-0-1-0,s-0-4-2
79,"[[312847  12308]
 [ 47400 127445]]","(array([0.        , 0.03785272, 1.        ]), array([0.        , 0.72890274, 1.        ]), array([2, 1, 0]))",0.7289027424290085,0.7343457040330741,0.880584,0.9119303342325389,0.8455250130161067,4.124502204864997,0.8102085836527887,0.8683231201719136,glm,s-0-1-0,s-0-4-3
80,"[[   269   8544]
 [100324 140863]]","(array([0.        , 0.96947691, 1.        ]), array([0.       , 0.5840406, 1.       ]), array([2, 1, 0]))",0.5840405992031079,-0.14495129668469264,0.564528,0.942813924381053,0.3072818450457841,15.040697361286322,0.7212758004475235,0.8396547510476087,glm,s-0-1-0,s-1-1-0
81,"[[   35  1301]
 [20378 28286]]","(array([0.       , 0.9738024, 1.       ]), array([0.        , 0.58125103, 1.        ]), array([2, 1, 0]))",0.581251027453559,-0.12879521904419855,0.56642,0.9560279852637983,0.30372431612198914,14.975343474830506,0.7229556171806111,0.8468253778171628,glm,s-0-1-0,s-1-1-1
82,"[[   258   8691]
 [100087 140964]]","(array([0.        , 0.97116996, 1.        ]), array([0.        , 0.58478911, 1.        ]), array([2, 1, 0]))",0.5847891110180004,-0.14644138728197315,0.564888,0.9419264307908188,0.30680957394681446,15.028263871947438,0.7215860519162746,0.8394001936472737,glm,s-0-1-0,s-1-1-2
83,"[[  1928  68581]
 [181706 247785]]","(array([0.        , 0.97265597, 1.        ]), array([0.        , 0.57692711, 1.        ]), array([2, 1, 0]))",0.5769271067379759,-0.2857101001191422,0.499426,0.7832225966127839,0.3021355668708104,17.289323129488743,0.6644303130492842,0.730948609255113,glm,s-0-1-0,s-1-1-3
84,"[[   230   8683]
 [100736 140351]]","(array([0.      , 0.974195, 1.      ]), array([0.        , 0.58215914, 1.        ]), array([2, 1, 0]))",0.5821591375727434,-0.14814752070943005,0.562324,0.9417381268703786,0.3039820707497959,15.116821269036878,0.7195254805560327,0.8381936473317143,glm,s-0-1-0,s-1-2-0
85,"[[   30  1355]
 [20237 28378]]","(array([0.        , 0.97833935, 1.        ]), array([0.       , 0.5837293, 1.       ]), array([2, 1, 0]))",0.5837293016558676,-0.13190585481043773,0.56816,0.954427740221303,0.30269497573768106,14.915246867468586,0.7244090468167662,0.8468668493019871,glm,s-0-1-0,s-1-2-1
86,"[[   258   8563]
 [100281 140898]]","(array([0.        , 0.97075162, 1.        ]), array([0.        , 0.58420509, 1.        ]), array([2, 1, 0]))",0.5842050924831764,-0.14544513689216237,0.564624,0.942707462147316,0.3067267385100385,15.037381699521811,0.7213700593897195,0.839655170358858,glm,s-0-1-0,s-1-2-2
87,"[[  2041  68470]
 [181576 247913]]","(array([0.        , 0.97105416, 1.        ]), array([0.        , 0.57722782, 1.        ]), array([2, 1, 0]))",0.5772278218999788,-0.284345398922867,0.499908,0.7835850851657643,0.3030868300689921,17.27267526175577,0.664760173327327,0.7312977243349787,glm,s-0-1-0,s-1-2-3
88,"[[  2022  65978]
 [ 78244 103756]]","(array([0.        , 0.97026471, 1.        ]), array([0.        , 0.57008791, 1.        ]), array([2, 1, 0]))",0.5700879120879121,-0.38140977330842385,0.423112,0.6112858943994721,0.29991160310277953,19.925216660264226,0.5899685557836319,0.6025767304422164,glm,s-0-1-0,s-1-3-0
89,"[[  667 22373]
 [11635 15325]]","(array([0.        , 0.97105035, 1.        ]), array([0.        , 0.56843472, 1.        ]), array([2, 1, 0]))",0.5684347181008902,-0.46595587795400845,0.31984,0.40652023980051993,0.29869218543933396,23.492251940628567,0.47403260230752575,0.43107813132904277,glm,s-0-1-0,s-1-3-1
90,"[[  1967  66082]
 [ 77637 104314]]","(array([0.        , 0.97109436, 1.        ]), array([0.       , 0.5733082, 1.       ]), array([2, 1, 0]))",0.5733081983610973,-0.380049900173874,0.425124,0.612185732059438,0.30110691994205874,19.8557249747902,0.5921094829812656,0.6039940477224433,glm,s-0-1-0,s-1-3-2
91,"[[  2019  68346]
 [181790 247845]]","(array([0.        , 0.97130676, 1.        ]), array([0.        , 0.57687339, 1.        ]), array([2, 1, 0]))",0.5768733925308692,-0.2844747205150189,0.499728,0.7838458400144217,0.30278331745494647,17.27889204320668,0.6646188253024163,0.7313655166227082,glm,s-0-1-0,s-1-3-3
92,"[[  1889  65822]
 [ 77630 104659]]","(array([0.        , 0.97210202, 1.        ]), array([0.        , 0.57413777, 1.        ]), array([2, 1, 0]))",0.5741377702439533,-0.37973485338638047,0.426192,0.6139041887365747,0.30101787420794496,19.818836730019108,0.5933554440570343,0.6055162326880064,glm,s-0-1-0,s-1-4-0
93,"[[  666 22465]
 [11408 15461]]","(array([0.        , 0.97120747, 1.        ]), array([0.        , 0.57542149, 1.        ]), array([2, 1, 0]))",0.5754214894488072,-0.46109377286325276,0.32254,0.4076622897220904,0.3021070094773326,23.398998715621577,0.47722818118682003,0.4329041904431241,glm,s-0-1-0,s-1-4-1
94,"[[  2016  66081]
 [ 78282 103621]]","(array([0.        , 0.97039517, 1.        ]), array([0.        , 0.56964976, 1.        ]), array([2, 1, 0]))",0.5696497583877121,-0.3820820509805052,0.422548,0.6106056499039493,0.29962729339712496,19.9446968595851,0.5894171015770537,0.6019500157427987,glm,s-0-1-0,s-1-4-2
95,"[[  2020  68479]
 [182544 246957]]","(array([0.        , 0.97134711, 1.        ]), array([0.        , 0.57498586, 1.        ]), array([2, 1, 0]))",0.5749858556790322,-0.2858483160893642,0.497954,0.7829068337158727,0.3018193721862444,17.34016404522417,0.6630278802100043,0.7301041540403667,glm,s-0-1-0,s-1-4-3
96,"[[59390 65939]
 [62018 62653]]","(array([0.        , 0.52612723, 1.        ]), array([0.       , 0.5025467, 1.       ]), array([2, 1, 0]))",0.5025467029220909,-0.023590190426199257,0.488172,0.4872231554062461,0.48820973489983455,17.67812374327414,0.49476631012030975,0.49021264742840415,glm,s-0-1-0,s-2-1-0
97,"[[12084 13007]
 [12473 12436]]","(array([0.        , 0.51839305, 1.        ]), array([0.       , 0.4992573, 1.       ]), array([2, 1, 0]))",0.4992572965594765,-0.019138630955772687,0.4904,0.4887788389733915,0.4904321236294653,17.601168458121975,0.4939625039720369,0.49083919451219993,glm,s-0-1-0,s-2-1-1
98,"[[59444 65356]
 [62186 63014]]","(array([0.       , 0.5236859, 1.       ]), array([0.        , 0.50330671, 1.        ]), array([2, 1, 0]))",0.5033067092651757,-0.02038657233653644,0.489832,0.49087793098075877,0.4898104059146392,17.620787509797378,0.4970146310683441,0.49331433581762385,glm,s-0-1-0,s-2-1-2
99,"[[119148 131085]
 [124056 125711]]","(array([0.        , 0.52385177, 1.        ]), array([0.        , 0.50331309, 1.        ]), array([2, 1, 0]))",0.5033130877978276,-0.020546266370942465,0.489718,0.48953644137759156,0.48973065882380373,17.624725526806085,0.49632918314207713,0.4922311036210474,glm,s-0-1-0,s-2-1-3
100,"[[59234 65253]
 [62564 62949]]","(array([0.        , 0.52417522, 1.        ]), array([0.        , 0.50153371, 1.        ]), array([2, 1, 0]))",0.5015337056719225,-0.022648750778456416,0.488732,0.4910141807460102,0.48867924529461154,17.658779834397645,0.4962181975839032,0.4930826339725624,glm,s-0-1-0,s-2-2-0
101,"[[11905 13254]
 [12343 12498]]","(array([0.        , 0.52680949, 1.        ]), array([0.        , 0.50311984, 1.        ]), array([2, 1, 0]))",0.503119842196369,-0.023699894648165916,0.48806,0.4853215284249767,0.4881551752815781,17.68199314489737,0.4940604431443085,0.4887797323404955,glm,s-0-1-0,s-2-2-1
102,"[[59755 65522]
 [61866 62857]]","(array([0.        , 0.52301699, 1.        ]), array([0.       , 0.5039728, 1.       ]), array([2, 1, 0]))",0.5039728037330725,-0.019051105717663164,0.490448,0.4896205765740503,0.4904779046962656,17.599512154470812,0.49669303284841687,0.4924252513556835,glm,s-0-1-0,s-2-2-2
103,"[[119557 130825]
 [124110 125508]]","(array([0.        , 0.52250162, 1.        ]), array([0.        , 0.50280028, 1.        ]), array([2, 1, 0]))",0.5028002788260462,-0.019707640014972733,0.49013,0.48962872513488315,0.4901493306488148,17.610495135140717,0.49612709531160126,0.49220753755049224,glm,s-0-1-0,s-2-2-3
104,"[[59672 65126]
 [62373 62829]]","(array([0.        , 0.52185131, 1.        ]), array([0.        , 0.50182106, 1.        ]), array([2, 1, 0]))",0.5018210571716106,-0.020035827683589965,0.490004,0.49102418819116095,0.48998487272593577,17.614846104627826,0.4963639164629064,0.4931462335680715,glm,s-0-1-0,s-2-3-0
105,"[[11975 13111]
 [12284 12630]]","(array([0.        , 0.52264211, 1.        ]), array([0.        , 0.50694389, 1.        ]), array([2, 1, 0]))",0.5069438869711809,-0.015705031466320837,0.4921,0.4906569286352512,0.4921508879167472,17.54245420141328,0.4986674563221795,0.4938300567728616,glm,s-0-1-0,s-2-3-1
106,"[[59522 65452]
 [61901 63125]]","(array([0.        , 0.52372493, 1.        ]), array([0.        , 0.50489498, 1.        ]), array([2, 1, 0]))",0.5048949818437765,-0.018837666966506152,0.490588,0.49095094768115605,0.49058502352867045,17.594676501888245,0.4978253411828724,0.49367779595641714,glm,s-0-1-0,s-2-3-2
107,"[[119040 130769]
 [124081 126110]]","(array([0.        , 0.52347594, 1.        ]), array([0.       , 0.5040549, 1.       ]), array([2, 1, 0]))",0.5040549020548301,-0.019428384193421248,0.4903,0.4909315280735288,0.4902894832200101,17.604623453598673,0.4974066696905753,0.4935012487213422,glm,s-0-1-0,s-2-3-3
108,"[[59674 65288]
 [61857 63181]]","(array([0.        , 0.52246283, 1.        ]), array([0.        , 0.50529439, 1.        ]), array([2, 1, 0]))",0.5052943905052864,-0.01717505256047553,0.49142,0.4917995781083374,0.4914157809026808,17.565939715391764,0.4984556639461632,0.4944405663360014,glm,s-0-1-0,s-2-4-0
109,"[[11993 12982]
 [12399 12626]]","(array([0.       , 0.5197998, 1.       ]), array([0.        , 0.50453546, 1.        ]), array([2, 1, 0]))",0.5045354645354645,-0.01526884377353821,0.49238,0.4930490471727585,0.4923678323678323,17.532781281061336,0.49872612722927734,0.49530429870466114,glm,s-0-1-0,s-2-4-1
110,"[[59686 65374]
 [61866 63074]]","(array([0.        , 0.52274108, 1.        ]), array([0.        , 0.50483432, 1.        ]), array([2, 1, 0]))",0.5048343204738275,-0.017913578054966118,0.49104,0.4910469606377678,0.4910466180971409,17.57906472548334,0.49784520182486935,0.4937438550127439,glm,s-0-1-0,s-2-4-2
111,"[[119216 130426]
 [124552 125806]]","(array([0.        , 0.52245215, 1.        ]), array([0.        , 0.50250441, 1.        ]), array([2, 1, 0]))",0.5025044136796109,-0.019953918046138032,0.490044,0.4909847325860939,0.49002613109934506,17.613464831831934,0.4966777867703666,0.49324622084771574,glm,s-0-1-0,s-2-4-3
112,"[[123432  68438]
 [ 35005  23125]]","(array([0.        , 0.35668943, 1.        ]), array([0.        , 0.39781524, 1.        ]), array([2, 1, 0]))",0.3978152416996387,0.03606034864628134,0.586228,0.2525583478042441,0.5205629082840196,14.291397477870692,0.30896568309807404,0.2724550051604451,glm,s-0-1-0,s-3-1-0
113,"[[25367 14271]
 [ 6239  4123]]","(array([0.       , 0.3600333, 1.       ]), array([0.        , 0.39789616, 1.        ]), array([2, 1, 0]))",0.39789615904265585,0.03182498374703737,0.5898,0.22414917908013482,0.5189314288325948,14.168034298290888,0.2867575462512172,0.24559794133765397,glm,s-0-1-0,s-3-1-1
114,"[[123304  68804]
 [ 34975  22917]]","(array([0.        , 0.35815271, 1.        ]), array([0.       , 0.3958578, 1.       ]), array([2, 1, 0]))",0.39585780418710703,0.03300167943192472,0.584884,0.24985554017073516,0.5188525492087179,14.337818763956092,0.306350383990696,0.26975394090061583,glm,s-0-1-0,s-3-1-2
115,"[[158529 174676]
 [ 82916  83879]]","(array([0.        , 0.52422983, 1.        ]), array([0.        , 0.50288678, 1.        ]), array([2, 1, 0]))",0.5028867771815702,-0.0201380863421798,0.484816,0.3244145346251281,0.4893284743488019,17.7941043191971,0.39439990595979774,0.3492004679375362,glm,s-0-1-0,s-3-1-3
116,"[[122978  68678]
 [ 35244  23100]]","(array([0.        , 0.35833994, 1.        ]), array([0.       , 0.3959276, 1.       ]), array([2, 1, 0]))",0.39592760180995473,0.03298388924823232,0.584312,0.25169430582492536,0.5187938297065803,14.357574541056875,0.3077496969131772,0.2714734308600655,glm,s-0-1-0,s-3-2-0
117,"[[25477 14178]
 [ 6264  4081]]","(array([0.        , 0.35753373, 1.        ]), array([0.        , 0.39449009, 1.        ]), array([2, 1, 0]))",0.3944900918318028,0.031092429410215915,0.59116,0.223506216112602,0.518478181712144,14.121060075142589,0.28534470703398124,0.24472002014847505,glm,s-0-1-0,s-3-2-1
118,"[[123155  68612]
 [ 35056  23177]]","(array([0.        , 0.35778836, 1.        ]), array([0.        , 0.39800457, 1.        ]), array([2, 1, 0]))",0.39800456785671356,0.03526622739145692,0.585328,0.25250302323807866,0.5201081050550365,14.32248293314592,0.30898134940208777,0.2724212426743522,glm,s-0-1-0,s-3-2-2
119,"[[158521 174711]
 [ 83176  83592]]","(array([0.        , 0.52429238, 1.        ]), array([0.        , 0.50124724, 1.        ]), array([2, 1, 0]))",0.5012472416770604,-0.021742464331424276,0.484226,0.32361993472781964,0.48847742839602765,17.814482253241906,0.3933084120064647,0.34830580509675163,glm,s-0-1-0,s-3-2-3
120,"[[66375 73186]
 [54568 55871]]","(array([0.        , 0.52440152, 1.        ]), array([0.        , 0.50589918, 1.        ]), array([2, 1, 0]))",0.5058991841650141,-0.018386056389730947,0.488984,0.43291723811959054,0.49074883399106317,17.65010143557178,0.4665714667468349,0.44577901820264987,glm,s-0-1-0,s-3-3-0
121,"[[12263 13337]
 [12213 12187]]","(array([0.        , 0.52097656, 1.        ]), array([0.        , 0.49946721, 1.        ]), array([2, 1, 0]))",0.4994672131147541,-0.021507878757185232,0.489,0.4774721830434101,0.4892453253073771,17.64952802241789,0.48822209758833424,0.48171483683278526,glm,s-0-1-0,s-3-3-1
122,"[[66843 72745]
 [54873 55539]]","(array([0.        , 0.52114079, 1.        ]), array([0.        , 0.50301598, 1.        ]), array([2, 1, 0]))",0.5030159765242909,-0.018007173219717273,0.489528,0.43293785663060086,0.4909375953916981,17.63131093072308,0.4653534202500251,0.4453466292891646,glm,s-0-1-0,s-3-3-2
123,"[[159178 173724]
 [ 83078  84020]]","(array([0.        , 0.52184727, 1.        ]), array([0.        , 0.50281871, 1.        ]), array([2, 1, 0]))",0.5028187051909658,-0.017960495628936785,0.486396,0.32598237010366876,0.4904857174115549,17.73953153005963,0.39553528135165544,0.3506461203565055,glm,s-0-1-0,s-3-3-3
124,"[[66451 72879]
 [55067 55603]]","(array([0.        , 0.52306754, 1.        ]), array([0.        , 0.50242161, 1.        ]), array([2, 1, 0]))",0.502421613806813,-0.02051776922150871,0.488216,0.4327687925156831,0.4896770381529579,17.676626233937426,0.4650013380611494,0.4451102949417065,glm,s-0-1-0,s-3-4-0
125,"[[12111 13467]
 [12101 12321]]","(array([0.        , 0.52650715, 1.        ]), array([0.        , 0.50450414, 1.        ]), array([2, 1, 0]))",0.5045041356154287,-0.022008072840598907,0.48864,0.47778036295951604,0.4889984905147282,17.661964060873377,0.49077872933678546,0.4828962014203521,glm,s-0-1-0,s-3-4-1
126,"[[66643 73005]
 [54632 55720]]","(array([0.       , 0.5227787, 1.       ]), array([0.        , 0.50492968, 1.        ]), array([2, 1, 0]))",0.5049296795708279,-0.017733921307755463,0.489452,0.43286074966012816,0.49107548941877777,17.633936709310426,0.46612597614994333,0.4455803420061032,glm,s-0-1-0,s-3-4-2
127,"[[158546 174404]
 [ 82828  84222]]","(array([0.        , 0.52381439, 1.        ]), array([0.       , 0.5041724, 1.       ]), array([2, 1, 0]))",0.5041724034720144,-0.01854029955768385,0.485536,0.32565171328482057,0.4901790084637441,17.769235965211756,0.3957094127928284,0.35047113987386336,glm,s-0-1-0,s-3-4-3
128,"[[171460  14537]
 [ 61344   2659]]","(array([0.        , 0.07815717, 1.        ]), array([0.        , 0.04154493, 1.        ]), array([2, 1, 0]))",0.04154492758151962,-0.06313505768054585,0.696476,0.15462898348453127,0.4816938765017175,10.483394061480245,0.0654934174066183,0.10012275298033693,glm,s-3-1-0,s-0-1-0
129,"[[35366  3105]
 [11075   454]]","(array([0.        , 0.08071015, 1.        ]), array([0.        , 0.03937896, 1.        ]), array([2, 1, 0]))",0.0393789574117443,-0.06770576809485754,0.7164,0.12756392245012643,0.47933440605374456,9.795246640597085,0.06018027571580063,0.08810401707743061,glm,s-3-1-0,s-0-1-1
130,"[[171845  14373]
 [ 61093   2689]]","(array([0.        , 0.07718373, 1.        ]), array([0.        , 0.04215923, 1.        ]), array([2, 1, 0]))",0.04215922987676774,-0.060547569223362734,0.698136,0.157601687961552,0.48248774949036055,10.426059168128777,0.06652318044629163,0.10183291676134212,glm,s-3-1-0,s-0-1-2
131,"[[299819  25336]
 [166950   7895]]","(array([0.        , 0.07791976, 1.        ]), array([0.        , 0.04515428, 1.        ]), array([2, 1, 0]))",0.045154279504704166,-0.06272861203500525,0.615428,0.2375793686617917,0.48361725908005737,13.282686832944572,0.07588573405870931,0.12826178075114777,glm,s-3-1-0,s-0-1-3
132,"[[171453  14441]
 [ 61394   2712]]","(array([0.        , 0.07768406, 1.        ]), array([0.        , 0.04230493, 1.        ]), array([2, 1, 0]))",0.04230493245562038,-0.06111161129275922,0.69666,0.15810645368157172,0.48231043797515005,10.477038619578165,0.0667495292829102,0.10217152157205502,glm,s-3-1-0,s-0-2-0
133,"[[35598  2957]
 [10977   468]]","(array([0.        , 0.07669563, 1.        ]), array([0.        , 0.04089122, 1.        ]), array([2, 1, 0]))",0.04089121887287025,-0.05954949230790977,0.72132,0.13664233576642335,0.4820977946264235,9.62531349392573,0.06294552790854069,0.09306025054682839,glm,s-3-1-0,s-0-2-1
134,"[[171518  14391]
 [ 61500   2591]]","(array([0.        , 0.07740884, 1.        ]), array([0.        , 0.04042689, 1.        ]), array([2, 1, 0]))",0.04042689301149927,-0.06417255743634953,0.696436,0.1525733129195619,0.48150902660138784,10.484775145571136,0.06391770379781185,0.0981298146478916,glm,s-3-1-0,s-0-2-2
135,"[[299819  25336]
 [166950   7895]]","(array([0.        , 0.07791976, 1.        ]), array([0.        , 0.04515428, 1.        ]), array([2, 1, 0]))",0.045154279504704166,-0.06272861203500525,0.615428,0.2375793686617917,0.48361725908005737,13.282686832944576,0.07588573405870931,0.12826178075114777,glm,s-3-1-0,s-0-2-3
136,"[[127070  10786]
 [106752   5392]]","(array([0.        , 0.07824106, 1.        ]), array([0.        , 0.04808104, 1.        ]), array([2, 1, 0]))",0.04808103866457412,-0.0609715795853234,0.529848,0.3332921251081716,0.4849199877631134,16.238509297451575,0.08403859042097224,0.15244040349210655,glm,s-3-1-0,s-0-3-0
137,"[[23485  1906]
 [23250  1359]]","(array([0.        , 0.07506597, 1.        ]), array([0.       , 0.0552237, 1.       ]), array([2, 1, 0]))",0.05522369864683652,-0.04015277044533389,0.49688,0.41623277182235835,0.49007886519518384,17.3771796604615,0.09751022458204778,0.18038705566911784,glm,s-3-1-0,s-0-3-1
138,"[[127304  10723]
 [106377   5596]]","(array([0.       , 0.0776877, 1.       ]), array([0.        , 0.04997633, 1.        ]), array([2, 1, 0]))",0.049976333580416706,-0.05578765812673529,0.5316,0.34291316869906247,0.4861443173984227,16.177997159709136,0.08723848720107256,0.15785702599168402,glm,s-3-1-0,s-0-3-2
139,"[[299819  25336]
 [166950   7895]]","(array([0.        , 0.07791976, 1.        ]), array([0.        , 0.04515428, 1.        ]), array([2, 1, 0]))",0.045154279504704166,-0.06272861203500525,0.615428,0.2375793686617917,0.48361725908005737,13.282686832944574,0.07588573405870931,0.12826178075114777,glm,s-3-1-0,s-0-3-3
140,"[[127014  10803]
 [106670   5513]]","(array([0.        , 0.07838656, 1.        ]), array([0.        , 0.04914292, 1.        ]), array([2, 1, 0]))",0.04914291826747368,-0.05888775259233376,0.530108,0.33788918852659966,0.4853781810911151,16.229529269961525,0.08580611522268657,0.1553421585036659,glm,s-3-1-0,s-0-4-0
141,"[[23403  1941]
 [23380  1276]]","(array([0.        , 0.07658617, 1.        ]), array([0.        , 0.05175211, 1.        ]), array([2, 1, 0]))",0.05175210902011681,-0.050603102404907604,0.49358,0.3966428349393845,0.48758296738884627,17.491158182282913,0.09155813870053457,0.17002451764204243,glm,s-3-1-0,s-0-4-1
142,"[[127138  10675]
 [106803   5384]]","(array([0.        , 0.07746004, 1.        ]), array([0.       , 0.0479913, 1.       ]), array([2, 1, 0]))",0.047991300239778226,-0.05978131329597015,0.530088,0.33526371505075037,0.4852656319068033,16.230219636095537,0.08396363239399281,0.1525878145139806,glm,s-3-1-0,s-0-4-2
143,"[[299819  25336]
 [166950   7895]]","(array([0.        , 0.07791976, 1.        ]), array([0.        , 0.04515428, 1.        ]), array([2, 1, 0]))",0.045154279504704166,-0.06272861203500525,0.615428,0.2375793686617917,0.48361725908005737,13.282686832944574,0.07588573405870931,0.12826178075114777,glm,s-3-1-0,s-0-4-3
144,"[[  8255    558]
 [123584 117603]]","(array([0.        , 0.06331556, 1.        ]), array([0.        , 0.48760091, 1.        ]), array([2, 1, 0]))",0.48760090717990606,0.15672484208091164,0.503432,0.9952776296747657,0.7121426753078698,17.150852901569472,0.6545354364014827,0.8237453963192969,glm,s-3-1-0,s-1-1-0
145,"[[ 1254    82]
 [28080 20584]]","(array([0.        , 0.06137725, 1.        ]), array([0.        , 0.42298208, 1.        ]), array([2, 1, 0]))",0.4229820812099293,0.11842066731632159,0.43676,0.9960321300687119,0.6808024178504736,19.453621728009278,0.5937977787393625,0.7836866471734893,glm,s-3-1-0,s-1-1-1
146,"[[  8397    552]
 [140019 101032]]","(array([0.        , 0.06168287, 1.        ]), array([0.        , 0.41913122, 1.        ]), array([2, 1, 0]))",0.41913122119385526,0.1352078806033504,0.437716,0.9945660733973855,0.6787241757997436,19.420603111947084,0.5897354327491354,0.7803060611349935,glm,s-3-1-0,s-1-1-2
147,"[[ 66078   4431]
 [219367 210124]]","(array([0.        , 0.06284304, 1.        ]), array([0.        , 0.48923959, 1.        ]), array([2, 1, 0]))",0.489239588256797,0.29983508525036184,0.552404,0.9793479527393908,0.713198273471461,15.459425245288866,0.6525123981827385,0.8158818244155713,glm,s-3-1-0,s-1-1-3
148,"[[  8358    555]
 [123022 118065]]","(array([0.       , 0.0622686, 1.       ]), array([0.        , 0.48971948, 1.        ]), array([2, 1, 0]))",0.4897194788603284,0.1587235904568766,0.505692,0.9953211937278705,0.7137254412140753,17.072795257321804,0.6564509447967373,0.8249751595587835,glm,s-3-1-0,s-1-2-0
149,"[[ 1294    91]
 [27418 21197]]","(array([0.        , 0.06570397, 1.        ]), array([0.        , 0.43601769, 1.        ]), array([2, 1, 0]))",0.4360176900133704,0.12290814945025585,0.44982,0.9957252912438933,0.6851568594471183,19.00254545221928,0.606468964136017,0.7923105100660103,glm,s-3-1-0,s-1-2-1
150,"[[  8271    550]
 [138408 102771]]","(array([0.        , 0.06235121, 1.        ]), array([0.        , 0.42611919, 1.        ]), array([2, 1, 0]))",0.42611918948167127,0.13629340965681017,0.444168,0.994676784003252,0.6818839910677826,19.19775892025034,0.5966386066763424,0.7851551577400097,glm,s-3-1-0,s-1-2-2
151,"[[ 66112   4399]
 [191451 238038]]","(array([0.        , 0.06238743, 1.        ]), array([0.        , 0.55423538, 1.        ]), array([2, 1, 0]))",0.5542353820470373,0.34252647081370863,0.6083,0.9818550798764215,0.7459239765676181,13.52884574874471,0.7085244506091444,0.8505992908992545,glm,s-3-1-0,s-1-2-3
152,"[[ 67949     51]
 [104369  77631]]","(array([0.     , 0.00075, 1.     ]), array([0.        , 0.42654396, 1.        ]), array([2, 1, 0]))",0.42654395604395606,0.4094153496099452,0.58232,0.9993434772534178,0.712896978021978,14.426156287744174,0.59789280735669,0.787767287428358,glm,s-3-1-0,s-1-3-0
153,"[[21626  1414]
 [10217 16743]]","(array([0.        , 0.06137153, 1.        ]), array([0.        , 0.62103116, 1.        ]), array([2, 1, 0]))",0.6210311572700297,0.580090998925603,0.76738,0.9221236988489288,0.779829814746126,8.034432777599449,0.7422036039630295,0.8406133269068564,glm,s-3-1-0,s-1-3-1
154,"[[ 67999     50]
 [104919  77032]]","(array([0.        , 0.00073476, 1.        ]), array([0.        , 0.42336673, 1.        ]), array([2, 1, 0]))",0.4233667306032943,0.40733699014628105,0.580124,0.9993513401312888,0.7113159829742066,14.502003437509007,0.5947659178560261,0.7855935090020173,glm,s-3-1-0,s-1-3-2
155,"[[ 65936   4429]
 [190980 238655]]","(array([0.        , 0.06294322, 1.        ]), array([0.        , 0.55548314, 1.        ]), array([2, 1, 0]))",0.5554831426676132,0.34268559084473943,0.609182,0.9817799608365833,0.7462699590265516,13.498382595940244,0.7095235900873916,0.8511410007767637,glm,s-3-1-0,s-1-3-3
156,"[[ 63449   4262]
 [ 78572 103717]]","(array([0.        , 0.06294398, 1.        ]), array([0.        , 0.56897015, 1.        ]), array([2, 1, 0]))",0.5689701517919348,0.45398017560489107,0.668664,0.9605293621907963,0.7530130846390077,11.443953647121116,0.7146292391858559,0.8443190791348165,glm,s-3-1-0,s-1-4-0
157,"[[21649  1482]
 [10292 16577]]","(array([0.        , 0.06406986, 1.        ]), array([0.        , 0.61695634, 1.        ]), array([2, 1, 0]))",0.6169563437418586,0.573902112352404,0.76452,0.9179356553519021,0.776443240393691,8.133214765541398,0.7379362535612536,0.8363352000403612,glm,s-3-1-0,s-1-4-1
158,"[[ 68042     55]
 [104288  77615]]","(array([0.        , 0.00080767, 1.        ]), array([0.        , 0.42668345, 1.        ]), array([2, 1, 0]))",0.4266834521695629,0.40969415383380947,0.582628,0.9992918758851551,0.7129378903798312,14.415518357408095,0.5980205953623836,0.7878367706559098,glm,s-3-1-0,s-1-4-2
159,"[[ 66090   4409]
 [190873 238628]]","(array([0.        , 0.06253989, 1.        ]), array([0.        , 0.55559358, 1.        ]), array([2, 1, 0]))",0.5555935841825747,0.3433177729080326,0.609436,0.9818587293292791,0.7465268449998392,13.489609714752039,0.7096342511501209,0.8512402177720669,glm,s-3-1-0,s-1-4-3
160,"[[124904    425]
 [ 66631  58040]]","(array([0.        , 0.00339107, 1.        ]), array([0.        , 0.46554532, 1.        ]), array([2, 1, 0]))",0.4655453152697901,0.5459129555358885,0.731776,0.992730693577354,0.731077120289189,9.264130119064154,0.6338458850253365,0.8094139697822503,glm,s-3-1-0,s-2-1-0
161,"[[24984   107]
 [13196 11713]]","(array([0.        , 0.00426448, 1.        ]), array([0.        , 0.47023164, 1.        ]), array([2, 1, 0]))",0.4702316431811795,0.5483599733902992,0.73394,0.9909475465313029,0.7329835829392806,9.189388558768437,0.6378066378066378,0.8112731856654061,glm,s-3-1-0,s-2-1-1
162,"[[124293    507]
 [ 65688  59512]]","(array([0.       , 0.0040625, 1.       ]), array([0.        , 0.47533546, 1.        ]), array([2, 1, 0]))",0.47533546325878595,0.551674004529206,0.73522,0.9915526749862543,0.735636481629393,9.14517883542804,0.6426122590015063,0.814616892432024,glm,s-3-1-0,s-2-1-2
163,"[[249317    916]
 [133731 116036]]","(array([0.        , 0.00366059, 1.        ]), array([0.        , 0.46457699, 1.        ]), array([2, 1, 0]))",0.46457698575071965,0.5444168428360993,0.730706,0.9921677269307067,0.7304581987095222,9.301086715353566,0.632833313790668,0.8085287252203601,glm,s-3-1-0,s-2-1-3
164,"[[124013    474]
 [ 66970  58543]]","(array([0.        , 0.00380763, 1.        ]), array([0.        , 0.46642977, 1.        ]), array([2, 1, 0]))",0.46642977221483034,0.5446868042250356,0.730224,0.9919684158801702,0.7313110728578389,9.317734456750147,0.6345092938817536,0.8095419836772396,glm,s-3-1-0,s-2-2-0
165,"[[24635   524]
 [11506 13335]]","(array([0.        , 0.02082754, 1.        ]), array([0.        , 0.53681414, 1.        ]), array([2, 1, 0]))",0.536814137917153,0.5763729880528662,0.7594,0.962190634244895,0.7579933005258088,8.31003798039658,0.6891472868217055,0.8305616801823686,glm,s-3-1-0,s-2-2-1
166,"[[124796    481]
 [ 66868  57855]]","(array([0.        , 0.00383949, 1.        ]), array([0.        , 0.46386793, 1.        ]), array([2, 1, 0]))",0.4638679313358402,0.5438198185670797,0.730604,0.9917546626439934,0.7300142198247088,9.304609744108813,0.6320912929711187,0.8078795309257765,glm,s-3-1-0,s-2-2-2
167,"[[249468    914]
 [133712 115906]]","(array([0.        , 0.00365042, 1.        ]), array([0.       , 0.4643335, 1.       ]), array([2, 1, 0]))",0.4643335015904302,0.5443544097011436,0.730748,0.992175997260743,0.7303415397177414,9.299636083546593,0.6326090634704915,0.8083855722850393,glm,s-3-1-0,s-2-2-3
168,"[[124344    454]
 [ 67036  58166]]","(array([0.        , 0.00363788, 1.        ]), array([0.        , 0.46457724, 1.        ]), array([2, 1, 0]))",0.46457724317502913,0.5439789098439278,0.73004,0.9922552030023882,0.7304696821814344,9.324089527639018,0.632851345323193,0.8085753526726385,glm,s-3-1-0,s-2-3-0
169,"[[24997    89]
 [13320 11594]]","(array([0.       , 0.0035478, 1.       ]), array([0.        , 0.46536084, 1.        ]), array([2, 1, 0]))",0.46536084129405153,0.5456707797613579,0.73182,0.9923820936403321,0.7309065228554288,9.262610476870574,0.6336038473098887,0.8091170477067807,glm,s-3-1-0,s-2-3-1
170,"[[124494    480]
 [ 67084  57942]]","(array([0.       , 0.0038408, 1.       ]), array([0.       , 0.4634396, 1.       ]), array([2, 1, 0]))",0.46343960456225103,0.5430350568210064,0.729744,0.9917839170175619,0.7297994028380413,9.334313088610049,0.6316994461645807,0.8076350518797704,glm,s-3-1-0,s-2-3-2
171,"[[248955    854]
 [134099 116092]]","(array([0.        , 0.00341861, 1.        ]), array([0.        , 0.46401349, 1.        ]), array([2, 1, 0]))",0.46401349369082023,0.5440468534781169,0.730094,0.9926974843089973,0.7302974409356952,9.322224347357176,0.6324178712578683,0.8084682614297155,glm,s-3-1-0,s-2-3-3
172,"[[124519    443]
 [ 67243  57795]]","(array([0.        , 0.00354508, 1.        ]), array([0.        , 0.46221949, 1.        ]), array([2, 1, 0]))",0.46221948527647594,0.5425377979050804,0.729256,0.9923932827363577,0.7293372037864271,9.351167893150345,0.6306881424736462,0.807215285343166,glm,s-3-1-0,s-2-4-0
173,"[[24880    95]
 [13024 12001]]","(array([0.       , 0.0038038, 1.       ]), array([0.        , 0.47956044, 1.        ]), array([2, 1, 0]))",0.47956043956043953,0.5554708017049638,0.73762,0.9921461640211641,0.7378783178783179,9.062285669731782,0.6465881845855446,0.8174065850236348,glm,s-3-1-0,s-2-4-1
174,"[[124618    442]
 [ 66977  57963]]","(array([0.       , 0.0035343, 1.       ]), array([0.        , 0.46392668, 1.        ]), array([2, 1, 0]))",0.4639266848087082,0.5440276729037509,0.730324,0.9924321547812687,0.7301961906372024,9.31428047676219,0.6322834001472634,0.8082747657295849,glm,s-3-1-0,s-2-4-2
175,"[[248733    909]
 [133839 116519]]","(array([0.        , 0.00364121, 1.        ]), array([0.        , 0.46540953, 1.        ]), array([2, 1, 0]))",0.46540953354795933,0.5446547235964285,0.730504,0.992259086418912,0.7308841596645991,9.308063536990979,0.6336239008553888,0.8090810615634592,glm,s-3-1-0,s-2-4-3
176,"[[191131    739]
 [ 30311  27819]]","(array([0.        , 0.00385157, 1.        ]), array([0.        , 0.47856528, 1.        ]), array([2, 1, 0]))",0.4785652847066919,0.6304368485475316,0.8758,0.9741228377337349,0.7373568592710507,4.289718391857911,0.6418189368770764,0.8069934208236154,glm,s-3-1-0,s-3-1-0
177,"[[38782   856]
 [ 4180  6182]]","(array([0.        , 0.02159544, 1.        ]), array([0.        , 0.59660297, 1.        ]), array([2, 1, 0]))",0.5966029723991507,0.6701689753037035,0.89928,0.8783745382210856,0.7875037668393654,3.4787592476034095,0.7105747126436781,0.8025653009295322,glm,s-3-1-0,s-3-1-1
178,"[[159809  32299]
 [ 28430  29462]]","(array([0.        , 0.16812939, 1.        ]), array([0.        , 0.50891315, 1.        ]), array([2, 1, 0]))",0.5089131486215712,0.3333104524814379,0.757084,0.4770324314696977,0.6703918815338061,8.390124711535712,0.49245735585401124,0.4830849752079125,glm,s-3-1-0,s-3-1-2
179,"[[331874   1331]
 [ 88748  78047]]","(array([0.        , 0.00399454, 1.        ]), array([0.       , 0.4679217, 1.       ]), array([2, 1, 0]))",0.4679217002907761,0.5985507801949168,0.819842,0.983232129809267,0.7319635811968429,6.22243900628268,0.6340825354527101,0.8057595698596137,glm,s-3-1-0,s-3-1-3
180,"[[159384  32272]
 [ 28685  29659]]","(array([0.        , 0.16838502, 1.        ]), array([0.        , 0.50834705, 1.        ]), array([2, 1, 0]))",0.508347045111751,0.333101861577266,0.756172,0.47890394148326365,0.6699810109726221,8.421623989251351,0.4931864477239659,0.484516512670387,glm,s-3-1-0,s-3-2-0
181,"[[32914  6741]
 [ 5015  5330]]","(array([0.        , 0.16999117, 1.        ]), array([0.        , 0.51522475, 1.        ]), array([2, 1, 0]))",0.5152247462542291,0.3267908782791396,0.76488,0.4415541380167343,0.67261678618978,8.120864907696939,0.475553176302641,0.4545532074570604,glm,s-3-1-0,s-3-2-1
182,"[[159449  32318]
 [ 28627  29606]]","(array([0.        , 0.16852743, 1.        ]), array([0.        , 0.50840589, 1.        ]), array([2, 1, 0]))",0.5084058866965466,0.33281198989749183,0.75622,0.4781021897810219,0.6699392274847514,8.41996627511032,0.4927886015796,0.48387044052705036,glm,s-3-1-0,s-3-2-2
183,"[[331948   1284]
 [ 88879  77889]]","(array([0.        , 0.00385317, 1.        ]), array([0.        , 0.46705003, 1.        ]), array([2, 1, 0]))",0.46705003357958363,0.5982117925558493,0.819674,0.9837823500435755,0.7315984311077444,6.228241445554864,0.6333958144433014,0.8055371695693543,glm,s-3-1-0,s-3-2-3
184,"[[139058    503]
 [ 59345  51094]]","(array([0.        , 0.00360416, 1.        ]), array([0.        , 0.46264454, 1.        ]), array([2, 1, 0]))",0.46264453680312206,0.56325857836273,0.760608,0.9902513712037522,0.7295201890240846,8.268308367520488,0.6306499790170086,0.8063391061999134,glm,s-3-1-0,s-3-3-0
185,"[[25468   132]
 [12390 12010]]","(array([0.        , 0.00515625, 1.        ]), array([0.        , 0.49221311, 1.        ]), array([2, 1, 0]))",0.49221311475409835,0.5677676147938726,0.74956,0.989128644374897,0.7435284323770491,8.649893271278648,0.6573258168682612,0.8229634908453021,glm,s-3-1-0,s-3-3-1
186,"[[139096    492]
 [ 59102  51310]]","(array([0.        , 0.00352466, 1.        ]), array([0.        , 0.46471398, 1.        ]), array([2, 1, 0]))",0.46471398036445316,0.5650521433705994,0.761624,0.990502297208602,0.7305946610421858,8.23321693552097,0.6326211054532902,0.8077262137145017,glm,s-3-1-0,s-3-3-2
187,"[[331632   1270]
 [ 89375  77723]]","(array([0.        , 0.00381494, 1.        ]), array([0.        , 0.46513423, 1.        ]), array([2, 1, 0]))",0.4651342326060156,0.5966319226029688,0.81871,0.9839226260554733,0.7306596480390743,6.261536803610832,0.6316606458586458,0.8044693315668536,glm,s-3-1-0,s-3-3-3
188,"[[138802    528]
 [ 59192  51478]]","(array([0.        , 0.00378956, 1.        ]), array([0.        , 0.46514864, 1.        ]), array([2, 1, 0]))",0.46514864010120177,0.5645775454656194,0.76112,0.9898473253086182,0.7306795378787785,8.250624593966036,0.6328899161523519,0.8076399304662152,glm,s-3-1-0,s-3-4-0
189,"[[25468   110]
 [13099 11323]]","(array([0.        , 0.00430057, 1.        ]), array([0.        , 0.46363934, 1.        ]), array([2, 1, 0]))",0.4636393415772664,0.5467250565333341,0.73582,0.9903787282428059,0.7296693853871162,9.12445570712185,0.6315994979779668,0.8070102916440973,glm,s-3-1-0,s-3-4-1
190,"[[139067    581]
 [ 59265  51087]]","(array([0.        , 0.00416046, 1.        ]), array([0.        , 0.46294585, 1.        ]), array([2, 1, 0]))",0.4629458460200087,0.5626130717465074,0.760616,0.9887551288998994,0.7293926927166954,8.268032306783727,0.6306258486606592,0.8057276420712628,glm,s-3-1-0,s-3-4-2
191,"[[331703   1247]
 [ 89392  77658]]","(array([0.        , 0.00374531, 1.        ]), array([0.        , 0.46487878, 1.        ]), array([2, 1, 0]))",0.4648787788087399,0.5966190168389779,0.818722,0.9841961852861035,0.7305667358527856,6.26112230151261,0.6314813685430262,0.8044626763627322,glm,s-3-1-0,s-3-4-3
192,"[[166048  19949]
 [ 55002   9001]]","(array([0.        , 0.10725442, 1.        ]), array([0.        , 0.14063403, 1.        ]), array([2, 1, 0]))",0.14063403277971345,0.0455265678353777,0.700196,0.3109153713298791,0.5166898073488507,10.354927122976344,0.19366776758146592,0.2503017191036857,glm,s-2-2-0,s-0-1-0
193,"[[34295  4176]
 [ 9953  1576]]","(array([0.       , 0.1085493, 1.       ]), array([0.        , 0.13669876, 1.        ]), array([2, 1, 0]))",0.1366987596495793,0.03716006001602573,0.71742,0.27399165507649514,0.5140747313883051,9.760034216051231,0.18239685203402578,0.2281611025856328,glm,s-2-2-0,s-0-1-1
194,"[[166365  19853]
 [ 54888   8894]]","(array([0.        , 0.10661161, 1.        ]), array([0.        , 0.13944373, 1.        ]), array([2, 1, 0]))",0.13944373020601425,0.0448660702904609,0.701036,0.3093888057884301,0.5164160622268082,10.325914243759204,0.1922424321023679,0.24875538401297756,glm,s-2-2-0,s-0-1-2
195,"[[290191  34964]
 [150348  24497]]","(array([0.        , 0.10753025, 1.        ]), array([0.        , 0.14010695, 1.        ]), array([2, 1, 0]))",0.14010695187165775,0.04799219253101781,0.629376,0.41198432586064815,0.5162883485350508,12.800955376836477,0.20910262647990233,0.2967973461856265,glm,s-2-2-0,s-0-1-3
196,"[[166025  19869]
 [ 55119   8987]]","(array([0.        , 0.10688349, 1.        ]), array([0.        , 0.14018969, 1.        ]), array([2, 1, 0]))",0.14018968583283936,0.04551466770190113,0.700048,0.31144302744663155,0.5166530965448315,10.36003860601161,0.19334781953916655,0.2502924302345012,glm,s-2-2-0,s-0-2-0
197,"[[34440  4115]
 [ 9883  1562]]","(array([0.        , 0.10673064, 1.        ]), array([0.        , 0.13647881, 1.        ]), array([2, 1, 0]))",0.1364788117081695,0.03939439585171774,0.72004,0.2751453232341025,0.5148740835871932,9.669541646387701,0.18245532064011213,0.22867683658829382,glm,s-2-2-0,s-0-2-1
198,"[[166186  19723]
 [ 55130   8961]]","(array([0.        , 0.10608954, 1.        ]), array([0.        , 0.13981682, 1.        ]), array([2, 1, 0]))",0.13981682295486106,0.046206582066519175,0.700588,0.31240412773671733,0.5168636422623845,10.341387199793466,0.1931770412287793,0.2505494136791424,glm,s-2-2-0,s-0-2-2
199,"[[290191  34964]
 [150348  24497]]","(array([0.        , 0.10753025, 1.        ]), array([0.        , 0.14010695, 1.        ]), array([2, 1, 0]))",0.14010695187165775,0.04799219253101781,0.629376,0.41198432586064815,0.5162883485350508,12.800955376836473,0.20910262647990233,0.2967973461856265,glm,s-2-2-0,s-0-2-3
200,"[[122900  14956]
 [ 96595  15549]]","(array([0.        , 0.10849002, 1.        ]), array([0.        , 0.13865209, 1.        ]), array([2, 1, 0]))",0.13865209016978172,0.04583151293146068,0.553796,0.5097197180790034,0.5150810357998398,15.411388017631394,0.2180036312907907,0.3320108983447498,glm,s-2-2-0,s-0-3-0
201,"[[22650  2741]
 [21143  3466]]","(array([0.        , 0.10795164, 1.        ]), array([0.        , 0.14084278, 1.        ]), array([2, 1, 0]))",0.14084278109634688,0.049868080609434026,0.52232,0.5584018044143708,0.5164455723448731,16.49852654225206,0.22494807892004157,0.35054716103323413,glm,s-2-2-0,s-0-3-1
202,"[[123130  14897]
 [ 96231  15742]]","(array([0.        , 0.10792816, 1.        ]), array([0.        , 0.14058746, 1.        ]), array([2, 1, 0]))",0.14058746304912792,0.04952546998848682,0.555488,0.5137896145435557,0.5163296520328703,15.352948219266207,0.2207668358903879,0.3356088159673217,glm,s-2-2-0,s-0-3-2
203,"[[290191  34964]
 [150348  24497]]","(array([0.        , 0.10753025, 1.        ]), array([0.        , 0.14010695, 1.        ]), array([2, 1, 0]))",0.14010695187165775,0.04799219253101781,0.629376,0.41198432586064815,0.5162883485350508,12.800955376836479,0.20910262647990233,0.2967973461856265,glm,s-2-2-0,s-0-3-3
204,"[[122716  15101]
 [ 96623  15560]]","(array([0.        , 0.10957284, 1.        ]), array([0.        , 0.13870194, 1.        ]), array([2, 1, 0]))",0.13870194236203345,0.0441662925853727,0.553104,0.5074850787645543,0.5145645515085525,15.435289314663173,0.2178600431239674,0.33130772866833885,glm,s-2-2-0,s-0-4-0
205,"[[22581  2763]
 [21152  3504]]","(array([0.        , 0.10901989, 1.        ]), array([0.        , 0.14211551, 1.        ]), array([2, 1, 0]))",0.14211550940947437,0.049972947945739546,0.5217,0.5591191957874582,0.5165478115229191,16.519940935439774,0.22662742942146624,0.35234494409138445,glm,s-2-2-0,s-0-4-1
206,"[[122915  14898]
 [ 96498  15689]]","(array([0.        , 0.10810301, 1.        ]), array([0.        , 0.13984686, 1.        ]), array([2, 1, 0]))",0.1398468628272438,0.048181064399527594,0.554416,0.5129303298787067,0.5158719268385817,15.389973790759944,0.21977390841469735,0.33447033491802924,glm,s-2-2-0,s-0-4-2
207,"[[290191  34964]
 [150348  24497]]","(array([0.        , 0.10753025, 1.        ]), array([0.        , 0.14010695, 1.        ]), array([2, 1, 0]))",0.14010695187165775,0.04799219253101781,0.629376,0.41198432586064815,0.5162883485350508,12.80095537683648,0.20910262647990233,0.2967973461856265,glm,s-2-2-0,s-0-4-3
208,"[[  7140   1673]
 [110731 130456]]","(array([0.       , 0.1898332, 1.       ]), array([0.        , 0.54089151, 1.        ]), array([2, 1, 0]))",0.5408915074195542,0.1296926989639639,0.550384,0.9873381316743486,0.6755291532332084,15.529191838480164,0.6989038776800353,0.847443754279248,glm,s-2-2-0,s-1-1-0
209,"[[ 1089   247]
 [22370 26294]]","(array([0.        , 0.18488024, 1.        ]), array([0.        , 0.54031728, 1.        ]), array([2, 1, 0]))",0.5403172776590498,0.11485672359726491,0.54766,0.9906936437963905,0.6777185190690458,15.623274064485203,0.6992620171531149,0.8491358152272199,glm,s-2-2-0,s-1-1-1
210,"[[  7321   1628]
 [110695 130356]]","(array([0.        , 0.18191977, 1.        ]), array([0.        , 0.54078183, 1.        ]), array([2, 1, 0]))",0.5407818262525358,0.13354824294897738,0.550708,0.9876651715359438,0.6794310293403699,15.518001131000677,0.6988942056375407,0.8475825989255995,glm,s-2-2-0,s-1-1-2
211,"[[ 55605  14904]
 [153663 275828]]","(array([0.        , 0.21137727, 1.        ]), array([0.        , 0.64222068, 1.        ]), array([2, 1, 0]))",0.6422206751713074,0.30396314568256305,0.662866,0.9487362932184967,0.7154217020923124,11.644219675522017,0.7659516566396797,0.866066029104149,glm,s-2-2-0,s-1-1-3
212,"[[  7214   1699]
 [110203 130884]]","(array([0.        , 0.19062044, 1.        ]), array([0.        , 0.54289116, 1.        ]), array([2, 1, 0]))",0.5428911554749946,0.13087779748584535,0.552392,0.9871853857583551,0.6761353567120288,15.459838058637313,0.7005325554633769,0.8483327478322416,glm,s-2-2-0,s-1-2-0
213,"[[ 1115   270]
 [22189 26426]]","(array([0.        , 0.19494585, 1.        ]), array([0.        , 0.54357709, 1.        ]), array([2, 1, 0]))",0.5435770852617505,0.11469328606073455,0.55082,0.9898861252622115,0.6743156184431497,15.514131898892103,0.7017832720319741,0.8502628717044511,glm,s-2-2-0,s-1-2-1
214,"[[  7196   1625]
 [110928 130251]]","(array([0.        , 0.18421948, 1.        ]), array([0.        , 0.54005946, 1.        ]), array([2, 1, 0]))",0.5400594579130024,0.13150172320697856,0.549788,0.9876778185568261,0.677919990831572,15.549776795688825,0.6982938172655506,0.8472348159124112,glm,s-2-2-0,s-1-2-2
215,"[[ 55105  15406]
 [154185 275304]]","(array([0.        , 0.21849073, 1.        ]), array([0.        , 0.64100361, 1.        ]), array([2, 1, 0]))",0.6410036112682747,0.29808504436372985,0.660818,0.9470056069622648,0.7112564396628704,11.714955892374615,0.7645220279395001,0.8644695913972551,glm,s-2-2-0,s-1-2-3
216,"[[ 36407  31593]
 [ 44719 137281]]","(array([0.        , 0.46460294, 1.        ]), array([0.        , 0.75429121, 1.        ]), array([2, 1, 0]))",0.7542912087912088,0.2753338643607258,0.694752,0.8129196916043915,0.6448441338073692,10.542993463720146,0.7825088208302696,0.8004760372060045,glm,s-2-2-0,s-1-3-0
217,"[[ 7728 15312]
 [ 1905 25055]]","(array([0.        , 0.66458333, 1.        ]), array([0.        , 0.92933976, 1.        ]), array([2, 1, 0]))",0.9293397626112759,0.3346213746865877,0.65566,0.6206802586270964,0.6323782146389714,11.893327132540566,0.74427792713176,0.6648428046787102,glm,s-2-2-0,s-1-3-1
218,"[[ 36474  31575]
 [ 43820 138131]]","(array([0.        , 0.46400388, 1.        ]), array([0.        , 0.75916593, 1.        ]), array([2, 1, 0]))",0.7591659292886547,0.28135748246314407,0.69842,0.8139429366080162,0.6475810248656385,10.416305174332596,0.7856007416317605,0.802364148587029,glm,s-2-2-0,s-1-3-2
219,"[[ 55515  14850]
 [153590 276045]]","(array([0.        , 0.21104242, 1.        ]), array([0.       , 0.6425105, 1.       ]), array([2, 1, 0]))",0.6425105031014698,0.304177096060835,0.66312,0.9489506522972206,0.7157340407214875,11.635446739961184,0.7662276379887027,0.8663143392448602,glm,s-2-2-0,s-1-3-3
220,"[[ 36056  31655]
 [ 44840 137449]]","(array([0.        , 0.46750159, 1.        ]), array([0.        , 0.75401697, 1.        ]), array([2, 1, 0]))",0.7540169730482914,0.27215563368682383,0.69402,0.8128075030750308,0.6432576927092559,10.56827604634138,0.78230926626313,0.8003272369440029,glm,s-2-2-0,s-1-4-0
221,"[[ 7936 15195]
 [ 1948 24921]]","(array([0.        , 0.65691064, 1.        ]), array([0.        , 0.92750009, 1.        ]), array([2, 1, 0]))",0.9275000930440285,0.3387728845510501,0.65714,0.6212234519892312,0.6352947268211799,11.842207872418111,0.7440770321713817,0.6651524290968489,glm,s-2-2-0,s-1-4-1
222,"[[ 36163  31934]
 [ 43559 138344]]","(array([0.        , 0.46894871, 1.        ]), array([0.        , 0.76053721, 1.        ]), array([2, 1, 0]))",0.7605372093918187,0.2785389635196152,0.698028,0.8124596248487767,0.6457942519344073,10.429845522901312,0.78564147412836,0.801515616762165,glm,s-2-2-0,s-1-4-2
223,"[[ 56906  13593]
 [151807 277694]]","(array([0.        , 0.19281125, 1.        ]), array([0.       , 0.6465503, 1.       ]), array([2, 1, 0]))",0.6465502990679882,0.3202170315030223,0.6692,0.9533346836625046,0.7268695267592029,11.425448969292194,0.770528921125213,0.8707057164303869,glm,s-2-2-0,s-1-4-3
224,"[[ 84357  40972]
 [ 12091 112580]]","(array([0.        , 0.32691556, 1.        ]), array([0.        , 0.90301674, 1.        ]), array([2, 1, 0]))",0.9030167400598375,0.5917427190798004,0.787748,0.7331718245284985,0.7880505909045766,7.331055411796221,0.8092788877986363,0.7618297447890656,glm,s-2-2-0,s-2-1-0
225,"[[17028  8063]
 [ 2530 22379]]","(array([0.        , 0.32135028, 1.        ]), array([0.        , 0.89843029, 1.        ]), array([2, 1, 0]))",0.8984302862419206,0.5912543431247814,0.78814,0.7351356678273439,0.7885400006395925,7.31751411010737,0.8086213437878267,0.7628667071183621,glm,s-2-2-0,s-2-1-1
226,"[[ 84431  40369]
 [ 12377 112823]]","(array([0.        , 0.32346955, 1.        ]), array([0.        , 0.90114217, 1.        ]), array([2, 1, 0]))",0.9011421725239617,0.5929493191771795,0.789016,0.736481017285498,0.788836310620955,7.287258314698475,0.8105333486594443,0.7644166142705375,glm,s-2-2-0,s-2-1-2
227,"[[165567  84666]
 [ 19833 229934]]","(array([0.        , 0.33834866, 1.        ]), array([0.        , 0.92059399, 1.        ]), array([2, 1, 0]))",0.9205939936020371,0.6027144632402633,0.791002,0.7308773045136682,0.7911226672761358,7.218670586415594,0.8148385713551641,0.7622962178591628,glm,s-2-2-0,s-2-1-3
228,"[[ 83930  40557]
 [ 10195 115318]]","(array([0.        , 0.32579305, 1.        ]), array([0.        , 0.91877335, 1.        ]), array([2, 1, 0]))",0.9187733541545497,0.6119358442647937,0.796992,0.7398107457898957,0.7964901497290376,7.011777635469932,0.8196369425846162,0.7697997231022692,glm,s-2-2-0,s-2-2-0
229,"[[16963  8196]
 [ 2215 22626]]","(array([0.        , 0.32576811, 1.        ]), array([0.       , 0.9108329, 1.       ]), array([2, 1, 0]))",0.9108328972263596,0.6015934742452476,0.79178,0.7340860424372202,0.7925323912182117,7.191795090959059,0.8129637281497583,0.763726211612851,glm,s-2-2-0,s-2-2-1
230,"[[ 84713  40564]
 [ 12003 112720]]","(array([0.        , 0.32379447, 1.        ]), array([0.        , 0.90376274, 1.        ]), array([2, 1, 0]))",0.9037627382279131,0.5954092844656975,0.789732,0.7353670311317554,0.7899841333883245,7.262529174485715,0.8109148330797425,0.7638315721567399,glm,s-2-2-0,s-2-2-2
231,"[[169419  80963]
 [ 24195 225423]]","(array([0.        , 0.32335791, 1.        ]), array([0.        , 0.90307189, 1.        ]), array([2, 1, 0]))",0.9030718938538086,0.5950458652469308,0.789684,0.7357483697035765,0.789856992369468,7.264186771885515,0.8108682671347687,0.7640618454108767,glm,s-2-2-0,s-2-2-3
232,"[[ 84543  40255]
 [ 12073 113129]]","(array([0.        , 0.32256126, 1.        ]), array([0.        , 0.90357183, 1.        ]), array([2, 1, 0]))",0.9035718279260715,0.596594056172955,0.790688,0.7375541125541125,0.7905052844657682,7.229509115949755,0.8121657226134836,0.7656909486177779,glm,s-2-2-0,s-2-3-0
233,"[[17036  8050]
 [ 2271 22643]]","(array([0.        , 0.32089612, 1.        ]), array([0.        , 0.90884643, 1.        ]), array([2, 1, 0]))",0.9088464317251345,0.6038109685533855,0.79358,0.7377252142182257,0.7939751571844201,7.129622958623725,0.8143938712751992,0.7665926357271508,glm,s-2-2-0,s-2-3-1
234,"[[ 84368  40606]
 [ 12056 112970]]","(array([0.        , 0.32491558, 1.        ]), array([0.        , 0.90357206, 1.        ]), array([2, 1, 0]))",0.9035720570121415,0.5943969505572706,0.789352,0.73559670781893,0.7893282372854968,7.275654043848149,0.8109776670662809,0.7640025428428442,glm,s-2-2-0,s-2-3-2
235,"[[165558  84251]
 [ 19855 230336]]","(array([0.        , 0.33726167, 1.        ]), array([0.        , 0.92064063, 1.        ]), array([2, 1, 0]))",0.9206406305582535,0.6038793368097884,0.791788,0.7321853732035971,0.7916894813219834,7.191522444503324,0.8156691655836453,0.7634406535064722,glm,s-2-2-0,s-2-3-3
236,"[[ 82655  42307]
 [  9982 115056]]","(array([0.        , 0.33855892, 1.        ]), array([0.        , 0.92016827, 1.        ]), array([2, 1, 0]))",0.9201682688462708,0.6021404682667109,0.790844,0.73115027039393,0.7908046734670048,7.224127629927857,0.8148413072191671,0.762475314450821,glm,s-2-2-0,s-2-4-0
237,"[[16901  8074]
 [ 2347 22678]]","(array([0.        , 0.32328328, 1.        ]), array([0.        , 0.90621379, 1.        ]), array([2, 1, 0]))",0.9062137862137862,0.5990003618177855,0.79158,0.7374479708636836,0.7914652514652514,7.1987008952203135,0.8131667174641878,0.7659778562888003,glm,s-2-2-0,s-2-4-1
238,"[[ 83059  42001]
 [  9735 115205]]","(array([0.        , 0.33584679, 1.        ]), array([0.       , 0.9220826, 1.       ]), array([2, 1, 0]))",0.922082599647831,0.606719281490506,0.793056,0.7328282635522817,0.7931179030543649,7.147726877835059,0.8166339412928058,0.7641980779129807,glm,s-2-2-0,s-2-4-2
239,"[[168796  80846]
 [ 24229 226129]]","(array([0.        , 0.32384775, 1.        ]), array([0.        , 0.90322259, 1.        ]), array([2, 1, 0]))",0.9032225852579107,0.5950328011099842,0.78985,0.7366365339197003,0.7896874176399712,7.258453147898163,0.8114681886771464,0.7648495729432887,glm,s-2-2-0,s-2-4-3
240,"[[107453  84417]
 [  1881  56249]]","(array([0.        , 0.43996977, 1.        ]), array([0.        , 0.96764149, 1.        ]), array([2, 1, 0]))",0.9676414932048856,0.44936095372228063,0.654808,0.39987630273129254,0.763835861002818,11.922779299777067,0.5658966981226986,0.4530407832549928,glm,s-2-2-0,s-3-1-0
241,"[[21963 17675]
 [  335 10027]]","(array([0.        , 0.44591049, 1.        ]), array([0.        , 0.96767033, 1.        ]), array([2, 1, 0]))",0.9676703339123721,0.4254610369178814,0.6398,0.36195942531225184,0.7608799219892352,12.4411499151384,0.526849516603615,0.41375753074193283,glm,s-2-2-0,s-3-1-1
242,"[[107899  84209]
 [  1931  55961]]","(array([0.        , 0.43834197, 1.        ]), array([0.        , 0.96664479, 1.        ]), array([2, 1, 0]))",0.966644786844469,0.4490315910712381,0.65544,0.39923664122137403,0.7641514062691748,11.90095012783042,0.5650856802415405,0.452340228785008,glm,s-2-2-0,s-3-1-2
243,"[[199509 133696]
 [  6031 160764]]","(array([0.        , 0.40124248, 1.        ]), array([0.        , 0.96384184, 1.        ]), array([2, 1, 0]))",0.963841841781828,0.53911966705921,0.720546,0.5459621001154656,0.7812996817138308,9.652213024619424,0.6970721184594205,0.5977979154194261,glm,s-2-2-0,s-3-1-3
244,"[[107538  84118]
 [  1997  56347]]","(array([0.        , 0.43890095, 1.        ]), array([0.        , 0.96577197, 1.        ]), array([2, 1, 0]))",0.9657719731249143,0.4491621045697051,0.65554,0.4011461930018154,0.7634355127969605,11.897495959137467,0.5668455653416092,0.4542618235290323,glm,s-2-2-0,s-3-2-0
245,"[[22153 17502]
 [  358  9987]]","(array([0.       , 0.4413567, 1.       ]), array([0.        , 0.96539391, 1.        ]), array([2, 1, 0]))",0.9653939101014983,0.42667724726235534,0.6428,0.3633089599476154,0.762018604275311,12.33753081934656,0.5279378336945605,0.41508383138959776,glm,s-2-2-0,s-3-2-1
246,"[[107820  83947]
 [  1942  56291]]","(array([0.        , 0.43775519, 1.        ]), array([0.        , 0.96665121, 1.        ]), array([2, 1, 0]))",0.9666512115123727,0.45048771983113156,0.656444,0.40139619789215475,0.7644480095065709,11.866272358351827,0.5672466002589799,0.4545572001905731,glm,s-2-2-0,s-3-2-2
247,"[[199384 133848]
 [  6066 160702]]","(array([0.        , 0.40166611, 1.        ]), array([0.        , 0.96362612, 1.        ]), array([2, 1, 0]))",0.9636261153218842,0.5385208645813838,0.720172,0.5455847903581735,0.7809800044127546,9.66513077006874,0.6967081275822751,0.5974194181571606,glm,s-2-2-0,s-3-2-3
248,"[[ 87365  52196]
 [  8590 101849]]","(array([0.        , 0.37400133, 1.        ]), array([0.        , 0.92221951, 1.        ]), array([2, 1, 0]))",0.9222195057905269,0.5598079850862896,0.756856,0.6611639456003116,0.7741090865199867,8.398063190914025,0.7701713525203793,0.7008418442127168,glm,s-2-2-0,s-3-3-0
249,"[[17308  8292]
 [ 2089 22311]]","(array([0.        , 0.32390625, 1.        ]), array([0.        , 0.91438525, 1.        ]), array([2, 1, 0]))",0.9143852459016394,0.6057174224450219,0.79238,0.7290461719439271,0.7952394979508195,7.17107336034918,0.811264840099631,0.7598493311173473,glm,s-2-2-0,s-3-3-1
250,"[[ 87552  52036]
 [  8589 101823]]","(array([0.        , 0.37278276, 1.        ]), array([0.        , 0.92220954, 1.        ]), array([2, 1, 0]))",0.922209542441039,0.5608235417172205,0.7575,0.6617942401809449,0.7747133908726385,8.375819707173351,0.7705953358484283,0.7014071816688894,glm,s-2-2-0,s-3-3-2
251,"[[199793 133109]
 [  6131 160967]]","(array([0.       , 0.3998444, 1.       ]), array([0.        , 0.96330896, 1.        ]), array([2, 1, 0]))",0.9633089564207831,0.5400415285977213,0.72152,0.5473653069274609,0.7817322788844638,9.618571317683397,0.6980749131564224,0.5991021302633166,glm,s-2-2-0,s-3-3-3
252,"[[ 89031  50299]
 [  8632 102038]]","(array([0.        , 0.36100624, 1.        ]), array([0.        , 0.92200235, 1.        ]), array([2, 1, 0]))",0.9220023493268275,0.5711226576322753,0.764276,0.6698175755069353,0.7804980525791534,8.14177940271849,0.7759337203952746,0.7085795077345289,glm,s-2-2-0,s-3-4-0
253,"[[16838  8740]
 [ 1902 22520]]","(array([0.       , 0.3416999, 1.       ]), array([0.       , 0.9221194, 1.       ]), array([2, 1, 0]))",0.9221194005404962,0.5993584343489335,0.78716,0.7204094689699296,0.7902097510951758,7.351372937523586,0.8088789914155382,0.7533687492473004,glm,s-2-2-0,s-3-4-1
254,"[[ 87499  52149]
 [  8522 101830]]","(array([0.        , 0.37343177, 1.        ]), array([0.        , 0.92277439, 1.        ]), array([2, 1, 0]))",0.9227743946643469,0.5608373155275951,0.757316,0.6613239467719624,0.7746713116768115,8.382175203448053,0.7704733837499196,0.7010497502299426,glm,s-2-2-0,s-3-4-2
255,"[[199655 133295]
 [  5963 161087]]","(array([0.       , 0.4003454, 1.       ]), array([0.       , 0.9643041, 1.       ]), array([2, 1, 0]))",0.964304100568692,0.5405972870765341,0.721484,0.5472039730690056,0.781979351680952,9.619815011083858,0.6982047192219006,0.5990243779089052,glm,s-2-2-0,s-3-4-3
256,"[[99039 86958]
 [23965 40038]]","(array([0.        , 0.46752367, 1.        ]), array([0.        , 0.62556443, 1.        ]), array([2, 1, 0]))",0.6255644266675,0.13796457832328576,0.556308,0.31526977227629216,0.5790203784654456,15.324856901784047,0.41924826831554096,0.34999047181142223,glm,s-1-1-0,s-0-1-0
257,"[[20554 17917]
 [ 4286  7243]]","(array([0.        , 0.46572743, 1.        ]), array([0.        , 0.62824182, 1.        ]), array([2, 1, 0]))",0.6282418249631364,0.13690625024344813,0.55594,0.28787758346581876,0.5812571969555876,15.337575573667175,0.3948322385456131,0.3228610400378001,glm,s-1-1-0,s-0-1-1
258,"[[99364 86854]
 [23915 39867]]","(array([0.        , 0.46641034, 1.        ]), array([0.        , 0.62505095, 1.        ]), array([2, 1, 0]))",0.6250509548148381,0.13832651739138024,0.556924,0.3146045249011608,0.5793203092711486,15.303580682892251,0.4185445898489788,0.34930239404485286,glm,s-1-1-0,s-0-1-2
259,"[[172849 152306]
 [ 62545 112300]]","(array([0.        , 0.46841045, 1.        ]), array([0.        , 0.64228317, 1.        ]), array([2, 1, 0]))",0.6422831650890789,0.16611380398084732,0.570298,0.42440458644172846,0.5869363573442503,14.841624861418316,0.5110922491927428,0.45529401939074116,glm,s-1-1-0,s-0-1-3
260,"[[98952 86942]
 [23924 40182]]","(array([0.        , 0.46769664, 1.        ]), array([0.       , 0.6268056, 1.       ]), array([2, 1, 0]))",0.6268056032196674,0.13897265431262248,0.556536,0.31608508228186655,0.5795544794477413,15.316982009591777,0.42024786905820216,0.35087198438007555,glm,s-1-1-0,s-0-2-0
261,"[[20600 17955]
 [ 4271  7174]]","(array([0.        , 0.46569835, 1.        ]), array([0.        , 0.62682394, 1.        ]), array([2, 1, 0]))",0.6268239405854085,0.135387490834049,0.55548,0.28548688765967606,0.5805627937916019,15.35346401850288,0.3923005413681851,0.3203794178329954,glm,s-1-1-0,s-0-2-1
262,"[[99085 86824]
 [24075 40016]]","(array([0.        , 0.46702419, 1.        ]), array([0.        , 0.62436223, 1.        ]), array([2, 1, 0]))",0.6243622349471845,0.1374103753729208,0.556404,0.3154840744244718,0.5786690228466511,15.32154075066592,0.4191671336765638,0.3501262575443914,glm,s-1-1-0,s-0-2-2
263,"[[172849 152306]
 [ 62545 112300]]","(array([0.        , 0.46841045, 1.        ]), array([0.        , 0.64228317, 1.        ]), array([2, 1, 0]))",0.6422831650890789,0.16611380398084732,0.570298,0.42440458644172846,0.5869363573442503,14.84162486141831,0.5110922491927428,0.45529401939074116,glm,s-1-1-0,s-0-2-3
264,"[[73245 64611]
 [39115 73029]]","(array([0.        , 0.46868471, 1.        ]), array([0.        , 0.65120738, 1.        ]), array([2, 1, 0]))",0.6512073762305607,0.18249016088438022,0.585096,0.5305797733217088,0.5912613308729404,14.33048313251227,0.5847372129519904,0.5509926000144861,glm,s-1-1-0,s-0-3-0
265,"[[13584 11807]
 [ 8461 16148]]","(array([0.        , 0.46500729, 1.        ]), array([0.       , 0.6561827, 1.       ]), array([2, 1, 0]))",0.6561826973871348,0.19250150060283913,0.59464,0.5776426399570739,0.5955877056704489,14.00082721637816,0.6144129061715243,0.5918096592366726,glm,s-1-1-0,s-0-3-1
266,"[[73364 64663]
 [38997 72976]]","(array([0.       , 0.4684808, 1.       ]), array([0.        , 0.65172854, 1.        ]), array([2, 1, 0]))",0.6517285417020174,0.1831887291577648,0.58536,0.5301985629073155,0.5916238686108672,14.321365061860279,0.5847154784225117,0.5507381563674948,glm,s-1-1-0,s-0-3-2
267,"[[172849 152306]
 [ 62545 112300]]","(array([0.        , 0.46841045, 1.        ]), array([0.        , 0.64228317, 1.        ]), array([2, 1, 0]))",0.6422831650890789,0.16611380398084732,0.570298,0.42440458644172846,0.5869363573442503,14.841624861418312,0.5110922491927428,0.45529401939074116,glm,s-1-1-0,s-0-3-3
268,"[[72952 64865]
 [39312 72871]]","(array([0.        , 0.47066037, 1.        ]), array([0.        , 0.64957257, 1.        ]), array([2, 1, 0]))",0.6495725733845592,0.17890023025803334,0.583292,0.5290628448626358,0.5894561024624676,14.392791897519677,0.5831569428494833,0.54944980373292,glm,s-1-1-0,s-0-4-0
269,"[[13424 11920]
 [ 8483 16173]]","(array([0.        , 0.47032828, 1.        ]), array([0.        , 0.65594581, 1.        ]), array([2, 1, 0]))",0.6559458144062297,0.18703693191178272,0.59194,0.5756950129925604,0.5928087657889733,14.094083719734613,0.6132059375533186,0.5901348629477188,glm,s-1-1-0,s-0-4-1
270,"[[73282 64531]
 [39057 73130]]","(array([0.        , 0.46825046, 1.        ]), array([0.        , 0.65185806, 1.        ]), array([2, 1, 0]))",0.6518580584203161,0.1835846158382814,0.585648,0.5312325204669441,0.5918038015465849,14.311417472071103,0.5853959207197976,0.55164891201528,glm,s-1-1-0,s-0-4-2
271,"[[172849 152306]
 [ 62545 112300]]","(array([0.        , 0.46841045, 1.        ]), array([0.        , 0.64228317, 1.        ]), array([2, 1, 0]))",0.6422831650890789,0.16611380398084732,0.570298,0.42440458644172846,0.5869363573442503,14.841624861418312,0.5110922491927428,0.45529401939074116,glm,s-1-1-0,s-0-4-3
272,"[[  3291   5522]
 [  2997 238190]]","(array([0.        , 0.62657438, 1.        ]), array([0.        , 0.98757396, 1.        ]), array([2, 1, 0]))",0.9875739571369933,0.42515843932578323,0.965924,0.9773421087184874,0.6804997891891706,1.1769610059410154,0.9824313929292491,0.9793714819063595,glm,s-1-1-0,s-1-1-0
273,"[[  437   899]
 [  546 48118]]","(array([0.        , 0.67290419, 1.        ]), array([0.        , 0.98878021, 1.        ]), array([2, 1, 0]))",0.9887802071346375,0.36692192161025133,0.9711,0.9816594242813718,0.6579380077589355,0.9981850145747144,0.9852069491508072,0.9830753640717194,glm,s-1-1-0,s-1-1-1
274,"[[  3024   5925]
 [  2560 238491]]","(array([0.        , 0.66208515, 1.        ]), array([0.        , 0.98937984, 1.        ]), array([2, 1, 0]))",0.9893798407805817,0.41147472469883756,0.96606,0.9757585428122545,0.6636473458009512,1.1722650213023649,0.9825219839865532,0.9784527145394945,glm,s-1-1-0,s-1-1-2
275,"[[ 17619  52890]
 [  4031 425460]]","(array([0.        , 0.75011701, 1.        ]), array([0.        , 0.99061447, 1.        ]), array([2, 1, 0]))",0.9906144715488799,0.4112519548319975,0.886158,0.8894324239573534,0.6202487326046319,3.9320479637655885,0.9373006947251776,0.9079807810094452,glm,s-1-1-0,s-1-1-3
276,"[[  3249   5664]
 [  2958 238129]]","(array([0.        , 0.63547627, 1.        ]), array([0.        , 0.98773057, 1.        ]), array([2, 1, 0]))",0.9877305702920522,0.4197625254160003,0.965512,0.9767671754316162,0.676127149838049,1.191191435987059,0.9822182808117472,0.9789403408320102,glm,s-1-1-0,s-1-2-0
277,"[[  518   867]
 [  877 47738]]","(array([0.        , 0.62599278, 1.        ]), array([0.       , 0.9819603, 1.       ]), array([2, 1, 0]))",0.9819603003188316,0.3547258415941492,0.96512,0.9821623289785002,0.677983760267719,1.2047263856739248,0.9820613042583831,0.9821219165963752,glm,s-1-1-0,s-1-2-1
278,"[[  2986   5835]
 [  2670 238509]]","(array([0.        , 0.66148963, 1.        ]), array([0.        , 0.98892938, 1.        ]), array([2, 1, 0]))",0.9889293843991392,0.40626043196575407,0.96598,0.9761197328356743,0.6637198786863625,1.175027835558883,0.9824828071996591,0.9786550463458769,glm,s-1-1-0,s-1-2-2
279,"[[ 17423  53088]
 [  4105 425384]]","(array([0.       , 0.7529038, 1.       ]), array([0.        , 0.99044213, 1.        ]), array([2, 1, 0]))",0.990442130066195,0.4072940334527243,0.885614,0.8890467989767427,0.6187691639112867,3.9508373747650025,0.9370094089944393,0.907630313005547,glm,s-1-1-0,s-1-2-3
280,"[[  8407  59593]
 [   851 181149]]","(array([0.        , 0.87636765, 1.        ]), array([0.        , 0.99532418, 1.        ]), array([2, 1, 0]))",0.9953241758241759,0.28031343459989405,0.758224,0.7524611409724934,0.5594782643826761,8.350837803294556,0.8570191748158452,0.7910657765107847,glm,s-1-1-0,s-1-3-0
281,"[[ 3571 19469]
 [  181 26779]]","(array([0.        , 0.84500868, 1.        ]), array([0.        , 0.99328635, 1.        ]), array([2, 1, 0]))",0.993286350148368,0.2805427437171393,0.607,0.5790304445597647,0.5741388347964063,13.574050470447268,0.7315867118347722,0.6317232203517777,glm,s-1-1-0,s-1-3-1
282,"[[  7910  60139]
 [   826 181125]]","(array([0.        , 0.88376023, 1.        ]), array([0.        , 0.99546032, 1.        ]), array([2, 1, 0]))",0.9954603162389875,0.27073164664761357,0.75614,0.7507336361827708,0.5558500423205841,8.422818359622337,0.8559479224507638,0.7895549024548237,glm,s-1-1-0,s-1-3-2
283,"[[ 17312  53053]
 [  4283 425352]]","(array([0.        , 0.75396859, 1.        ]), array([0.        , 0.99003107, 1.        ]), array([2, 1, 0]))",0.990031072887451,0.40381335698424486,0.885328,0.889104419895277,0.6180312402737546,3.9607154088421264,0.93685740716268,0.9076092870814316,glm,s-1-1-0,s-1-3-3
284,"[[ 10467  57244]
 [  1482 180807]]","(array([0.        , 0.84541655, 1.        ]), array([0.        , 0.99187005, 1.        ]), array([2, 1, 0]))",0.9918700524990537,0.3050765473616634,0.765096,0.7595305207707592,0.5732267513754296,8.113479818891275,0.8602892896226864,0.7968625632771643,glm,s-1-1-0,s-1-4-0
285,"[[ 3685 19446]
 [  200 26669]]","(array([0.        , 0.84068998, 1.        ]), array([0.        , 0.99255648, 1.        ]), array([2, 1, 0]))",0.9925564777252596,0.28285789592808924,0.60708,0.578315081860566,0.575933247292875,13.571287000520858,0.7308177134714459,0.6309829696823437,glm,s-1-1-0,s-1-4-1
286,"[[  7548  60549]
 [   833 181070]]","(array([0.        , 0.88915811, 1.        ]), array([0.        , 0.99542064, 1.        ]), array([2, 1, 0]))",0.9954206362731786,0.26281526377657843,0.754472,0.7494029856923503,0.5531312617904948,8.480430349988831,0.8550677414632533,0.7883721315001406,glm,s-1-1-0,s-1-4-2
287,"[[ 20628  49871]
 [  4321 425180]]","(array([0.       , 0.7074001, 1.       ]), array([0.        , 0.98993949, 1.        ]), array([2, 1, 0]))",0.9899394879173739,0.4516020145126885,0.891616,0.8950196926224763,0.641269691475673,3.7435304942328824,0.9400896797530711,0.9125189669936753,glm,s-1-1-0,s-1-4-3
288,"[[ 67120  58209]
 [    59 124612]]","(array([0.        , 0.46444957, 1.        ]), array([0.        , 0.99952675, 1.        ]), array([2, 1, 0]))",0.9995267544176272,0.6035248203247644,0.766928,0.6816065988042949,0.7675385928412689,8.05020786698188,0.8105056391711004,0.7279120981827316,glm,s-1-1-0,s-2-1-0
289,"[[13578 11513]
 [   10 24899]]","(array([0.        , 0.45884979, 1.        ]), array([0.        , 0.99959854, 1.        ]), array([2, 1, 0]))",0.9995985386807981,0.6077607105369887,0.76954,0.6838130286718664,0.7703743759523316,7.959990523275393,0.8120872131896089,0.7299319289152599,glm,s-1-1-0,s-2-1-1
290,"[[ 67165  57635]
 [    55 125145]]","(array([0.        , 0.46181891, 1.        ]), array([0.       , 0.9995607, 1.       ]), array([2, 1, 0]))",0.9995607028753993,0.6064146116788118,0.76924,0.6846755662545136,0.7688708963094945,7.970352380081145,0.8126826417299825,0.7307139854260091,glm,s-1-1-0,s-2-1-2
291,"[[134344 115889]
 [   132 249635]]","(array([0.        , 0.46312437, 1.        ]), array([0.        , 0.99947151, 1.        ]), array([2, 1, 0]))",0.9994715074449387,0.6047911794741384,0.767958,0.6829510510937722,0.7681735696779988,8.01463208132104,0.8114371898825109,0.7291325298811878,glm,s-1-1-0,s-2-1-3
292,"[[ 66839  57648]
 [    74 125439]]","(array([0.       , 0.4630845, 1.       ]), array([0.        , 0.99941042, 1.        ]), array([2, 1, 0]))",0.9994104196378064,0.605691023887912,0.769112,0.6851332972848974,0.7681629604274005,7.97477338503876,0.8129552819183409,0.7311149475264641,glm,s-1-1-0,s-2-2-0
293,"[[13440 11719]
 [   42 24799]]","(array([0.        , 0.46579753, 1.        ]), array([0.        , 0.99830925, 1.        ]), array([2, 1, 0]))",0.9983092468097098,0.5999702847667465,0.76478,0.6790897639520237,0.7662558595430162,8.124398393256579,0.8083247771313091,0.7254860660101925,glm,s-1-1-0,s-2-2-1
294,"[[ 67573  57704]
 [    76 124647]]","(array([0.        , 0.46061129, 1.        ]), array([0.        , 0.99939065, 1.        ]), array([2, 1, 0]))",0.9993906496796902,0.6063664095124712,0.76888,0.6835553410729857,0.7693896821440589,7.9827865602722055,0.8118368862228648,0.7296748609984229,glm,s-1-1-0,s-2-2-2
295,"[[134848 115534]
 [   117 249501]]","(array([0.        , 0.46143093, 1.        ]), array([0.        , 0.99953128, 1.        ]), array([2, 1, 0]))",0.9995312838016489,0.6060730088228847,0.768698,0.6834988425767392,0.7690501751340442,7.9890728190746305,0.8118434303582672,0.7296383464794433,glm,s-1-1-0,s-2-2-3
296,"[[ 67497  57301]
 [    62 125140]]","(array([0.        , 0.45914999, 1.        ]), array([0.       , 0.9995048, 1.       ]), array([2, 1, 0]))",0.9995048002428076,0.6083950087432495,0.770548,0.6859203797392034,0.7701774069324103,7.925174592294437,0.8135403698442675,0.7318419679846918,glm,s-1-1-0,s-2-3-0
297,"[[13581 11505]
 [   13 24901]]","(array([0.        , 0.45862234, 1.        ]), array([0.        , 0.99947821, 1.        ]), array([2, 1, 0]))",0.999478205025287,0.6077974421689898,0.76964,0.6839806625281547,0.7704279329359871,7.956536517700312,0.8121656881930854,0.7300718901359228,glm,s-1-1-0,s-2-3-1
298,"[[ 67149  57825]
 [    84 124942]]","(array([0.        , 0.46269624, 1.        ]), array([0.        , 0.99932814, 1.        ]), array([2, 1, 0]))",0.9993281397469327,0.6051267500404615,0.768364,0.6836135626234495,0.7683159494644213,8.000608955897135,0.8118573196921307,0.7297212689260759,glm,s-1-1-0,s-2-3-2
299,"[[134180 115629]
 [   127 250064]]","(array([0.        , 0.46286963, 1.        ]), array([0.        , 0.99949239, 1.        ]), array([2, 1, 0]))",0.9994923878157088,0.6053427132494871,0.768488,0.6838085497944998,0.768311377708278,7.996326114041074,0.8120490222184696,0.7299165247585615,glm,s-1-1-0,s-2-3-3
300,"[[ 66864  58098]
 [    69 124969]]","(array([0.        , 0.46492534, 1.        ]), array([0.        , 0.99944817, 1.        ]), array([2, 1, 0]))",0.9994481677570018,0.6036025622051127,0.767332,0.6826407817902735,0.767261415227231,8.036253846297079,0.8112104639652067,0.7288471094335045,glm,s-1-1-0,s-2-4-0
301,"[[13467 11508]
 [   22 25003]]","(array([0.        , 0.46078078, 1.        ]), array([0.        , 0.99912088, 1.        ]), array([2, 1, 0]))",0.9991208791208791,0.6064496918207883,0.7694,0.6848073183424174,0.7691700491700493,7.9648258720109375,0.812630005200208,0.7307869923831904,glm,s-1-1-0,s-2-4-1
302,"[[ 67244  57816]
 [    66 124874]]","(array([0.        , 0.46230609, 1.        ]), array([0.        , 0.99947175, 1.        ]), array([2, 1, 0]))",0.9994717464382904,0.6055095758300401,0.768472,0.6835294761618042,0.7685828266814834,7.996878739260977,0.8118453986932355,0.7296599275447003,glm,s-1-1-0,s-2-4-2
303,"[[134421 115221]
 [   124 250234]]","(array([0.        , 0.46154493, 1.        ]), array([0.        , 0.99950471, 1.        ]), array([2, 1, 0]))",0.9995047092563449,0.6065109312570904,0.76931,0.6847190488569044,0.7689798884566148,7.967934587372956,0.8126947628582054,0.730747620866522,glm,s-1-1-0,s-2-4-3
304,"[[102937  88933]
 [    33  58097]]","(array([0.        , 0.46350654, 1.        ]), array([0.        , 0.99943231, 1.        ]), array([2, 1, 0]))",0.9994323068983313,0.4599917065788526,0.644136,0.3951370468611848,0.7679628830056362,12.291391565391535,0.5663579645155,0.44949323017408116,glm,s-1-1-0,s-3-1-0
305,"[[20829 18809]
 [    2 10360]]","(array([0.       , 0.4745194, 1.       ]), array([0.        , 0.99980699, 1.        ]), array([2, 1, 0]))",0.9998069870681335,0.43187589894254624,0.62378,0.35517158627309814,0.762643793246464,12.994479247854587,0.5241456072449471,0.4077520112092444,glm,s-1-1-0,s-3-1-1
306,"[[103539  88569]
 [    27  57865]]","(array([0.        , 0.46103754, 1.        ]), array([0.        , 0.99953361, 1.        ]), array([2, 1, 0]))",0.9995336143163132,0.46114231790365967,0.645616,0.3951609598863652,0.7692480364666705,12.240273012113207,0.5663987940839639,0.4495220841852748,glm,s-1-1-0,s-3-1-2
307,"[[177921 155284]
 [    29 166766]]","(array([0.        , 0.46603142, 1.        ]), array([0.        , 0.99982613, 1.        ]), array([2, 1, 0]))",0.9998261338769148,0.5256672103250811,0.689374,0.5178264244682502,0.7668973558897038,10.728890285820226,0.6822857961112418,0.5730810071512273,glm,s-1-1-0,s-3-1-3
308,"[[103065  88591]
 [    27  58317]]","(array([0.        , 0.46223964, 1.        ]), array([0.        , 0.99953723, 1.        ]), array([2, 1, 0]))",0.9995372274784039,0.4616778054625164,0.645528,0.39696272497073,0.7686487948971099,12.243312494800534,0.5682478124451893,0.4513867388262102,glm,s-1-1-0,s-3-2-0
309,"[[21268 18387]
 [    6 10339]]","(array([0.        , 0.46367419, 1.        ]), array([0.        , 0.99942001, 1.        ]), array([2, 1, 0]))",0.9994200096665056,0.4389457618872428,0.63214,0.35991784446146347,0.7678729098893617,12.705728328590824,0.5292416370197844,0.41273782625010974,glm,s-1-1-0,s-3-2-1
310,"[[102667  89100]
 [    29  58204]]","(array([0.        , 0.46462634, 1.        ]), array([0.      , 0.999502, 1.      ]), array([2, 1, 0]))",0.9995020005838614,0.459557986710979,0.643484,0.39512844186172813,0.7674378285783409,12.313911381732101,0.5663603146878665,0.4494871410721154,glm,s-1-1-0,s-3-2-2
311,"[[179032 154200]
 [    81 166687]]","(array([0.        , 0.46274067, 1.        ]), array([0.       , 0.9995143, 1.       ]), array([2, 1, 0]))",0.9995142953084525,0.5278144312757657,0.691438,0.5194570051139498,0.7683868110719052,10.657600517813902,0.6836267443171915,0.5746575229122481,glm,s-1-1-0,s-3-2-3
312,"[[ 75141  64420]
 [    57 110382]]","(array([0.        , 0.46159027, 1.        ]), array([0.        , 0.99948388, 1.        ]), array([2, 1, 0]))",0.9994838779778883,0.5824562461488663,0.742092,0.6314687474971682,0.768946802811932,8.908032782724439,0.7739560582104256,0.6816674427250394,glm,s-1-1-0,s-3-3-0
313,"[[13716 11884]
 [    9 24391]]","(array([0.        , 0.46421875, 1.        ]), array([0.        , 0.99963115, 1.        ]), array([2, 1, 0]))",0.9996311475409836,0.5997129567269934,0.76214,0.6723914541695383,0.7677061987704918,8.215583401610663,0.8039884631231973,0.7194985250737462,glm,s-1-1-0,s-3-3-1
314,"[[ 75462  64126]
 [    51 110361]]","(array([0.        , 0.45939479, 1.        ]), array([0.        , 0.99953809, 1.        ]), array([2, 1, 0]))",0.999538093685469,0.5841828145323059,0.743292,0.6324883802231684,0.7700716516511708,8.866585310723964,0.7747377140670904,0.6826228413083278,glm,s-1-1-0,s-3-3-2
315,"[[179279 153623]
 [    80 167018]]","(array([0.        , 0.46146614, 1.        ]), array([0.        , 0.99952124, 1.        ]), array([2, 1, 0]))",0.9995212390333816,0.5291751818506719,0.692594,0.5208878465324147,0.7690275509259343,10.617672769565951,0.6848662911926255,0.5760584191349432,glm,s-1-1-0,s-3-3-3
316,"[[ 75062  64268]
 [    49 110621]]","(array([0.        , 0.46126462, 1.        ]), array([0.        , 0.99955724, 1.        ]), array([2, 1, 0]))",0.9995572422517394,0.5832069340208487,0.742732,0.6325211991606104,0.7691463093480759,8.885927479676456,0.7747680864549884,0.6826552097809747,glm,s-1-1-0,s-3-4-0
317,"[[13703 11875]
 [   12 24410]]","(array([0.        , 0.46426617, 1.        ]), array([0.        , 0.99950864, 1.        ]), array([2, 1, 0]))",0.9995086397510441,0.5996709411737738,0.76226,0.672729778145239,0.7676212367572173,8.211438604515736,0.8041906205215215,0.7197957089442211,glm,s-1-1-0,s-3-4-1
318,"[[ 74983  64665]
 [    52 110300]]","(array([0.        , 0.46305712, 1.        ]), array([0.        , 0.99952878, 1.        ]), array([2, 1, 0]))",0.9995287806292591,0.5812282566836812,0.741132,0.6304117966450433,0.7682358327985893,8.941190791669033,0.7731750999765173,0.6806860426653766,glm,s-1-1-0,s-3-4-2
319,"[[178240 154710]
 [    83 166967]]","(array([0.        , 0.46466436, 1.        ]), array([0.        , 0.99950314, 1.        ]), array([2, 1, 0]))",0.9995031427716252,0.5266498347308923,0.690414,0.5190517195820652,0.7674193893765019,10.692969040431668,0.6832730747431592,0.5742599524817747,glm,s-1-1-0,s-3-4-3
320,"[[166282  19715]
 [ 55151   8852]]","(array([0.        , 0.10599633, 1.        ]), array([0.        , 0.13830602, 1.        ]), array([2, 1, 0]))",0.13830601690545755,0.04432332694010291,0.700536,0.3098680295445794,0.5161548418156325,10.343183190578879,0.19124986496705196,0.2482736956655878,glm,s-3-3-0,s-0-1-0
321,"[[34343  4128]
 [ 9988  1541]]","(array([0.       , 0.1073016, 1.       ]), array([0.        , 0.13366294, 1.        ]), array([2, 1, 0]))",0.13366293694162545,0.03502054772480753,0.71768,0.27182924678073733,0.5131806665680807,9.751053366575022,0.17920688452145594,0.22525946499049845,glm,s-3-3-0,s-0-1-1
322,"[[166591  19627]
 [ 55034   8748]]","(array([0.        , 0.10539797, 1.        ]), array([0.        , 0.13715468, 1.        ]), array([2, 1, 0]))",0.13715468313944373,0.04364334927804278,0.701356,0.3082995594713656,0.5158783543611813,10.314861112476757,0.18984993001074252,0.2467255558939994,glm,s-3-3-0,s-0-1-2
323,"[[290561  34594]
 [150319  24526]]","(array([0.        , 0.10639234, 1.        ]), array([0.        , 0.14027281, 1.        ]), array([2, 1, 0]))",0.14027281306299866,0.05003730754390372,0.630174,0.41485115020297697,0.5169402385500751,12.773392841571235,0.20965529032120186,0.2981340788913876,glm,s-3-3-0,s-0-1-3
324,"[[166248  19646]
 [ 55222   8884]]","(array([0.        , 0.10568388, 1.        ]), array([0.        , 0.13858297, 1.        ]), array([2, 1, 0]))",0.13858297195270333,0.045181177037272764,0.700528,0.311391517700666,0.5164495437942479,10.343459280101145,0.19180448205881082,0.24923411847878535,glm,s-3-3-0,s-0-2-0
325,"[[34495  4060]
 [ 9915  1530]]","(array([0.        , 0.10530411, 1.        ]), array([0.        , 0.13368283, 1.        ]), array([2, 1, 0]))",0.13368283093053734,0.03783508931658996,0.7205,0.2737030411449016,0.5141893599601461,9.653652929688867,0.17963017317287935,0.22629788492826505,glm,s-3-3-0,s-0-2-1
326,"[[166410  19499]
 [ 55242   8849]]","(array([0.        , 0.10488465, 1.        ]), array([0.        , 0.13806931, 1.        ]), array([2, 1, 0]))",0.13806930770310963,0.04569714443621462,0.701036,0.3121560603922675,0.5165923299188782,10.325913111529244,0.19145598719155332,0.24929148143765878,glm,s-3-3-0,s-0-2-2
327,"[[290561  34594]
 [150319  24526]]","(array([0.        , 0.10639234, 1.        ]), array([0.        , 0.14027281, 1.        ]), array([2, 1, 0]))",0.14027281306299866,0.05003730754390372,0.630174,0.41485115020297697,0.5169402385500751,12.773392841571239,0.20965529032120186,0.2981340788913876,glm,s-3-3-0,s-0-2-3
328,"[[123080  14776]
 [ 96573  15571]]","(array([0.        , 0.10718431, 1.        ]), array([0.        , 0.13884827, 1.        ]), array([2, 1, 0]))",0.13884826651448137,0.04822137725029493,0.554604,0.5130984940850826,0.515831979125393,15.383480110594153,0.21855415429746441,0.3333804360858469,glm,s-3-3-0,s-0-3-0
329,"[[22754  2637]
 [21140  3469]]","(array([0.       , 0.1038557, 1.       ]), array([0.        , 0.14096469, 1.        ]), array([2, 1, 0]))",0.1409646877158763,0.05666110633128354,0.52446,0.5681297084834589,0.5185544954076999,16.424611897604294,0.2258831189972326,0.35374135786103234,glm,s-3-3-0,s-0-3-1
330,"[[123308  14719]
 [ 96200  15773]]","(array([0.        , 0.10663856, 1.        ]), array([0.        , 0.14086432, 1.        ]), array([2, 1, 0]))",0.14086431550463058,0.05200841769135157,0.556324,0.5172832218286764,0.5171128796400619,15.324073232886686,0.2214298248692661,0.3371149135893238,glm,s-3-3-0,s-0-3-2
331,"[[290561  34594]
 [150319  24526]]","(array([0.        , 0.10639234, 1.        ]), array([0.        , 0.14027281, 1.        ]), array([2, 1, 0]))",0.14027281306299866,0.05003730754390372,0.630174,0.41485115020297697,0.5169402385500751,12.77339284157124,0.20965529032120186,0.2981340788913876,glm,s-3-3-0,s-0-3-3
332,"[[122912  14905]
 [ 96596  15587]]","(array([0.        , 0.10815066, 1.        ]), array([0.        , 0.13894262, 1.        ]), array([2, 1, 0]))",0.13894262053965395,0.04679873136204748,0.553996,0.5111832611832612,0.5153959784892774,15.404480099234533,0.21849658314350792,0.33284077368877346,glm,s-3-3-0,s-0-4-0
333,"[[22660  2684]
 [21143  3513]]","(array([0.        , 0.10590278, 1.        ]), array([0.        , 0.14248053, 1.        ]), array([2, 1, 0]))",0.1424805321219987,0.05549747875249443,0.52346,0.5668872034855575,0.5182888771721105,16.45915142562079,0.2277250186367614,0.3552503842731171,glm,s-3-3-0,s-0-4-1
334,"[[123141  14672]
 [ 96472  15715]]","(array([0.        , 0.10646311, 1.        ]), array([0.        , 0.14007862, 1.        ]), array([2, 1, 0]))",0.14007861873479102,0.05116620045693547,0.555424,0.5171619442524764,0.5168077564660002,15.355157981317799,0.22044692580694938,0.3361713051104884,glm,s-3-3-0,s-0-4-2
335,"[[290561  34594]
 [150319  24526]]","(array([0.        , 0.10639234, 1.        ]), array([0.        , 0.14027281, 1.        ]), array([2, 1, 0]))",0.14027281306299866,0.05003730754390372,0.630174,0.41485115020297697,0.5169402385500751,12.77339284157124,0.20965529032120186,0.2981340788913876,glm,s-3-3-0,s-0-4-3
336,"[[  7499   1314]
 [125570 115617]]","(array([0.        , 0.14909792, 1.        ]), array([0.        , 0.47936663, 1.        ]), array([2, 1, 0]))",0.47936663252994566,0.1220683244014501,0.492464,0.9887626035867306,0.6651343545039381,17.529676619051482,0.6456922020116275,0.8154549724859679,glm,s-3-3-0,s-1-1-0
337,"[[ 1128   208]
 [25593 23071]]","(array([0.        , 0.15568862, 1.        ]), array([0.        , 0.47408762, 1.        ]), array([2, 1, 0]))",0.47408762123952,0.1029367163157343,0.48398,0.9910649082864385,0.6591994992425144,17.82270272162712,0.6413688614597668,0.8136196924813089,glm,s-3-3-0,s-1-1-1
338,"[[  7640   1309]
 [125446 115605]]","(array([0.        , 0.14627333, 1.        ]), array([0.        , 0.47958731, 1.        ]), array([2, 1, 0]))",0.47958730725033294,0.12410686555973466,0.49298,0.9888037360795114,0.6666569903108297,17.511854594439754,0.6459011355858812,0.8156050384714698,glm,s-3-3-0,s-1-1-2
339,"[[ 59404  11105]
 [168416 261075]]","(array([0.        , 0.15749762, 1.        ]), array([0.        , 0.60787071, 1.        ]), array([2, 1, 0]))",0.6078707120754567,0.3147369369341684,0.640958,0.9591997942538026,0.7251865438293578,12.400889113440444,0.7441521738820616,0.8598113173992283,glm,s-3-3-0,s-1-1-3
340,"[[  7558   1355]
 [124938 116149]]","(array([0.        , 0.15202513, 1.        ]), array([0.        , 0.48177214, 1.        ]), array([2, 1, 0]))",0.4817721403476753,0.12250448950510556,0.494828,0.9884684776688453,0.664873504258882,17.448027082787885,0.647807669461866,0.8166819715287377,glm,s-3-3-0,s-1-2-0
341,"[[ 1165   220]
 [25230 23385]]","(array([0.        , 0.15884477, 1.        ]), array([0.        , 0.48102438, 1.        ]), array([2, 1, 0]))",0.4810243751928417,0.10591201909359312,0.491,0.9906799406905317,0.6610898049249407,17.580240703238232,0.6476045416782055,0.8174572657041983,glm,s-3-3-0,s-1-2-1
342,"[[  7501   1320]
 [125626 115553]]","(array([0.       , 0.1496429, 1.       ]), array([0.        , 0.47911717, 1.        ]), array([2, 1, 0]))",0.4791171702345561,0.12183161331468606,0.492216,0.9887056890813105,0.664737136301951,17.538242254787757,0.6454537329773329,0.8152795867193663,glm,s-3-3-0,s-1-2-2
343,"[[ 59021  11490]
 [195754 233735]]","(array([0.       , 0.1629533, 1.       ]), array([0.       , 0.5442165, 1.       ]), array([2, 1, 0]))",0.5442164991420037,0.26544134712104056,0.585512,0.953145070853298,0.6906316005375177,14.315926725122685,0.6928417077458005,0.8286189129382036,glm,s-3-3-0,s-1-2-3
344,"[[ 38556  29444]
 [ 51529 130471]]","(array([0.   , 0.433, 1.   ]), array([0.        , 0.71687363, 1.        ]), array([2, 1, 0]))",0.7168736263736264,0.2631142401684311,0.676108,0.8158771847544007,0.6419368131868132,11.18692753748735,0.7631779828319905,0.7939476182362535,glm,s-3-3-0,s-1-3-0
345,"[[ 8781 14259]
 [ 2437 24523]]","(array([0.        , 0.61888021, 1.        ]), array([0.        , 0.90960682, 1.        ]), array([2, 1, 0]))",0.909606824925816,0.34738667558078545,0.66608,0.6323294311794131,0.6453633082962413,11.533416242983716,0.7460375406893615,0.6733831993321909,glm,s-3-3-0,s-1-3-1
346,"[[ 38559  29490]
 [ 50986 130965]]","(array([0.        , 0.43336419, 1.        ]), array([0.       , 0.7197817, 1.       ]), array([2, 1, 0]))",0.7197816994685382,0.2658828700780227,0.678096,0.8162101523791717,0.6432087530098499,11.118264597140195,0.7649690718036483,0.7949114499053742,glm,s-3-3-0,s-1-3-2
347,"[[ 59246  11119]
 [195639 233996]]","(array([0.       , 0.1580189, 1.       ]), array([0.        , 0.54463905, 1.        ]), array([2, 1, 0]))",0.5446390540807895,0.2689401094645107,0.586484,0.9546376190767599,0.6933100763191554,14.282354441165536,0.6935783623564284,0.8297171467170652,glm,s-3-3-0,s-1-3-3
348,"[[ 38361  29350]
 [ 50811 131478]]","(array([0.        , 0.43345985, 1.        ]), array([0.        , 0.72126129, 1.        ]), array([2, 1, 0]))",0.721261293879499,0.26699782718806514,0.679356,0.8175069017832716,0.6439007212260546,11.074745291108046,0.7663741522571018,0.7962563029841291,glm,s-3-3-0,s-1-4-0
349,"[[ 8950 14181]
 [ 2303 24566]]","(array([0.        , 0.61307336, 1.        ]), array([0.        , 0.91428784, 1.        ]), array([2, 1, 0]))",0.9142878410063642,0.35962145616214053,0.67032,0.6340103749967739,0.6506072381288792,11.386970583697305,0.7487807851743478,0.6754207976596996,glm,s-3-3-0,s-1-4-1
350,"[[ 38801  29296]
 [ 51337 130566]]","(array([0.        , 0.43020985, 1.        ]), array([0.        , 0.71777816, 1.        ]), array([2, 1, 0]))",0.7177781564899974,0.2666234624880141,0.677468,0.8167419399231838,0.6437841543863853,11.139954328228594,0.7640688777376269,0.7948246243079999,glm,s-3-3-0,s-1-4-2
351,"[[ 59707  10792]
 [167444 262057]]","(array([0.        , 0.15308019, 1.        ]), array([0.        , 0.61014293, 1.        ]), array([2, 1, 0]))",0.6101429333109818,0.3194705904982516,0.643528,0.960446987161397,0.7285313738882176,12.312123957557537,0.7462290880615078,0.8615211944004098,glm,s-3-3-0,s-1-4-3
352,"[[ 89045  36284]
 [ 16854 107817]]","(array([0.        , 0.28951001, 1.        ]), array([0.        , 0.86481219, 1.        ]), array([2, 1, 0]))",0.8648121856726905,0.5821368594008535,0.787448,0.7482043844248132,0.7876510880090507,7.341402050663684,0.8022933936570773,0.7689405555753663,glm,s-3-3-0,s-2-1-0
353,"[[17923  7168]
 [ 3420 21489]]","(array([0.        , 0.28568012, 1.        ]), array([0.        , 0.86270023, 1.        ]), array([2, 1, 0]))",0.8627002288329519,0.5832906066455257,0.78824,0.7498691419199498,0.7885100522427883,7.314045919673879,0.8023373035134226,0.7700108215025405,glm,s-3-3-0,s-2-1-1
354,"[[ 89179  35621]
 [ 16585 108615]]","(array([0.        , 0.28542468, 1.        ]), array([0.        , 0.86753195, 1.        ]), array([2, 1, 0]))",0.8675319488817891,0.5891239941100348,0.791176,0.7530366898693808,0.7910536346973047,7.212639371731073,0.806239700708146,0.7734524541974297,glm,s-3-3-0,s-2-1-2
355,"[[178192  72041]
 [ 31934 217833]]","(array([0.        , 0.28789568, 1.        ]), array([0.        , 0.87214484, 1.        ]), array([2, 1, 0]))",0.8721448389899387,0.5918251089125101,0.79205,0.7514747786969511,0.7921245788824202,7.182453758918614,0.8073256109154049,0.7728614176346076,glm,s-3-3-0,s-2-1-3
356,"[[ 88595  35892]
 [ 16368 109145]]","(array([0.        , 0.28831926, 1.        ]), array([0.       , 0.8695912, 1.       ]), array([2, 1, 0]))",0.8695911977245385,0.5888818773615038,0.79096,0.7525321124954322,0.7906359677361275,7.220100614195986,0.8068379227499537,0.7733529272554386,glm,s-3-3-0,s-2-2-0
357,"[[17589  7570]
 [ 3002 21839]]","(array([0.        , 0.30088636, 1.        ]), array([0.       , 0.8791514, 1.       ]), array([2, 1, 0]))",0.8791514029225876,0.5874613706285209,0.78856,0.7425958040055766,0.7891325200947847,7.302999939990847,0.8051244239631337,0.7664044021140254,glm,s-3-3-0,s-2-2-1
358,"[[ 89290  35987]
 [ 16686 108037]]","(array([0.        , 0.28725943, 1.        ]), array([0.        , 0.86621553, 1.        ]), array([2, 1, 0]))",0.8662155336225075,0.5857784429176858,0.789308,0.7501319224573683,0.7894780502631245,7.277158976647403,0.8040052540121377,0.7707910316358433,glm,s-3-3-0,s-2-2-2
359,"[[178354  72028]
 [ 33547 216071]]","(array([0.        , 0.28767244, 1.        ]), array([0.        , 0.86560665, 1.        ]), array([2, 1, 0]))",0.8656066469565497,0.5847638626342497,0.78885,0.7499887191555681,0.7889671052197739,7.292977822592795,0.8036606616491574,0.7705736176671562,glm,s-3-3-0,s-2-2-3
360,"[[ 89067  35731]
 [ 16973 108229]]","(array([0.        , 0.28631068, 1.        ]), array([0.        , 0.86443507, 1.        ]), array([2, 1, 0]))",0.8644350729221578,0.5848910325903931,0.789184,0.7517991108641289,0.7890621974332099,7.281440966132602,0.8041922708257482,0.7719152347505569,glm,s-3-3-0,s-2-3-0
361,"[[17940  7146]
 [ 3185 21729]]","(array([0.        , 0.28486008, 1.        ]), array([0.        , 0.87216023, 1.        ]), array([2, 1, 0]))",0.8721602311953118,0.5944812964809512,0.79338,0.7525194805194805,0.7936500749375267,7.136516257181169,0.8079347078398927,0.7737476320025068,glm,s-3-3-0,s-2-3-1
362,"[[ 88853  36121]
 [ 16722 108304]]","(array([0.        , 0.28902812, 1.        ]), array([0.        , 0.86625182, 1.        ]), array([2, 1, 0]))",0.8662518196215188,0.5843222530718644,0.788628,0.7498978708672321,0.7886118508865031,7.3006457731801655,0.8038864209076976,0.7705990670616998,glm,s-3-3-0,s-2-3-2
363,"[[178233  71576]
 [ 31797 218394]]","(array([0.       , 0.2865229, 1.       ]), array([0.       , 0.8729091, 1.       ]), array([2, 1, 0]))",0.8729090974495486,0.5940273185112493,0.793254,0.7531606717936338,0.7931930969756379,7.140868328513533,0.8086255764485034,0.7744078135072632,glm,s-3-3-0,s-2-3-3
364,"[[ 88928  36034]
 [ 15832 109206]]","(array([0.        , 0.28835966, 1.        ]), array([0.        , 0.87338249, 1.        ]), array([2, 1, 0]))",0.8733824917225164,0.5928460663748631,0.792536,0.7519003029468466,0.7925114151927349,7.165667956768948,0.8081012883031545,0.7734157887132825,glm,s-3-3-0,s-2-4-0
365,"[[17519  7456]
 [ 3100 21925]]","(array([0.        , 0.29853854, 1.        ]), array([0.        , 0.87612388, 1.        ]), array([2, 1, 0]))",0.8761238761238761,0.5866632251882786,0.78888,0.7462305571627923,0.7887926687926687,7.291945708462335,0.8059772819174356,0.7690338059193681,glm,s-3-3-0,s-2-4-1
366,"[[ 89363  35697]
 [ 15764 109176]]","(array([0.        , 0.28543899, 1.        ]), array([0.        , 0.87382744, 1.        ]), array([2, 1, 0]))",0.8738274371698416,0.5959684072655856,0.794156,0.7535979789194674,0.7941942239423492,7.109714061151856,0.8092716066312595,0.7749222068276285,glm,s-3-3-0,s-2-4-2
367,"[[178212  71430]
 [ 33706 216652]]","(array([0.        , 0.28612974, 1.        ]), array([0.        , 0.86536879, 1.        ]), array([2, 1, 0]))",0.8653687918900135,0.586077992897056,0.789728,0.7520497636089725,0.7896195270527531,7.2626518205995385,0.8047396181561548,0.7722754771916168,glm,s-3-3-0,s-2-4-3
368,"[[112534  79336]
 [  1990  56140]]","(array([0.       , 0.4134883, 1.       ]), array([0.        , 0.96576639, 1.        ]), array([2, 1, 0]))",0.9657663856872527,0.46825462294406256,0.674696,0.41439074079541766,0.7761390431589439,11.235855863816912,0.5799407043170149,0.4678068242799575,glm,s-3-3-0,s-3-1-0
369,"[[22000 17638]
 [  351 10011]]","(array([0.        , 0.44497704, 1.        ]), array([0.        , 0.96612623, 1.        ]), array([2, 1, 0]))",0.9661262304574406,0.42486556443243534,0.64022,0.3620745777424138,0.7605745941126196,12.426643037350441,0.5267422588198153,0.4138213264108202,glm,s-3-3-0,s-3-1-1
370,"[[112941  79167]
 [  2020  55872]]","(array([0.        , 0.41209632, 1.        ]), array([0.        , 0.96510744, 1.        ]), array([2, 1, 0]))",0.9651074414426863,0.4680702014501387,0.675252,0.4137471397151934,0.7765055603115737,11.216651763613479,0.5791915244310142,0.4671196960779068,glm,s-3-3-0,s-3-1-2
371,"[[199510 133695]
 [ 12678 154117]]","(array([0.        , 0.40123948, 1.        ]), array([0.        , 0.92399053, 1.        ]), array([2, 1, 0]))",0.9239905272939837,0.4986861700853727,0.707254,0.5354780203744111,0.7613755250476311,10.111302438861381,0.678022995686384,0.5846432931247311,glm,s-3-3-0,s-3-1-3
372,"[[112499  79157]
 [  2085  56259]]","(array([0.        , 0.41301603, 1.        ]), array([0.        , 0.96426368, 1.        ]), array([2, 1, 0]))",0.9642636774989716,0.46796037492246423,0.675032,0.4154531222307556,0.7756238243904259,11.224250262436463,0.5807080924855492,0.4688187490833455,glm,s-3-3-0,s-3-2-0
373,"[[22180 17475]
 [  374  9971]]","(array([0.        , 0.44067583, 1.        ]), array([0.        , 0.96384727, 1.        ]), array([2, 1, 0]))",0.9638472692121798,0.42589930853601377,0.64302,0.3632951978430372,0.761585720093418,12.329931856757069,0.5276917784657723,0.41501219522346805,glm,s-3-3-0,s-3-2-1
374,"[[107822  83945]
 [  2045  56188]]","(array([0.        , 0.43774476, 1.        ]), array([0.        , 0.96488245, 1.        ]), array([2, 1, 0]))",0.9648824549653976,0.4489435610197377,0.65604,0.40096194329672524,0.7635688458946258,11.880226017618593,0.5665083734107659,0.45403343757323056,glm,s-3-3-0,s-3-2-2
375,"[[199494 133738]
 [ 12662 154106]]","(array([0.        , 0.40133601, 1.        ]), array([0.        , 0.92407416, 1.        ]), array([2, 1, 0]))",0.9240741629089514,0.4986635934786501,0.7072,0.5353802754269674,0.7613690783815414,10.113167601552087,0.6779671456098828,0.5845567707321809,glm,s-3-3-0,s-3-2-3
376,"[[ 94244  45317]
 [  8950 101489]]","(array([0.        , 0.32471106, 1.        ]), array([0.        , 0.91895979, 1.        ]), array([2, 1, 0]))",0.9189597877561368,0.5993940185159476,0.782932,0.6913137065242565,0.7971243647546027,7.4974080559174485,0.7890454624968415,0.7273497376240391,glm,s-3-3-0,s-3-3-0
377,"[[17963  7637]
 [ 2819 21581]]","(array([0.        , 0.29832031, 1.        ]), array([0.        , 0.88446721, 1.        ]), array([2, 1, 0]))",0.8844672131147541,0.5945008174351815,0.79088,0.738620028749401,0.7930734503073771,7.22287105021521,0.804990861277929,0.7638102384053457,glm,s-3-3-0,s-3-3-1
378,"[[ 94389  45199]
 [  9163 101249]]","(array([0.        , 0.32380291, 1.        ]), array([0.        , 0.91701083, 1.        ]), array([2, 1, 0]))",0.917010832155925,0.5980233728569418,0.782552,0.6913648530536436,0.796603963231013,7.510532413537527,0.7883594175815619,0.7271503754646628,glm,s-3-3-0,s-3-3-2
379,"[[199991 132911]
 [ 12769 154329]]","(array([0.        , 0.39924963, 1.        ]), array([0.        , 0.92358377, 1.        ]), array([2, 1, 0]))",0.923583765215622,0.5002470210621242,0.70864,0.5372824119203453,0.7621670680978351,10.063430441009263,0.6793576588354924,0.5863305416630573,glm,s-3-3-0,s-3-3-3
380,"[[ 94010  45320]
 [  9364 101306]]","(array([0.        , 0.32527094, 1.        ]), array([0.        , 0.91538809, 1.        ]), array([2, 1, 0]))",0.915388090720159,0.5952019652607063,0.781264,0.6909142989647129,0.7950585756119994,7.55501874453933,0.787466575461725,0.7265474616092968,glm,s-3-3-0,s-3-4-0
381,"[[17414  8164]
 [ 2507 21915]]","(array([0.        , 0.31918055, 1.        ]), array([0.        , 0.89734665, 1.        ]), array([2, 1, 0]))",0.8973466546556383,0.5903224106754309,0.78658,0.7285814023072575,0.7890830544370537,7.37139621647024,0.8042054274233501,0.757057579902997,glm,s-3-3-0,s-3-4-1
382,"[[ 92609  47039]
 [  8723 101629]]","(array([0.        , 0.33683977, 1.        ]), array([0.        , 0.92095295, 1.        ]), array([2, 1, 0]))",0.9209529505582137,0.5907754164807919,0.776952,0.683597008098582,0.7920565909986303,7.703955446386113,0.7847193266929194,0.7207485135257807,glm,s-3-3-0,s-3-4-2
383,"[[199687 133263]
 [ 12628 154422]]","(array([0.        , 0.40024929, 1.        ]), array([0.        , 0.92440587, 1.        ]), array([2, 1, 0]))",0.9244058665070338,0.500178296859807,0.708218,0.5367745972157046,0.7620782899136762,10.078006367564509,0.6791735846152154,0.5859127782120065,glm,s-3-3-0,s-3-4-3
384,"[[166215  19782]
 [ 55078   8925]]","(array([0.        , 0.10635655, 1.        ]), array([0.        , 0.13944659, 1.        ]), array([2, 1, 0]))",0.1394465884411668,0.045297330623826904,0.70056,0.3108997805413314,0.5165450171515984,10.342354474237512,0.19253586452378382,0.2495372726205188,glm,s-3-4-0,s-0-1-0
385,"[[34333  4138]
 [ 9988  1541]]","(array([0.        , 0.10756154, 1.        ]), array([0.        , 0.13366294, 1.        ]), array([2, 1, 0]))",0.13366293694162545,0.034648592808808096,0.71748,0.2713505898925867,0.5130506985402156,9.75796128177349,0.17910274291027428,0.22499634983209224,glm,s-3-4-0,s-0-1-1
386,"[[166536  19682]
 [ 54965   8817]]","(array([0.        , 0.10569333, 1.        ]), array([0.        , 0.13823649, 1.        ]), array([2, 1, 0]))",0.13823649305446678,0.044639265410338615,0.701412,0.3093792764658409,0.5162715829393955,10.312927116910075,0.1910902569326297,0.2479778150277312,glm,s-3-4-0,s-0-1-2
387,"[[290441  34714]
 [150350  24495]]","(array([0.        , 0.10676139, 1.        ]), array([0.        , 0.14009551, 1.        ]), array([2, 1, 0]))",0.14009551316880667,0.04919836056615029,0.629872,0.4137039977030519,0.5166670612237293,12.78382374394589,0.2093106718962291,0.29749976316614074,glm,s-3-4-0,s-0-1-3
388,"[[166189  19705]
 [ 55176   8930]]","(array([0.        , 0.10600127, 1.        ]), array([0.        , 0.13930053, 1.        ]), array([2, 1, 0]))",0.13930053349140487,0.04565765353550236,0.700476,0.31185612013270475,0.5166496319753494,10.345255485178672,0.1925793338437153,0.24993562688221402,glm,s-3-4-0,s-0-2-0
389,"[[34485  4070]
 [ 9914  1531]]","(array([0.        , 0.10556348, 1.        ]), array([0.        , 0.13377021, 1.        ]), array([2, 1, 0]))",0.13377020532983835,0.03757348943444731,0.72032,0.2733440457061239,0.5141033622940204,9.659870069359439,0.1796315851226094,0.22615143726550269,glm,s-3-4-0,s-0-2-1
390,"[[166336  19573]
 [ 55187   8904]]","(array([0.        , 0.10528269, 1.        ]), array([0.        , 0.13892746, 1.        ]), array([2, 1, 0]))",0.13892746251423757,0.04623914245042851,0.70096,0.3126733855392071,0.5168223852222308,10.328538295216099,0.19237749546279492,0.25011376468407126,glm,s-3-4-0,s-0-2-2
391,"[[290441  34714]
 [150350  24495]]","(array([0.        , 0.10676139, 1.        ]), array([0.        , 0.14009551, 1.        ]), array([2, 1, 0]))",0.14009551316880667,0.04919836056615029,0.629872,0.4137039977030519,0.5166670612237293,12.783823743945879,0.2093106718962291,0.29749976316614074,glm,s-3-4-0,s-0-2-3
392,"[[123012  14844]
 [ 96598  15546]]","(array([0.        , 0.10767758, 1.        ]), array([0.        , 0.13862534, 1.        ]), array([2, 1, 0]))",0.13862533885004993,0.04710193009551375,0.554232,0.5115498519249754,0.5154738811241892,15.396328752903559,0.21813742685955634,0.33260021223427927,glm,s-3-4-0,s-0-3-0
393,"[[22738  2653]
 [21146  3463]]","(array([0.        , 0.10448584, 1.        ]), array([0.        , 0.14072087, 1.        ]), array([2, 1, 0]))",0.14072087447681741,0.05528772323499434,0.52402,0.56621975147155,0.5181175165184686,16.43980921508923,0.22541903986981285,0.3528416848368757,glm,s-3-4-0,s-0-3-1
394,"[[123243  14784]
 [ 96235  15738]]","(array([0.        , 0.10710948, 1.        ]), array([0.        , 0.14055174, 1.        ]), array([2, 1, 0]))",0.1405517401516437,0.05079632928305338,0.555924,0.515628071554944,0.516721130785683,15.337888951339988,0.22089196112144285,0.33619441085870777,glm,s-3-4-0,s-0-3-2
395,"[[290441  34714]
 [150350  24495]]","(array([0.        , 0.10676139, 1.        ]), array([0.        , 0.14009551, 1.        ]), array([2, 1, 0]))",0.14009551316880667,0.04919836056615029,0.629872,0.4137039977030519,0.5166670612237293,12.783823743945884,0.2093106718962291,0.29749976316614074,glm,s-3-4-0,s-0-3-3
396,"[[122839  14978]
 [ 96625  15558]]","(array([0.        , 0.10868035, 1.        ]), array([0.        , 0.13868411, 1.        ]), array([2, 1, 0]))",0.1386841143488764,0.045572507653002726,0.553588,0.5094969871626932,0.5150018814341449,15.418572153486103,0.2180228280747483,0.3319719878631144,glm,s-3-4-0,s-0-4-0
397,"[[22649  2695]
 [21155  3501]]","(array([0.        , 0.10633681, 1.        ]), array([0.        , 0.14199384, 1.        ]), array([2, 1, 0]))",0.14199383517196626,0.0541042601576147,0.523,0.5650419625564881,0.5178285148082054,16.475039438673885,0.22695449241540258,0.35406553398058255,glm,s-3-4-0,s-0-4-1
398,"[[123073  14740]
 [ 96502  15685]]","(array([0.        , 0.10695653, 1.        ]), array([0.        , 0.13981121, 1.        ]), array([2, 1, 0]))",0.13981120807223654,0.04998122124137728,0.555032,0.5155299917830731,0.5164273400116794,15.368697399155096,0.21996746416851318,0.3353114965774071,glm,s-3-4-0,s-0-4-2
399,"[[290441  34714]
 [150350  24495]]","(array([0.        , 0.10676139, 1.        ]), array([0.        , 0.14009551, 1.        ]), array([2, 1, 0]))",0.14009551316880667,0.04919836056615029,0.629872,0.4137039977030519,0.5166670612237293,12.783823743945884,0.2093106718962291,0.29749976316614074,glm,s-3-4-0,s-0-4-3
400,"[[  7499   1314]
 [124789 116398]]","(array([0.        , 0.14909792, 1.        ]), array([0.        , 0.48260478, 1.        ]), array([2, 1, 0]))",0.48260478383992506,0.12321767507862683,0.495588,0.9888371618866386,0.6667534301589277,17.42177748159378,0.6486393107810275,0.8173615061057392,glm,s-3-4-0,s-1-1-0
401,"[[ 1128   208]
 [25134 23530]]","(array([0.        , 0.15568862, 1.        ]), array([0.        , 0.48351964, 1.        ]), array([2, 1, 0]))",0.48351964491204996,0.10586958662735683,0.49316,0.9912376779846659,0.6639155110787794,17.505636754321838,0.6499820446948978,0.819198418003565,glm,s-3-4-0,s-1-1-1
402,"[[  7640   1309]
 [124651 116400]]","(array([0.        , 0.14627333, 1.        ]), array([0.        , 0.48288536, 1.        ]), array([2, 1, 0]))",0.4828853645079257,0.12528566460677562,0.49616,0.9888793550195822,0.668306018939626,17.40202128550395,0.6489017727728844,0.8175454812350837,glm,s-3-4-0,s-1-1-2
403,"[[ 59792  10717]
 [198791 230700]]","(array([0.        , 0.15199478, 1.        ]), array([0.        , 0.53714746, 1.        ]), array([2, 1, 0]))",0.5371474605987087,0.2682553092087992,0.580984,0.9556079315044094,0.6925763398952924,14.472317068461221,0.6877246954873096,0.8267874844372577,glm,s-3-4-0,s-1-1-3
404,"[[  7558   1355]
 [124201 116886]]","(array([0.        , 0.15202513, 1.        ]), array([0.        , 0.48482913, 1.        ]), array([2, 1, 0]))",0.4848291280740977,0.12359849716396948,0.497776,0.9885403540227163,0.6664019981220931,17.346206769975694,0.6505810846914241,0.8184709495540233,glm,s-3-4-0,s-1-2-0
405,"[[ 1165   220]
 [25077 23538]]","(array([0.        , 0.15884477, 1.        ]), array([0.        , 0.48417155, 1.        ]), array([2, 1, 0]))",0.4841715519901265,0.10691199920162736,0.49406,0.9907399612762017,0.662663393323583,17.474552047469803,0.6504635706686195,0.8193000898034766,glm,s-3-4-0,s-1-2-1
406,"[[  7501   1320]
 [124885 116294]]","(array([0.       , 0.1496429, 1.       ]), array([0.        , 0.48218958, 1.        ]), array([2, 1, 0]))",0.4821895770361433,0.12292231517531055,0.49518,0.9887768462938086,0.6662733397027446,17.43586932155324,0.6482512200628218,0.8170902218131486,glm,s-3-4-0,s-1-2-2
407,"[[ 59372  11139]
 [198373 231116]]","(array([0.        , 0.15797535, 1.        ]), array([0.        , 0.53811855, 1.        ]), array([2, 1, 0]))",0.5381185548407527,0.26474038160663566,0.580976,0.9540195248808074,0.6900716017385677,14.472594053532601,0.6881073742378049,0.8262942891322116,glm,s-3-4-0,s-1-2-3
408,"[[ 41959  26041]
 [ 55007 126993]]","(array([0.        , 0.38295588, 1.        ]), array([0.        , 0.69776374, 1.        ]), array([2, 1, 0]))",0.6977637362637362,0.2874961304919601,0.675808,0.8298352000209104,0.6574039269553975,11.197278286285602,0.7580902236787909,0.7995670766720057,glm,s-3-4-0,s-1-3-0
409,"[[ 8811 14229]
 [ 2516 24444]]","(array([0.        , 0.61757812, 1.        ]), array([0.        , 0.90667656, 1.        ]), array([2, 1, 0]))",0.9066765578635014,0.3442591855452736,0.6651,0.6320688852687922,0.6445492164317508,11.567263764092273,0.7448691968979021,0.6728249620152821,glm,s-3-4-0,s-1-3-1
410,"[[ 42011  26038]
 [ 54355 127596]]","(array([0.        , 0.38263604, 1.        ]), array([0.        , 0.70126573, 1.        ]), array([2, 1, 0]))",0.7012657253876043,0.2913860420493082,0.678428,0.8305192860955257,0.6593148418558767,11.106786682535766,0.7604392329812119,0.8009923576907093,glm,s-3-4-0,s-1-3-2
411,"[[ 59611  10754]
 [198073 231562]]","(array([0.        , 0.15283166, 1.        ]), array([0.        , 0.53897378, 1.        ]), array([2, 1, 0]))",0.5389737800691284,0.2686832378815835,0.582346,0.9556199343006653,0.6930710583000371,14.425275314181548,0.689222874882246,0.8276580367846428,glm,s-3-4-0,s-1-3-3
412,"[[ 41735  25976]
 [ 54790 127499]]","(array([0.        , 0.38363043, 1.        ]), array([0.        , 0.69943332, 1.        ]), array([2, 1, 0]))",0.6994333174245292,0.28826188111831574,0.676936,0.8307476787750449,0.6579014440499498,11.158318338616812,0.7594560465088575,0.8006830036586792,glm,s-3-4-0,s-1-4-0
413,"[[ 8972 14159]
 [ 2401 24468]]","(array([0.        , 0.61212226, 1.        ]), array([0.        , 0.91064052, 1.        ]), array([2, 1, 0]))",0.9106405150917414,0.3550674333116634,0.6688,0.6334429285215005,0.6492591274607036,11.439469171994698,0.747160131916453,0.6745066904844607,glm,s-3-4-0,s-1-4-1
414,"[[ 42215  25882]
 [ 54686 127217]]","(array([0.        , 0.38007548, 1.        ]), array([0.        , 0.69936725, 1.        ]), array([2, 1, 0]))",0.6993672451801235,0.29175703126179053,0.677728,0.830945989196533,0.6596458823078173,11.130963327063409,0.7594999432839207,0.8008130439544805,glm,s-3-4-0,s-1-4-2
415,"[[ 59830  10669]
 [198304 231197]]","(array([0.        , 0.15133548, 1.        ]), array([0.        , 0.53829211, 1.        ]), array([2, 1, 0]))",0.538292111077739,0.2694795693922185,0.582054,0.955888797929432,0.6934783155709268,14.435360500957307,0.6887350733652384,0.8274974677246746,glm,s-3-4-0,s-1-4-3
416,"[[ 89129  36200]
 [ 17256 107415]]","(array([0.        , 0.28883977, 1.        ]), array([0.       , 0.8615877, 1.       ]), array([2, 1, 0]))",0.8615876988233029,0.5792045075808798,0.786176,0.7479371931901264,0.7863739625538612,7.385335105573275,0.8007499459531993,0.7682036699845952,glm,s-3-4-0,s-2-1-0
417,"[[17937  7154]
 [ 3528 21381]]","(array([0.        , 0.28512216, 1.        ]), array([0.        , 0.85836445, 1.        ]), array([2, 1, 0]))",0.8583644465855714,0.5790565385115102,0.78636,0.7492903451901174,0.786621145615531,7.37897859540903,0.8001272359853304,0.76882969312976,glm,s-3-4-0,s-2-1-1
418,"[[ 89247  35553]
 [ 17235 107965]]","(array([0.        , 0.28487981, 1.        ]), array([0.        , 0.86234026, 1.        ]), array([2, 1, 0]))",0.8623402555910543,0.5839026063881183,0.788848,0.7522749759612035,0.7887302239493732,7.293045425687924,0.8035561443595144,0.7719814321179741,glm,s-3-4-0,s-2-1-2
419,"[[178319  71914]
 [ 32801 216966]]","(array([0.        , 0.28738815, 1.        ]), array([0.       , 0.8686736, 1.       ]), array([2, 1, 0]))",0.8686736037987405,0.5884449576958399,0.79057,0.7510592633619496,0.7906427247792462,7.233570944885337,0.8055962439222719,0.7719633071393959,glm,s-3-4-0,s-2-1-3
420,"[[ 88654  35833]
 [ 16849 108664]]","(array([0.        , 0.28784532, 1.        ]), array([0.        , 0.86575893, 1.        ]), array([2, 1, 0]))",0.8657589253702803,0.5850694974359698,0.789272,0.7520156127808881,0.7889568040942834,7.278401880045604,0.804888707825636,0.7723087813663378,glm,s-3-4-0,s-2-2-0
421,"[[17905  7254]
 [ 3316 21525]]","(array([0.        , 0.28832625, 1.        ]), array([0.        , 0.86651101, 1.        ]), array([2, 1, 0]))",0.8665110100237511,0.5848939061722318,0.7886,0.7479412071301991,0.789092382471234,7.30161333547929,0.8028720626631853,0.7689861886150747,glm,s-3-4-0,s-2-2-1
422,"[[ 89350  35927]
 [ 17034 107689]]","(array([0.        , 0.28678049, 1.        ]), array([0.        , 0.86342535, 1.        ]), array([2, 1, 0]))",0.8634253505768784,0.5831466672482191,0.788156,0.7498398507130125,0.7883224280762614,7.3169474551509595,0.8026339816426237,0.7701015608127727,glm,s-3-4-0,s-2-2-2
423,"[[178469  71913]
 [ 34316 215302]]","(array([0.        , 0.28721314, 1.        ]), array([0.        , 0.86252594, 1.        ]), array([2, 1, 0]))",0.8625259396357634,0.5817943183597121,0.787542,0.7496196229305573,0.7876564006555618,7.338154358209932,0.8021190947650387,0.7697725670335894,glm,s-3-4-0,s-2-2-3
424,"[[ 89128  35670]
 [ 17359 107843]]","(array([0.        , 0.28582189, 1.        ]), array([0.        , 0.86135206, 1.        ]), array([2, 1, 0]))",0.8613520550789924,0.5819472508034743,0.787884,0.7514510880547407,0.7877650834538537,7.326341180344215,0.8026570902257038,0.7711289459910133,glm,s-3-4-0,s-2-3-0
425,"[[17951  7135]
 [ 3265 21649]]","(array([0.        , 0.28442159, 1.        ]), array([0.        , 0.86894919, 1.        ]), array([2, 1, 0]))",0.868949185197078,0.5913371061183671,0.792,0.7521192329071706,0.7922637977328768,7.184179592694711,0.8063242578866996,0.7729025348089967,glm,s-3-4-0,s-2-3-1
426,"[[ 88915  36059]
 [ 17084 107942]]","(array([0.        , 0.28853201, 1.        ]), array([0.        , 0.86335642, 1.        ]), array([2, 1, 0]))",0.8633564218642522,0.5815828155944305,0.787428,0.7495920167221061,0.7874122036026016,7.342092106553896,0.8024622063956407,0.7698814601372267,glm,s-3-4-0,s-2-3-2
427,"[[178367  71442]
 [ 32685 217506]]","(array([0.        , 0.28598649, 1.        ]), array([0.        , 0.86935981, 1.        ]), array([2, 1, 0]))",0.8693598091058431,0.5905842480008704,0.791746,0.7527513601063167,0.7916866577123353,7.192952589024945,0.8068642780433247,0.773501528823606,glm,s-3-4-0,s-2-3-3
428,"[[ 88984  35978]
 [ 16210 108828]]","(array([0.        , 0.28791153, 1.        ]), array([0.        , 0.87035941, 1.        ]), array([2, 1, 0]))",0.8703594107391353,0.5898998730509812,0.791248,0.7515434443324172,0.7912239428177519,7.21015372165577,0.806599368524036,0.7726385918876781,glm,s-3-4-0,s-2-4-0
429,"[[17850  7125]
 [ 3333 21692]]","(array([0.        , 0.28528529, 1.        ]), array([0.        , 0.86681319, 1.        ]), array([2, 1, 0]))",0.8668131868131869,0.5884265121073723,0.79084,0.7527501127806503,0.7907639507639508,7.224244413393323,0.8057650161583895,0.7730963055890173,glm,s-3-4-0,s-2-4-1
430,"[[ 89413  35647]
 [ 16172 108768]]","(array([0.        , 0.28503918, 1.        ]), array([0.        , 0.87056187, 1.        ]), array([2, 1, 0]))",0.8705618696974547,0.5927156941862357,0.792724,0.7531627601010975,0.7927613442522138,7.159173429029883,0.8076181990310185,0.7740392826643894,glm,s-3-4-0,s-2-4-2
431,"[[178371  71271]
 [ 34509 215849]]","(array([0.        , 0.28549283, 1.        ]), array([0.        , 0.86216138, 1.        ]), array([2, 1, 0]))",0.8621613848968277,0.5831317437687585,0.78844,0.7517727779325718,0.7883342795851938,7.3071375103242024,0.8031919446005231,0.7715296553282082,glm,s-3-4-0,s-2-4-3
432,"[[107575  84295]
 [  1938  56192]]","(array([0.        , 0.43933392, 1.        ]), array([0.        , 0.96666093, 1.        ]), array([2, 1, 0]))",0.9666609323929124,0.448986008224637,0.655068,0.3999800693302583,0.7636635041909317,11.913798827710847,0.565832733351123,0.45310428688003757,glm,s-3-4-0,s-3-1-0
433,"[[22002 17636]
 [  344 10018]]","(array([0.        , 0.44492659, 1.        ]), array([0.        , 0.96680178, 1.        ]), array([2, 1, 0]))",0.9668017757189732,0.4254665632234419,0.6404,0.36226224054386347,0.7609375950596481,12.42042602561546,0.5270412457912458,0.4140422225528608,glm,s-3-4-0,s-3-1-1
434,"[[108028  84080]
 [  1968  55924]]","(array([0.        , 0.43767048, 1.        ]), array([0.        , 0.96600567, 1.        ]), array([2, 1, 0]))",0.9660056657223796,0.4489860739850033,0.655808,0.3994457301219965,0.7641675943495192,11.888239445524821,0.5651857541334842,0.4525269133916376,glm,s-3-4-0,s-3-1-2
435,"[[199510 133695]
 [ 12608 154187]]","(array([0.        , 0.40123948, 1.        ]), array([0.       , 0.9244102, 1.       ]), array([2, 1, 0]))",0.92441020414281,0.49910817937481006,0.707394,0.5355909713007413,0.7615853634720442,10.106467010166094,0.6782265212447518,0.5847846089311951,glm,s-3-4-0,s-3-1-3
436,"[[107635  84021]
 [  2054  56290]]","(array([0.        , 0.43839483, 1.        ]), array([0.        , 0.96479501, 1.        ]), array([2, 1, 0]))",0.964795008912656,0.4486915987365977,0.6557,0.40118023533436437,0.7632000882522958,11.891969444670474,0.5667111323651557,0.45425347166181396,glm,s-3-4-0,s-3-2-0
437,"[[22183 17472]
 [  366  9979]]","(array([0.        , 0.44060018, 1.        ]), array([0.        , 0.96462059, 1.        ]), array([2, 1, 0]))",0.9646205896568391,0.4265988708504672,0.64324,0.36352045462824667,0.7620102065671661,12.322333277974343,0.5280452957984971,0.41527603225994386,glm,s-3-4-0,s-3-2-1
438,"[[107822  83945]
 [  2000  56233]]","(array([0.        , 0.43774476, 1.        ]), array([0.        , 0.96565521, 1.        ]), array([2, 1, 0]))",0.9656552126800955,0.44962160738185164,0.65622,0.4011542467434262,0.7639552247519747,11.874009037867502,0.5668334920946924,0.4542649185307257,glm,s-3-4-0,s-3-2-2
439,"[[199484 133748]
 [ 12566 154202]]","(array([0.        , 0.40136602, 1.        ]), array([0.        , 0.92464981, 1.        ]), array([2, 1, 0]))",0.9246498129137485,0.4992169449166719,0.707372,0.5355165827400591,0.7616418988225534,10.107226948004115,0.6782313433820523,0.5847328313746429,glm,s-3-4-0,s-3-2-3
440,"[[ 92524  47037]
 [  8747 101692]]","(array([0.        , 0.33703542, 1.        ]), array([0.        , 0.92079791, 1.        ]), array([2, 1, 0]))",0.9207979065366402,0.590526070245559,0.776864,0.6837402255108285,0.7918812441662071,7.7069948523120875,0.7847573774540068,0.720856873489236,glm,s-3-4-0,s-3-3-0
441,"[[18289  7311]
 [ 3069 21331]]","(array([0.        , 0.28558594, 1.        ]), array([0.        , 0.87422131, 1.        ]), array([2, 1, 0]))",0.8742213114754098,0.5948114115818561,0.7924,0.7447454786676908,0.7943176869877049,7.170366896719701,0.8043060216432262,0.767478844050429,glm,s-3-4-0,s-3-3-1
442,"[[ 94354  45234]
 [  8828 101584]]","(array([0.        , 0.32405364, 1.        ]), array([0.        , 0.92004492, 1.        ]), array([2, 1, 0]))",0.9200449226533348,0.6011466939425727,0.783752,0.6919042624201392,0.7979956395368288,7.469085993807275,0.7898301131283288,0.72800866868095,glm,s-3-4-0,s-3-3-2
443,"[[199994 132908]
 [ 12688 154410]]","(array([0.        , 0.39924062, 1.        ]), array([0.        , 0.92406851, 1.        ]), array([2, 1, 0]))",0.924068510694323,0.5007419215887168,0.708808,0.5374184701271761,0.7624139466677303,10.057627921777334,0.679597549382064,0.5864992365368399,glm,s-3-4-0,s-3-3-3
444,"[[ 93991  45339]
 [  9044 101626]]","(array([0.        , 0.32540731, 1.        ]), array([0.        , 0.91827957, 1.        ]), array([2, 1, 0]))",0.9182795698924732,0.5982725258460281,0.782468,0.691497975708502,0.7964361317487917,7.513434118529263,0.7889145496535797,0.727427597955707,glm,s-3-4-0,s-3-4-0
445,"[[18107  7471]
 [ 3111 21311]]","(array([0.        , 0.29208695, 1.        ]), array([0.        , 0.87261486, 1.        ]), array([2, 1, 0]))",0.8726148554581934,0.5871300368789546,0.78836,0.7404280453060941,0.790263952867888,7.309906112066917,0.8011051800616494,0.7635614475098531,glm,s-3-4-0,s-3-4-1
446,"[[ 92609  47039]
 [  8704 101648]]","(array([0.        , 0.33683977, 1.        ]), array([0.        , 0.92112513, 1.        ]), array([2, 1, 0]))",0.9211251268667536,0.5909672045729365,0.777028,0.6836374397223698,0.7921426791529002,7.701330499380101,0.7848084651345937,0.7208055594951069,glm,s-3-4-0,s-3-4-2
447,"[[199686 133264]
 [ 12547 154503]]","(array([0.        , 0.40025229, 1.        ]), array([0.        , 0.92489075, 1.        ]), array([2, 1, 0]))",0.9248907512720742,0.500663491750446,0.708378,0.5369031195376816,0.7623192305692102,10.072480164940517,0.6794073220657979,0.5860742361457777,glm,s-3-4-0,s-3-4-3
448,"[[165973  20024]
 [ 54997   9006]]","(array([0.        , 0.10765765, 1.        ]), array([0.        , 0.14071215, 1.        ]), array([2, 1, 0]))",0.14071215411777574,0.04502913461285845,0.699916,0.31023079572855666,0.5165272518627826,10.364598220246144,0.19360871948663377,0.24999583617861126,glm,s-2-1-0,s-0-1-0
449,"[[34291  4180]
 [ 9955  1574]]","(array([0.        , 0.10865327, 1.        ]), array([0.        , 0.13652528, 1.        ]), array([2, 1, 0]))",0.13652528406626768,0.03678823510558196,0.7173,0.2735488355926312,0.5139360063855032,9.764178933186415,0.18214430365098655,0.2278187870893038,glm,s-2-1-0,s-0-1-1
450,"[[166302  19916]
 [ 54885   8897]]","(array([0.        , 0.10694992, 1.        ]), array([0.        , 0.13949077, 1.        ]), array([2, 1, 0]))",0.1394907654197109,0.044423697502371046,0.700796,0.3087842293409225,0.5162704232537342,10.334203751592536,0.19217020357470704,0.24847235720589386,glm,s-2-1-0,s-0-1-2
451,"[[290012  35143]
 [150324  24521]]","(array([0.        , 0.10808076, 1.        ]), array([0.        , 0.14024422, 1.        ]), array([2, 1, 0]))",0.14024421630587092,0.047313626771055946,0.629066,0.4109848484848485,0.516081727411443,12.811662683774784,0.20912630218882858,0.2965047242932907,glm,s-2-1-0,s-0-1-3
452,"[[165962  19932]
 [ 55114   8992]]","(array([0.       , 0.1072224, 1.       ]), array([0.        , 0.14026768, 1.        ]), array([2, 1, 0]))",0.14026768165226344,0.04511194649973181,0.699816,0.310883695201217,0.5165226430467521,10.368051803633781,0.19331398473610664,0.2500528358972648,glm,s-2-1-0,s-0-2-0
453,"[[34429  4126]
 [ 9883  1562]]","(array([0.        , 0.10701595, 1.        ]), array([0.        , 0.13647881, 1.        ]), array([2, 1, 0]))",0.1364788117081695,0.03898366724331341,0.71982,0.27461322081575246,0.5147314302348395,9.677140353106017,0.18233817778556002,0.228382606661403,glm,s-2-1-0,s-0-2-1
454,"[[166120  19789]
 [ 55124   8967]]","(array([0.        , 0.10644455, 1.        ]), array([0.        , 0.13991044, 1.        ]), array([2, 1, 0]))",0.13991043984334775,0.04579848473917176,0.700348,0.31183057448880236,0.5167329445073583,10.349676717221964,0.1931564832466316,0.2503140440499121,glm,s-2-1-0,s-0-2-2
455,"[[290012  35143]
 [150324  24521]]","(array([0.        , 0.10808076, 1.        ]), array([0.        , 0.14024422, 1.        ]), array([2, 1, 0]))",0.14024421630587092,0.047313626771055946,0.629066,0.4109848484848485,0.516081727411443,12.811662683774777,0.20912630218882858,0.2965047242932907,glm,s-2-1-0,s-0-2-3
456,"[[122841  15015]
 [ 96582  15562]]","(array([0.      , 0.108918, 1.      ]), array([0.        , 0.13876801, 1.        ]), array([2, 1, 0]))",0.13876801255528606,0.045311333629332345,0.553612,0.5089446315858325,0.5149250055812642,15.417743341193052,0.21807582626242808,0.33188029959224064,glm,s-2-1-0,s-0-3-0
457,"[[22728  2663]
 [21141  3468]]","(array([0.        , 0.10487968, 1.        ]), array([0.        , 0.14092405, 1.        ]), array([2, 1, 0]))",0.14092405217603315,0.05493888036293447,0.52392,0.5656499755341706,0.5180221851995127,16.44326325264821,0.22563435263500328,0.35291962632039564,glm,s-2-1-0,s-0-3-1
458,"[[123090  14937]
 [ 96214  15759]]","(array([0.        , 0.10821796, 1.        ]), array([0.        , 0.14073929, 1.        ]), array([2, 1, 0]))",0.14073928536343583,0.04927683246832097,0.555396,0.5133893666927287,0.5162606640036332,15.35612591463013,0.22091694762001554,0.33564494349476265,glm,s-2-1-0,s-0-3-2
459,"[[290012  35143]
 [150324  24521]]","(array([0.        , 0.10808076, 1.        ]), array([0.        , 0.14024422, 1.        ]), array([2, 1, 0]))",0.14024421630587092,0.047313626771055946,0.629066,0.4109848484848485,0.516081727411443,12.81166268377478,0.20912630218882858,0.2965047242932907,glm,s-2-1-0,s-0-3-3
460,"[[122660  15157]
 [ 96607  15576]]","(array([0.        , 0.10997918, 1.        ]), array([0.        , 0.13884457, 1.        ]), array([2, 1, 0]))",0.13884456646729004,0.04372232548689469,0.552944,0.5068167767546286,0.5144326955920624,15.44081569799619,0.21797419463181167,0.3312421580928481,glm,s-2-1-0,s-0-4-0
461,"[[22619  2725]
 [21149  3507]]","(array([0.        , 0.10752052, 1.        ]), array([0.        , 0.14223718, 1.        ]), array([2, 1, 0]))",0.14223718364698248,0.052546625142155606,0.52252,0.5627406931964056,0.5173583329851074,16.491618531101896,0.2270784770784771,0.35364230396902224,glm,s-2-1-0,s-0-4-1
462,"[[122905  14908]
 [ 96484  15703]]","(array([0.        , 0.10817557, 1.        ]), array([0.        , 0.13997165, 1.        ]), array([2, 1, 0]))",0.13997165446976922,0.04824405488131053,0.554432,0.5129855280781418,0.5158980416123381,15.389421202321522,0.21993305228364543,0.3346318261440304,glm,s-2-1-0,s-0-4-2
463,"[[290012  35143]
 [150324  24521]]","(array([0.        , 0.10808076, 1.        ]), array([0.        , 0.14024422, 1.        ]), array([2, 1, 0]))",0.14024421630587092,0.047313626771055946,0.629066,0.4109848484848485,0.516081727411443,12.811662683774783,0.20912630218882858,0.2965047242932907,glm,s-2-1-0,s-0-4-3
464,"[[  7499   1314]
 [111787 129400]]","(array([0.        , 0.14909792, 1.        ]), array([0.        , 0.53651316, 1.        ]), array([2, 1, 0]))",0.5365131619863426,0.14304073786644503,0.547596,0.9899475190109706,0.6937076192321364,15.625484798847262,0.6958841196985219,0.8468109779161643,glm,s-2-1-0,s-1-1-0
465,"[[ 1128   208]
 [22520 26144]]","(array([0.        , 0.15568862, 1.        ]), array([0.        , 0.53723492, 1.        ]), array([2, 1, 0]))",0.5372349169817524,0.12323962590663425,0.54544,0.99210686095932,0.6907731471136307,15.69994952439591,0.6970246347445878,0.8484344981567059,glm,s-2-1-0,s-1-1-1
466,"[[  7640   1309]
 [111551 129500]]","(array([0.        , 0.14627333, 1.        ]), array([0.        , 0.53723071, 1.        ]), array([2, 1, 0]))",0.5372307105135428,0.14542216237826433,0.54856,0.9899930432921282,0.6954786919424346,15.592189402410625,0.6964986822997902,0.8471948364946675,glm,s-2-1-0,s-1-1-2
467,"[[ 58426  12083]
 [163189 266302]]","(array([0.        , 0.17136819, 1.        ]), array([0.        , 0.62004093, 1.        ]), array([2, 1, 0]))",0.6200409321732003,0.3143449602793246,0.649456,0.9565960809670061,0.7243363690209773,12.107380155649071,0.7523973125236623,0.8629185026094744,glm,s-2-1-0,s-1-1-3
468,"[[  7558   1355]
 [111235 129852]]","(array([0.        , 0.15202513, 1.        ]), array([0.        , 0.53861054, 1.        ]), array([2, 1, 0]))",0.538610543081958,0.14353915412375906,0.54964,0.9896728070910851,0.6932927056260233,15.554887671030048,0.6975777208335348,0.8476919762636845,glm,s-2-1-0,s-1-2-0
469,"[[ 1165   220]
 [22393 26222]]","(array([0.        , 0.15884477, 1.        ]), array([0.        , 0.53938085, 1.        ]), array([2, 1, 0]))",0.5393808495320375,0.12510927789537152,0.54774,0.991679903184328,0.6902680420945385,15.620510530591,0.6987223043820031,0.8492515367624673,glm,s-2-1-0,s-1-2-1
470,"[[  7501   1320]
 [111823 129356]]","(array([0.       , 0.1496429, 1.       ]), array([0.        , 0.53634852, 1.        ]), array([2, 1, 0]))",0.5363485212228262,0.14283917265435944,0.547428,0.9898986807064801,0.6933528117960861,15.631287332471947,0.6957335520565813,0.8467003454717542,glm,s-2-1-0,s-1-2-2
471,"[[ 58044  12467]
 [163679 265810]]","(array([0.        , 0.17680929, 1.        ]), array([0.        , 0.61889827, 1.        ]), array([2, 1, 0]))",0.6188982721326972,0.30972061963950903,0.647708,0.9551993157896628,0.7210444899827588,12.167754550878199,0.7511239590486121,0.8615665659922844,glm,s-2-1-0,s-1-2-3
472,"[[ 37079  30921]
 [ 45160 136840]]","(array([0.        , 0.45472059, 1.        ]), array([0.        , 0.75186813, 1.        ]), array([2, 1, 0]))",0.7518681318681318,0.28143485411591107,0.695676,0.8156842174283654,0.648573771816419,10.511077485013354,0.7824771772724803,0.802068826461472,glm,s-2-1-0,s-1-3-0
473,"[[ 6772 16268]
 [ 1868 25092]]","(array([0.        , 0.70607639, 1.        ]), array([0.        , 0.93071217, 1.        ]), array([2, 1, 0]))",0.9307121661721068,0.296164480507314,0.63728,0.6066731141199226,0.612317888641609,12.528165130981892,0.734543325526932,0.652079002079002,glm,s-2-1-0,s-1-3-1
474,"[[ 37116  30933]
 [ 44256 137695]]","(array([0.       , 0.4545695, 1.       ]), array([0.        , 0.75676968, 1.        ]), array([2, 1, 0]))",0.7567696797489434,0.28706515118829284,0.699244,0.8165607135232583,0.6511000891801191,10.387843169216989,0.7855290818902444,0.8038584270423825,glm,s-2-1-0,s-1-3-2
475,"[[ 58312  12053]
 [163608 266027]]","(array([0.        , 0.17129255, 1.        ]), array([0.        , 0.61919304, 1.        ]), array([2, 1, 0]))",0.6191930359491196,0.31349210723721394,0.648678,0.9566563578826237,0.7239502449695147,12.134251275708465,0.7517913284302297,0.8626289353450652,glm,s-2-1-0,s-1-3-3
476,"[[ 36858  30853]
 [ 44843 137446]]","(array([0.        , 0.45565713, 1.        ]), array([0.        , 0.75400052, 1.        ]), array([2, 1, 0]))",0.7540005156646863,0.28266484823462557,0.697216,0.8166774609474804,0.6491716923112314,10.457887551874691,0.7840884456969435,0.80332209214656,glm,s-2-1-0,s-1-4-0
477,"[[ 5916 17215]
 [ 1921 24948]]","(array([0.        , 0.74423933, 1.        ]), array([0.        , 0.92850497, 1.        ]), array([2, 1, 0]))",0.9285049685511184,0.25271244581839647,0.61728,0.5917036264022959,0.5921328180268021,13.218955803255431,0.7227952254027118,0.6379877353327776,glm,s-2-1-0,s-1-4-1
478,"[[ 37428  30669]
 [ 44776 137127]]","(array([0.        , 0.45037226, 1.        ]), array([0.        , 0.75384683, 1.        ]), array([2, 1, 0]))",0.7538468304535934,0.28758679736121723,0.69822,0.817224486876922,0.6517372836791514,10.423210031870493,0.7842573184367128,0.8037105242489921,glm,s-2-1-0,s-1-4-2
479,"[[ 58892  11607]
 [162760 266741]]","(array([0.        , 0.16464063, 1.        ]), array([0.        , 0.62104861, 1.        ]), array([2, 1, 0]))",0.6210486122267469,0.3197399601756282,0.651266,0.9583004009369566,0.7282039895131379,12.044864209157524,0.753666389300543,0.8644183362034826,glm,s-2-1-0,s-1-4-3
480,"[[ 84273  41056]
 [ 10055 114616]]","(array([0.        , 0.32758579, 1.        ]), array([0.        , 0.91934772, 1.        ]), array([2, 1, 0]))",0.9193477232074821,0.6104217005420326,0.795556,0.7362659951693303,0.7958809645088947,7.061376914369497,0.8176840513228438,0.7668068491849299,glm,s-2-1-0,s-2-1-0
481,"[[17018  8073]
 [ 2100 22809]]","(array([0.        , 0.32174883, 1.        ]), array([0.        , 0.91569312, 1.        ]), array([2, 1, 0]))",0.9156931229676021,0.6110952446160639,0.79654,0.7385855838352439,0.7969721443621239,7.027388548309608,0.8176587621659408,0.7683057458719861,glm,s-2-1-0,s-2-1-1
482,"[[ 84362  40438]
 [  9909 115291]]","(array([0.        , 0.32402244, 1.        ]), array([0.        , 0.92085463, 1.        ]), array([2, 1, 0]))",0.9208546325878594,0.6157265720597168,0.798612,0.7403309595515286,0.7984160983452117,6.955824437101801,0.8207838991346569,0.7705422688460078,glm,s-2-1-0,s-2-1-2
483,"[[165568  84665]
 [ 19772 229995]]","(array([0.        , 0.33834466, 1.        ]), array([0.        , 0.92083822, 1.        ]), array([2, 1, 0]))",0.9208382212221791,0.6030115055050991,0.791126,0.7309317994025297,0.7912467792239424,7.21438777654343,0.8149681003920791,0.7623771303103207,glm,s-2-1-0,s-2-1-3
484,"[[ 82392  42095]
 [  9887 115626]]","(array([0.        , 0.33814776, 1.        ]), array([0.        , 0.92122728, 1.        ]), array([2, 1, 0]))",0.9212272832296257,0.6041404935462408,0.792072,0.7331046594936629,0.791539762414575,7.181713334456284,0.8164697741090406,0.7643208526739266,glm,s-2-1-0,s-2-2-0
485,"[[16641  8518]
 [ 1983 22858]]","(array([0.        , 0.33856672, 1.        ]), array([0.       , 0.9201723, 1.       ]), array([2, 1, 0]))",0.9201722958012962,0.601484610418441,0.78998,0.7285186129525753,0.7908027900565369,7.25397003787735,0.8132059697244606,0.7601849080448302,glm,s-2-1-0,s-2-2-1
486,"[[ 83046  42231]
 [  9884 114839]]","(array([0.        , 0.33710098, 1.        ]), array([0.        , 0.92075239, 1.        ]), array([2, 1, 0]))",0.9207523872902351,0.6038622628630946,0.79154,0.7311326160310689,0.7918257015356323,7.2000883984793775,0.815059281103505,0.7625401226821141,glm,s-2-1-0,s-2-2-2
487,"[[166182  84200]
 [ 19843 229775]]","(array([0.        , 0.33628615, 1.        ]), array([0.        , 0.92050653, 1.        ]), array([2, 1, 0]))",0.9205065339839275,0.6043423274672713,0.791914,0.7318257823075086,0.7921101896141969,7.187170477118629,0.81539337784536,0.7631094414015641,glm,s-2-1-0,s-2-2-3
488,"[[ 84456  40342]
 [ 10074 115128]]","(array([0.        , 0.32325839, 1.        ]), array([0.        , 0.91953803, 1.        ]), array([2, 1, 0]))",0.9195380265490967,0.6148246893521274,0.798336,0.7405158551489033,0.7981398204990232,6.965356832341383,0.8203739596397218,0.770517828029587,glm,s-2-1-0,s-2-3-0
489,"[[16736  8350]
 [ 1945 22969]]","(array([0.        , 0.33285498, 1.        ]), array([0.        , 0.92193144, 1.        ]), array([2, 1, 0]))",0.9219314441679377,0.6088427061382433,0.7941,0.7333886777994189,0.7945382326476299,7.111667592482951,0.8169224476730745,0.764664757973234,glm,s-2-1-0,s-2-3-1
490,"[[ 82700  42274]
 [  9860 115166]]","(array([0.        , 0.33826236, 1.        ]), array([0.       , 0.9211364, 1.       ]), array([2, 1, 0]))",0.9211364036280454,0.6035531307571742,0.791464,0.7314913617886178,0.7914370225287314,7.202713483016152,0.8154326538415242,0.7629049823393651,glm,s-2-1-0,s-2-3-2
491,"[[165560  84249]
 [ 19794 230397]]","(array([0.        , 0.33725366, 1.        ]), array([0.        , 0.92088444, 1.        ]), array([2, 1, 0]))",0.9208844442845666,0.6041794964757577,0.791914,0.7322419480940485,0.7918153912434766,7.187170555479175,0.8157999564476122,0.763523388179152,glm,s-2-1-0,s-2-3-3
492,"[[ 82655  42307]
 [  9943 115095]]","(array([0.        , 0.33855892, 1.        ]), array([0.        , 0.92048017, 1.        ]), array([2, 1, 0]))",0.9204801740270958,0.6025155844044111,0.791,0.731216884156491,0.7909606260574172,7.218739580810251,0.8150049568049852,0.7625760952817613,glm,s-2-1-0,s-2-4-0
493,"[[16572  8403]
 [ 2008 23017]]","(array([0.        , 0.33645646, 1.        ]), array([0.        , 0.91976024, 1.        ]), array([2, 1, 0]))",0.9197602397602398,0.603543586945374,0.79178,0.7325588796944621,0.7916518916518915,7.19179840129242,0.8155549650101869,0.7636442055671676,glm,s-2-1-0,s-2-4-1
494,"[[ 83060  42000]
 [  9711 115229]]","(array([0.       , 0.3358388, 1.       ]), array([0.        , 0.92227469, 1.        ]), array([2, 1, 0]))",0.922274691852089,0.6069571929413494,0.793156,0.7328737065045252,0.793217947237415,7.144272996997178,0.8167374871087894,0.7642639973681976,glm,s-2-1-0,s-2-4-2
495,"[[168636  81006]
 [ 20092 230266]]","(array([0.        , 0.32448867, 1.        ]), array([0.        , 0.91974692, 1.        ]), array([2, 1, 0]))",0.919746922407113,0.6139836313796588,0.797804,0.7397581536405459,0.7976291273174315,6.98373197632422,0.8199918095543328,0.7698907215640015,glm,s-2-1-0,s-2-4-3
496,"[[107568  84302]
 [  1786  56344]]","(array([0.        , 0.43937041, 1.        ]), array([0.        , 0.96927576, 1.        ]), array([2, 1, 0]))",0.9692757612248408,0.4512539095471609,0.655648,0.4006086202238244,0.7649526770892017,11.893766359790526,0.5669094860546545,0.4538644206510567,glm,s-2-1-0,s-3-1-0
497,"[[22000 17638]
 [  322 10040]]","(array([0.        , 0.44497704, 1.        ]), array([0.        , 0.96892492, 1.        ]), array([2, 1, 0]))",0.968924917969504,0.42720058640595937,0.6408,0.36274297275814726,0.7619739378686512,12.406610547041392,0.5278654048370137,0.4146224622957861,glm,s-2-1-0,s-3-1-1
498,"[[108022  84086]
 [  1826  56066]]","(array([0.        , 0.43770171, 1.        ]), array([0.        , 0.96845851, 1.        ]), array([2, 1, 0]))",0.9684585089476957,0.45110936359906234,0.656352,0.4000371025743478,0.7653783997462988,11.86945037035633,0.5661974106764153,0.4532417138237671,glm,s-2-1-0,s-3-1-2
499,"[[195403 137802]
 [  5850 160945]]","(array([0.        , 0.41356522, 1.        ]), array([0.        , 0.96492701, 1.        ]), array([2, 1, 0]))",0.964927006205222,0.5301038659660334,0.712696,0.5387334433483851,0.7756808917972584,9.923348985613568,0.6914306335411198,0.5909348258863564,glm,s-2-1-0,s-3-1-3
500,"[[107634  84022]
 [  1929  56415]]","(array([0.        , 0.43840005, 1.        ]), array([0.        , 0.96693747, 1.        ]), array([2, 1, 0]))",0.9669374742904154,0.45057005457147487,0.656196,0.4017103754708517,0.7642687121003356,11.874838214776991,0.5676095803924923,0.45489217728982145,glm,s-2-1-0,s-3-2-0
501,"[[22180 17475]
 [  353  9992]]","(array([0.        , 0.44067583, 1.        ]), array([0.        , 0.96587724, 1.        ]), array([2, 1, 0]))",0.9658772353794104,0.4275874824737793,0.64344,0.36378199293697894,0.7626007031770334,12.315425570671207,0.5285094678937904,0.4155956510527148,glm,s-2-1-0,s-3-2-1
502,"[[107821  83946]
 [  1882  56351]]","(array([0.        , 0.43774998, 1.        ]), array([0.        , 0.96768156, 1.        ]), array([2, 1, 0]))",0.9676815551319699,0.45139617399527737,0.656688,0.4016550603362866,0.7649657886471407,11.85784489371308,0.5676824661260264,0.4548683367209055,glm,s-2-1-0,s-3-2-2
503,"[[195370 137862]
 [  5892 160876]]","(array([0.        , 0.41371177, 1.        ]), array([0.        , 0.96466948, 1.        ]), array([2, 1, 0]))",0.964669480955579,0.5296900931448278,0.712492,0.5385187020064405,0.775478856288996,9.930394991949825,0.6911876538648267,0.590708809446876,glm,s-2-1-0,s-3-2-3
504,"[[ 85588  53973]
 [  8529 101910]]","(array([0.        , 0.38673412, 1.        ]), array([0.        , 0.92277185, 1.        ]), array([2, 1, 0]))",0.9227718469019096,0.54942094759787,0.749992,0.6537595504320548,0.7680188653186684,8.635143035627227,0.7653141685628675,0.6942372382560072,glm,s-2-1-0,s-3-3-0
505,"[[16980  8620]
 [ 1840 22560]]","(array([0.        , 0.33671875, 1.        ]), array([0.        , 0.92459016, 1.        ]), array([2, 1, 0]))",0.9245901639344263,0.6065259313488208,0.7908,0.723540731237973,0.7939357069672133,7.225649872412281,0.8118028067650234,0.7564377682403434,glm,s-2-1-0,s-3-3-1
506,"[[ 87610  51978]
 [  8520 101892]]","(array([0.        , 0.37236725, 1.        ]), array([0.        , 0.92283447, 1.        ]), array([2, 1, 0]))",0.9228344745136399,0.5618976252488443,0.758008,0.6621953597192435,0.7752336111571552,8.358273823258132,0.7710854314709288,0.7018399431320361,glm,s-2-1-0,s-3-3-2
507,"[[195855 137047]
 [  5921 161177]]","(array([0.        , 0.41167371, 1.        ]), array([0.       , 0.9645657, 1.       ]), array([2, 1, 0]))",0.9645657039581563,0.5315915672218835,0.714064,0.5404561671763507,0.7764459990914416,9.87609873211321,0.6927546945985791,0.5925651142578571,glm,s-2-1-0,s-3-3-3
508,"[[ 87256  52074]
 [  8561 102109]]","(array([0.        , 0.37374578, 1.        ]), array([0.       , 0.9226439, 1.       ]), array([2, 1, 0]))",0.9226438962681847,0.5607760804726308,0.75746,0.6622584850469896,0.7744490564381188,8.377201379767957,0.771061683273363,0.701874616786866,glm,s-2-1-0,s-3-4-0
509,"[[16522  9056]
 [ 1877 22545]]","(array([0.        , 0.35405427, 1.        ]), array([0.        , 0.92314307, 1.        ]), array([2, 1, 0]))",0.923143067725821,0.5898701542030691,0.78134,0.7134267902914465,0.7845444011707532,7.552393669597728,0.8048480088535065,0.7473844032196041,glm,s-2-1-0,s-3-4-1
510,"[[ 85649  53999]
 [  8469 101883]]","(array([0.        , 0.38667937, 1.        ]), array([0.        , 0.92325468, 1.        ]), array([2, 1, 0]))",0.9232546759460635,0.5499254521774877,0.750128,0.6535905364314032,0.7682876553424176,8.630445845195652,0.7653643035825626,0.6941393688341418,glm,s-2-1-0,s-3-4-2
511,"[[195605 137345]
 [  5792 161258]]","(array([0.        , 0.41250939, 1.        ]), array([0.        , 0.96532775, 1.        ]), array([2, 1, 0]))",0.9653277461837773,0.5316448683972944,0.713726,0.5400414597308132,0.7764091801950572,9.887773315094762,0.6926101625029798,0.5922236536899304,glm,s-2-1-0,s-3-4-3
512,"[[167295  18702]
 [ 57661   6342]]","(array([0.        , 0.10055001, 1.        ]), array([0.        , 0.09908911, 1.        ]), array([2, 1, 0]))",0.09908910519819383,-0.0021236066570171175,0.694548,0.2532343076185913,0.4992695481635415,10.549998143662815,0.14244163194717396,0.19314285018181374,glm,s-3-2-0,s-0-1-0
513,"[[34550  3921]
 [10450  1079]]","(array([0.        , 0.10192093, 1.        ]), array([0.        , 0.09359008, 1.        ]), array([2, 1, 0]))",0.09359007719663458,-0.01169662661587317,0.71258,0.2158,0.4958345748723938,9.927197815855706,0.13055841248714378,0.17111230930254684,glm,s-3-2-0,s-0-1-1
514,"[[167648  18570]
 [ 57491   6291]]","(array([0.        , 0.09972183, 1.        ]), array([0.        , 0.09863284, 1.        ]), array([2, 1, 0]))",0.09863284312188392,-0.001586347900761443,0.695756,0.25304694099191505,0.4994555058599893,10.508274879590319,0.1419401419175795,0.19270826951588593,glm,s-3-2-0,s-0-1-2
515,"[[292316  32839]
 [156039  18806]]","(array([0.        , 0.10099491, 1.        ]), array([0.        , 0.10755812, 1.        ]), array([2, 1, 0]))",0.10755812290886213,0.010284025917086723,0.622244,0.3641398005615258,0.5032816063945367,13.047282531795899,0.16606472691951077,0.24652290751786066,glm,s-3-2-0,s-0-1-3
516,"[[167303  18591]
 [ 57741   6365]]","(array([0.        , 0.10000861, 1.        ]), array([0.        , 0.09928868, 1.        ]), array([2, 1, 0]))",0.0992886781268524,-0.0010486980083808525,0.694672,0.2550488860394294,0.4996400355356093,10.54571498036859,0.14293413577058678,0.1941377417190264,glm,s-3-2-0,s-0-2-0
517,"[[34701  3854]
 [10393  1052]]","(array([0.        , 0.09996109, 1.        ]), array([0.        , 0.09191787, 1.        ]), array([2, 1, 0]))",0.09191786806465706,-0.011359400125801375,0.71506,0.2144313086017122,0.49597838676219497,9.841540578935769,0.12867714512873832,0.16930058901155493,glm,s-3-2-0,s-0-2-1
518,"[[167451  18458]
 [ 57742   6349]]","(array([0.        , 0.09928513, 1.        ]), array([0.        , 0.09906227, 1.        ]), array([2, 1, 0]))",0.09906227083365839,-0.00032547879864501295,0.6952,0.2559358245656468,0.4998885683544492,10.527478081046244,0.14283785911944025,0.1943742001849142,glm,s-3-2-0,s-0-2-2
519,"[[292316  32839]
 [156039  18806]]","(array([0.        , 0.10099491, 1.        ]), array([0.        , 0.10755812, 1.        ]), array([2, 1, 0]))",0.10755812290886213,0.010284025917086723,0.622244,0.3641398005615258,0.5032816063945367,13.047282531795894,0.16606472691951077,0.24652290751786066,glm,s-3-2-0,s-0-2-3
520,"[[123643  14213]
 [ 99244  12900]]","(array([0.        , 0.10310034, 1.        ]), array([0.        , 0.11503067, 1.        ]), array([2, 1, 0]))",0.11503067484662577,0.0190819370526377,0.546172,0.475786523070114,0.5059651691317623,15.674709272462625,0.18526896314009347,0.2923897078822825,glm,s-3-2-0,s-0-3-0
521,"[[22859  2532]
 [21616  2993]]","(array([0.        , 0.09972037, 1.        ]), array([0.        , 0.12162217, 1.        ]), array([2, 1, 0]))",0.12162217075053842,0.03492549124241195,0.51704,0.5417194570135747,0.5109508986949495,16.68088793929993,0.198646047653813,0.3203879338029074,glm,s-3-2-0,s-0-3-1
522,"[[123918  14109]
 [ 98969  13004]]","(array([0.        , 0.10221913, 1.        ]), array([0.        , 0.11613514, 1.        ]), array([2, 1, 0]))",0.11613513972118278,0.022254724174596646,0.547688,0.4796223213956405,0.5069580043408017,15.62234815481541,0.18699222064046703,0.2949756152886469,glm,s-3-2-0,s-0-3-2
523,"[[292316  32839]
 [156039  18806]]","(array([0.        , 0.10099491, 1.        ]), array([0.        , 0.10755812, 1.        ]), array([2, 1, 0]))",0.10755812290886213,0.010284025917086723,0.622244,0.3641398005615258,0.5032816063945367,13.047282531795906,0.16606472691951077,0.24652290751786066,glm,s-3-2-0,s-0-3-3
524,"[[123519  14298]
 [ 99284  12899]]","(array([0.        , 0.10374627, 1.        ]), array([0.        , 0.11498177, 1.        ]), array([2, 1, 0]))",0.11498177085654689,0.017946768222738104,0.545672,0.47428025149832703,0.5056177493129901,15.691978932523204,0.18509111780743293,0.2918708789841201,glm,s-3-2-0,s-0-4-0
525,"[[22754  2590]
 [21614  3042]]","(array([0.        , 0.10219381, 1.        ]), array([0.        , 0.12337768, 1.        ]), array([2, 1, 0]))",0.12337767683322517,0.033499460658771546,0.51592,0.5401278409090909,0.510591931850956,16.71957229639525,0.2008716323296355,0.32235503560528994,glm,s-3-2-0,s-0-4-1
526,"[[123717  14096]
 [ 99185  13002]]","(array([0.        , 0.10228353, 1.        ]), array([0.        , 0.11589578, 1.        ]), array([2, 1, 0]))",0.11589578115111376,0.021778137730235098,0.546876,0.4798140084139051,0.5068061260105303,15.65039359966901,0.18669634203252325,0.29472433912566476,glm,s-3-2-0,s-0-4-2
527,"[[292316  32839]
 [156039  18806]]","(array([0.        , 0.10099491, 1.        ]), array([0.        , 0.10755812, 1.        ]), array([2, 1, 0]))",0.10755812290886213,0.010284025917086723,0.622244,0.3641398005615258,0.5032816063945367,13.047282531795897,0.16606472691951077,0.24652290751786066,glm,s-3-2-0,s-0-4-3
528,"[[  7501   1312]
 [141663  99524]]","(array([0.        , 0.14887099, 1.        ]), array([0.        , 0.41264247, 1.        ]), array([2, 1, 0]))",0.4126424724383984,0.09915779581824917,0.4281,0.9869887738506089,0.6318857431975267,19.752730416536725,0.5819725574011105,0.7720652691647105,glm,s-3-2-0,s-1-1-0
529,"[[ 1336     0]
 [28410 20254]]","(array([0., 0., 1.]), array([0.        , 0.41620089, 1.        ]), array([2, 1, 0]))",0.41620088771987507,0.13672264242564497,0.4318,1.0,0.7081004438599375,19.62493274758825,0.5877709742012247,0.7809222702035781,glm,s-3-2-0,s-1-1-1
530,"[[  7640   1309]
 [141865  99186]]","(array([0.        , 0.14627333, 1.        ]), array([0.        , 0.41147309, 1.        ]), array([2, 1, 0]))",0.41147309075672783,0.1004881313622706,0.427304,0.9869744763421066,0.6325998820640272,19.780223272951908,0.5808060993248347,0.7712380896099877,glm,s-3-2-0,s-1-1-2
531,"[[ 60149  10360]
 [233126 196365]]","(array([0.       , 0.1469316, 1.       ]), array([0.        , 0.45720399, 1.        ]), array([2, 1, 0]))",0.45720399263314015,0.21928474887429658,0.513028,0.949885113072923,0.6551361976242045,16.8194335862412,0.6172903542193218,0.7814645281604213,glm,s-3-2-0,s-1-1-3
532,"[[  7559   1354]
 [141119  99968]]","(array([0.        , 0.15191294, 1.        ]), array([0.        , 0.41465529, 1.        ]), array([2, 1, 0]))",0.41465529041383403,0.09923244784926247,0.430108,0.9866366633110282,0.631371177126585,19.683376687868126,0.5839098855462327,0.7732972345774511,glm,s-3-2-0,s-1-2-0
533,"[[ 1385     0]
 [28475 20140]]","(array([0., 0., 1.]), array([0.        , 0.41427543, 1.        ]), array([2, 1, 0]))",0.4142754293942199,0.13861957821752344,0.4305,1.0,0.70713771469711,19.669833156901632,0.585848301941677,0.7795626088639442,glm,s-3-2-0,s-1-2-1
534,"[[  7502   1319]
 [141734  99445]]","(array([0.        , 0.14952953, 1.        ]), array([0.       , 0.4123286, 1.       ]), array([2, 1, 0]))",0.4123286024073406,0.09884688356186656,0.427788,0.9869100075423762,0.6313995353041124,19.763506537160676,0.5816466487104576,0.7718068717160665,glm,s-3-2-0,s-1-2-2
535,"[[ 59794  10717]
 [232956 196533]]","(array([0.        , 0.15199047, 1.        ]), array([0.        , 0.45759728, 1.        ]), array([2, 1, 0]))",0.45759728421449675,0.21590951027347913,0.512654,0.9482895054282268,0.6528034073211866,16.832351659525454,0.6173110175440801,0.7808292325161362,glm,s-3-2-0,s-1-2-3
536,"[[57949 10051]
 [83913 98087]]","(array([0.        , 0.14780882, 1.        ]), array([0.        , 0.53893956, 1.        ]), array([2, 1, 0]))",0.5389395604395605,0.3513094974505885,0.624144,0.9070539495829403,0.6955653684550744,12.981638487700636,0.6761403194342003,0.7980366185448913,glm,s-3-2-0,s-1-3-0
537,"[[19345  3695]
 [10061 16899]]","(array([0.        , 0.16037326, 1.        ]), array([0.        , 0.62681751, 1.        ]), array([2, 1, 0]))",0.6268175074183976,0.4724029363175339,0.72488,0.82057880936195,0.7332221217647544,9.502367252017919,0.7107288556167725,0.7728012731396793,glm,s-3-2-0,s-1-3-1
538,"[[58049 10000]
 [84492 97459]]","(array([0.        , 0.14695293, 1.        ]), array([0.        , 0.53563322, 1.        ]), array([2, 1, 0]))",0.5356332199328391,0.34945343682880625,0.622032,0.9069412520123954,0.6943401444783154,13.05458422032881,0.673501261186552,0.7965108771516884,glm,s-3-2-0,s-1-3-2
539,"[[ 59893  10472]
 [232869 196766]]","(array([0.        , 0.14882399, 1.        ]), array([0.       , 0.4579841, 1.       ]), array([2, 1, 0]))",0.4579841027849221,0.21823257755820755,0.513318,0.9494687267779075,0.6545800567928732,16.8094175201965,0.6179128334848548,0.7816940743865937,glm,s-3-2-0,s-1-3-3
540,"[[57634 10077]
 [84222 98067]]","(array([0.        , 0.14882368, 1.        ]), array([0.        , 0.53797541, 1.        ]), array([2, 1, 0]))",0.5379754126688939,0.3490629442114834,0.622804,0.9068186861961829,0.6945758677853191,13.027920531227945,0.6753158215492041,0.7974677368202776,glm,s-3-2-0,s-1-4-0
541,"[[19175  3956]
 [10004 16865]]","(array([0.       , 0.1710259, 1.       ]), array([0.        , 0.62767502, 1.        ]), array([2, 1, 0]))",0.6276750158174849,0.46186982187070397,0.7208,0.8099995197156716,0.7283245599168701,9.64328963360774,0.7072761585237995,0.7655261318348114,glm,s-3-2-0,s-1-4-1
542,"[[57903 10194]
 [84020 97883]]","(array([0.        , 0.14969822, 1.        ]), array([0.        , 0.53810547, 1.        ]), array([2, 1, 0]))",0.538105473796474,0.3490424236792568,0.623144,0.9056783589477873,0.6942036246025411,13.016177721465272,0.6751017311538727,0.796819008451493,glm,s-3-2-0,s-1-4-2
543,"[[ 59835  10664]
 [233176 196325]]","(array([0.        , 0.15126456, 1.        ]), array([0.        , 0.45710022, 1.        ]), array([2, 1, 0]))",0.45710021629751735,0.21609568439296997,0.51232,0.948480354028475,0.6529178296767235,16.84388752608403,0.6168989300696005,0.7806429961422141,glm,s-3-2-0,s-1-4-3
544,"[[104225  21104]
 [ 52432  72239]]","(array([0.       , 0.1683888, 1.       ]), array([0.        , 0.57943708, 1.        ]), array([2, 1, 0]))",0.5794370783903233,0.42489885565805857,0.705856,0.7739091308400201,0.7055241388568522,10.159441342721275,0.6627005605144624,0.725228544523264,glm,s-3-2-0,s-2-1-0
545,"[[20930  4161]
 [10410 14499]]","(array([0.        , 0.16583636, 1.        ]), array([0.        , 0.58207877, 1.        ]), array([2, 1, 0]))",0.5820787667108274,0.43030673571591566,0.70858,0.7770096463022508,0.7081212055227246,10.065356759503013,0.6655649659161329,0.7282343368592352,glm,s-3-2-0,s-2-1-1
546,"[[103926  20874]
 [ 52578  72622]]","(array([0.        , 0.16725962, 1.        ]), array([0.        , 0.58004792, 1.        ]), array([2, 1, 0]))",0.5800479233226837,0.42655752535694935,0.706192,0.7767391118336613,0.7063941539690342,10.14783557822295,0.6641365182719391,0.7274071284336037,glm,s-3-2-0,s-2-1-2
547,"[[208068  42165]
 [105308 144459]]","(array([0.        , 0.16850296, 1.        ]), array([0.        , 0.57837505, 1.        ]), array([2, 1, 0]))",0.5783750455424456,0.42371277031273025,0.705054,0.7740644290123457,0.7049360451483673,10.187141372624616,0.6620622331807943,0.7250043412231509,glm,s-3-2-0,s-2-1-3
548,"[[103391  21096]
 [ 52781  72732]]","(array([0.        , 0.16946348, 1.        ]), array([0.        , 0.57947782, 1.        ]), array([2, 1, 0]))",0.5794778230143491,0.42338707054275937,0.704492,0.775163064330477,0.7050071724500843,10.206552208136818,0.6631865451511574,0.7261218988668696,glm,s-3-2-0,s-2-2-0
549,"[[20942  4217]
 [10503 14338]]","(array([0.        , 0.16761398, 1.        ]), array([0.        , 0.57719093, 1.        ]), array([2, 1, 0]))",0.5771909343424177,0.42389711761507326,0.7056,0.7727297224467798,0.7047884796120849,10.168283208708967,0.6607982302516361,0.7236955007520618,glm,s-3-2-0,s-2-2-1
550,"[[104171  21106]
 [ 52409  72314]]","(array([0.        , 0.16847466, 1.        ]), array([0.        , 0.57979683, 1.        ]), array([2, 1, 0]))",0.5797968297747809,0.4251116323624783,0.70594,0.774074074074074,0.70566108481084,10.156540091900881,0.6629962914235157,0.7254571100093699,glm,s-3-2-0,s-2-2-2
551,"[[208275  42107]
 [105121 144497]]","(array([0.        , 0.16817103, 1.        ]), array([0.        , 0.57887252, 1.        ]), array([2, 1, 0]))",0.5788725172062912,0.4245790619858614,0.705544,0.7743510321322158,0.7053507412736251,10.170217279437805,0.6624929508369591,0.7253617848386701,glm,s-3-2-0,s-2-2-3
552,"[[103871  20927]
 [ 52842  72360]]","(array([0.        , 0.16768698, 1.        ]), array([0.        , 0.57794604, 1.        ]), array([2, 1, 0]))",0.5779460392006518,0.42413542522151765,0.704924,0.775670779422642,0.7051295285187381,10.191630916206353,0.6623674418391773,0.7259957860941105,glm,s-3-2-0,s-2-3-0
553,"[[20846  4240]
 [10504 14410]]","(array([0.        , 0.16901858, 1.        ]), array([0.        , 0.57838966, 1.        ]), array([2, 1, 0]))",0.5783896604318857,0.4232494589991785,0.70512,0.7726541554959786,0.7046855421668319,10.184862189193343,0.6615554127261042,0.7240187310328196,glm,s-3-2-0,s-2-3-1
554,"[[103879  21095]
 [ 52791  72235]]","(array([0.        , 0.16879511, 1.        ]), array([0.        , 0.57775983, 1.        ]), array([2, 1, 0]))",0.5777598259562011,0.4227584431099387,0.704456,0.773974070502518,0.7044823582867248,10.20779560088864,0.661625968601733,0.7247474646129396,glm,s-3-2-0,s-2-3-2
555,"[[208060  41749]
 [105317 144874]]","(array([0.        , 0.16712368, 1.        ]), array([0.       , 0.5790536, 1.       ]), array([2, 1, 0]))",0.5790536030472719,0.42584061211650837,0.705868,0.776292311237093,0.7059649602769235,10.159026143374097,0.66332123054664,0.7267807316870057,glm,s-3-2-0,s-2-3-3
556,"[[103881  21081]
 [ 52910  72128]]","(array([0.        , 0.16869928, 1.        ]), array([0.        , 0.57684864, 1.        ]), array([2, 1, 0]))",0.5768486380140437,0.422026397296437,0.704036,0.7738308532437854,0.7040746767157653,10.222301842197048,0.6609758667931289,0.7243599786291309,glm,s-3-2-0,s-2-4-0
557,"[[20845  4130]
 [10554 14471]]","(array([0.        , 0.16536537, 1.        ]), array([0.        , 0.57826174, 1.        ]), array([2, 1, 0]))",0.5782617382617382,0.4271248158372642,0.70632,0.7779689264018064,0.7064481864481864,10.143413898405104,0.6634117269518176,0.7277051966730028,glm,s-3-2-0,s-2-4-1
558,"[[104055  21005]
 [ 52807  72133]]","(array([0.        , 0.16795938, 1.        ]), array([0.        , 0.57734112, 1.        ]), array([2, 1, 0]))",0.577341123739395,0.42336612640785914,0.704752,0.7744744357834611,0.704690872120777,10.197571835220677,0.6615339465695761,0.7249664316210109,glm,s-3-2-0,s-2-4-2
559,"[[207762  41880]
 [105352 145006]]","(array([0.        , 0.16776023, 1.        ]), array([0.        , 0.57919459, 1.        ]), array([2, 1, 0]))",0.5791945933423338,0.425207087203969,0.705536,0.7759061673961667,0.7057171803445872,10.170493226631732,0.6632726807000211,0.7265543109443614,glm,s-3-2-0,s-2-4-3
560,"[[139351  52519]
 [  7540  50590]]","(array([0.        , 0.27372179, 1.        ]), array([0.        , 0.87029073, 1.        ]), array([2, 1, 0]))",0.8702907276793395,0.5119392810158899,0.759764,0.49064582141229185,0.798284468441744,8.297625462237509,0.6275156754879402,0.5375441489610384,glm,s-3-2-0,s-3-1-0
561,"[[27502 12136]
 [ 1086  9276]]","(array([0.        , 0.30617085, 1.        ]), array([0.        , 0.89519398, 1.        ]), array([2, 1, 0]))",0.8951939779965258,0.48249132254485605,0.73556,0.43321501961516906,0.7945115659193991,9.133628108158439,0.583873607351923,0.48307467972086243,glm,s-3-2-0,s-3-1-1
562,"[[139596  52512]
 [  7311  50581]]","(array([0.        , 0.27334624, 1.        ]), array([0.        , 0.87371312, 1.        ]), array([2, 1, 0]))",0.8737131209839011,0.5144733615038923,0.760708,0.4906346696671937,0.8001834391227207,8.265020834931985,0.6283939497468708,0.5377936648350714,glm,s-3-2-0,s-3-1-2
563,"[[250443  82762]
 [ 44018 122777]]","(array([0.        , 0.24838163, 1.        ]), array([0.        , 0.73609521, 1.        ]), array([2, 1, 0]))",0.736095206690848,0.46735953324627927,0.74644,0.5973416237307762,0.7438567898822407,8.757784495258589,0.6594992667873468,0.6207435959921169,glm,s-3-2-0,s-3-1-3
564,"[[139274  52382]
 [  7406  50938]]","(array([0.       , 0.2733126, 1.       ]), array([0.        , 0.87306321, 1.        ]), array([2, 1, 0]))",0.8730632112985054,0.5151721282301321,0.760848,0.49301200154858693,0.7998753047768563,8.260184990446035,0.6301712193190816,0.5400276491442336,glm,s-3-2-0,s-3-2-0
565,"[[27529 12126]
 [ 1043  9302]]","(array([0.        , 0.30578742, 1.        ]), array([0.        , 0.89917835, 1.        ]), array([2, 1, 0]))",0.8991783470275495,0.48572895064410737,0.73662,0.4341049094642524,0.7966954652802607,9.097016845260345,0.585528593459856,0.48419167785793854,glm,s-3-2-0,s-3-2-1
566,"[[137020  54747]
 [  7209  51024]]","(array([0.        , 0.28548708, 1.        ]), array([0.        , 0.87620421, 1.        ]), array([2, 1, 0]))",0.8762042141054042,0.505407275268921,0.752176,0.48240065802535664,0.7953585693220184,8.559712823534387,0.622228726128631,0.5300456871458935,glm,s-3-2-0,s-3-2-2
567,"[[250813  82419]
 [ 44483 122285]]","(array([0.        , 0.24733219, 1.        ]), array([0.        , 0.73326418, 1.        ]), array([2, 1, 0]))",0.7332641753813681,0.4659220357062273,0.746196,0.5973747459746757,0.7429659931979583,8.766211408175112,0.6583807124090105,0.6203682283803308,glm,s-3-2-0,s-3-2-3
568,"[[115841  23720]
 [ 40536  69903]]","(array([0.        , 0.16996152, 1.        ]), array([0.        , 0.63295575, 1.        ]), array([2, 1, 0]))",0.6329557493276832,0.47505197707288416,0.742976,0.7466434529976609,0.7314971135629611,8.877370329929704,0.6851153080926385,0.720752024514828,glm,s-3-2-0,s-3-3-0
569,"[[21403  4197]
 [10128 14272]]","(array([0.        , 0.16394531, 1.        ]), array([0.        , 0.58491803, 1.        ]), array([2, 1, 0]))",0.5849180327868853,0.43599176526768374,0.7135,0.7727543451188478,0.7104863601434427,9.895426555350202,0.6658424502554294,0.7261182791322398,glm,s-3-2-0,s-3-3-1
570,"[[116091  23497]
 [ 40384  70028]]","(array([0.        , 0.16833109, 1.        ]), array([0.        , 0.63424265, 1.        ]), array([2, 1, 0]))",0.6342426547839003,0.4781336770791514,0.744476,0.7487623630045442,0.7329557830758199,8.825561452096427,0.686761107596954,0.7226652797041146,glm,s-3-2-0,s-3-3-2
571,"[[250793  82109]
 [ 44741 122357]]","(array([0.        , 0.24664616, 1.        ]), array([0.        , 0.73224694, 1.        ]), array([2, 1, 0]))",0.7322469449065818,0.4659174019490958,0.7463,0.5984222315690628,0.742800392387686,8.76261887967963,0.6586052470099364,0.6211254850440932,glm,s-3-2-0,s-3-3-3
572,"[[115734  23596]
 [ 40317  70353]]","(array([0.        , 0.16935333, 1.        ]), array([0.        , 0.63570073, 1.        ]), array([2, 1, 0]))",0.6357007319056655,0.4782637586698548,0.744348,0.7488424570777762,0.7331736990469259,8.829982732115557,0.687648752070922,0.7231029506687003,glm,s-3-2-0,s-3-4-0
573,"[[21217  4361]
 [10355 14067]]","(array([0.        , 0.17049808, 1.        ]), array([0.        , 0.57599705, 1.        ]), array([2, 1, 0]))",0.5759970518385062,0.42016851801789706,0.70568,0.7633492511395702,0.7027494837736593,10.165522409437973,0.6565694282380397,0.7167240711679949,glm,s-3-2-0,s-3-4-1
574,"[[116245  23403]
 [ 40306  70046]]","(array([0.        , 0.16758564, 1.        ]), array([0.        , 0.63475062, 1.        ]), array([2, 1, 0]))",0.6347506162099463,0.4794711542612261,0.745164,0.7495639332684138,0.7335824861526359,8.801798473288093,0.6873960382922557,0.723394499202723,glm,s-3-2-0,s-3-4-2
575,"[[250872  82078]
 [ 44050 123000]]","(array([0.       , 0.2465175, 1.       ]), array([0.       , 0.7363065, 1.       ]), array([2, 1, 0]))",0.7363064950613589,0.4696871243188587,0.747744,0.5997717941466174,0.7448944999709857,8.71274483699034,0.6610628600911514,0.6228718544971348,glm,s-3-2-0,s-3-4-3
576,"[[110356  75641]
 [ 37536  26467]]","(array([0.       , 0.4066786, 1.       ]), array([0.        , 0.41352749, 1.        ]), array([2, 1, 0]))",0.4135274908988641,0.00608094406781656,0.547292,0.25920593880988757,0.5034244442779078,15.636222313584096,0.3186664338905912,0.28011260808365174,glm,s-1-4-0,s-0-1-0
577,"[[22949 15522]
 [ 7018  4511]]","(array([0.        , 0.40347275, 1.        ]), array([0.        , 0.39127418, 1.        ]), array([2, 1, 0]))",0.39127417815942406,-0.010485201068880146,0.5492,0.22517845554834523,0.4939007162274337,15.570328625851966,0.2858500728724415,0.2460697570395261,glm,s-1-4-0,s-0-1-1
578,"[[110913  75305]
 [ 37463  26319]]","(array([0.        , 0.40439163, 1.        ]), array([0.        , 0.41263993, 1.        ]), array([2, 1, 0]))",0.41263992976074754,0.0073205635707606085,0.548928,0.2589840982445092,0.5041241513714756,15.579715800743076,0.31823513052730856,0.27982384887236916,glm,s-1-4-0,s-0-1-2
579,"[[192615 132540]
 [102266  72579]]","(array([0.        , 0.40762098, 1.        ]), array([0.        , 0.41510481, 1.        ]), array([2, 1, 0]))",0.4151048071148732,0.007255530772243843,0.530388,0.3538385035028447,0.5037419131759262,16.2200358176536,0.3820309292459285,0.3646009679289394,glm,s-1-4-0,s-0-1-3
580,"[[110356  75538]
 [ 37580  26526]]","(array([0.        , 0.40634986, 1.        ]), array([0.        , 0.41378342, 1.        ]), array([2, 1, 0]))",0.4137834212086232,0.0066039837252354254,0.547528,0.2598957516852171,0.503716782957373,15.628070832920754,0.3192634049467413,0.28078041840791595,glm,s-1-4-0,s-0-2-0
581,"[[22989 15566]
 [ 6882  4563]]","(array([0.        , 0.40373492, 1.        ]), array([0.        , 0.39868938, 1.        ]), array([2, 1, 0]))",0.3986893840104849,-0.004322350048032909,0.55104,0.22668786328183219,0.49747722993806565,15.506777980931066,0.28903528219421043,0.24809430084492343,glm,s-1-4-0,s-0-2-1
582,"[[110399  75510]
 [ 37621  26470]]","(array([0.        , 0.40616646, 1.        ]), array([0.        , 0.41300651, 1.        ]), array([2, 1, 0]))",0.4130065063737498,0.006077013686752963,0.547476,0.25956069817611294,0.5034200242953204,15.629866759738379,0.31877931727995856,0.28039600772015905,glm,s-1-4-0,s-0-2-2
583,"[[192615 132540]
 [102266  72579]]","(array([0.        , 0.40762098, 1.        ]), array([0.        , 0.41510481, 1.        ]), array([2, 1, 0]))",0.4151048071148732,0.007255530772243843,0.530388,0.3538385035028447,0.5037419131759262,16.22003581765359,0.3820309292459285,0.3646009679289394,glm,s-1-4-0,s-0-2-3
584,"[[81739 56117]
 [65404 46740]]","(array([0.       , 0.4070697, 1.       ]), array([0.        , 0.41678556, 1.        ]), array([2, 1, 0]))",0.4167855614210301,0.009819641267901538,0.513916,0.4544172978018025,0.5048579327532263,16.78892606917972,0.4347886754015097,0.44635694804153014,glm,s-1-4-0,s-0-3-0
585,"[[15123 10268]
 [14266 10343]]","(array([0.        , 0.40439526, 1.        ]), array([0.        , 0.42029339, 1.        ]), array([2, 1, 0]))",0.4202933885976675,0.016146968780927976,0.50932,0.5018194168162632,0.5079490652176633,16.94765100678304,0.457452454666077,0.483078475147824,glm,s-1-4-0,s-0-3-1
586,"[[81916 56111]
 [65329 46644]]","(array([0.        , 0.40652191, 1.        ]), array([0.        , 0.41656471, 1.        ]), array([2, 1, 0]))",0.41656470756343045,0.010150128187795373,0.51424,0.45393411512821763,0.5050213975919842,16.777735486437436,0.4344473007712082,0.44593331077088993,glm,s-1-4-0,s-0-3-2
587,"[[192615 132540]
 [102266  72579]]","(array([0.        , 0.40762098, 1.        ]), array([0.        , 0.41510481, 1.        ]), array([2, 1, 0]))",0.4151048071148732,0.007255530772243843,0.530388,0.3538385035028447,0.5037419131759262,16.220035817653596,0.3820309292459285,0.3646009679289394,glm,s-1-4-0,s-0-3-3
588,"[[81457 56360]
 [65595 46588]]","(array([0.       , 0.4089481, 1.       ]), array([0.        , 0.41528574, 1.        ]), array([2, 1, 0]))",0.415285738480875,0.006404689886734032,0.51218,0.45253914597660955,0.5031688203204929,16.84888616220999,0.43311284752081297,0.4445631948089126,glm,s-1-4-0,s-0-4-0
589,"[[15013 10331]
 [14205 10451]]","(array([0.      , 0.407631, 1.      ]), array([0.        , 0.42387249, 1.        ]), array([2, 1, 0]))",0.4238724853990915,0.01647615206519239,0.50928,0.5028871138485228,0.508120743962172,16.949033565331597,0.46001144416567635,0.48481221702664584,glm,s-1-4-0,s-0-4-1
590,"[[81763 56050]
 [65286 46901]]","(array([0.        , 0.40671054, 1.        ]), array([0.        , 0.41806092, 1.        ]), array([2, 1, 0]))",0.41806091614892993,0.01147044310393798,0.514656,0.45556624025021614,0.5056751868010728,16.76336716035538,0.4360085154644926,0.4475363126465912,glm,s-1-4-0,s-0-4-2
591,"[[192615 132540]
 [102266  72579]]","(array([0.        , 0.40762098, 1.        ]), array([0.        , 0.41510481, 1.        ]), array([2, 1, 0]))",0.4151048071148732,0.007255530772243843,0.530388,0.3538385035028447,0.5037419131759262,16.22003581765359,0.3820309292459285,0.3646009679289394,glm,s-1-4-0,s-0-4-3
592,"[[  4820   3993]
 [ 43260 197927]]","(array([0.        , 0.45308068, 1.        ]), array([0.       , 0.8206371, 1.       ]), array([2, 1, 0]))",0.8206370990144577,0.17198515045360055,0.810988,0.9802248415213947,0.6837782113703856,6.528255975125014,0.8933598431078724,0.9435276350576385,glm,s-1-4-0,s-1-1-0
593,"[[  714   622]
 [ 8548 40116]]","(array([0.        , 0.46556886, 1.        ]), array([0.        , 0.82434654, 1.        ]), array([2, 1, 0]))",0.8243465395364129,0.14892935357086706,0.8166,0.9847317001325544,0.679388838630482,6.334421537818652,0.897429587704973,0.9478489339180401,glm,s-1-4-0,s-1-1-1
594,"[[  4848   4101]
 [ 27021 214030]]","(array([0.        , 0.45826349, 1.        ]), array([0.        , 0.88790339, 1.        ]), array([2, 1, 0]))",0.8879033897391009,0.23933345644309578,0.875512,0.9811993710201667,0.7148199483056885,4.299676312445887,0.9322229529903175,0.9610039736883461,glm,s-1-4-0,s-1-1-2
595,"[[ 30197  40312]
 [ 23517 405974]]","(array([0.        , 0.57172843, 1.        ]), array([0.        , 0.94524449, 1.        ]), array([2, 1, 0]))",0.9452444870788911,0.419815246357043,0.872342,0.9096722729370852,0.6867580276237468,4.409215583764719,0.9271172912739203,0.916570902202846,glm,s-1-4-0,s-1-1-3
596,"[[  4849   4064]
 [ 43040 198047]]","(array([0.       , 0.4559632, 1.       ]), array([0.        , 0.82147524, 1.        ]), array([2, 1, 0]))",0.8214752350811118,0.1722216206103638,0.811584,0.9798922374338853,0.6827560176303125,6.507671091479319,0.893717931940126,0.943502383445558,glm,s-1-4-0,s-1-2-0
597,"[[  752   633]
 [ 8994 39621]]","(array([0.        , 0.45703971, 1.        ]), array([0.        , 0.81499537, 1.        ]), array([2, 1, 0]))",0.8149953717988275,0.14829330409030328,0.80746,0.9842748546728275,0.6789778303037458,6.650106129979569,0.8916720116125982,0.9450176739127325,glm,s-1-4-0,s-1-2-1
598,"[[  4818   4003]
 [ 40624 200555]]","(array([0.        , 0.45380342, 1.        ]), array([0.        , 0.83156079, 1.        ]), array([2, 1, 0]))",0.8315607909478022,0.18071934589476757,0.821492,0.9804309780111264,0.688878683649845,6.165460699856769,0.8998804227605067,0.9465401057757565,glm,s-1-4-0,s-1-2-2
599,"[[ 33309  37202]
 [ 28081 401408]]","(array([0.        , 0.52760562, 1.        ]), array([0.        , 0.93461765, 1.        ]), array([2, 1, 0]))",0.9346176502774227,0.4316419268205645,0.869434,0.9151820523927863,0.7035060142297752,4.5096493720251045,0.9247977477223219,0.919004235027787,glm,s-1-4-0,s-1-2-3
600,"[[ 15060  52940]
 [  1442 180558]]","(array([0.        , 0.77852941, 1.        ]), array([0.        , 0.99207692, 1.        ]), array([2, 1, 0]))",0.9920769230769231,0.3827143891415946,0.782472,0.7732742892872744,0.6067737556561086,7.51332027438395,0.8691160968283843,0.8089574118810886,glm,s-1-4-0,s-1-3-0
601,"[[ 5703 17337]
 [  250 26710]]","(array([0.        , 0.75247396, 1.        ]), array([0.      , 0.990727, 1.      ]), array([2, 1, 0]))",0.990727002967359,0.36670221398140673,0.64826,0.6063977115354053,0.6191265223170128,12.148946461558829,0.7523201937837114,0.6574024848878649,glm,s-1-4-0,s-1-3-1
602,"[[ 15000  53049]
 [  1304 180647]]","(array([0.       , 0.7795706, 1.       ]), array([0.        , 0.99283324, 1.        ]), array([2, 1, 0]))",0.9928332353215976,0.38444138987757687,0.782588,0.7729999657674929,0.606631315892955,7.509314124946618,0.8692327864750619,0.8088176693665015,glm,s-1-4-0,s-1-3-2
603,"[[ 33597  36768]
 [ 34641 394994]]","(array([0.        , 0.52253251, 1.        ]), array([0.        , 0.91937109, 1.        ]), array([2, 1, 0]))",0.9193710940682207,0.4019820976390698,0.857182,0.9148419731240822,0.6984192925041595,4.932817766364978,0.9171009418421471,0.9157442238845486,glm,s-1-4-0,s-1-3-3
604,"[[ 25469  42242]
 [  2263 180026]]","(array([0.        , 0.62385728, 1.        ]), array([0.        , 0.98758565, 1.        ]), array([2, 1, 0]))",0.9875856469671785,0.5147044894358455,0.82198,0.8099501502690446,0.6818641855960969,6.148728080200587,0.8899907800384124,0.8401743203271352,glm,s-1-4-0,s-1-4-0
605,"[[ 5871 17260]
 [  287 26582]]","(array([0.        , 0.74618477, 1.        ]), array([0.        , 0.98931855, 1.        ]), array([2, 1, 0]))",0.9893185455357475,0.3688953852436219,0.64906,0.6063135805848273,0.6215668859277026,12.12131420906286,0.751849075815644,0.6571992266499207,glm,s-1-4-0,s-1-4-1
606,"[[ 12008  56089]
 [  1265 180638]]","(array([0.       , 0.8236633, 1.       ]), array([0.        , 0.99304574, 1.        ]), array([2, 1, 0]))",0.9930457441603492,0.3363131600954405,0.770584,0.7630646271865905,0.5846912201718673,7.923927319895878,0.8629959630222392,0.8001250873706937,glm,s-1-4-0,s-1-4-2
607,"[[ 36977  33522]
 [ 40653 388848]]","(array([0.        , 0.47549611, 1.        ]), array([0.       , 0.9053483, 1.       ]), array([2, 1, 0]))",0.9053482995383014,0.41307735745682195,0.85165,0.9206335677249805,0.714926096605276,5.1238810863951105,0.9129269572505697,0.9175353625162282,glm,s-1-4-0,s-1-4-3
608,"[[ 68248  57081]
 [    66 124605]]","(array([0.        , 0.45544926, 1.        ]), array([0.        , 0.99947061, 1.        ]), array([2, 1, 0]))",0.9994706066366678,0.6103920412603019,0.771412,0.6858260955714804,0.772010674541275,7.895332385843496,0.8134627248602122,0.7317524356512394,glm,s-1-4-0,s-2-1-0
609,"[[13781 11310]
 [   11 24898]]","(array([0.        , 0.45075924, 1.        ]), array([0.        , 0.99955839, 1.        ]), array([2, 1, 0]))",0.9995583925488779,0.613952361151648,0.77358,0.6876380910296067,0.7743995780846498,7.820450620274387,0.8147651226336372,0.7334114916254765,glm,s-1-4-0,s-2-1-1
610,"[[ 68248  56552]
 [    59 125141]]","(array([0.        , 0.45314103, 1.        ]), array([0.        , 0.99952875, 1.        ]), array([2, 1, 0]))",0.9995287539936102,0.6130680592194863,0.773556,0.688749704171322,0.7731938641762923,7.821279557304645,0.8155350561922233,0.7344196757639923,glm,s-1-4-0,s-2-1-2
611,"[[136643 113590]
 [   146 249621]]","(array([0.        , 0.45393693, 1.        ]), array([0.        , 0.99941546, 1.        ]), array([2, 1, 0]))",0.9994154552042503,0.6118041144403518,0.772528,0.6872616743435633,0.7727392622118688,7.856786196647318,0.8144533735305345,0.7330535277876157,glm,s-1-4-0,s-2-1-3
612,"[[ 67952  56535]
 [    78 125435]]","(array([0.        , 0.45414381, 1.        ]), array([0.        , 0.99937855, 1.        ]), array([2, 1, 0]))",0.9993785504290392,0.61254746286137,0.773548,0.6893169203714898,0.7726173721242371,7.8215558131431795,0.8158825040733959,0.7349193161884385,glm,s-1-4-0,s-2-2-0
613,"[[14698 10461]
 [   98 24743]]","(array([0.        , 0.41579554, 1.        ]), array([0.        , 0.99605491, 1.        ]), array([2, 1, 0]))",0.996054909222656,0.6356019468623789,0.78882,0.7028462674696058,0.7901296844296832,7.294066090851585,0.8241485552502289,0.7468142004261819,glm,s-1-4-0,s-2-2-1
614,"[[ 68632  56645]
 [    79 124644]]","(array([0.        , 0.45215802, 1.        ]), array([0.       , 0.9993666, 1.       ]), array([2, 1, 0]))",0.9993665963775727,0.6128624070295863,0.773104,0.6875430941755981,0.7736042892725448,7.83689138168539,0.8146347202070507,0.7333043880364146,glm,s-1-4-0,s-2-2-2
615,"[[137063 113319]
 [   126 249492]]","(array([0.        , 0.45258445, 1.        ]), array([0.        , 0.99949523, 1.        ]), array([2, 1, 0]))",0.999495228709468,0.6128527164590126,0.77311,0.6876638249667182,0.7734553888752667,7.836684195403669,0.8147622010061575,0.7334281088060053,glm,s-1-4-0,s-2-2-3
616,"[[ 68570  56228]
 [    67 125135]]","(array([0.        , 0.45055209, 1.        ]), array([0.        , 0.99946486, 1.        ]), array([2, 1, 0]))",0.9994648647785179,0.6149775902114598,0.77482,0.6899698394931711,0.7744563862987767,7.7776215076632065,0.8163684699818962,0.7355223157711596,glm,s-1-4-0,s-2-3-0
617,"[[13788 11298]
 [   16 24898]]","(array([0.        , 0.45037072, 1.        ]), array([0.        , 0.99935779, 1.        ]), array([2, 1, 0]))",0.9993577908003533,0.6139977599646024,0.77372,0.6878660625483479,0.7744935330466727,7.815614999675717,0.8148584519718541,0.733597331730486,glm,s-1-4-0,s-2-3-1
618,"[[ 68265  56709]
 [    90 124936]]","(array([0.        , 0.45376638, 1.        ]), array([0.        , 0.99928015, 1.        ]), array([2, 1, 0]))",0.9992801497288564,0.6119541024306966,0.772804,0.6878031324836907,0.7727568831605538,7.8472532193008,0.8147884866844274,0.7335317036282037,glm,s-1-4-0,s-2-3-2
619,"[[136468 113341]
 [   140 250051]]","(array([0.        , 0.45371063, 1.        ]), array([0.        , 0.99944043, 1.        ]), array([2, 1, 0]))",0.9994404275133798,0.6123388268167372,0.773038,0.6881026549841494,0.7728648962941485,7.839171022486389,0.815051916366653,0.7338215087932037,glm,s-1-4-0,s-2-3-3
620,"[[ 68104  56858]
 [    90 124948]]","(array([0.        , 0.45500232, 1.        ]), array([0.        , 0.99928022, 1.        ]), array([2, 1, 0]))",0.9992802188134807,0.6110172952010724,0.772208,0.6872600464231103,0.7721389490539932,7.867838806592239,0.8144073209839527,0.7330374931652474,glm,s-1-4-0,s-2-4-0
621,"[[13773 11202]
 [   71 24954]]","(array([0.        , 0.44852853, 1.        ]), array([0.        , 0.99716284, 1.        ]), array([2, 1, 0]))",0.9971628371628372,0.6130582905807512,0.77454,0.6901759044142051,0.7743171543171543,7.787291667804823,0.8157434497638155,0.7354596844072172,glm,s-1-4-0,s-2-4-1
622,"[[ 68446  56614]
 [    73 124867]]","(array([0.        , 0.45269471, 1.        ]), array([0.        , 0.99941572, 1.        ]), array([2, 1, 0]))",0.9994157195453818,0.6128506333848776,0.773252,0.6880444784853511,0.7733605065022607,7.831779543628859,0.8150028881832512,0.7337659132364279,glm,s-1-4-0,s-2-4-2
623,"[[136669 112973]
 [   141 250217]]","(array([0.        , 0.45254004, 1.        ]), array([0.        , 0.99943681, 1.        ]), array([2, 1, 0]))",0.9994368064931018,0.6133650960989842,0.773772,0.6889424268289325,0.7734483845798201,7.813818972108816,0.8156395261658419,0.7345850375605214,glm,s-1-4-0,s-2-4-3
624,"[[104447  87423]
 [    36  58094]]","(array([0.        , 0.45563663, 1.        ]), array([0.       , 0.9993807, 1.       ]), array([2, 1, 0]))",0.9993806984345432,0.4657132016921559,0.650164,0.39922483283740046,0.7718720347335066,12.083186991714534,0.5705362710965544,0.45371900568261697,glm,s-1-4-0,s-3-1-0
625,"[[21265 18373]
 [    2 10360]]","(array([0.        , 0.46351985, 1.        ]), array([0.        , 0.99980699, 1.        ]), array([2, 1, 0]))",0.9998069870681335,0.43967465891512975,0.6325,0.3605610273901089,0.7681435661916176,12.693294145201374,0.5299910474485229,0.41342761824189506,glm,s-1-4-0,s-3-1-1
626,"[[105066  87042]
 [    31  57861]]","(array([0.        , 0.45308889, 1.        ]), array([0.        , 0.99946452, 1.        ]), array([2, 1, 0]))",0.9994645201409521,0.46691677404937204,0.651708,0.39930850292954595,0.7731878163200856,12.02985790237431,0.5706353706945437,0.4538089172773818,glm,s-1-4-0,s-3-1-2
627,"[[181371 151834]
 [    61 166734]]","(array([0.        , 0.45567744, 1.        ]), array([0.        , 0.99963428, 1.        ]), array([2, 1, 0]))",0.9996342816031656,0.5334008421094979,0.69621,0.5233859019110519,0.7719784228951888,10.492777693162347,0.6870486625474129,0.5785088410184953,glm,s-1-4-0,s-3-1-3
628,"[[104629  87027]
 [    32  58312]]","(array([0.        , 0.45407918, 1.        ]), array([0.        , 0.99945153, 1.        ]), array([2, 1, 0]))",0.9994515288632936,0.46759396616105053,0.651764,0.4012137141441733,0.7726861726630615,12.027923682920344,0.572576012725657,0.45577614506800074,glm,s-1-4-0,s-3-2-0
629,"[[21570 18085]
 [    6 10339]]","(array([0.       , 0.4560585, 1.       ]), array([0.        , 0.99942001, 1.        ]), array([2, 1, 0]))",0.9994200096665056,0.44440100031130797,0.63818,0.3637419082465522,0.7716807525321558,12.497109289597084,0.5333642858985271,0.41675736248498485,glm,s-1-4-0,s-3-2-1
630,"[[104578  87189]
 [    30  58203]]","(array([0.        , 0.45466113, 1.        ]), array([0.        , 0.99948483, 1.        ]), array([2, 1, 0]))",0.9994848281902015,0.46684725341600075,0.651124,0.4003177616375041,0.7724118514852669,12.050029017952228,0.5716685082872928,0.4548523681582241,glm,s-1-4-0,s-3-2-2
631,"[[181632 151600]
 [    88 166680]]","(array([0.       , 0.4549383, 1.       ]), array([0.        , 0.99947232, 1.        ]), array([2, 1, 0]))",0.999472320828936,0.5337632741551903,0.696624,0.5236898328515772,0.7722670097926789,10.478478265523258,0.6872721874948459,0.5787950173902414,glm,s-1-4-0,s-3-2-3
632,"[[ 76316  63245]
 [    71 110368]]","(array([0.        , 0.45317101, 1.        ]), array([0.        , 0.99935711, 1.        ]), array([2, 1, 0]))",0.9993571111654398,0.5888206899869504,0.746736,0.6357127634451337,0.7730930481701908,8.747630947038552,0.7770971512258319,0.685608361877571,glm,s-1-4-0,s-3-3-0
633,"[[13988 11612]
 [   48 24352]]","(array([0.        , 0.45359375, 1.        ]), array([0.        , 0.99803279, 1.        ]), array([2, 1, 0]))",0.9980327868852459,0.6056315321775655,0.7668,0.6771215660104549,0.7722195184426229,8.05462835380036,0.8068385130210061,0.7236591860022823,glm,s-1-4-0,s-3-3-1
634,"[[ 76657  62931]
 [    62 110350]]","(array([0.        , 0.45083388, 1.        ]), array([0.        , 0.99943847, 1.        ]), array([2, 1, 0]))",0.9994384668333152,0.5906968754768535,0.748028,0.6368268881181434,0.7743022921323065,8.703005843641954,0.7779536329764921,0.6866524959678222,glm,s-1-4-0,s-3-3-2
635,"[[182059 150843]
 [    84 167014]]","(array([0.        , 0.45311533, 1.        ]), array([0.       , 0.9994973, 1.       ]), array([2, 1, 0]))",0.9994973009850507,0.5355722355688762,0.698146,0.5254375395224897,0.7731909848732139,10.425909037259697,0.6887814333288657,0.5805039324975705,glm,s-1-4-0,s-3-3-3
636,"[[ 76216  63114]
 [    52 110618]]","(array([0.        , 0.45298213, 1.        ]), array([0.        , 0.99953013, 1.        ]), array([2, 1, 0]))",0.9995301346344989,0.5895959600230777,0.747336,0.6367163216908802,0.773274002937719,8.726907262212551,0.7778988895999325,0.6865583082381038,glm,s-1-4-0,s-3-4-0
637,"[[14050 11528]
 [   52 24370]]","(array([0.        , 0.45069982, 1.        ]), array([0.        , 0.99787077, 1.        ]), array([2, 1, 0]))",0.9978707722545246,0.6078150605846353,0.7684,0.6788679035043735,0.7735854760482883,7.9993649682448185,0.8080238726790451,0.7252371826157344,glm,s-1-4-0,s-3-4-1
638,"[[ 76202  63446]
 [    53 110299]]","(array([0.        , 0.45432802, 1.        ]), array([0.        , 0.99951972, 1.        ]), array([2, 1, 0]))",0.9995197187182833,0.5879851729593477,0.746004,0.6348326570548792,0.7725958469851728,8.772913974235957,0.7764883120905888,0.6848045278220658,glm,s-1-4-0,s-3-4-2
639,"[[181406 151544]
 [   101 166949]]","(array([0.        , 0.45515543, 1.        ]), array([0.        , 0.99939539, 1.        ]), array([2, 1, 0]))",0.9993953906016163,0.5338343826648508,0.69671,0.5241842049903765,0.7721199809292808,10.475507841198382,0.687679567000245,0.5792729049244217,glm,s-1-4-0,s-3-4-3
640,"[[158918  27079]
 [  5909  58094]]","(array([0.        , 0.14558837, 1.        ]), array([0.       , 0.9076762, 1.       ]), array([2, 1, 0]))",0.9076762026779994,0.7017671162222712,0.868048,0.6820706092306247,0.8810439164865559,4.557547232056504,0.7788652330133533,0.7177504046257057,glm,s-0-3-0,s-0-1-0
641,"[[32872  5599]
 [ 1062 10467]]","(array([0.       , 0.1455382, 1.       ]), array([0.        , 0.90788447, 1.        ]), array([2, 1, 0]))",0.9078844652615145,0.6876119672682031,0.86678,0.6515000622432466,0.8811731338290624,4.601345330250235,0.7586156912484145,0.6904991226102674,glm,s-0-3-0,s-0-1-1
642,"[[159069  27149]
 [  5856  57926]]","(array([0.        , 0.14579149, 1.        ]), array([0.        , 0.90818726, 1.        ]), array([2, 1, 0]))",0.908187262864131,0.7014490785269144,0.86798,0.680881575080811,0.8811978855857991,4.559896092738638,0.7782771384617452,0.7167604595106933,glm,s-0-3-0,s-0-1-2
643,"[[277591  47564]
 [ 16141 158704]]","(array([0.      , 0.146281, 1.      ]), array([0.        , 0.90768395, 1.        ]), array([2, 1, 0]))",0.9076839486402242,0.7375556917783733,0.87259,0.7694067911648923,0.880701472098095,4.400661564579909,0.8328448517893643,0.7935858676270131,glm,s-0-3-0,s-0-1-3
644,"[[158805  27089]
 [  6014  58092]]","(array([0.        , 0.14572283, 1.        ]), array([0.        , 0.90618663, 1.        ]), array([2, 1, 0]))",0.9061866283967179,0.7006248952772227,0.867588,0.6819830713422007,0.8802318985528835,4.573435101182059,0.7782593259962355,0.7174863522960255,glm,s-0-3-0,s-0-2-0
645,"[[32910  5645]
 [ 1005 10440]]","(array([0.        , 0.14641421, 1.        ]), array([0.        , 0.91218873, 1.        ]), array([2, 1, 0]))",0.9121887287024901,0.6887200367300761,0.867,0.6490519117189929,0.8828872576206005,4.59374753507299,0.758445332364693,0.688790657781883,glm,s-0-3-0,s-0-2-1
646,"[[158791  27118]
 [  5949  58142]]","(array([0.        , 0.14586706, 1.        ]), array([0.        , 0.90717886, 1.        ]), array([2, 1, 0]))",0.9071788550654538,0.7011954550902816,0.867732,0.6819376026272578,0.8806558955358897,4.568461610134495,0.778595389384738,0.7175703661284869,glm,s-0-3-0,s-0-2-2
647,"[[277591  47564]
 [ 16141 158704]]","(array([0.      , 0.146281, 1.      ]), array([0.        , 0.90768395, 1.        ]), array([2, 1, 0]))",0.9076839486402242,0.7375556917783733,0.87259,0.7694067911648923,0.880701472098095,4.400661564579911,0.8328448517893643,0.7935858676270131,glm,s-0-3-0,s-0-2-3
648,"[[117767  20089]
 [ 10350 101794]]","(array([0.        , 0.14572452, 1.        ]), array([0.        , 0.90770795, 1.        ]), array([2, 1, 0]))",0.9077079469253817,0.7581784445767266,0.878244,0.8351779985724014,0.8809917113921244,4.205367511189847,0.8699338110559893,0.8487416538263994,glm,s-0-3-0,s-0-3-0
649,"[[21690  3701]
 [ 2293 22316]]","(array([0.        , 0.14576031, 1.        ]), array([0.        , 0.90682271, 1.        ]), array([2, 1, 0]))",0.9068227071396644,0.7615997434088488,0.88012,0.8577468578237306,0.88053119918442,4.140567700423675,0.8816023387192351,0.8671324323694212,glm,s-0-3-0,s-0-3-1
650,"[[117811  20216]
 [ 10304 101669]]","(array([0.       , 0.1464641, 1.       ]), array([0.        , 0.90797782, 1.        ]), array([2, 1, 0]))",0.9079778160806623,0.7576023123660712,0.87792,0.8341387373343726,0.8807568592382853,4.216558480937291,0.8694934532921689,0.8479299031046867,glm,s-0-3-0,s-0-3-2
651,"[[277591  47564]
 [ 16141 158704]]","(array([0.      , 0.146281, 1.      ]), array([0.        , 0.90768395, 1.        ]), array([2, 1, 0]))",0.9076839486402242,0.7375556917783733,0.87259,0.7694067911648923,0.880701472098095,4.400661564579909,0.8328448517893643,0.7935858676270131,glm,s-0-3-0,s-0-3-3
652,"[[117631  20186]
 [ 10411 101772]]","(array([0.        , 0.14646959, 1.        ]), array([0.        , 0.90719628, 1.        ]), array([2, 1, 0]))",0.9071962775108529,0.7569412962088741,0.877612,0.8344840026894504,0.8803633418871156,4.227196328115233,0.8693223314156854,0.8480787980300493,glm,s-0-3-0,s-0-4-0
653,"[[21660  3684]
 [ 2309 22347]]","(array([0.        , 0.14535985, 1.        ]), array([0.       , 0.9063514, 1.       ]), array([2, 1, 0]))",0.9063513951979234,0.7615673898830063,0.88014,0.8584764319465253,0.8804957733565374,4.139876653032651,0.8817645550141062,0.867642491070042,glm,s-0-3-0,s-0-4-1
654,"[[117712  20101]
 [ 10360 101827]]","(array([0.        , 0.14585707, 1.        ]), array([0.        , 0.90765418, 1.        ]), array([2, 1, 0]))",0.9076541845311845,0.7580133682148812,0.878156,0.8351404107342038,0.8808985586729704,4.208406961893276,0.8698887298976998,0.8487011980350025,glm,s-0-3-0,s-0-4-2
655,"[[277591  47564]
 [ 16141 158704]]","(array([0.      , 0.146281, 1.      ]), array([0.        , 0.90768395, 1.        ]), array([2, 1, 0]))",0.9076839486402242,0.7375556917783733,0.87259,0.7694067911648923,0.880701472098095,4.40066156457991,0.8328448517893643,0.7935858676270131,glm,s-0-3-0,s-0-4-3
656,"[[   247   8566]
 [  3151 238036]]","(array([0.        , 0.97197322, 1.        ]), array([0.        , 0.98693545, 1.        ]), array([2, 1, 0]))",0.9869354484279833,0.023830057440171765,0.953132,0.9652638664731024,0.5074811135252364,1.6187907694830226,0.9759793681284326,0.9695217070776599,glm,s-0-3-0,s-1-1-0
657,"[[   34  1302]
 [  678 47986]]","(array([0.       , 0.9745509, 1.       ]), array([0.        , 0.98606773, 1.        ]), array([2, 1, 0]))",0.9860677297386158,0.015675794092900736,0.9604,0.9735838337932153,0.5057584157675115,1.3677563667555461,0.9797860176412938,0.9760552608455103,glm,s-0-3-0,s-1-1-1
658,"[[   241   8708]
 [  3132 237919]]","(array([0.        , 0.97306962, 1.        ]), array([0.       , 0.9870069, 1.       ]), array([2, 1, 0]))",0.9870068989549929,0.022443538867615256,0.95264,0.964691619327973,0.5069686411190206,1.6357843016406586,0.9757216852103232,0.9690735842432013,glm,s-0-3-0,s-1-1-2
659,"[[  1829  68680]
 [  5590 423901]]","(array([0.        , 0.97406005, 1.        ]), array([0.        , 0.98698459, 1.        ]), array([2, 1, 0]))",0.9869845933907812,0.037205148128943634,0.85146,0.8605711547948459,0.5064622721595158,5.130499678403048,0.9194531446568164,0.8831951629604782,glm,s-0-3-0,s-1-1-3
660,"[[   240   8673]
 [  3128 237959]]","(array([0.        , 0.97307304, 1.        ]), array([0.        , 0.98702543, 1.        ]), array([2, 1, 0]))",0.9870254306536644,0.02244071771600359,0.952796,0.9648342469752506,0.5069761956364922,1.6303961405794127,0.9758036902396666,0.9691922956301445,glm,s-0-3-0,s-1-2-0
661,"[[   30  1355]
 [  660 47955]]","(array([0.        , 0.97833935, 1.        ]), array([0.        , 0.98642394, 1.        ]), array([2, 1, 0]))",0.9864239432273989,0.011373029060916067,0.9597,0.9725207868586494,0.5040422965234468,1.3919343578052596,0.979423027827419,0.9752699762054869,glm,s-0-3-0,s-1-2-1
662,"[[   251   8570]
 [  3149 238030]]","(array([0.        , 0.97154518, 1.        ]), array([0.        , 0.98694331, 1.        ]), array([2, 1, 0]))",0.9869433076677488,0.024527917815986035,0.953124,0.9652473641524737,0.5076990656919405,1.6190670924877413,0.9759747754618383,0.9695099052688257,glm,s-0-3-0,s-1-2-2
663,"[[  1932  68579]
 [  5647 423842]]","(array([0.        , 0.97260002, 1.        ]), array([0.        , 0.98685182, 1.        ]), array([2, 1, 0]))",0.9868518169266267,0.04059755259076351,0.851548,0.8607309598900128,0.5071258985357844,5.12746010456161,0.9194867177924092,0.8833085400677649,glm,s-0-3-0,s-1-2-3
664,"[[  1909  66091]
 [  2418 179582]]","(array([0.        , 0.97192647, 1.        ]), array([0.        , 0.98671429, 1.        ]), array([2, 1, 0]))",0.9867142857142858,0.050457066844415345,0.725964,0.7309797983498391,0.5073939075630253,9.46507951293078,0.8398098547254562,0.770942017288691,glm,s-0-3-0,s-1-3-0
665,"[[  626 22414]
 [  345 26615]]","(array([0.        , 0.97282986, 1.        ]), array([0.        , 0.98720326, 1.        ]), array([2, 1, 0]))",0.9872032640949555,0.05191880054408093,0.54482,0.5428419914744335,0.5071867014919221,15.721718682971453,0.7004961244390635,0.5965455719127113,glm,s-0-3-0,s-1-3-1
666,"[[  1848  66201]
 [  2445 179506]]","(array([0.       , 0.9728431, 1.       ]), array([0.        , 0.98656232, 1.        ]), array([2, 1, 0]))",0.9865623162279954,0.04700328825227699,0.725416,0.7305693366489355,0.5068596089361994,9.484007114218063,0.8394838866570952,0.7705581917256407,glm,s-0-3-0,s-1-3-2
667,"[[  1903  68462]
 [  5543 424092]]","(array([0.       , 0.9729553, 1.       ]), array([0.        , 0.98709835, 1.        ]), array([2, 1, 0]))",0.9870983509257858,0.04060529773376121,0.85199,0.8610061028841508,0.5070715232210113,5.112193778289262,0.9197507235501616,0.8835798555827008,glm,s-0-3-0,s-1-3-3
668,"[[  1779  65932]
 [  2413 179876]]","(array([0.        , 0.97372657, 1.        ]), array([0.        , 0.98676278, 1.        ]), array([2, 1, 0]))",0.9867627777869208,0.04511826264889494,0.72662,0.7317743930221962,0.5065181022782871,9.442421567071753,0.8403516025573643,0.771654907976776,glm,s-0-3-0,s-1-4-0
669,"[[  620 22511]
 [  351 26518]]","(array([0.        , 0.97319614, 1.        ]), array([0.        , 0.98693662, 1.        ]), array([2, 1, 0]))",0.9869366184078305,0.04964649124499745,0.54276,0.5408635705398845,0.5068702373522876,15.792870113563982,0.6987799415004348,0.5946139874879476,glm,s-0-3-0,s-1-4-1
670,"[[  1928  66169]
 [  2459 179444]]","(array([0.        , 0.97168745, 1.        ]), array([0.        , 0.98648181, 1.        ]), array([2, 1, 0]))",0.9864818062373902,0.050161512411228515,0.725488,0.7305965075138531,0.5073971801940435,9.481520219969157,0.8394726747069116,0.7705725487501663,glm,s-0-3-0,s-1-4-2
671,"[[  1899  68600]
 [  5450 424051]]","(array([0.        , 0.97306345, 1.        ]), array([0.        , 0.98731086, 1.        ]), array([2, 1, 0]))",0.9873108560864817,0.04120269588859061,0.8519,0.8607533527791479,0.5071237041890018,5.115302488853695,0.9196987047688451,0.8834009345424472,glm,s-0-3-0,s-1-4-3
672,"[[ 54121  71208]
 [  1444 123227]]","(array([0.        , 0.56816858, 1.        ]), array([0.        , 0.98841751, 1.        ]), array([2, 1, 0]))",0.9884175148992147,0.5053907027232538,0.709392,0.6337696402396688,0.7101244673012778,10.03747248150744,0.7723264369833223,0.6827653918225731,glm,s-0-3-0,s-2-1-0
673,"[[11060 14031]
 [  274 24635]]","(array([0.       , 0.5592045, 1.       ]), array([0.        , 0.98899996, 1.        ]), array([2, 1, 0]))",0.9889999598538681,0.5132662783464851,0.7139,0.637123053845756,0.7148977321089913,9.881768309614808,0.774990169091624,0.68593274044539,glm,s-0-3-0,s-2-1-1
674,"[[ 54263  70537]
 [  1474 123726]]","(array([0.        , 0.56520032, 1.        ]), array([0.        , 0.98822684, 1.        ]), array([2, 1, 0]))",0.9882268370607029,0.5081713866994771,0.711956,0.6368994610399304,0.7115132582739412,9.948912912711386,0.7745873544041094,0.6856510154590957,glm,s-0-3-0,s-2-1-2
675,"[[108910 141323]
 [  2883 246884]]","(array([0.        , 0.56476564, 1.        ]), array([0.        , 0.98845724, 1.        ]), array([2, 1, 0]))",0.9884572421496836,0.5084528562042948,0.711588,0.6359596813040466,0.7118458018623478,9.961623580624238,0.7739625752773625,0.6848016332010242,glm,s-0-3-0,s-2-1-3
676,"[[ 54141  70346]
 [  1420 124093]]","(array([0.        , 0.56508712, 1.        ]), array([0.        , 0.98868643, 1.        ]), array([2, 1, 0]))",0.9886864308876372,0.5094304341449001,0.712936,0.6382104413209284,0.7117996566786463,9.915064300951936,0.775697604640696,0.6869105438136368,glm,s-0-3-0,s-2-2-0
677,"[[10854 14305]
 [  276 24565]]","(array([0.        , 0.56858381, 1.        ]), array([0.        , 0.98888934, 1.        ]), array([2, 1, 0]))",0.9888893361780927,0.5051745645145979,0.70838,0.6319783895034731,0.7101527645952668,10.072426737108634,0.7711384219365572,0.6811464000310558,glm,s-0-3-0,s-2-2-1
678,"[[ 54575  70702]
 [  1438 123285]]","(array([0.        , 0.56436537, 1.        ]), array([0.        , 0.98847045, 1.        ]), array([2, 1, 0]))",0.9884704505183487,0.5085711209601448,0.71144,0.6355322779361504,0.7120525420850881,9.966735449065466,0.7736500266700135,0.6844064036701526,glm,s-0-3-0,s-2-2-2
679,"[[109162 141220]
 [  2828 246790]]","(array([0.        , 0.56401818, 1.        ]), array([0.        , 0.98867069, 1.        ]), array([2, 1, 0]))",0.9886706888125055,0.5092864411783439,0.711904,0.6360403082394783,0.7123262542959414,9.950709162566373,0.7740877125847672,0.6848969116225165,glm,s-0-3-0,s-2-2-3
680,"[[ 54529  70269]
 [  1391 123811]]","(array([0.        , 0.56306191, 1.        ]), array([0.        , 0.98888995, 1.        ]), array([2, 1, 0]))",0.9888899538346033,0.5109398007006712,0.71336,0.6379379637262984,0.7129140228956026,9.900419613484491,0.7755589103049968,0.6866776407009479,glm,s-0-3-0,s-2-3-0
681,"[[10975 14111]
 [  294 24620]]","(array([0.        , 0.56250498, 1.        ]), array([0.        , 0.98819941, 1.        ]), array([2, 1, 0]))",0.9881994059564904,0.5094051779343172,0.7119,0.6356665203583692,0.7128472115487626,9.950847141760518,0.7736664309843664,0.684504943337893,glm,s-0-3-0,s-2-3-1
682,"[[ 54350  70624]
 [  1464 123562]]","(array([0.        , 0.56510954, 1.        ]), array([0.        , 0.98829044, 1.        ]), array([2, 1, 0]))",0.9882904355893974,0.5081074025449337,0.711648,0.6363074577981935,0.7115904464022491,9.959551134100925,0.7741688908938261,0.6851081761424754,glm,s-0-3-0,s-2-3-2
683,"[[108753 141056]
 [  2805 247386]]","(array([0.       , 0.5646554, 1.       ]), array([0.        , 0.98878857, 1.        ]), array([2, 1, 0]))",0.9887885655359305,0.509364494023913,0.712278,0.6368672800572543,0.7120665844064171,9.937791397926718,0.7747360377556436,0.6856752287607423,glm,s-0-3-0,s-2-3-3
684,"[[ 54446  70516]
 [  1464 123574]]","(array([0.        , 0.56429955, 1.        ]), array([0.        , 0.98829156, 1.        ]), array([2, 1, 0]))",0.9882915593659527,0.5087698205025633,0.71208,0.6366840125714874,0.7119960061518229,9.944630037272235,0.774447870446968,0.6854574782726388,glm,s-0-3-0,s-2-4-0
685,"[[10998 13977]
 [  289 24736]]","(array([0.        , 0.55963964, 1.        ]), array([0.        , 0.98845155, 1.        ]), array([2, 1, 0]))",0.9884515484515485,0.5128483388529025,0.71468,0.6389584893963268,0.7144059544059544,9.854827200461553,0.7761774765446046,0.6875809580991455,glm,s-0-3-0,s-2-4-1
686,"[[ 54589  70471]
 [  1413 123527]]","(array([0.        , 0.56349752, 1.        ]), array([0.        , 0.98869057, 1.        ]), array([2, 1, 0]))",0.9886905714743077,0.5099125787444877,0.712464,0.636743677769874,0.7125965251422395,9.931367003209049,0.7746145018781081,0.6855511847731017,glm,s-0-3-0,s-2-4-2
687,"[[108901 140741]
 [  2910 247448]]","(array([0.        , 0.56377132, 1.        ]), array([0.        , 0.98837664, 1.        ]), array([2, 1, 0]))",0.9883766446448685,0.509519864804635,0.712698,0.6374420707438903,0.712302662056934,9.923284608094479,0.7750345706737328,0.6861684840781005,glm,s-0-3-0,s-2-4-3
688,"[[ 84218 107652]
 [ 15278  42852]]","(array([0.        , 0.56106739, 1.        ]), array([0.       , 0.7371753, 1.       ]), array([2, 1, 0]))",0.7371752967486668,0.15198674842538198,0.50828,0.284723329612502,0.588053953685221,16.983751441955704,0.4107863531351553,0.324564566020244,glm,s-0-3-0,s-3-1-0
689,"[[17226 22412]
 [ 2798  7564]]","(array([0.        , 0.56541702, 1.        ]), array([0.        , 0.72997491, 1.        ]), array([2, 1, 0]))",0.7299749083188574,0.13612381033253562,0.4958,0.252335201494529,0.5822789421255219,17.41480946986608,0.3750309881501314,0.2903290190840281,glm,s-0-3-0,s-3-1-1
690,"[[ 84389 107719]
 [ 15207  42685]]","(array([0.        , 0.56072105, 1.        ]), array([0.        , 0.73732122, 1.        ]), array([2, 1, 0]))",0.7373212188212533,0.15216769714873643,0.508296,0.28380229249222094,0.5883000830400434,16.9831990358255,0.4098494450205477,0.3236124504933981,glm,s-0-3-0,s-3-1-2
691,"[[145118 188087]
 [  1923 164872]]","(array([0.        , 0.56447832, 1.        ]), array([0.        , 0.98847088, 1.        ]), array([2, 1, 0]))",0.9884708774243832,0.43875708626754933,0.61998,0.4671137440892568,0.7119962766347918,13.125726593357664,0.6344232079021999,0.5221992979993425,glm,s-0-3-0,s-3-1-3
692,"[[ 84076 107580]
 [ 15532  42812]]","(array([0.       , 0.5613182, 1.       ]), array([0.        , 0.73378582, 1.        ]), array([2, 1, 0]))",0.7337858220211161,0.14900725711850255,0.507552,0.2846693973083675,0.5862338134607814,17.008895440887134,0.41020236087689715,0.3243765835444726,glm,s-0-3-0,s-3-2-0
693,"[[17373 22282]
 [ 2633  7712]]","(array([0.        , 0.56189636, 1.        ]), array([0.        , 0.74548091, 1.        ]), array([2, 1, 0]))",0.7454809086515225,0.15179345083169535,0.5017,0.2571180902847236,0.5917922762902046,17.211028610182787,0.3823595032102928,0.29588477682031294,glm,s-0-3-0,s-3-2-1
694,"[[ 84141 107626]
 [ 15184  43049]]","(array([0.        , 0.56123316, 1.        ]), array([0.        , 0.73925437, 1.        ]), array([2, 1, 0]))",0.7392543746672848,0.15377770834233292,0.50876,0.2857076489132238,0.5890106057528699,16.96717274612801,0.41213357075841994,0.32566841117026984,glm,s-0-3-0,s-3-2-2
695,"[[144873 188359]
 [  2008 164760]]","(array([0.        , 0.56524884, 1.        ]), array([0.        , 0.98795932, 1.        ]), array([2, 1, 0]))",0.9879593207329943,0.43755170163308177,0.619266,0.4665849189649948,0.711355242543479,13.150387714684632,0.6338300438364491,0.5216420008561058,glm,s-0-3-0,s-3-2-3
696,"[[ 60760  78801]
 [  1252 109187]]","(array([0.        , 0.56463482, 1.        ]), array([0.        , 0.98866343, 1.        ]), array([2, 1, 0]))",0.988663425058177,0.4875683344221992,0.679788,0.580818988446071,0.7120143029375836,11.059982703275528,0.7317501432511134,0.6330481185448364,glm,s-0-3-0,s-3-3-0
697,"[[11182 14418]
 [  292 24108]]","(array([0.        , 0.56320313, 1.        ]), array([0.        , 0.98803279, 1.        ]), array([2, 1, 0]))",0.9880327868852459,0.5050046124524181,0.7058,0.625759227534652,0.7124148309426229,10.161538587297695,0.7662333534627975,0.6752789853448663,glm,s-0-3-0,s-3-3-1
698,"[[ 61309  78279]
 [  1252 109160]]","(array([0.        , 0.56078603, 1.        ]), array([0.        , 0.98866065, 1.        ]), array([2, 1, 0]))",0.9886606528275912,0.490531489890134,0.681876,0.5823761330352808,0.7139373126876873,10.987864068603521,0.7329839416352472,0.6345272086383125,glm,s-0-3-0,s-3-3-2
699,"[[145499 187403]
 [  1891 165207]]","(array([0.        , 0.56293744, 1.        ]), array([0.        , 0.98868329, 1.        ]), array([2, 1, 0]))",0.9886832876515578,0.4404665433427764,0.621412,0.468526133688778,0.7128729233014204,13.076265971710868,0.6357685469532892,0.5236228857878543,glm,s-0-3-0,s-3-3-3
700,"[[ 60684  78646]
 [  1325 109345]]","(array([0.        , 0.56445848, 1.        ]), array([0.        , 0.98802747, 1.        ]), array([2, 1, 0]))",0.988027469052137,0.4871531747789028,0.680116,0.581650185381215,0.7117844945920988,11.048653488867588,0.7322348749920479,0.6337855915718601,glm,s-0-3-0,s-3-4-0
701,"[[11055 14523]
 [  283 24139]]","(array([0.        , 0.56779263, 1.        ]), array([0.        , 0.98841209, 1.        ]), array([2, 1, 0]))",0.9884120874621243,0.5021146292280381,0.70388,0.6243598365319952,0.7103097265835134,10.227854717130525,0.7652970642318179,0.6740101636231641,glm,s-0-3-0,s-3-4-1
702,"[[ 60960  78688]
 [  1245 109107]]","(array([0.        , 0.56347388, 1.        ]), array([0.        , 0.98871792, 1.        ]), array([2, 1, 0]))",0.9887179208351458,0.48841730609125467,0.680268,0.5809899092095103,0.7126220218291219,11.043403729187935,0.7319007066983736,0.6332150169697701,glm,s-0-3-0,s-3-4-2
703,"[[144956 187994]
 [  1924 165126]]","(array([0.        , 0.56463133, 1.        ]), array([0.        , 0.98848249, 1.        ]), array([2, 1, 0]))",0.9884824902723736,0.43891825123902517,0.620164,0.4676200724966017,0.7119255821237225,13.119371309775877,0.6348924390103236,0.5227061214411882,glm,s-0-3-0,s-3-4-3
704,"[[158164  27833]
 [ 54598   9405]]","(array([0.       , 0.1496422, 1.       ]), array([0.        , 0.14694624, 1.        ]), array([2, 1, 0]))",0.14694623689514555,-0.0033046588837789127,0.670276,0.25256458456415487,0.4986520191825309,11.388352528816627,0.185794292826029,0.2208213002747059,glm,s-2-3-0,s-0-1-0
705,"[[32762  5709]
 [ 9884  1645]]","(array([0.        , 0.14839749, 1.        ]), array([0.        , 0.14268367, 1.        ]), array([2, 1, 0]))",0.14268366727383122,-0.0067949877131132375,0.68814,0.22368778895839,0.4971430865287042,10.771354104551424,0.17423078959911031,0.2008792282329955,glm,s-2-3-0,s-0-1-1
706,"[[158495  27723]
 [ 54450   9332]]","(array([0.       , 0.1488739, 1.       ]), array([0.        , 0.14631087, 1.        ]), array([2, 1, 0]))",0.14631087140572574,-0.0031445340103979772,0.671308,0.25184185669950077,0.49871848546174763,11.352708159754211,0.18509079008697202,0.22009226328053513,glm,s-2-3-0,s-0-1-2
707,"[[257224  67931]
 [149165  25680]]","(array([0.        , 0.20891882, 1.        ]), array([0.        , 0.14687294, 1.        ]), array([2, 1, 0]))",0.14687294460808145,-0.07584908608687468,0.565808,0.27432673510591704,0.4689770606388349,14.996569035365122,0.19131626784277497,0.23375672915350573,glm,s-2-3-0,s-0-1-3
708,"[[158079  27815]
 [ 54724   9382]]","(array([0.        , 0.14962828, 1.        ]), array([0.        , 0.14635136, 1.        ]), array([2, 1, 0]))",0.14635135556734158,-0.004020740004499181,0.669844,0.25222464177218595,0.4983615363912643,11.403273222648215,0.1852264987216568,0.22034439674204068,glm,s-2-3-0,s-0-2-0
709,"[[32843  5712]
 [ 9805  1640]]","(array([0.        , 0.14815199, 1.        ]), array([0.        , 0.14329401, 1.        ]), array([2, 1, 0]))",0.14329401485364787,-0.00576303843679217,0.68966,0.22306855277475518,0.4975710120954791,10.718855212407005,0.17449593020162793,0.2007196533914278,glm,s-2-3-0,s-0-2-1
710,"[[158241  27668]
 [ 54711   9380]]","(array([0.       , 0.1488255, 1.       ]), array([0.       , 0.1463544, 1.       ]), array([2, 1, 0]))",0.1463544023341811,-0.0030367952406800337,0.670484,0.25318505722306195,0.4987644508430073,11.381167935592181,0.18548729965690783,0.22093149239458648,glm,s-2-3-0,s-0-2-2
711,"[[257224  67931]
 [149165  25680]]","(array([0.        , 0.20891882, 1.        ]), array([0.        , 0.14687294, 1.        ]), array([2, 1, 0]))",0.14687294460808145,-0.07584908608687468,0.565808,0.27432673510591704,0.4689770606388349,14.99656903536512,0.19131626784277497,0.23375672915350573,glm,s-2-3-0,s-0-2-3
712,"[[108378  29478]
 [ 95835  16309]]","(array([0.        , 0.21383182, 1.        ]), array([0.        , 0.14542909, 1.        ]), array([2, 1, 0]))",0.14542909116849764,-0.087955201282458,0.498748,0.35619280581824536,0.46579863332798144,17.312725027633963,0.2065332328675181,0.27615038673584114,glm,s-2-3-0,s-0-3-0
713,"[[19972  5419]
 [20879  3730]]","(array([0.        , 0.21342208, 1.        ]), array([0.        , 0.15157056, 1.        ]), array([2, 1, 0]))",0.15157056361493762,-0.07997404602421107,0.47404,0.4076948300360695,0.46907424246281915,18.166101493036702,0.22098465548906923,0.3047136671840536,glm,s-2-3-0,s-0-3-1
714,"[[108512  29515]
 [ 95454  16519]]","(array([0.        , 0.21383497, 1.        ]), array([0.        , 0.14752664, 1.        ]), array([2, 1, 0]))",0.14752663588543666,-0.08507237955970665,0.500124,0.35884346352695834,0.46684583078440867,17.265199789654986,0.20909200225306473,0.278934446436954,glm,s-2-3-0,s-0-3-2
715,"[[257224  67931]
 [149165  25680]]","(array([0.        , 0.20891882, 1.        ]), array([0.        , 0.14687294, 1.        ]), array([2, 1, 0]))",0.14687294460808145,-0.07584908608687468,0.565808,0.27432673510591704,0.4689770606388349,14.996569035365118,0.19131626784277497,0.23375672915350573,glm,s-2-3-0,s-0-3-3
716,"[[108153  29664]
 [ 95859  16324]]","(array([0.        , 0.21524195, 1.        ]), array([0.        , 0.14551224, 1.        ]), array([2, 1, 0]))",0.14551224338803562,-0.0895122860522363,0.497908,0.3549621640427938,0.4651351460524061,17.341738194706167,0.20640951881191877,0.2756175392979553,glm,s-2-3-0,s-0-4-0
717,"[[19895  5449]
 [20896  3760]]","(array([0.        , 0.21500158, 1.        ]), array([0.        , 0.15249838, 1.        ]), array([2, 1, 0]))",0.15249837767683322,-0.08061442022108839,0.4731,0.40829623194700837,0.46874839969700244,18.19856842260638,0.22205817215414142,0.3057308267742145,glm,s-2-3-0,s-0-4-1
718,"[[108421  29392]
 [ 95735  16452]]","(array([0.        , 0.21327451, 1.        ]), array([0.        , 0.14664801, 1.        ]), array([2, 1, 0]))",0.14664800734487954,-0.08563297841538414,0.499492,0.3588692086205392,0.46668674884161826,17.287027902934625,0.20821231277407598,0.27831629804813185,glm,s-2-3-0,s-0-4-2
719,"[[257224  67931]
 [149165  25680]]","(array([0.        , 0.20891882, 1.        ]), array([0.        , 0.14687294, 1.        ]), array([2, 1, 0]))",0.14687294460808145,-0.07584908608687468,0.565808,0.27432673510591704,0.4689770606388349,14.996569035365118,0.19131626784277497,0.23375672915350573,glm,s-2-3-0,s-0-4-3
720,"[[   259   8554]
 [  1863 239324]]","(array([0.       , 0.9706116, 1.       ]), array([0.       , 0.9922757, 1.       ]), array([2, 1, 0]))",0.992275703085158,0.043549977500055986,0.958332,0.9654910883579826,0.5108320532899976,1.43918909384881,0.9787001727786695,0.9707317033598631,glm,s-2-3-0,s-1-1-0
721,"[[   33  1303]
 [  417 48247]]","(array([0.       , 0.9752994, 1.       ]), array([0.        , 0.99143104, 1.        ]), array([2, 1, 0]))",0.9914310373171132,0.027545931399769658,0.9656,0.9737033299697275,0.5080658180597541,1.1881547454939592,0.9824872217810087,0.9771979713526476,glm,s-2-3-0,s-1-1-1
722,"[[   243   8706]
 [  1860 239191]]","(array([0.        , 0.97284613, 1.        ]), array([0.        , 0.99228379, 1.        ]), array([2, 1, 0]))",0.9922837905671414,0.03953943764526092,0.957736,0.9648805754002671,0.5097188312540702,1.459774690735415,0.9783903400770635,0.9702394618375696,glm,s-2-3-0,s-1-1-2
723,"[[  2047  68462]
 [  2442 427049]]","(array([0.        , 0.97096825, 1.        ]), array([0.       , 0.9943142, 1.       ]), array([2, 1, 0]))",0.9943141998318941,0.08614091809923596,0.858192,0.8618355596545788,0.5116729773216683,4.897984287088026,0.9233471927628265,0.8854298195962323,glm,s-2-3-0,s-1-1-3
724,"[[   241   8672]
 [  1965 239122]]","(array([0.        , 0.97296084, 1.        ]), array([0.        , 0.99184942, 1.        ]), array([2, 1, 0]))",0.9918494153562821,0.03744982738141197,0.957452,0.9650031881320774,0.5094442858224247,1.469583594486319,0.9782421489074028,0.9702555379817457,glm,s-2-3-0,s-1-2-0
725,"[[   30  1355]
 [  379 48236]]","(array([0.        , 0.97833935, 1.        ]), array([0.        , 0.99220405, 1.        ]), array([2, 1, 0]))",0.9922040522472488,0.025261404112428495,0.96532,0.9726764937186183,0.5069323510333716,1.1978264344658616,0.9823432376840519,0.9765202709542107,glm,s-2-3-0,s-1-2-1
726,"[[   267   8554]
 [  1896 239283]]","(array([0.        , 0.96973132, 1.        ]), array([0.        , 0.99213862, 1.        ]), array([2, 1, 0]))",0.9921386190339955,0.044638210611258035,0.9582,0.965485379503464,0.5112036480273707,1.4437482123329386,0.9786305560554256,0.9707008446873782,glm,s-2-3-0,s-1-2-2
727,"[[  2048  68463]
 [  2404 427085]]","(array([0.        , 0.97095489, 1.        ]), array([0.        , 0.99440265, 1.        ]), array([2, 1, 0]))",0.9944026505917497,0.08687312704482483,0.858266,0.8618438577090413,0.5117238820600677,4.895428419233999,0.92339009142337,0.8854508535747472,glm,s-2-3-0,s-1-2-3
728,"[[  2016  65984]
 [   452 181548]]","(array([0.        , 0.97035294, 1.        ]), array([0.        , 0.99751648, 1.        ]), array([2, 1, 0]))",0.9975164835164835,0.12226110086945356,0.734256,0.7334324450980075,0.5135817711700064,9.17868363683648,0.8453293351834088,0.7744376040841956,glm,s-2-3-0,s-1-3-0
729,"[[  665 22375]
 [    9 26951]]","(array([0.        , 0.97113715, 1.        ]), array([0.        , 0.99966617, 1.        ]), array([2, 1, 0]))",0.999666172106825,0.1233161981725322,0.55232,0.5463852734865994,0.5142645096645235,15.462677236323625,0.7065778779854758,0.6008766453822281,glm,s-2-3-0,s-1-3-1
730,"[[  2005  66044]
 [   476 181475]]","(array([0.        , 0.97053594, 1.        ]), array([0.        , 0.99738391, 1.        ]), array([2, 1, 0]))",0.9973839110529757,0.12055409248156337,0.73392,0.7331760390111466,0.5134239868568528,9.190288857608556,0.8451114163969543,0.7741929153509262,glm,s-2-3-0,s-1-3-2
731,"[[  2085  68280]
 [  2521 427114]]","(array([0.        , 0.97036879, 1.        ]), array([0.        , 0.99413223, 1.        ]), array([2, 1, 0]))",0.9941322285195573,0.08649681048930881,0.858398,0.8621703129226433,0.5118817186085316,4.89086900809721,0.9234607779864199,0.8856835838920775,glm,s-2-3-0,s-1-3-3
732,"[[  1881  65830]
 [   469 181820]]","(array([0.        , 0.97222017, 1.        ]), array([0.        , 0.99742716, 1.        ]), array([2, 1, 0]))",0.9974271623630608,0.11608544220052465,0.734804,0.7341813042600445,0.5126034956710521,9.159755894820051,0.8457944033921092,0.7750946594264249,glm,s-2-3-0,s-1-4-0
733,"[[  665 22466]
 [   12 26857]]","(array([0.       , 0.9712507, 1.       ]), array([0.        , 0.99955339, 1.        ]), array([2, 1, 0]))",0.9995533886635156,0.12210446215130916,0.55044,0.5445127019848752,0.5141513430715443,15.527611591213383,0.7049821503569927,0.5990560356172573,glm,s-2-3-0,s-1-4-1
734,"[[  2001  66096]
 [   591 181312]]","(array([0.        , 0.97061545, 1.        ]), array([0.        , 0.99675102, 1.        ]), array([2, 1, 0]))",0.9967510156511987,0.11486600839956303,0.733252,0.7328461488714997,0.5130677850184272,9.213360926556621,0.8446650563344522,0.7738223783327002,glm,s-2-3-0,s-1-4-2
735,"[[  2083  68416]
 [  2893 426608]]","(array([0.        , 0.97045348, 1.        ]), array([0.        , 0.99326428, 1.        ]), array([2, 1, 0]))",0.9932642764510443,0.07997618305573949,0.857382,0.8617925595526682,0.511405397420688,4.925960622404941,0.9228695816770774,0.8852268657372996,glm,s-2-3-0,s-1-4-3
736,"[[ 69899  55430]
 [    84 124587]]","(array([0.        , 0.44227593, 1.        ]), array([0.        , 0.99932623, 1.        ]), array([2, 1, 0]))",0.9993262266284861,0.6203687044508381,0.777944,0.6920846364510018,0.7785251484377979,7.669719817890511,0.8178005041222497,0.7374289573465886,glm,s-2-3-0,s-2-1-0
737,"[[14153 10938]
 [   16 24893]]","(array([0.       , 0.4359332, 1.       ]), array([0.        , 0.99935766, 1.        ]), array([2, 1, 0]))",0.999357661889277,0.6251349255031626,0.78092,0.6947336105606877,0.7817122293743544,7.5669300525308625,0.8196575567994733,0.7398370117634472,glm,s-2-3-0,s-2-1-1
738,"[[ 69993  54807]
 [    82 125118]]","(array([0.        , 0.43915865, 1.        ]), array([0.        , 0.99934505, 1.        ]), array([2, 1, 0]))",0.9993450479233227,0.6236123460359786,0.780444,0.6953897457273864,0.7800931970385844,7.583370884306438,0.820109791069234,0.7404308202154102,glm,s-2-3-0,s-2-1-2
739,"[[140014 110219]
 [   162 249605]]","(array([0.        , 0.44046549, 1.        ]), array([0.       , 0.9993514, 1.       ]), array([2, 1, 0]))",0.9993513955006066,0.6221299156981662,0.779238,0.6936863577749122,0.7794429546668572,7.625025616151589,0.8189261324396193,0.7388859977395752,glm,s-2-3-0,s-2-1-3
740,"[[ 69625  54862]
 [    88 125425]]","(array([0.        , 0.44070465, 1.        ]), array([0.        , 0.99929888, 1.        ]), array([2, 1, 0]))",0.9992988774071212,0.6228216564512266,0.7802,0.6956963064447242,0.7792971127578795,7.591798521658231,0.8203073904512754,0.7407037763638574,glm,s-2-3-0,s-2-2-0
741,"[[14066 11093]
 [   13 24828]]","(array([0.        , 0.44091578, 1.        ]), array([0.        , 0.99947667, 1.        ]), array([2, 1, 0]))",0.9994766716315768,0.6209285649258488,0.77788,0.6911834303053924,0.7792804479824087,7.671930411523423,0.8172212896218031,0.7366266132621272,glm,s-2-3-0,s-2-2-1
742,"[[ 70276  55001]
 [    90 124633]]","(array([0.       , 0.4390351, 1.       ]), array([0.       , 0.9992784, 1.       ]), array([2, 1, 0]))",0.9992784009364752,0.6228879335921323,0.779636,0.6938163153968625,0.7801216513570681,7.611278836121133,0.8189921703788642,0.7389959668381838,glm,s-2-3-0,s-2-2-2
743,"[[140315 110067]
 [   139 249479]]","(array([0.       , 0.4395963, 1.       ]), array([0.        , 0.99944315, 1.        ]), array([2, 1, 0]))",0.9994431491318735,0.6228227326168536,0.779588,0.6938722722544542,0.7799234261367365,7.612936801335753,0.8190864857411141,0.7390647718156514,glm,s-2-3-0,s-2-2-3
744,"[[ 70214  54584]
 [    87 125115]]","(array([0.       , 0.4373788, 1.       ]), array([0.        , 0.99930512, 1.        ]), array([2, 1, 0]))",0.9993051229213591,0.6249355605378656,0.781316,0.6962476140657433,0.7809631593869283,7.553252358049169,0.8206926182596975,0.7412043630435143,glm,s-2-3-0,s-2-3-0
745,"[[14147 10939]
 [   20 24894]]","(array([0.        , 0.43605995, 1.        ]), array([0.        , 0.99919724, 1.        ]), array([2, 1, 0]))",0.9991972385004415,0.6248434041576155,0.78082,0.6947227416068986,0.7815686423706862,7.5703839461623,0.8195960294335523,0.7398095645661711,glm,s-2-3-0,s-2-3-1
746,"[[ 69906  55068]
 [   106 124920]]","(array([0.        , 0.44063565, 1.        ]), array([0.        , 0.99915218, 1.        ]), array([2, 1, 0]))",0.9991521763473198,0.6219249967125006,0.779304,0.6940462697513168,0.7792582620658294,7.622745924176352,0.819109942494443,0.7391908428385117,glm,s-2-3-0,s-2-3-2
747,"[[140082 109727]
 [   151 250040]]","(array([0.        , 0.43924358, 1.        ]), array([0.        , 0.99939646, 1.        ]), array([2, 1, 0]))",0.9993964611037167,0.6234629921839171,0.780244,0.6950053784810725,0.7800764395034975,7.590278820294437,0.8198597280468491,0.7400878136508374,glm,s-2-3-0,s-2-3-3
748,"[[ 69909  55053]
 [    89 124949]]","(array([0.        , 0.44055793, 1.        ]), array([0.        , 0.99928822, 1.        ]), array([2, 1, 0]))",0.9992882163822198,0.622201029688591,0.779432,0.6941533982955745,0.7793651433858089,7.61832491282196,0.819230264883294,0.7393029491885649,glm,s-2-3-0,s-2-4-0
749,"[[14117 10858]
 [   10 25015]]","(array([0.        , 0.43475475, 1.        ]), array([0.       , 0.9996004, 1.       ]), array([2, 1, 0]))",0.9996003996003996,0.6272790089865448,0.78264,0.6973211050093385,0.7824228224228224,7.507522077775727,0.8215376531248975,0.7422099847493132,glm,s-2-3-0,s-2-4-1
750,"[[ 70209  54851]
 [    84 124856]]","(array([0.        , 0.43859747, 1.        ]), array([0.        , 0.99932768, 1.        ]), array([2, 1, 0]))",0.9993276772850969,0.6236276706083339,0.78026,0.6947753843756782,0.7803651020361195,7.589726159892249,0.8196765436718563,0.7398716234794399,glm,s-2-3-0,s-2-4-2
751,"[[140059 109583]
 [   169 250189]]","(array([0.        , 0.43896059, 1.        ]), array([0.        , 0.99932497, 1.        ]), array([2, 1, 0]))",0.9993249666477604,0.6237047198827985,0.780496,0.6954098706958852,0.7801821875403181,7.5815748183588605,0.8201170242407356,0.7404468683817063,glm,s-2-3-0,s-2-4-3
752,"[[107163  84707]
 [    41  58089]]","(array([0.        , 0.44148121, 1.        ]), array([0.        , 0.99929468, 1.        ]), array([2, 1, 0]))",0.9992946843282299,0.4761339868423134,0.661008,0.40679710916272166,0.7789067365457275,11.708639813661637,0.578212874391567,0.46152636044963247,glm,s-2-3-0,s-3-1-0
753,"[[21878 17760]
 [    5 10357]]","(array([0.       , 0.4480549, 1.       ]), array([0.        , 0.99951747, 1.        ]), array([2, 1, 0]))",0.9995174676703339,0.450563265925195,0.6447,0.368353665042501,0.7757312854270737,12.27191127011897,0.5383196029002832,0.4215989579093056,glm,s-2-3-0,s-3-1-1
754,"[[107638  84470]
 [    34  57858]]","(array([0.        , 0.43970059, 1.        ]), array([0.       , 0.9994127, 1.       ]), array([2, 1, 0]))",0.9994126995094313,0.47681525937046704,0.661984,0.4065117194086898,0.7798560572109382,11.674929209881844,0.5779442613125562,0.461237492107831,glm,s-2-3-0,s-3-1-2
755,"[[186545 146660]
 [   102 166693]]","(array([0.        , 0.44014946, 1.        ]), array([0.        , 0.99938847, 1.        ]), array([2, 1, 0]))",0.9993884708774243,0.5451516038420366,0.706476,0.5319655468433364,0.7796195066681355,10.13819434045799,0.6943400784758033,0.5868616335506022,glm,s-2-3-0,s-3-1-3
756,"[[107327  84329]
 [    41  58303]]","(array([0.        , 0.44000188, 1.        ]), array([0.        , 0.99929727, 1.        ]), array([2, 1, 0]))",0.9992972713560949,0.47791937194539474,0.66252,0.4087652139772281,0.779647696495345,11.656415974761222,0.5801986306822705,0.4635522014018751,glm,s-2-3-0,s-3-2-0
757,"[[22045 17610]
 [    6 10339]]","(array([0.        , 0.44408019, 1.        ]), array([0.        , 0.99942001, 1.        ]), array([2, 1, 0]))",0.9994200096665056,0.4530809023357401,0.64768,0.36992378975991985,0.7776699090067491,12.168983317669847,0.5399801535488589,0.4232403533620979,glm,s-2-3-0,s-3-2-1
758,"[[107531  84236]
 [    32  58201]]","(array([0.        , 0.43926223, 1.        ]), array([0.        , 0.99945048, 1.        ]), array([2, 1, 0]))",0.9994504834028816,0.4782584534333155,0.662928,0.40860871824034484,0.7800941268589496,11.642323856541854,0.5800667762993971,0.4633977779582502,glm,s-2-3-0,s-3-2-2
759,"[[186456 146776]
 [    97 166671]]","(array([0.       , 0.4404619, 1.       ]), array([0.        , 0.99941835, 1.        ]), array([2, 1, 0]))",0.9994183536409863,0.5449096600587866,0.706254,0.5317358277475936,0.7794782266116296,10.145862134324263,0.694151577939048,0.586640019823224,glm,s-2-3-0,s-3-2-3
760,"[[ 78155  61406]
 [    79 110360]]","(array([0.        , 0.43999398, 1.        ]), array([0.        , 0.99928467, 1.        ]), array([2, 1, 0]))",0.9992846729868977,0.59898299316146,0.75406,0.642502008546511,0.7796453459301825,8.494663066883529,0.782126468347478,0.6919096229105094,glm,s-2-3-0,s-3-3-0
761,"[[14333 11267]
 [   11 24389]]","(array([0.        , 0.44011719, 1.        ]), array([0.        , 0.99954918, 1.        ]), array([2, 1, 0]))",0.9995491803278689,0.6182451900188434,0.77444,0.6840083015481265,0.7797159964139344,7.790746584920974,0.8122086053017183,0.7301046556183542,glm,s-2-3-0,s-3-3-1
762,"[[ 78552  61036]
 [    68 110344]]","(array([0.        , 0.43725822, 1.        ]), array([0.        , 0.99938412, 1.        ]), array([2, 1, 0]))",0.9993841249139587,0.6012003071163236,0.755584,0.643855759131754,0.7810629539376224,8.442024788253486,0.7831592096297979,0.6931747938266083,glm,s-2-3-0,s-3-3-2
763,"[[186873 146029]
 [    92 167006]]","(array([0.        , 0.43865462, 1.        ]), array([0.        , 0.99944942, 1.        ]), array([2, 1, 0]))",0.9994494248883888,0.5467278592920098,0.707758,0.5335058380053349,0.7803974029056516,10.093914620027759,0.6956655759966509,0.588365024048116,glm,s-2-3-0,s-3-3-3
764,"[[ 78153  61177]
 [    57 110613]]","(array([0.        , 0.43907988, 1.        ]), array([0.        , 0.99948496, 1.        ]), array([2, 1, 0]))",0.9994849552724315,0.6003565438174319,0.755064,0.6438849758425985,0.7802025364892984,8.459985402951792,0.7832117821992494,0.6932115864281866,glm,s-2-3-0,s-3-4-0
765,"[[14246 11332]
 [   12 24410]]","(array([0.        , 0.44303698, 1.        ]), array([0.        , 0.99950864, 1.        ]), array([2, 1, 0]))",0.9995086397510441,0.6160957628660798,0.77312,0.6829500307761177,0.778235827421069,7.8363388092389155,0.8114487068678944,0.7291355517055976,glm,s-2-3-0,s-3-4-1
766,"[[ 78201  61447]
 [    58 110294]]","(array([0.        , 0.44001346, 1.        ]), array([0.        , 0.99947441, 1.        ]), array([2, 1, 0]))",0.9994744091634044,0.5990638312047917,0.75398,0.6422112366878031,0.779730473371803,8.497426300129101,0.7819690669389173,0.6916580126323817,glm,s-2-3-0,s-3-4-2
767,"[[186530 146420]
 [   112 166938]]","(array([0.        , 0.43976573, 1.        ]), array([0.        , 0.99932954, 1.        ]), array([2, 1, 0]))",0.9993295420532775,0.5456790572116368,0.706936,0.5327389120430944,0.7797819057315494,10.122306119509561,0.6949842633761303,0.5876104026661372,glm,s-2-3-0,s-3-4-3
768,"[[177209   8788]
 [ 13013  50990]]","(array([0.        , 0.04724807, 1.        ]), array([0.        , 0.79668141, 1.        ]), array([2, 1, 0]))",0.7966814055591144,0.7668052504449326,0.912796,0.8529893940914718,0.8747166658327247,3.0119475641906583,0.8238744233767703,0.8410999125744354,glm,s-0-2-0,s-0-1-0
769,"[[36540  1931]
 [ 2368  9161]]","(array([0.        , 0.05019365, 1.        ]), array([0.        , 0.79460491, 1.        ]), array([2, 1, 0]))",0.7946049093590077,0.7546596070498909,0.91402,0.825910566173819,0.8722056284987443,2.9696748748871755,0.8099553512223157,0.8194536379412132,glm,s-0-2-0,s-0-1-1
770,"[[177554   8664]
 [ 13488  50294]]","(array([0.        , 0.04652611, 1.        ]), array([0.        , 0.78852968, 1.        ]), array([2, 1, 0]))",0.7885296792198426,0.7619563414467011,0.911392,0.853047932426473,0.8710017823329663,3.060439609648787,0.8195209385693336,0.8393132497146327,glm,s-0-2-0,s-0-1-2
771,"[[312910  12245]
 [ 47886 126959]]","(array([0.        , 0.03765896, 1.        ]), array([0.        , 0.72612314, 1.        ]), array([2, 1, 0]))",0.7261231376361921,0.7324811600139362,0.879738,0.9120355736904112,0.8442320874938045,4.153721908945815,0.8085298790953005,0.8676080862585269,glm,s-0-2-0,s-0-1-3
772,"[[177083   8811]
 [ 13182  50924]]","(array([0.        , 0.04739798, 1.        ]), array([0.        , 0.79437182, 1.        ]), array([2, 1, 0]))",0.7943718216703585,0.7648804010657779,0.912028,0.8524985351971206,0.8734869210883341,3.0384734180249136,0.8224093797692202,0.840202477511665,glm,s-0-2-0,s-0-2-0
773,"[[36602  1953]
 [ 2266  9179]]","(array([0.        , 0.05065491, 1.        ]), array([0.        , 0.80200961, 1.        ]), array([2, 1, 0]))",0.8020096111839231,0.7587707228728088,0.91562,0.8245598275242544,0.8756773513058768,2.9144131844781875,0.8131284050139522,0.8199489039358262,glm,s-0-2-0,s-0-2-1
774,"[[177212   8697]
 [ 13201  50890]]","(array([0.        , 0.04678095, 1.        ]), array([0.        , 0.79402724, 1.        ]), array([2, 1, 0]))",0.7940272425145496,0.7657525311569968,0.912408,0.8540453454612583,0.873623145271712,3.0253483183784176,0.8229434499264218,0.8413266807521518,glm,s-0-2-0,s-0-2-2
775,"[[312910  12245]
 [ 47886 126959]]","(array([0.        , 0.03765896, 1.        ]), array([0.        , 0.72612314, 1.        ]), array([2, 1, 0]))",0.7261231376361921,0.7324811600139362,0.879738,0.9120355736904112,0.8442320874938045,4.1537219089458155,0.8085298790953005,0.8676080862585269,glm,s-0-2-0,s-0-2-3
776,"[[132687   5169]
 [ 34409  77735]]","(array([0.        , 0.03749565, 1.        ]), array([0.        , 0.69317128, 1.        ]), array([2, 1, 0]))",0.693171279783136,0.6926584424691027,0.841688,0.9376507768020843,0.827837816075412,5.4679193011075675,0.797085845535458,0.8758675860825671,glm,s-0-2-0,s-0-3-0
777,"[[24446   945]
 [ 8488 16121]]","(array([0.        , 0.03721791, 1.        ]), array([0.        , 0.65508554, 1.        ]), array([2, 1, 0]))",0.6550855378113698,0.6514696903934093,0.81134,0.9446267432321575,0.8089338129764188,6.516100667055281,0.7736532693461307,0.8679056345762493,glm,s-0-2-0,s-0-3-1
778,"[[132834   5193]
 [ 34259  77714]]","(array([0.        , 0.03762307, 1.        ]), array([0.        , 0.69404231, 1.        ]), array([2, 1, 0]))",0.69404231377207,0.6933384016479022,0.842192,0.9373635519316825,0.8282096200128146,5.450511834565885,0.7975574712643677,0.8759448242902969,glm,s-0-2-0,s-0-3-2
779,"[[312910  12245]
 [ 47886 126959]]","(array([0.        , 0.03765896, 1.        ]), array([0.        , 0.72612314, 1.        ]), array([2, 1, 0]))",0.7261231376361921,0.7324811600139362,0.879738,0.9120355736904112,0.8442320874938045,4.153721908945813,0.8085298790953005,0.8676080862585269,glm,s-0-2-0,s-0-3-3
780,"[[132680   5137]
 [ 34372  77811]]","(array([0.        , 0.03727407, 1.        ]), array([0.        , 0.69360777, 1.        ]), array([2, 1, 0]))",0.6936077658825313,0.6932834379483236,0.841964,0.9380696339875585,0.8281668497740946,5.458386496474101,0.7975257647426601,0.8762993411791205,glm,s-0-2-0,s-0-4-0
781,"[[24363   981]
 [ 8154 16502]]","(array([0.        , 0.03870739, 1.        ]), array([0.        , 0.66928942, 1.        ]), array([2, 1, 0]))",0.6692894224529526,0.6611153956106194,0.8173,0.9438883486815763,0.8152910180446581,6.3102501354517635,0.7832174470205747,0.8723093838541887,glm,s-0-2-0,s-0-4-1
782,"[[132647   5166]
 [ 34295  77892]]","(array([0.        , 0.03748558, 1.        ]), array([0.        , 0.69430504, 1.        ]), array([2, 1, 0]))",0.6943050442564647,0.6935676615223688,0.842156,0.9378024994582099,0.8284097329864243,5.451755144159579,0.7978898307254988,0.8763351701884933,glm,s-0-2-0,s-0-4-2
783,"[[312910  12245]
 [ 47886 126959]]","(array([0.        , 0.03765896, 1.        ]), array([0.        , 0.72612314, 1.        ]), array([2, 1, 0]))",0.7261231376361921,0.7324811600139362,0.879738,0.9120355736904112,0.8442320874938045,4.153721908945815,0.8085298790953005,0.8676080862585269,glm,s-0-2-0,s-0-4-3
784,"[[   265   8548]
 [103352 137835]]","(array([0.        , 0.96993078, 1.        ]), array([0.        , 0.57148603, 1.        ]), array([2, 1, 0]))",0.5714860253662096,-0.14915785264883186,0.5524,0.9416052410457498,0.3007776206486103,15.459583654197353,0.7112779626906107,0.833626661537959,glm,s-0-2-0,s-1-1-0
785,"[[   35  1301]
 [21017 27647]]","(array([0.       , 0.9738024, 1.       ]), array([0.        , 0.56812017, 1.        ]), array([2, 1, 0]))",0.5681201709682723,-0.13250648903003742,0.55364,0.9550573442033992,0.29715888787934575,15.416749037157464,0.7124413750450961,0.8405591769227028,glm,s-0-2-0,s-1-1-1
786,"[[   258   8691]
 [102902 138149]]","(array([0.        , 0.97116996, 1.        ]), array([0.        , 0.57311108, 1.        ]), array([2, 1, 0]))",0.5731110843763353,-0.15021426720304334,0.553628,0.9408131299373468,0.30097056062598193,15.417170494154135,0.712308354666646,0.8338192032698745,glm,s-0-2-0,s-1-1-2
787,"[[  1929  68580]
 [184096 245395]]","(array([0.        , 0.97264179, 1.        ]), array([0.        , 0.57136238, 1.        ]), array([2, 1, 0]))",0.5713623801197231,-0.288943545073339,0.494648,0.7815749661597261,0.29936029485499405,17.45434940150442,0.6601377870675996,0.7280061421948972,glm,s-0-2-0,s-1-1-3
788,"[[   230   8683]
 [103757 137330]]","(array([0.      , 0.974195, 1.      ]), array([0.        , 0.56962839, 1.        ]), array([2, 1, 0]))",0.5696283914105696,-0.15219612448107062,0.55024,0.9405326922945217,0.297716697668709,15.534187842992973,0.7095324205631619,0.8321628234758023,glm,s-0-2-0,s-1-2-0
789,"[[   30  1355]
 [20905 27710]]","(array([0.        , 0.97833935, 1.        ]), array([0.        , 0.56998869, 1.        ]), array([2, 1, 0]))",0.5699886866193562,-0.13583811650446126,0.5548,0.953380354378118,0.2958246682194254,15.376684920104596,0.7134397528321318,0.8403335860500378,glm,s-0-2-0,s-1-2-1
790,"[[   258   8563]
 [103240 137939]]","(array([0.        , 0.97075162, 1.        ]), array([0.       , 0.5719362, 1.       ]), array([2, 1, 0]))",0.5719361967667168,-0.14938701205097477,0.552788,0.9415502860029215,0.3005922906518087,15.446182656931978,0.7116108346810908,0.8337836547237807,glm,s-0-2-0,s-1-2-2
791,"[[  1984  68527]
 [184633 244856]]","(array([0.        , 0.97186255, 1.        ]), array([0.        , 0.57011006, 1.        ]), array([2, 1, 0]))",0.57011006102601,-0.28910107925217327,0.49368,0.7813314697989361,0.2991237573783168,17.48778285229737,0.659214508017532,0.7274300201839431,glm,s-0-2-0,s-1-2-3
792,"[[  1976  66024]
 [ 78356 103644]]","(array([0.        , 0.97094118, 1.        ]), array([0.        , 0.56947253, 1.        ]), array([2, 1, 0]))",0.5694725274725275,-0.38255821011350255,0.42248,0.6108635688521111,0.29926567550096966,19.94704531407174,0.5894423149106545,0.6021109086853065,glm,s-0-2-0,s-1-3-0
793,"[[  668 22372]
 [11685 15275]]","(array([0.        , 0.97100694, 1.        ]), array([0.        , 0.56658012, 1.        ]), array([2, 1, 0]))",0.566580118694362,-0.4674010980620096,0.31886,0.40574282147315854,0.29778658712495876,23.52609992550363,0.4728589781293049,0.4301653637326244,glm,s-0-2-0,s-1-3-1
794,"[[  1935  66114]
 [ 77747 104204]]","(array([0.        , 0.97156461, 1.        ]), array([0.        , 0.57270364, 1.        ]), array([2, 1, 0]))",0.5727036399909866,-0.38097743057934497,0.424556,0.6118202421352998,0.3005695160674415,19.875343102130977,0.5916160661312804,0.6035752059433078,glm,s-0-2-0,s-1-3-2
795,"[[  2020  68345]
 [184659 244976]]","(array([0.        , 0.97129255, 1.        ]), array([0.        , 0.57019563, 1.        ]), array([2, 1, 0]))",0.5701956311752999,-0.2883599950882355,0.493992,0.7818690735699171,0.2994515425826048,17.4770064630087,0.6594630099225257,0.7278306323714926,glm,s-0-2-0,s-1-3-3
796,"[[  1845  65866]
 [ 78129 104160]]","(array([0.        , 0.97275184, 1.        ]), array([0.        , 0.57140036, 1.        ]), array([2, 1, 0]))",0.5714003587709626,-0.38238657791218766,0.42402,0.6126121887240775,0.29932425819099295,19.893855093078002,0.5912890453145623,0.6039010056899813,glm,s-0-2-0,s-1-4-0
797,"[[  665 22466]
 [11501 15368]]","(array([0.       , 0.9712507, 1.       ]), array([0.        , 0.57196025, 1.        ]), array([2, 1, 0]))",0.5719602515910529,-0.4639774185582285,0.32066,0.406195485542105,0.3003547745353129,23.46393163123596,0.47503206961037353,0.4311887994164024,glm,s-0-2-0,s-1-4-1
798,"[[  2016  66081]
 [ 78337 103566]]","(array([0.        , 0.97039517, 1.        ]), array([0.       , 0.5693474, 1.       ]), array([2, 1, 0]))",0.5693473994381621,-0.3823014003048004,0.422328,0.610479407239739,0.29947611392234996,19.95229539039199,0.5891964158725644,0.6017843301092052,glm,s-0-2-0,s-1-4-2
799,"[[  1997  68502]
 [184777 244724]]","(array([0.        , 0.97167336, 1.        ]), array([0.       , 0.5697868, 1.       ]), array([2, 1, 0]))",0.56978679909942,-0.2891278563918623,0.493442,0.7813016799371699,0.2990567210152627,17.496003041099492,0.6589877572782463,0.7273040676888144,glm,s-0-2-0,s-1-4-3
800,"[[59390 65939]
 [62018 62653]]","(array([0.        , 0.52612723, 1.        ]), array([0.       , 0.5025467, 1.       ]), array([2, 1, 0]))",0.5025467029220909,-0.023590190426199257,0.488172,0.4872231554062461,0.48820973489983455,17.678123743274142,0.49476631012030975,0.49021264742840415,glm,s-0-2-0,s-2-1-0
801,"[[12084 13007]
 [12473 12436]]","(array([0.        , 0.51839305, 1.        ]), array([0.       , 0.4992573, 1.       ]), array([2, 1, 0]))",0.4992572965594765,-0.019138630955772687,0.4904,0.4887788389733915,0.4904321236294653,17.601168458121972,0.4939625039720369,0.49083919451219993,glm,s-0-2-0,s-2-1-1
802,"[[59446 65354]
 [62186 63014]]","(array([0.        , 0.52366987, 1.        ]), array([0.        , 0.50330671, 1.        ]), array([2, 1, 0]))",0.5033067092651757,-0.02037053209799008,0.48984,0.4908855789604886,0.489818418735152,17.620511193189447,0.4970185512367491,0.49332051506876773,glm,s-0-2-0,s-2-1-2
803,"[[119149 131084]
 [124056 125711]]","(array([0.        , 0.52384777, 1.        ]), array([0.        , 0.50331309, 1.        ]), array([2, 1, 0]))",0.5033130877978276,-0.02054226638465392,0.48972,0.48953834770926224,0.48973265696153945,17.624656447654097,0.49633016294155496,0.49223264552091817,glm,s-0-2-0,s-2-1-3
804,"[[59241 65246]
 [62564 62949]]","(array([0.        , 0.52411898, 1.        ]), array([0.        , 0.50153371, 1.        ]), array([2, 1, 0]))",0.5015337056719225,-0.022592469628633177,0.48876,0.4910409922383868,0.4887073606801538,17.65781272626986,0.4962318886278714,0.4931042640292155,glm,s-0-2-0,s-2-2-0
805,"[[11901 13258]
 [12366 12475]]","(array([0.        , 0.52696848, 1.        ]), array([0.        , 0.50219395, 1.        ]), array([2, 1, 0]))",0.5021939535445433,-0.024784681374651733,0.48752,0.4847860723584502,0.48761273654014803,17.700644148118414,0.4933364970142762,0.4881704272420621,glm,s-0-2-0,s-2-2-1
806,"[[59757 65520]
 [61866 62857]]","(array([0.        , 0.52300103, 1.        ]), array([0.       , 0.5039728, 1.       ]), array([2, 1, 0]))",0.5039728037330725,-0.01903512706187278,0.490456,0.4896282044291423,0.490485887007464,17.599235837862874,0.4966969577242196,0.4924314237321597,glm,s-0-2-0,s-2-2-2
807,"[[119558 130824]
 [124110 125508]]","(array([0.        , 0.52249762, 1.        ]), array([0.        , 0.50280028, 1.        ]), array([2, 1, 0]))",0.5028002788260462,-0.019703642842577432,0.490132,0.4896306352698844,0.49015132759747726,17.610426055988736,0.4961280758968277,0.4922090817964055,glm,s-0-2-0,s-2-2-3
808,"[[59673 65125]
 [62373 62829]]","(array([0.       , 0.5218433, 1.       ]), array([0.        , 0.50182106, 1.        ]), array([2, 1, 0]))",0.5018210571716106,-0.02002780871603913,0.490008,0.49102802569673476,0.4899888792003985,17.614707946323854,0.4963658771666482,0.4931493301602153,glm,s-0-2-0,s-2-3-0
809,"[[11975 13111]
 [12284 12630]]","(array([0.        , 0.52264211, 1.        ]), array([0.        , 0.50694389, 1.        ]), array([2, 1, 0]))",0.5069438869711809,-0.015705031466320837,0.4921,0.4906569286352512,0.4921508879167472,17.54245420141328,0.4986674563221795,0.4938300567728616,glm,s-0-2-0,s-2-3-1
810,"[[59522 65452]
 [61901 63125]]","(array([0.        , 0.52372493, 1.        ]), array([0.        , 0.50489498, 1.        ]), array([2, 1, 0]))",0.5048949818437765,-0.018837666966506152,0.490588,0.49095094768115605,0.49058502352867045,17.59467650188824,0.4978253411828724,0.49367779595641714,glm,s-0-2-0,s-2-3-2
811,"[[119040 130769]
 [124081 126110]]","(array([0.        , 0.52347594, 1.        ]), array([0.       , 0.5040549, 1.       ]), array([2, 1, 0]))",0.5040549020548301,-0.019428384193421248,0.4903,0.4909315280735288,0.4902894832200101,17.60462345359867,0.4974066696905753,0.4935012487213422,glm,s-0-2-0,s-2-3-3
812,"[[59678 65284]
 [61857 63181]]","(array([0.        , 0.52243082, 1.        ]), array([0.        , 0.50529439, 1.        ]), array([2, 1, 0]))",0.5052943905052864,-0.01714301527031073,0.491436,0.49181489121550614,0.4914317857681599,17.56538708217589,0.49846352903121455,0.4944529486709929,glm,s-0-2-0,s-2-4-0
813,"[[11994 12981]
 [12411 12614]]","(array([0.        , 0.51975976, 1.        ]), array([0.        , 0.50405594, 1.        ]), array([2, 1, 0]))",0.504055944055944,-0.015708257374745748,0.49216,0.4928306309826138,0.4921480921480922,17.54037979587627,0.4983800869221652,0.49503551665947176,glm,s-0-2-0,s-2-4-1
814,"[[59689 65371]
 [61866 63074]]","(array([0.       , 0.5227171, 1.       ]), array([0.        , 0.50483432, 1.        ]), array([2, 1, 0]))",0.5048343204738275,-0.0178895685938097,0.491052,0.49105842967807234,0.49105861233990433,17.578650250571442,0.4978510961580204,0.49375313126252507,glm,s-0-2-0,s-2-4-2
815,"[[119224 130418]
 [124552 125806]]","(array([0.        , 0.52242011, 1.        ]), array([0.        , 0.50250441, 1.        ]), array([2, 1, 0]))",0.5025044136796109,-0.01992184633666173,0.49006,0.4910000624453603,0.4900421540442021,17.61291219861606,0.49668563036191576,0.49325859789500764,glm,s-0-2-0,s-2-4-3
816,"[[123472  68398]
 [ 35005  23125]]","(array([0.        , 0.35648095, 1.        ]), array([0.        , 0.39781524, 1.        ]), array([2, 1, 0]))",0.3978152416996387,0.03624648924957688,0.586388,0.2526687280792806,0.5206671455279869,14.285871145711921,0.30904826498633503,0.2725577645666656,glm,s-0-2-0,s-3-1-0
817,"[[25369 14269]
 [ 6276  4086]]","(array([0.        , 0.35998284, 1.        ]), array([0.        , 0.39432542, 1.        ]), array([2, 1, 0]))",0.3943254198031268,0.028878908340077506,0.5891,0.22260964314900572,0.5171712875290925,14.192211409783429,0.28457011526273635,0.2438471270678666,glm,s-0-2-0,s-3-1-1
818,"[[123359  68749]
 [ 34975  22917]]","(array([0.        , 0.35786641, 1.        ]), array([0.       , 0.3958578, 1.       ]), array([2, 1, 0]))",0.39585780418710703,0.03325646000615737,0.585104,0.25000545458512424,0.5189956978542715,14.330220057237776,0.30646304443760947,0.26989372426723446,glm,s-0-2-0,s-3-1-2
819,"[[158541 174664]
 [ 82933  83862]]","(array([0.        , 0.52419381, 1.        ]), array([0.        , 0.50278486, 1.        ]), array([2, 1, 0]))",0.502784855661141,-0.02020019290496939,0.484806,0.32438516822292535,0.4892955205212564,17.794449687770697,0.39434685802017777,0.349163418405711,glm,s-0-2-0,s-3-1-3
820,"[[123027  68629]
 [ 35244  23100]]","(array([0.        , 0.35808428, 1.        ]), array([0.       , 0.3959276, 1.       ]), array([2, 1, 0]))",0.39592760180995473,0.03321196750946475,0.584508,0.251828756445617,0.5189216629077322,14.350804784162378,0.3078501795792714,0.2715985514743921,glm,s-0-2-0,s-3-2-0
821,"[[25484 14171]
 [ 6264  4081]]","(array([0.        , 0.35735721, 1.        ]), array([0.        , 0.39449009, 1.        ]), array([2, 1, 0]))",0.3944900918318028,0.03124348799891431,0.5913,0.22359193513039666,0.5185664429654538,14.116224534503662,0.28541455397419313,0.24480222667450477,glm,s-0-2-0,s-3-2-1
822,"[[123203  68564]
 [ 35056  23177]]","(array([0.        , 0.35753805, 1.        ]), array([0.        , 0.39800457, 1.        ]), array([2, 1, 0]))",0.39800456785671356,0.03548962152632043,0.58552,0.25263513587163866,0.5202332569320539,14.315851334555393,0.309080240575033,0.27254425595665066,glm,s-0-2-0,s-3-2-2
823,"[[158524 174708]
 [ 90920  75848]]","(array([0.        , 0.52428338, 1.        ]), array([0.        , 0.45481147, 1.        ]), array([2, 1, 0]))",0.45481147462342897,-0.06550885355977062,0.468744,0.30271875349223326,0.46526404623762796,18.349211584590343,0.3634969472160719,0.32441624921299717,glm,s-0-2-0,s-3-2-3
824,"[[66375 73186]
 [54568 55871]]","(array([0.        , 0.52440152, 1.        ]), array([0.        , 0.50589918, 1.        ]), array([2, 1, 0]))",0.5058991841650141,-0.018386056389730947,0.488984,0.43291723811959054,0.49074883399106317,17.650101435571777,0.4665714667468349,0.44577901820264987,glm,s-0-2-0,s-3-3-0
825,"[[12263 13337]
 [12222 12178]]","(array([0.        , 0.52097656, 1.        ]), array([0.        , 0.49909836, 1.        ]), array([2, 1, 0]))",0.4990983606557377,-0.021876542271825526,0.48882,0.47728786988046246,0.48906089907786887,17.65574500216897,0.487949514174096,0.48149612525699825,glm,s-0-2-0,s-3-3-1
826,"[[66843 72745]
 [54873 55539]]","(array([0.        , 0.52114079, 1.        ]), array([0.        , 0.50301598, 1.        ]), array([2, 1, 0]))",0.5030159765242909,-0.018007173219717273,0.489528,0.43293785663060086,0.4909375953916981,17.63131093072308,0.4653534202500251,0.4453466292891646,glm,s-0-2-0,s-3-3-2
827,"[[159178 173724]
 [ 90928  76170]]","(array([0.        , 0.52184727, 1.        ]), array([0.        , 0.45584029, 1.        ]), array([2, 1, 0]))",0.4558402853415361,-0.06227213482722848,0.470696,0.3048092391173858,0.46699650748683996,18.281790319459738,0.36533074975059476,0.3264408052292243,glm,s-0-2-0,s-3-3-3
828,"[[66451 72879]
 [55067 55603]]","(array([0.        , 0.52306754, 1.        ]), array([0.        , 0.50242161, 1.        ]), array([2, 1, 0]))",0.502421613806813,-0.02051776922150871,0.488216,0.4327687925156831,0.4896770381529579,17.676626233937426,0.4650013380611494,0.4451102949417065,glm,s-0-2-0,s-3-4-0
829,"[[12117 13461]
 [12101 12321]]","(array([0.        , 0.52627258, 1.        ]), array([0.        , 0.50450414, 1.        ]), array([2, 1, 0]))",0.5045041356154287,-0.02177327812549651,0.48876,0.47789155224575286,0.4891157788093564,17.657819311754295,0.4908373834754203,0.48298706389651125,glm,s-0-2-0,s-3-4-1
830,"[[66648 73000]
 [54632 55720]]","(array([0.       , 0.5227429, 1.       ]), array([0.        , 0.50492968, 1.        ]), array([2, 1, 0]))",0.5049296795708279,-0.01769832678377437,0.489472,0.4328775637041641,0.491093391572765,17.633245917790582,0.46613572480256993,0.44559459528622974,glm,s-0-2-0,s-3-4-2
831,"[[158547 174403]
 [ 90661  76389]]","(array([0.        , 0.52381138, 1.        ]), array([0.        , 0.45728225, 1.        ]), array([2, 1, 0]))",0.45728225082310686,-0.06276055555602877,0.469872,0.30459105553606175,0.46673543386627636,18.310251357062445,0.36563581449447397,0.3263879037922849,glm,s-0-2-0,s-3-4-3
832,"[[137683  48314]
 [  5462  58541]]","(array([0.        , 0.25975688, 1.        ]), array([0.        , 0.91466025, 1.        ]), array([2, 1, 0]))",0.9146602503007671,0.5777565082264381,0.784896,0.5478545692761219,0.8274516862508314,7.429583484651838,0.6852591040513174,0.5956273922872962,glm,s-0-4-0,s-0-1-0
833,"[[28496  9975]
 [  985 10544]]","(array([0.        , 0.25928622, 1.        ]), array([0.        , 0.91456328, 1.        ]), array([2, 1, 0]))",0.9145632752190129,0.5610974826923709,0.7808,0.5138651981090696,0.8276385298140242,7.5710593054517465,0.6580129805292062,0.5632177768281609,glm,s-0-4-0,s-0-1-1
834,"[[137942  48276]
 [  5403  58379]]","(array([0.        , 0.25924454, 1.        ]), array([0.        , 0.91528958, 1.        ]), array([2, 1, 0]))",0.9152895801323258,0.5782447077157862,0.785284,0.5473629928273405,0.8280225193941548,7.416182317871804,0.685050781227081,0.5952157617627987,glm,s-0-4-0,s-0-1-2
835,"[[240994  84161]
 [ 15110 159735]]","(array([0.        , 0.25883348, 1.        ]), array([0.       , 0.9135806, 1.       ]), array([2, 1, 0]))",0.9135805999599645,0.6246473537936653,0.801458,0.6549307901728606,0.827373560271228,6.857532332836999,0.7629298301336626,0.6942410179159254,glm,s-0-4-0,s-0-1-3
836,"[[137647  48247]
 [  5590  58516]]","(array([0.        , 0.25954038, 1.        ]), array([0.        , 0.91280067, 1.        ]), array([2, 1, 0]))",0.9128006738838799,0.5766738962131598,0.784652,0.5480925039573635,0.8266301453273639,7.438010731800084,0.6849223674276785,0.5956942572451227,glm,s-0-4-0,s-0-2-0
837,"[[28538 10017]
 [  947 10498]]","(array([0.        , 0.25981066, 1.        ]), array([0.        , 0.91725644, 1.        ]), array([2, 1, 0]))",0.9172564438619485,0.5615285861279847,0.78072,0.5117231294174994,0.8287228918829908,7.573823079225181,0.6569461827284105,0.5613603550612267,glm,s-0-4-0,s-0-2-1
838,"[[137645  48264]
 [  5504  58587]]","(array([0.        , 0.25961088, 1.        ]), array([0.        , 0.91412211, 1.        ]), array([2, 1, 0]))",0.9141221076282161,0.5776734054862114,0.784928,0.5483055844119381,0.8272556113664589,7.428478083887713,0.6854605655719483,0.5960080977426017,glm,s-0-4-0,s-0-2-2
839,"[[240994  84161]
 [ 15110 159735]]","(array([0.        , 0.25883348, 1.        ]), array([0.       , 0.9135806, 1.       ]), array([2, 1, 0]))",0.9135805999599645,0.6246473537936653,0.801458,0.6549307901728606,0.827373560271228,6.857532332837001,0.7629298301336626,0.6942410179159254,glm,s-0-4-0,s-0-2-3
840,"[[117711  20145]
 [ 10248 101896]]","(array([0.        , 0.14613075, 1.        ]), array([0.        , 0.90861749, 1.        ]), array([2, 1, 0]))",0.908617491796262,0.7586559348593617,0.878428,0.8349325226768053,0.8812433733354569,4.199012555443008,0.8702179900506011,0.8486976685301546,glm,s-0-4-0,s-0-3-0
841,"[[21690  3701]
 [ 2272 22337]]","(array([0.        , 0.14576031, 1.        ]), array([0.        , 0.90767605, 1.        ]), array([2, 1, 0]))",0.9076760534763705,0.7624800601994001,0.88054,0.8578615869114371,0.880957872352773,4.126061414337813,0.8820660651173811,0.8673822042388611,glm,s-0-4-0,s-0-3-1
842,"[[117755  20272]
 [ 10235 101738]]","(array([0.        , 0.14686982, 1.        ]), array([0.        , 0.90859404, 1.        ]), array([2, 1, 0]))",0.908594036062265,0.7577932168278944,0.877972,0.8338496844520941,0.880862110368139,4.214762643674581,0.8696187329848749,0.8477982977035498,glm,s-0-4-0,s-0-3-2
843,"[[240994  84161]
 [ 15110 159735]]","(array([0.        , 0.25883348, 1.        ]), array([0.       , 0.9135806, 1.       ]), array([2, 1, 0]))",0.9135805999599645,0.6246473537936653,0.801458,0.6549307901728606,0.827373560271228,6.857532332837003,0.7629298301336626,0.6942410179159254,glm,s-0-4-0,s-0-3-3
844,"[[117581  20236]
 [ 10240 101943]]","(array([0.        , 0.14683239, 1.        ]), array([0.        , 0.90872057, 1.        ]), array([2, 1, 0]))",0.9087205726357827,0.7580655620219086,0.878096,0.8343741559515138,0.8809440894771532,4.210479720259583,0.8699618538841621,0.8482540327076596,glm,s-0-4-0,s-0-4-0
845,"[[21653  3691]
 [ 2280 22376]]","(array([0.        , 0.14563605, 1.        ]), array([0.        , 0.90752758, 1.        ]), array([2, 1, 0]))",0.9075275794938352,0.762514208530228,0.88058,0.8584033452257643,0.8809457657570186,4.124679703362531,0.8822821993967234,0.8677980825912941,glm,s-0-4-0,s-0-4-1
846,"[[117656  20157]
 [ 10263 101924]]","(array([0.        , 0.14626341, 1.        ]), array([0.        , 0.90851881, 1.        ]), array([2, 1, 0]))",0.9085188123401107,0.7584471122328463,0.87832,0.8348883118585202,0.8811276987113976,4.202742781674333,0.8701487185616473,0.8486439049409586,glm,s-0-4-0,s-0-4-2
847,"[[240994  84161]
 [ 15110 159735]]","(array([0.        , 0.25883348, 1.        ]), array([0.       , 0.9135806, 1.       ]), array([2, 1, 0]))",0.9135805999599645,0.6246473537936653,0.801458,0.6549307901728606,0.827373560271228,6.857532332837002,0.7629298301336626,0.6942410179159254,glm,s-0-4-0,s-0-4-3
848,"[[   237   8576]
 [  3126 238061]]","(array([0.        , 0.97310791, 1.        ]), array([0.       , 0.9870391, 1.       ]), array([2, 1, 0]))",0.9870391024391862,0.022301527711299483,0.953192,0.9652282504247133,0.5069655968340263,1.6167184748832253,0.976011840335859,0.9695129649313573,glm,s-0-4-0,s-1-1-0
849,"[[   34  1302]
 [  678 47986]]","(array([0.       , 0.9745509, 1.       ]), array([0.        , 0.98606773, 1.        ]), array([2, 1, 0]))",0.9860677297386158,0.015675794092900736,0.9604,0.9735838337932153,0.5057584157675115,1.367756366755546,0.9797860176412938,0.9760552608455103,glm,s-0-4-0,s-1-1-1
850,"[[   226   8723]
 [  3123 237928]]","(array([0.        , 0.97474578, 1.        ]), array([0.        , 0.98704424, 1.        ]), array([2, 1, 0]))",0.9870442354522487,0.019874363226090166,0.952616,0.9646342402828287,0.5061492269003338,1.6366132802499829,0.9757105773607654,0.9690344600070866,glm,s-0-4-0,s-1-1-2
851,"[[  1829  68680]
 [  5584 423907]]","(array([0.        , 0.97406005, 1.        ]), array([0.        , 0.98699856, 1.        ]), array([2, 1, 0]))",0.9869985634157642,0.037260205857984945,0.851472,0.8605728531203625,0.5064692571720072,5.130085213086305,0.9194601758202667,0.8831988312549298,glm,s-0-4-0,s-1-1-3
852,"[[   217   8696]
 [  3107 237980]]","(array([0.        , 0.97565354, 1.        ]), array([0.        , 0.98711254, 1.        ]), array([2, 1, 0]))",0.9871125361384064,0.018550322958815174,0.952788,0.964747279832655,0.5057294981825208,1.630672524353536,0.9758017725821762,0.9691388843866748,glm,s-0-4-0,s-1-2-0
853,"[[   30  1355]
 [  660 47955]]","(array([0.        , 0.97833935, 1.        ]), array([0.        , 0.98642394, 1.        ]), array([2, 1, 0]))",0.9864239432273989,0.011373029060916067,0.9597,0.9725207868586494,0.5040422965234468,1.3919343578052594,0.979423027827419,0.9752699762054869,glm,s-0-4-0,s-1-2-1
854,"[[   245   8576]
 [  3142 238037]]","(array([0.        , 0.97222537, 1.        ]), array([0.        , 0.98697233, 1.        ]), array([2, 1, 0]))",0.9869723317535938,0.023535075237902783,0.953128,0.9652248664912231,0.5073734802402478,1.6189289565724998,0.9759774658050973,0.9694973489590927,glm,s-0-4-0,s-1-2-2
855,"[[  1846  68665]
 [  5631 423858]]","(array([0.        , 0.97381969, 1.        ]), array([0.        , 0.98688907, 1.        ]), array([2, 1, 0]))",0.9868890705000594,0.037478533541895356,0.851408,0.8605851909453974,0.5065346913958793,5.13229567078766,0.9194197038650256,0.8831916905493085,glm,s-0-4-0,s-1-2-3
856,"[[  1843  66157]
 [  2449 179551]]","(array([0.        , 0.97289706, 1.        ]), array([0.        , 0.98654396, 1.        ]), array([2, 1, 0]))",0.9865439560439561,0.046750317640495885,0.725576,0.7307495075455419,0.5068234486102133,9.478480769265728,0.8395961730900521,0.7707162921348315,glm,s-0-4-0,s-1-3-0
857,"[[  604 22436]
 [  344 26616]]","(array([0.        , 0.97378472, 1.        ]), array([0.        , 0.98724036, 1.        ]), array([2, 1, 0]))",0.987240356083086,0.0491782209613981,0.5444,0.5426078447361983,0.5067278169304319,15.736225320880186,0.700310477293059,0.5963220533409807,glm,s-0-4-0,s-1-3-1
858,"[[  1807  66242]
 [  2463 179488]]","(array([0.        , 0.97344561, 1.        ]), array([0.        , 0.98646339, 1.        ]), array([2, 1, 0]))",0.9864633884947046,0.044717972154273304,0.72518,0.7304277052048996,0.5065088915610527,9.492158396581239,0.8393545656692721,0.7704200722655125,glm,s-0-4-0,s-1-3-2
859,"[[  1896  68469]
 [  5538 424097]]","(array([0.        , 0.97305479, 1.        ]), array([0.        , 0.98710999, 1.        ]), array([2, 1, 0]))",0.987109988711348,0.04038515928114871,0.851986,0.8609952777901845,0.507027601475691,5.112331944589206,0.9197495990570385,0.8835726003469313,glm,s-0-4-0,s-1-3-3
860,"[[  1706  66005]
 [  2408 179881]]","(array([0.        , 0.97480468, 1.        ]), array([0.        , 0.98679021, 1.        ]), array([2, 1, 0]))",0.9867902067595961,0.041866606357295985,0.726348,0.7315625940476481,0.5059927610720489,9.451816347733619,0.8402218718981725,0.7714698417354802,glm,s-0-4-0,s-1-4-0
861,"[[  596 22535]
 [  348 26521]]","(array([0.        , 0.97423371, 1.        ]), array([0.        , 0.98704827, 1.        ]), array([2, 1, 0]))",0.9870482712419517,0.046945563252080144,0.54234,0.5406270384866275,0.5064072794539274,15.807376783456611,0.6986104708594008,0.5943933695812956,glm,s-0-4-0,s-1-4-1
862,"[[  1808  66289]
 [  2492 179411]]","(array([0.        , 0.97344964, 1.        ]), array([0.        , 0.98630039, 1.        ]), array([2, 1, 0]))",0.9863003908676602,0.044002331220800064,0.724876,0.7302035002035002,0.5064253764256506,9.502658334929608,0.8391475270285756,0.7702006434258347,glm,s-0-4-0,s-1-4-2
863,"[[  1876  68623]
 [  5469 424032]]","(array([0.        , 0.97338969, 1.        ]), array([0.        , 0.98726662, 1.        ]), array([2, 1, 0]))",0.987266618704031,0.04014204273371069,0.851816,0.8607077975459501,0.5069384626166008,5.1182037828523494,0.9196535076494651,0.883355464162015,glm,s-0-4-0,s-1-4-3
864,"[[ 54129  71200]
 [  1444 123227]]","(array([0.        , 0.56810475, 1.        ]), array([0.        , 0.98841751, 1.        ]), array([2, 1, 0]))",0.9884175148992147,0.5054414817006108,0.709424,0.633795717672957,0.7101563832983734,10.036367215075687,0.7723457997229691,0.6827896039247368,glm,s-0-4-0,s-2-1-0
865,"[[11061 14030]
 [  274 24635]]","(array([0.        , 0.55916464, 1.        ]), array([0.        , 0.98899996, 1.        ]), array([2, 1, 0]))",0.9889999598538681,0.5132978677819988,0.71392,0.637139531876374,0.7149176595730222,9.88107751809496,0.7750023594551232,0.6859480199811772,glm,s-0-4-0,s-2-1-1
866,"[[ 54279  70521]
 [  1481 123719]]","(array([0.        , 0.56507212, 1.        ]), array([0.        , 0.98817093, 1.        ]), array([2, 1, 0]))",0.9881709265175719,0.508183482283917,0.711992,0.6369388385502471,0.7115494055664782,9.947669465586936,0.7745992987728525,0.6856821406402412,glm,s-0-4-0,s-2-1-2
867,"[[108872 141361]
 [  2877 246890]]","(array([0.       , 0.5649175, 1.       ]), array([0.        , 0.98848126, 1.        ]), array([2, 1, 0]))",0.9884812645385499,0.5083706959814172,0.711524,0.6359030627094329,0.711781883822827,9.963834123082913,0.7739280083007063,0.6847514187880769,glm,s-0-4-0,s-2-1-3
868,"[[ 54139  70348]
 [  1419 124094]]","(array([0.        , 0.56510318, 1.        ]), array([0.       , 0.9886944, 1.       ]), array([2, 1, 0]))",0.988694398189829,0.5094305181207742,0.712932,0.6382057374435565,0.7117956073624443,9.915202462454298,0.7756965823318904,0.6869069536500824,glm,s-0-4-0,s-2-2-0
869,"[[10845 14314]
 [  281 24560]]","(array([0.        , 0.56894153, 1.        ]), array([0.        , 0.98868806, 1.        ]), array([2, 1, 0]))",0.9886880560363914,0.5045674036445211,0.7081,0.6317847404434841,0.7098732620895021,10.082097738426745,0.7709330612885507,0.6809473374848201,glm,s-0-4-0,s-2-2-1
870,"[[ 54576  70701]
 [  1436 123287]]","(array([0.        , 0.56435738, 1.        ]), array([0.        , 0.98848649, 1.        ]), array([2, 1, 0]))",0.9884864860530936,0.5086031514306806,0.711452,0.6355393117100027,0.7120645510080599,9.966320980550337,0.7736601497908763,0.6844144669275821,glm,s-0-4-0,s-2-2-2
871,"[[109166 141216]
 [  2824 246794]]","(array([0.       , 0.5640022, 1.       ]), array([0.        , 0.98868671, 1.        ]), array([2, 1, 0]))",0.9886867132979192,0.509324818919764,0.71192,0.6360506172521326,0.712342254333298,9.95015653574727,0.7741002590852347,0.6849080125084783,glm,s-0-4-0,s-2-2-3
872,"[[ 54539  70259]
 [  1391 123811]]","(array([0.        , 0.56298178, 1.        ]), array([0.        , 0.98888995, 1.        ]), array([2, 1, 0]))",0.9888899538346033,0.5110034235276224,0.7134,0.6379708352656258,0.7129540876402298,9.899038030444796,0.7755832017840587,0.6867081095351876,glm,s-0-4-0,s-2-3-0
873,"[[10981 14105]
 [  294 24620]]","(array([0.        , 0.56226581, 1.        ]), array([0.        , 0.98819941, 1.        ]), array([2, 1, 0]))",0.9881994059564904,0.5095952272489586,0.71202,0.6357650096836669,0.7129668001639264,9.946702392641436,0.7737393736545201,0.6845963050707954,glm,s-0-4-0,s-2-3-1
874,"[[ 54355  70619]
 [  1460 123566]]","(array([0.        , 0.56506953, 1.        ]), array([0.        , 0.98832243, 1.        ]), array([2, 1, 0]))",0.9883224289347816,0.5081906099553332,0.711684,0.6363313335221568,0.7116264472358067,9.958307722158759,0.7741963779443691,0.6851333938072627,glm,s-0-4-0,s-2-3-2
875,"[[108720 141089]
 [  2801 247390]]","(array([0.       , 0.5647875, 1.       ]), array([0.        , 0.98880455, 1.        ]), array([2, 1, 0]))",0.9888045533212626,0.5092852600819756,0.71222,0.6368169193186761,0.7120085278365297,9.939794699731056,0.7747036810872594,0.6856300651790608,glm,s-0-4-0,s-2-3-3
876,"[[ 54436  70526]
 [  1464 123574]]","(array([0.        , 0.56437957, 1.        ]), array([0.        , 0.98829156, 1.        ]), array([2, 1, 0]))",0.9882915593659527,0.5087061869767601,0.71204,0.6366512107161257,0.711955993988125,9.946011620311927,0.7744236035821495,0.6854270620941207,glm,s-0-4-0,s-2-4-0
877,"[[11000 13975]
 [  293 24732]]","(array([0.        , 0.55955956, 1.        ]), array([0.        , 0.98829171, 1.        ]), array([2, 1, 0]))",0.9882917082917083,0.5126564452138191,0.71464,0.6389541943317746,0.7143660743660744,9.856208719533452,0.7761250235360572,0.6875615085653284,glm,s-0-4-0,s-2-4-1
878,"[[ 54579  70481]
 [  1413 123527]]","(array([0.        , 0.56357748, 1.        ]), array([0.        , 0.98869057, 1.        ]), array([2, 1, 0]))",0.9886905714743077,0.5098490682207251,0.712424,0.6367108572842357,0.7125565443330278,9.932748586248744,0.774590215332907,0.6855207487025123,glm,s-0-4-0,s-2-4-2
879,"[[108908 140734]
 [  2905 247453]]","(array([0.        , 0.56374328, 1.        ]), array([0.        , 0.98839662, 1.        ]), array([2, 1, 0]))",0.9883966160458224,0.5095742332016514,0.712722,0.6374582353350319,0.7123266678341609,9.922455666266632,0.7750526587789429,0.686185393426676,glm,s-0-4-0,s-2-4-3
880,"[[ 83734 108136]
 [ 15278  42852]]","(array([0.        , 0.56358993, 1.        ]), array([0.       , 0.7371753, 1.       ]), array([2, 1, 0]))",0.7371752967486668,0.14993453465214035,0.506344,0.28381063395766554,0.586792683033217,17.050620061076874,0.40983559521418533,0.3236155038197686,glm,s-0-4-0,s-3-1-0
881,"[[17160 22478]
 [ 2800  7562]]","(array([0.        , 0.56708209, 1.        ]), array([0.       , 0.7297819, 1.       ]), array([2, 1, 0]))",0.7297818953869909,0.13465871120784115,0.49444,0.2517310252996005,0.5813499012229368,17.461783261231762,0.37433790406415524,0.2896829653238534,glm,s-0-4-0,s-3-1-1
882,"[[ 83967 108141]
 [ 15205  42687]]","(array([0.        , 0.56291773, 1.        ]), array([0.        , 0.73735577, 1.        ]), array([2, 1, 0]))",0.7373557659089339,0.15041379150323472,0.506616,0.28301774206380775,0.5872190160670911,17.041225529889406,0.40903602912993486,0.32279750273743046,glm,s-0-4-0,s-3-1-2
883,"[[144867 188338]
 [  1903 164892]]","(array([0.        , 0.56523161, 1.        ]), array([0.        , 0.98859079, 1.        ]), array([2, 1, 0]))",0.9885907850954765,0.43833767822326275,0.619518,0.46681199218639413,0.7116795854620102,13.141683909450023,0.6341695110811979,0.5219042675419301,glm,s-0-4-0,s-3-1-3
884,"[[ 83654 108002]
 [   663  57681]]","(array([0.        , 0.56352006, 1.        ]), array([0.        , 0.98863636, 1.        ]), array([2, 1, 0]))",0.9886363636363636,0.3803387077815292,0.56534,0.34814072656820555,0.7125581534339935,15.012969980298497,0.5149468590839497,0.3999647748642306,glm,s-0-4-0,s-3-2-0
885,"[[17292 22363]
 [ 2633  7712]]","(array([0.        , 0.56393897, 1.        ]), array([0.        , 0.74548091, 1.        ]), array([2, 1, 0]))",0.7454809086515225,0.15020666431734414,0.50008,0.2564256026600166,0.5907709675019055,17.266982723290376,0.38159327065809007,0.2951509816678786,glm,s-0-4-0,s-3-2-1
886,"[[ 83809 107958]
 [ 15184  43049]]","(array([0.        , 0.56296443, 1.        ]), array([0.        , 0.73925437, 1.        ]), array([2, 1, 0]))",0.7392543746672848,0.15236958195385938,0.507432,0.28507949962584517,0.5881449719368328,17.013041303045846,0.411479640604091,0.3250153640332135,glm,s-0-4-0,s-3-2-2
887,"[[144679 188553]
 [  1987 164781]]","(array([0.        , 0.56583101, 1.        ]), array([0.        , 0.98808524, 1.        ]), array([2, 1, 0]))",0.9880852441715438,0.43726657589312307,0.61892,0.4663604408293569,0.7111271157718524,13.162338441561072,0.6336487842769303,0.5214245391442588,glm,s-0-4-0,s-3-2-3
888,"[[ 60733  78828]
 [  1249 109190]]","(array([0.        , 0.56482828, 1.        ]), array([0.        , 0.98869059, 1.        ]), array([2, 1, 0]))",0.9886905893751302,0.4874561554320459,0.679692,0.5807422693571892,0.7119311532010466,11.063298512165959,0.7316966933260068,0.6329774344906905,glm,s-0-4-0,s-3-3-0
889,"[[11181 14419]
 [  295 24105]]","(array([0.        , 0.56324219, 1.        ]), array([0.        , 0.98790984, 1.        ]), array([2, 1, 0]))",0.9879098360655738,0.5047811356643311,0.70572,0.6257138407226663,0.7123338242827869,10.164301705401236,0.7661623545864853,0.6752252151308713,glm,s-0-4-0,s-3-3-1
890,"[[ 61271  78317]
 [  1250 109162]]","(array([0.        , 0.56105826, 1.        ]), array([0.        , 0.98867877, 1.        ]), array([2, 1, 0]))",0.9886787668007101,0.4903446435260195,0.681732,0.582262546738568,0.7138102548219671,10.992837773943194,0.7328989462588666,0.6344208255456059,glm,s-0-4-0,s-3-3-2
891,"[[145301 187601]
 [  1857 165241]]","(array([0.        , 0.56353221, 1.        ]), array([0.        , 0.98888676, 1.        ]), array([2, 1, 0]))",0.9888867610623706,0.4402636556174917,0.621084,0.4683144296880757,0.712677275190875,13.087595007008984,0.6356156479593799,0.5234227408129158,glm,s-0-4-0,s-3-3-3
892,"[[ 60655  78675]
 [  1324 109346]]","(array([0.        , 0.56466662, 1.        ]), array([0.       , 0.9880365, 1.       ]), array([2, 1, 0]))",0.9880365049245504,0.48700315623366036,0.680004,0.5815626977837582,0.7116849430529593,11.05252192457712,0.7321680264889134,0.633703234062085,glm,s-0-4-0,s-3-4-0
893,"[[11054 14524]
 [  283 24139]]","(array([0.        , 0.56783173, 1.        ]), array([0.        , 0.98841209, 1.        ]), array([2, 1, 0]))",0.9884120874621243,0.5020836074489224,0.70386,0.6243436877634948,0.7102901785344088,10.228545508650374,0.7652849330268684,0.6739951081675731,glm,s-0-4-0,s-3-4-1
894,"[[ 60908  78740]
 [  1245 109107]]","(array([0.        , 0.56384624, 1.        ]), array([0.        , 0.98871792, 1.        ]), array([2, 1, 0]))",0.9887179208351458,0.48812614219426026,0.68006,0.5808290789844927,0.7124358394276553,11.050587960994338,0.7317730777098514,0.6330621765265625,glm,s-0-4-0,s-3-4-2
895,"[[144725 188225]
 [  1903 165147]]","(array([0.        , 0.56532512, 1.        ]), array([0.       , 0.9886082, 1.       ]), array([2, 1, 0]))",0.988608201137384,0.43855001757819184,0.619744,0.4673460262839161,0.7116415386224538,13.133877965275751,0.634665713593968,0.5224391947552035,glm,s-0-4-0,s-3-4-3
896,"[[110420  75577]
 [ 38833  25170]]","(array([0.        , 0.40633451, 1.        ]), array([0.        , 0.39326282, 1.        ]), array([2, 1, 0]))",0.3932628158055091,-0.011630742589653737,0.54236,0.24983374194765104,0.493464152516915,15.806567354066848,0.3055538694992413,0.2694912749924517,glm,s-1-3-0,s-0-1-0
897,"[[22995 15476]
 [ 7057  4472]]","(array([0.        , 0.40227704, 1.        ]), array([0.       , 0.3878914, 1.       ]), array([2, 1, 0]))",0.3878914042848469,-0.012373861234653748,0.54934,0.22418287547623822,0.49280718221832476,15.565492461527041,0.2841439781427709,0.24485058201289955,glm,s-1-3-0,s-0-1-1
898,"[[111044  75174]
 [ 38651  25131]]","(array([0.        , 0.40368815, 1.        ]), array([0.        , 0.39401399, 1.        ]), array([2, 1, 0]))",0.39401398513687247,-0.008604159675918807,0.5447,0.25054583520263196,0.49516291734477363,15.725745328351703,0.30631311438444236,0.27022464419507874,glm,s-1-3-0,s-0-1-2
899,"[[192913 132242]
 [105910  68935]]","(array([0.        , 0.40670449, 1.        ]), array([0.        , 0.39426349, 1.        ]), array([2, 1, 0]))",0.394263490520175,-0.01209848781113928,0.523696,0.3426584549923699,0.493779497870381,16.451168832728268,0.3666540787507114,0.3518696793333286,glm,s-1-3-0,s-0-1-3
900,"[[110459  75435]
 [ 38832  25274]]","(array([0.        , 0.40579578, 1.        ]), array([0.        , 0.39425327, 1.        ]), array([2, 1, 0]))",0.39425326802483385,-0.01027616945205813,0.542932,0.2509606887169965,0.49422874596869304,15.786810719797625,0.30669538573552163,0.27063318356455407,glm,s-1-3-0,s-0-2-0
901,"[[23018 15537]
 [ 7002  4443]]","(array([0.        , 0.40298275, 1.        ]), array([0.        , 0.38820446, 1.        ]), array([2, 1, 0]))",0.3882044560943643,-0.012675629073478559,0.54922,0.22237237237237237,0.49261085209075633,15.569638090203297,0.28276849642004775,0.2431456246921688,glm,s-1-3-0,s-0-2-1
902,"[[110462  75447]
 [ 38904  25187]]","(array([0.        , 0.40582758, 1.        ]), array([0.       , 0.3929881, 1.       ]), array([2, 1, 0]))",0.39298809505234744,-0.011431367028353795,0.542596,0.25028320448357416,0.49358025637028563,15.798415787046988,0.3058066474427076,0.269883654396338,glm,s-1-3-0,s-0-2-2
903,"[[192913 132242]
 [105910  68935]]","(array([0.        , 0.40670449, 1.        ]), array([0.        , 0.39426349, 1.        ]), array([2, 1, 0]))",0.394263490520175,-0.01209848781113928,0.523696,0.3426584549923699,0.493779497870381,16.451168832728264,0.3666540787507114,0.3518696793333286,glm,s-1-3-0,s-0-2-3
904,"[[81785 56071]
 [68009 44135]]","(array([0.        , 0.40673601, 1.        ]), array([0.       , 0.3935565, 1.       ]), array([2, 1, 0]))",0.3935564987872735,-0.013375383229279865,0.50368,0.44044268806259107,0.49341024219772217,17.142464837232104,0.4156816576406875,0.43019252662934143,glm,s-1-3-0,s-0-3-0
905,"[[15151 10240]
 [14836  9773]]","(array([0.        , 0.40329251, 1.        ]), array([0.        , 0.39713113, 1.        ]), array([2, 1, 0]))",0.39713113088707386,-0.00628697702542971,0.49848,0.48833258382051664,0.49691931283434476,17.32205089512931,0.4380350499753484,0.4668883347187587,glm,s-1-3-0,s-0-3-1
906,"[[82012 56015]
 [67724 44249]]","(array([0.       , 0.4058264, 1.       ]), array([0.        , 0.39517562, 1.        ]), array([2, 1, 0]))",0.39517562269475676,-0.010806478832712827,0.505044,0.4413249022580388,0.49467461320498596,17.095353767119615,0.4169772471341001,0.4312524243268899,glm,s-1-3-0,s-0-3-2
907,"[[192913 132242]
 [105910  68935]]","(array([0.        , 0.40670449, 1.        ]), array([0.        , 0.39426349, 1.        ]), array([2, 1, 0]))",0.394263490520175,-0.01209848781113928,0.523696,0.3426584549923699,0.493779497870381,16.451168832728268,0.3666540787507114,0.3518696793333286,glm,s-1-3-0,s-0-3-3
908,"[[81575 56242]
 [68139 44044]]","(array([0.        , 0.40809189, 1.        ]), array([0.        , 0.39260851, 1.        ]), array([2, 1, 0]))",0.3926085057450772,-0.01571192691508313,0.502476,0.43918393394890615,0.49225830788752223,17.18405007093622,0.41459224639829817,0.4290052929224452,glm,s-1-3-0,s-0-4-0
909,"[[15044 10300]
 [14769  9887]]","(array([0.        , 0.40640783, 1.        ]), array([0.        , 0.40099773, 1.        ]), array([2, 1, 0]))",0.4009977287475665,-0.0055127133983554205,0.49862,0.4897706444741665,0.49729495023236914,17.31721642595094,0.4409606850567535,0.46900497134833585,glm,s-1-3-0,s-0-4-1
910,"[[81802 56011]
 [67903 44284]]","(array([0.        , 0.40642755, 1.        ]), array([0.        , 0.39473379, 1.        ]), array([2, 1, 0]))",0.394733792685427,-0.011866227135808323,0.504344,0.44153746447978465,0.4941531211545963,17.119530897802495,0.4168258958405888,0.4313093751643561,glm,s-1-3-0,s-0-4-2
911,"[[192913 132242]
 [105910  68935]]","(array([0.        , 0.40670449, 1.        ]), array([0.        , 0.39426349, 1.        ]), array([2, 1, 0]))",0.394263490520175,-0.01209848781113928,0.523696,0.3426584549923699,0.493779497870381,16.45116883272826,0.3666540787507114,0.3518696793333286,glm,s-1-3-0,s-0-4-3
912,"[[  8239    574]
 [ 89344 151843]]","(array([0.        , 0.06513106, 1.        ]), array([0.        , 0.62956544, 1.        ]), array([2, 1, 0]))",0.6295654409234328,0.21337744373247958,0.640328,0.9962340158906159,0.7822171922647347,12.422632619386015,0.7715521183727807,0.8922965722714211,glm,s-1-3-0,s-1-1-0
913,"[[ 1254    82]
 [17874 30790]]","(array([0.        , 0.06137725, 1.        ]), array([0.       , 0.6327059, 1.       ]), array([2, 1, 0]))",0.6327059016932435,0.18957277788399143,0.64088,0.9973438714692926,0.7856643280921307,12.40356669028011,0.7742405954536311,0.8942678563130256,glm,s-1-3-0,s-1-1-1
914,"[[  8382    567]
 [ 89448 151603]]","(array([0.        , 0.06335903, 1.        ]), array([0.      , 0.628925, 1.      ]), array([2, 1, 0]))",0.6289249992740126,0.2152902895419872,0.63994,0.9962739041861076,0.7827829823725074,12.436033642238513,0.7710829279209402,0.8920646651705068,glm,s-1-3-0,s-1-1-2
915,"[[ 65948   4561]
 [159165 270326]]","(array([0.        , 0.06468678, 1.        ]), array([0.        , 0.62941016, 1.        ]), array([2, 1, 0]))",0.6294101622618402,0.3950551199408953,0.672548,0.9834077275389523,0.782361692343673,11.309798701994053,0.7675594638106243,0.8839735284711508,glm,s-1-3-0,s-1-1-3
916,"[[  8350    563]
 [ 89138 151949]]","(array([0.        , 0.06316616, 1.        ]), array([0.        , 0.63026625, 1.        ]), array([2, 1, 0]))",0.6302662524316948,0.21559117416510695,0.641196,0.9963084872010072,0.78355004532277,12.392652926292943,0.7721005388733203,0.8926257291733979,glm,s-1-3-0,s-1-2-0
917,"[[ 1293    92]
 [17938 30677]]","(array([0.        , 0.06642599, 1.        ]), array([0.        , 0.63101923, 1.        ]), array([2, 1, 0]))",0.6310192327470945,0.19045311524733544,0.6394,0.9970099775748318,0.7822966199836555,12.454684239264063,0.7728761463267156,0.8933782201746159,glm,s-1-3-0,s-1-2-1
918,"[[  8260    561]
 [ 89301 151878]]","(array([0.        , 0.06359823, 1.        ]), array([0.        , 0.62973144, 1.        ]), array([2, 1, 0]))",0.6297314442799746,0.21412191700049982,0.640552,0.9963198394111743,0.7830666063934733,12.414895891894483,0.7717025136045608,0.8924183398261912,glm,s-1-3-0,s-1-2-2
919,"[[ 65979   4532]
 [158666 270823]]","(array([0.        , 0.06427366, 1.        ]), array([0.        , 0.63057028, 1.        ]), array([2, 1, 0]))",0.6305702823588031,0.39623567033225016,0.673604,0.9835412467541901,0.7831483114648888,11.273325707744377,0.7684622412902713,0.8845169765152597,glm,s-1-3-0,s-1-2-3
920,"[[ 25898  42102]
 [  2382 179618]]","(array([0.        , 0.61914706, 1.        ]), array([0.        , 0.98691209, 1.        ]), array([2, 1, 0]))",0.986912087912088,0.5166761829357465,0.822064,0.8101118527872992,0.6838825145442793,6.145826375208853,0.8898147230753988,0.8402159269515755,glm,s-1-3-0,s-1-3-0
921,"[[18231  4809]
 [ 9920 17040]]","(array([0.        , 0.20872396, 1.        ]), array([0.        , 0.63204748, 1.        ]), array([2, 1, 0]))",0.6320474777448071,0.42541312390913855,0.70542,0.7798983935191542,0.7116617597057369,10.174509655693624,0.6982318834641154,0.7450417992934345,glm,s-1-3-0,s-1-3-1
922,"[[ 25975  42074]
 [  2696 179255]]","(array([0.        , 0.61828976, 1.        ]), array([0.        , 0.98518282, 1.        ]), array([2, 1, 0]))",0.9851828239471067,0.5124919113649616,0.82092,0.8099029047255443,0.6834465310789039,6.185338645849718,0.8889853203729419,0.839785170908498,glm,s-1-3-0,s-1-3-2
923,"[[ 65794   4571]
 [158657 270978]]","(array([0.        , 0.06496127, 1.        ]), array([0.        , 0.63071677, 1.        ]), array([2, 1, 0]))",0.6307167712127736,0.3955457876746326,0.673544,0.9834112988978366,0.7828777489262191,11.275398096696673,0.7685313336661069,0.8844905214739747,glm,s-1-3-0,s-1-3-3
924,"[[ 63318   4393]
 [ 67174 115115]]","(array([0.        , 0.06487868, 1.        ]), array([0.        , 0.63149724, 1.        ]), array([2, 1, 0]))",0.6314972379024516,0.5040924699431546,0.713732,0.9632409545804465,0.7833092811774519,9.887360491544333,0.7628637792953542,0.8716593899027896,glm,s-1-3-0,s-1-4-0
925,"[[21541  1590]
 [10033 16836]]","(array([0.        , 0.06873892, 1.        ]), array([0.        , 0.62659571, 1.        ]), array([2, 1, 0]))",0.6265957050876475,0.5765876534133876,0.76754,0.9137088896125041,0.7789283916471915,8.028909387959219,0.743393310519925,0.8370039672675571,glm,s-1-3-0,s-1-4-1
926,"[[ 25806  42291]
 [  5331 176572]]","(array([0.        , 0.62104057, 1.        ]), array([0.        , 0.97069317, 1.        ]), array([2, 1, 0]))",0.9706931716354321,0.47140710272279474,0.809512,0.8067695316248064,0.6748262985803928,6.5793577010134285,0.8811725545580213,0.8349702796128073,glm,s-1-3-0,s-1-4-2
927,"[[ 65928   4571]
 [158538 270963]]","(array([0.       , 0.0648378, 1.       ]), array([0.        , 0.63087862, 1.        ]), array([2, 1, 0]))",0.6308786242639715,0.3960576818352406,0.673782,0.9834103958132209,0.7830204125731267,11.267177867914683,0.7686512017133902,0.8845535854774988,glm,s-1-3-0,s-1-4-3
928,"[[ 68382  56947]
 [    68 124603]]","(array([0.        , 0.45438007, 1.        ]), array([0.        , 0.99945456, 1.        ]), array([2, 1, 0]))",0.9994545644135364,0.6111946093733996,0.77194,0.6863288350316717,0.7725372463810615,7.877095483322758,0.8138109404645664,0.7322085251465852,glm,s-1-3-0,s-2-1-0
929,"[[13832 11259]
 [   39 24870]]","(array([0.        , 0.44872664, 1.        ]), array([0.       , 0.9984343, 1.       ]), array([2, 1, 0]))",0.9984343008551126,0.6138850661023993,0.77404,0.6883666860416839,0.7748538329033444,7.80456196754335,0.8149021920770668,0.7339530765825586,glm,s-1-3-0,s-2-1-1
930,"[[ 73088  51712]
 [   698 124502]]","(array([0.        , 0.41435897, 1.        ]), array([0.        , 0.99442492, 1.        ]), array([2, 1, 0]))",0.9944249201277955,0.6358865490092581,0.79036,0.7065386405166445,0.7900329728844105,7.240874478558318,0.8261195564904085,0.7499614483842053,glm,s-1-3-0,s-2-1-2
931,"[[136827 113406]
 [   353 249414]]","(array([0.        , 0.45320162, 1.        ]), array([0.        , 0.99858668, 1.        ]), array([2, 1, 0]))",0.9985866827883587,0.6111559630847633,0.772482,0.6874317843558789,0.772692533347279,7.858374686109629,0.8142973977573796,0.7331190731355453,glm,s-1-3-0,s-2-1-3
932,"[[ 68034  56453]
 [   223 125290]]","(array([0.       , 0.4534851, 1.       ]), array([0.        , 0.99822329, 1.        ]), array([2, 1, 0]))",0.9982232916112275,0.6113525577643333,0.773296,0.6893800586542536,0.7723690943745406,7.830259322526738,0.815541437758742,0.7348516396182925,glm,s-1-3-0,s-2-2-0
933,"[[17606  7553]
 [ 4969 19872]]","(array([0.        , 0.30021066, 1.        ]), array([0.       , 0.7999678, 1.       ]), array([2, 1, 0]))",0.7999677951773279,0.5021148092842647,0.74956,0.7245943482224247,0.7498785674881034,8.650011947529237,0.7604178624727358,0.7385109371864339,glm,s-1-3-0,s-2-2-1
934,"[[ 68736  56541]
 [    84 124639]]","(array([0.        , 0.45132786, 1.        ]), array([0.        , 0.99932651, 1.        ]), array([2, 1, 0]))",0.9993265075407102,0.6134454837978031,0.7735,0.6879291312506899,0.7739993250364294,7.823213693600473,0.8148923024618914,0.7336513456465001,glm,s-1-3-0,s-2-2-2
935,"[[137254 113128]
 [   132 249486]]","(array([0.        , 0.45182162, 1.        ]), array([0.        , 0.99947119, 1.        ]), array([2, 1, 0]))",0.9994711919813475,0.6134070083212823,0.77348,0.688020870677911,0.7738247877057332,7.823904542691336,0.8150047694338094,0.733750413217307,glm,s-1-3-0,s-2-2-3
936,"[[ 68691  56107]
 [    68 125134]]","(array([0.        , 0.44958253, 1.        ]), array([0.        , 0.99945688, 1.        ]), array([2, 1, 0]))",0.9994568776856599,0.6157152475466353,0.7753,0.6904287661180417,0.7749371761623384,7.761042507988494,0.8166869532017373,0.7359386284560898,glm,s-1-3-0,s-2-3-0
937,"[[13810 11276]
 [   79 24835]]","(array([0.        , 0.44949374, 1.        ]), array([0.        , 0.99682909, 1.        ]), array([2, 1, 0]))",0.996829092076744,0.6109922352968135,0.7729,0.6877405776633159,0.7736676752738021,7.843936444496674,0.8139287177386317,0.7332101229348481,glm,s-1-3-0,s-2-3-1
938,"[[ 68374  56600]
 [    97 124929]]","(array([0.       , 0.4528942, 1.       ]), array([0.        , 0.99922416, 1.        ]), array([2, 1, 0]))",0.9992241613744341,0.6125459566300582,0.773212,0.6882040886029229,0.7731649796902097,7.833161049907199,0.815051132749425,0.7338904671605913,glm,s-1-3-0,s-2-3-2
939,"[[136701 113108]
 [   378 249813]]","(array([0.        , 0.45277792, 1.        ]), array([0.        , 0.99848915, 1.        ]), array([2, 1, 0]))",0.9984891542861254,0.6116616632407994,0.773028,0.6883398866419964,0.7728556159767315,7.839516037637938,0.8149016819112985,0.7339346309217775,glm,s-1-3-0,s-2-3-3
940,"[[ 68247  56715]
 [   311 124727]]","(array([0.        , 0.45385797, 1.        ]), array([0.        , 0.99751276, 1.        ]), array([2, 1, 0]))",0.9975127561221389,0.6093056767909214,0.771896,0.6874207735805381,0.7718273916492002,7.87861444745772,0.8139323936309057,0.7329931852854823,glm,s-1-3-0,s-2-4-0
941,"[[16886  8089]
 [ 1488 23537]]","(array([0.        , 0.32388388, 1.        ]), array([0.        , 0.94053946, 1.        ]), array([2, 1, 0]))",0.9405394605394606,0.639526382998169,0.80846,0.7442294314804275,0.8083277883277883,6.615686589553449,0.8309473795696458,0.7766500141887033,glm,s-1-3-0,s-2-4-1
942,"[[ 68579  56481]
 [   215 124725]]","(array([0.        , 0.45163122, 1.        ]), array([0.        , 0.99827917, 1.        ]), array([2, 1, 0]))",0.9982791740035217,0.612006626400482,0.773216,0.688305023012483,0.7733239784938447,7.833022514193243,0.8148073141572975,0.7338802302757,glm,s-1-3-0,s-2-4-2
943,"[[136912 112730]
 [   147 250211]]","(array([0.        , 0.45156664, 1.        ]), array([0.        , 0.99941284, 1.        ]), array([2, 1, 0]))",0.9994128408119572,0.6140820738923827,0.774246,0.689398552381792,0.7739230986892803,7.797447203493278,0.8159511103067182,0.7349972563658774,glm,s-1-3-0,s-2-4-3
944,"[[104572  87298]
 [    35  58095]]","(array([0.        , 0.45498515, 1.        ]), array([0.       , 0.9993979, 1.       ]), array([2, 1, 0]))",0.999397901255806,0.4662081576762577,0.650668,0.3995721939845797,0.7722063775315356,12.065779048612784,0.5708937073451158,0.4540786178564394,glm,s-1-3-0,s-3-1-0
945,"[[25160 14478]
 [  286 10076]]","(array([0.        , 0.36525556, 1.        ]), array([0.        , 0.97239915, 1.        ]), array([2, 1, 0]))",0.9723991507430998,0.4922641245533732,0.70472,0.4103608373381119,0.803571793949682,10.198841425321113,0.5771566044220415,0.463998231685977,glm,s-1-3-0,s-3-1-1
946,"[[105244  86864]
 [    30  57862]]","(array([0.        , 0.45216233, 1.        ]), array([0.        , 0.99948179, 1.        ]), array([2, 1, 0]))",0.9994817936847924,0.46761567047154307,0.652424,0.3998037671185551,0.77365973416307,12.005127569162182,0.5711437285927213,0.4543213211138261,glm,s-1-3-0,s-3-1-2
947,"[[181385 151820]
 [   147 166648]]","(array([0.        , 0.45563542, 1.        ]), array([0.        , 0.99911868, 1.        ]), array([2, 1, 0]))",0.9991186786174645,0.532873279201311,0.696066,0.5232802039765376,0.7717416294904522,10.497751254574487,0.6868357983196739,0.5783709906591877,glm,s-1-3-0,s-3-1-3
948,"[[104761  86895]
 [    31  58313]]","(array([0.        , 0.45339045, 1.        ]), array([0.        , 0.99946867, 1.        ]), array([2, 1, 0]))",0.9994686685863157,0.46811744750164125,0.652296,0.40158255743485205,0.7730391095154312,12.009548631690816,0.5729543310800188,0.4561576154298658,glm,s-1-3-0,s-3-2-0
949,"[[21610 18045]
 [    6 10339]]","(array([0.       , 0.4550498, 1.       ]), array([0.        , 0.99942001, 1.        ]), array([2, 1, 0]))",0.9994200096665056,0.44512717292090975,0.63898,0.3642545095828636,0.7721851025510691,12.469477628803212,0.5339151540189523,0.4172956304840936,glm,s-1-3-0,s-3-2-1
950,"[[104753  87014]
 [    29  58204]]","(array([0.        , 0.45374856, 1.        ]), array([0.      , 0.999502, 1.      ]), array([2, 1, 0]))",0.9995020005838614,0.4675353300164293,0.651828,0.40080430800589456,0.7728767205670563,12.025713159652003,0.5721672540316832,0.45535553625773534,glm,s-1-3-0,s-3-2-2
951,"[[181900 151332]
 [    89 166679]]","(array([0.        , 0.45413406, 1.        ]), array([0.        , 0.99946632, 1.        ]), array([2, 1, 0]))",0.9994663244747194,0.5343763945918515,0.697158,0.5241296684705875,0.7726661338607332,10.46003413034415,0.6876494237580423,0.5792243878977935,glm,s-1-3-0,s-3-2-3
952,"[[ 76493  63068]
 [    68 110371]]","(array([0.        , 0.45190275, 1.        ]), array([0.        , 0.99938428, 1.        ]), array([2, 1, 0]))",0.999384275482393,0.5898418145727529,0.747456,0.6363678296115637,0.7737407616404233,8.722762461919233,0.7775946004973966,0.6862203818725557,glm,s-1-3-0,s-3-3-0
953,"[[17299  8301]
 [ 1495 22905]]","(array([0.        , 0.32425781, 1.        ]), array([0.        , 0.93872951, 1.        ]), array([2, 1, 0]))",0.9387295081967213,0.6341443323915943,0.80408,0.7339934627956163,0.8072358478483607,6.766969820456262,0.8238319605797937,0.767470380099716,glm,s-1-3-0,s-3-3-1
954,"[[ 76808  62780]
 [    63 110349]]","(array([0.        , 0.44975213, 1.        ]), array([0.        , 0.99942941, 1.        ]), array([2, 1, 0]))",0.9994294098467558,0.5915259385772201,0.748628,0.6373802193739928,0.7748386410783483,8.682282094848158,0.7783636228975703,0.6871662216288384,glm,s-1-3-0,s-3-3-2
955,"[[182361 150541]
 [    89 167009]]","(array([0.        , 0.45220816, 1.        ]), array([0.        , 0.99946738, 1.        ]), array([2, 1, 0]))",0.9994673784246371,0.5362396509002169,0.69874,0.5259297748386081,0.7736296105345094,10.40539252112427,0.6891971080041598,0.5809825102379604,glm,s-1-3-0,s-3-3-3
956,"[[ 76359  62971]
 [    50 110620]]","(array([0.        , 0.45195579, 1.        ]), array([0.        , 0.99954821, 1.        ]), array([2, 1, 0]))",0.999548206379326,0.5904169803668847,0.747916,0.6372450184629388,0.7737962089816677,8.706874314533772,0.7782988169323264,0.6870517270078034,glm,s-1-3-0,s-3-4-0
957,"[[14020 11558]
 [   39 24383]]","(array([0.       , 0.4518727, 1.       ]), array([0.        , 0.99840308, 1.        ]), array([2, 1, 0]))",0.9984030791908934,0.6076673695076024,0.76806,0.6784174063047773,0.7732651880433317,8.011108631977548,0.8078789987243842,0.7248819759076262,glm,s-1-3-0,s-3-4-1
958,"[[ 76315  63333]
 [    50 110302]]","(array([0.        , 0.45351885, 1.        ]), array([0.       , 0.9995469, 1.       ]), array([2, 1, 0]))",0.9995469044512106,0.5886492699437753,0.746468,0.635252109309759,0.7730140285317466,8.756887620570682,0.7768102061009835,0.6851975171824294,glm,s-1-3-0,s-3-4-2
959,"[[181721 151229]
 [    97 166953]]","(array([0.        , 0.45420934, 1.        ]), array([0.        , 0.99941934, 1.        ]), array([2, 1, 0]))",0.999419335528285,0.5345893671972478,0.697348,0.5247091287376408,0.772604997393216,10.45347159811205,0.6881368087842517,0.579787300542167,glm,s-1-3-0,s-3-4-3
960,"[[147164  38833]
 [ 54606   9397]]","(array([0.        , 0.20878294, 1.        ]), array([0.        , 0.14682124, 1.        ]), array([2, 1, 0]))",0.1468212427542459,-0.06853138267607578,0.626244,0.19483723823346466,0.4690191526975206,12.909199113324267,0.16745520479716305,0.18287580325622854,glm,s-2-4-0,s-0-1-0
961,"[[32549  5922]
 [ 9882  1647]]","(array([0.        , 0.15393413, 1.        ]), array([0.        , 0.14285714, 1.        ]), array([2, 1, 0]))",0.14285714285714285,-0.013017374790858556,0.68392,0.21759809750297265,0.4944615053268324,10.917111147223,0.17247879359095195,0.19698600645855757,glm,s-2-4-0,s-0-1-1
962,"[[147427  38791]
 [ 54456   9326]]","(array([0.        , 0.20830962, 1.        ]), array([0.       , 0.1462168, 1.       ]), array([2, 1, 0]))",0.14621680097833245,-0.06865973079368577,0.627012,0.19381923228796474,0.4689535926832613,12.882673198720607,0.16668602936576735,0.18197073170731706,glm,s-2-4-0,s-0-1-2
963,"[[255797  69358]
 [149184  25661]]","(array([0.       , 0.2133075, 1.       ]), array([0.        , 0.14676428, 1.        ]), array([2, 1, 0]))",0.14676427693099603,-0.08088222768309267,0.562916,0.27006177711826057,0.46672838871537886,15.09645745875027,0.19017727447899685,0.2312130915932178,glm,s-2-4-0,s-0-1-3
964,"[[146944  38950]
 [ 54729   9377]]","(array([0.        , 0.20952801, 1.        ]), array([0.        , 0.14627336, 1.        ]), array([2, 1, 0]))",0.14627335974791753,-0.06994484163122676,0.625284,0.1940323214766073,0.46837267458061954,12.942356712874977,0.1668015618190389,0.18213850062545162,glm,s-2-4-0,s-0-2-0
965,"[[32629  5926]
 [ 9806  1639]]","(array([0.       , 0.1537025, 1.       ]), array([0.        , 0.14320664, 1.        ]), array([2, 1, 0]))",0.1432066404543469,-0.012305515560600923,0.68536,0.21665565102445472,0.49475206876821864,10.867375373182126,0.17243556023145715,0.19649922071694037,glm,s-2-4-0,s-0-2-1
966,"[[147142  38767]
 [ 54716   9375]]","(array([0.        , 0.20852675, 1.        ]), array([0.        , 0.14627639, 1.        ]), array([2, 1, 0]))",0.14627638826044218,-0.06892957168084751,0.626068,0.19473640480245938,0.46887481796231095,12.915277726876045,0.16706316324075807,0.1826353254707608,glm,s-2-4-0,s-0-2-2
967,"[[255797  69358]
 [149184  25661]]","(array([0.       , 0.2133075, 1.       ]), array([0.        , 0.14676428, 1.        ]), array([2, 1, 0]))",0.14676427693099603,-0.08088222768309267,0.562916,0.27006177711826057,0.46672838871537886,15.096457458750264,0.19017727447899685,0.2312130915932178,glm,s-2-4-0,s-0-2-3
968,"[[107716  30140]
 [ 95346  16798]]","(array([0.        , 0.21863394, 1.        ]), array([0.        , 0.14978956, 1.        ]), array([2, 1, 0]))",0.14978955628477672,-0.08767842393927315,0.498056,0.35787634752226344,0.46557780971156193,17.336627978233235,0.2111866835971386,0.28006375543521755,glm,s-2-4-0,s-0-3-0
969,"[[16992  8399]
 [20880  3729]]","(array([0.       , 0.3307865, 1.       ]), array([0.        , 0.15152993, 1.        ]), array([2, 1, 0]))",0.15152992807509447,-0.20907796105530274,0.41442,0.3074703166226913,0.41037171446092563,20.225350997708123,0.20301058877970438,0.2549883070526935,glm,s-2-4-0,s-0-3-1
970,"[[107814  30213]
 [ 94961  17012]]","(array([0.        , 0.21889196, 1.        ]), array([0.        , 0.15192948, 1.        ]), array([2, 1, 0]))",0.15192948300036616,-0.0850701065638638,0.499304,0.3602329274748544,0.4665187635393493,17.293523818774833,0.2137212779055013,0.2827106453553493,glm,s-2-4-0,s-0-3-2
971,"[[255797  69358]
 [149184  25661]]","(array([0.       , 0.2133075, 1.       ]), array([0.        , 0.14676428, 1.        ]), array([2, 1, 0]))",0.14676427693099603,-0.08088222768309267,0.562916,0.27006177711826057,0.46672838871537886,15.096457458750264,0.19017727447899685,0.2312130915932178,glm,s-2-4-0,s-0-3-3
972,"[[107453  30364]
 [ 95390  16793]]","(array([0.        , 0.22032115, 1.        ]), array([0.        , 0.14969291, 1.        ]), array([2, 1, 0]))",0.1496929124733694,-0.08979252743662348,0.496984,0.3561083190194457,0.4646858809810922,17.37365426296787,0.21078197564955442,0.2791287552649338,glm,s-2-4-0,s-0-4-0
973,"[[16845  8499]
 [20899  3757]]","(array([0.        , 0.33534564, 1.        ]), array([0.       , 0.1523767, 1.       ]), array([2, 1, 0]))",0.1523767034393251,-0.21265613971237102,0.41204,0.30654373368146215,0.4085155297499656,20.30755488472287,0.20356523623753794,0.2549538545059718,glm,s-2-4-0,s-0-4-1
974,"[[107744  30069]
 [ 95265  16922]]","(array([0.        , 0.21818696, 1.        ]), array([0.        , 0.15083744, 1.        ]), array([2, 1, 0]))",0.15083744105823313,-0.08574047630037658,0.498664,0.36011151071481773,0.4663252387821116,17.31562817509946,0.2126173214891505,0.28189144797118787,glm,s-2-4-0,s-0-4-2
975,"[[255797  69358]
 [149184  25661]]","(array([0.       , 0.2133075, 1.       ]), array([0.        , 0.14676428, 1.        ]), array([2, 1, 0]))",0.14676427693099603,-0.08088222768309267,0.562916,0.27006177711826057,0.46672838871537886,15.096457458750265,0.19017727447899685,0.2312130915932178,glm,s-2-4-0,s-0-4-3
976,"[[   252   8561]
 [   809 240378]]","(array([0.        , 0.97140588, 1.        ]), array([0.        , 0.99664576, 1.        ]), array([2, 1, 0]))",0.9966457561974733,0.07160146872139302,0.96252,0.9656100490481604,0.5126199392583871,1.2945407206956527,0.9808824669574763,0.9716615882866065,glm,s-2-4-0,s-1-1-0
977,"[[   30  1306]
 [  167 48497]]","(array([0.        , 0.97754491, 1.        ]), array([0.        , 0.99656831, 1.        ]), array([2, 1, 0]))",0.996568305112609,0.04897047196871623,0.97054,0.9737766801196716,0.5095116974664842,1.0175332380789464,0.9850406735251405,0.9782512223853863,glm,s-2-4-0,s-1-1-1
978,"[[   238   8711]
 [   819 240232]]","(array([0.        , 0.97340485, 1.        ]), array([0.        , 0.99660238, 1.        ]), array([2, 1, 0]))",0.9966023787497251,0.06641956039701653,0.96188,0.9650080540525341,0.5115987645229239,1.316646017346854,0.9805507822544766,0.971165639707541,glm,s-2-4-0,s-1-1-2
979,"[[  2011  68498]
 [  1018 428473]]","(array([0.        , 0.97147882, 1.        ]), array([0.        , 0.99762975, 1.        ]), array([2, 1, 0]))",0.9976297524278739,0.11729280112271287,0.860968,0.8621690199226917,0.5130754670604956,4.802104701386768,0.9249661615910852,0.8862361032111278,glm,s-2-4-0,s-1-1-3
980,"[[   234   8679]
 [   863 240224]]","(array([0.        , 0.97374621, 1.        ]), array([0.        , 0.99642038, 1.        ]), array([2, 1, 0]))",0.9964203793651255,0.06360800748163517,0.961832,0.9651309948052053,0.5113370829844813,1.3183037762653382,0.9805261331863916,0.9712306713274613,glm,s-2-4-0,s-1-2-0
981,"[[   30  1355]
 [  154 48461]]","(array([0.        , 0.97833935, 1.        ]), array([0.        , 0.99683225, 1.        ]), array([2, 1, 0]))",0.9968322534197265,0.050121238185837635,0.96982,0.9727999036454151,0.5092464516196105,1.0424019406887632,0.9846694638884091,0.9775132221769494,glm,s-2-4-0,s-1-2-1
982,"[[   264   8557]
 [   837 240342]]","(array([0.        , 0.97007142, 1.        ]), array([0.        , 0.99652955, 1.        ]), array([2, 1, 0]))",0.9965295485925392,0.07371952629047829,0.962424,0.9656205930919771,0.513229064059335,1.2978564304360054,0.9808316227212811,0.971648036223242,glm,s-2-4-0,s-1-2-2
983,"[[  2000  68511]
 [   973 428516]]","(array([0.        , 0.97163563, 1.        ]), array([0.        , 0.99773452, 1.        ]), array([2, 1, 0]))",0.9977345170656291,0.11815142947245862,0.861032,0.8621583938095918,0.5130494428728466,4.799894240487026,0.9250050727672269,0.8862436543394122,glm,s-2-4-0,s-1-2-3
984,"[[  1975  66025]
 [   211 181789]]","(array([0.        , 0.97095588, 1.        ]), array([0.        , 0.99884066, 1.        ]), array([2, 1, 0]))",0.9988406593406594,0.13328133316407423,0.735056,0.733570339044606,0.5139423884938591,9.15105274685453,0.8458961318151572,0.7747200951880919,glm,s-2-4-0,s-1-3-0
985,"[[  644 22396]
 [   11 26949]]","(array([0.        , 0.97204861, 1.        ]), array([0.        , 0.99959199, 1.        ]), array([2, 1, 0]))",0.9995919881305638,0.12074694221344599,0.55186,0.5461343601175398,0.5137716885097263,15.478565409296206,0.7063495183801849,0.6006285102968707,glm,s-2-4-0,s-1-3-1
986,"[[  1949  66100]
 [   263 181688]]","(array([0.        , 0.97135887, 1.        ]), array([0.        , 0.99855456, 1.        ]), array([2, 1, 0]))",0.9985545558969173,0.1292573825613782,0.734548,0.7332397049090351,0.5135978410720902,9.168598685142372,0.8455737086929509,0.7743906545290568,glm,s-2-4-0,s-1-3-2
987,"[[  2041  68324]
 [  1075 428560]]","(array([0.       , 0.9709941, 1.       ]), array([0.        , 0.99749788, 1.        ]), array([2, 1, 0]))",0.9974978761041349,0.11711422815416705,0.861202,0.8624950692717013,0.5132518869613263,4.794022349450455,0.9250970568331572,0.886490860596954,glm,s-2-4-0,s-1-3-3
988,"[[  1827  65884]
 [   232 182057]]","(array([0.        , 0.97301768, 1.        ]), array([0.       , 0.9987273, 1.       ]), array([2, 1, 0]))",0.9987272956678681,0.12641631149794352,0.735536,0.7342754929600187,0.5128548087974407,9.134473683212024,0.8463240592241358,0.7753355257386166,glm,s-2-4-0,s-1-4-0
989,"[[  648 22483]
 [   14 26855]]","(array([0.        , 0.97198565, 1.        ]), array([0.        , 0.99947895, 1.        ]), array([2, 1, 0]))",0.9994789534407682,0.11993064357114583,0.55006,0.5443066196440878,0.5137466532367474,15.540736598106573,0.7047908984738935,0.598851133479915,glm,s-2-4-0,s-1-4-1
990,"[[  1979  66118]
 [   236 181667]]","(array([0.        , 0.97093851, 1.        ]), array([0.        , 0.99870261, 1.        ]), array([2, 1, 0]))",0.998702605234658,0.13189945749140558,0.734584,0.733163831547511,0.5138820455281768,9.167355346763173,0.845576325147549,0.7743407530670232,glm,s-2-4-0,s-1-4-2
991,"[[  2073  68426]
 [  1779 427722]]","(array([0.        , 0.97059533, 1.        ]), array([0.        , 0.99585798, 1.        ]), array([2, 1, 0]))",0.9958579840326333,0.10055503516071607,0.85959,0.8620855067439555,0.512631328219667,4.849699020116926,0.9241559165515222,0.8858855064821448,glm,s-2-4-0,s-1-4-3
992,"[[ 69613  55716]
 [    74 124597]]","(array([0.        , 0.44455792, 1.        ]), array([0.        , 0.99940644, 1.        ]), array([2, 1, 0]))",0.9994064377441426,0.618719113138522,0.77684,0.6910039764187829,0.777424257099457,7.707851541769952,0.8170723710096267,0.7364559185646921,glm,s-2-4-0,s-2-1-0
993,"[[14083 11008]
 [   18 24891]]","(array([0.        , 0.43872305, 1.        ]), array([0.        , 0.99927737, 1.        ]), array([2, 1, 0]))",0.9992773696254366,0.6228575093037595,0.77948,0.6933619320872447,0.7802771607602692,7.616667009975934,0.8186751743191685,0.7385834248241891,glm,s-2-4-0,s-2-1-1
994,"[[ 69666  55134]
 [    79 125121]]","(array([0.        , 0.44177885, 1.        ]), array([0.        , 0.99936901, 1.        ]), array([2, 1, 0]))",0.9993690095846646,0.6216191159510572,0.779148,0.6941333111425481,0.7787950817154093,7.628134184387678,0.8192434237449052,0.7392935643213349,glm,s-2-4-0,s-2-1-2
995,"[[139978 110255]
 [   190 249577]]","(array([0.        , 0.44060935, 1.        ]), array([0.        , 0.99923929, 1.        ]), array([2, 1, 0]))",0.9992392910192299,0.6218558120722782,0.77911,0.6935931212343538,0.779314969467686,7.629446637101152,0.8188235216921287,0.7387891148810458,glm,s-2-4-0,s-2-1-3
996,"[[ 69601  54886]
 [    95 125418]]","(array([0.        , 0.44089744, 1.        ]), array([0.        , 0.99924311, 1.        ]), array([2, 1, 0]))",0.9992431062917786,0.6225910814556963,0.780076,0.6955918892537049,0.7791728315926347,7.5960814066925515,0.820216011536311,0.7406029556091737,glm,s-2-4-0,s-2-2-0
997,"[[14021 11138]
 [   11 24830]]","(array([0.       , 0.4427044, 1.       ]), array([0.        , 0.99955718, 1.        ]), array([2, 1, 0]))",0.9995571836882573,0.6196603203486456,0.77702,0.6903358540925267,0.7784263918361792,7.701634478860734,0.8166554292950058,0.7358650489292466,glm,s-2-4-0,s-2-2-1
998,"[[ 69995  55282]
 [    86 124637]]","(array([0.        , 0.44127813, 1.        ]), array([0.        , 0.99931047, 1.        ]), array([2, 1, 0]))",0.9993104720059652,0.6211974427642241,0.778528,0.6927395105575287,0.7790161721684399,7.649548699114201,0.8182522436170981,0.7380219540762128,glm,s-2-4-0,s-2-2-2
999,"[[139678 110704]
 [   162 249456]]","(array([0.        , 0.44214041, 1.        ]), array([0.        , 0.99935101, 1.        ]), array([2, 1, 0]))",0.9993510083407446,0.6207195498331656,0.778268,0.6926254997778765,0.7786052994431956,7.658529004864161,0.8181862907484362,0.7379228496478052,glm,s-2-4-0,s-2-2-3
1000,"[[ 69960  54838]
 [    80 125122]]","(array([0.        , 0.43941409, 1.        ]), array([0.        , 0.99936103, 1.        ]), array([2, 1, 0]))",0.9993610325713647,0.6234408569218955,0.780328,0.6952767281618137,0.7799734696983973,7.587377481518328,0.820036570739476,0.7403300664345679,glm,s-2-4-0,s-2-3-0
1001,"[[14102 10984]
 [   16 24898]]","(array([0.        , 0.43785378, 1.        ]), array([0.        , 0.99935779, 1.        ]), array([2, 1, 0]))",0.9993577908003533,0.6236851301467,0.78,0.6938855136280029,0.7807520039069133,7.598706462443816,0.819067043884466,0.7390674534854728,glm,s-2-4-0,s-2-3-1
1002,"[[ 69582  55392]
 [    84 124942]]","(array([0.        , 0.44322819, 1.        ]), array([0.        , 0.99932814, 1.        ]), array([2, 1, 0]))",0.9993281397469327,0.6201740822267309,0.778096,0.6928366253729191,0.7780499741415541,7.664469802339676,0.8183259104008384,0.7381120607966802,glm,s-2-4-0,s-2-3-2
1003,"[[140047 109762]
 [   173 250018]]","(array([0.        , 0.43938369, 1.        ]), array([0.        , 0.99930853, 1.        ]), array([2, 1, 0]))",0.9993085282843908,0.623226807344743,0.78013,0.6949191172383123,0.7799624195729444,7.594216296775275,0.8197701202188301,0.7399999171259763,glm,s-2-4-0,s-2-3-3
1004,"[[ 69897  55065]
 [    97 124941]]","(array([0.        , 0.44065396, 1.        ]), array([0.        , 0.99922424, 1.        ]), array([2, 1, 0]))",0.999224235832307,0.6220337051107994,0.779352,0.6940935302156594,0.7792851385144154,7.621088053314228,0.8191670709799243,0.7392416177747904,glm,s-2-4-0,s-2-4-0
1005,"[[14051 10924]
 [   13 25012]]","(array([0.       , 0.4373974, 1.       ]), array([0.        , 0.99948052, 1.        ]), array([2, 1, 0]))",0.9994805194805195,0.6250590392893225,0.78126,0.6960151380231523,0.781041561041561,7.555186644669312,0.8205902134151343,0.7410128637368236,glm,s-2-4-0,s-2-4-1
1006,"[[ 70200  54860]
 [    92 124848]]","(array([0.        , 0.43866944, 1.        ]), array([0.        , 0.99926365, 1.        ]), array([2, 1, 0]))",0.9992636465503442,0.623479119816606,0.780192,0.6947270015803414,0.7802971039404526,7.592074825472608,0.8196213334733856,0.7398207098600096,glm,s-2-4-0,s-2-4-2
1007,"[[139519 110123]
 [   161 250197]]","(array([0.        , 0.44112369, 1.        ]), array([0.        , 0.99935692, 1.        ]), array([2, 1, 0]))",0.9993569208892865,0.6220767247852913,0.779432,0.6943744449378331,0.7791166158832313,7.6183249400082715,0.8194072817425877,0.7395110537833745,glm,s-2-4-0,s-2-4-3
1008,"[[106497  85373]
 [    14  58116]]","(array([0.        , 0.44495231, 1.        ]), array([0.        , 0.99975916, 1.        ]), array([2, 1, 0]))",0.9997591605023224,0.47395703885714136,0.658452,0.4050205939131223,0.7774034245207188,11.796923056254585,0.5764932868430058,0.4597159247317612,glm,s-2-4-0,s-3-1-0
1009,"[[21726 17912]
 [    3 10359]]","(array([0.       , 0.4518896, 1.       ]), array([0.        , 0.99971048, 1.        ]), array([2, 1, 0]))",0.9997104806022004,0.4479461274044215,0.6417,0.3664178840507941,0.7739104398570819,12.375530030079892,0.53627727590402,0.4195761709573416,glm,s-2-4-0,s-3-1-1
1010,"[[106985  85123]
 [    21  57871]]","(array([0.        , 0.44309971, 1.        ]), array([0.        , 0.99963726, 1.        ]), array([2, 1, 0]))",0.9996372555793547,0.47447517459456096,0.659424,0.40470928850161547,0.7782687704177824,11.763350566001302,0.5761576217357108,0.4593899039163762,glm,s-2-4-0,s-3-1-2
1011,"[[186419 146786]
 [   102 166693]]","(array([0.       , 0.4405276, 1.       ]), array([0.        , 0.99938847, 1.        ]), array([2, 1, 0]))",0.9993884708774243,0.5448574274123692,0.706224,0.5317517281859391,0.7794304338751102,10.146898313608055,0.6941579181883675,0.5866534432407435,glm,s-2-4-0,s-3-1-3
1012,"[[106834  84822]
 [    24  58320]]","(array([0.       , 0.4425742, 1.       ]), array([0.        , 0.99958865, 1.        ]), array([2, 1, 0]))",0.9995886466474702,0.4762540826756303,0.660616,0.40742758938676277,0.7785072256069926,11.722179381823263,0.5788987820493732,0.4621880706025563,glm,s-2-4-0,s-3-2-0
1013,"[[21936 17719]
 [    3 10342]]","(array([0.       , 0.4468289, 1.       ]), array([0.     , 0.99971, 1.     ]), array([2, 1, 0]))",0.9997100048332528,0.45132146277071045,0.64556,0.36855422116104203,0.7764405527885845,12.242207266749455,0.5385616830703537,0.4218159867524819,glm,s-2-4-0,s-3-2-1
1014,"[[107196  84571]
 [    32  58201]]","(array([0.        , 0.44100914, 1.        ]), array([0.        , 0.99945048, 1.        ]), array([2, 1, 0]))",0.9994504834028816,0.47695066311161977,0.661588,0.40764995937578796,0.7792206710505989,11.68860688837159,0.5791000223875028,0.46241107479330895,glm,s-2-4-0,s-3-2-2
1015,"[[185742 147490]
 [    48 166720]]","(array([0.        , 0.44260455, 1.        ]), array([0.        , 0.99971217, 1.        ]), array([2, 1, 0]))",0.9997121749976015,0.5435601909386915,0.704924,0.5306005537697718,0.7785538116069295,10.191799848754629,0.6932541613129914,0.5855544503824086,glm,s-2-4-0,s-3-2-3
1016,"[[ 77872  61689]
 [    47 110392]]","(array([0.        , 0.44202177, 1.        ]), array([0.        , 0.99957443, 1.        ]), array([2, 1, 0]))",0.9995744257010657,0.5977794945863841,0.753056,0.6415118461654686,0.7787763287210124,8.529340903528311,0.7814809571003823,0.6910184873360434,glm,s-2-4-0,s-3-3-0
1017,"[[14264 11336]
 [   10 24390]]","(array([0.       , 0.4428125, 1.       ]), array([0.        , 0.99959016, 1.        ]), array([2, 1, 0]))",0.9995901639344262,0.6162141364662879,0.77308,0.6826960756871746,0.7783888319672131,7.837720424262508,0.8112962778165852,0.7289126380720127,glm,s-2-4-0,s-3-3-1
1018,"[[ 78259  61329]
 [    35 110377]]","(array([0.        , 0.43935725, 1.        ]), array([0.        , 0.99968301, 1.        ]), array([2, 1, 0]))",0.9996830054704199,0.599951009915787,0.754544,0.6428255273548973,0.7801628770653817,8.477946052832381,0.7824881787053645,0.692247966725035,glm,s-2-4-0,s-3-3-2
1019,"[[185813 147089]
 [    40 167058]]","(array([0.        , 0.44183874, 1.        ]), array([0.        , 0.99976062, 1.        ]), array([2, 1, 0]))",0.9997606195166908,0.5445853767303257,0.705742,0.5317828914489077,0.7789609400939997,10.163546488386446,0.6942742262257271,0.5867094289049694,glm,s-2-4-0,s-3-3-3
1020,"[[ 77891  61439]
 [    33 110637]]","(array([0.        , 0.44096031, 1.        ]), array([0.        , 0.99970182, 1.        ]), array([2, 1, 0]))",0.9997018162103551,0.5991732799280307,0.754112,0.6429542760175736,0.7793707530775453,8.492867156057855,0.7825893204501567,0.6923692135163347,glm,s-2-4-0,s-3-4-0
1021,"[[14149 11429]
 [   10 24412]]","(array([0.        , 0.44682931, 1.        ]), array([0.        , 0.99959053, 1.        ]), array([2, 1, 0]))",0.9995905331258701,0.6132748103354598,0.77122,0.6811193884099216,0.7763806133453262,7.90196403560826,0.8101820354114465,0.7274742827172708,glm,s-2-4-0,s-3-4-1
1022,"[[ 78177  61471]
 [    58 110294]]","(array([0.        , 0.44018532, 1.        ]), array([0.        , 0.99947441, 1.        ]), array([2, 1, 0]))",0.9994744091634044,0.5989298091277937,0.753884,0.6421215032166041,0.7796445430326645,8.500742099424365,0.7819025439799799,0.6915747442978033,glm,s-2-4-0,s-3-4-2
1023,"[[186334 146616]
 [   112 166938]]","(array([0.        , 0.44035441, 1.        ]), array([0.        , 0.99932954, 1.        ]), array([2, 1, 0]))",0.9993295420532775,0.5452209444793273,0.706544,0.5324059013758395,0.7794875672422867,10.135845633298562,0.6947008347828981,0.5872862644993969,glm,s-2-4-0,s-3-4-3
