,confusion_matrix,roc_curve,recall,mcc,accuracy,precision,auc,log_loss,f1_score,fbeta_score,model,train,valid
0,"[[245347  10033]
 [  9535 128104]]","(array([0.        , 0.03928655, 1.        ]), array([0.        , 0.93072458, 1.        ]), array([2, 1, 0]))",0.9307245766098271,0.8906985739432914,0.9502110584984441,0.9273692059332402,0.9457190116191903,1.7196695296070412,0.9290438616848457,0.9280383432316172,rf,0-1-0,0-0-0
1,"[[177346   8173]
 [  6846  93059]]","(array([0.        , 0.04405479, 1.        ]), array([0.       , 0.9314749, 1.       ]), array([2, 1, 0]))",0.9314749011560983,0.8847545144338818,0.9473800381187286,0.9192646593962384,0.9437100571574292,1.8174519934727307,0.9253295017823673,0.9216810311528763,rf,0-1-0,0-0-1
2,"[[279607  12873]
 [ 10756 146435]]","(array([0.        , 0.04401327, 1.        ]), array([0.        , 0.93157369, 1.        ]), array([2, 1, 0]))",0.9315736906056963,0.8848515676207157,0.9474526931912443,0.9191942651969769,0.9437802123706819,1.8149425705750728,0.9253425761218834,0.9216437590553144,rf,0-1-0,0-0-2
3,"[[75184  4230]
 [ 2941 39997]]","(array([0.        , 0.05326517, 1.        ]), array([0.        , 0.93150589, 1.        ]), array([2, 1, 0]))",0.9315058922166846,0.8724574543072744,0.9413904145416503,0.9043570669500531,0.9391203624329197,2.024331010731613,0.9177307405495325,0.9096594889149677,rf,0-1-0,0-0-3
4,"[[261050   5910]
 [   836 142664]]","(array([0.        , 0.02213815, 1.        ]), array([0.        , 0.99417422, 1.        ]), array([2, 1, 0]))",0.9941742160278746,0.9645036560781213,0.9835647809774399,0.9602218423142677,0.9860180339953577,0.5676638678089955,0.9769031135945001,0.9668255181649127,rf,0-1-0,0-1-0
5,"[[123132   5272]
 [  4407  64430]]","(array([0.        , 0.04105791, 1.        ]), array([0.       , 0.9359792, 1.       ]), array([2, 1, 0]))",0.9359791972340457,0.8923617747058151,0.950928052484017,0.9243637198358727,0.94746064313277,1.6949063947353373,0.9301351965872425,0.9266636942858375,rf,0-1-0,0-1-1
6,"[[306020   9744]
 [ 10942 158810]]","(array([0.        , 0.03085849, 1.        ]), array([0.        , 0.93554126, 1.        ]), array([2, 1, 0]))",0.935541260191338,0.9061747276846777,0.9573937831091045,0.9421906332688634,0.9523413854699359,1.4715826456439802,0.938854173440613,0.9408532077045575,rf,0-1-0,0-1-2
7,"[[304429  10397]
 [ 10947 158361]]","(array([0.        , 0.03302459, 1.        ]), array([0.        , 0.93534269, 1.        ]), array([2, 1, 0]))",0.9353426890637182,0.9029988523862519,0.9559130323422854,0.9383910688678463,0.9511590488510703,1.5227270895815121,0.9368643992593162,0.9377798043442215,rf,0-1-0,0-1-3
8,"[[46699  2568]
 [ 1761 25225]]","(array([0.        , 0.05212414, 1.        ]), array([0.        , 0.93474394, 1.        ]), array([2, 1, 0]))",0.9347439413028978,0.8769232097228971,0.9432284631424337,0.9076026337567014,0.9413099007060495,1.9608463454522331,0.9209733657058362,0.9129040663588065,rf,0-1-0,0-2-0
9,"[[122093   5166]
 [  4417  64292]]","(array([0.        , 0.04059438, 1.        ]), array([0.        , 0.93571439, 1.        ]), array([2, 1, 0]))",0.9357143896723864,0.8929122239896984,0.9510991590463749,0.9256241181721327,0.9475600056393584,1.6889962897654391,0.9306419043621124,0.9276247255014557,rf,0-1-0,0-2-1
10,"[[104387   3802]
 [  3787  54250]]","(array([0.       , 0.0351422, 1.       ]), array([0.        , 0.93474852, 1.        ]), array([2, 1, 0]))",0.9347485224942709,0.899552447890173,0.9543452889439679,0.9345069937297595,0.9498031588245232,1.5768761453106428,0.9346277425079034,0.9345552894968044,rf,0-1-0,0-2-2
11,"[[265327  11449]
 [  9623 139498]]","(array([0.        , 0.04136558, 1.        ]), array([0.        , 0.93546851, 1.        ]), array([2, 1, 0]))",0.9354685121478531,0.8916245783618797,0.9505232485788817,0.9241521858665624,0.9470514656585727,1.708887948927878,0.9297759174587092,0.926393495097017,rf,0-1-0,0-2-3
12,"[[249041   8734]
 [  8964 129230]]","(array([0.        , 0.03388226, 1.        ]), array([0.        , 0.93513467, 1.        ]), array([2, 1, 0]))",0.935134665759729,0.9016011933070025,0.9553045819243425,0.9366936302223768,0.9506262020487134,1.5437426877383955,0.9359134987941685,0.9363814216361134,rf,0-1-0,0-3-0
13,"[[158124   6624]
 [  5751  82553]]","(array([0.        , 0.04020686, 1.        ]), array([0.        , 0.93487271, 1.        ]), array([2, 1, 0]))",0.9348727124479073,0.8926441092329764,0.9510970077296366,0.925720757594447,0.9473329255298025,1.68907044568072,0.930274226536925,0.9275367855248847,rf,0-1-0,0-3-1
14,"[[95441  3189]
 [ 3684 49214]]","(array([0.        , 0.03233296, 1.        ]), array([0.        , 0.93035654, 1.        ]), array([2, 1, 0]))",0.9303565352187229,0.8999993682891612,0.9546420463544691,0.9391447054557945,0.9490117868225826,1.566625046713651,0.9347299645777344,0.9373738143308825,rf,0-1-0,0-3-2
15,"[[252780  10224]
 [  9716 131550]]","(array([0.        , 0.03887393, 1.        ]), array([0.        , 0.93122195, 1.        ]), array([2, 1, 0]))",0.931221950079991,0.8916093668031736,0.9506765280629282,0.9278852257818782,0.9461740083018471,1.703592590097325,0.9295505935556811,0.9285506563028508,rf,0-1-0,0-3-3
16,"[[   833  32542]
 [  2728 201543]]","(array([0.       , 0.9750412, 1.       ]), array([0.        , 0.98664519, 1.        ]), array([2, 1, 0]))",0.9866451919264115,0.03318552473876945,0.8515859724127484,0.8609821218788047,0.5058019967122694,5.126148405393203,0.919540282327606,0.8834870082788961,rf,0-1-0,1-0-0
17,"[[  1669  60630]
 [  5238 376275]]","(array([0.        , 0.97320984, 1.        ]), array([0.        , 0.98627045, 1.        ]), array([2, 1, 0]))",0.9862704547420402,0.03665392584813103,0.8515858066027958,0.8612284134995022,0.5065303059437098,5.126153874100227,0.9195178991664406,0.883634324394014,rf,0-1-0,1-0-1
18,"[[   505  18339]
 [  1630 113169]]","(array([0.        , 0.97320102, 1.        ]), array([0.        , 0.98580127, 1.        ]), array([2, 1, 0]))",0.9858012700459063,0.03497516531069183,0.8505795290437957,0.8605484077014326,0.5063001255769757,5.16090995897461,0.9189263804926372,0.8829863099631571,rf,0-1-0,1-0-2
19,"[[   618  22326]
 [  1872 136077]]","(array([0.        , 0.97306485, 1.        ]), array([0.        , 0.98642977, 1.        ]), array([2, 1, 0]))",0.9864297675227801,0.03785982811747648,0.8496019093434767,0.8590556997026572,0.5066824569831474,5.1946769779684345,0.91834710074506,0.8818291748805344,rf,0-1-0,1-0-3
20,"[[   966  36438]
 [  3046 223790]]","(array([0.        , 0.97417389, 1.        ]), array([0.       , 0.9865718, 1.       ]), array([2, 1, 0]))",0.9865717963638928,0.03534321578227401,0.8505752346351801,0.8599766358731574,0.5061989556089596,5.161058821177017,0.9189346779889297,0.8826280932803681,rf,0-1-0,1-1-0
21,"[[   820  30537]
 [  2622 189528]]","(array([0.        , 0.97384954, 1.        ]), array([0.        , 0.98635441, 1.        ]), array([2, 1, 0]))",0.9863544106167057,0.03526839997925371,0.851642230444684,0.8612364528661987,0.5062524357194254,5.124205075391687,0.9195589680142645,0.883654572411671,rf,0-1-0,1-1-1
22,"[[   555  20203]
 [  1745 125141]]","(array([0.        , 0.97326332, 1.        ]), array([0.       , 0.9862475, 1.       ]), array([2, 1, 0]))",0.9862474977538893,0.036446143592137464,0.8513451274687762,0.8609987340378688,0.506492088794085,5.134466816005946,0.9193769973919113,0.8834372026171105,rf,0-1-0,1-1-2
23,"[[   624  23939]
 [  1997 149068]]","(array([0.        , 0.97459594, 1.        ]), array([0.        , 0.98678052, 1.        ]), array([2, 1, 0]))",0.9867805249395956,0.034855244292862526,0.852324230760471,0.8616298762477819,0.5060922939806067,5.10064936195416,0.9199684020834876,0.8840543095482942,rf,0-1-0,1-1-3
24,"[[   750  28340]
 [  2344 175434]]","(array([0.        , 0.97421794, 1.        ]), array([0.        , 0.98681502, 1.        ]), array([2, 1, 0]))",0.9868150164812294,0.03607829008897303,0.8516735309472707,0.860924357376309,0.5062985360852349,5.12312428936622,0.919581079381054,0.8834655756923837,rf,0-1-0,1-2-0
25,"[[  1067  40158]
 [  3410 245570]]","(array([0.        , 0.97411765, 1.        ]), array([0.        , 0.98630412, 1.        ]), array([2, 1, 0]))",0.9863041208129167,0.034519990944500575,0.8498716424596406,0.8594537462201814,0.5060932368770465,5.185360418349341,0.9185200146622083,0.8821445916780898,rf,0-1-0,1-2-1
26,"[[  1580  59291]
 [  4970 361899]]","(array([0.        , 0.97404347, 1.        ]), array([0.        , 0.98645293, 1.        ]), array([2, 1, 0]))",0.986452930064955,0.035306443485221106,0.8497662131201197,0.8592298012773333,0.5062047305447904,5.1890020078659695,0.9184566130200911,0.8819796366692029,rf,0-1-0,1-2-2
27,"[[  1688  64017]
 [  5541 393043]]","(array([0.        , 0.97430941, 1.        ]), array([0.        , 0.98609829, 1.        ]), array([2, 1, 0]))",0.9860982879393051,0.0331898867419628,0.8501838294682837,0.8599374261584912,0.5058944373263224,5.17457746426447,0.9187068453702708,0.8825192291802136,rf,0-1-0,1-2-3
28,"[[   901  35316]
 [  2958 216961]]","(array([0.        , 0.97512218, 1.        ]), array([0.        , 0.98654959, 1.        ]), array([2, 1, 0]))",0.9865495932593364,0.03268581516669207,0.8505715713527189,0.8600110196331809,0.5057137065338568,5.161185332486088,0.9189446755160993,0.8826535137145074,rf,0-1-0,1-3-0
29,"[[  362 12268]
 [ 1016 75563]]","(array([0.        , 0.97133808, 1.        ]), array([0.        , 0.98673266, 1.        ]), array([2, 1, 0]))",0.9867326551665601,0.04351866816916079,0.8510912576085372,0.8603226651182384,0.5076972856197013,5.143235717150368,0.9192019950124689,0.882945433895065,rf,0-1-0,1-3-1
30,"[[  1703  68607]
 [  5754 423517]]","(array([0.        , 0.97577869, 1.        ]), array([0.        , 0.98659588, 1.        ]), array([2, 1, 0]))",0.9865958799918932,0.031021962084110608,0.8511532664372744,0.8605900138989361,0.5054085928191581,5.141093855616701,0.9192951991274101,0.8831487796770912,rf,0-1-0,1-3-2
31,"[[  1540  54395]
 [  4633 336361]]","(array([0.        , 0.97246804, 1.        ]), array([0.        , 0.98641325, 1.        ]), array([2, 1, 0]))",0.9864132506730323,0.039213824581284494,0.8512882656596016,0.860795483626611,0.5069726037042644,5.136430916211726,0.9193331055688417,0.8832925949229471,rf,0-1-0,1-3-3
32,"[[ 76904 114968]
 [  2267 189575]]","(array([0.        , 0.59919113, 1.        ]), array([0.        , 0.98818298, 1.        ]), array([2, 1, 0]))",0.9881829839138457,0.48062989628239344,0.6944729668450982,0.622490091711187,0.6944959282477834,10.552769455309704,0.763822436213826,0.6722450982756201,rf,0-1-0,2-0-0
33,"[[ 84292 120100]
 [  2405 202165]]","(array([0.        , 0.58759638, 1.        ]), array([0.        , 0.98824363, 1.        ]), array([2, 1, 0]))",0.9882436329862638,0.49012457593909137,0.7004489414664443,0.6273253378430794,0.7003236247830846,10.346361847579729,0.7674698909525752,0.6767572959836105,rf,0-1-0,2-0-1
34,"[[ 41035  60765]
 [  1323 101114]]","(array([0.       , 0.5969057, 1.       ]), array([0.        , 0.98708474, 1.        ]), array([2, 1, 0]))",0.9870847447699561,0.48117524830816005,0.6960002350210784,0.6246270362431199,0.6950895236619918,10.500017804536201,0.7650993507771001,0.674135579162961,rf,0-1-0,2-0-2
35,"[[102082 146594]
 [  2984 245369]]","(array([0.        , 0.58949798, 1.        ]), array([0.        , 0.98798484, 1.        ]), array([2, 1, 0]))",0.9879848441532818,0.48799122693478447,0.6990557895012163,0.626000413304317,0.6992434314221346,10.394480627455605,0.7663997151406493,0.6754991864905118,rf,0-1-0,2-0-3
36,"[[16525 21842]
 [  453 38198]]","(array([0.        , 0.56929132, 1.        ]), array([0.        , 0.98827973, 1.        ]), array([2, 1, 0]))",0.9882797340301674,0.5053563159793892,0.710522215585967,0.6362091938707528,0.7094942079851883,9.998435229837234,0.7740928757434822,0.6850160144327161,rf,0-1-0,2-1-0
37,"[[ 95436 122858]
 [  2473 215796]]","(array([0.        , 0.56280979, 1.        ]), array([0.        , 0.98866994, 1.        ]), array([2, 1, 0]))",0.9886699439682227,0.5104985639382307,0.7129142872849966,0.6372167462956292,0.7129300776672727,9.915814261152757,0.774958118088138,0.6859878503514243,rf,0-1-0,2-1-1
38,"[[27775 38152]
 [  840 64931]]","(array([0.        , 0.57870068, 1.        ]), array([0.        , 0.98722841, 1.        ]), array([2, 1, 0]))",0.9872284137385778,0.4953133347028119,0.7039286853255174,0.6298904766062299,0.7042638648242998,10.22617257233606,0.769078612292276,0.6790482385594735,rf,0-1-0,2-1-2
39,"[[ 76192  98610]
 [  2057 173099]]","(array([0.        , 0.56412398, 1.        ]), array([0.        , 0.98825618, 1.        ]), array([2, 1, 0]))",0.9882561830596726,0.5089739393527427,0.712345481457775,0.6370749588714396,0.7120661013924237,9.9354604028171,0.7747261477179908,0.6858165503426329,rf,0-1-0,2-1-3
40,"[[ 86750 112015]
 [  2299 196703]]","(array([0.        , 0.56355495, 1.        ]), array([0.        , 0.98844735, 1.        ]), array([2, 1, 0]))",0.9884473522879167,0.5096618673828096,0.7126106489477508,0.6371607745580109,0.7124462002301908,9.926301708573016,0.7748483416056093,0.6859145224754755,rf,0-1-0,2-2-0
41,"[[ 71505  91857]
 [  1916 161588]]","(array([0.        , 0.56229111, 1.        ]), array([0.        , 0.98828163, 1.        ]), array([2, 1, 0]))",0.9882816322536452,0.5103729386415776,0.7131148544051691,0.6375663358914163,0.7129952620812061,9.908886600322777,0.7750971941412499,0.6862745098039217,rf,0-1-0,2-2-1
42,"[[ 89053 128340]
 [  2654 214247]]","(array([0.       , 0.5903594, 1.       ]), array([0.      , 0.987764, 1.      ]), array([2, 1, 0]))",0.9877640029322133,0.48685515238201554,0.6983748336380424,0.625379830524801,0.698702303867748,10.418000468367328,0.765868079386868,0.6749004094505651,rf,0-1-0,2-2-2
43,"[[ 83125 126447]
 [  2493 208122]]","(array([0.        , 0.60335827, 1.        ]), array([0.        , 0.98816324, 1.        ]), array([2, 1, 0]))",0.9881632362367353,0.47766844729419466,0.6931366272635755,0.6220600234929118,0.6924024815924958,10.59892603782611,0.7634926923754182,0.6718419824248447,rf,0-1-0,2-2-3
44,"[[25188 35049]
 [  674 59369]]","(array([0.        , 0.58185169, 1.        ]), array([0.        , 0.98877471, 1.        ]), array([2, 1, 0]))",0.9887747114567893,0.4952410911018688,0.7030013302294645,0.6287890020970578,0.7034615128079305,10.258203643546102,0.7687247913712846,0.6781695852324001,rf,0-1-0,2-3-0
45,"[[16986 21623]
 [  444 38104]]","(array([0.        , 0.56005077, 1.        ]), array([0.        , 0.98848189, 1.        ]), array([2, 1, 0]))",0.9884818927051987,0.512262039446168,0.7139987298624881,0.6379694275620741,0.7142155636698053,9.87835800253674,0.7754566268125158,0.6866674355573495,rf,0-1-0,2-3-1
46,"[[ 87780 123350]
 [  2500 209677]]","(array([0.       , 0.5842372, 1.       ]), array([0.        , 0.98821738, 1.        ]), array([2, 1, 0]))",0.9882173845421511,0.4931155430880962,0.7026980418466976,0.6296096112327229,0.7019900923563311,10.26867885398192,0.7691689716142949,0.6788805175210535,rf,0-1-0,2-3-2
47,"[[ 83784 127640]
 [  2770 208401]]","(array([0.        , 0.60371576, 1.        ]), array([0.        , 0.98688267, 1.        ]), array([2, 1, 0]))",0.9868826685482381,0.47472551533389645,0.6914066659567671,0.6201653964843575,0.691583456265946,10.658677670763481,0.7616828578320651,0.669955347240305,rf,0-1-0,2-3-3
48,"[[32566 41345]
 [  576 36019]]","(array([0.        , 0.55938899, 1.        ]), array([0.        , 0.98426014, 1.        ]), array([2, 1, 0]))",0.9842601448285285,0.43637899968328364,0.620645032848895,0.4655783051548524,0.7124355749781587,13.10275554817659,0.6321396291648751,0.5204290697035986,rf,0-1-0,3-0-0
49,"[[113486 144428]
 [  1897 127738]]","(array([0.        , 0.55998511, 1.        ]), array([0.        , 0.98536661, 1.        ]), array([2, 1, 0]))",0.9853666062405986,0.43892401086608734,0.6224348404975887,0.4693385654343305,0.7126907474622117,13.040936604772442,0.6358271880856444,0.524247331730552,rf,0-1-0,3-0-1
50,"[[35481 45424]
 [  610 39747]]","(array([0.        , 0.56144861, 1.        ]), array([0.       , 0.9848849, 1.       ]), array([2, 1, 0]))",0.9848849022474416,0.43640514603841235,0.6203757153931158,0.4666729285789764,0.7117181448385717,13.112057804398637,0.633277037792365,0.5215580475591866,rf,0-1-0,3-0-2
51,"[[ 86578 110582]
 [  1493  96986]]","(array([0.        , 0.56087442, 1.        ]), array([0.        , 0.98483941, 1.        ]), array([2, 1, 0]))",0.9848394073863463,0.43693270286273816,0.620905902130639,0.4672492869806521,0.7119824953344798,13.093745363577337,0.633798076765987,0.522131335524807,rf,0-1-0,3-0-3
52,"[[103869 132135]
 [  1918 116376]]","(array([0.        , 0.55988458, 1.        ]), array([0.        , 0.98378616, 1.        ]), array([2, 1, 0]))",0.9837861599066732,0.436834689170998,0.6216377174017352,0.46829315402537514,0.7119507908395928,13.06846848380008,0.6345387876392089,0.5231143771048008,rf,0-1-0,3-1-0
53,"[[ 93281 118852]
 [  1471 105168]]","(array([0.        , 0.56027115, 1.        ]), array([0.       , 0.9862058, 1.       ]), array([2, 1, 0]))",0.9862057971286302,0.4397111997494603,0.6225421304255079,0.46945808409963397,0.7129673232412866,13.037231080266181,0.6361115227469992,0.5244141180131222,rf,0-1-0,3-1-1
54,"[[56712 71459]
 [ 1088 62466]]","(array([0.        , 0.55752861, 1.        ]), array([0.       , 0.9828807, 1.       ]), array([2, 1, 0]))",0.9828806998772697,0.4363351009723273,0.6216090754987612,0.46642523800634683,0.7126760428800958,13.069457554071453,0.6326343560581125,0.5211980228751081,rf,0-1-0,3-1-2
55,"[[128898 164031]
 [  2166 144555]]","(array([0.        , 0.55996846, 1.        ]), array([0.        , 0.98523729, 1.        ]), array([2, 1, 0]))",0.9852372870959167,0.4383904229225011,0.6219788468099625,0.46844315685092647,0.7126344152878681,13.056686407985994,0.6349781575947657,0.5233461133255857,rf,0-1-0,3-1-3
56,"[[30417 39010]
 [  513 34011]]","(array([0.        , 0.56188515, 1.        ]), array([0.        , 0.98514077, 1.        ]), array([2, 1, 0]))",0.985140771637122,0.43602726345794884,0.6197920173928101,0.46577012092411774,0.7116278130442801,13.132218562128378,0.6324980240829421,0.520670038700828,rf,0-1-0,3-2-0
57,"[[31946 40740]
 [  573 35870]]","(array([0.        , 0.56049308, 1.        ]), array([0.        , 0.98427682, 1.        ]), array([2, 1, 0]))",0.9842768158494086,0.4369838720288818,0.6214296841352894,0.468215637645216,0.7118918680133046,13.075653994834102,0.6345696266352949,0.5230647188691185,rf,0-1-0,3-2-1
58,"[[116138 148251]
 [  2170 129302]]","(array([0.        , 0.56073059, 1.        ]), array([0.        , 0.98349458, 1.        ]), array([2, 1, 0]))",0.9834945843981988,0.4349669898430016,0.6200156115404144,0.4658641772922649,0.7113819971225266,13.12449527793211,0.6322449728011735,0.5206719261905606,rf,0-1-0,3-2-2
59,"[[ 93556 119118]
 [  1494 104627]]","(array([0.        , 0.56009667, 1.        ]), array([0.        , 0.98592173, 1.        ]), array([2, 1, 0]))",0.985921730854402,0.4386683991845285,0.6216628240718958,0.4676171534559431,0.7129125285359966,13.067601891465225,0.6343606191605076,0.5225596618123446,rf,0-1-0,3-2-3
60,"[[30221 38213]
 [  505 33804]]","(array([0.        , 0.55839203, 1.        ]), array([0.        , 0.98528083, 1.        ]), array([2, 1, 0]))",0.9852808301028885,0.4397281108414727,0.6231568087363616,0.4693891720010553,0.7134444013740324,13.016000111684024,0.6358557643473844,0.5242929861621641,rf,0-1-0,3-3-0
61,"[[ 99205 125761]
 [  1684 110881]]","(array([0.        , 0.55902225, 1.        ]), array([0.        , 0.98503975, 1.        ]), array([2, 1, 0]))",0.985039754808333,0.4387526483024668,0.6224198666196586,0.46856010344740157,0.7130087512784409,13.041453720759895,0.6350445437806229,0.5234517289141213,rf,0-1-0,3-3-1
62,"[[72352 92491]
 [ 1250 81051]]","(array([0.       , 0.5610854, 1.       ]), array([0.        , 0.98481185, 1.        ]), array([2, 1, 0]))",0.9848118491877377,0.43669305122995905,0.6207029100443466,0.4670396791554782,0.7118632263901234,13.100756618009092,0.633599512200842,0.5219203857462437,rf,0-1-0,3-3-2
63,"[[46338 59048]
 [  830 51826]]","(array([0.        , 0.56030213, 1.        ]), array([0.        , 0.98423731, 1.        ]), array([2, 1, 0]))",0.9842373138863567,0.4366930382016309,0.6211260297895496,0.4674314988184786,0.7119675932345264,13.086142086303136,0.6338408854644407,0.5222794627452878,rf,0-1-0,3-3-3
64,"[[224954  30426]
 [107329  30310]]","(array([0.       , 0.1191401, 1.       ]), array([0.        , 0.22021375, 1.        ]), array([2, 1, 0]))",0.2202137475570151,0.13339051786968964,0.6494953170202967,0.4990450474183351,0.5505368213076798,12.10606477252329,0.3055828607435413,0.3982048593867829,rf,1-2-0,0-0-0
65,"[[163355  22164]
 [ 77862  22043]]","(array([0.        , 0.11947024, 1.        ]), array([0.        , 0.22063961, 1.        ]), array([2, 1, 0]))",0.22063960762724588,0.13337896850459383,0.6495529457929257,0.4986314384599724,0.5505846823435848,12.104074534568849,0.3059148440102143,0.3982719805733324,rf,1-2-0,0-0-1
66,"[[257525  34955]
 [122592  34599]]","(array([0.        , 0.11951245, 1.        ]), array([0.        , 0.22010802, 1.        ]), array([2, 1, 0]))",0.22010802145160982,0.13265423083301464,0.6496394030302154,0.49744083733502026,0.5502977880781025,12.101088472721539,0.3051798275595934,0.39731791174694026,rf,1-2-0,0-0-2
67,"[[70080  9334]
 [33549  9389]]","(array([0.        , 0.11753595, 1.        ]), array([0.        , 0.21866412, 1.        ]), array([2, 1, 0]))",0.21866412035958824,0.13406432182369118,0.6495112462403557,0.5014687817123324,0.550564084759843,12.10551369479345,0.30453609250579783,0.39841296783501656,rf,1-2-0,0-0-3
68,"[[235035  31925]
 [111850  31650]]","(array([0.       , 0.1195872, 1.       ]), array([0.        , 0.22055749, 1.        ]), array([2, 1, 0]))",0.2205574912891986,0.13307813145240227,0.649722262827072,0.49783720015729455,0.5504851436068408,12.098226631891642,0.305686345526983,0.39781297134238314,rf,1-2-0,0-1-0
69,"[[113082  15322]
 [ 52508  16329]]","(array([0.       , 0.1193265, 1.       ]), array([0.        , 0.23721255, 1.        ]), array([2, 1, 0]))",0.23721254557868587,0.15309177907860497,0.6561059820219934,0.515907870209472,0.5589430224233107,11.877740704511824,0.3249940291378075,0.41774755552826687,rf,1-2-0,0-1-1
70,"[[278137  37627]
 [132391  37361]]","(array([0.        , 0.11916178, 1.        ]), array([0.        , 0.22009166, 1.        ]), array([2, 1, 0]))",0.2200916631320986,0.13318068820004395,0.6498199853351898,0.49822638288792875,0.550464942040961,12.094851192468278,0.3053117594181581,0.39770791817825696,rf,1-2-0,0-1-2
71,"[[277359  37467]
 [132067  37241]]","(array([0.       , 0.1190086, 1.       ]), array([0.        , 0.21996007, 1.        ]), array([2, 1, 0]))",0.2199600727667919,0.1332647997277351,0.6498200911317941,0.49848744445039356,0.5504757387713817,12.094847451019149,0.3052340830109501,0.3977549451018926,rf,1-2-0,0-1-3
72,"[[43363  5904]
 [21150  5836]]","(array([0.        , 0.11983681, 1.        ]), array([0.        , 0.21626028, 1.        ]), array([2, 1, 0]))",0.21626028310976061,0.12775338925285362,0.6452074016759997,0.4971039182282794,0.5482117377551767,12.254164130081982,0.30139957651190413,0.39461228464014275,rf,1-2-0,0-2-0
73,"[[112043  15216]
 [ 53679  15030]]","(array([0.        , 0.11956718, 1.        ]), array([0.        , 0.21874864, 1.        ]), array([2, 1, 0]))",0.21874863554992796,0.13099583255951838,0.6484375,0.49692521325133904,0.5495907268305121,12.142600661342003,0.3037744429286039,0.3961664373487688,rf,1-2-0,0-2-1
74,"[[95378 12811]
 [45319 12718]]","(array([0.        , 0.11841315, 1.        ]), array([0.        , 0.21913607, 1.        ]), array([2, 1, 0]))",0.21913606837017766,0.13317203080292286,0.6502953809873305,0.4981785420502174,0.5503614605038459,12.078431265138041,0.30438216499533305,0.39705781346587327,rf,1-2-0,0-2-2
75,"[[243795  32981]
 [116357  32764]]","(array([0.        , 0.11916134, 1.        ]), array([0.        , 0.21971419, 1.        ]), array([2, 1, 0]))",0.21971419183079513,0.13275586446857016,0.6493565345611733,0.4983496843866454,0.5502764241808542,12.11085816708269,0.30497147059097296,0.39752390797401604,rf,1-2-0,0-2-3
76,"[[227125  30650]
 [107838  30356]]","(array([0.        , 0.11890214, 1.        ]), array([0.        , 0.21966221, 1.        ]), array([2, 1, 0]))",0.2196622139890299,0.13303587209758963,0.6502554492902222,0.49759040094416945,0.550380035323484,12.079810725182089,0.3047791164658634,0.39710322381468166,rf,1-2-0,0-3-0
77,"[[145115  19633]
 [ 68922  19382]]","(array([0.        , 0.11916988, 1.        ]), array([0.        , 0.21949176, 1.        ]), array([2, 1, 0]))",0.2194917557528538,0.13241453458262845,0.6500521631917551,0.4967832884787902,0.5501609360258429,12.086832122044726,0.30446359145139373,0.39658051104090625,rf,1-2-0,0-3-1
78,"[[87214 11416]
 [41274 11624]]","(array([0.        , 0.11574572, 1.        ]), array([0.        , 0.21974366, 1.        ]), array([2, 1, 0]))",0.21974365760520245,0.13806270021354533,0.6522754870386991,0.5045138888888889,0.5519989706458538,12.01003944123929,0.3061444862914483,0.4006673192791849,rf,1-2-0,0-3-2
79,"[[231759  31245]
 [110114  31152]]","(array([0.        , 0.11880047, 1.        ]), array([0.        , 0.22052015, 1.        ]), array([2, 1, 0]))",0.22052015346934153,0.13424271449724548,0.6503351720384891,0.49925477186403194,0.5508598394759219,12.077057104979064,0.3059171278042649,0.3985119763389911,rf,1-2-0,0-3-3
80,"[[ 10426  22949]
 [  1624 202647]]","(array([0.        , 0.68761049, 1.        ]), array([0.        , 0.99204978, 1.        ]), array([2, 1, 0]))",0.9920497770119107,0.4821203623829175,0.8965983016756015,0.8982739055657015,0.6522196450602624,3.571445352808655,0.9428358073543677,0.9155834474158613,rf,1-2-0,1-0-0
81,"[[ 39630  22669]
 [  1312 380201]]","(array([0.        , 0.36387422, 1.        ]), array([0.        , 0.99656106, 1.        ]), array([2, 1, 0]))",0.9965610608288578,0.7594811846535163,0.9459658594179517,0.9437312284359719,0.8163434206694892,1.8663139410392202,0.969426925366817,0.9538442934822149,rf,1-2-0,1-0-1
82,"[[  4498  14346]
 [   108 114691]]","(array([0.        , 0.76130333, 1.        ]), array([0.        , 0.99905923, 1.        ]), array([2, 1, 0]))",0.9990592252545754,0.4535945148551739,0.891846187230158,0.888822585769973,0.618877946314403,3.735586188852186,0.9407224527961416,0.9088798266732387,rf,1-2-0,1-0-2
83,"[[  5609  17335]
 [    52 137897]]","(array([0.        , 0.75553522, 1.        ]), array([0.        , 0.99962305, 1.        ]), array([2, 1, 0]))",0.999623049097855,0.463236501462926,0.8919343911792309,0.8883284374355803,0.6220439164596667,3.732540049596717,0.9406953383745877,0.9085596216514666,rf,1-2-0,1-0-3
84,"[[ 20449  16955]
 [   995 225841]]","(array([0.        , 0.45329377, 1.        ]), array([0.        , 0.99561357, 1.        ]), array([2, 1, 0]))",0.9956135710381069,0.6923039612264776,0.9320693309112927,0.9301677128124022,0.7711599028327096,2.346293496302891,0.9617785840828564,0.942559389659605,rf,1-2-0,1-1-0
85,"[[  7526  23831]
 [    57 192093]]","(array([0.        , 0.75998979, 1.        ]), array([0.        , 0.99970336, 1.        ]), array([2, 1, 0]))",0.9997033567525371,0.45984245588459344,0.8931219156447001,0.8896324632741149,0.6198567809052095,3.691523512587908,0.9414615976514064,0.9096639093201093,rf,1-2-0,1-1-1
86,"[[  5828  14930]
 [   474 126412]]","(array([0.        , 0.71924077, 1.        ]), array([0.        , 0.99626436, 1.        ]), array([2, 1, 0]))",0.9962643632867298,0.476366861960279,0.8956679580612825,0.8943696848778141,0.6385117943228138,3.6035819239307867,0.9425712453584265,0.913046367373825,rf,1-2-0,1-1-2
87,"[[  4317  20246]
 [    51 151014]]","(array([0.        , 0.82424785, 1.        ]), array([0.       , 0.9996624, 1.       ]), array([2, 1, 0]))",0.9996623969814319,0.39067799215301857,0.8844318673560024,0.8817820857176223,0.5877072722602066,3.9916740675579865,0.9370293957961685,0.9030803547401343,rf,1-2-0,1-1-3
88,"[[ 27535   1555]
 [    68 177710]]","(array([0.       , 0.0534548, 1.       ]), array([0.       , 0.9996175, 1.       ]), array([2, 1, 0]))",0.9996175004781244,0.9672768606836244,0.9921544173095888,0.9913256910160935,0.9730813525078832,0.27098283670236184,0.9954543290303969,0.9929730297551066,rf,1-2-0,1-2-0
89,"[[ 24500  16725]
 [  1987 246993]]","(array([0.        , 0.40570042, 1.        ]), array([0.        , 0.99201944, 1.        ]), array([2, 1, 0]))",0.9920194393123946,0.7107392012975328,0.9355214417394601,0.9365799831638341,0.7931595074063489,2.2270565881655684,0.9635028808382322,0.9471665495777128,rf,1-2-0,1-2-1
90,"[[ 29641  31230]
 [  1090 365779]]","(array([0.        , 0.51305219, 1.        ]), array([0.        , 0.99702891, 1.        ]), array([2, 1, 0]))",0.9970289122275253,0.6547819148962691,0.9244400804226867,0.921336795891277,0.7419883599431725,2.6098055466200445,0.9576895787023582,0.935541624784836,rf,1-2-0,1-2-2
91,"[[ 31905  33800]
 [   984 397600]]","(array([0.        , 0.51442052, 1.        ]), array([0.        , 0.99753126, 1.        ]), array([2, 1, 0]))",0.9975312606627461,0.6563574698877952,0.9250811455795851,0.9216504404265183,0.7415553723601379,2.5876637708705443,0.958090758376065,0.9358887930612415,rf,1-2-0,1-2-3
92,"[[  6608  29609]
 [   147 219772]]","(array([0.        , 0.81754425, 1.        ]), array([0.        , 0.99933157, 1.        ]), array([2, 1, 0]))",0.9993315720788108,0.39528183197059763,0.8838273417247088,0.8812700245808622,0.5908936624510353,4.012553899831625,0.9365949286170892,0.9025966718770408,rf,1-2-0,1-3-0
93,"[[ 2286 10344]
 [   29 76550]]","(array([0.        , 0.81900238, 1.        ]), array([0.        , 0.99962131, 1.        ]), array([2, 1, 0]))",0.9996213061021951,0.3960494324939449,0.8837224943671602,0.8809584090961401,0.5903094654026415,4.016175482072734,0.9365460962972478,0.9023823837983757,rf,1-2-0,1-3-1
94,"[[ 12386  57924]
 [   162 429109]]","(array([0.        , 0.82383729, 1.        ]), array([0.        , 0.99962262, 1.        ]), array([2, 1, 0]))",0.9996226160164559,0.39065239251789846,0.8837305662144878,0.8810676073284562,0.5878926620119259,4.0158966845342965,0.9366083745132621,0.9024742544701088,rf,1-2-0,1-3-2
95,"[[  9969  45966]
 [   128 340866]]","(array([0.        , 0.82177527, 1.        ]), array([0.        , 0.99962463, 1.        ]), array([2, 1, 0]))",0.9996246268262785,0.3930158832830444,0.8838734383227227,0.8811732224841792,0.5889246759768292,4.010961943930753,0.9366689291121778,0.9025632280935139,rf,1-2-0,1-3-3
96,"[[143778  48094]
 [  8641 183201]]","(array([0.        , 0.25065669, 1.        ]), array([0.        , 0.95495773, 1.        ]), array([2, 1, 0]))",0.9549577256283817,0.7196698357676121,0.8521424811187499,0.7920664086988478,0.8521505189182602,5.10691800300241,0.865918130534555,0.8200420403537263,rf,1-2-0,2-0-0
97,"[[154137  50255]
 [  8915 195655]]","(array([0.        , 0.24587557, 1.        ]), array([0.        , 0.95642079, 1.        ]), array([2, 1, 0]))",0.9564207850613482,0.7255936559164144,0.8553166308850211,0.795636615021756,0.8552726063159495,4.997284791877289,0.8686512164801989,0.823318268656214,rf,1-2-0,2-0-1
98,"[[76159 25641]
 [ 4414 98023]]","(array([0.        , 0.25187623, 1.        ]), array([0.       , 0.9569101, 1.       ]), array([2, 1, 0]))",0.9569101008424691,0.7212667059849747,0.852842530981164,0.792655906326821,0.8525169364723151,5.082739302999692,0.8670726799085364,0.8208352802662232,rf,1-2-0,2-0-2
99,"[[186087  62589]
 [ 10772 237581]]","(array([0.        , 0.25168894, 1.        ]), array([0.        , 0.95662625, 1.        ]), array([2, 1, 0]))",0.9566262537597694,0.720677325564399,0.8524009665431997,0.791488156711197,0.8524686545544492,5.097990702978299,0.8662572034354076,0.8197915437398596,rf,1-2-0,2-0-3
100,"[[28455  9912]
 [ 1576 37075]]","(array([0.        , 0.25834702, 1.        ]), array([0.        , 0.95922486, 1.        ]), array([2, 1, 0]))",0.9592248583477788,0.7185018033604368,0.8508400633618115,0.7890480345627514,0.8504389206900361,5.151904604565972,0.8658539433429085,0.8180751018318705,rf,1-2-0,2-1-0
101,"[[164138  54156]
 [  8217 210052]]","(array([0.        , 0.24808744, 1.        ]), array([0.        , 0.96235379, 1.        ]), array([2, 1, 0]))",0.9623537927969615,0.7306210738926852,0.8571271500333285,0.7950251317144068,0.8571331755449529,4.934752608622796,0.8707233712695113,0.8236680859006463,rf,1-2-0,2-1-1
102,"[[49402 16525]
 [ 2948 62823]]","(array([0.        , 0.25065603, 1.        ]), array([0.        , 0.95517781, 1.        ]), array([2, 1, 0]))",0.9551778139301516,0.7198085002913274,0.8521389846466917,0.7917401824872713,0.8522608926462079,5.107038877474448,0.865813573687801,0.8197947087792924,rf,1-2-0,2-1-2
103,"[[130897  43905]
 [  7649 167507]]","(array([0.       , 0.2511699, 1.       ]), array([0.        , 0.95633036, 1.        ]), array([2, 1, 0]))",0.9563303569389573,0.7209611260665318,0.8526851793643808,0.792324938981704,0.8525802309288326,5.08817396541413,0.8666366590095405,0.8204660248196518,rf,1-2-0,2-1-3
104,"[[149456  49309]
 [  7506 191496]]","(array([0.        , 0.24807687, 1.        ]), array([0.        , 0.96228179, 1.        ]), array([2, 1, 0]))",0.9622817861127024,0.7306199008246854,0.8571651243064407,0.7952326571292124,0.8571024557057111,4.93344095469593,0.8708183362247532,0.8238357215747077,rf,1-2-0,2-2-0
105,"[[122678  40684]
 [  7273 156231]]","(array([0.      , 0.249042, 1.      ]), array([0.        , 0.95551791, 1.        ]), array([2, 1, 0]))",0.955517907818769,0.7217849995675546,0.853282384830481,0.793393088388391,0.8532379514730775,5.067546426953498,0.8669409770295129,0.8212621587864974,rf,1-2-0,2-2-1
106,"[[163637  53756]
 [  7917 208984]]","(array([0.        , 0.24727567, 1.        ]), array([0.        , 0.96349948, 1.        ]), array([2, 1, 0]))",0.9634994767197939,0.7325525504115911,0.8579925119849687,0.7954022988505747,0.8581119027350148,4.904863847446164,0.8714184150229024,0.824159746218237,rf,1-2-0,2-2-2
107,"[[157680  51892]
 [  9020 201595]]","(array([0.        , 0.24760941, 1.        ]), array([0.        , 0.95717304, 1.        ]), array([2, 1, 0]))",0.9571730408565392,0.7251986345681846,0.8550359720790981,0.7952873322892299,0.854781813692637,5.006978893865463,0.8687529896445177,0.8231303738558164,rf,1-2-0,2-2-3
108,"[[45270 14967]
 [ 2697 57346]]","(array([0.        , 0.24846855, 1.        ]), array([0.        , 0.95508219, 1.        ]), array([2, 1, 0]))",0.9550821910963809,0.7215483008367001,0.8531426671100765,0.7930247673309087,0.8533068209329208,5.072372080266379,0.8665417510350871,0.8208820624400577,rf,1-2-0,2-3-0
109,"[[28920  9689]
 [ 1538 37010]]","(array([0.        , 0.25095185, 1.        ]), array([0.        , 0.96010169, 1.        ]), array([2, 1, 0]))",0.9601016913977379,0.7254019687674732,0.8544914913747295,0.7925223238184972,0.8545749203964784,5.025786252513231,0.8683003507454808,0.8211889378017609,rf,1-2-0,2-3-1
110,"[[158070  53060]
 [  9169 203008]]","(array([0.        , 0.25131436, 1.        ]), array([0.        , 0.95678608, 1.        ]), array([2, 1, 0]))",0.9567860795467935,0.7215348321628592,0.8529932176883444,0.7927894153115579,0.8527358617314322,5.077534609440768,0.8671016241497507,0.820931554799268,rf,1-2-0,2-3-2
111,"[[158233  53191]
 [  9552 201619]]","(array([0.        , 0.25158449, 1.        ]), array([0.        , 0.95476652, 1.        ]), array([2, 1, 0]))",0.9547665162356573,0.7185834984665204,0.851529241945598,0.7912523056394961,0.8515910112584372,5.128098956998523,0.8653528791946452,0.8193156595641619,rf,1-2-0,2-3-3
112,"[[59610 14301]
 [ 8341 28254]]","(array([0.        , 0.19348947, 1.        ]), array([0.        , 0.77207269, 1.        ]), array([2, 1, 0]))",0.7720726875256183,0.5595746422434615,0.795106148082457,0.663940782516743,0.7892916102319409,7.076886415003862,0.7139355653821857,0.6830742450982762,rf,1-2-0,3-0-0
113,"[[210851  47063]
 [ 34977  94658]]","(array([0.        , 0.18247555, 1.        ]), array([0.        , 0.73018861, 1.        ]), array([2, 1, 0]))",0.7301886064720176,0.5365607585458625,0.7883106394288206,0.6679179514680252,0.7738565263026124,7.311588591100298,0.6976665339996166,0.6795076659789611,rf,1-2-0,3-0-1
114,"[[64559 16346]
 [ 9648 30709]]","(array([0.        , 0.20203943, 1.        ]), array([0.        , 0.76093367, 1.        ]), array([2, 1, 0]))",0.7609336670218302,0.540444902166109,0.7856377100823011,0.6526192753161194,0.7794471190309695,7.403918983926559,0.702626641651032,0.6717430012643442,rf,1-2-0,3-0-2
115,"[[160411  36749]
 [ 23316  75163]]","(array([0.        , 0.18639176, 1.        ]), array([0.        , 0.76323886, 1.        ]), array([2, 1, 0]))",0.7632388631078707,0.5605535572948419,0.7968299175683857,0.6716259203660019,0.7884235500363861,7.017345440101856,0.71450774985622,0.6881457975892055,rf,1-2-0,3-0-3
116,"[[193210  42794]
 [ 29677  88617]]","(array([0.        , 0.18132744, 1.        ]), array([0.        , 0.74912506, 1.        ]), array([2, 1, 0]))",0.7491250612879774,0.5543402120216755,0.795451851266448,0.6743499402637526,0.7838988130798796,7.064939350738643,0.709773532768667,0.6880864306812147,rf,1-2-0,3-1-0
117,"[[173534  38599]
 [ 25789  80850]]","(array([0.       , 0.1819566, 1.       ]), array([0.       , 0.7581654, 1.       ]), array([2, 1, 0]))",0.7581653991504046,0.5616581512747454,0.7980123724793896,0.6768579058845198,0.7881043982265202,6.976502321962774,0.7152082375004423,0.6916936870652853,rf,1-2-0,3-1-1
118,"[[104040  24131]
 [ 15063  48491]]","(array([0.        , 0.18827192, 1.        ]), array([0.        , 0.76298895, 1.        ]), array([2, 1, 0]))",0.7629889542751046,0.5577312119491552,0.7955717825009779,0.667717771474209,0.7873585181452686,7.060801132391275,0.7121812947949712,0.6848198801272165,rf,1-2-0,3-1-2
119,"[[239510  53419]
 [ 39839 106882]]","(array([0.       , 0.1823616, 1.       ]), array([0.        , 0.72847104, 1.        ]), array([2, 1, 0]))",0.7284710436815452,0.5350142347139188,0.7878812691914022,0.6667581612092252,0.7730547237634229,7.3264185664317125,0.6962497801460482,0.6782498334232319,rf,1-2-0,3-1-3
120,"[[56457 12970]
 [ 8119 26405]]","(array([0.        , 0.18681493, 1.        ]), array([0.        , 0.76483026, 1.        ]), array([2, 1, 0]))",0.7648302630054454,0.561200773368722,0.7971255687775971,0.6706031746031746,0.7890076675477772,7.007134382266078,0.7146240138567503,0.6875442653001708,rf,1-2-0,3-2-0
121,"[[59026 13660]
 [ 9520 26923]]","(array([0.        , 0.18793165, 1.        ]), array([0.        , 0.73877013, 1.        ]), array([2, 1, 0]))",0.7387701341821474,0.537518710995495,0.7875908328675237,0.6634058595963828,0.7754192414850423,7.336452815795308,0.6990626541687222,0.6772229908187648,rf,1-2-0,3-2-1
122,"[[216198  48191]
 [ 33514  97958]]","(array([0.        , 0.18227309, 1.        ]), array([0.        , 0.74508641, 1.        ]), array([2, 1, 0]))",0.7450864062309845,0.5492689632566915,0.7936017945693059,0.6702611718178024,0.7814066581003819,7.128838806414212,0.7056958947630042,0.6839992849841077,rf,1-2-0,3-2-2
123,"[[173053  39621]
 [ 25224  80897]]","(array([0.        , 0.18629922, 1.        ]), array([0.        , 0.76230906, 1.        ]), array([2, 1, 0]))",0.7623090622968122,0.5597906552758267,0.7965934221051145,0.6712441295076255,0.7880049218872834,7.025513688037031,0.7138841946884694,0.6876739437565562,rf,1-2-0,3-2-3
124,"[[55645 12789]
 [ 8013 26296]]","(array([0.        , 0.18688079, 1.        ]), array([0.        , 0.76644612, 1.        ]), array([2, 1, 0]))",0.7664461220088024,0.5630031680991159,0.7975336519276253,0.6727900729179992,0.7897826658791709,6.993039453962476,0.7165708368531487,0.6896443201905071,rf,1-2-0,3-3-0
125,"[[183169  41797]
 [ 26590  85975]]","(array([0.        , 0.18579252, 1.        ]), array([0.        , 0.76378093, 1.        ]), array([2, 1, 0]))",0.7637809265757562,0.5618250643594532,0.797390461913128,0.6728782518861722,0.7889942034086075,6.997984546878792,0.7154537170722777,0.6892855482135097,rf,1-2-0,3-3-1
126,"[[134136  30707]
 [ 19364  62937]]","(array([0.        , 0.18628028, 1.        ]), array([0.        , 0.76471732, 1.        ]), array([2, 1, 0]))",0.7647173181370822,0.5619526679507483,0.7974015149062894,0.6720879073939601,0.7892185196631675,6.9976031225029205,0.715416749552417,0.688774002630905,rf,1-2-0,3-3-2
127,"[[87130 18256]
 [12274 40382]]","(array([0.        , 0.17322984, 1.        ]), array([0.        , 0.76690216, 1.        ]), array([2, 1, 0]))",0.7669021573989668,0.5792561933470335,0.8068235026132294,0.6886660527303115,0.7968361583115761,6.672172212369551,0.7256815282045752,0.7030096654689284,rf,1-2-0,3-3-3
128,"[[247419   7961]
 [122185  15454]]","(array([0.        , 0.03117315, 1.        ]), array([0.        , 0.11227922, 1.        ]), array([2, 1, 0]))",0.11227922318528906,0.16345647857372486,0.6688557041771518,0.6600042707666026,0.5405530347267976,11.437334984535571,0.19191078768611772,0.3340697538683695,rf,3-0-0,0-0-0
129,"[[179679   5840]
 [ 88631  11274]]","(array([0.        , 0.03147926, 1.        ]), array([0.       , 0.1128472, 1.       ]), array([2, 1, 0]))",0.11284720484460237,0.16347335916803973,0.6690152194629744,0.6587589108332359,0.540683974675278,11.431825685480547,0.19268665772225024,0.3348162579219653,rf,3-0-0,0-0-1
130,"[[283337   9143]
 [139557  17634]]","(array([0.        , 0.03126026, 1.        ]), array([0.      , 0.112182, 1.      ]), array([2, 1, 0]))",0.11218199515239421,0.1630536054568104,0.6693137871910797,0.6585502483474623,0.5404608690203984,11.4215134190164,0.19170725343538006,0.33359944608189973,rf,3-0-0,0-0-2
131,"[[76942  2472]
 [38121  4817]]","(array([0.        , 0.03112801, 1.        ]), array([0.        , 0.11218501, 1.        ]), array([2, 1, 0]))",0.11218501094601518,0.1634399183363757,0.6682277363672028,0.6608588283715188,0.5405284991265196,11.459024182714273,0.19180918629422422,0.33407773185008466,rf,3-0-0,0-0-3
132,"[[258634   8326]
 [127425  16075]]","(array([0.        , 0.03118819, 1.        ]), array([0.        , 0.11202091, 1.        ]), array([2, 1, 0]))",0.11202090592334495,0.16300673519740533,0.6692710617356137,0.6587844760460637,0.5404163564678158,11.422989065520937,0.19148188515851602,0.33336236644767403,rf,3-0-0,0-1-0
133,"[[124362   4042]
 [ 61608   7229]]","(array([0.        , 0.03147877, 1.        ]), array([0.       , 0.1050162, 1.       ]), array([2, 1, 0]))",0.10501619768438485,0.1510101041447397,0.6671584508291887,0.6413805341140981,0.5367687137763066,11.49595622765398,0.1804813501772607,0.31728127386522237,rf,3-0-0,0-1-1
134,"[[305898   9866]
 [150748  19004]]","(array([0.        , 0.03124485, 1.        ]), array([0.        , 0.11195155, 1.        ]), array([2, 1, 0]))",0.11195155285357462,0.1627365563077079,0.6691890689493241,0.6582611707655005,0.5403533495510193,11.425821024889872,0.19135845978793892,0.33313232736859816,rf,3-0-0,0-1-2
135,"[[304980   9846]
 [150342  18966]]","(array([0.        , 0.03127442, 1.        ]), array([0.       , 0.1120207, 1.       ]), array([2, 1, 0]))",0.11202069600963924,0.16276106630805504,0.6691246638327405,0.6582673885880883,0.5403731388797791,11.428045512160374,0.1914597213809812,0.3332560199046936,rf,3-0-0,0-1-3
136,"[[47743  1524]
 [24040  2946]]","(array([0.        , 0.03093348, 1.        ]), array([0.        , 0.10916772, 1.        ]), array([2, 1, 0]))",0.10916771659378938,0.1592500491052027,0.6647476164872201,0.6590604026845638,0.5391171158526623,11.579223090842072,0.1873092573753815,0.32831097044532603,rf,3-0-0,0-2-0
137,"[[123318   3941]
 [ 61153   7556]]","(array([0.        , 0.03096834, 1.        ]), array([0.        , 0.10997104, 1.        ]), array([2, 1, 0]))",0.10997103727313744,0.16041193162665712,0.667833523840627,0.6572149256327737,0.5395013485582246,11.472639726199114,0.18841483180809415,0.32938960914409265,rf,3-0-0,0-2-1
138,"[[104836   3353]
 [ 51571   6466]]","(array([0.        , 0.03099206, 1.        ]), array([0.        , 0.11141169, 1.        ]), array([2, 1, 0]))",0.11141168564881024,0.16260891572884387,0.6695823758016195,0.6585191974742846,0.5402098127289241,11.412236568071528,0.19058005187455787,0.332226937819202,rf,3-0-0,0-2-2
139,"[[268152   8624]
 [132477  16644]]","(array([0.        , 0.03115877, 1.        ]), array([0.        , 0.11161406, 1.        ]), array([2, 1, 0]))",0.11161405838211921,0.16245443903548448,0.6686968915019359,0.6586987494063637,0.5402276436952074,11.442820174423701,0.19088359930958945,0.3326232148781141,rf,3-0-0,0-2-3
140,"[[249741   8034]
 [122751  15443]]","(array([0.        , 0.03116672, 1.        ]), array([0.       , 0.1117487, 1.       ]), array([2, 1, 0]))",0.11174870110135028,0.1626384336525904,0.6697089923706149,0.6577927333134557,0.5402909929713909,11.407863481166823,0.19104230195891655,0.3326770126926955,rf,3-0-0,0-3-0
141,"[[159633   5115]
 [ 78419   9885]]","(array([0.        , 0.03104742, 1.        ]), array([0.        , 0.11194283, 1.        ]), array([2, 1, 0]))",0.11194283384671136,0.16328362356876874,0.6698939348434314,0.659,0.5404477079860697,11.401475733498746,0.19137690699295284,0.33326815190419673,rf,3-0-0,0-3-1
142,"[[95517  3113]
 [47063  5835]]","(array([0.       , 0.0315624, 1.       ]), array([0.        , 0.11030663, 1.        ]), array([2, 1, 0]))",0.11030662784982419,0.15923940686648588,0.6688664801224856,0.652101028162718,0.5393721114510198,11.436963026885056,0.18869449924004789,0.3289547863344232,rf,3-0-0,0-3-2
143,"[[254811   8193]
 [125495  15771]]","(array([0.        , 0.03115162, 1.        ]), array([0.        , 0.11164045, 1.        ]), array([2, 1, 0]))",0.11164045134710404,0.16251348075092556,0.6693101145274198,0.6581121682523786,0.540244416940605,11.421640215164528,0.19089753676693097,0.33255033274010853,rf,3-0-0,0-3-3
144,"[[ 12534  20841]
 [ 28095 176176]]","(array([0.        , 0.62444944, 1.        ]), array([0.        , 0.86246212, 1.        ]), array([2, 1, 0]))",0.8624621213975552,0.21965655980387955,0.7940802706546712,0.8942172502880462,0.619006341597654,7.112285609988772,0.8780526704013077,0.8876805204673,rf,3-0-0,1-0-0
145,"[[ 23448  38851]
 [ 52476 329037]]","(array([0.        , 0.62362157, 1.        ]), array([0.        , 0.86245292, 1.        ]), array([2, 1, 0]))",0.862452917724953,0.22031252704372406,0.7942214270907502,0.8943944896272779,0.619415675382806,7.10741011279048,0.8781333358242116,0.887818290238065,rf,3-0-0,1-0-1
146,"[[ 7169 11675]
 [15307 99492]]","(array([0.       , 0.6195606, 1.       ]), array([0.       , 0.8666626, 1.       ]), array([2, 1, 0]))",0.8666626015906062,0.2299240517253171,0.7981039036836947,0.8949778261534448,0.6235509993730997,6.973313978191731,0.8805926555322482,0.8891677257103636,rf,3-0-0,1-0-2
147,"[[  8563  14381]
 [ 19053 118896]]","(array([0.        , 0.62678696, 1.        ]), array([0.        , 0.86188374, 1.        ]), array([2, 1, 0]))",0.8618837396429115,0.2180130722686635,0.7921972988259278,0.8920969109448742,0.6175483900446077,7.177322500034727,0.876730106995642,0.88588599776174,rf,3-0-0,1-0-3
148,"[[ 12594  24810]
 [ 31471 195365]]","(array([0.        , 0.66329804, 1.        ]), array([0.      , 0.861261, 1.      ]), array([2, 1, 0]))",0.8612609991359397,0.1851262717767906,0.7870080230093854,0.8873169070057908,0.5989814780729426,7.3565573429239,0.8740948209328181,0.8819803600063565,rf,3-0-0,1-1-0
149,"[[ 11961  19396]
 [ 26350 165800]]","(array([0.        , 0.61855407, 1.        ]), array([0.        , 0.86286755, 1.        ]), array([2, 1, 0]))",0.8628675513921416,0.22514242159882963,0.7953263208758562,0.8952677163653643,0.6221567402653854,7.069247826481232,0.8787690872567883,0.8885944772084629,rf,3-0-0,1-1-1
150,"[[  7036  13722]
 [ 17370 109516]]","(array([0.        , 0.66104634, 1.        ]), array([0.        , 0.86310546, 1.        ]), array([2, 1, 0]))",0.863105464747884,0.1890851588062952,0.7894123702961177,0.888654473457862,0.6010295605847522,7.273513368281136,0.8756936559466505,0.883424378627964,rf,3-0-0,1-1-2
151,"[[  9911  14652]
 [ 21245 129820]]","(array([0.        , 0.59650694, 1.        ]), array([0.        , 0.85936517, 1.        ]), array([2, 1, 0]))",0.8593651739317513,0.23866103792418056,0.7956077618602956,0.8985824242759842,0.6314291162986119,7.059524517444008,0.8785363592375912,0.8904552145337217,rf,3-0-0,1-1-3
152,"[[ 11104  17986]
 [ 24570 153208]]","(array([0.        , 0.61828807, 1.        ]), array([0.        , 0.86179392, 1.        ]), array([2, 1, 0]))",0.8617939227575966,0.224078452402853,0.7942842778970165,0.8949379067023377,0.621752925627681,7.105238847096692,0.8780532535561593,0.8881067156375138,rf,3-0-0,1-2-0
153,"[[ 16352  24873]
 [ 34770 214210]]","(array([0.        , 0.60334748, 1.        ]), array([0.        , 0.86035023, 1.        ]), array([2, 1, 0]))",0.8603502289340509,0.23551689123927522,0.7944797643045434,0.8959649996026484,0.6285013728054123,7.09848599751396,0.8777965139746303,0.8886080948335369,rf,3-0-0,1-2-1
154,"[[ 20545  40326]
 [ 50304 316565]]","(array([0.        , 0.66248296, 1.        ]), array([0.        , 0.86288294, 1.        ]), array([2, 1, 0]))",0.8628829364159959,0.18833183633503253,0.7881189507644831,0.8870075177014831,0.600199990328548,7.318187565429293,0.8747789322427325,0.8820752850621895,rf,3-0-0,1-2-2
155,"[[ 23978  41727]
 [ 54042 344542]]","(array([0.        , 0.63506582, 1.        ]), array([0.        , 0.86441503, 1.        ]), array([2, 1, 0]))",0.86441502920338,0.21380038270929014,0.7937297674508765,0.8919742459270612,0.6146746023423489,7.124393301082237,0.8779784239851285,0.8863227107621705,rf,3-0-0,1-2-3
156,"[[  9574  26643]
 [ 23552 196367]]","(array([0.      , 0.735649, 1.      ]), array([0.        , 0.89290602, 1.        ]), array([2, 1, 0]))",0.8929060244908352,0.16328676546543275,0.8040298903707406,0.8805300210752881,0.5786285099398705,6.768650969863175,0.8866748395341014,0.8829776997173457,rf,3-0-0,1-3-0
157,"[[ 4353  8277]
 [13570 63009]]","(array([0.        , 0.65534442, 1.        ]), array([0.        , 0.82279737, 1.        ]), array([2, 1, 0]))",0.8227973726478538,0.1456940647536279,0.7551031846562567,0.883890244928878,0.5837264772977986,8.458510533326722,0.8522503635072531,0.8709565053922476,rf,3-0-0,1-3-1
158,"[[ 23400  46910]
 [ 76206 353065]]","(array([0.        , 0.66718817, 1.        ]), array([0.        , 0.82247578, 1.        ]), array([2, 1, 0]))",0.8224757787038957,0.13516117606493935,0.7535614845240312,0.882717669854366,0.5776438060067622,8.51175986226713,0.8515325970821687,0.8699735014939599,rf,3-0-0,1-3-2
159,"[[ 18273  37662]
 [ 46680 294314]]","(array([0.        , 0.67331724, 1.        ]), array([0.       , 0.8631061, 1.       ]), array([2, 1, 0]))",0.8631060957084289,0.17849782909990514,0.7875136359399288,0.8865520399064992,0.5948944262398406,7.3390948838154255,0.8746719764625467,0.88176149770687,rf,3-0-0,1-3-3
160,"[[163567  28305]
 [ 23551 168291]]","(array([0.        , 0.14752022, 1.        ]), array([0.        , 0.87723752, 1.        ]), array([2, 1, 0]))",0.8772375183744957,0.7299400052682272,0.8648576804599258,0.8560245376304706,0.8648586482799764,4.667709339090442,0.8665012176975476,0.8601846608043541,rf,3-0-0,2-0-0
161,"[[171964  32428]
 [  6922 197648]]","(array([0.        , 0.15865592, 1.        ]), array([0.        , 0.96616317, 1.        ]), array([2, 1, 0]))",0.9661631715305274,0.8139083737918659,0.9037807913693693,0.8590552686938229,0.9037536277238531,3.3233571346120248,0.9094665543913898,0.8785339513581076,rf,3-0-0,2-0-1
162,"[[86968 14832]
 [ 8204 94233]]","(array([0.        , 0.14569745, 1.        ]), array([0.        , 0.91991175, 1.        ]), array([2, 1, 0]))",0.9199117506369768,0.776008013371284,0.8872094674324437,0.8640077018291844,0.8871071523322408,3.8957050517890845,0.8910837722574727,0.8746382474749256,rf,3-0-0,2-0-2
163,"[[212020  36656]
 [ 30824 217529]]","(array([0.        , 0.14740466, 1.        ]), array([0.        , 0.87588634, 1.        ]), array([2, 1, 0]))",0.8758863392026671,0.7286712434652795,0.8642332741147901,0.8557900741585853,0.8642408420747528,4.68927555770785,0.8657215971727511,0.8597352131424332,rf,3-0-0,2-0-3
164,"[[33323  5044]
 [ 4823 33828]]","(array([0.        , 0.13146715, 1.        ]), array([0.        , 0.87521668, 1.        ]), array([2, 1, 0]))",0.875216682621407,0.743777525306325,0.8718870913292996,0.870240790286067,0.8718747681879678,4.424915472461264,0.8727216438992298,0.8712314372691732,rf,3-0-0,2-1-0
165,"[[183880  34414]
 [  7674 210595]]","(array([0.        , 0.15764978, 1.        ]), array([0.        , 0.96484155, 1.        ]), array([2, 1, 0]))",0.9648415487311528,0.8133117085829635,0.9035923795649196,0.8595398536380296,0.9035958868285849,3.3298642767595132,0.9091517404236765,0.8787203591739999,rf,3-0-0,2-1-1
166,"[[54362 11565]
 [ 4526 61245]]","(array([0.       , 0.1754213, 1.       ]), array([0.        , 0.93118548, 1.        ]), array([2, 1, 0]))",0.9311854768819084,0.7600221761435362,0.8778189494145697,0.8411619283065513,0.8778820887829992,4.220054202150284,0.8838874015918489,0.8577466800742836,rf,3-0-0,2-1-2
167,"[[149082  25720]
 [ 21509 153647]]","(array([0.       , 0.1471379, 1.       ]), array([0.       , 0.8772009, 1.       ]), array([2, 1, 0]))",0.8772008952019914,0.7302922829204281,0.8650438052566308,0.8566068451833392,0.8650314953006788,4.661280599389473,0.8667815628323128,0.8606479323881051,rf,3-0-0,2-1-3
168,"[[167178  31587]
 [  7137 191865]]","(array([0.        , 0.15891631, 1.        ]), array([0.        , 0.96413604, 1.        ]), array([2, 1, 0]))",0.9641360388337805,0.8114347114161151,0.9026465242214663,0.8586407819128941,0.902609865315313,3.3625334278624144,0.9083355820988794,0.8778515935981552,rf,3-0-0,2-2-0
169,"[[138672  24690]
 [ 19679 143825]]","(array([0.        , 0.15113674, 1.        ]), array([0.        , 0.87964209, 1.        ]), array([2, 1, 0]))",0.8796420882669537,0.7288577384481473,0.8642593601047525,0.8534848529804469,0.8642526745003922,4.688376007068169,0.8663660814591936,0.8585911046797619,rf,3-0-0,2-2-1
170,"[[183272  34121]
 [  7458 209443]]","(array([0.        , 0.15695538, 1.        ]), array([0.        , 0.96561565, 1.        ]), array([2, 1, 0]))",0.9656156495359635,0.8147110566581994,0.9042607081838571,0.859909510436682,0.9043301368939471,3.3067808138908363,0.9097021489146841,0.8791578272217684,rf,3-0-0,2-2-2
171,"[[176576  32996]
 [  7526 203089]]","(array([0.       , 0.1574447, 1.       ]), array([0.        , 0.96426655, 1.        ]), array([2, 1, 0]))",0.964266552714669,0.8130654036132642,0.9035619854969336,0.8602367791261621,0.9034109279520132,3.3309138088312524,0.9092858741884933,0.879207415007511,rf,3-0-0,2-2-3
172,"[[51490  8747]
 [ 4904 55139]]","(array([0.        , 0.14520975, 1.        ]), array([0.       , 0.9183252, 1.       ]), array([2, 1, 0]))",0.9183252002731376,0.7746185805838975,0.8865064848686398,0.8630842438092853,0.8865577227356357,3.91998528970442,0.8898482195450621,0.8735942862031706,rf,3-0-0,2-3-0
173,"[[33579  5030]
 [ 3217 35331]]","(array([0.       , 0.1302805, 1.       ]), array([0.        , 0.91654561, 1.        ]), array([2, 1, 0]))",0.9165456054788834,0.7871054821769442,0.8931140402037404,0.8753747429449221,0.8931325504666555,3.6917623923156984,0.8954872067824963,0.8833103324132965,rf,3-0-0,2-3-1
174,"[[179475  31655]
 [ 17461 194716]]","(array([0.        , 0.14993132, 1.        ]), array([0.       , 0.9177055, 1.       ]), array([2, 1, 0]))",0.9177055005962004,0.7696347655786997,0.8839707351874644,0.8601631834466429,0.8838870893309235,4.007568626715566,0.8880031376268961,0.8710870290723215,rf,3-0-0,2-3-2
175,"[[180413  31011]
 [ 25947 185224]]","(array([0.        , 0.14667682, 1.        ]), array([0.        , 0.87712801, 1.        ]), array([2, 1, 0]))",0.877128014736872,0.7306505737304475,0.8652184715862705,0.8565865840405115,0.8652255973487599,4.65524774835772,0.8667356097013145,0.8606175385253008,rf,3-0-0,2-3-3
176,"[[73660   251]
 [  311 36284]]","(array([0.        , 0.00339598, 1.        ]), array([0.        , 0.99150157, 1.        ]), array([2, 1, 0]))",0.9915015712529034,0.9885154750477988,0.9949143032957486,0.9931298754618859,0.9940527975056036,0.17565555746199202,0.9923150553808285,0.992803786904534,rf,3-0-0,3-0-0
177,"[[217943  39971]
 [   670 128965]]","(array([0.        , 0.15497802, 1.        ]), array([0.        , 0.99483164, 1.        ]), array([2, 1, 0]))",0.9948316426890886,0.799103625422257,0.8951332605683411,0.7633956054363783,0.9199268133806494,3.6220513333138458,0.8638816227965878,0.8006478937245695,rf,3-0-0,3-0-1
178,"[[79851  1054]
 [ 5022 35335]]","(array([0.        , 0.01302762, 1.        ]), array([0.        , 0.87556062, 1.        ]), array([2, 1, 0]))",0.8755606214535273,0.8868557771483287,0.9498936187758737,0.9710352029459453,0.9312664982306262,1.7306200470977617,0.9208297500846951,0.9503100912792541,rf,3-0-0,3-0-2
179,"[[170814  26346]
 [   744  97735]]","(array([0.        , 0.13362751, 1.        ]), array([0.        , 0.99244509, 1.        ]), array([2, 1, 0]))",0.9924450898161029,0.8202080272911001,0.9083679758083338,0.7876709568749446,0.9294087895824277,3.1649292506469933,0.8782800143781452,0.8215745381243874,rf,3-0-0,3-0-3
180,"[[234744   1260]
 [ 25663  92631]]","(array([0.        , 0.00533889, 1.        ]), array([0.        , 0.78305747, 1.        ]), array([2, 1, 0]))",0.7830574669890273,0.8310462660758149,0.9240102964171404,0.9865801834041601,0.8888592872139421,2.6245942239948925,0.8731154417135989,0.9378303074972968,rf,3-0-0,3-1-0
181,"[[183816  28317]
 [   882 105757]]","(array([0.        , 0.13348701, 1.        ]), array([0.       , 0.9917291, 1.       ]), array([2, 1, 0]))",0.9917291047365411,0.8202921979189245,0.9084016162021759,0.7887957396661545,0.9291210471144911,3.1637671255801267,0.8786978684159145,0.8224548360254147,rf,3-0-0,3-1-1
182,"[[127552    619]
 [ 11129  52425]]","(array([0.        , 0.00482949, 1.        ]), array([0.        , 0.82488907, 1.        ]), array([2, 1, 0]))",0.824889070711521,0.862948990097715,0.9387247359499283,0.9883304426513838,0.9100297925512258,2.116375225130891,0.899243554777955,0.9506582526384506,rf,3-0-0,3-1-2
183,"[[248044  44885]
 [   863 145858]]","(array([0.        , 0.15322826, 1.        ]), array([0.        , 0.99411809, 1.        ]), array([2, 1, 0]))",0.9941180880719188,0.800061854871375,0.8959445013078585,0.764683369769795,0.9204449156976932,3.5940312349483206,0.8644359102007918,0.8016880420097768,rf,3-0-0,3-1-3
184,"[[67931  1496]
 [ 5521 29003]]","(array([0.        , 0.02154781, 1.        ]), array([0.        , 0.84008226, 1.        ]), array([2, 1, 0]))",0.8400822616151083,0.8466757141823485,0.9324970418754991,0.9509492114495557,0.9092672244022653,2.3314810839803743,0.8920843393876012,0.9264950166112957,rf,3-0-0,3-2-0
185,"[[55639 17047]
 [   99 36344]]","(array([0.        , 0.23452935, 1.        ]), array([0.        , 0.99728343, 1.        ]), array([2, 1, 0]))",0.99728342891639,0.7196267002750592,0.8428831932850113,0.6807139780112753,0.8813770417564367,5.426747159824897,0.8091368524166797,0.726859647929858,rf,3-0-0,3-2-1
186,"[[262638   1751]
 [ 25124 106348]]","(array([0.        , 0.00662282, 1.        ]), array([0.        , 0.80890228, 1.        ]), array([2, 1, 0]))",0.8089022757697456,0.848079252797736,0.9321100083109981,0.9838018853088373,0.9011397293164376,2.344840779233935,0.8878203121412859,0.943022125745742,rf,3-0-0,3-2-2
187,"[[181614  31060]
 [   484 105637]]","(array([0.        , 0.14604512, 1.        ]), array([0.        , 0.99543917, 1.        ]), array([2, 1, 0]))",0.9954391684963391,0.8087885609220654,0.9010524004454273,0.7727821385985062,0.924697023897586,3.4176069201124393,0.8700920030640232,0.8089718475315856,rf,3-0-0,3-2-3
188,"[[53573 14861]
 [  870 33439]]","(array([0.        , 0.21715814, 1.        ]), array([0.        , 0.97464222, 1.        ]), array([2, 1, 0]))",0.9746422221574514,0.7157624574034475,0.8468898124446435,0.6923188405797102,0.8787420421948375,5.2883541874945275,0.8095728068370275,0.7348940041932407,rf,3-0-0,3-3-0
189,"[[223892   1074]
 [ 20046  92519]]","(array([0.        , 0.00477405, 1.        ]), array([0.        , 0.82191623, 1.        ]), array([2, 1, 0]))",0.821916226180429,0.8605900922969024,0.9374279695790905,0.9885247828363233,0.9085710857171891,2.1611639115463586,0.8975543030103126,0.9500099602207267,rf,3-0-0,3-3-1
190,"[[161437   3406]
 [ 10577  71724]]","(array([0.        , 0.02066208, 1.        ]), array([0.        , 0.87148394, 1.        ]), array([2, 1, 0]))",0.8714839430869613,0.8717417738739391,0.9434216489172305,0.954665246905364,0.925410929279023,1.9541580364438689,0.911180136059607,0.9367824649117994,rf,3-0-0,3-3-2
191,"[[103378   2008]
 [  8265  44391]]","(array([0.        , 0.01905376, 1.        ]), array([0.        , 0.84303783, 1.        ]), array([2, 1, 0]))",0.8430378304466728,0.8528332951619786,0.9349982915933739,0.9567232052414922,0.9119920330947805,2.245089631215483,0.8962899399323608,0.9315976361163809,rf,3-0-0,3-3-3
192,"[[233280  22100]
 [123863  13776]]","(array([0.        , 0.08653771, 1.        ]), array([0.        , 0.10008791, 1.        ]), array([2, 1, 0]))",0.10008791112983965,0.022443309888321886,0.6286108305196441,0.38398929646560376,0.5067751013085176,12.827372442639051,0.15878742471832408,0.24499987550819333,rf,2-2-0,0-0-0
193,"[[169293  16226]
 [ 89884  10021]]","(array([0.        , 0.08746274, 1.        ]), array([0.        , 0.10030529, 1.        ]), array([2, 1, 0]))",0.10030529002552425,0.021198299408760682,0.6282372890857111,0.3817960147826418,0.5064212751800227,12.840274600355523,0.15887183714883632,0.2445422732841044,rf,2-2-0,0-0-1
194,"[[267039  25441]
 [141411  15780]]","(array([0.        , 0.08698373, 1.        ]), array([0.        , 0.10038743, 1.        ]), array([2, 1, 0]))",0.10038742676107411,0.02214919553585936,0.6289464964385073,0.3828145847990102,0.5067018506890709,12.815779228818089,0.15906295990161884,0.24497399673988976,rf,2-2-0,0-0-2
195,"[[72554  6860]
 [38694  4244]]","(array([0.        , 0.08638275, 1.        ]), array([0.        , 0.09884019, 1.        ]), array([2, 1, 0]))",0.0988401881783036,0.020697229800964712,0.6276807898522296,0.38220461095100866,0.5062287172538331,12.859494778443608,0.1570630250545872,0.24291961444238389,rf,2-2-0,0-0-3
196,"[[243691  23269]
 [129272  14228]]","(array([0.        , 0.08716287, 1.        ]), array([0.        , 0.09914983, 1.        ]), array([2, 1, 0]))",0.09914982578397212,0.01983932007251008,0.6283657360035083,0.3794436888284396,0.5059934774709491,12.835838074084378,0.15721807543771443,0.24239491904268656,rf,2-2-0,0-1-0
197,"[[117242  11162]
 [ 61957   6880]]","(array([0.        , 0.08692876, 1.        ]), array([0.        , 0.09994625, 1.        ]), array([2, 1, 0]))",0.09994624983657045,0.02152372778301026,0.6292910703149953,0.3813324465136903,0.5065087468615269,12.803878079739965,0.15838119683698018,0.24396298003616892,rf,2-2-0,0-1-1
198,"[[288347  27417]
 [152750  17002]]","(array([0.       , 0.0868275, 1.       ]), array([0.        , 0.10015788, 1.        ]), array([2, 1, 0]))",0.10015787737405156,0.02204852939018874,0.6289164517750188,0.3827641324658367,0.506665186644361,12.81681684909378,0.15877032838246075,0.2446837905983398,rf,2-2-0,0-1-2
199,"[[287471  27355]
 [152382  16926]]","(array([0.        , 0.08688927, 1.        ]), array([0.        , 0.09997165, 1.        ]), array([2, 1, 0]))",0.09997164930186406,0.021642051282741968,0.6287453473625071,0.38224069013798245,0.5065411917425954,12.822726612631557,0.15849130807298129,0.24429036578607058,rf,2-2-0,0-1-3
200,"[[44995  4272]
 [24310  2676]]","(array([0.        , 0.08671119, 1.        ]), array([0.        , 0.09916253, 1.        ]), array([2, 1, 0]))",0.09916252871859482,0.02068956290031081,0.6251688458159024,0.385146804835924,0.5062256713660159,12.946254216877485,0.1577179230270525,0.2442586439811603,rf,2-2-0,0-2-0
201,"[[116196  11063]
 [ 61953   6756]]","(array([0.        , 0.08693295, 1.        ]), array([0.        , 0.09832773, 1.        ]), array([2, 1, 0]))",0.09832772999170414,0.018911402501698153,0.6274085564990203,0.37914585554744934,0.5056973911118832,12.86889769348653,0.15615754437869822,0.2413115690966889,rf,2-2-0,0-2-1
202,"[[98816  9373]
 [52246  5791]]","(array([0.        , 0.08663543, 1.        ]), array([0.        , 0.09978117, 1.        ]), array([2, 1, 0]))",0.09978117407860503,0.021764308077680764,0.6293058847593036,0.38189132155104194,0.5065728745176968,12.80336624417789,0.15822188221472383,0.24394867431103773,rf,2-2-0,0-2-2
203,"[[252779  23997]
 [134199  14922]]","(array([0.        , 0.08670188, 1.        ]), array([0.        , 0.10006639, 1.        ]), array([2, 1, 0]))",0.10006638903977307,0.022123946452022834,0.6285580785964682,0.38341170122562246,0.5066822536868663,12.829194520057248,0.15871091257179323,0.24478587387671136,rf,2-2-0,0-2-3
204,"[[235401  22374]
 [124439  13755]]","(array([0.        , 0.08679662, 1.        ]), array([0.        , 0.09953399, 1.        ]), array([2, 1, 0]))",0.09953398845101813,0.021084429016713556,0.6292310761701042,0.3807190899277589,0.5063686817436934,12.805950135134129,0.1578105011960556,0.2432704891938736,rf,2-2-0,0-3-0
205,"[[150408  14340]
 [ 79500   8804]]","(array([0.        , 0.08704203, 1.        ]), array([0.        , 0.09970103, 1.        ]), array([2, 1, 0]))",0.09970103279579634,0.02093165568776515,0.6291671277049776,0.38040096785343935,0.5063295024857415,12.808158967823084,0.1579929653291221,0.24336576735957544,rf,2-2-0,0-3-1
206,"[[90110  8520]
 [47690  5208]]","(array([0.        , 0.08638345, 1.        ]), array([0.        , 0.09845363, 1.        ]), array([2, 1, 0]))",0.09845362773639835,0.020045156199651273,0.629045456945251,0.3793706293706294,0.5060350872130233,12.812360974394398,0.15633536457238914,0.2415360356182172,rf,2-2-0,0-3-2
207,"[[240234  22770]
 [127180  14086]]","(array([0.        , 0.08657663, 1.        ]), array([0.       , 0.0997126, 1.       ]), array([2, 1, 0]))",0.09971259892684722,0.02175856064833265,0.6290845227199644,0.38219014543086605,0.5065679844568077,12.811011767507708,0.1581612602598219,0.24396411375523916,rf,2-2-0,0-3-3
208,"[[ 14653  18722]
 [ 54005 150266]]","(array([0.       , 0.5609588, 1.       ]), array([0.        , 0.73562082, 1.        ]), array([2, 1, 0]))",0.7356208174434942,0.13388716817268126,0.6939691810508066,0.889211068241532,0.5873310079726834,10.569993018757977,0.8051567410296872,0.853567789071633,rf,2-2-0,1-0-0
209,"[[ 27256  35043]
 [101308 280205]]","(array([0.        , 0.56249699, 1.        ]), array([0.        , 0.73445728, 1.        ]), array([2, 1, 0]))",0.7344572793063409,0.13168536642869333,0.6927730660730219,0.8888398974775414,0.5859801444927344,10.611305508898393,0.8043073593384246,0.8529806606372583,rf,2-2-0,1-0-1
210,"[[ 8187 10657]
 [30627 84172]]","(array([0.       , 0.5655381, 1.       ]), array([0.        , 0.73321196, 1.        ]), array([2, 1, 0]))",0.7332119617766705,0.12854529196187292,0.6910874493987713,0.8876187664111189,0.5838369297314684,10.669525272534337,0.8030606598355181,0.8517450391103285,rf,2-2-0,1-0-2
211,"[[ 10113  12831]
 [ 36834 101115]]","(array([0.        , 0.55923117, 1.        ]), array([0.        , 0.73298828, 1.        ]), array([2, 1, 0]))",0.7329882782767545,0.13365430656369479,0.6913165892860472,0.8873940287504607,0.5868785533643186,10.661611066285456,0.8028345143809921,0.8515191171789339,rf,2-2-0,1-0-3
212,"[[ 16348  21056]
 [ 60264 166572]]","(array([0.        , 0.56293445, 1.        ]), array([0.        , 0.73432788, 1.        ]), array([2, 1, 0]))",0.7343278844627836,0.13167762431879085,0.6922494701786255,0.8877779435905089,0.5856967194744674,10.629390450944696,0.8037947807288449,0.8521632008250899,rf,2-2-0,1-1-0
213,"[[ 13724  17633]
 [ 50758 141392]]","(array([0.        , 0.56233058, 1.        ]), array([0.        , 0.73584179, 1.        ]), array([2, 1, 0]))",0.7358417902680198,0.13300348923868302,0.6940095835924602,0.8891180631976104,0.5867556050871303,10.568597653432883,0.8052509432619065,0.853558708119529,rf,2-2-0,1-1-1
214,"[[ 9130 11628]
 [33479 93407]]","(array([0.        , 0.56016957, 1.        ]), array([0.        , 0.73614898, 1.        ]), array([2, 1, 0]))",0.7361489841274845,0.13500311088266623,0.6944880929804124,0.8892940448421954,0.5879897054754389,10.552070416435171,0.8055070476584699,0.8537711187402428,rf,2-2-0,1-1-2
215,"[[ 11898  12665]
 [ 39756 111309]]","(array([0.        , 0.51561291, 1.        ]), array([0.        , 0.73682852, 1.        ]), array([2, 1, 0]))",0.7368285175255684,0.16839186345788665,0.7015225362698431,0.8978414828915741,0.6106078018967662,10.30910403978333,0.8094052116245332,0.8602450534112567,rf,2-2-0,1-1-3
216,"[[ 12791  16299]
 [ 47174 130604]]","(array([0.        , 0.56029563, 1.        ]), array([0.        , 0.73464658, 1.        ]), array([2, 1, 0]))",0.7346465816917729,0.13358907077139645,0.6931714909990913,0.8890492365710707,0.5871754737266015,10.597544263746354,0.8045065772250302,0.8531859574857261,rf,2-2-0,1-2-0
217,"[[ 17973  23252]
 [ 66109 182871]]","(array([0.        , 0.56402668, 1.        ]), array([0.        , 0.73448068, 1.        ]), array([2, 1, 0]))",0.7344806811792112,0.13117618988422675,0.6920762908978136,0.8871935688884792,0.5852269991705638,10.635372201254496,0.8036466470227618,0.851773497585405,rf,2-2-0,1-2-1
218,"[[ 26780  34091]
 [ 97144 269725]]","(array([0.        , 0.56005323, 1.        ]), array([0.        , 0.73520794, 1.        ]), array([2, 1, 0]))",0.7352079352575442,0.13489613574669376,0.6931897881890868,0.887790636437844,0.5875773539703798,10.596913029555562,0.8043269194927574,0.8524093739274764,rf,2-2-0,1-2-2
219,"[[ 28538  37167]
 [105242 293342]]","(array([0.        , 0.56566471, 1.        ]), array([0.       , 0.7359603, 1.       ]), array([2, 1, 0]))",0.7359602994600887,0.13106154727935915,0.6932750937454905,0.8875461787727414,0.5851477929839823,10.593966960794944,0.804676495316784,0.8524311004172914,rf,2-2-0,1-2-3
220,"[[  5721  30496]
 [ 57549 162370]]","(array([0.        , 0.84203551, 1.        ]), array([0.        , 0.73831729, 1.        ]), array([2, 1, 0]))",0.7383172895475152,-0.08379457600442408,0.6562568323078365,0.8418798544066866,0.44814089068037605,11.872563607666015,0.7867049432513294,0.8189065174609611,rf,2-2-0,1-3-0
221,"[[ 5544  7086]
 [20230 56349]]","(array([0.        , 0.56104513, 1.        ]), array([0.        , 0.73582836, 1.        ]), array([2, 1, 0]))",0.7358283602554225,0.1344314541430592,0.6937977109932855,0.8882951052258217,0.5873916148070462,10.575915904794028,0.804905223763338,0.8529482106690806,rf,2-2-0,1-3-1
222,"[[ 30568  39742]
 [113812 315459]]","(array([0.        , 0.56523965, 1.        ]), array([0.        , 0.73487144, 1.        ]), array([2, 1, 0]))",0.7348714448448649,0.1301340557230056,0.692634427650371,0.8881140537329568,0.5848158959397131,10.616094383383645,0.8042581507051877,0.8525573287569421,rf,2-2-0,1-3-2
223,"[[ 24524  31411]
 [ 90239 250755]]","(array([0.        , 0.56156253, 1.        ]), array([0.        , 0.73536485, 1.        ]), array([2, 1, 0]))",0.7353648451292398,0.13338821631131448,0.6935220152722528,0.8886790045576008,0.5869011585975152,10.585437860664662,0.8047852878875408,0.8531066411369176,rf,2-2-0,1-3-3
224,"[[163332  28540]
 [  1056 190786]]","(array([0.      , 0.148745, 1.      ]), array([0.        , 0.99449547, 1.        ]), array([2, 1, 0]))",0.9944954702307107,0.8545545337926885,0.9228696372819339,0.8698740687378606,0.9228752367831339,2.664047823885588,0.9280196902482684,0.892235485144218,rf,2-2-0,2-0-0
225,"[[174211  30181]
 [   429 204141]]","(array([0.        , 0.14766234, 1.        ]), array([0.        , 0.99790292, 1.        ]), array([2, 1, 0]))",0.9979029183164687,0.8594415693490681,0.9251519701096923,0.8711986070450064,0.9251202915978602,2.5852183774978044,0.9302561905890288,0.8938983656461661,rf,2-2-0,2-0-1
226,"[[ 88062  13738]
 [   597 101840]]","(array([0.        , 0.13495088, 1.        ]), array([0.        , 0.99417203, 1.        ]), array([2, 1, 0]))",0.994172027685309,0.8667787754432605,0.9298119341745129,0.8811365484780841,0.9296105717994325,2.4242636960518458,0.9342476435107676,0.9016394894014863,rf,2-2-0,2-0-2
227,"[[205120  43556]
 [   248 248105]]","(array([0.       , 0.1751516, 1.       ]), array([0.        , 0.99900142, 1.        ]), array([2, 1, 0]))",0.9990014213639457,0.8365542790317287,0.9118683215667496,0.8506622414378336,0.911924909237523,3.0440304056067906,0.9188835844996611,0.87669797179782,rf,2-2-0,2-0-3
228,"[[33210  5157]
 [  310 38341]]","(array([0.        , 0.13441239, 1.        ]), array([0.        , 0.99197951, 1.        ]), array([2, 1, 0]))",0.9919795089389667,0.8648499447199192,0.9290165935235919,0.8814428249574693,0.928783561647527,2.4517335437809895,0.9334501941593933,0.9015344967856924,rf,2-2-0,2-1-0
229,"[[188758  29536]
 [  1311 216958]]","(array([0.        , 0.13530376, 1.        ]), array([0.        , 0.99399365, 1.        ]), array([2, 1, 0]))",0.9939936500373392,0.8659532670135057,0.9293412405540552,0.8801755823671165,0.9293449426948311,2.440521190214261,0.9336285375557005,0.900805068736013,rf,2-2-0,2-1-1
230,"[[57029  8898]
 [  376 65395]]","(array([0.        , 0.13496746, 1.        ]), array([0.        , 0.99428319, 1.        ]), array([2, 1, 0]))",0.9942831947210776,0.8664686079828502,0.9295813148263451,0.8802309773464526,0.9296578653539254,2.4322292449721004,0.9337874114690426,0.9008990392430767,rf,2-2-0,2-1-2
231,"[[153333  21469]
 [  1040 174116]]","(array([0.        , 0.12281896, 1.        ]), array([0.        , 0.99406244, 1.        ]), array([2, 1, 0]))",0.9940624357715409,0.8773478220178864,0.9356808531309472,0.8902318684970729,0.9356217374450432,2.221553684814388,0.9392864560434374,0.9092257304469159,rf,2-2-0,2-1-3
232,"[[195527   3238]
 [   983 198019]]","(array([0.        , 0.01629059, 1.        ]), array([0.        , 0.99506035, 1.        ]), array([2, 1, 0]))",0.9950603511522498,0.9788392902258007,0.9893882599612336,0.9839111186194766,0.9893848783658514,0.3665230254380008,0.9894543283224112,0.9861209326414547,rf,2-2-0,2-2-0
233,"[[139173  24189]
 [   941 162563]]","(array([0.        , 0.14806993, 1.        ]), array([0.        , 0.99424479, 1.        ]), array([2, 1, 0]))",0.994244789118309,0.8549218811299105,0.9231183420728983,0.8704752827278959,0.9230874292673487,2.65545756446478,0.928252478187383,0.8927010297502943,rf,2-2-0,2-2-1
234,"[[171292  46101]
 [   185 216716]]","(array([0.        , 0.21206295, 1.        ]), array([0.        , 0.99914708, 1.        ]), array([2, 1, 0]))",0.9991470763159229,0.8050911372854131,0.8934224281247266,0.8245889725550478,0.8935420652034505,3.6811438022536938,0.9035141478952218,0.8544444786144434,rf,2-2-0,2-2-2
235,"[[146566  63006]
 [   439 210176]]","(array([0.        , 0.30064131, 1.        ]), array([0.        , 0.99791563, 1.        ]), array([2, 1, 0]))",0.9979156280416874,0.7310092228537187,0.8490077037128707,0.7693625495091184,0.8486371604984266,5.215209056469607,0.8688602864424542,0.8062958100822271,rf,2-2-0,2-2-3
236,"[[55257  4980]
 [  814 59229]]","(array([0.        , 0.08267344, 1.        ]), array([0.        , 0.98644305, 1.        ]), array([2, 1, 0]))",0.9864430491481105,0.9058441590732065,0.9518290655138011,0.9224407793300005,0.951884804617882,1.6637982409986278,0.9533689598557771,0.9345680843476531,rf,2-2-0,2-3-0
237,"[[33057  5552]
 [  187 38361]]","(array([0.        , 0.14380067, 1.        ]), array([0.        , 0.99514891, 1.        ]), array([2, 1, 0]))",0.9951489052609733,0.8596056316858729,0.9256191920370155,0.8735681916516749,0.925674118511499,2.5690796310811055,0.9304034634554516,0.8954481792717085,rf,2-2-0,2-3-1
238,"[[182603  28527]
 [  1205 210972]]","(array([0.        , 0.13511581, 1.        ]), array([0.        , 0.99432078, 1.        ]), array([2, 1, 0]))",0.9943207793493168,0.866736032368981,0.929762560033262,0.8808888554858266,0.9296024869606908,2.4259691190775863,0.9341740539678886,0.9014564513110455,rf,2-2-0,2-3-2
239,"[[185301  26123]
 [  2315 208856]]","(array([0.       , 0.1235574, 1.       ]), array([0.        , 0.98903732, 1.        ]), array([2, 1, 0]))",0.9890373204654048,0.8709672295407281,0.9327062553981945,0.8888283633856643,0.9327399596121484,2.324293025241991,0.9362591056819457,0.9072120526076657,rf,2-2-0,2-3-3
240,"[[57355 16556]
 [ 4903 31692]]","(array([0.        , 0.22399913, 1.        ]), array([0.        , 0.86601995, 1.        ]), array([2, 1, 0]))",0.8660199480803389,0.6092243909682101,0.8058114491520822,0.6568562427458133,0.8210104069933157,6.707154731810425,0.7470740072840424,0.6901958734597341,rf,2-2-0,3-0-0
241,"[[202032  55882]
 [  4173 125462]]","(array([0.        , 0.21666912, 1.        ]), array([0.        , 0.96780962, 1.        ]), array([2, 1, 0]))",0.9678096193157713,0.7102620007034075,0.8450389499134303,0.6918453326274925,0.8755702485251049,5.352280355516219,0.8068840661266516,0.7336864671916501,rf,2-2-0,3-0-1
242,"[[63147 17758]
 [ 1231 39126]]","(array([0.      , 0.219492, 1.      ]), array([0.        , 0.96949724, 1.        ]), array([2, 1, 0]))",0.9694972371583617,0.7081864487881796,0.8434051887648233,0.6878208283524365,0.8750026201860037,5.408710265492277,0.8047222879238182,0.7302542432986304,rf,2-2-0,3-0-2
243,"[[157063  40097]
 [  4194  94285]]","(array([0.       , 0.2033729, 1.       ]), array([0.        , 0.95741224, 1.        ]), array([2, 1, 0]))",0.9574122401730318,0.7137487966522514,0.8501855303258365,0.7016192644848268,0.8770196725312309,5.174516916797674,0.8097964021454859,0.7412261185804558,rf,2-2-0,3-0-3
244,"[[183158  52846]
 [ 15811 102483]]","(array([0.        , 0.22391993, 1.        ]), array([0.        , 0.86634149, 1.        ]), array([2, 1, 0]))",0.8663414881566267,0.6105794211283019,0.8062168005464326,0.659780208460751,0.8212107772980892,6.693153860510584,0.7490817657872326,0.6928178364273062,rf,2-2-0,3-1-0
245,"[[165717  46416]
 [  3153 103486]]","(array([0.        , 0.21880613, 1.        ]), array([0.        , 0.97043296, 1.        ]), array([2, 1, 0]))",0.970432956047975,0.710533334544397,0.8445001443037657,0.6903577003642379,0.8758134148513552,5.370891173734354,0.8067794231721245,0.7326473599179889,rf,2-2-0,3-1-1
246,"[[97455 30716]
 [ 8247 55307]]","(array([0.        , 0.23964859, 1.        ]), array([0.        , 0.87023633, 1.        ]), array([2, 1, 0]))",0.8702363344557384,0.5968469234540046,0.7967766331985917,0.6429327040442673,0.8152938699999471,7.019214526585322,0.7395120907626173,0.6783704488698528,rf,2-2-0,3-1-2
247,"[[175005 117924]
 [  2461 144260]]","(array([0.        , 0.40256854, 1.        ]), array([0.        , 0.98322667, 1.        ]), array([2, 1, 0]))",0.9832266683024243,0.5580680512337003,0.7261799158421471,0.5502242699783358,0.7903290639014247,9.457625129145187,0.7055917633680195,0.6033675824391843,rf,2-2-0,3-1-3
248,"[[55847 13580]
 [ 1426 33098]]","(array([0.        , 0.19560114, 1.        ]), array([0.       , 0.9586954, 1.       ]), array([2, 1, 0]))",0.9586954003012397,0.7225565752886114,0.8556435243528201,0.7090706542696774,0.8815471326480633,4.986000491723329,0.8152015960198025,0.7480247337684643,rf,2-2-0,3-2-0
249,"[[56414 16272]
 [ 4834 31609]]","(array([0.        , 0.22386704, 1.        ]), array([0.       , 0.8673545, 1.       ]), array([2, 1, 0]))",0.8673544988063552,0.6115683020296272,0.8065958636109558,0.6601574737369729,0.8217437271292871,6.680061446914833,0.7497035245007352,0.6932801677435769,rf,2-2-0,3-2-1
250,"[[200875  63514]
 [ 15889 115583]]","(array([0.        , 0.24022936, 1.        ]), array([0.        , 0.87914537, 1.        ]), array([2, 1, 0]))",0.8791453693562127,0.604566896156697,0.7994169670667229,0.6453653606704747,0.8194580051717728,6.928020814670489,0.7443305674423397,0.6816160686905859,rf,2-2-0,3-2-2
251,"[[127128  85546]
 [  1696 104425]]","(array([0.        , 0.40224005, 1.        ]), array([0.        , 0.98401824, 1.        ]), array([2, 1, 0]))",0.9840182433260146,0.5586930414569189,0.726338242444204,0.5496891630827864,0.7908890975886024,9.452156817411069,0.7053550923361658,0.6029122233705347,rf,2-2-0,3-2-3
252,"[[53652 14782]
 [ 4744 29565]]","(array([0.        , 0.21600374, 1.        ]), array([0.        , 0.86172724, 1.        ]), array([2, 1, 0]))",0.8617272435804016,0.6148411323755453,0.809952989498068,0.6666741831465488,0.8228617513749102,6.564106241167175,0.7517544751830758,0.6982857574741258,rf,2-2-0,3-3-0
253,"[[183938  41028]
 [ 14022  98543]]","(array([0.        , 0.18237423, 1.        ]), array([0.        , 0.87543197, 1.        ]), array([2, 1, 0]))",0.8754319726380314,0.6635035272689637,0.8369038695704987,0.7060420861067127,0.8465288735997603,5.633237973469695,0.7816654503918519,0.7344648348585152,rf,2-2-0,3-3-1
254,"[[125457  39386]
 [ 10094  72207]]","(array([0.        , 0.23893038, 1.        ]), array([0.        , 0.87735264, 1.        ]), array([2, 1, 0]))",0.8773526445608194,0.6046109361906995,0.7997928333279384,0.6470567150269282,0.8192111341923501,6.915037989854362,0.7448090193610942,0.682907960119015,rf,2-2-0,3-3-2
255,"[[86573 18813]
 [ 9286 43370]]","(array([0.        , 0.17851517, 1.        ]), array([0.        , 0.82364783, 1.        ]), array([2, 1, 0]))",0.8236478274080826,0.6224609849870308,0.8222054896799585,0.6974575044626344,0.8225663273073662,6.140900018647256,0.7553183152065065,0.7195044261881693,rf,2-2-0,3-3-3
256,"[[231871  23509]
 [121631  16008]]","(array([0.        , 0.09205498, 1.        ]), array([0.        , 0.11630425, 1.        ]), array([2, 1, 0]))",0.11630424516307152,0.038465812702945246,0.6307048768634596,0.40509147961636766,0.5121246341329494,12.755049510820912,0.18072207545891758,0.2706733354300034,rf,3-3-0,0-0-0
257,"[[168341  17178]
 [ 88175  11730]]","(array([0.        , 0.09259429, 1.        ]), array([0.        , 0.11741154, 1.        ]), array([2, 1, 0]))",0.11741154096391572,0.03923514279147223,0.630889483715455,0.40577002905770027,0.5124086257151147,12.748673710051298,0.1821244750141678,0.27211105285867393,rf,3-3-0,0-0-1
258,"[[265486  26994]
 [138882  18309]]","(array([0.        , 0.09229349, 1.        ]), array([0.        , 0.11647613, 1.        ]), array([2, 1, 0]))",0.1164761341298166,0.038310148585749486,0.6311169721863318,0.40414542083305743,0.5120913219883219,12.740816413811956,0.18083498770333936,0.2705206514126648,rf,3-3-0,0-0-2
259,"[[72175  7239]
 [37933  5005]]","(array([0.        , 0.09115521, 1.        ]), array([0.        , 0.11656342, 1.        ]), array([2, 1, 0]))",0.11656341701988915,0.04040846287936124,0.630802929253302,0.40877164325383863,0.5127041025462605,12.751662380645207,0.18139973179660035,0.2722653785059947,rf,3-3-0,0-0-3
260,"[[242278  24682]
 [126670  16830]]","(array([0.       , 0.0924558, 1.       ]), array([0.        , 0.11728223, 1.        ]), array([2, 1, 0]))",0.11728222996515679,0.03926394520814164,0.6312624859913268,0.4054249373675082,0.5124132156718203,12.735790626580652,0.1819341448122284,0.2718479848036492,rf,3-3-0,0-1-0
261,"[[116565  11839]
 [ 60734   8103]]","(array([0.        , 0.09220118, 1.        ]), array([0.        , 0.11771286, 1.        ]), array([2, 1, 0]))",0.11771285791071662,0.040336834215538866,0.632059257456614,0.4063283522214422,0.5127558401886533,12.708271027533977,0.1825431689926672,0.2726355102452811,rf,3-3-0,0-1-1
262,"[[286658  29106]
 [149838  19914]]","(array([0.        , 0.09217644, 1.        ]), array([0.        , 0.11731231, 1.        ]), array([2, 1, 0]))",0.11731231443517602,0.03978377999806515,0.6314354212837476,0.4062423500611995,0.5125679394346868,12.729817506104228,0.18205254785804398,0.27217411270747227,rf,3-3-0,0-1-2
263,"[[285785  29041]
 [149452  19856]]","(array([0.       , 0.0922446, 1.       ]), array([0.        , 0.11727739, 1.        ]), array([2, 1, 0]))",0.11727738795567841,0.03961677863943086,0.6313148838957809,0.40607808249994887,0.5125163914996448,12.733980749473831,0.18199399647120829,0.2720775234587389,rf,3-3-0,0-1-3
264,"[[44734  4533]
 [23851  3135]]","(array([0.        , 0.09200885, 1.        ]), array([0.        , 0.11617135, 1.        ]), array([2, 1, 0]))",0.11617134810642556,0.03841789197215037,0.6277654649653128,0.4088419405320814,0.5120812491846395,12.85657290556825,0.18093149419980378,0.2718616670713518,rf,3-3-0,0-2-0
265,"[[115525  11734]
 [ 60819   7890]]","(array([0.        , 0.09220566, 1.        ]), array([0.        , 0.11483212, 1.        ]), array([2, 1, 0]))",0.11483211806313583,0.03596611623931906,0.6297711871325931,0.40205870362821033,0.5113132293692257,12.787298060174116,0.17864218355540964,0.26799361434733876,rf,3-3-0,0-2-1
266,"[[98277  9912]
 [51306  6731]]","(array([0.        , 0.09161745, 1.        ]), array([0.        , 0.11597774, 1.        ]), array([2, 1, 0]))",0.11597773833933525,0.03868740307897902,0.6317182630876036,0.40443429670131587,0.5121801455471183,12.720048241270142,0.18026245313336903,0.27008482533364364,rf,3-3-0,0-2-2
267,"[[251302  25474]
 [131884  17237]]","(array([0.        , 0.09203833, 1.        ]), array([0.        , 0.11559069, 1.        ]), array([2, 1, 0]))",0.11559069480488998,0.03740188631555615,0.6305256904838494,0.40357285008545807,0.5117761838911579,12.761238386030639,0.17970932899620504,0.2693575859859672,rf,3-3-0,0-2-3
268,"[[234011  23764]
 [122190  16004]]","(array([0.        , 0.09218892, 1.        ]), array([0.        , 0.11580821, 1.        ]), array([2, 1, 0]))",0.11580821164449977,0.037455649834218896,0.631400437913069,0.40243411788372563,0.5118096435974414,12.731025841861669,0.17985862150346704,0.269186519817268,rf,3-3-0,0-3-0
269,"[[149558  15190]
 [ 77889  10415]]","(array([0.        , 0.09220142, 1.        ]), array([0.        , 0.11794483, 1.        ]), array([2, 1, 0]))",0.11794482696140605,0.0406877564014956,0.6321744147447955,0.40675649287248583,0.5128717020911869,12.704293639041998,0.18286526964506755,0.27303852687653357,rf,3-3-0,0-3-1
270,"[[89588  9042]
 [46741  6157]]","(array([0.        , 0.09167596, 1.        ]), array([0.        , 0.11639381, 1.        ]), array([2, 1, 0]))",0.11639381451094559,0.039222319285494994,0.6318634179821551,0.4050924402921245,0.5123589269249446,12.715034802790683,0.18083028620937777,0.27077066511865183,rf,3-3-0,0-3-2
271,"[[238828  24176]
 [124758  16508]]","(array([0.        , 0.09192256, 1.        ]), array([0.        , 0.11685756, 1.        ]), array([2, 1, 0]))",0.11685755949768521,0.03951791566152939,0.6315976946100379,0.40576147871399076,0.5124675015933774,12.72421266645336,0.1814564440780434,0.27151137163571293,rf,3-3-0,0-3-3
272,"[[  2493  30882]
 [ 12507 191764]]","(array([0.        , 0.92530337, 1.        ]), array([0.        , 0.93877251, 1.        ]), array([2, 1, 0]))",0.938772512985201,0.019244243991087765,0.8174217112848523,0.8612955094634532,0.5067345710993421,6.3061345958552595,0.8983666614353609,0.8757506701800696,rf,3-3-0,1-0-0
273,"[[  4678  57621]
 [ 22920 358593]]","(array([0.        , 0.92491051, 1.        ]), array([0.        , 0.93992341, 1.        ]), array([2, 1, 0]))",0.9399234102114475,0.021595466752743247,0.8185245103782682,0.8615591979126123,0.5075064490020945,6.268045170536235,0.89903688855962,0.8761689607299564,rf,3-3-0,1-0-1
274,"[[  1478  17366]
 [ 12577 102222]]","(array([0.        , 0.92156655, 1.        ]), array([0.       , 0.8904433, 1.       ]), array([2, 1, 0]))",0.890443296544395,-0.03530866625539554,0.7759478610926124,0.8547847610128106,0.4844383750817921,7.738590628778037,0.8722497408132703,0.8616861473722542,rf,3-3-0,1-0-2
275,"[[  1718  21226]
 [  8331 129618]]","(array([0.        , 0.92512204, 1.        ]), array([0.        , 0.93960812, 1.        ]), array([2, 1, 0]))",0.9396081160428854,0.020932412031046933,0.8162940587844095,0.8592850892312588,0.5072430398903409,6.345083913901962,0.897653336472837,0.8742319495497927,rf,3-3-0,1-0-3
276,"[[  2810  34594]
 [ 13760 213076]]","(array([0.        , 0.92487434, 1.        ]), array([0.        , 0.93933943, 1.        ]), array([2, 1, 0]))",0.9393394346576381,0.020798795662271788,0.8170072661217075,0.8603222029313199,0.5072325448338988,6.320449799701072,0.8980961252334007,0.8750439419276625,rf,3-3-0,1-1-0
277,"[[  2409  28948]
 [ 11751 180399]]","(array([0.        , 0.92317505, 1.        ]), array([0.        , 0.93884465, 1.        ]), array([2, 1, 0]))",0.9388446526151444,0.022339861203464692,0.8179072691235622,0.8617224034736586,0.5078348019908326,6.289363676497289,0.8986318702256804,0.8761162773982116,rf,3-3-0,1-1-1
278,"[[  1518  19240]
 [  7672 119214]]","(array([0.        , 0.92687157, 1.        ]), array([0.        , 0.93953628, 1.        ]), array([2, 1, 0]))",0.9395362766577873,0.01822150798133145,0.8177237137980548,0.8610368786745056,0.5063323545346938,6.295704089528821,0.8985754126780735,0.8756695293975925,rf,3-3-0,1-1-2
279,"[[  1781  22782]
 [ 16443 134622]]","(array([0.        , 0.92749257, 1.        ]), array([0.        , 0.89115282, 1.        ]), array([2, 1, 0]))",0.8911528150134048,-0.0413309028505555,0.7766586193545448,0.8552641610124266,0.4818301224438029,7.71404172750943,0.8728397343006915,0.8622087638869141,rf,3-3-0,1-1-3
280,"[[  2204  26886]
 [ 10701 167077]]","(array([0.        , 0.92423513, 1.        ]), array([0.        , 0.93980695, 1.        ]), array([2, 1, 0]))",0.9398069502413122,0.02238266187456006,0.8183044260107895,0.8613859344307935,0.5077859089467132,6.275646723185875,0.8988892804398761,0.8760053689586108,rf,3-3-0,1-2-0
281,"[[  3070  38155]
 [ 27508 221472]]","(array([0.        , 0.92553062, 1.        ]), array([0.        , 0.88951723, 1.        ]), array([2, 1, 0]))",0.8895172302996225,-0.0409493633462233,0.7737358074464603,0.8530391677290883,0.48199330283931996,7.8149934806739,0.8708963895502814,0.8600934532982054,rf,3-3-0,1-2-1
282,"[[  4633  56238]
 [ 22135 344734]]","(array([0.        , 0.92388822, 1.        ]), array([0.        , 0.93966511, 1.        ]), array([2, 1, 0]))",0.9396651120699759,0.022757110747845578,0.8167742086314116,0.8597458176630787,0.5078884447176119,6.32849976658394,0.8979306913801165,0.8746233046489241,rf,3-3-0,1-2-2
283,"[[  4894  60811]
 [ 23837 374747]]","(array([0.        , 0.92551556, 1.        ]), array([0.        , 0.94019579, 1.        ]), array([2, 1, 0]))",0.9401957931076009,0.021237024353061025,0.8176825210160051,0.8603836917241791,0.5073401155630083,6.2971273680740385,0.8985208753425675,0.8752433651467478,rf,3-3-0,1-2-3
284,"[[  1077  35140]
 [ 10927 208992]]","(array([0.        , 0.97026258, 1.        ]), array([0.        , 0.95031352, 1.        ]), array([2, 1, 0]))",0.9503135245249388,-0.03288778972060126,0.8201463285129775,0.8560614749397867,0.49002547032774263,6.212035442257425,0.9007285837117041,0.8733859502343189,rf,3-3-0,1-3-0
285,"[[  907 11723]
 [ 4654 71925]]","(array([0.        , 0.92818686, 1.        ]), array([0.        , 0.93922616, 1.        ]), array([2, 1, 0]))",0.9392261586074512,0.01591819804109382,0.8164198679505431,0.8598531943381791,0.5055196509585157,6.340738206908793,0.8977887621936378,0.8746361003086307,rf,3-3-0,1-3-1
286,"[[  5156  65154]
 [ 25715 403556]]","(array([0.        , 0.92666761, 1.        ]), array([0.        , 0.94009612, 1.        ]), array([2, 1, 0]))",0.9400961164392656,0.01939431389811412,0.8181095758245409,0.8609929380640481,0.5067142507953688,6.282376970301323,0.8988074357920713,0.8757303793089828,rf,3-3-0,1-3-2
287,"[[  4326  51609]
 [ 20488 320506]]","(array([0.        , 0.92266023, 1.        ]), array([0.        , 0.93991683, 1.        ]), array([2, 1, 0]))",0.9399168313811973,0.02480181501879875,0.8183629817927136,0.861309003936955,0.5086283003781824,6.273624321144713,0.8988976439786905,0.8759608057923294,rf,3-3-0,1-3-3
288,"[[145716  46156]
 [  2991 188851]]","(array([0.       , 0.2405562, 1.       ]), array([0.        , 0.98440904, 1.        ]), array([2, 1, 0]))",0.9844090449432346,0.7634112725879793,0.871917626148642,0.8035973396537125,0.8719264204035719,4.423904652161933,0.8848609227150586,0.8342433318313942,rf,3-3-0,2-0-0
289,"[[155658  48734]
 [  4776 199794]]","(array([0.        , 0.23843399, 1.        ]), array([0.        , 0.97665347, 1.        ]), array([2, 1, 0]))",0.9766534682504766,0.7559665012735012,0.8691565475520953,0.8039094186570527,0.8691097393309215,4.5192680309486795,0.8819019285011188,0.8333903403905287,rf,3-3-0,2-0-1
290,"[[ 77387  24413]
 [  1647 100790]]","(array([0.        , 0.23981336, 1.        ]), array([0.        , 0.98392183, 1.        ]), array([2, 1, 0]))",0.9839218251217822,0.7638783671974335,0.8724031394899063,0.8050126594410677,0.8720542327966474,4.407135011890283,0.8855209980671236,0.8353930134985719,rf,3-3-0,2-0-2
291,"[[189047  59629]
 [  4079 244274]]","(array([0.        , 0.23978591, 1.        ]), array([0.       , 0.9835758, 1.       ]), array([2, 1, 0]))",0.9835757973529613,0.7629815688463463,0.8718223685137084,0.803789367001971,0.8718949455969716,4.427194481131151,0.8846404565998378,0.8342890711185035,rf,3-3-0,2-0-3
292,"[[31150  7217]
 [  874 37777]]","(array([0.        , 0.18810436, 1.        ]), array([0.        , 0.97738739, 1.        ]), array([2, 1, 0]))",0.9773873897182479,0.8007131533900245,0.8949466358513595,0.8396008356669779,0.8946415146000473,3.6284895804341337,0.9032697710562496,0.8639600781239279,rf,3-3-0,2-1-0
293,"[[166105  52189]
 [  5014 213255]]","(array([0.        , 0.23907666, 1.        ]), array([0.        , 0.97702835, 1.        ]), array([2, 1, 0]))",0.9770283457568413,0.7558041735158748,0.8689696561550109,0.8033897921972243,0.8689758438359367,4.525723335024636,0.8817418593256745,0.8329980586620002,rf,3-3-0,2-1-1
294,"[[53497 12430]
 [ 1561 64210]]","(array([0.        , 0.18854187, 1.        ]), array([0.        , 0.97626614, 1.        ]), array([2, 1, 0]))",0.9762661355308571,0.7985187870395349,0.8937645218606205,0.8378131524008351,0.8938621317301167,3.669318892748961,0.9017561845643945,0.8622703991878196,rf,3-3-0,2-1-2
295,"[[141984  32818]
 [  4086 171070]]","(array([0.        , 0.18774385, 1.        ]), array([0.        , 0.97667222, 1.        ]), array([2, 1, 0]))",0.9766722236178036,0.7999207040651228,0.8945473456814818,0.839039080279369,0.8944641881467011,3.642280631579356,0.9026392714302297,0.8633724568692289,rf,3-3-0,2-1-3
296,"[[151102  47663]
 [  4698 194304]]","(array([0.        , 0.23979574, 1.        ]), array([0.       , 0.9763922, 1.       ]), array([2, 1, 0]))",0.9763921970633461,0.7545126176459496,0.8683626344065747,0.8030185934445606,0.8682982291884789,4.546689348352765,0.8812592268390749,0.8325863206698263,rf,3-3-0,2-2-0
297,"[[124391  38971]
 [  2504 161000]]","(array([0.        , 0.23855609, 1.        ]), array([0.        , 0.98468539, 1.        ]), array([2, 1, 0]))",0.9846853899598786,0.7655050185112373,0.873113141164881,0.8051167419275795,0.8730646499021366,4.382612177743702,0.8858931150698122,0.8355927206898986,rf,3-3-0,2-2-1
298,"[[165555  51838]
 [  4985 211916]]","(array([0.        , 0.23845294, 1.        ]), array([0.        , 0.97701716, 1.        ]), array([2, 1, 0]))",0.9770171645128423,0.7561869274746359,0.869160062077763,0.8034608005944933,0.8692821122228874,4.519146800599586,0.8817800709448564,0.8330575029659956,rf,3-3-0,2-2-2
299,"[[159353  50219]
 [  4891 205724]]","(array([0.        , 0.23962648, 1.        ]), array([0.        , 0.97677753, 1.        ]), array([2, 1, 0]))",0.9767775324644493,0.7553554816900714,0.8688441098844086,0.803788343498357,0.8685755278225133,4.530059526132114,0.8818796376870613,0.8333043040796767,rf,3-3-0,2-2-3
300,"[[49055 11182]
 [ 1487 58556]]","(array([0.        , 0.18563341, 1.        ]), array([0.        , 0.97523442, 1.        ]), array([2, 1, 0]))",0.9752344153356761,0.7998519226945465,0.8946707682075158,0.8396570019214775,0.894800500328495,3.6380171204322247,0.9023817045638421,0.8636705556129145,rf,3-3-0,2-3-0
301,"[[31534  7075]
 [  921 37627]]","(array([0.        , 0.18324743, 1.        ]), array([0.        , 0.97610771, 1.        ]), array([2, 1, 0]))",0.9761077098682163,0.803040742177112,0.896367147504439,0.8417296765245403,0.8964301402561833,3.579425239518443,0.903951951951952,0.8655615671985131,rf,3-3-0,2-3-1
302,"[[174267  36863]
 [  6551 205626]]","(array([0.        , 0.17459859, 1.        ]), array([0.        , 0.96912483, 1.        ]), array([2, 1, 0]))",0.9691248344542528,0.8030924115073852,0.8974408644317244,0.8479807331466582,0.8972631229534562,3.542336682286667,0.9045145227485671,0.8697244726270225,rf,3-3-0,2-3-2
303,"[[160740  50684]
 [  3273 207898]]","(array([0.       , 0.2397268, 1.       ]), array([0.        , 0.98450071, 1.        ]), array([2, 1, 0]))",0.9845007126925572,0.7641532293276129,0.8723198334102391,0.8039925439512418,0.8723869538943336,4.410012623756429,0.885137508435284,0.834597217661355,rf,3-3-0,2-3-3
304,"[[65036  8875]
 [ 2057 34538]]","(array([0.        , 0.12007685, 1.        ]), array([0.        , 0.94379014, 1.        ]), array([2, 1, 0]))",0.9437901352643804,0.7937668929299113,0.9010732448916801,0.7955681477898325,0.9118566430404517,3.4168732917339937,0.8633636636336366,0.8213672489976075,rf,3-3-0,3-0-0
305,"[[196235  61679]
 [   145 129490]]","(array([0.        , 0.23914561, 1.        ]), array([0.        , 0.99888147, 1.        ]), array([2, 1, 0]))",0.9988814749103252,0.7169747530251712,0.8404743658221283,0.6773587767891237,0.8798679341176161,5.509947465246601,0.8072841984513909,0.7239651530619661,rf,3-3-0,3-0-1
306,"[[61541 19364]
 [   42 40315]]","(array([0.        , 0.23934244, 1.        ]), array([0.        , 0.99895929, 1.        ]), array([2, 1, 0]))",0.9989592883514632,0.7159793861212516,0.8399663538453926,0.675530756212403,0.879808424844417,5.527494005741906,0.8060098364588747,0.7223020500012541,rf,3-3-0,3-0-2
307,"[[183597  13563]
 [  5537  92942]]","(array([0.        , 0.06879184, 1.        ]), array([0.        , 0.94377481, 1.        ]), array([2, 1, 0]))",0.9437748149351638,0.8590353153857042,0.9353941800641999,0.8726538660156801,0.9374914853738509,2.2314426516215375,0.9068219958630918,0.886007408975041,rf,3-3-0,3-0-3
308,"[[207423  28581]
 [  6337 111957]]","(array([0.        , 0.12110388, 1.        ]), array([0.        , 0.94643008, 1.        ]), array([2, 1, 0]))",0.9464300809846653,0.795621606280665,0.9014445466810425,0.7966315160312514,0.9126631006947021,3.404049267711485,0.8650939605612907,0.8226736581595013,rf,3-3-0,3-1-0
309,"[[189077  23056]
 [  5843 100796]]","(array([0.        , 0.10868653, 1.        ]), array([0.        , 0.94520766, 1.        ]), array([2, 1, 0]))",0.9452076632376523,0.8097656529150522,0.9093427277176164,0.8138423279397992,0.9182605658374532,3.131249088862493,0.8746198333123636,0.8371107239135817,rf,3-3-0,3-1-1
310,"[[97384 30787]
 [   78 63476]]","(array([0.        , 0.24020254, 1.        ]), array([0.       , 0.9987727, 1.       ]), array([2, 1, 0]))",0.9987726972338484,0.7142887251602363,0.8390142130655888,0.6733925294123887,0.8792850776585951,5.560380496205512,0.8044253787614769,0.7203260963309623,rf,3-3-0,3-1-2
311,"[[223176  69753]
 [   143 146578]]","(array([0.        , 0.23812255, 1.        ]), array([0.        , 0.99902536, 1.        ]), array([2, 1, 0]))",0.9990253610594257,0.7176857066437714,0.8410189923803025,0.6775635484512159,0.8804514062960249,5.49113633394342,0.8074766149201767,0.7241674036233566,rf,3-3-0,3-1-3
312,"[[64071  5356]
 [ 2156 32368]]","(array([0.        , 0.07714578, 1.        ]), array([0.        , 0.93755069, 1.        ]), array([2, 1, 0]))",0.9375506893755069,0.8427547802566551,0.9277351829227232,0.8580214187254798,0.9302024551779084,2.495979556929758,0.8960248034547669,0.8728292525078202,rf,3-3-0,3-2-0
313,"[[55374 17312]
 [   40 36403]]","(array([0.        , 0.23817516, 1.        ]), array([0.       , 0.9989024, 1.       ]), array([2, 1, 0]))",0.9989023955217737,0.7176354232225757,0.8409955190645932,0.6777064134785442,0.8803636155579867,5.491947059307808,0.8075378779476031,0.7242850264421834,rf,3-3-0,3-2-1
314,"[[200833  63556]
 [   152 131320]]","(array([0.        , 0.24038822, 1.        ]), array([0.        , 0.99884386, 1.        ]), array([2, 1, 0]))",0.9988438602896434,0.714508685096867,0.8390647222131,0.6738644060838687,0.8792278222205132,5.558635949945166,0.804785076053783,0.7207654208233806,rf,3-3-0,3-2-2
315,"[[161953  50721]
 [  1180 104941]]","(array([0.        , 0.23849178, 1.        ]), array([0.        , 0.98888062, 1.        ]), array([2, 1, 0]))",0.98888061740843,0.7074276320168991,0.837196317382644,0.6741593966414411,0.87519442063139,5.623167207934618,0.8017403727514775,0.7199880895043559,rf,3-3-0,3-2-3
316,"[[67976   458]
 [  368 33941]]","(array([0.        , 0.00669258, 1.        ]), array([0.        , 0.98927395, 1.        ]), array([2, 1, 0]))",0.9892739514413128,0.9819410442830565,0.991960522858005,0.9866856594668449,0.9912906858647368,0.2776772677245101,0.9879781102637246,0.9872022337919201,rf,3-3-0,3-3-0
317,"[[171476  53490]
 [   131 112434]]","(array([0.        , 0.23776926, 1.        ]), array([0.        , 0.99883623, 1.        ]), array([2, 1, 0]))",0.9988362279571803,0.7177296676887988,0.8411375547727468,0.677623490272655,0.8805334825231702,5.487041188922047,0.8074573861086075,0.7242022979384511,rf,3-3-0,3-3-1
318,"[[125450  39393]
 [    86  82215]]","(array([0.        , 0.23897284, 1.        ]), array([0.        , 0.99895506, 1.        ]), array([2, 1, 0]))",0.9989550552241163,0.7164337284076043,0.8402591201890396,0.6760657193605684,0.8799911071999084,5.517381979073926,0.8063891245604656,0.7227908350667185,rf,3-3-0,3-3-2
319,"[[80210 25176]
 [   56 52600]]","(array([0.        , 0.23889321, 1.        ]), array([0.        , 0.99893649, 1.        ]), array([2, 1, 0]))",0.9989364934670313,0.7165806971850339,0.8403462370762202,0.6763011725982309,0.8800216409224971,5.514372993642759,0.8065505397448479,0.723004178579283,rf,3-3-0,3-3-3
320,"[[232880  22500]
 [120186  17453]]","(array([0.      , 0.088104, 1.      ]), array([0.        , 0.12680272, 1.        ]), array([2, 1, 0]))",0.12680272306541024,0.06108831739332527,0.6369488498011546,0.4368382849848572,0.5193493605929291,12.539388272898782,0.19655164647056175,0.29337605185391885,rf,2-0-0,0-0-0
321,"[[169021  16498]
 [ 87164  12741]]","(array([0.       , 0.0889289, 1.       ]), array([0.        , 0.12753115, 1.        ]), array([2, 1, 0]))",0.12753115459686704,0.06072148862913246,0.6368140030270755,0.4357536167447587,0.519301128913093,12.544046157322558,0.1973146255342873,0.29375959716131533,rf,2-0-0,0-0-1
322,"[[266610  25870]
 [137296  19895]]","(array([0.        , 0.08845049, 1.        ]), array([0.        , 0.12656577, 1.        ]), array([2, 1, 0]))",0.12656577030491567,0.06011102465886156,0.6371436005435085,0.4347208565497651,0.5190576389817795,12.532662045890255,0.19605234632137014,0.2923577006386462,rf,2-0-0,0-0-2
323,"[[72459  6955]
 [37500  5438]]","(array([0.        , 0.08757902, 1.        ]), array([0.        , 0.12664772, 1.        ]), array([2, 1, 0]))",0.12664772462620522,0.06180091128333971,0.6366630704851576,0.43879609456951507,0.5195343541659245,12.549258416992622,0.1965625056478285,0.29391417144092524,rf,2-0-0,0-0-3
324,"[[243285  23675]
 [125371  18129]]","(array([0.       , 0.0886837, 1.       ]), array([0.        , 0.12633449, 1.        ]), array([2, 1, 0]))",0.12633449477351916,0.05936133324701198,0.6368805730156409,0.4336666347717922,0.5188253984206224,12.541746813392333,0.19566765962958166,0.2917294249411038,rf,2-0-0,0-1-0
325,"[[117067  11337]
 [ 60146   8691]]","(array([0.        , 0.08829164, 1.        ]), array([0.        , 0.12625478, 1.        ]), array([2, 1, 0]))",0.12625477577465608,0.05990950330754573,0.6375854918602116,0.4339424805272618,0.5189815668848671,12.517399618099008,0.19560006751814552,0.291744154039302,rf,2-0-0,0-1-1
326,"[[287863  27901]
 [148286  21466]]","(array([0.        , 0.08836029, 1.        ]), array([0.        , 0.12645506, 1.        ]), array([2, 1, 0]))",0.12645506385786323,0.060106065237633566,0.6371139159162623,0.4348248830190208,0.5190473847303909,12.533687265214805,0.19593006539825394,0.29227710908991883,rf,2-0-0,0-1-2
327,"[[286999  27827]
 [147910  21398]]","(array([0.        , 0.08838851, 1.        ]), array([0.        , 0.12638505, 1.        ]), array([2, 1, 0]))",0.12638504973184964,0.059955090349124454,0.6370075227106545,0.4346978161503301,0.5189982715323375,12.537361965303218,0.1958331236014698,0.2921563701502971,rf,2-0-0,0-1-3
328,"[[44920  4347]
 [23637  3349]]","(array([0.       , 0.0882335, 1.       ]), array([0.        , 0.12410139, 1.        ]), array([2, 1, 0]))",0.12410138590380197,0.05693700599698407,0.6330111602166472,0.43516112266112267,0.5179339413737656,12.675391059829902,0.1931261172942737,0.2898563268132248,rf,2-0-0,0-2-0
329,"[[115996  11263]
 [ 60134   8575]]","(array([0.        , 0.08850455, 1.        ]), array([0.       , 0.1248017, 1.       ]), array([2, 1, 0]))",0.1248016999228631,0.057419318214710434,0.6356701094056172,0.4322512350035286,0.5181485770377091,12.58355458101983,0.19368245112764976,0.2895765934310858,rf,2-0-0,0-2-1
330,"[[98636  9553]
 [50711  7326]]","(array([0.        , 0.08829918, 1.        ]), array([0.        , 0.12622982, 1.        ]), array([2, 1, 0]))",0.12622981890862725,0.05986356538335987,0.6374574374646566,0.4340304520409977,0.518965319385083,12.521822453870922,0.19557904853435848,0.2917493010919691,rf,2-0-0,0-2-2
331,"[[252344  24432]
 [130274  18847]]","(array([0.        , 0.08827355, 1.        ]), array([0.       , 0.1263873, 1.       ]), array([2, 1, 0]))",0.1263872962225307,0.06017193138864712,0.6367525481513135,0.43547679012916196,0.5190568732463927,12.546168385115337,0.19591476091476095,0.2924400363707458,rf,2-0-0,0-2-3
332,"[[235020  22755]
 [120757  17437]]","(array([0.        , 0.08827466, 1.        ]), array([0.        , 0.12617769, 1.        ]), array([2, 1, 0]))",0.12617769222976397,0.059824657993398526,0.6375675873616369,0.4338425557324841,0.5189515170488361,12.518018008545985,0.19549740450483785,0.29162569155946244,rf,2-0-0,0-3-0
333,"[[150178  14570]
 [ 77078  11226]]","(array([0.       , 0.0884381, 1.       ]), array([0.        , 0.12712901, 1.        ]), array([2, 1, 0]))",0.12712900887842,0.06095022863980321,0.6378293789418775,0.4351837494185145,0.5193454547390619,12.508976136032642,0.19677475898334792,0.29312541778074863,rf,2-0-0,0-3-1
334,"[[89967  8663]
 [46243  6655]]","(array([0.        , 0.08783332, 1.        ]), array([0.        , 0.12580816, 1.        ]), array([2, 1, 0]))",0.12580815909864268,0.060050219169658976,0.6376511271844147,0.4344561953257605,0.5189874213317405,12.515132408871654,0.19511551542160196,0.29145134448629234,rf,2-0-0,0-3-2
335,"[[239835  23169]
 [123447  17819]]","(array([0.        , 0.08809372, 1.        ]), array([0.        , 0.12613792, 1.        ]), array([2, 1, 0]))",0.12613792419973666,0.06009498528411242,0.637331486382863,0.434736996194008,0.5190221034969573,12.526172522791912,0.19554028992504965,0.29190611300775177,rf,2-0-0,0-3-3
336,"[[  6930  26445]
 [ 21390 182881]]","(array([0.        , 0.79235955, 1.        ]), array([0.        , 0.89528616, 1.        ]), array([2, 1, 0]))",0.8952861639684536,0.11037824035508496,0.7987132120885687,0.8736659564507037,0.5514633067033279,6.952288337294102,0.8843439386649322,0.8779060557329044,rf,2-0-0,1-0-0
337,"[[ 12885  49414]
 [ 40005 341508]]","(array([0.        , 0.79317485, 1.        ]), array([0.        , 0.89514119, 1.        ]), array([2, 1, 0]))",0.8951411878494311,0.10932517701935918,0.7985205447351581,0.8735962672860571,0.5509831687654032,6.958942880688069,0.8842375086576865,0.8778218806179927,rf,2-0-0,1-0-1
338,"[[  2957  15887]
 [ 11221 103578]]","(array([0.        , 0.84308003, 1.        ]), array([0.        , 0.90225525, 1.        ]), array([2, 1, 0]))",0.9022552461258373,0.0668755946224832,0.7971610933606699,0.8670154438538484,0.5295876103267693,7.005902693875567,0.884284397090462,0.8738414501424934,rf,2-0-0,1-0-2
339,"[[  4733  18211]
 [ 14292 123657]]","(array([0.        , 0.79371513, 1.        ]), array([0.        , 0.89639649, 1.        ]), array([2, 1, 0]))",0.8963964943566101,0.11119388633568915,0.7979837531775776,0.8716341951673386,0.5513406809300484,6.977484481192987,0.883841939553351,0.8764766004981424,rf,2-0-0,1-0-3
340,"[[  7763  29641]
 [ 24225 202611]]","(array([0.        , 0.79245535, 1.        ]), array([0.        , 0.89320478, 1.        ]), array([2, 1, 0]))",0.8932047823096863,0.10766742758503046,0.7961474417196488,0.872375695365379,0.5503747149704779,7.040907622448104,0.8826673753180218,0.8764634327815864,rf,2-0-0,1-1-0
341,"[[  6548  24809]
 [ 20199 171951]]","(array([0.      , 0.791179, 1.      ]), array([0.      , 0.894879, 1.      ]), array([2, 1, 0]))",0.8948790007806401,0.11095841600500796,0.798628230883149,0.8739123805651555,0.551849998843616,6.955223260098278,0.8842714252654855,0.8780267363841543,rf,2-0-0,1-1-1
342,"[[  4359  16399]
 [ 13408 113478]]","(array([0.        , 0.79000867, 1.        ]), array([0.        , 0.89433034, 1.        ]), array([2, 1, 0]))",0.8943303437731507,0.11145536349127072,0.7981157378559237,0.873734379451327,0.5521608362087644,6.972924200112165,0.8839124017089689,0.8777773308539374,rf,2-0-0,1-1-2
343,"[[  5119  19444]
 [ 16521 134544]]","(array([0.        , 0.79159712, 1.        ]), array([0.        , 0.89063648, 1.        ]), array([2, 1, 0]))",0.8906364809850065,0.1045101339154784,0.795220579861981,0.8737304205522508,0.54951968168454,7.072919126878377,0.8821024543276087,0.8770600912365696,rf,2-0-0,1-1-3
344,"[[  6174  22916]
 [ 18617 159161]]","(array([0.        , 0.78776212, 1.        ]), array([0.        , 0.89527951, 1.        ]), array([2, 1, 0]))",0.8952795059006177,0.11508401580361652,0.7992294603321926,0.8741411600586565,0.5537586941672219,6.9344573524398925,0.8845840685831794,0.8782885951223173,rf,2-0-0,1-2-0
345,"[[  8669  32556]
 [ 27726 221254]]","(array([0.        , 0.78971498, 1.        ]), array([0.        , 0.88864166, 1.        ]), array([2, 1, 0]))",0.8886416579644951,0.10427993884420654,0.792277872538378,0.8717308222686262,0.5494633395947399,7.174557813724586,0.8801050140217586,0.8750613026213793,rf,2-0-0,1-2-1
346,"[[ 12682  48189]
 [ 38764 328105]]","(array([0.        , 0.79165777, 1.        ]), array([0.        , 0.89433831, 1.        ]), array([2, 1, 0]))",0.8943383060438467,0.11028321243068612,0.7967152943376817,0.871937899621041,0.5513402689884755,7.021295075670341,0.8829960587381233,0.8763277592151897,rf,2-0-0,1-2-2
347,"[[ 13447  52258]
 [ 41483 357101]]","(array([0.        , 0.79534282, 1.        ]), array([0.        , 0.89592407, 1.        ]), array([2, 1, 0]))",0.8959240712120908,0.10854734428006192,0.7980977365390952,0.8723418808429765,0.5502906255154891,6.973547129907946,0.8839757260103747,0.8769584778145597,rf,2-0-0,1-2-3
348,"[[  2999  33218]
 [ 22336 197583]]","(array([0.        , 0.91719358, 1.        ]), array([0.        , 0.89843533, 1.        ]), array([2, 1, 0]))",0.8984353330089715,-0.021892766115988338,0.7831074116875409,0.856075146988098,0.4906208749425121,7.49130830836081,0.8767438764643237,0.8642245847559712,rf,2-0-0,1-3-0
349,"[[ 2083 10547]
 [ 7649 68930]]","(array([0.        , 0.83507522, 1.        ]), array([0.        , 0.90011622, 1.        ]), array([2, 1, 0]))",0.9001162198513953,0.07273140242312637,0.7960295485881469,0.8672949406746606,0.5325205010579226,7.044984347273158,0.883400830471113,0.8736663058605229,rf,2-0-0,1-3-1
350,"[[ 14431  55879]
 [ 46166 383105]]","(array([0.        , 0.79475181, 1.        ]), array([0.        , 0.89245488, 1.        ]), array([2, 1, 0]))",0.892454882812955,0.10407169405348414,0.7957388291388183,0.8727083447232701,0.5488515347075726,7.055020342894272,0.8824711634254913,0.876587435423738,rf,2-0-0,1-3-2
351,"[[ 11636  44299]
 [ 35712 305282]]","(array([0.        , 0.79197283, 1.        ]), array([0.        , 0.89527088, 1.        ]), array([2, 1, 0]))",0.8952708845316927,0.11088750734880337,0.7984249072252216,0.8732797263009145,0.5516490294652743,6.962246294676778,0.8841385801687001,0.8775911017996709,rf,2-0-0,1-3-3
352,"[[188793   3079]
 [   274 191568]]","(array([0.        , 0.01604716, 1.        ]), array([0.        , 0.99857174, 1.        ]), array([2, 1, 0]))",0.9985717413288018,0.9826284866437732,0.9912617209692636,0.9841816210884319,0.9912622924455883,0.30181588165306333,0.9913244620157365,0.9870263697536145,rf,2-0-0,2-0-0
353,"[[137961  66431]
 [   606 203964]]","(array([0.        , 0.32501761, 1.        ]), array([0.        , 0.99703769, 1.        ]), array([2, 1, 0]))",0.997037688810676,0.7099143105363908,0.8360801248037715,0.7543186819282901,0.8360100377984258,5.661721801151481,0.8588590738264925,0.7929246199898924,rf,2-0-0,2-0-1
354,"[[ 71373  30427]
 [   189 102248]]","(array([0.        , 0.29888998, 1.        ]), array([0.        , 0.99815496, 1.        ]), array([2, 1, 0]))",0.9981549635385651,0.7328385595017275,0.8500957221267449,0.7706651592236669,0.8496324915924653,5.177629457236417,0.8697812106570485,0.8074713687558932,rf,2-0-0,2-0-2
355,"[[167557  81119]
 [   312 248041]]","(array([0.        , 0.32620357, 1.        ]), array([0.        , 0.99874372, 1.        ]), array([2, 1, 0]))",0.9987437236514155,0.7110187923527156,0.836164489395991,0.7535575404058816,0.8362700747614153,5.658808566819868,0.8589971134848913,0.7924668033658936,rf,2-0-0,2-0-3
356,"[[32608  5759]
 [  110 38541]]","(array([0.        , 0.15010295, 1.        ]), array([0.        , 0.99715402, 1.        ]), array([2, 1, 0]))",0.9971540193009236,0.8567885316648927,0.923797034459477,0.87,0.9235255331211527,2.632016977113549,0.9292473870116092,0.8927686227999869,rf,2-0-0,2-1-0
357,"[[197340  20954]
 [  1971 216298]]","(array([0.        , 0.09598981, 1.        ]), array([0.        , 0.99096986, 1.        ]), array([2, 1, 0]))",0.9909698582941233,0.8983792377675073,0.9474875332998903,0.9116804073306021,0.9474900231945388,1.8137547241014018,0.9496730117821133,0.9265067331918645,rf,2-0-0,2-1-1
358,"[[45206 20721]
 [  111 65660]]","(array([0.        , 0.31430218, 1.        ]), array([0.        , 0.99831233, 1.        ]), array([2, 1, 0]))",0.9983123261011692,0.7198992677994094,0.8418199213351759,0.760120859911323,0.8420050716919607,5.46347217358753,0.8630842841369157,0.7982105301547552,rf,2-0-0,2-1-2
359,"[[122377  52425]
 [  1403 173753]]","(array([0.        , 0.29991076, 1.        ]), array([0.     , 0.99199, 1.     ]), array([2, 1, 0]))",0.9919899974879536,0.7237542250880304,0.8461872567565251,0.7682135309358116,0.8460396206590578,5.3126237282203315,0.8658772992071441,0.8045103660817804,rf,2-0-0,2-1-3
360,"[[133643  65122]
 [   621 198381]]","(array([0.        , 0.32763313, 1.        ]), array([0.        , 0.99687943, 1.        ]), array([2, 1, 0]))",0.9968794283474538,0.7076395196896498,0.8347198234142098,0.7528604987419498,0.8346231468706302,5.708705970868527,0.8578545096809764,0.7916152572916184,rf,2-0-0,2-2-0
361,"[[112312  51050]
 [   243 163261]]","(array([0.        , 0.31249617, 1.        ]), array([0.       , 0.9985138, 1.       ]), array([2, 1, 0]))",0.9985137978275761,0.7218888884141375,0.8430763676858407,0.7617947748832304,0.8430088118433555,5.420075128869216,0.8642377883355611,0.7997125637277762,rf,2-0-0,2-2-1
362,"[[143362  74031]
 [   293 216608]]","(array([0.        , 0.34053994, 1.        ]), array([0.        , 0.99864915, 1.        ]), array([2, 1, 0]))",0.9986491533003536,0.699381604093687,0.8288624756501356,0.7452819477083255,0.8290546047559576,5.911016987968281,0.8535603105173977,0.785120522060492,rf,2-0-0,2-2-2
363,"[[162152  47420]
 [   183 210432]]","(array([0.        , 0.22627069, 1.        ]), array([0.        , 0.99913112, 1.        ]), array([2, 1, 0]))",0.9991311160173777,0.7936353725041366,0.8867099648489839,0.816096055101376,0.8864302155011019,3.912989430032518,0.8983855853240463,0.8471340707861288,rf,2-0-0,2-2-3
364,"[[54578  5659]
 [  531 59512]]","(array([0.        , 0.09394558, 1.        ]), array([0.        , 0.99115634, 1.        ]), array([2, 1, 0]))",0.9911563379577969,0.9003655564877993,0.9485367475889591,0.9131668993877645,0.9486053781692633,1.7775153874821636,0.9505646333477087,0.9277672288270087,rf,2-0-0,2-3-0
365,"[[34003  4606]
 [  103 38445]]","(array([0.        , 0.11929861, 1.        ]), array([0.        , 0.99732801, 1.        ]), array([2, 1, 0]))",0.9973280066410709,0.8839897775676138,0.9389685964980494,0.8930106153167173,0.9390146987542426,2.1079977317598915,0.9422909594480324,0.9120909884603704,rf,2-0-0,2-3-1
366,"[[179954  31176]
 [   347 211830]]","(array([0.        , 0.14766258, 1.        ]), array([0.        , 0.99836457, 1.        ]), array([2, 1, 0]))",0.9983645729744506,0.8601892514742903,0.9255315881854068,0.8717068714352733,0.9253509977078003,2.5721067134402533,0.930746534910135,0.8944005282886943,rf,2-0-0,2-3-2
367,"[[145142  66282]
 [   324 210847]]","(array([0.        , 0.31350272, 1.        ]), array([0.       , 0.9984657, 1.       ]), array([2, 1, 0]))",0.9984656984150285,0.7208412668235444,0.8423881020835552,0.7608261856391789,0.8424814870158993,5.443847512337556,0.8635961499078436,0.7988523036144177,rf,2-0-0,2-3-3
368,"[[43904 30007]
 [   50 36545]]","(array([0.        , 0.40598828, 1.        ]), array([0.        , 0.99863369, 1.        ]), array([2, 1, 0]))",0.9986336931274764,0.569876282263759,0.7280057191464717,0.5491194855150859,0.7963227049609998,9.394566771233402,0.708600347077472,0.6034451442026664,rf,2-0-0,3-0-0
369,"[[153647 104267]
 [   188 129447]]","(array([0.        , 0.40427042, 1.        ]), array([0.        , 0.99854977, 1.        ]), array([2, 1, 0]))",0.9985497743664905,0.5730853391839253,0.730472791827614,0.5538692590088741,0.7971396793232609,9.309355100788931,0.7125215701708275,0.6080229893911738,rf,2-0-0,3-0-1
370,"[[48352 32553]
 [   58 40299]]","(array([0.        , 0.40236079, 1.        ]), array([0.        , 0.99856283, 1.        ]), array([2, 1, 0]))",0.9985628267710682,0.573656990926463,0.7310699147300885,0.5531625761818482,0.7981010166239001,9.288730734356827,0.7119398634384192,0.6073425466821395,rf,2-0-0,3-0-2
371,"[[117858  79302]
 [   145  98334]]","(array([0.        , 0.40222155, 1.        ]), array([0.       , 0.9985276, 1.       ]), array([2, 1, 0]))",0.9985276048700739,0.5739029074881759,0.7312702316000257,0.5535702222522462,0.798153029458774,9.281811864882103,0.7122684388751064,0.6077330310757544,rf,2-0-0,3-0-3
372,"[[140905  95099]
 [   155 118139]]","(array([0.        , 0.40295503, 1.        ]), array([0.        , 0.99868971, 1.        ]), array([2, 1, 0]))",0.9986897053104976,0.5739309912479217,0.7311472263461831,0.5540241420384734,0.7978673353250342,9.286060456555886,0.7126853516402639,0.6081826849222546,rf,2-0-0,3-1-0
373,"[[126409  85724]
 [   136 106503]]","(array([0.        , 0.40410497, 1.        ]), array([0.        , 0.99872467, 1.        ]), array([2, 1, 0]))",0.9987246692110766,0.573418567178984,0.730653884280928,0.5540480785737696,0.7973098486651141,9.303100290982696,0.7127140591435628,0.6082083543202137,rf,2-0-0,3-1-1
374,"[[76659 51512]
 [  148 63406]]","(array([0.        , 0.40190059, 1.        ]), array([0.        , 0.99767127, 1.        ]), array([2, 1, 0]))",0.9976712716744816,0.5723359564400912,0.7305515712609206,0.5517499434379296,0.7978853428692527,9.306633863209857,0.710542830247882,0.6059140791933123,rf,2-0-0,3-1-2
375,"[[174963 117966]
 [   155 146566]]","(array([0.        , 0.40271192, 1.        ]), array([0.        , 0.99894357, 1.        ]), array([2, 1, 0]))",0.9989435731763006,0.5742987224168647,0.7313294666211759,0.5540577321458273,0.7981158266115007,9.279766022640041,0.7127777791286629,0.6082338948698135,rf,2-0-0,3-1-3
376,"[[52890 16537]
 [   59 34465]]","(array([0.        , 0.23819263, 1.        ]), array([0.        , 0.99829104, 1.        ]), array([2, 1, 0]))",0.9982910439114818,0.7160973936442784,0.8403478562014796,0.6757578134190816,0.8800492049609118,5.514316899237535,0.8059537450599817,0.7224397565106568,rf,2-0-0,3-2-0
377,"[[55371 17315]
 [  203 36240]]","(array([0.        , 0.23821644, 1.        ]), array([0.        , 0.99442966, 1.        ]), array([2, 1, 0]))",0.9944296572730017,0.713412755805343,0.8394743835277516,0.6766875175053683,0.878106609722267,5.5444852414623895,0.8053512300273339,0.7228829145107175,rf,2-0-0,3-2-1
378,"[[157211 107178]
 [   188 131284]]","(array([0.        , 0.40537995, 1.        ]), array([0.        , 0.99857004, 1.        ]), array([2, 1, 0]))",0.9985700377266642,0.5708495126928879,0.7287785359002276,0.5505447408811467,0.7965950431079111,9.36787399028789,0.7097698508382575,0.604817012494011,rf,2-0-0,3-2-2
379,"[[127119  85555]
 [   135 105986]]","(array([0.        , 0.40228237, 1.        ]), array([0.        , 0.99872787, 1.        ]), array([2, 1, 0]))",0.9987278672458797,0.5739341107361017,0.7312065747580734,0.5533332289170465,0.7982227504035524,9.284010598779895,0.7121231463875134,0.6075193314111786,rf,2-0-0,3-2-3
380,"[[40937 27497]
 [  167 34142]]","(array([0.       , 0.4018032, 1.       ]), array([0.        , 0.99513247, 1.        ]), array([2, 1, 0]))",0.995132472529074,0.5711707177405441,0.7307456469053852,0.5539025616898392,0.7966646376439682,9.299929890302474,0.711677158460833,0.6078009007886351,rf,2-0-0,3-3-0
381,"[[134782  90184]
 [   150 112415]]","(array([0.        , 0.40087835, 1.        ]), array([0.        , 0.99866744, 1.        ]), array([2, 1, 0]))",0.9986674365921911,0.5753498207223651,0.732368286172233,0.5548645353629583,0.798894540820388,9.243885562370586,0.7133746240052797,0.6089910624609274,rf,2-0-0,3-3-1
382,"[[98098 66745]
 [   98 82203]]","(array([0.        , 0.40490042, 1.        ]), array([0.        , 0.99880925, 1.        ]), array([2, 1, 0]))",0.9988092489763186,0.5719964790320177,0.7295382449098501,0.5518905926900664,0.7969544142881508,9.341634025893782,0.7109479392343319,0.6061336719299565,rf,2-0-0,3-3-2
383,"[[62919 42467]
 [  141 52515]]","(array([0.        , 0.40296624, 1.        ]), array([0.        , 0.99732224, 1.        ]), array([2, 1, 0]))",0.9973222424794895,0.5720900690408544,0.730400779539616,0.5528942325914383,0.7971780020398511,9.311842049192132,0.711402213522264,0.6069919368261424,rf,2-0-0,3-3-3
384,"[[225220  30160]
 [ 89421  48218]]","(array([0.        , 0.11809852, 1.        ]), array([0.        , 0.35032222, 1.        ]), array([2, 1, 0]))",0.3503222197197015,0.2772464476675363,0.6957373562092418,0.6151981423358596,0.6161118499334666,10.508920779754439,0.4464278274395071,0.5343887079935542,rf,1-0-0,0-0-0
385,"[[163518  22001]
 [ 65033  34872]]","(array([0.        , 0.11859163, 1.        ]), array([0.       , 0.3490516, 1.       ]), array([2, 1, 0]))",0.3490515990190681,0.27519382398582526,0.6950711923314087,0.6131556274506357,0.6152299861427091,10.531929538853491,0.44485833471533,0.5325644401139901,rf,1-0-0,0-0-1
386,"[[257804  34676]
 [102140  55051]]","(array([0.        , 0.11855853, 1.        ]), array([0.        , 0.35021725, 1.        ]), array([2, 1, 0]))",0.3502172516238207,0.27639585797231514,0.695741998038566,0.6135388456094598,0.6158293588534859,10.50876075638987,0.4459051182983825,0.533337596081372,rf,1-0-0,0-0-2
387,"[[70073  9341]
 [28038 14900]]","(array([0.       , 0.1176241, 1.       ]), array([0.        , 0.34701197, 1.        ]), array([2, 1, 0]))",0.34701197074852114,0.2746665556448061,0.6944962076631359,0.6146611113402912,0.6146939371208041,10.551788216824914,0.44359100314086247,0.53251561807551,rf,1-0-0,0-0-3
388,"[[235242  31718]
 [ 93380  50120]]","(array([0.        , 0.11881181, 1.        ]), array([0.        , 0.34926829, 1.        ]), array([2, 1, 0]))",0.3492682926829268,0.2750503242939046,0.695224869658432,0.6124294337593783,0.6152282428353202,10.526621865910997,0.444842858284,0.5322266869419691,rf,1-0-0,0-1-0
389,"[[113165  15239]
 [ 45574  23263]]","(array([0.       , 0.1186801, 1.       ]), array([0.        , 0.33794326, 1.        ]), array([2, 1, 0]))",0.3379432572599038,0.2636831849198123,0.6916817497376306,0.6042023790971898,0.6096315769181672,10.648996881829545,0.43344916572727527,0.521954721891898,rf,1-0-0,0-1-1
390,"[[278338  37426]
 [110199  59553]]","(array([0.        , 0.11852523, 1.        ]), array([0.        , 0.35082355, 1.        ]), array([2, 1, 0]))",0.350823554361657,0.2770638065899201,0.6959420492836488,0.6140813990657771,0.6161491633299779,10.501851207853317,0.44653977227993746,0.5339467209881148,rf,1-0-0,0-1-2
391,"[[277545  37281]
 [110015  59293]]","(array([0.        , 0.11841779, 1.        ]), array([0.        , 0.35020791, 1.        ]), array([2, 1, 0]))",0.3502079051196636,0.276610943571136,0.6957536549798197,0.6139644210657113,0.6158950562170901,10.508358053052582,0.4460098840839169,0.5335904709109365,rf,1-0-0,0-1-3
392,"[[43393  5874]
 [17497  9489]]","(array([0.        , 0.11922788, 1.        ]), array([0.        , 0.35162677, 1.        ]), array([2, 1, 0]))",0.35162676943600385,0.27705778737872033,0.6935071407026608,0.6176528021870729,0.61619944435224,10.585949929324256,0.44813336796618575,0.5364775322825031,rf,1-0-0,0-2-0
393,"[[112168  15091]
 [ 44681  24028]]","(array([0.        , 0.11858493, 1.        ]), array([0.        , 0.34970673, 1.        ]), array([2, 1, 0]))",0.3497067341978489,0.2759035134737078,0.6949910189418681,0.6142283800710652,0.6155609005543187,10.53469857018197,0.44567273806432467,0.5335168861158602,rf,1-0-0,0-2-1
394,"[[95416 12773]
 [37819 20218]]","(array([0.        , 0.11806191, 1.        ]), array([0.        , 0.34836397, 1.        ]), array([2, 1, 0]))",0.3483639747057911,0.27525483672379186,0.6956432808345265,0.6128338031584372,0.6151510322650401,10.512170109545423,0.444214966823395,0.5320498313166774,rf,1-0-0,0-2-2
395,"[[244013  32763]
 [ 96928  52193]]","(array([0.       , 0.1183737, 1.       ]), array([0.        , 0.35000436, 1.        ]), array([2, 1, 0]))",0.35000435887634873,0.27649864769271637,0.6954874065795251,0.6143533123028391,0.6158153279770651,10.517553884255973,0.4459472737603438,0.5337307877164098,rf,1-0-0,0-2-3
396,"[[227261  30514]
 [ 89959  48235]]","(array([0.        , 0.11837455, 1.        ]), array([0.        , 0.34903831, 1.        ]), array([2, 1, 0]))",0.34903830846491163,0.27544922123180055,0.6957514350870901,0.6125157144852633,0.6153318785075019,10.508434770247316,0.4446790170689997,0.532171936715285,rf,1-0-0,0-3-0
397,"[[145294  19454]
 [ 57450  30854]]","(array([0.        , 0.11808338, 1.        ]), array([0.       , 0.3494066, 1.       ]), array([2, 1, 0]))",0.34940659539771696,0.2762656953167133,0.6960940834294927,0.6133020593146219,0.6156616097876244,10.49659996855436,0.4451851210573398,0.5328180260831122,rf,1-0-0,0-3-1
398,"[[86958 11672]
 [34628 18270]]","(array([0.        , 0.11834128, 1.        ]), array([0.        , 0.34538168, 1.        ]), array([2, 1, 0]))",0.34538167794623614,0.2717972774408604,0.6944459109867483,0.610179680716051,0.6135202012361213,10.553525948904296,0.44109126026074363,0.5290560967416863,rf,1-0-0,0-3-2
399,"[[231951  31053]
 [ 91833  49433]]","(array([0.        , 0.11807045, 1.        ]), array([0.       , 0.3499285, 1.       ]), array([2, 1, 0]))",0.34992850367392014,0.2768434974052706,0.6960298810201103,0.6141813483090227,0.6159290280380825,10.498817389279429,0.44584039828276634,0.5335916754819628,rf,1-0-0,0-3-3
400,"[[ 31731   1644]
 [   123 204148]]","(array([0.        , 0.04925843, 1.        ]), array([0.        , 0.99939786, 1.        ]), array([2, 1, 0]))",0.9993978587268874,0.9689583397036188,0.9925645708322463,0.992011351267299,0.9750697158802977,0.25681615692240833,0.9956909060315121,0.9934799048897307,rf,1-0-0,1-0-0
401,"[[ 22997  39302]
 [  6665 374848]]","(array([0.        , 0.63086085, 1.        ]), array([0.        , 0.98253008, 1.        ]), array([2, 1, 0]))",0.9825300841648908,0.48915955104053116,0.8964268654295062,0.9051020161777134,0.6758346178380754,3.5773601442121015,0.942228053836863,0.9195957240839934,rf,1-0-0,1-0-1
402,"[[  7635  11209]
 [   180 114619]]","(array([0.        , 0.59483125, 1.        ]), array([0.        , 0.99843204, 1.        ]), array([2, 1, 0]))",0.9984320420909589,0.5986244850254467,0.9147804224688162,0.910918078647042,0.7018003980355028,2.9434469972182074,0.9526694843055851,0.9271716568706915,rf,1-0-0,1-0-2
403,"[[  8506  14438]
 [   177 137772]]","(array([0.        , 0.62927127, 1.        ]), array([0.        , 0.99871692, 1.        ]), array([2, 1, 0]))",0.9987169171215449,0.5717259525748783,0.9091632327074516,0.9051442086590894,0.684722823972209,3.1374625471544255,0.9496310643474785,0.922429226997184,rf,1-0-0,1-0-3
404,"[[ 12373  25031]
 [  4317 222519]]","(array([0.       , 0.6692065, 1.       ]), array([0.        , 0.98096863, 1.        ]), array([2, 1, 0]))",0.9809686293180977,0.446764582545366,0.888934302149561,0.8988850737224803,0.6558810636698498,3.8361490476881404,0.9381347678894403,0.9141841325975566,rf,1-0-0,1-1-0
405,"[[ 11536  19821]
 [   263 191887]]","(array([0.        , 0.63210766, 1.        ]), array([0.        , 0.99863128, 1.        ]), array([2, 1, 0]))",0.9986312776476711,0.5692436210695941,0.9101415168205023,0.9063757628431613,0.683261807143509,3.1036729674509087,0.9502696492331464,0.9234375571472845,rf,1-0-0,1-1-1
406,"[[  9437  11321]
 [   261 126625]]","(array([0.        , 0.54538009, 1.        ]), array([0.        , 0.99794304, 1.        ]), array([2, 1, 0]))",0.9979430354806677,0.6350134871784114,0.9215545501341064,0.917931654415496,0.7262814705296199,2.7094711633954836,0.9562666143064282,0.9328908011257312,rf,1-0-0,1-1-2
407,"[[  5899  18664]
 [   266 150799]]","(array([0.        , 0.75984204, 1.        ]), array([0.        , 0.99823917, 1.        ]), array([2, 1, 0]))",0.998239168569821,0.44928267118104337,0.8922153642927096,0.8898638640883261,0.6191985648654585,3.7228344047765547,0.940941197024909,0.9096145934997112,rf,1-0-0,1-1-3
408,"[[  8188  20902]
 [   275 177503]]","(array([0.       , 0.7185287, 1.       ]), array([0.        , 0.99845313, 1.        ]), array([2, 1, 0]))",0.9984531269335913,0.49126201300753625,0.8976303729914729,0.8946498324134976,0.6399622114557953,3.5358024484236785,0.9437055900984361,0.9136471353657306,rf,1-0-0,1-2-0
409,"[[ 18647  22578]
 [  4349 244631]]","(array([0.        , 0.54767738, 1.        ]), array([0.        , 0.98253273, 1.        ]), array([2, 1, 0]))",0.9825327335528958,0.5620250765801521,0.9072138660601988,0.9155043430423376,0.7174276766612265,3.204781741515615,0.947834998421121,0.9281682723536518,rf,1-0-0,1-2-1
410,"[[ 18711  42160]
 [  6078 360791]]","(array([0.        , 0.69261225, 1.        ]), array([0.        , 0.98343278, 1.        ]), array([2, 1, 0]))",0.9834327784577056,0.43484068320130514,0.8872258848833403,0.8953718938530988,0.6454102664446042,3.8951587571079593,0.9373385986334467,0.9116994066225194,rf,1-0-0,1-2-2
411,"[[ 31746  33959]
 [  7519 391065]]","(array([0.        , 0.51684042, 1.        ]), array([0.        , 0.98113572, 1.        ]), array([2, 1, 0]))",0.9811357204503944,0.5816261139563337,0.910663401459005,0.9201009825327511,0.732147648673565,3.085635284999725,0.9496386630532972,0.9316927783177996,rf,1-0-0,1-2-3
412,"[[ 15968  20249]
 [   255 219664]]","(array([0.        , 0.55910208, 1.        ]), array([0.        , 0.99884048, 1.        ]), array([2, 1, 0]))",0.998840482177529,0.6290563238977627,0.9199487772121061,0.915598571148708,0.7198692015217103,2.764934496711172,0.9554098018406721,0.9311181777103709,rf,1-0-0,1-3-0
413,"[[ 1202 11428]
 [  122 76457]]","(array([0.        , 0.90482977, 1.        ]), array([0.        , 0.99840687, 1.        ]), array([2, 1, 0]))",0.9984068739471657,0.2697893167102224,0.8705287583091392,0.8699664334072936,0.5467885517796003,4.471880697694747,0.9297718649674093,0.8929409813626585,rf,1-0-0,1-3-1
414,"[[  6286  64024]
 [   110 429161]]","(array([0.        , 0.91059593, 1.        ]), array([0.        , 0.99974375, 1.        ]), array([2, 1, 0]))",0.999743751616112,0.27575658433150274,0.87162442126502,0.8701825886837596,0.5445739096581484,4.4340378812186065,0.9304747326701761,0.8933368748103152,rf,1-0-0,1-3-2
415,"[[  9997  45938]
 [   307 340687]]","(array([0.        , 0.82127469, 1.        ]), array([0.        , 0.99909969, 1.        ]), array([2, 1, 0]))",0.9990996909036522,0.3890989945617396,0.8834930176429537,0.8811820239249919,0.5889124985312933,4.024101152320422,0.9364433858928918,0.9024849880317499,rf,1-0-0,1-3-3
416,"[[109464  82408]
 [   471 191371]]","(array([0.        , 0.42949466, 1.        ]), array([0.        , 0.99754485, 1.        ]), array([2, 1, 0]))",0.9975448546199477,0.628197641766454,0.7840084020911408,0.6989980970052487,0.7840250957556043,7.460257228192952,0.8220033031156241,0.7435013419241342,rf,1-0-0,2-0-0
417,"[[116971  87421]
 [  1007 203563]]","(array([0.        , 0.42771243, 1.        ]), array([0.        , 0.99507748, 1.        ]), array([2, 1, 0]))",0.995077479591338,0.6261529414025384,0.7837745316190746,0.6995676738239903,0.783682522331189,7.468334027748561,0.8215572873995568,0.7437417154181275,rf,1-0-0,2-0-1
418,"[[ 58087  43713]
 [   233 102204]]","(array([0.        , 0.42940079, 1.        ]), array([0.        , 0.99772543, 1.        ]), array([2, 1, 0]))",0.997725431240665,0.6291252275009958,0.784828410131367,0.7004255844075742,0.784162322693024,7.431934567454532,0.8230509675704841,0.7448131116957316,rf,1-0-0,2-0-2
419,"[[141556 107120]
 [   626 247727]]","(array([0.        , 0.43076131, 1.        ]), array([0.        , 0.99747939, 1.        ]), array([2, 1, 0]))",0.9974793942493145,0.6270119721007793,0.7832198926018401,0.6981234165710856,0.7833590411707252,7.487491986026509,0.8213759946949601,0.7427022541269896,rf,1-0-0,2-0-3
420,"[[21535 16832]
 [   54 38597]]","(array([0.        , 0.43871035, 1.        ]), array([0.        , 0.99860288, 1.        ]), array([2, 1, 0]))",0.9986028822022716,0.6232742408261379,0.7807525513516321,0.6963322448537769,0.7799462660809362,7.572713353091574,0.8205144557823129,0.7412037623815614,rf,1-0-0,2-1-0
421,"[[125597  92697]
 [  1034 217235]]","(array([0.        , 0.42464291, 1.        ]), array([0.        , 0.99526273, 1.        ]), array([2, 1, 0]))",0.9952627262689617,0.6287247381393226,0.785297883696053,0.7009118129138004,0.785309906749972,7.415718167949092,0.822546719903976,0.7449775273886022,rf,1-0-0,2-1-1
422,"[[37368 28559]
 [  153 65618]]","(array([0.        , 0.43319126, 1.        ]), array([0.        , 0.99767375, 1.        ]), array([2, 1, 0]))",0.9976737467880981,0.6253018676074742,0.7819860590138044,0.6967518608577465,0.7822412448958618,7.530108153151031,0.8204916597894315,0.7414815166369477,rf,1-0-0,2-1-2
423,"[[ 98908  75894]
 [   411 174745]]","(array([0.        , 0.43417123, 1.        ]), array([0.        , 0.99765352, 1.        ]), array([2, 1, 0]))",0.9976535202904839,0.624921523163432,0.781959549431646,0.6971979620091048,0.7817411432758696,7.531023772741375,0.8207940440822463,0.7418834146208921,rf,1-0-0,2-1-3
424,"[[113865  84900]
 [  1008 197994]]","(array([0.        , 0.42713757, 1.        ]), array([0.        , 0.99493472, 1.        ]), array([2, 1, 0]))",0.9949347242741279,0.6264278180761227,0.7840243157426332,0.6998875904048867,0.7838985748757252,7.45970653260781,0.8217291697793714,0.7440150070119903,rf,1-0-0,2-2-0
425,"[[ 93227  70135]
 [   368 163136]]","(array([0.        , 0.42932261, 1.        ]), array([0.        , 0.99774929, 1.        ]), array([2, 1, 0]))",0.9977492905372346,0.6287202773356444,0.7843061070897555,0.6993411096964475,0.784213340926114,7.449974705035564,0.8223098733539159,0.7438345121412964,rf,1-0-0,2-2-1
426,"[[124165  93228]
 [   537 216364]]","(array([0.        , 0.42884546, 1.        ]), array([0.        , 0.99752422, 1.        ]), array([2, 1, 0]))",0.9975242161170303,0.6284764220959855,0.7840978691853906,0.6988681878084705,0.7843393805557897,7.457167065485647,0.8219064640935396,0.7433814641829105,rf,1-0-0,2-2-2
427,"[[119750  89822]
 [  1009 209606]]","(array([0.        , 0.42859733, 1.        ]), array([0.        , 0.99520927, 1.        ]), array([2, 1, 0]))",0.9952092680958147,0.6260240800581315,0.7838319605318584,0.7000213740865918,0.783305968195599,7.466350506242475,0.8219150150085386,0.7441666601577618,rf,1-0-0,2-2-3
428,"[[34282 25955]
 [  116 59927]]","(array([0.        , 0.43088135, 1.        ]), array([0.        , 0.99806805, 1.        ]), array([2, 1, 0]))",0.9980680512299519,0.6275830794722517,0.7832474226804124,0.69778300458769,0.7835933496184955,7.486541344720794,0.8213397293130034,0.742459195531889,rf,1-0-0,2-3-0
429,"[[22143 16466]
 [   56 38492]]","(array([0.        , 0.42648087, 1.        ]), array([0.        , 0.99854727, 1.        ]), array([2, 1, 0]))",0.9985472657466017,0.6318434267747409,0.7858651839755304,0.7003893882601259,0.786033196705568,7.3961251703409925,0.8233054563343528,0.7448718941094511,rf,1-0-0,2-3-1
430,"[[120458  90672]
 [   538 211639]]","(array([0.        , 0.42946052, 1.        ]), array([0.        , 0.99746438, 1.        ]), array([2, 1, 0]))",0.9974643811534709,0.6285834337412267,0.7845299038286634,0.7000704572443609,0.784001929600086,7.442244744542364,0.8227169535538245,0.7444627594498744,rf,1-0-0,2-3-2
431,"[[120214  91210]
 [   561 210610]]","(array([0.        , 0.43140798, 1.        ]), array([0.        , 0.99734339, 1.        ]), array([2, 1, 0]))",0.9973433852186143,0.626323371128752,0.7828393615636721,0.6978000132529322,0.7829677044149678,7.500635312341501,0.821106023302553,0.7423943442529913,rf,1-0-0,2-3-3
432,"[[42869 31042]
 [ 8032 28563]]","(array([0.        , 0.41999161, 1.        ]), array([0.        , 0.78051646, 1.        ]), array([2, 1, 0]))",0.7805164639978139,0.34040514788786086,0.6464083398186524,0.4792047647009479,0.6802624262325123,12.212847899283007,0.5938253638253639,0.5192989473301456,rf,1-0-0,3-0-0
433,"[[150087 107827]
 [ 29025 100610]]","(array([0.        , 0.41807347, 1.        ]), array([0.        , 0.77610213, 1.        ]), array([2, 1, 0]))",0.7761021329116365,0.3388181345233181,0.6468782012081054,0.48268781454348314,0.6790143332811942,12.196617319070421,0.5951986559076173,0.5221703102504404,rf,1-0-0,3-0-1
434,"[[47211 33694]
 [ 9189 31168]]","(array([0.        , 0.41646375, 1.        ]), array([0.        , 0.77230716, 1.        ]), array([2, 1, 0]))",0.772307158609411,0.3361795717688627,0.6463607725420989,0.4805278899818075,0.6779217024120536,12.214488378706998,0.5924405288018324,0.5198045396174179,rf,1-0-0,3-0-2
435,"[[115168  81992]
 [ 22162  76317]]","(array([0.        , 0.41586529, 1.        ]), array([0.       , 0.7749571, 1.       ]), array([2, 1, 0]))",0.7749570974522487,0.33935262066260713,0.6476987136338576,0.4820761927622561,0.6795459051878813,12.168277112383764,0.5943969344361887,0.5214940243127447,rf,1-0-0,3-0-3
436,"[[137856  98148]
 [ 24835  93459]]","(array([0.        , 0.41587431, 1.        ]), array([0.        , 0.79005698, 1.        ]), array([2, 1, 0]))",0.790056976685208,0.35410924035025193,0.652882601651717,0.48776401697224003,0.687091334735038,11.98923170964521,0.603153910442367,0.5281828642217555,rf,1-0-0,3-1-0
437,"[[121343  90790]
 [ 23989  82650]]","(array([0.        , 0.42798622, 1.        ]), array([0.        , 0.77504478, 1.        ]), array([2, 1, 0]))",0.7750447772390964,0.32878322653891057,0.6399338712308483,0.4765336715867159,0.6735292805222697,12.43647124365421,0.5901906247880062,0.5163049928847987,rf,1-0-0,3-1-1
438,"[[75023 53148]
 [14357 49197]]","(array([0.        , 0.41466478, 1.        ]), array([0.        , 0.77409762, 1.        ]), array([2, 1, 0]))",0.7740976177738615,0.3391802750470347,0.6479071586908333,0.48069764033416384,0.6797164170042117,12.161077572265828,0.5930957992513517,0.5201254297639839,rf,1-0-0,3-1-2
439,"[[171032 121897]
 [ 33125 113596]]","(array([0.        , 0.41613155, 1.        ]), array([0.        , 0.77423136, 1.        ]), array([2, 1, 0]))",0.7742313642900471,0.3385792009541885,0.6473967929034459,0.4823752723010875,0.6790499051137293,12.178705021766838,0.5944104611552691,0.521708139943951,rf,1-0-0,3-1-3
440,"[[40349 29078]
 [ 7692 26832]]","(array([0.        , 0.41882841, 1.        ]), array([0.        , 0.77719847, 1.        ]), array([2, 1, 0]))",0.7771984706291276,0.3385366627219304,0.6462756491039047,0.4799141477374352,0.6791850304663059,12.21742993078413,0.5934051352367472,0.5196696673432393,rf,1-0-0,3-2-0
441,"[[42351 30335]
 [ 8200 28243]]","(array([0.        , 0.41734309, 1.        ]), array([0.        , 0.77499108, 1.        ]), array([2, 1, 0]))",0.7749910819636144,0.33826424000707994,0.6468857957096648,0.4821434668305507,0.6788239948793942,12.196354810966179,0.5944580671641005,0.5215600819929456,rf,1-0-0,3-2-1
442,"[[153695 110694]
 [ 29654 101818]]","(array([0.        , 0.41867854, 1.        ]), array([0.        , 0.77444627, 1.        ]), array([2, 1, 0]))",0.7744462699281977,0.33602677112928453,0.6454614119602587,0.4791164734226773,0.6778838659324826,12.245552605866362,0.5919926508209685,0.5186751161463852,rf,1-0-0,3-2-2
443,"[[124062  88612]
 [ 23981  82140]]","(array([0.        , 0.41665648, 1.        ]), array([0.        , 0.77402211, 1.        ]), array([2, 1, 0]))",0.7740221068403049,0.33767103368155826,0.6468169199642403,0.48104853823088456,0.6786828139550557,12.198733683275032,0.5933406290970951,0.5204472272594215,rf,1-0-0,3-2-3
444,"[[40049 28385]
 [ 7692 26617]]","(array([0.       , 0.4147792, 1.       ]), array([0.        , 0.77580227, 1.        ]), array([2, 1, 0]))",0.7758022676265703,0.3413814699656331,0.6488617229397623,0.48392785716883024,0.6805115321532916,12.128107341349276,0.5960519980741454,0.5233035935466367,rf,1-0-0,3-3-0
445,"[[131713  93253]
 [ 25335  87230]]","(array([0.        , 0.41452042, 1.        ]), array([0.        , 0.77493004, 1.        ]), array([2, 1, 0]))",0.77493004042109,0.34066079439623626,0.6486604193392607,0.48331421795958623,0.6802048120013044,12.135060127747755,0.5953290928448582,0.5226501713007955,rf,1-0-0,3-3-1
446,"[[95927 68916]
 [18531 63770]]","(array([0.        , 0.41807053, 1.        ]), array([0.       , 0.7748387, 1.       ]), array([2, 1, 0]))",0.7748387018383738,0.33720056160127604,0.646169844301298,0.4806083535565169,0.6783840870620622,12.221083596859536,0.5932451729639466,0.5201086380282034,rf,1-0-0,3-3-2
447,"[[61373 44013]
 [11784 40872]]","(array([0.        , 0.41763612, 1.        ]), array([0.        , 0.77620784, 1.        ]), array([2, 1, 0]))",0.776207839562443,0.3389596543160303,0.6469482795712532,0.48149849796783883,0.6792858604564534,12.194197107025516,0.594324601391585,0.5210659976134381,rf,1-0-0,3-3-3
448,"[[245739   9641]
 [ 11750 125889]]","(array([0.        , 0.03775159, 1.        ]), array([0.        , 0.91463175, 1.        ]), array([2, 1, 0]))",0.9146317540813287,0.8800500748860731,0.9455726059045492,0.9288644580535674,0.9384400841046473,1.8798752090416984,0.9216931643048808,0.9259825908888297,rf,0-2-0,0-0-0
449,"[[177517   8002]
 [  6565  93340]]","(array([0.        , 0.04313305, 1.        ]), array([0.        , 0.93428757, 1.        ]), array([2, 1, 0]))",0.9342875731945348,0.8882606605588789,0.9489636470654185,0.9210396479248485,0.9455772624137606,1.7627555991202575,0.9276163122928541,0.9236590912239523,rf,0-2-0,0-0-1
450,"[[278432  14048]
 [ 10336 146855]]","(array([0.        , 0.04803063, 1.        ]), array([0.       , 0.9342456, 1.       ]), array([2, 1, 0]))",0.9342455993027591,0.8815448274361406,0.9457736878740235,0.9126927403466685,0.9431074823647275,1.8729354491577217,0.9233434142108937,0.9169233881491452,rf,0-2-0,0-0-2
451,"[[75624  3790]
 [ 2762 40176]]","(array([0.        , 0.04772458, 1.        ]), array([0.        , 0.93567469, 1.        ]), array([2, 1, 0]))",0.9356746937444688,0.8832431504632124,0.9464495880737545,0.9137970249738434,0.9439750555885816,1.8495904718657263,0.9246064623032311,0.9180903282419721,rf,0-2-0,0-0-3
452,"[[250978  15982]
 [  9365 134135]]","(array([0.        , 0.05986665, 1.        ]), array([0.        , 0.93473868, 1.        ]), array([2, 1, 0]))",0.9347386759581882,0.8661750869129496,0.9382473322613653,0.8935363749608639,0.9374360146347729,2.132892716581227,0.9136732546140038,0.9014836659641275,rf,0-2-0,0-1-0
453,"[[121043   7361]
 [  4541  64296]]","(array([0.        , 0.05732687, 1.        ]), array([0.        , 0.93403257, 1.        ]), array([2, 1, 0]))",0.934032569693624,0.8688756069103547,0.9396575762645697,0.8972745160975202,0.9383528475707147,2.084183321362753,0.9152846384898999,0.9043928375508137,rf,0-2-0,0-1-1
454,"[[299826  15938]
 [ 11118 158634]]","(array([0.       , 0.0504744, 1.       ]), array([0.        , 0.93450445, 1.        ]), array([2, 1, 0]))",0.9345044535557755,0.8784709414771834,0.9442737211544007,0.9087024265059689,0.9420150243102222,1.9247437326978851,0.9214228459241878,0.9137482143680016,rf,0-2-0,0-1-2
455,"[[295840  18986]
 [ 11101 158207]]","(array([0.        , 0.06030633, 1.        ]), array([0.       , 0.9344331, 1.       ]), array([2, 1, 0]))",0.9344331041651901,0.8653618135234773,0.9378539825750722,0.8928512977374953,0.9370633881126561,2.1464787570186927,0.9131690817631117,0.9008689413265305,rf,0-2-0,0-1-3
456,"[[48249  1018]
 [  298 26688]]","(array([0.        , 0.02066292, 1.        ]), array([0.        , 0.98895724, 1.        ]), array([2, 1, 0]))",0.9889572370858964,0.9626902799973996,0.9827416626231099,0.9632570562333068,0.9841471593511971,0.5960925304694434,0.9759379799605061,0.9682896741891008,rf,0-2-0,0-2-0
457,"[[122124   5135]
 [  4486  64223]]","(array([0.        , 0.04035078, 1.        ]), array([0.        , 0.93471015, 1.        ]), array([2, 1, 0]))",0.9347101544193628,0.8924437349580158,0.950905249836708,0.9259638397877679,0.9471796868640083,1.6956935501114465,0.9303164405687094,0.9276999835327222,rf,0-2-0,0-2-1
458,"[[104058   4131]
 [  3820  54217]]","(array([0.        , 0.03818318, 1.        ]), array([0.        , 0.93417992, 1.        ]), array([2, 1, 0]))",0.9341799197063942,0.8948928336777711,0.9521675309518367,0.9292006581202441,0.9479983701352036,1.652094824232786,0.931683636207415,0.930192259521187,rf,0-2-0,0-2-2
459,"[[263687  13089]
 [  9714 139407]]","(array([0.        , 0.04729095, 1.        ]), array([0.        , 0.93485827, 1.        ]), array([2, 1, 0]))",0.93485826945903,0.883091379756956,0.9464588855991003,0.9141682404784388,0.9437836596883264,1.849269152081166,0.9243974974885368,0.9182326555614836,rf,0-2-0,0-2-3
460,"[[247047  10728]
 [  9246 128948]]","(array([0.        , 0.04161769, 1.        ]), array([0.        , 0.93309406, 1.        ]), array([2, 1, 0]))",0.9330940561818892,0.8892944025410617,0.9495566572130647,0.9231936767948681,0.9457381831680468,1.7422730006469636,0.9281174650016194,0.9251569096194853,rf,0-2-0,0-3-0
461,"[[156324   8424]
 [  6473  81831]]","(array([0.        , 0.05113264, 1.        ]), array([0.        , 0.92669641, 1.        ]), array([2, 1, 0]))",0.9266964123935496,0.8712227633312349,0.9411306766988603,0.9066644507229517,0.9377818867270392,2.0333010122968265,0.9165709933411366,0.910601258779856,rf,0-2-0,0-3-1
462,"[[94639  3991]
 [ 3504 49394]]","(array([0.        , 0.04046436, 1.        ]), array([0.        , 0.93375931, 1.        ]), array([2, 1, 0]))",0.9337593103709025,0.8914145791432645,0.950537194445911,0.9252411726140302,0.9466474743074222,1.7084058409878013,0.929480725986282,0.9269323444853962,rf,0-2-0,0-3-2
463,"[[251754  11250]
 [  9351 131915]]","(array([0.        , 0.04277501, 1.        ]), array([0.        , 0.93380573, 1.        ]), array([2, 1, 0]))",0.9338057282006994,0.888314297379571,0.9490414821777525,0.9214193413194566,0.9455153566860137,1.7600671036254107,0.9275711859818374,0.9238702610634716,rf,0-2-0,0-3-3
464,"[[   836  32539]
 [  2727 201544]]","(array([0.        , 0.97495131, 1.        ]), array([0.        , 0.98665009, 1.        ]), array([2, 1, 0]))",0.9866500873839165,0.033447340470764204,0.8516028041709097,0.8609937500800998,0.5058493882612466,5.125567046967764,0.9195490402733864,0.8834975885562286,rf,0-2-0,1-0-0
465,"[[  1683  60616]
 [  5211 376302]]","(array([0.        , 0.97298512, 1.        ]), array([0.        , 0.98634123, 1.        ]), array([2, 1, 0]))",0.9863412255938854,0.03751797930230306,0.8516781880616117,0.861264585116658,0.5066780527237472,5.122963106327938,0.9195692734024005,0.8836761483854151,rf,0-2-0,1-0-1
466,"[[   513  18331]
 [  1615 113184]]","(array([0.        , 0.97277648, 1.        ]), array([0.        , 0.98593193, 1.        ]), array([2, 1, 0]))",0.9859319332049931,0.036575303525788465,0.8507516293408559,0.8606166596966126,0.5065777263138105,5.154965777432275,0.9190220612713854,0.8830647615154036,rf,0-2-0,1-0-2
467,"[[   631  22313]
 [  1839 136110]]","(array([0.        , 0.97249826, 1.        ]), array([0.        , 0.98666899, 1.        ]), array([2, 1, 0]))",0.986668986364526,0.04030217342228661,0.8498878136401211,0.8591555519084981,0.5070853648698501,5.184802128789587,0.9185078212516701,0.881951581110905,rf,0-2-0,1-0-3
468,"[[   988  36416]
 [  2966 223870]]","(array([0.        , 0.97358571, 1.        ]), array([0.        , 0.98692447, 1.        ]), array([2, 1, 0]))",0.9869244740693717,0.038298942136495234,0.8509612473508932,0.8600923599425248,0.5066693806556889,5.147726347730814,0.9191537232972439,0.8827820628085616,rf,0-2-0,1-1-0
469,"[[   827  30530]
 [  2743 189407]]","(array([0.       , 0.9736263, 1.       ]), array([0.        , 0.98572469, 1.        ]), array([2, 1, 0]))",0.9857246942492844,0.03351442685032356,0.8511321793053461,0.861187521881266,0.5060491953562971,5.14182159260071,0.919257341289582,0.8835122371718205,rf,0-2-0,1-1-1
470,"[[   558  20200]
 [  1734 125152]]","(array([0.       , 0.9731188, 1.       ]), array([0.        , 0.98633419, 1.        ]), array([2, 1, 0]))",0.9863341897451255,0.03715881451267287,0.8514399501503617,0.8610270240519566,0.5066076960865525,5.1311917403623655,0.9194307921744944,0.8834749411967349,rf,0-2-0,1-1-2
471,"[[   633  23930]
 [  2534 148531]]","(array([0.        , 0.97422953, 1.        ]), array([0.        , 0.98322576, 1.        ]), array([2, 1, 0]))",0.9832257637440837,0.02344843021116867,0.8493178764206163,0.8612439913951561,0.5044981157604105,5.204485121287159,0.9182013192139118,0.8831573927737721,rf,0-2-0,1-1-3
472,"[[   767  28323]
 [  2302 175476]]","(array([0.        , 0.97363355, 1.        ]), array([0.        , 0.98705127, 1.        ]), array([2, 1, 0]))",0.9870512661859173,0.038582464701594286,0.8519587369723689,0.8610248332916256,0.5067088575687235,5.113273556529551,0.919740969712535,0.8835880899197763,rf,0-2-0,1-2-0
473,"[[  1086  40139]
 [  4293 244687]]","(array([0.        , 0.97365676, 1.        ]), array([0.        , 0.98275765, 1.        ]), array([2, 1, 0]))",0.9827576512169652,0.023556231803177927,0.8468944366913044,0.8590753653107511,0.5045504447716117,5.28818941031313,0.9167637681105121,0.8812570050508398,rf,0-2-0,1-2-1
474,"[[  1598  59273]
 [  6275 360594]]","(array([0.        , 0.97374776, 1.        ]), array([0.       , 0.9828958, 1.       ]), array([2, 1, 0]))",0.9828958020437812,0.023777314522260663,0.8467573759760603,0.8588291054071885,0.5045740201919388,5.292923527544972,0.9166836143255171,0.8810718860090003,rf,0-2-0,1-2-2
475,"[[  1695  64010]
 [  5462 393122]]","(array([0.        , 0.97420288, 1.        ]), array([0.        , 0.98629649, 1.        ]), array([2, 1, 0]))",0.9862964895730887,0.034215972622036774,0.8503690589266599,0.8599747994014858,0.5060468065398356,5.168179853364482,0.9188141860149863,0.8825824655428197,rf,0-2-0,1-2-3
476,"[[   948  35269]
 [  4034 215885]]","(array([0.        , 0.97382445, 1.        ]), array([0.        , 0.98165688, 1.        ]), array([2, 1, 0]))",0.9816568827613803,0.019761164725067726,0.8465541743448792,0.8595722146571426,0.5039162178392593,5.299941162706297,0.9165670713456301,0.8814978747034588,rf,0-2-0,1-3-0
477,"[[  362 12268]
 [ 1014 75565]]","(array([0.        , 0.97133808, 1.        ]), array([0.        , 0.98675877, 1.        ]), array([2, 1, 0]))",0.9867587719870983,0.04362366980905622,0.8511136768711677,0.8603258456388829,0.5077103440299704,5.142461383251437,0.9192151424470233,0.8829522961550416,rf,0-2-0,1-3-1
478,"[[  1729  68581]
 [  5778 423493]]","(array([0.       , 0.9754089, 1.       ]), array([0.        , 0.98653997, 1.        ]), array([2, 1, 0]))",0.9865399712535904,0.031817256996693084,0.8511572697920857,0.860628685929352,0.5055655339129564,5.140955543026104,0.9192929901394157,0.8831723993531776,rf,0-2-0,1-3-2
479,"[[  1590  54345]
 [  4568 336426]]","(array([0.        , 0.97157415, 1.        ]), array([0.        , 0.98660387, 1.        ]), array([2, 1, 0]))",0.9866038698628128,0.0423141003660091,0.851577990018366,0.860928779259464,0.5075148606487568,5.126424090645222,0.9194919133874946,0.8834354474974239,rf,0-2-0,1-3-3
480,"[[ 88470 103402]
 [  4385 187457]]","(array([0.        , 0.53891136, 1.        ]), array([0.        , 0.97714265, 1.        ]), array([2, 1, 0]))",0.9771426486379416,0.5116077701102091,0.7190954721485273,0.6444944113814598,0.7191156455331136,9.702314148693338,0.7767002761543896,0.6915813582158052,rf,0-2-0,2-0-0
481,"[[ 91349 113043]
 [  4629 199941]]","(array([0.        , 0.55306959, 1.        ]), array([0.        , 0.97737205, 1.        ]), array([2, 1, 0]))",0.9773720486874908,0.5005892851999684,0.712266665362552,0.6388217928073,0.7121512284613234,9.938178326676393,0.7726382174613663,0.686372043781488,rf,0-2-0,2-0-1
482,"[[ 46895  54905]
 [  2407 100030]]","(array([0.        , 0.53934185, 1.        ]), array([0.        , 0.97650263, 1.        ]), array([2, 1, 0]))",0.9765026308853246,0.5107830463045214,0.7193848323271493,0.6456255849227095,0.7185803920634874,9.692319484922058,0.7773184340176865,0.69255874944785,rf,0-2-0,2-0-2
483,"[[114151 134525]
 [  5771 242582]]","(array([0.        , 0.54096495, 1.        ]), array([0.        , 0.97676291, 1.        ]), array([2, 1, 0]))",0.9767629140779455,0.5092782277404204,0.7177307561530615,0.6432710079632571,0.7178989818503739,9.749450714032147,0.775691491062578,0.6904161645646213,rf,0-2-0,2-0-3
484,"[[16937 21430]
 [  885 37766]]","(array([0.        , 0.55855292, 1.        ]), array([0.        , 0.97710279, 1.        ]), array([2, 1, 0]))",0.9771027916483402,0.4962289505043796,0.7102625360305383,0.6379822961010879,0.7092749342816986,10.007399966570942,0.7719398652999069,0.6855700982082886,rf,0-2-0,2-1-0
485,"[[ 97470 120824]
 [  4846 213423]]","(array([0.        , 0.55349208, 1.        ]), array([0.        , 0.97779804, 1.        ]), array([2, 1, 0]))",0.977798038200569,0.5008302174157288,0.7121377670576755,0.638518819914614,0.7121529793557198,9.942630594228856,0.7725495732250287,0.6861341887546558,rf,0-2-0,2-1-1
486,"[[29168 36759]
 [ 1593 64178]]","(array([0.        , 0.55757125, 1.        ]), array([0.       , 0.9757796, 1.       ]), array([2, 1, 0]))",0.9757795989113743,0.49421526286112033,0.7087882883566948,0.6358223446308093,0.7091041729293778,10.058319372348489,0.7699450536267005,0.683444120472228,rf,0-2-0,2-1-2
487,"[[ 77975  96827]
 [  4057 171099]]","(array([0.        , 0.55392387, 1.        ]), array([0.        , 0.97683779, 1.        ]), array([2, 1, 0]))",0.9768377903126356,0.4991586598040393,0.7117254070488459,0.6386054358292962,0.7114569610823369,9.956872940308674,0.7723130255799153,0.68611953226505,rf,0-2-0,2-1-3
488,"[[ 88571 110194]
 [  4443 194559]]","(array([0.        , 0.55439338, 1.        ]), array([0.        , 0.97767359, 1.        ]), array([2, 1, 0]))",0.9776735912201887,0.5000097670815681,0.7117986157725502,0.6384153724491638,0.7116401060520736,9.954344680233902,0.7724350130519797,0.686026372095057,rf,0-2-0,2-2-0
489,"[[ 73234  90128]
 [  3726 159778]]","(array([0.        , 0.55170725, 1.        ]), array([0.        , 0.97721157, 1.        ]), array([2, 1, 0]))",0.9772115666894999,0.5014444276493206,0.7128670464349305,0.6393523965010844,0.712752157654565,9.91744135482166,0.7729759802617256,0.6868461596660042,rf,0-2-0,2-2-1
490,"[[ 99993 117400]
 [  5153 211748]]","(array([0.        , 0.54003579, 1.        ]), array([0.        , 0.97624262, 1.        ]), array([2, 1, 0]))",0.9762426175997344,0.5091597072761228,0.7178109759748005,0.6433215453230765,0.7181034149394393,9.746679752112147,0.7755640977274934,0.690410715927624,rf,0-2-0,2-2-2
491,"[[ 96078 113494]
 [  4810 205805]]","(array([0.        , 0.54155135, 1.        ]), array([0.        , 0.97716212, 1.        ]), array([2, 1, 0]))",0.9771621204567575,0.509907440898202,0.7184491666805494,0.6445525980350706,0.7178053840884364,9.724637249925047,0.7767486799744864,0.6916369081825581,rf,0-2-0,2-2-3
492,"[[27582 32655]
 [ 1384 58659]]","(array([0.        , 0.54210867, 1.        ]), array([0.        , 0.97694985, 1.        ]), array([2, 1, 0]))",0.9769498526056326,0.5084878491064926,0.7170019953441968,0.642387804717787,0.7174205909275486,9.77462188693422,0.7751078575817439,0.6896207138977519,rf,0-2-0,2-3-0
493,"[[17376 21233]
 [  877 37671]]","(array([0.        , 0.54994949, 1.        ]), array([0.        , 0.97724914, 1.        ]), array([2, 1, 0]))",0.9772491439244578,0.5027339547088207,0.7134414246277071,0.6395321200597582,0.7136498251415395,9.897602601756295,0.7731190740056643,0.687015800761588,rf,0-2-0,2-3-1
494,"[[ 97293 113837]
 [  4787 207390]]","(array([0.        , 0.53917965, 1.        ]), array([0.        , 0.97743865, 1.        ]), array([2, 1, 0]))",0.977438647921311,0.5122460446191114,0.7197683950418963,0.6456182076849082,0.7191294977872078,9.679071772596597,0.7776094667456562,0.6926460421418957,rf,0-2-0,2-3-2
495,"[[ 97006 114418]
 [  5016 206155]]","(array([0.        , 0.54117792, 1.        ]), array([0.        , 0.97624674, 1.        ]), array([2, 1, 0]))",0.9762467384252572,0.5083254508981452,0.7173795241306689,0.6430828547631897,0.7175344105324409,9.761581912442246,0.7753919179153879,0.6901911865242059,rf,0-2-0,2-3-3
496,"[[34864 39047]
 [  870 35725]]","(array([0.        , 0.52829755, 1.        ]), array([0.        , 0.97622626, 1.        ]), array([2, 1, 0]))",0.9762262604180899,0.4506755551656627,0.6387797947622753,0.477785802171936,0.7239643566841298,12.476386433646198,0.6415724586277802,0.5321240575185516,rf,0-2-0,3-0-0
497,"[[118852 139062]
 [  3405 126230]]","(array([0.        , 0.53917973, 1.        ]), array([0.        , 0.97373395, 1.        ]), array([2, 1, 0]))",0.9737339453079801,0.44120824612746684,0.6323897107204508,0.4758153280159221,0.7172771093662275,12.697096496885754,0.6392573817439678,0.5300204987726769,rf,0-2-0,3-0-1
498,"[[37186 43719]
 [ 1054 39303]]","(array([0.        , 0.54037451, 1.        ]), array([0.        , 0.97388309, 1.        ]), array([2, 1, 0]))",0.973883093391481,0.4396319819664793,0.6307746862166218,0.4734046397340464,0.7167542900366959,12.752878833677384,0.6371100430381184,0.5276349528118246,rf,0-2-0,3-0-2
499,"[[ 90990 106170]
 [  2589  95890]]","(array([0.        , 0.53849665, 1.        ]), array([0.        , 0.97371013, 1.        ]), array([2, 1, 0]))",0.9737101310939388,0.4410158340449144,0.6321222842723727,0.4745620112837771,0.7176067393144678,12.706333315946996,0.6381201774145785,0.5287746258763741,rf,0-2-0,3-0-3
500,"[[108908 127096]
 [  3214 115080]]","(array([0.        , 0.53853325, 1.        ]), array([0.        , 0.97283041, 1.        ]), array([2, 1, 0]))",0.9728304055996078,0.44036932702571696,0.6322022704051392,0.4751915961945032,0.7171485802001869,12.703570377636337,0.6384997364551835,0.5293478000879486,rf,0-2-0,3-1-0
501,"[[ 97646 114487]
 [  2561 104078]]","(array([0.        , 0.53969444, 1.        ]), array([0.       , 0.9759844, 1.       ]), array([2, 1, 0]))",0.9759843959527003,0.4434023882893043,0.6328159311357334,0.47618786173449545,0.7181449794860635,12.682375625784248,0.6400782278200761,0.5305235299454889,rf,0-2-0,3-1-1
502,"[[59436 68735]
 [ 1547 62007]]","(array([0.        , 0.53627576, 1.        ]), array([0.       , 0.9756585, 1.       ]), array([2, 1, 0]))",0.9756584951379929,0.44411696962035785,0.6334228713000392,0.47426993621024616,0.7196913692657921,12.661412141955804,0.6382735619878948,0.5285990977320544,rf,0-2-0,3-1-2
503,"[[135242 157687]
 [  3499 143222]]","(array([0.        , 0.53831133, 1.        ]), array([0.        , 0.97615202, 1.        ]), array([2, 1, 0]))",0.9761520164121019,0.4442459112506786,0.6333765495280337,0.47596449424909193,0.7189203424986611,12.663012164471844,0.639912427674642,0.5303116138917338,rf,0-2-0,3-1-3
504,"[[31961 37466]
 [  908 33616]]","(array([0.        , 0.53964596, 1.        ]), array([0.        , 0.97369946, 1.        ]), array([2, 1, 0]))",0.9736994554512802,0.43963772056009065,0.6308453021134958,0.47291860105230576,0.7170267481931816,12.75043975618919,0.6366304944794803,0.5271411187635642,rf,0-2-0,3-2-0
505,"[[33406 39280]
 [  803 35640]]","(array([0.        , 0.54040668, 1.        ]), array([0.        , 0.97796559, 1.        ]), array([2, 1, 0]))",0.9779655900996076,0.4448359751586889,0.6327007486552612,0.47570742124933263,0.7187794546541293,12.686354520102475,0.6400689636593843,0.5301630653064504,rf,0-2-0,3-2-1
506,"[[121941 142448]
 [  3403 128069]]","(array([0.        , 0.53878187, 1.        ]), array([0.        , 0.97411616, 1.        ]), array([2, 1, 0]))",0.9741161616161617,0.4407701214892519,0.6315600678015768,0.4734231120410178,0.7176671454817247,12.725752163079605,0.6371766391617681,0.5276669907872835,rf,0-2-0,3-2-2
507,"[[ 98161 114513]
 [  2469 103652]]","(array([0.        , 0.53844382, 1.        ]), array([0.        , 0.97673411, 1.        ]), array([2, 1, 0]))",0.9767341054079777,0.44438914331094154,0.6330494518420929,0.47510828959732315,0.7191451449954772,12.674310150817812,0.6392628728961472,0.5294953620881484,rf,0-2-0,3-2-3
508,"[[31628 36806]
 [  674 33635]]","(array([0.        , 0.53783207, 1.        ]), array([0.        , 0.98035501, 1.        ]), array([2, 1, 0]))",0.9803550088897957,0.44951927243414713,0.6352062914261799,0.4774918016496075,0.7212614685563045,12.599814773408099,0.6421957040572792,0.5320764506933525,rf,0-2-0,3-3-0
509,"[[104170 120796]
 [  2622 109943]]","(array([0.        , 0.53695225, 1.        ]), array([0.        , 0.97670679, 1.        ]), array([2, 1, 0]))",0.9767067916315018,0.4458005508910769,0.6343506226094788,0.4764820858199091,0.7198772705345973,12.629368245518972,0.6404993824715122,0.5308583795017194,rf,0-2-0,3-3-1
510,"[[75728 89115]
 [ 1701 80600]]","(array([0.       , 0.5406053, 1.       ]), array([0.        , 0.97933196, 1.        ]), array([2, 1, 0]))",0.9793319643746734,0.44577930062767124,0.6325381154306801,0.47491382612026045,0.7193633305733768,12.69197218303985,0.6396419274966669,0.5294543467150841,rf,0-2-0,3-3-2
511,"[[48589 56797]
 [ 1129 51527]]","(array([0.        , 0.53894255, 1.        ]), array([0.        , 0.97855895, 1.        ]), array([2, 1, 0]))",0.9785589486478274,0.44624165112460357,0.6334771769529619,0.47567482736974265,0.7198081973041957,12.65953718749977,0.6401664803081129,0.5301655307520085,rf,0-2-0,3-3-3
512,"[[170187  85193]
 [ 37649  99990]]","(array([0.        , 0.33359308, 1.        ]), array([0.        , 0.72646561, 1.        ]), array([2, 1, 0]))",0.7264656093113144,0.3754524273005636,0.6874400474277325,0.5399523714379829,0.6964362661639978,10.795611637115483,0.6194745091722372,0.569178627254315,rf,1-1-0,0-0-0
513,"[[123610  61909]
 [ 27458  72447]]","(array([0.        , 0.33370706, 1.        ]), array([0.       , 0.7251589, 1.       ]), array([2, 1, 0]))",0.7251589009559081,0.37406870571078993,0.6868973877459499,0.5392167078507845,0.6957259206508204,10.814354547484756,0.6185152458155647,0.5683642200496133,rf,1-1-0,0-0-1
514,"[[194903  97577]
 [ 42999 114192]]","(array([0.        , 0.33361939, 1.        ]), array([0.       , 0.7264538, 1.       ]), array([2, 1, 0]))",0.726453804607134,0.3752677215658136,0.687380329173996,0.5392290656328358,0.6964172059140703,10.797674417094742,0.6189939288811795,0.5685340651440305,rf,1-1-0,0-0-2
515,"[[53159 26255]
 [11734 31204]]","(array([0.        , 0.33060921, 1.        ]), array([0.        , 0.72672225, 1.        ]), array([2, 1, 0]))",0.7267222506870371,0.3788005679513201,0.6895105923891722,0.5430654901756035,0.6980565191028054,10.724095804701122,0.6216121995677162,0.5719753348926216,rf,1-1-0,0-0-3
516,"[[177754  89206]
 [ 39279 104221]]","(array([0.        , 0.33415493, 1.        ]), array([0.        , 0.72627875, 1.        ]), array([2, 1, 0]))",0.7262787456445993,0.37458538865027224,0.6869731520732837,0.5388130922777068,0.6960619080335672,10.811738084072642,0.6186562667877611,0.5681426677482097,rf,1-1-0,0-1-0
517,"[[85517 42887]
 [18925 49912]]","(array([0.       , 0.3340005, 1.       ]), array([0.        , 0.72507518, 1.        ]), array([2, 1, 0]))",0.7250751775934454,0.37346568480725295,0.6866168798576361,0.5378506233903383,0.6955373395833025,10.82404337261121,0.6175851914177535,0.5671392827356131,rf,1-1-0,0-1-1
518,"[[210473 105291]
 [ 46466 123286]]","(array([0.       , 0.3334484, 1.       ]), array([0.        , 0.72627127, 1.        ]), array([2, 1, 0]))",0.7262712663179226,0.37527898095450213,0.6874315161601265,0.5393631030243637,0.6964114340735684,10.795906375434553,0.6190159390855298,0.5686308875892478,rf,1-1-0,0-1-2
519,"[[209816 105010]
 [ 46363 122945]]","(array([0.        , 0.33354933, 1.        ]), array([0.        , 0.72616179, 1.        ]), array([2, 1, 0]))",0.7261617879840291,0.3750954465665474,0.6873324327562204,0.5393389046083656,0.6963062311623881,10.799328625861762,0.6189602354107983,0.5685959479358597,rf,1-1-0,0-1-3
520,"[[32874 16393]
 [ 7375 19611]]","(array([0.        , 0.33273794, 1.        ]), array([0.        , 0.72671015, 1.        ]), array([2, 1, 0]))",0.7267101460016305,0.377363576475409,0.6883007881657115,0.5446894789467837,0.6969861039140026,10.765881278833753,0.6226702651214479,0.5734143460310406,rf,1-1-0,0-2-0
521,"[[84855 42404]
 [18859 49850]]","(array([0.        , 0.33321022, 1.        ]), array([0.        , 0.72552358, 1.        ]), array([2, 1, 0]))",0.7255235849743119,0.3750359242404244,0.6873826338994121,0.5403559737247166,0.6961566800786034,10.79759432361836,0.6193970042804868,0.569421440402079,rf,1-1-0,0-2-1
522,"[[72185 36004]
 [15952 42085]]","(array([0.        , 0.33278799, 1.        ]), array([0.        , 0.72514086, 1.        ]), array([2, 1, 0]))",0.7251408584179058,0.37475445012893516,0.687437584974673,0.538936341866332,0.6961764335162299,10.795696552163058,0.6183241996385701,0.5681127883086343,rf,1-1-0,0-2-2
523,"[[184442  92334]
 [ 40812 108309]]","(array([0.        , 0.33360551, 1.        ]), array([0.        , 0.72631621, 1.        ]), array([2, 1, 0]))",0.7263162130082282,0.375282305534147,0.6873751165187827,0.5398095124175775,0.6963553490395941,10.797854297883987,0.6193261742203314,0.5690332911978969,rf,1-1-0,0-2-3
524,"[[171956  85819]
 [ 37917 100277]]","(array([0.        , 0.33292212, 1.        ]), array([0.        , 0.72562485, 1.        ]), array([2, 1, 0]))",0.7256248462306613,0.37504389566239005,0.6875108910040938,0.5388455420858052,0.6963513621125181,10.793164759495136,0.6184402849301551,0.568091432145374,rf,1-1-0,0-3-0
525,"[[109702  55046]
 [ 24084  64220]]","(array([0.        , 0.33412242, 1.        ]), array([0.        , 0.72726037, 1.        ]), array([2, 1, 0]))",0.7272603732560247,0.37538903052630535,0.687297472456254,0.5384602485201146,0.6965689779942199,10.800536612116975,0.6187792070145011,0.5679486635253498,rf,1-1-0,0-3-1
526,"[[66365 32265]
 [15379 37519]]","(array([0.       , 0.3271317, 1.       ]), array([0.        , 0.70927067, 1.        ]), array([2, 1, 0]))",0.7092706718590495,0.3654597864884585,0.6855762631328863,0.5376447323168635,0.69106948375473,10.859981399940668,0.6116463702906703,0.5649873205756037,rf,1-1-0,0-3-2
527,"[[175342  87662]
 [ 38800 102466]]","(array([0.        , 0.33331052, 1.        ]), array([0.        , 0.72534085, 1.        ]), array([2, 1, 0]))",0.7253408463466086,0.3744947190623819,0.6871843075172533,0.5389316670874358,0.6960151631772586,10.804444640371836,0.6183938152169322,0.5681331769016321,rf,1-1-0,0-3-3
528,"[[  7308  26067]
 [   157 204114]]","(array([0.        , 0.78103371, 1.        ]), array([0.        , 0.99923141, 1.        ]), array([2, 1, 0]))",0.9992314131717179,0.43462482756230414,0.8896509934945255,0.8867543368045147,0.6090988526532747,3.8114073676239055,0.9396389014206402,0.9071773652327342,rf,1-1-0,1-0-0
529,"[[ 33970  28329]
 [   978 380535]]","(array([0.       , 0.4547264, 1.       ]), array([0.        , 0.99743652, 1.        ]), array([2, 1, 0]))",0.9974365224776088,0.6999427672170226,0.9339652825971357,0.9307129020896924,0.7713550611874391,2.280809377847484,0.9629202266766365,0.9433337845053641,rf,1-1-0,1-0-1
530,"[[  6179  12665]
 [   211 114588]]","(array([0.        , 0.67209722, 1.        ]), array([0.      , 0.998162, 1.      ]), array([2, 1, 0]))",0.998162004895513,0.5318327221637923,0.9036537641328015,0.9004738591624559,0.6630323928107368,3.327756872880162,0.9468048187992663,0.9184512616802204,rf,1-1-0,1-0-2
531,"[[  6200  16744]
 [   146 137803]]","(array([0.        , 0.72977685, 1.        ]), array([0.        , 0.99894164, 1.        ]), array([2, 1, 0]))",0.9989416378516698,0.48353929165433124,0.8950234006451493,0.8916575540126952,0.6345823949369924,3.625846505251396,0.9422556205896833,0.9112303722738078,rf,1-1-0,1-0-3
532,"[[ 35061   2343]
 [   555 226281]]","(array([0.        , 0.06264036, 1.        ]), array([0.       , 0.9975533, 1.       ]), array([2, 1, 0]))",0.9975532984182405,0.9543390701768675,0.989032697547684,0.9897517321016166,0.9674564695491908,0.3788042970376565,0.9936372019496773,0.991302267876481,rf,1-1-0,1-1-0
533,"[[ 10245  21112]
 [   370 191780]]","(array([0.        , 0.67327869, 1.        ]), array([0.        , 0.99807442, 1.        ]), array([2, 1, 0]))",0.9980744210252407,0.5303445186573037,0.903886679164411,0.900832346917686,0.6623978636363248,3.3197120252001855,0.9469635247702708,0.9187347540235966,rf,1-1-0,1-1-1
534,"[[ 11395   9363]
 [   344 126542]]","(array([0.        , 0.45105501, 1.        ]), array([0.        , 0.99728891, 1.        ]), array([2, 1, 0]))",0.9972889050013398,0.7018510921520987,0.93425401641787,0.9311062874802252,0.7731169450336692,2.270836533121136,0.963061900902238,0.9436306311949484,rf,1-1-0,1-1-2
535,"[[ 13416  11147]
 [   372 150693]]","(array([0.        , 0.45381265, 1.        ]), array([0.        , 0.99753748, 1.        ]), array([2, 1, 0]))",0.9975374838645616,0.7011456316370397,0.9344125082560867,0.9311233316856155,0.771862419414673,2.2653624615979835,0.9631869097649447,0.9436891379904188,rf,1-1-0,1-1-3
536,"[[ 13306  15784]
 [   353 177425]]","(array([0.        , 0.54259196, 1.        ]), array([0.        , 0.99801438, 1.        ]), array([2, 1, 0]))",0.9980143774820281,0.6375322340922955,0.9219937351354487,0.9183060830499614,0.7277112107417016,2.6943019487330666,0.9565025189561898,0.933212639409897,rf,1-1-0,1-2-0
537,"[[  9640  31585]
 [    50 248930]]","(array([0.        , 0.76616131, 1.        ]), array([0.        , 0.99979918, 1.        ]), array([2, 1, 0]))",0.9997991806570808,0.4540104717756152,0.8909908512947744,0.8874035256581645,0.6168189353861511,3.7651296378002885,0.9402543933370476,0.9078145057766368,rf,1-1-0,1-2-1
538,"[[ 29522  31349]
 [  1590 365279]]","(array([0.        , 0.51500715, 1.        ]), array([0.        , 0.99566603, 1.        ]), array([2, 1, 0]))",0.995666027928225,0.6466094505760582,0.9229929396362276,0.9209612029407909,0.7403294408340506,2.659788241108624,0.9568577217723186,0.9349916887693698,rf,1-1-0,1-2-2
539,"[[ 31821  33884]
 [  1770 396814]]","(array([0.        , 0.51569896, 1.        ]), array([0.        , 0.99555928, 1.        ]), array([2, 1, 0]))",0.9955592798506714,0.6456186804926095,0.9232073126867102,0.921327705259834,0.7399301611946455,2.6523838108235824,0.9570061812507686,0.9352750290377566,rf,1-1-0,1-2-3
540,"[[  9819  26398]
 [ 10502 209417]]","(array([0.        , 0.72888423, 1.        ]), array([0.        , 0.95224605, 1.        ]), array([2, 1, 0]))",0.9522460542290571,0.2879640796353797,0.8559359090483181,0.888056315331934,0.611680914294582,4.975879832374857,0.9190317158693448,0.9001924897199829,rf,1-1-0,1-3-0
541,"[[ 6746  5884]
 [  130 76449]]","(array([0.       , 0.4658749, 1.       ]), array([0.        , 0.99830241, 1.        ]), array([2, 1, 0]))",0.9983024066650126,0.6959244581222315,0.9325852772702306,0.9285341236199337,0.7662137528178588,2.3284747735124505,0.9621551550543697,0.9416965788066841,rf,1-1-0,1-3-1
542,"[[ 12373  57937]
 [    73 429198]]","(array([0.        , 0.82402219, 1.        ]), array([0.        , 0.99982994, 1.        ]), array([2, 1, 0]))",0.9998299442543288,0.3922588865584023,0.8838826936973183,0.8810658236423168,0.5879038783993874,4.01064240822826,0.9366983629526651,0.9025065490907394,rf,1-1-0,1-3-2
543,"[[ 29535  26400]
 [   852 340142]]","(array([0.       , 0.4719764, 1.       ]), array([0.        , 0.99750142, 1.        ]), array([2, 1, 0]))",0.997501422312416,0.6877059830379469,0.9313428849995843,0.9279755116739692,0.7627625105662376,2.371385924652175,0.9614832319486216,0.9410943789212034,rf,1-1-0,1-3-3
544,"[[122580  69292]
 [   262 191580]]","(array([0.        , 0.36113659, 1.        ]), array([0.        , 0.99863429, 1.        ]), array([2, 1, 0]))",0.9986342928034528,0.6832334148144811,0.8187347868464534,0.7343831457573062,0.8187488508713728,6.260823058519499,0.8463621624248421,0.7754203330284215,rf,1-1-0,2-0-0
545,"[[131049  73343]
 [   262 204308]]","(array([0.        , 0.35883498, 1.        ]), array([0.        , 0.99871926, 1.        ]), array([2, 1, 0]))",0.9987192647993351,0.6852581123727286,0.8200199529540642,0.7358446394934648,0.8199421405213162,6.216433999789038,0.8473625163566083,0.7767337249671906,rf,1-1-0,2-0-1
546,"[[ 65100  36700]
 [   133 102304]]","(array([0.        , 0.36051081, 1.        ]), array([0.        , 0.99870164, 1.        ]), array([2, 1, 0]))",0.9987016410086199,0.6843929909800134,0.819655596194617,0.7359788207533596,0.819095417753819,6.229018719328199,0.8474451315228152,0.7768511951498437,rf,1-1-0,2-0-2
547,"[[158873  89803]
 [   337 248016]]","(array([0.        , 0.36112452, 1.        ]), array([0.        , 0.99864306, 1.        ]), array([2, 1, 0]))",0.9986430604824584,0.6831518633438511,0.8186423729802487,0.7341682972242533,0.8187592725243608,6.264014998089192,0.8462226104283385,0.7752297563997652,rf,1-1-0,2-0-3
548,"[[24517 13850]
 [   36 38615]]","(array([0.        , 0.36098731, 1.        ]), array([0.        , 0.99906859, 1.        ]), array([2, 1, 0]))",0.9990685881348478,0.6846177774965148,0.8197044846659223,0.736014485847708,0.8190406406673666,6.227330279209251,0.8476008604416349,0.7769273794721361,rf,1-1-0,2-1-0
549,"[[139832  78462]
 [   291 217978]]","(array([0.        , 0.35943269, 1.        ]), array([0.        , 0.99866678, 1.        ]), array([2, 1, 0]))",0.9986667827314002,0.684626556636937,0.819606792146838,0.7353191202266901,0.819617045520189,6.230704378158408,0.8469950982011195,0.7762588949373552,rf,1-1-0,2-1-1
550,"[[42064 23863]
 [   87 65684]]","(array([0.        , 0.36196096, 1.        ]), array([0.        , 0.99867723, 1.        ]), array([2, 1, 0]))",0.9986772285657812,0.6824414020277918,0.8181445428176586,0.7335142439166025,0.8183581358749545,6.281209854755483,0.845800229207175,0.7746503789281511,rf,1-1-0,2-1-2
551,"[[113083  61719]
 [   201 174955]]","(array([0.        , 0.35307948, 1.        ]), array([0.        , 0.99885245, 1.        ]), array([2, 1, 0]))",0.9988524515289228,0.6900904320181833,0.8230644820235571,0.7392235733540651,0.8228864836562475,6.111277309639055,0.8496466988806061,0.77975971875078,rf,1-1-0,2-1-3
552,"[[127145  71620]
 [   284 198718]]","(array([0.        , 0.36032501, 1.        ]), array([0.        , 0.99857288, 1.        ]), array([2, 1, 0]))",0.998572878664536,0.6839122246926184,0.8192308562550438,0.7350723908588508,0.8191239358734097,6.243689006548077,0.8467976307154728,0.7760275673758976,rf,1-1-0,2-2-0
553,"[[104580  58782]
 [   177 163327]]","(array([0.        , 0.35982664, 1.        ]), array([0.        , 0.99891746, 1.        ]), array([2, 1, 0]))",0.9989174576768765,0.6847431288049076,0.8196233318852374,0.7353461588679432,0.8195454075029991,6.2301332026080445,0.8471031837619583,0.7763132878301042,rf,1-1-0,2-2-1
554,"[[139572  77821]
 [   279 216622]]","(array([0.        , 0.35797381, 1.        ]), array([0.       , 0.9987137, 1.       ]), array([2, 1, 0]))",0.9987136988764459,0.6856491043739804,0.8201679046912921,0.7357009675896523,0.8203699455360735,6.211323808098063,0.8472652460965612,0.776604981956344,rf,1-1-0,2-2-2
555,"[[133773  75799]
 [   259 210356]]","(array([0.        , 0.36168477, 1.        ]), array([0.        , 0.99877027, 1.        ]), array([2, 1, 0]))",0.9987702680245947,0.6834458034043213,0.8189901163053592,0.7351120896017892,0.8185427504877807,6.252004140370189,0.8468949413209331,0.7760868041336004,rf,1-1-0,2-2-3
556,"[[38888 21349]
 [   79 59964]]","(array([0.        , 0.35441672, 1.        ]), array([0.        , 0.99868428, 1.        ]), array([2, 1, 0]))",0.9986842762686741,0.6883362513760618,0.8218490189557699,0.7374466567461537,0.8221337778242286,6.153258822711035,0.8484111038795665,0.7781569965870306,rf,1-1-0,2-3-0
557,"[[24769 13840]
 [   39 38509]]","(array([0.        , 0.35846564, 1.        ]), array([0.        , 0.99898827, 1.        ]), array([2, 1, 0]))",0.9989882743592404,0.6856928319550881,0.8201200150342808,0.7356205467153145,0.8202613158167256,6.212978006057768,0.8473106923220788,0.7765664827541703,rf,1-1-0,2-3-1
558,"[[134910  76220]
 [   264 211913]]","(array([0.       , 0.3610098, 1.       ]), array([0.        , 0.99875576, 1.        ]), array([2, 1, 0]))",0.9987557558076512,0.6839569282662947,0.8193178945776942,0.7354693839303377,0.8188729757108639,6.2406828120122695,0.8471267813955348,0.776403614250364,rf,1-1-0,2-3-2
559,"[[134869  76555]
 [   310 210861]]","(array([0.        , 0.36209229, 1.        ]), array([0.      , 0.998532, 1.      ]), array([2, 1, 0]))",0.9985319953970953,0.682246729915529,0.8181119038322744,0.7336439168313524,0.8182198534575911,6.282337133132382,0.8458343278103921,0.7747485918572052,rf,1-1-0,2-3-3
560,"[[52899 21012]
 [  209 36386]]","(array([0.        , 0.28428786, 1.        ]), array([0.        , 0.99428884, 1.        ]), array([2, 1, 0]))",0.9942888372728514,0.6687996055317315,0.807965178361356,0.6339245269870031,0.8550004887748355,6.6327998028849375,0.7742278680327258,0.6834668860613027,rf,1-1-0,3-0-0
561,"[[184386  73528]
 [   784 128851]]","(array([0.        , 0.28508728, 1.        ]), array([0.        , 0.99395225, 1.        ]), array([2, 1, 0]))",0.9939522505496201,0.6695670536127265,0.8082513437010546,0.6366816715173017,0.8544324866976098,6.622915668105065,0.7761781129711397,0.6859972464491865,rf,1-1-0,3-0-1
562,"[[57668 23237]
 [  245 40112]]","(array([0.       , 0.2872134, 1.       ]), array([0.        , 0.99392918, 1.        ]), array([2, 1, 0]))",0.993929182050202,0.6667054359515694,0.8063531856640992,0.6331907370282088,0.8533578918099721,6.688477243908053,0.7735714423466338,0.682750474037712,rf,1-1-0,3-0-2
563,"[[140824  56336]
 [   622  97857]]","(array([0.        , 0.28573747, 1.        ]), array([0.        , 0.99368393, 1.        ]), array([2, 1, 0]))",0.9936839326150753,0.6679654048767879,0.8073393564448533,0.634639704785561,0.8539732302556001,6.65441525651944,0.7745773176291794,0.6840745416643947,rf,1-1-0,3-0-3
564,"[[163687  72317]
 [   664 117630]]","(array([0.        , 0.30642277, 1.        ]), array([0.        , 0.99438687, 1.        ]), array([2, 1, 0]))",0.9943868666204542,0.6505855575543612,0.7940123850543892,0.6192780091288622,0.8439820470625363,7.114723381346596,0.7632339630354171,0.6698121587733263,rf,1-1-0,3-1-0
565,"[[146904  65229]
 [   616 106023]]","(array([0.        , 0.30749106, 1.        ]), array([0.       , 0.9942235, 1.       ]), array([2, 1, 0]))",0.9942235017207588,0.649839997002759,0.7934417075527336,0.6191051783336837,0.8433662232904114,7.134434293675947,0.7630545789536185,0.66963558252605,rf,1-1-0,3-1-1
566,"[[91578 36593]
 [  384 63170]]","(array([0.       , 0.2855014, 1.       ]), array([0.        , 0.99395789, 1.        ]), array([2, 1, 0]))",0.9939578940743304,0.6675603941183859,0.8071352197157386,0.633200685624931,0.8542282468007624,6.66146613338571,0.7735875628379164,0.6827624371495397,rf,1-1-0,3-1-2
567,"[[209332  83597]
 [   876 145845]]","(array([0.        , 0.28538315, 1.        ]), array([0.        , 0.99402948, 1.        ]), array([2, 1, 0]))",0.9940294845318666,0.668953284445871,0.8078630728988968,0.6356508398636692,0.8543231685398768,6.636326401350306,0.7754351172231188,0.6850470037736417,rf,1-1-0,3-1-3
568,"[[49570 19857]
 [  233 34291]]","(array([0.        , 0.28601265, 1.        ]), array([0.        , 0.99325107, 1.        ]), array([2, 1, 0]))",0.993251071718225,0.6667632271912337,0.8067358659368357,0.6332828543990544,0.8536192126707276,6.675259452818415,0.7734346806207145,0.6827721053218434,rf,1-1-0,3-2-0
569,"[[51823 20863]
 [  220 36223]]","(array([0.        , 0.28702914, 1.        ]), array([0.        , 0.99396318, 1.        ]), array([2, 1, 0]))",0.9939631753697555,0.6675216701301581,0.8068066233540122,0.6345338611918859,0.8534670181666761,6.672815701922387,0.7745832843289248,0.6840026134213537,rf,1-1-0,3-2-1
570,"[[185484  78905]
 [   980 130492]]","(array([0.        , 0.29844282, 1.        ]), array([0.        , 0.99254594, 1.        ]), array([2, 1, 0]))",0.9925459413411221,0.6549069427641542,0.7981993679599657,0.6231798927396286,0.8470515582819973,6.970106286152638,0.7656431062959672,0.6732916434482901,rf,1-1-0,3-2-2
571,"[[151831  60843]
 [   669 105452]]","(array([0.        , 0.28608575, 1.        ]), array([0.        , 0.99369588, 1.        ]), array([2, 1, 0]))",0.9936958754629149,0.6675401470846088,0.8070484166941138,0.6341261012056887,0.8538050646016907,6.664464196459141,0.7741982849759191,0.6835982320780084,rf,1-1-0,3-2-3
572,"[[48992 19442]
 [  202 34107]]","(array([0.        , 0.28409855, 1.        ]), array([0.        , 0.99411233, 1.        ]), array([2, 1, 0]))",0.9941123320411553,0.6703089562038801,0.8088044927634973,0.6369306616370054,0.8550068922677647,6.603810179524283,0.7764119374445128,0.6862437375505523,rf,1-1-0,3-3-0
573,"[[160879  64087]
 [   664 111901]]","(array([0.        , 0.28487416, 1.        ]), array([0.        , 0.99410119, 1.        ]), array([2, 1, 0]))",0.9941011859814329,0.6693600810346101,0.8081628057867277,0.6358444893970043,0.8546135136098323,6.625973774697348,0.7756010161044937,0.6852337428369526,rf,1-1-0,3-3-1
574,"[[117649  47194]
 [   518  81783]]","(array([0.        , 0.28629666, 1.        ]), array([0.        , 0.99370603, 1.        ]), array([2, 1, 0]))",0.9937060303033985,0.667427934782882,0.8069465574725666,0.634089798956403,0.8537046861356052,6.667982372847812,0.7741743106239173,0.683565442846898,rf,1-1-0,3-3-2
575,"[[75212 30174]
 [  320 52336]]","(array([0.        , 0.28631887, 1.        ]), array([0.        , 0.99392282, 1.        ]), array([2, 1, 0]))",0.9939228198116075,0.6677084280765923,0.8070512901633743,0.6342988728638953,0.8538019769640467,6.664365007018799,0.7743959279700517,0.6837803373957396,rf,1-1-0,3-3-3
576,"[[238077  17303]
 [  4760 132879]]","(array([0.        , 0.06775394, 1.        ]), array([0.        , 0.96541678, 1.        ]), array([2, 1, 0]))",0.9654167786746489,0.8812742351318148,0.9438627649044957,0.8847864590962965,0.9488314216812825,1.9389466133577495,0.9233447177238631,0.8998167577911798,rf,0-3-0,0-0-0
577,"[[179984   5535]
 [  6519  93386]]","(array([0.        , 0.02983522, 1.        ]), array([0.        , 0.93474801, 1.        ]), array([2, 1, 0]))",0.9347480106100796,0.9070001871539699,0.95776809238186,0.9440462591360783,0.9524563957879553,1.458653919908731,0.9393741261203263,0.9421718399722352,rf,0-3-0,0-0-1
578,"[[274884  17596]
 [  6082 151109]]","(array([0.        , 0.06016138, 1.        ]), array([0.        , 0.96130822, 1.        ]), array([2, 1, 0]))",0.9613082173915809,0.887496456192569,0.9473437246342326,0.8956995939657982,0.9505734194178911,1.8187146095591604,0.9273449198517318,0.9080949650906058,rf,0-3-0,0-0-2
579,"[[76206  3208]
 [ 2937 40001]]","(array([0.       , 0.0403959, 1.       ]), array([0.        , 0.93159905, 1.        ]), array([2, 1, 0]))",0.9315990497927243,0.889923739993242,0.9497760559696613,0.9257562081973663,0.9456015749127321,1.7346945375251923,0.9286684388312999,0.9269189058922763,rf,0-3-0,0-0-3
580,"[[240100  26860]
 [  1525 141975]]","(array([0.        , 0.10061432, 1.        ]), array([0.        , 0.98937282, 1.        ]), array([2, 1, 0]))",0.9893728222996516,0.8612527846740518,0.9308458802319349,0.8409097639707407,0.9443792490281595,2.388551004133204,0.9091200153681145,0.8669276049044989,rf,0-3-0,0-1-0
581,"[[123183   5221]
 [  4681  64156]]","(array([0.        , 0.04066073, 1.        ]), array([0.        , 0.93199878, 1.        ]), array([2, 1, 0]))",0.9319987797260194,0.8897352362619309,0.9497974559041984,0.9247445118699281,0.9456690263229331,1.7339556104490892,0.9283574746407744,0.9261863171115506,rf,0-3-0,0-1-1
582,"[[303860  11904]
 [ 10907 158845]]","(array([0.        , 0.03769904, 1.        ]), array([0.        , 0.93574744, 1.        ]), array([2, 1, 0]))",0.9357474433290919,0.8968396902721043,0.9530169963502748,0.9302836327006307,0.9490242011365566,1.622755062144434,0.9330075388912221,0.9313712843653694,rf,0-3-0,0-1-2
583,"[[302810  12016]
 [  9276 160032]]","(array([0.        , 0.03816711, 1.        ]), array([0.        , 0.94521228, 1.        ]), array([2, 1, 0]))",0.9452122758522928,0.9037347642241998,0.9560204406218114,0.9301590253882638,0.9535225806595928,1.5190200129781422,0.9376252358241836,0.933131195335277,rf,0-3-0,0-1-3
584,"[[46589  2678]
 [ 1952 25034]]","(array([0.        , 0.05435687, 1.        ]), array([0.       , 0.9276662, 1.       ]), array([2, 1, 0]))",0.9276661972874825,0.8682146704142293,0.9392810774658046,0.9033631639722863,0.9366546627738892,2.0971853701540213,0.9153533950053019,0.9081213633791372,rf,0-3-0,0-2-0
585,"[[122157   5102]
 [  3655  65054]]","(array([0.        , 0.04009147, 1.        ]), array([0.        , 0.94680464, 1.        ]), array([2, 1, 0]))",0.9468046398579516,0.9024591434444404,0.9553141329196604,0.9272763555504875,0.9533565864248622,1.5434159885099703,0.9369387534655961,0.9311173006844473,rf,0-3-0,0-2-1
586,"[[105355   2834]
 [  4222  53815]]","(array([0.       , 0.0261949, 1.       ]), array([0.       , 0.9272533, 1.       ]), array([2, 1, 0]))",0.9272533039268053,0.9062356560692024,0.9575517668716085,0.9499726385284825,0.9505292021302404,1.4661236647793188,0.9384754895976841,0.9453401397589176,rf,0-3-0,0-2-2
587,"[[265370  11406]
 [  9132 139989]]","(array([0.        , 0.04121022, 1.        ]), array([0.        , 0.93876114, 1.        ]), array([2, 1, 0]))",0.9387611402820528,0.8944667302441557,0.9517770728603395,0.9246606559001288,0.9487754598713499,1.6655823117020423,0.9316575490156929,0.9274467636852209,rf,0-3-0,0-2-3
588,"[[251870   5905]
 [   675 137519]]","(array([0.        , 0.02290757, 1.        ]), array([0.        , 0.99511556, 1.        ]), array([2, 1, 0]))",0.9951155621807025,0.9641483757710009,0.9833825375218768,0.9588283690316823,0.9861039938728167,0.5739587450061443,0.9766350162276559,0.9658725364873786,rf,0-3-0,0-3-0
589,"[[157512   7236]
 [  5638  82666]]","(array([0.        , 0.04392163, 1.        ]), array([0.        , 0.93615238, 1.        ]), array([2, 1, 0]))",0.9361523826780214,0.888585533104144,0.9491250810110174,0.9195123579008253,0.9461153784611609,1.757180315488853,0.9277577634872002,0.9227928700280411,rf,0-3-0,0-3-1
590,"[[94129  4501]
 [ 2997 49901]]","(array([0.       , 0.0456352, 1.       ]), array([0.        , 0.94334379, 1.        ]), array([2, 1, 0]))",0.9433437937162086,0.8920400216752343,0.9505173961248086,0.9172640711738539,0.9488542957225472,1.709092341990086,0.9301211556383969,0.922364014106896,rf,0-3-0,0-3-2
591,"[[246242  16762]
 [  6949 134317]]","(array([0.        , 0.06373287, 1.        ]), array([0.        , 0.95080911, 1.        ]), array([2, 1, 0]))",0.9508091118882109,0.8742482376854502,0.9413486036559725,0.8890514234274783,0.9435381204526301,2.025780616795341,0.9188937727684756,0.9007527005748529,rf,0-3-0,0-3-3
592,"[[   840  32535]
 [  3098 201173]]","(array([0.        , 0.97483146, 1.        ]), array([0.        , 0.98483387, 1.        ]), array([2, 1, 0]))",0.9848338726495685,0.02722350800907783,0.8500584903596106,0.8607878206993342,0.5050012059877056,5.178905742921169,0.9186422180058862,0.8830325264703895,rf,0-3-0,1-0-0
593,"[[  1651  60648]
 [  5953 375560]]","(array([0.        , 0.97349877, 1.        ]), array([0.        , 0.98439634, 1.        ]), array([2, 1, 0]))",0.9843963377394741,0.029171370733425565,0.8499342063756726,0.8609654109965887,0.5054487828442792,5.183198157468463,0.9185529049639178,0.8831116305209175,rf,0-3-0,1-0-1
594,"[[   494  18350]
 [  1876 112923]]","(array([0.        , 0.97378476, 1.        ]), array([0.        , 0.98365839, 1.        ]), array([2, 1, 0]))",0.9836583942368836,0.026035792269511686,0.8486564952896897,0.8602149718525516,0.5049368175811886,5.227329257621482,0.9178045450112163,0.882361214644369,rf,0-3-0,1-0-2
595,"[[  7638  15306]
 [  3327 134622]]","(array([0.        , 0.66710251, 1.        ]), array([0.        , 0.97588239, 1.        ]), array([2, 1, 0]))",0.9758823913185307,0.428447041954061,0.8841901139266469,0.8979109972786937,0.6543899404291398,4.0000078263481775,0.9352744401254702,0.9124923237096715,rf,0-3-0,1-0-3
596,"[[ 12393  25011]
 [  5342 221494]]","(array([0.       , 0.6686718, 1.       ]), array([0.        , 0.97644995, 1.        ]), array([2, 1, 0]))",0.9764499462166499,0.4287699409140574,0.8851309415682713,0.898537555019168,0.6538890732045715,3.9675124078339796,0.9358749823066246,0.9131092231889029,rf,0-3-0,1-1-0
597,"[[   815  30542]
 [  2993 189157]]","(array([0.        , 0.97400899, 1.        ]), array([0.        , 0.98442363, 1.        ]), array([2, 1, 0]))",0.984423627374447,0.027949172662249604,0.8499599565114292,0.8609825260925175,0.5052073170835943,5.182308776494888,0.9185745261005853,0.8831304286117133,rf,0-3-0,1-1-1
598,"[[   546  20212]
 [  1979 124907]]","(array([0.        , 0.97369689, 1.        ]), array([0.        , 0.98440332, 1.        ]), array([2, 1, 0]))",0.9844033226675913,0.02870461001081246,0.8496992766384005,0.8607212012210669,0.5053532173603879,5.191312538557084,0.9184169408650577,0.8829071960325829,rf,0-3-0,1-1-2
599,"[[   626  23937]
 [  2011 149054]]","(array([0.        , 0.97451451, 1.        ]), array([0.        , 0.98668785, 1.        ]), array([2, 1, 0]))",0.9866878496011651,0.03471885690672221,0.8522559045254743,0.8616286396402125,0.5060866679508492,5.103009257401036,0.919927419952107,0.8840383901384177,rf,0-3-0,1-1-3
600,"[[  9689  19401]
 [  4157 173621]]","(array([0.        , 0.66693022, 1.        ]), array([0.       , 0.9766169, 1.       ]), array([2, 1, 0]))",0.9766169042288697,0.4307922050416134,0.8861206179786144,0.8994881412481479,0.6548433438298009,3.9333295014262677,0.9364670981661273,0.913923648177743,rf,0-3-0,1-2-0
601,"[[  1065  40160]
 [  3443 245537]]","(array([0.        , 0.97416616, 1.        ]), array([0.        , 0.98617158, 1.        ]), array([2, 1, 0]))",0.9861715800465901,0.03389183490241536,0.8497510380593029,0.8594314956054842,0.5060027093683527,5.1895259522754165,0.918449830458389,0.8821046323812589,rf,0-3-0,1-2-1
602,"[[  1580  59291]
 [  5604 361265]]","(array([0.        , 0.97404347, 1.        ]), array([0.        , 0.98472479, 1.        ]), array([2, 1, 0]))",0.9847247927734423,0.029039606578036028,0.8482840043016786,0.8590175862429736,0.505340661899034,5.240195686816669,0.9175858018223958,0.8815241670339025,rf,0-3-0,1-2-2
603,"[[  1668  64037]
 [  6352 392232]]","(array([0.       , 0.9746138, 1.       ]), array([0.        , 0.98406359, 1.        ]), array([2, 1, 0]))",0.9840635850912229,0.025280357847275215,0.8483939959809516,0.8596507761868547,0.5047248904833636,5.236396157311513,0.9176595274275228,0.8819513774587843,rf,0-3-0,1-2-3
604,"[[   902  35315]
 [  3389 216530]]","(array([0.        , 0.97509457, 1.        ]), array([0.        , 0.98458978, 1.        ]), array([2, 1, 0]))",0.9845897807829246,0.02577782977467322,0.8488927757129026,0.8597748615219679,0.5047476059670207,5.219168876580686,0.9179589794897448,0.8821403749208628,rf,0-3-0,1-3-0
605,"[[  363 12267]
 [ 1166 75413]]","(array([0.        , 0.97125891, 1.        ]), array([0.        , 0.98477389, 1.        ]), array([2, 1, 0]))",0.98477389362619,0.03630096047381835,0.8494210225425686,0.8600935218978102,0.5067574931313847,5.200923583657606,0.9182206150043528,0.8824382926241343,rf,0-3-0,1-3-1
606,"[[  1713  68597]
 [  6632 422639]]","(array([0.        , 0.97563647, 1.        ]), array([0.        , 0.98455055, 1.        ]), array([2, 1, 0]))",0.9845505519823142,0.0241876027246805,0.8494158104491564,0.8603583613578809,0.5044570424539647,5.201103443480945,0.918274385746116,0.882625411669378,rf,0-3-0,1-3-2
607,"[[ 18789  37146]
 [  8067 332927]]","(array([0.        , 0.66409225, 1.        ]), array([0.        , 0.97634269, 1.        ]), array([2, 1, 0]))",0.9763426922467844,0.43256750106718345,0.8860929788450831,0.8996252090803706,0.6561252211569133,3.9342839625959285,0.936415274509997,0.9139887969270066,rf,0-3-0,1-3-3
608,"[[ 72135 119737]
 [  2463 189379]]","(array([0.        , 0.62404624, 1.        ]), array([0.        , 0.98716131, 1.        ]), array([2, 1, 0]))",0.9871613098278792,0.4587727222063513,0.681533642243963,0.6126470321820935,0.6815575353342198,10.99968783222813,0.7560673749096731,0.66294967604981,rf,0-3-0,2-0-0
609,"[[ 76813 127579]
 [  3100 201470]]","(array([0.        , 0.62418784, 1.        ]), array([0.        , 0.98484626, 1.        ]), array([2, 1, 0]))",0.9848462628928973,0.45478904971246875,0.6804617543928286,0.6122796300854888,0.6803292138762893,11.03670945552663,0.7551080452532613,0.66239645020996,rf,0-3-0,2-0-1
610,"[[ 38814  62986]
 [  1378 101059]]","(array([0.        , 0.61872299, 1.        ]), array([0.        , 0.98654783, 1.        ]), array([2, 1, 0]))",0.9865478293975809,0.46258555300322635,0.6848563188844333,0.6160443780669939,0.6839124215750183,10.884923727462553,0.7584677389091946,0.6660739213595266,rf,0-3-0,2-0-2
611,"[[ 92943 155733]
 [  3257 245096]]","(array([0.        , 0.62624861, 1.        ]), array([0.       , 0.9868856, 1.       ]), array([2, 1, 0]))",0.9868856023482704,0.4564096385529266,0.6801192686945832,0.6114727227820342,0.6803184948478311,11.04853958769699,0.7550917924403326,0.6618245485559244,rf,0-3-0,2-0-3
612,"[[14958 23409]
 [  599 38052]]","(array([0.        , 0.61013371, 1.        ]), array([0.        , 0.98450234, 1.        ]), array([2, 1, 0]))",0.9845023414659387,0.4662254801178579,0.6882806616635072,0.6191243227412505,0.6871843164050313,10.766647555964308,0.7601885887805657,0.6687639501572962,rf,0-3-0,2-1-0
613,"[[ 84776 133518]
 [  3181 215088]]","(array([0.        , 0.61164301, 1.        ]), array([0.        , 0.98542624, 1.        ]), array([2, 1, 0]))",0.9854262400982274,0.4659444085771376,0.6868745175381331,0.6169945439837524,0.6868916132738474,10.815215570393233,0.7588551267916207,0.6668597184957088,rf,0-3-0,2-1-1
614,"[[25325 40602]
 [  884 64887]]","(array([0.      , 0.615863, 1.      ]), array([0.        , 0.98655943, 1.        ]), array([2, 1, 0]))",0.986559425886789,0.4642356252925982,0.6849914197633981,0.6151067883855189,0.6853482129509787,10.880257428162352,0.7577601307952821,0.6651979488525344,rf,0-3-0,2-1-2
615,"[[ 67390 107412]
 [  2184 172972]]","(array([0.       , 0.6144781, 1.       ]), array([0.        , 0.98753112, 1.        ]), array([2, 1, 0]))",0.9875311151202357,0.46736498080485894,0.6868309911475091,0.6169110933576809,0.6865265099519668,10.816719789619906,0.7594151995433991,0.6669741156728043,rf,0-3-0,2-1-3
616,"[[ 76754 122011]
 [  2932 196070]]","(array([0.       , 0.6138455, 1.       ]), array([0.        , 0.98526648, 1.        ]), array([2, 1, 0]))",0.985266479733872,0.46398638339953907,0.6858889752040768,0.616415315595713,0.6857104918982293,10.849255717018705,0.7583695460883457,0.666303728745363,rf,0-3-0,2-2-0
617,"[[ 63163 100199]
 [  2114 161390]]","(array([0.        , 0.61335562, 1.        ]), array([0.        , 0.98707065, 1.        ]), array([2, 1, 0]))",0.9870706527057442,0.4674018778159588,0.686987940012115,0.6169601932802985,0.6868575187844046,10.811298661088658,0.759316196691077,0.6669779974542509,rf,0-3-0,2-2-1
618,"[[ 81514 135879]
 [  3380 213521]]","(array([0.        , 0.62503852, 1.        ]), array([0.        , 0.98441685, 1.        ]), array([2, 1, 0]))",0.9844168537719974,0.4531119242174106,0.6793439467273322,0.6111076130509445,0.6796891645362451,11.075317896351516,0.7540901393428584,0.6612600425766229,rf,0-3-0,2-2-2
619,"[[ 78329 131243]
 [  3132 207483]]","(array([0.        , 0.62624301, 1.        ]), array([0.        , 0.98512926, 1.        ]), array([2, 1, 0]))",0.9851292642974148,0.4539091820756575,0.6802019101019308,0.6125393385804455,0.6794431273675343,11.0456844681812,0.7553887294048689,0.662665224759329,rf,0-3-0,2-2-3
620,"[[22396 37841]
 [  723 59320]]","(array([0.        , 0.62820194, 1.        ]), array([0.        , 0.98795863, 1.        ]), array([2, 1, 0]))",0.9879586296487517,0.456500473080565,0.6793814432989691,0.6105330328012268,0.6798783469806917,11.074024197370234,0.7546881758733874,0.661039878579054,rf,0-3-0,2-3-0
621,"[[15436 23173]
 [  559 37989]]","(array([0.        , 0.60019685, 1.        ]), array([0.       , 0.9854986, 1.       ]), array([2, 1, 0]))",0.9854985991491128,0.4752402615635027,0.6924193527482925,0.6211209574572447,0.6926508769269872,10.62369934646591,0.7619897703339685,0.6707192191980113,rf,0-3-0,2-3-1
622,"[[ 78324 132806]
 [  2751 209426]]","(array([0.        , 0.62902477, 1.        ]), array([0.        , 0.98703441, 1.        ]), array([2, 1, 0]))",0.9870344099501831,0.4548990803846822,0.6797666941486912,0.6119416068631806,0.6790048192411835,11.060717406282487,0.7554927860117712,0.6622773313600299,rf,0-3-0,2-3-2
623,"[[ 78188 133236]
 [  2870 208301]]","(array([0.       , 0.6301839, 1.       ]), array([0.        , 0.98640912, 1.        ]), array([2, 1, 0]))",0.9864091186763334,0.4523786768493064,0.677928039849028,0.6098929252174727,0.6781126114041574,11.1242235122728,0.7537470056521708,0.6603008015499718,rf,0-3-0,2-3-3
624,"[[32462 41449]
 [  599 35996]]","(array([0.        , 0.56079609, 1.        ]), array([0.        , 0.98363164, 1.        ]), array([2, 1, 0]))",0.9836316436671676,0.4345924975021703,0.619495773985123,0.4647943701982052,0.7114177755346567,13.14245029561371,0.6312872676253946,0.5196102490075785,rf,0-3-0,3-0-0
625,"[[113144 144770]
 [  1834 127801]]","(array([0.        , 0.56131113, 1.        ]), array([0.        , 0.98585259, 1.        ]), array([2, 1, 0]))",0.985852586107147,0.43850191675896966,0.6217149315312386,0.4688723305120501,0.7122707256939109,13.065802085205885,0.6355002163070665,0.5238093676711323,rf,0-3-0,3-0-1
626,"[[35352 45553]
 [  605 39752]]","(array([0.        , 0.56304308, 1.        ]), array([0.       , 0.9850088, 1.       ]), array([2, 1, 0]))",0.985008796491315,0.4353567896771589,0.6193531361844601,0.46599847605650313,0.7109828606398235,13.147377289654012,0.6326813197307061,0.5208909342020089,rf,0-3-0,3-0-2
627,"[[ 86302 110858]
 [  1477  97002]]","(array([0.        , 0.56227429, 1.        ]), array([0.        , 0.98500188, 1.        ]), array([2, 1, 0]))",0.9850018785730968,0.43607484073568725,0.6200264511786334,0.46666987395362264,0.7113637917921277,13.124121269839932,0.6332984047085092,0.5215615553612735,rf,0-3-0,3-0-3
628,"[[103533 132471]
 [  2067 116227]]","(array([0.        , 0.56130828, 1.        ]), array([0.        , 0.98252659, 1.        ]), array([2, 1, 0]))",0.9825265863019257,0.4342903402394364,0.620268813258895,0.467341916702185,0.7106091516957332,13.11574951619729,0.6334034529363037,0.5220935309580751,rf,0-3-0,3-1-0
629,"[[ 92980 119153]
 [  1471 105168]]","(array([0.        , 0.56169007, 1.        ]), array([0.       , 0.9862058, 1.       ]), array([2, 1, 0]))",0.9862057971286302,0.4386495467425578,0.6215978818716826,0.46882815251358545,0.7122578626670242,13.06984502494669,0.6355329949238578,0.5237851906968961,rf,0-3-0,3-1-1
630,"[[55093 73078]
 [ 1067 62487]]","(array([0.        , 0.57016018, 1.        ]), array([0.        , 0.98321113, 1.        ]), array([2, 1, 0]))",0.9832111275450798,0.4272505384615313,0.6132742208892945,0.4609375576291816,0.7065254754530292,13.357339985821651,0.6276347309900111,0.515727599560261,rf,0-3-0,3-1-2
631,"[[128462 164467]
 [  2120 144601]]","(array([0.        , 0.56145687, 1.        ]), array([0.        , 0.98555081, 1.        ]), array([2, 1, 0]))",0.985550807314563,0.437643726061073,0.6210917775503241,0.4678614414950755,0.7120469677564318,13.087325487750574,0.6345085116139265,0.5227828340418208,rf,0-3-0,3-1-3
632,"[[29599 39828]
 [  496 34028]]","(array([0.        , 0.57366731, 1.        ]), array([0.        , 0.98563318, 1.        ]), array([2, 1, 0]))",0.9856331827134747,0.42780507673893015,0.6120864638146819,0.4607344020797227,0.7059829387432008,13.398365246268222,0.6279387340837793,0.5156570126201705,rf,0-3-0,3-2-0
633,"[[31803 40883]
 [  570 35873]]","(array([0.        , 0.56246045, 1.        ]), array([0.        , 0.98435914, 1.        ]), array([2, 1, 0]))",0.9843591361852756,0.4356051257595315,0.6201467987427723,0.4673641148574704,0.7109493449409992,13.11996433431967,0.6338041855493423,0.5222190195855788,rf,0-3-0,3-2-1
634,"[[115738 148651]
 [  2020 129452]]","(array([0.        , 0.56224351, 1.        ]), array([0.        , 0.98463551, 1.        ]), array([2, 1, 0]))",0.9846355117439455,0.43516700793510377,0.6193840767340051,0.46548221342452256,0.7111959996718282,13.146308525354058,0.6321284258072392,0.5203539879924495,rf,0-3-0,3-2-2
635,"[[ 93246 119428]
 [  1499 104622]]","(array([0.       , 0.5615543, 1.       ]), array([0.        , 0.98587461, 1.        ]), array([2, 1, 0]))",0.9858746148264717,0.4375231762283209,0.6206747282736554,0.46695826824369563,0.7121601555281911,13.101730288835324,0.6337443324822593,0.5218986731795503,rf,0-3-0,3-2-3
636,"[[30121 38313]
 [  494 33815]]","(array([0.        , 0.55985329, 1.        ]), array([0.        , 0.98560145, 1.        ]), array([2, 1, 0]))",0.9856014456848058,0.4390092710289505,0.6222905696738464,0.4688193212067436,0.7128740781920829,13.045919727218807,0.6353993442130086,0.5237422596423406,rf,0-3-0,3-3-0
637,"[[ 98861 126105]
 [  1580 110985]]","(array([0.        , 0.56055137, 1.        ]), array([0.        , 0.98596367, 1.        ]), array([2, 1, 0]))",0.985963665437747,0.4386903027276305,0.621708820819421,0.46811337466784764,0.7127061466151956,13.066013187583081,0.6348257568174344,0.5230577090746282,rf,0-3-0,3-3-1
638,"[[72140 92703]
 [ 1161 81140]]","(array([0.        , 0.56237147, 1.        ]), array([0.        , 0.98589325, 1.        ]), array([2, 1, 0]))",0.9858932455255708,0.4369985573702666,0.6202052244845111,0.4667429807354912,0.7117608884580227,13.1179467541695,0.6335498781935162,0.5216845640777036,rf,0-3-0,3-3-2
639,"[[44992 60394]
 [  822 51834]]","(array([0.        , 0.57307422, 1.        ]), array([0.        , 0.98438924, 1.        ]), array([2, 1, 0]))",0.9843892433910666,0.4273072342564503,0.6126599258424975,0.4618633496097231,0.7056575105042935,13.378557767416584,0.6287329273913782,0.516719567436519,rf,0-3-0,3-3-3
640,"[[224080  31300]
 [119357  18282]]","(array([0.        , 0.12256246, 1.        ]), array([0.        , 0.13282573, 1.        ]), array([2, 1, 0]))",0.13282572526682118,0.014745664879983493,0.6166673875817709,0.3687225202694526,0.5051316346594111,13.239903065062057,0.19529860432323295,0.2720802936002643,rf,3-2-0,0-0-0
641,"[[162692  22827]
 [ 86624  13281]]","(array([0.      , 0.123044, 1.      ]), array([0.        , 0.13293629, 1.        ]), array([2, 1, 0]))",0.13293628947500125,0.014194097854796403,0.6165318964067492,0.36781322698570956,0.5049461442954973,13.244583032996205,0.19529015608802103,0.271776276208679,rf,3-2-0,0-0-1
642,"[[256612  35868]
 [136337  20854]]","(array([0.        , 0.12263403, 1.        ]), array([0.        , 0.13266663, 1.        ]), array([2, 1, 0]))",0.13266662849654243,0.014408927556518611,0.6170422375470066,0.3676527625965234,0.5050163011191683,13.226956305935271,0.1949764623935899,0.2714806068543191,rf,3-2-0,0-0-2
643,"[[70016  9398]
 [37201  5737]]","(array([0.        , 0.11834185, 1.        ]), array([0.        , 0.13361125, 1.        ]), array([2, 1, 0]))",0.13361125343518562,0.02213443073637384,0.6191398587681444,0.37905517013544765,0.5076346996770206,13.154504673753529,0.19757890930380728,0.2772086820386942,rf,3-2-0,0-0-3
644,"[[234536  32424]
 [124487  19013]]","(array([0.       , 0.1214564, 1.       ]), array([0.        , 0.13249477, 1.        ]), array([2, 1, 0]))",0.13249477351916375,0.015898467448420783,0.6177191443746041,0.36963664288352743,0.5055191877784612,13.20357615613922,0.1950681502228925,0.2721991249770936,rf,3-2-0,0-1-0
645,"[[112690  15714]
 [ 59691   9146]]","(array([0.        , 0.12237937, 1.        ]), array([0.        , 0.13286459, 1.        ]), array([2, 1, 0]))",0.13286459316937113,0.015058539905929967,0.6177011878868998,0.3679002413515688,0.5052426140202794,13.204196890769456,0.1952250338858235,0.2717543098581506,rf,3-2-0,0-1-1
646,"[[277070  38694]
 [147232  22520]]","(array([0.        , 0.12254088, 1.        ]), array([0.        , 0.13266412, 1.        ]), array([2, 1, 0]))",0.1326641217776521,0.014542706347470681,0.6170548447425007,0.3678896984349985,0.5050616184064658,13.226520814191764,0.19500705731579543,0.27158183151314014,rf,3-2-0,0-1-2
647,"[[276251  38575]
 [146835  22473]]","(array([0.      , 0.122528, 1.      ]), array([0.        , 0.13273442, 1.        ]), array([2, 1, 0]))",0.13273442483521156,0.014662149613866826,0.617027517174997,0.3681201677368628,0.5051032126208926,13.227464660303259,0.19511538661897238,0.2717412333736397,rf,3-2-0,0-1-3
648,"[[43396  5871]
 [23486  3500]]","(array([0.        , 0.11916699, 1.        ]), array([0.        , 0.12969688, 1.        ]), array([2, 1, 0]))",0.12969687986363299,0.0153364072178885,0.615005311266442,0.3734926902144915,0.5052649459094487,13.297307031354903,0.19253513766262342,0.2714440825190011,rf,3-2-0,0-2-0
649,"[[111801  15458]
 [ 59767   8942]]","(array([0.        , 0.12146882, 1.        ]), array([0.        , 0.13014307, 1.        ]), array([2, 1, 0]))",0.1301430671382206,0.012536318664232987,0.6161363079686479,0.3664754098360656,0.5043371257865567,13.258245297621205,0.19207595398941024,0.2688369240389876,rf,3-2-0,0-2-1
650,"[[95120 13069]
 [50340  7697]]","(array([0.        , 0.12079786, 1.        ]), array([0.        , 0.13262229, 1.        ]), array([2, 1, 0]))",0.13262229267536227,0.017048101294554203,0.6185374129197598,0.370653953577964,0.5059122148381756,13.175313864038758,0.19534789284671902,0.2727478898094273,rf,3-2-0,0-2-2
651,"[[242864  33912]
 [129385  19736]]","(array([0.        , 0.12252507, 1.        ]), array([0.       , 0.1323489, 1.       ]), array([2, 1, 0]))",0.13234889787488013,0.014122794143173278,0.6165810043273373,0.3678795108857739,0.5049119117232308,13.242886624953407,0.1946648649448387,0.27131282082301156,rf,3-2-0,0-2-3
652,"[[226245  31530]
 [119918  18276]]","(array([0.        , 0.12231597, 1.        ]), array([0.        , 0.13224887, 1.        ]), array([2, 1, 0]))",0.13224886753404633,0.014277745962937042,0.6175256143789034,0.3669437417178653,0.5049664471507881,13.210260951648756,0.1944255319148936,0.27082135511442784,rf,3-2-0,0-3-0
653,"[[144715  20033]
 [ 76568  11736]]","(array([0.        , 0.12159783, 1.        ]), array([0.        , 0.13290451, 1.        ]), array([2, 1, 0]))",0.1329045116868998,0.01626520225744942,0.6182563267628788,0.3694167269980169,0.5056533387094028,13.185022670676723,0.19548108234157552,0.2724486953291856,rf,3-2-0,0-3-1
654,"[[86689 11941]
 [45937  6961]]","(array([0.        , 0.12106864, 1.        ]), array([0.        , 0.13159288, 1.        ]), array([2, 1, 0]))",0.1315928768573481,0.01518261312948814,0.6180375904123331,0.3682679081578669,0.5052621182421182,13.192577267419583,0.19389972144846798,0.2708433847446812,rf,3-2-0,0-3-2
655,"[[230822  32182]
 [122569  18697]]","(array([0.        , 0.12236316, 1.        ]), array([0.        , 0.13235315, 1.        ]), array([2, 1, 0]))",0.1323531493777696,0.014360451332361142,0.6172087961016153,0.36747970675524283,0.504994995701493,13.221203449509785,0.19461344297275496,0.2711423450180114,rf,3-2-0,0-3-3
656,"[[  4255  29120]
 [ 11033 193238]]","(array([0.        , 0.87250936, 1.        ]), array([0.        , 0.94598842, 1.        ]), array([2, 1, 0]))",0.9459884173475432,0.10405808632820984,0.8310386036373429,0.869040016549888,0.5367395270258316,5.835817867172247,0.9058830974922006,0.8834116757474381,rf,3-2-0,1-0-0
657,"[[  8166  54133]
 [ 20635 360878]]","(array([0.        , 0.86892245, 1.        ]), array([0.        , 0.94591272, 1.        ]), array([2, 1, 0]))",0.9459127211916764,0.10856690172073792,0.8315322704208088,0.8695624935242681,0.5384951332888188,5.818766770845248,0.9061321441664031,0.883830331457804,rf,3-2-0,1-0-1
658,"[[  2493  16351]
 [  5984 108815]]","(array([0.        , 0.86770325, 1.        ]), array([0.        , 0.94787411, 1.        ]), array([2, 1, 0]))",0.9478741104016586,0.11447426897820506,0.8328756463114417,0.8693654826390553,0.540085431341776,5.772368511616106,0.9069239264059342,0.8840092743186837,rf,3-2-0,1-0-2
659,"[[  2962  19982]
 [  7431 130518]]","(array([0.        , 0.87090307, 1.        ]), array([0.        , 0.94613227, 1.        ]), array([2, 1, 0]))",0.9461322662723181,0.10701423795384214,0.8296196851323551,0.8672292358803987,0.5376145989660056,5.884826902783445,0.904964135774435,0.8819391606718842,rf,3-2-0,1-0-3
660,"[[  4806  32598]
 [ 12526 214310]]","(array([0.        , 0.87151107, 1.        ]), array([0.        , 0.94477949, 1.        ]), array([2, 1, 0]))",0.9447794882646493,0.10316679033232111,0.8292310021192855,0.867975116237627,0.5366342099648559,5.8982508754199925,0.9047502448579824,0.8823204893006651,rf,3-2-0,1-1-0
661,"[[  4039  27318]
 [ 10368 181782]]","(array([0.        , 0.87119304, 1.        ]), array([0.        , 0.94604215, 1.        ]), array([2, 1, 0]))",0.9460421545667447,0.10585474951750304,0.8313878312536073,0.8693543758967002,0.5374245597593745,5.823755724076661,0.9060785046728972,0.8836809100189587,rf,3-2-0,1-1-1
662,"[[  2653  18105]
 [  6683 120203]]","(array([0.        , 0.87219385, 1.        ]), array([0.        , 0.94733067, 1.        ]), array([2, 1, 0]))",0.9473306747789354,0.10731201656438896,0.8321096692043023,0.8690965092402464,0.5375684109032938,5.798824645691797,0.9065288053274206,0.8836922416404213,rf,3-2-0,1-1-2
663,"[[  3303  21260]
 [ 15279 135786]]","(array([0.        , 0.86552945, 1.        ]), array([0.        , 0.89885811, 1.        ]), array([2, 1, 0]))",0.898858107437196,0.03758207199382666,0.7919523082879723,0.8646256510831222,0.5166643262830242,7.185809495837836,0.8814096218570581,0.8712619457965298,rf,3-2-0,1-1-3
664,"[[  3783  25307]
 [  9535 168243]]","(array([0.        , 0.86995531, 1.        ]), array([0.        , 0.94636569, 1.        ]), array([2, 1, 0]))",0.9463656920428849,0.10822987089774434,0.8315737571784906,0.8692482562645312,0.5382051904697064,5.817334157838061,0.906169208893485,0.8836496221551339,rf,3-2-0,1-2-0
665,"[[  7344  33881]
 [ 25550 223430]]","(array([0.        , 0.82185567, 1.        ]), array([0.        , 0.89738132, 1.        ]), array([2, 1, 0]))",0.8973813157683348,0.08317053398718027,0.7952102823865888,0.8683266552926225,0.537762822832621,7.073279616431383,0.8826149388395211,0.873986093204321,rf,3-2-0,1-2-1
666,"[[  7902  52969]
 [ 19656 347213]]","(array([0.        , 0.87018449, 1.        ]), array([0.        , 0.94642229, 1.        ]), array([2, 1, 0]))",0.9464222924259068,0.10848719509256478,0.8302122784869314,0.8676377248352,0.5381189019587108,5.86435916574711,0.9053192030256138,0.882327529468687,rf,3-2-0,1-2-2
667,"[[  8435  57270]
 [ 21324 377260]]","(array([0.        , 0.87162316, 1.        ]), array([0.        , 0.94650061, 1.        ]), array([2, 1, 0]))",0.9465006121670715,0.10655924267944913,0.8307218133533208,0.868202425609279,0.5374387240121561,5.846760067385698,0.9056623703358724,0.8828082879051099,rf,3-2-0,1-2-3
668,"[[  1292  34925]
 [  2322 217597]]","(array([0.        , 0.96432615, 1.        ]), array([0.        , 0.98944157, 1.        ]), array([2, 1, 0]))",0.9894415671224406,0.07419666876801613,0.8545811600087454,0.861695218634416,0.5125577109710002,5.022697825848329,0.9211605258646053,0.8845356164639715,rf,3-2-0,1-3-0
669,"[[ 1564 11066]
 [ 4191 72388]]","(array([0.        , 0.87616785, 1.        ]), array([0.       , 0.9452722, 1.       ]), array([2, 1, 0]))",0.9452722025620601,0.0980653659384039,0.8289746550235962,0.8674000047930597,0.5345521741234687,5.907105334689492,0.9046634131710335,0.8819308227439419,rf,3-2-0,1-3-1
670,"[[  8964  61346]
 [ 23422 405849]]","(array([0.        , 0.87250747, 1.        ]), array([0.        , 0.94543773, 1.        ]), array([2, 1, 0]))",0.9454377304779499,0.10300406354144807,0.8303218096765089,0.8686929440597609,0.5364651317728961,5.860575261164341,0.9054420357269546,0.8830287056292484,rf,3-2-0,1-3-2
671,"[[  7369  48566]
 [ 18439 322555]]","(array([0.       , 0.8682578, 1.       ]), array([0.        , 0.94592573, 1.        ]), array([2, 1, 0]))",0.9459257347636615,0.10960289144536423,0.8311914725303517,0.8691370200015628,0.5388339677662055,5.830537818072716,0.9059070515295984,0.883480929378497,rf,3-2-0,1-3-3
672,"[[114311  77561]
 [  2902 188940]]","(array([0.        , 0.40423303, 1.        ]), array([0.        , 0.98487297, 1.        ]), array([2, 1, 0]))",0.9848729683802295,0.6302999028102054,0.7903047582313911,0.7089654447825712,0.7903199690133302,7.24277869100419,0.8244480661862404,0.7510458354997352,rf,3-2-0,2-0-0
673,"[[121845  82547]
 [  3240 201330]]","(array([0.       , 0.4038661, 1.       ]), array([0.       , 0.9841619, 1.       ]), array([2, 1, 0]))",0.9841619005719313,0.6297013533565758,0.7902323443253897,0.7092156109864484,0.7901479000687361,7.245279549100585,0.8243678433893544,0.751187617437194,rf,3-2-0,2-0-1
674,"[[ 60668  41132]
 [  1682 100755]]","(array([0.        , 0.40404715, 1.        ]), array([0.        , 0.98358015, 1.        ]), array([2, 1, 0]))",0.983580151702998,0.6292032447944078,0.7903709905648829,0.7101073389387329,0.7897665002129921,7.2404905164745115,0.8247654753524009,0.7519198191004277,rf,3-2-0,2-0-2
675,"[[148101 100575]
 [  3982 244371]]","(array([0.        , 0.40444192, 1.        ]), array([0.        , 0.98396637, 1.        ]), array([2, 1, 0]))",0.9839663704485149,0.6287927276414623,0.7896360172142873,0.7084326242368371,0.7897622230083621,7.265876363419877,0.8237701395080728,0.7504620311435708,rf,3-2-0,2-0-3
676,"[[32142  6225]
 [ 1384 37267]]","(array([0.        , 0.16224881, 1.        ]), array([0.        , 0.96419239, 1.        ]), array([2, 1, 0]))",0.9641923882952576,0.8087374302646144,0.9012049131371888,0.8568702290076335,0.9009717903631265,3.4123260417419097,0.9073688567498144,0.8763798155385923,rf,3-2-0,2-1-0
677,"[[130328  87966]
 [  3362 214907]]","(array([0.        , 0.40297031, 1.        ]), array([0.        , 0.98459699, 1.        ]), array([2, 1, 0]))",0.9845969881201636,0.6309304807229276,0.7908022438914888,0.7095614333400468,0.7908133410096087,7.225595636785408,0.8247540977315203,0.7515486854096595,rf,3-2-0,2-1-1
678,"[[39146 26781]
 [ 1057 64714]]","(array([0.        , 0.40622203, 1.        ]), array([0.        , 0.98392909, 1.        ]), array([2, 1, 0]))",0.9839290872877103,0.6272326224699989,0.788622454403256,0.7072954806273567,0.7888535269132289,7.300884381693737,0.8229878041026032,0.7494365965568117,rf,3-2-0,2-1-2
679,"[[104056  70746]
 [  2745 172411]]","(array([0.        , 0.40472077, 1.        ]), array([0.        , 0.98432826, 1.        ]), array([2, 1, 0]))",0.9843282559546919,0.6293447973829599,0.790000514347436,0.7090521761660162,0.7898037430847245,7.2532869211681925,0.8243157635550414,0.7510603040293297,rf,3-2-0,2-1-3
680,"[[118118  80647]
 [  3189 195813]]","(array([0.        , 0.40574045, 1.        ]), array([0.        , 0.98397504, 1.        ]), array([2, 1, 0]))",0.9839750354267797,0.6279768879247591,0.7892333954299879,0.7082869131158215,0.789117294082469,7.27978274461603,0.8236746574910299,0.7503322241313507,rf,3-2-0,2-2-0
681,"[[ 97509  65853]
 [  2467 161037]]","(array([0.        , 0.40311088, 1.        ]), array([0.        , 0.98491168, 1.        ]), array([2, 1, 0]))",0.9849116841178197,0.6313329714937037,0.7909846848555677,0.709758032526775,0.7909004007690138,7.219294326084293,0.8249973104094838,0.7517617994816369,rf,3-2-0,2-2-1
682,"[[129515  87878]
 [  3373 213528]]","(array([0.        , 0.40423565, 1.        ]), array([0.        , 0.98444913, 1.        ]), array([2, 1, 0]))",0.9844491265600436,0.6295388550820847,0.7898865745324596,0.7084397789028752,0.7901067397990449,7.2572224157712615,0.8239441103438696,0.7505245953498181,rf,3-2-0,2-2-2
683,"[[124720  84852]
 [  3412 207203]]","(array([0.        , 0.40488233, 1.        ]), array([0.        , 0.98379982, 1.        ]), array([2, 1, 0]))",0.9837998243240035,0.6287338248224853,0.789941145251995,0.7094656828337128,0.7894587463574095,7.255337283546479,0.8244096524558856,0.751369815822778,rf,3-2-0,2-2-3
684,"[[50538  9699]
 [ 2250 57793]]","(array([0.        , 0.16101399, 1.        ]), array([0.        , 0.96252686, 1.        ]), array([2, 1, 0]))",0.9625268557533767,0.8075689292142931,0.9006568007981377,0.8562940792982872,0.900756430516262,3.431257020604117,0.9063080722938801,0.8756223277405906,rf,3-2-0,2-3-0
685,"[[32480  6129]
 [ 1425 37123]]","(array([0.        , 0.15874537, 1.        ]), array([0.       , 0.9630331, 1.       ]), array([2, 1, 0]))",0.963033101587631,0.8102549152144414,0.9020957268945138,0.8582955701470453,0.9021438656685856,3.381557313267818,0.9076528117359414,0.877379984495831,rf,3-2-0,2-3-1
686,"[[126056  85074]
 [  3343 208834]]","(array([0.        , 0.40294605, 1.        ]), array([0.        , 0.98424429, 1.        ]), array([2, 1, 0]))",0.9842442866097645,0.6308875632775727,0.7911279520537104,0.7105420743906257,0.7906491172072174,7.214345658022649,0.8252921939990318,0.7523873962483311,rf,3-2-0,2-3-2
687,"[[125859  85565]
 [  3199 207972]]","(array([0.        , 0.40470807, 1.        ]), array([0.        , 0.98485114, 1.        ]), array([2, 1, 0]))",0.9848511395977667,0.6298041163159864,0.7899549213786249,0.7085035276643149,0.7900715324142912,7.254861901991188,0.8241280106517035,0.7506285555890015,rf,3-2-0,2-3-3
688,"[[62944 10967]
 [   94 36501]]","(array([0.        , 0.14838116, 1.        ]), array([0.        , 0.99743134, 1.        ]), array([2, 1, 0]))",0.9974313430796556,0.8072296296580515,0.8999058874631242,0.768960141569057,0.9245250909767181,3.457207526189746,0.8684201134863138,0.8058790022387367,rf,3-2-0,3-0-0
689,"[[206129  51785]
 [   123 129512]]","(array([0.        , 0.20078398, 1.        ]), array([0.        , 0.99905118, 1.        ]), array([2, 1, 0]))",0.9990511821653103,0.7548357943625167,0.8660608077946272,0.7143637236137388,0.8991335999538292,4.626202653754612,0.8330567455263531,0.757536940395848,rf,3-2-0,3-0-1
690,"[[63648 17257]
 [   26 40331]]","(array([0.        , 0.21329955, 1.        ]), array([0.        , 0.99935575, 1.        ]), array([2, 1, 0]))",0.9993557499318582,0.7417433341416775,0.8574738994903597,0.700336875738001,0.8930281005391323,4.922790908001636,0.8235438256164174,0.7449142806482236,rf,3-2-0,3-0-2
691,"[[157706  39454]
 [    75  98404]]","(array([0.        , 0.20011158, 1.        ]), array([0.        , 0.99923842, 1.        ]), array([2, 1, 0]))",0.9992384163121072,0.755011547082619,0.8662930127621863,0.713806960785736,0.8995634159061043,4.618182443559327,0.8327430745080119,0.7570575047968108,rf,3-2-0,3-0-3
692,"[[188719  47285]
 [    90 118204]]","(array([0.        , 0.20035677, 1.        ]), array([0.        , 0.99923918, 1.        ]), array([2, 1, 0]))",0.999239183728676,0.7551408903055249,0.8662848788308147,0.7142710391627238,0.8994412050573346,4.618463385831646,0.8330590627345542,0.7574751682153157,rf,3-2-0,3-1-0
693,"[[169853  42280]
 [    71 106568]]","(array([0.        , 0.19930892, 1.        ]), array([0.       , 0.9993342, 1.       ]), array([2, 1, 0]))",0.9993342023087238,0.7566011466511776,0.8671432873652642,0.7159518434913469,0.900012639095182,4.588814344045936,0.8342342271818135,0.7589978220335,rf,3-2-0,3-1-1
694,"[[100784  27387]
 [    56  63498]]","(array([0.        , 0.21367548, 1.        ]), array([0.        , 0.99911886, 1.        ]), array([2, 1, 0]))",0.9991188595525066,0.7404891341009003,0.856862693962707,0.6986631457336194,0.8927216895698102,4.943901625663606,0.8223052467317193,0.7433726533269024,rf,3-2-0,3-1-2
695,"[[234415  58514]
 [   112 146609]]","(array([0.        , 0.19975489, 1.        ]), array([0.        , 0.99923665, 1.        ]), array([2, 1, 0]))",0.9992366464241655,0.7556701685556202,0.8666530194472876,0.7147370114516656,0.8997408785070519,4.60574796445369,0.8333750184740965,0.7578940729704833,rf,3-2-0,3-1-3
696,"[[68601   826]
 [  217 34307]]","(array([0.        , 0.01189739, 1.        ]), array([0.        , 0.99371452, 1.        ]), array([2, 1, 0]))",0.9937145174371452,0.9775674149978288,0.9899664264894037,0.9764893405060769,0.9909085644065615,0.34655370556675047,0.9850266304893981,0.9798864363403711,rf,3-2-0,3-2-0
697,"[[55371 17315]
 [   30 36413]]","(array([0.        , 0.23821644, 1.        ]), array([0.       , 0.9991768, 1.       ]), array([2, 1, 0]))",0.9991767966413303,0.7178527023154773,0.8410596633342191,0.6777285586658726,0.8804801794064313,5.489731616703441,0.8076432555921528,0.7243341091285235,rf,3-2-0,3-2-1
698,"[[207702  56687]
 [    89 131383]]","(array([0.        , 0.21440756, 1.        ]), array([0.        , 0.99932305, 1.        ]), array([2, 1, 0]))",0.999323049774857,0.7402665021590298,0.8565759193252177,0.698585633008986,0.8924577456076551,4.953806753827667,0.8223206964968612,0.7433250504666468,rf,3-2-0,3-2-2
699,"[[170003  42671]
 [   101 106020]]","(array([0.        , 0.20064042, 1.        ]), array([0.        , 0.99904826, 1.        ]), array([2, 1, 0]))",0.9990482562358063,0.7541939685781494,0.8658322746592638,0.7130223080078821,0.8992039197238352,4.634096091799005,0.8321429132065994,0.7563294977064711,rf,3-2-0,3-2-3
700,"[[52185 16249]
 [   22 34287]]","(array([0.        , 0.23744045, 1.        ]), array([0.        , 0.99935877, 1.        ]), array([2, 1, 0]))",0.9993587688361655,0.7187595121727293,0.8416339799305063,0.6784668355231914,0.8809591576302287,5.469895013579855,0.8082267664564795,0.7250278067945849,rf,3-2-0,3-3-0
701,"[[180047  44919]
 [    86 112479]]","(array([0.        , 0.19967017, 1.        ]), array([0.      , 0.999236, 1.      ]), array([2, 1, 0]))",0.9992359969795229,0.7556455137336386,0.8666640990012769,0.7146151793542485,0.8997829122989593,4.6053652813220785,0.833291969640284,0.7577844041085646,rf,3-2-0,3-3-1
702,"[[131814  33029]
 [    58  82243]]","(array([0.        , 0.20036641, 1.        ]), array([0.        , 0.99929527, 1.        ]), array([2, 1, 0]))",0.999295269802311,0.7547579743850216,0.866122584404234,0.7134690124227913,0.8994644302761486,4.624068981977844,0.8325327853502248,0.7567598902443736,rf,3-2-0,3-3-2
703,"[[82898 22488]
 [   36 52620]]","(array([0.        , 0.21338698, 1.        ]), array([0.        , 0.99931632, 1.        ]), array([2, 1, 0]))",0.9993163172288059,0.7418045448295374,0.8574809227926754,0.7005911487458061,0.8929646699157143,4.922548315422346,0.823706208321593,0.7451400217509517,rf,3-2-0,3-3-3
704,"[[230975  24405]
 [120564  17075]]","(array([0.        , 0.09556347, 1.        ]), array([0.        , 0.12405641, 1.        ]), array([2, 1, 0]))",0.12405640843075001,0.04423797545949873,0.6311399703322231,0.4116441658630665,0.5142464671960313,12.74002373770502,0.1906553743600623,0.28124680869287355,rf,3-1-0,0-0-0
705,"[[167667  17852]
 [ 87534  12371]]","(array([0.        , 0.09622734, 1.        ]), array([0.        , 0.12382764, 1.        ]), array([2, 1, 0]))",0.12382763625444172,0.042785003537828846,0.630773866248108,0.4093240247493631,0.5138001478293,12.75266888407205,0.19013586622402556,0.28014420485785585,rf,3-1-0,0-0-1
706,"[[264390  28090]
 [137726  19465]]","(array([0.        , 0.09604075, 1.        ]), array([0.        , 0.12383024, 1.        ]), array([2, 1, 0]))",0.12383024473411328,0.04308922957951718,0.6312504030724685,0.40931552938702553,0.5138947449053498,12.736209823160323,0.19013802467447471,0.2801436914778173,rf,3-1-0,0-0-2
707,"[[71918  7496]
 [37608  5330]]","(array([0.        , 0.09439142, 1.        ]), array([0.        , 0.12413247, 1.        ]), array([2, 1, 0]))",0.12413247007312869,0.046336321162906556,0.631358702759252,0.41556213940433495,0.514870526471324,12.73246832334893,0.19116275733448101,0.2827826234587551,rf,3-1-0,0-0-3
708,"[[241312  25648]
 [125776  17724]]","(array([0.        , 0.09607432, 1.        ]), array([0.       , 0.1235122, 1.       ]), array([2, 1, 0]))",0.12351219512195122,0.04256079501609169,0.6310870730400039,0.4086507424144609,0.5137189384360131,12.741851057101414,0.18969133952652084,0.2795689426729087,rf,3-1-0,0-1-0
709,"[[116212  12192]
 [ 60322   8515]]","(array([0.        , 0.09495031, 1.        ]), array([0.        , 0.12369801, 1.        ]), array([2, 1, 0]))",0.1236980112439531,0.044702369883877165,0.6323583839059831,0.4112135992659487,0.5143738490847971,12.697940997015944,0.19018583042973286,0.2807173705205552,rf,3-1-0,0-1-1
710,"[[285478  30286]
 [148740  21012]]","(array([0.       , 0.0959134, 1.       ]), array([0.        , 0.12378057, 1.        ]), array([2, 1, 0]))",0.1237805740138555,0.04322923016186384,0.6312665288064657,0.40960661234356116,0.5139335851663127,12.7356527889566,0.1901108346527935,0.2802018434752923,rf,3-1-0,0-1-2
711,"[[284612  30214]
 [148339  20969]]","(array([0.        , 0.09597047, 1.        ]), array([0.        , 0.12385121, 1.        ]), array([2, 1, 0]))",0.12385120608594986,0.04324102583436505,0.6311909512655587,0.40968681007365726,0.5139403667537231,12.738263168208068,0.19020277471642832,0.28030424553523686,rf,3-1-0,0-1-3
712,"[[44626  4641]
 [23696  3290]]","(array([0.        , 0.09420099, 1.        ]), array([0.        , 0.12191507, 1.        ]), array([2, 1, 0]))",0.12191506707181501,0.04341137404793175,0.6283818341573446,0.4148278905560459,0.5138570403051445,12.835285400367953,0.18844688833519488,0.28019076818259236,rf,3-1-0,0-2-0
713,"[[115086  12173]
 [ 60361   8348]]","(array([0.        , 0.09565532, 1.        ]), array([0.        , 0.12149791, 1.        ]), array([2, 1, 0]))",0.1214979114817564,0.04027308924344342,0.6298681417374266,0.4068027873885288,0.512921297186277,12.783951157984822,0.18711195786170573,0.27680329988792585,rf,3-1-0,0-2-1
714,"[[97897 10292]
 [50940  7097]]","(array([0.        , 0.09512982, 1.        ]), array([0.        , 0.12228406, 1.        ]), array([2, 1, 0]))",0.12228406016851319,0.04229499153079828,0.6316340404028251,0.40813157743401,0.5135771205278321,12.722959017662236,0.18818444568186038,0.27811086815107416,rf,3-1-0,0-2-2
715,"[[250279  26497]
 [130658  18463]]","(array([0.        , 0.09573446, 1.        ]), array([0.        , 0.12381221, 1.        ]), array([2, 1, 0]))",0.12381220619496919,0.04358692010076203,0.631002331549647,0.41065391459074735,0.5140388747250824,12.744777707462825,0.19026076741154468,0.28062597085976754,rf,3-1-0,0-2-3
716,"[[233118  24657]
 [121111  17083]]","(array([0.        , 0.09565319, 1.        ]), array([0.        , 0.12361608, 1.        ]), array([2, 1, 0]))",0.12361607595119904,0.04340390132032081,0.6318701716548518,0.40927168183996165,0.5139814450166237,12.714803616462847,0.18988073404692832,0.27990784980698274,rf,3-1-0,0-3-0
717,"[[149018  15730]
 [ 77325  10979]]","(array([0.        , 0.09547916, 1.        ]), array([0.        , 0.12433185, 1.        ]), array([2, 1, 0]))",0.12433185359666606,0.04475837794782976,0.632269256911623,0.4110599423415328,0.5144263487761415,12.701019612949082,0.19091754845104467,0.2813108537460285,rf,3-1-0,0-3-1
718,"[[89198  9432]
 [46413  6485]]","(array([0.        , 0.09563013, 1.        ]), array([0.        , 0.12259443, 1.        ]), array([2, 1, 0]))",0.12259442701047299,0.04192133767116777,0.6314542526793728,0.4074260224916756,0.5134821470954221,12.729168929681304,0.1884763496330742,0.2781685911843934,rf,3-1-0,0-3-2
719,"[[237890  25114]
 [123820  17446]]","(array([0.        , 0.09548904, 1.        ]), array([0.        , 0.12349752, 1.        ]), array([2, 1, 0]))",0.12349751532569762,0.043511932360486165,0.6315976946100379,0.4099154135338346,0.5140042366669705,12.724214521704523,0.18980992895455487,0.28002670895584675,rf,3-1-0,0-3-3
720,"[[  8861  24514]
 [ 33767 170504]]","(array([0.        , 0.73450187, 1.        ]), array([0.        , 0.83469509, 1.        ]), array([2, 1, 0]))",0.8346950864293022,0.09073346035664122,0.754757075650337,0.8742987826764709,0.5500966068850631,8.470473007764461,0.854038052638565,0.8660802179728001,rf,3-1-0,1-0-0
721,"[[ 16668  45631]
 [ 62819 318694]]","(array([0.        , 0.73245156, 1.        ]), array([0.        , 0.83534244, 1.        ]), array([2, 1, 0]))",0.8353424391829374,0.09321365315093512,0.7556397754003947,0.8747519385164345,0.551445437476186,8.43998536871108,0.8545930885795575,0.8665753396348623,rf,3-1-0,1-0-1
722,"[[ 4993 13851]
 [18916 95883]]","(array([0.        , 0.73503502, 1.        ]), array([0.        , 0.83522505, 1.        ]), array([2, 1, 0]))",0.8352250455143337,0.09097640203361058,0.7548169376622793,0.8737765870195199,0.5500950105516903,8.468405837612472,0.8540659947535552,0.8657841747406251,rf,3-1-0,1-0-2
723,"[[  6143  16801]
 [ 22899 115050]]","(array([0.        , 0.73226116, 1.        ]), array([0.        , 0.83400387, 1.        ]), array([2, 1, 0]))",0.8340038709958028,0.09250009664490398,0.7532521613743295,0.872575862147424,0.5508713566973434,8.522451920931172,0.8528539659006672,0.8645786522342275,rf,3-1-0,1-0-3
724,"[[  4384  33020]
 [ 37708 189128]]","(array([0.        , 0.88279328, 1.        ]), array([0.        , 0.83376536, 1.        ]), array([2, 1, 0]))",0.8337653635225449,-0.04670221769735857,0.7323342415985468,0.8513603543583557,0.47548603969090564,9.244947697420482,0.8424710011938064,0.8477821966097318,rf,3-1-0,1-1-0
725,"[[  8314  23043]
 [ 31724 160426]]","(array([0.        , 0.73485984, 1.        ]), array([0.        , 0.83489982, 1.        ]), array([2, 1, 0]))",0.8348998178506375,0.09060319237241819,0.7549651688761426,0.8744038502417302,0.5500199889712415,8.463285677601407,0.8541953415562045,0.8662067803711775,rf,3-1-0,1-1-1
726,"[[  5475  15283]
 [ 20884 106002]]","(array([0.        , 0.73624627, 1.        ]), array([0.        , 0.83541131, 1.        ]), array([2, 1, 0]))",0.8354113140929653,0.09000988783562387,0.7550391482213974,0.8739910129034918,0.5495825237966513,8.460730853419445,0.8542658086561282,0.86599262122851,rf,3-1-0,1-1-2
727,"[[  6454  18109]
 [ 24861 126204]]","(array([0.        , 0.73724708, 1.        ]), array([0.        , 0.83542846, 1.        ]), array([2, 1, 0]))",0.8354284579485652,0.08896574580642798,0.7553351401826588,0.8745158093865417,0.5490906895043481,8.45050733140032,0.8545253878081644,0.8664084457729258,rf,3-1-0,1-1-3
728,"[[  7746  21344]
 [ 29358 148420]]","(array([0.        , 0.73372293, 1.        ]), array([0.        , 0.83486146, 1.        ]), array([2, 1, 0]))",0.8348614564231794,0.09164195172833983,0.7549065104317729,0.8742725194976556,0.5505692637908266,8.465311732033527,0.8541125964631613,0.8660954163817028,rf,3-1-0,1-2-0
729,"[[ 10882  30343]
 [ 41099 207881]]","(array([0.        , 0.73603396, 1.        ]), array([0.        , 0.83493052, 1.        ]), array([2, 1, 0]))",0.83493051650735,0.09003858522612258,0.7538222980307024,0.8726282826247566,0.5494482782658036,8.502760205337722,0.8533632728795331,0.8648188332240598,rf,3-1-0,1-2-1
730,"[[  7230  53641]
 [ 60466 306403]]","(array([0.        , 0.88122423, 1.        ]), array([0.        , 0.83518368, 1.        ]), array([2, 1, 0]))",0.8351836759170167,-0.04406988920337745,0.7332328049749848,0.8510154314472675,0.4769797238154846,9.213912772478201,0.843025231355059,0.8478012445733226,rf,3-1-0,1-2-2
731,"[[ 17226  48479]
 [ 65371 333213]]","(array([0.        , 0.73782817, 1.        ]), array([0.        , 0.83599191, 1.        ]), array([2, 1, 0]))",0.8359919113662365,0.08946879153213821,0.7547863507427486,0.8729892164362889,0.5490818699970974,8.469462891096708,0.8540900911984989,0.8653300799022725,rf,3-1-0,1-2-3
732,"[[  1175  35042]
 [ 32379 187540]]","(array([0.        , 0.96755667, 1.        ]), array([0.        , 0.85276852, 1.        ]), array([2, 1, 0]))",0.8527685193184763,-0.11854070615847777,0.7367765562045163,0.8425658858308399,0.44260592351875166,9.091525060180613,0.8476365025163785,0.8445868351817208,rf,3-1-0,1-3-0
733,"[[ 1436 11194]
 [12664 63915]]","(array([0.        , 0.88630245, 1.        ]), array([0.        , 0.83462829, 1.        ]), array([2, 1, 0]))",0.8346282923516891,-0.04938265299135419,0.732560616081337,0.850963266719035,0.47416291893910656,9.237129414335017,0.8427166288697855,0.8476453191517578,rf,3-1-0,1-3-1
734,"[[  8135  62175]
 [ 70832 358439]]","(array([0.        , 0.88429811, 1.        ]), array([0.        , 0.83499468, 1.        ]), array([2, 1, 0]))",0.8349946770222074,-0.04699880203299908,0.7337628933045892,0.8521803839149434,0.47534828432251036,9.195603409513389,0.8435000029415745,0.8486868804537709,rf,3-1-0,1-3-2
735,"[[  6744  49191]
 [ 56134 284860]]","(array([0.        , 0.87943148, 1.        ]), array([0.        , 0.83538127, 1.        ]), array([2, 1, 0]))",0.8353812677055902,-0.04197662109954029,0.7346502775055489,0.8527440420774074,0.4779748923671421,9.164953824969093,0.8439733647386471,0.849213986661086,rf,3-1-0,1-3-3
736,"[[156105  35767]
 [ 22656 169186]]","(array([0.        , 0.18641073, 1.        ]), array([0.        , 0.88190282, 1.        ]), array([2, 1, 0]))",0.8819028158588839,0.69711802382314,0.8477433713651313,0.8254868189292179,0.8477460418520569,5.258832183660624,0.8527627616275407,0.8361850988579098,rf,3-1-0,2-0-0
737,"[[162795  41597]
 [ 22662 181908]]","(array([0.        , 0.20351579, 1.        ]), array([0.        , 0.88922129, 1.        ]), array([2, 1, 0]))",0.8892212934447866,0.6886924400403036,0.8428729319594486,0.8138878324869689,0.8428527501315287,5.427057998579011,0.8498884541260293,0.8279157829581556,rf,3-1-0,2-0-1
738,"[[82916 18884]
 [12017 90420]]","(array([0.        , 0.18550098, 1.        ]), array([0.        , 0.88268887, 1.        ]), array([2, 1, 0]))",0.882688872184855,0.6989168631246289,0.8487002844734304,0.827234135987704,0.8485939449332919,5.2257809749311175,0.8540622741934722,0.8377605609530567,rf,3-1-0,2-0-2
739,"[[189598  59078]
 [ 26430 221923]]","(array([0.        , 0.23757017, 1.        ]), array([0.       , 0.8935789, 1.       ]), array([2, 1, 0]))",0.8935788977785651,0.6616865439316632,0.8279617487108398,0.7897587553069206,0.8280043630748091,5.942085734621127,0.8384672638725692,0.8085469014257952,rf,3-1-0,2-0-3
740,"[[31182  7185]
 [ 4421 34230]]","(array([0.        , 0.18727031, 1.        ]), array([0.        , 0.88561745, 1.        ]), array([2, 1, 0]))",0.8856174484489405,0.7003393295299135,0.8493079539847828,0.8265121332850417,0.8491735690129604,5.20479347615972,0.8550445882147228,0.8376935162570787,rf,3-1-0,2-1-0
741,"[[180714  37580]
 [ 27642 190627]]","(array([0.        , 0.17215315, 1.        ]), array([0.       , 0.8733581, 1.       ]), array([2, 1, 0]))",0.8733581039909469,0.7019309906922793,0.8506011732556354,0.8353249462111153,0.8506024763681086,5.16012150113567,0.8539182397262115,0.8426642454183859,rf,3-1-0,2-1-1
742,"[[54091 11836]
 [ 7518 58253]]","(array([0.        , 0.17953191, 1.        ]), array([0.       , 0.8856943, 1.       ]), array([2, 1, 0]))",0.8856943029602713,0.7076303560944467,0.8530425670853012,0.8311289931372968,0.8530811982288122,5.075801776657847,0.857544531134992,0.8414974850271721,rf,3-1-0,2-1-2
743,"[[143756  31046]
 [ 20360 154796]]","(array([0.        , 0.17760666, 1.        ]), array([0.        , 0.88376076, 1.        ]), array([2, 1, 0]))",0.883760761835164,0.7075184916011124,0.853108087256185,0.8329441138171134,0.8530770491479226,5.0735378635681885,0.8576003191153414,0.8426344875038649,rf,3-1-0,2-1-3
744,"[[161575  37190]
 [ 22546 176456]]","(array([0.        , 0.18710538, 1.        ]), array([0.        , 0.88670466, 1.        ]), array([2, 1, 0]))",0.8867046562346107,0.7015344226976149,0.8498216292452617,0.8259270007395411,0.8497996402698472,5.187051926768218,0.8552373936139276,0.837406723323962,rf,3-1-0,2-2-0
745,"[[127890  35472]
 [ 17198 146306]]","(array([0.       , 0.2171374, 1.       ]), array([0.        , 0.89481603, 1.        ]), array([2, 1, 0]))",0.8948160289656523,0.6819885670808433,0.8388636321917851,0.80486087425321,0.8388393142955121,5.565539750356385,0.8474580198214793,0.8213753177575971,rf,3-1-0,2-2-1
746,"[[167480  49913]
 [ 23013 193888]]","(array([0.        , 0.22959801, 1.        ]), array([0.       , 0.8939009, 1.       ]), array([2, 1, 0]))",0.8939009040991052,0.6693641492525981,0.832081493182038,0.7952715534390753,0.8321514474817883,5.799791656531727,0.8417067865995806,0.8132169565600347,rf,3-1-0,2-2-2
747,"[[161281  48291]
 [ 22860 187755]]","(array([0.        , 0.23042677, 1.        ]), array([0.        , 0.89146072, 1.        ]), array([2, 1, 0]))",0.8914607221707855,0.6661337995399962,0.830668250088651,0.7954169949925015,0.8305169738008318,5.848603342401817,0.8407046955073312,0.8129336793675783,rf,3-1-0,2-2-3
748,"[[49038 11199]
 [ 6830 53213]]","(array([0.        , 0.18591563, 1.        ]), array([0.        , 0.88624819, 1.        ]), array([2, 1, 0]))",0.886248188798028,0.7021052489842412,0.8501080811439974,0.8261348816990622,0.8501662777746801,5.177157917488073,0.8551363946808082,0.8374961833983336,rf,3-1-0,2-3-0
749,"[[31535  7074]
 [ 4448 34100]]","(array([0.        , 0.18322153, 1.        ]), array([0.        , 0.88461139, 1.        ]), array([2, 1, 0]))",0.884611393587216,0.7029824343752314,0.8506681182523945,0.8281925486957789,0.8506949324640476,5.1578137819560395,0.8554727678683425,0.8388931530574089,rf,3-1-0,2-3-1
750,"[[173401  37729]
 [ 24966 187211]]","(array([0.        , 0.17870033, 1.        ]), array([0.        , 0.88233409, 1.        ]), array([2, 1, 0]))",0.882334088991738,0.7050221115277046,0.8518923618083329,0.8322708277762959,0.8518168810894371,5.115527865332653,0.8565715815216521,0.8418237723899826,rf,3-1-0,2-3-2
751,"[[173611  37813]
 [ 25202 185969]]","(array([0.        , 0.17884914, 1.        ]), array([0.        , 0.88065596, 1.        ]), array([2, 1, 0]))",0.8806559612825625,0.7030349291582387,0.8508855996876442,0.8310275178521954,0.8509034120019593,5.150300476112886,0.8551222775794166,0.8405006241531449,rf,3-1-0,2-3-3
752,"[[63035 10876]
 [  313 36282]]","(array([0.        , 0.14714995, 1.        ]), array([0.        , 0.99144692, 1.        ]), array([2, 1, 0]))",0.9914469189780024,0.8033716494029255,0.8987475793169601,0.7693710505110479,0.9221484841808603,3.4972134137902606,0.8664047855002209,0.8054540530220621,rf,3-1-0,3-0-0
753,"[[215963  41951]
 [  1333 128302]]","(array([0.        , 0.16265499, 1.        ]), array([0.        , 0.98971728, 1.        ]), array([2, 1, 0]))",0.9897172831411271,0.786255255356981,0.888313477779584,0.7535961187174381,0.9135311448080768,3.8576023712849428,0.8556661153497306,0.7913555468656518,rf,3-1-0,3-0-1
754,"[[74344  6561]
 [ 1266 39091]]","(array([0.        , 0.08109511, 1.        ]), array([0.        , 0.96862998, 1.        ]), array([2, 1, 0]))",0.9686299774512476,0.8632031531043919,0.9354538107568735,0.8562823096468939,0.9437674329503317,2.2293896604188084,0.9089978955690683,0.8766174063193776,rf,3-1-0,3-0-2
755,"[[175877  21283]
 [  1205  97274]]","(array([0.        , 0.10794786, 1.        ]), array([0.        , 0.98776389, 1.        ]), array([2, 1, 0]))",0.9877638887478549,0.8461011394377808,0.923934257658834,0.8204829744342383,0.939908014570722,2.6272752289138395,0.8963858530382055,0.8492475209836792,rf,3-1-0,3-0-3
756,"[[232554   3450]
 [   765 117529]]","(array([0.       , 0.0146184, 1.       ]), array([0.        , 0.99353306, 1.        ]), array([2, 1, 0]))",0.9935330616937461,0.9735445436010377,0.9881032351297495,0.9714826540143331,0.9894573326976892,0.4109074878088022,0.9823841386199028,0.9758140847876987,rf,3-1-0,3-1-0
757,"[[189883  22250]
 [  1068 105571]]","(array([0.        , 0.10488703, 1.        ]), array([0.       , 0.9899849, 1.       ]), array([2, 1, 0]))",0.9899849023340429,0.8521015835085161,0.9268505389431945,0.8259284468123391,0.9425489369565968,2.52654869003347,0.900545935340783,0.8542407387328195,rf,3-1-0,3-1-1
758,"[[109258  18913]
 [  1037  62517]]","(array([0.        , 0.14756068, 1.        ]), array([0.        , 0.98368317, 1.        ]), array([2, 1, 0]))",0.9836831670705227,0.7962805443026709,0.8959447124788108,0.7677391624708338,0.9180612432086664,3.5940211858895053,0.8623986095017381,0.8029948057152545,rf,3-1-0,3-1-2
759,"[[235502  57427]
 [   330 146391]]","(array([0.        , 0.19604409, 1.        ]), array([0.        , 0.99775083, 1.        ]), array([2, 1, 0]))",0.9977508332140593,0.7580890504013464,0.8686295917206869,0.7182437272468575,0.9008533703091214,4.537477599732699,0.8352337400403379,0.7608735198696872,rf,3-1-0,3-1-3
760,"[[61573  7854]
 [  404 34120]]","(array([0.        , 0.11312602, 1.        ]), array([0.      , 0.988298, 1.      ]), array([2, 1, 0]))",0.9882979955972657,0.8400646369235664,0.9205587247837924,0.8128841663887169,0.9375859891708656,2.7438648546660374,0.8920494653454992,0.8428020946546785,rf,3-1-0,3-2-0
761,"[[55374 17312]
 [   44 36399]]","(array([0.        , 0.23817516, 1.        ]), array([0.        , 0.99879264, 1.        ]), array([2, 1, 0]))",0.9987926350739511,0.7175327012686383,0.8409588651962356,0.677682411424103,0.8803087353340754,5.493213039071022,0.8074849701621668,0.7242515530051297,rf,3-1-0,3-2-1
762,"[[221802  42587]
 [  1463 130009]]","(array([0.        , 0.16107705, 1.        ]), array([0.        , 0.98887216, 1.        ]), array([2, 1, 0]))",0.9888721552878179,0.7862044431719197,0.8887235671106778,0.7532561588912837,0.9138975529700383,3.84343785483181,0.8551310890984912,0.7909475625900401,rf,3-1-0,3-2-2
763,"[[172475  40199]
 [   542 105579]]","(array([0.        , 0.18901699, 1.        ]), array([0.        , 0.99489262, 1.        ]), array([2, 1, 0]))",0.9948926225723467,0.7623168274276934,0.87220313994887,0.7242450849922485,0.9029378147139548,4.414047999881281,0.8382645425349048,0.7659166058502713,rf,3-1-0,3-2-3
764,"[[58535  9899]
 [  284 34025]]","(array([0.        , 0.14465032, 1.        ]), array([0.        , 0.99172229, 1.        ]), array([2, 1, 0]))",0.9917222886123175,0.8075148974714735,0.9008886250158161,0.7746334577907295,0.9235359842979756,3.4232626577415206,0.8698375365894188,0.8100997595295352,rf,3-1-0,3-3-0
765,"[[182403  42563]
 [   554 112011]]","(array([0.        , 0.18919748, 1.        ]), array([0.       , 0.9950784, 1.       ]), array([2, 1, 0]))",0.9950783991471595,0.7625850147227033,0.8722576592964795,0.7246432129594886,0.9029404602085201,4.412164971764921,0.8385971348249414,0.7662948221344413,rf,3-1-0,3-3-1
766,"[[140803  24040]
 [   166  82135]]","(array([0.        , 0.14583573, 1.        ]), array([0.        , 0.99798301, 1.        ]), array([2, 1, 0]))",0.9979830135721316,0.8112963613462347,0.902057100313987,0.7735813515422651,0.9260736394820249,3.3829056895471066,0.8715698550478577,0.8100082642835025,rf,3-1-0,3-3-2
767,"[[88618 16768]
 [  263 52393]]","(array([0.        , 0.15911032, 1.        ]), array([0.        , 0.99500532, 1.        ]), array([2, 1, 0]))",0.9950053175326649,0.7942039118109457,0.8922375064856177,0.7575512210638944,0.9179474996370364,3.722069503242389,0.8601919272351151,0.795520801700577,rf,3-1-0,3-3-3
768,"[[230046  25334]
 [114834  22805]]","(array([0.        , 0.09920119, 1.        ]), array([0.        , 0.16568705, 1.        ]), array([2, 1, 0]))",0.1656870509085361,0.09674108473744848,0.6433556647388549,0.4737323168325059,0.5332429302627887,12.318110490136961,0.24550807953579,0.3453262466118506,rf,1-3-0,0-0-0
769,"[[167179  18340]
 [ 87204  12701]]","(array([0.       , 0.0988578, 1.       ]), array([0.        , 0.12713077, 1.        ]), array([2, 1, 0]))",0.12713077423552374,0.0433159086308456,0.63022030382869,0.4091685190554428,0.5141364876519389,12.771789619798344,0.1939883616147114,0.283417161677876,rf,1-3-0,0-0-1
770,"[[263354  29126]
 [131474  25717]]","(array([0.        , 0.09958288, 1.        ]), array([0.        , 0.16360351, 1.        ]), array([2, 1, 0]))",0.1636035141961054,0.09328618678680836,0.642849994773957,0.46892037270025344,0.5320103183671993,12.335575961308175,0.2425743041210372,0.3414700860148236,rf,1-3-0,0-0-2
771,"[[71639  7775]
 [37390  5548]]","(array([0.        , 0.09790465, 1.        ]), array([0.        , 0.12920956, 1.        ]), array([2, 1, 0]))",0.12920955796730169,0.04796338467703642,0.6308601412318556,0.41642272761390076,0.5156524531972655,12.749689851789595,0.19722365404098752,0.2882676919879455,rf,1-3-0,0-0-3
772,"[[240393  26567]
 [120878  22622]]","(array([0.        , 0.09951678, 1.        ]), array([0.       , 0.1576446, 1.       ]), array([2, 1, 0]))",0.1576445993031359,0.08534587178080116,0.6407810748915851,0.4598995710423062,0.5290639088814152,12.407033885037599,0.23480323215129045,0.33242617323427065,rf,1-3-0,0-1-0
773,"[[115621  12783]
 [ 57615  11222]]","(array([0.        , 0.09955297, 1.        ]), array([0.        , 0.16302279, 1.        ]), array([2, 1, 0]))",0.16302279297470837,0.09253319944916921,0.6430863765647101,0.46748594042907726,0.5317349097735447,12.327411653271238,0.24174403825854676,0.34035558089738377,rf,1-3-0,0-1-1
774,"[[284717  31047]
 [148097  21655]]","(array([0.        , 0.09832343, 1.        ]), array([0.        , 0.12756845, 1.        ]), array([2, 1, 0]))",0.1275684528017343,0.04483080136552557,0.6310234884123284,0.41089522219270613,0.514622510689133,12.744048360077308,0.1946919363104282,0.2845149253731343,rf,1-3-0,0-1-2
775,"[[283883  30943]
 [147769  21539]]","(array([0.        , 0.09828604, 1.        ]), array([0.        , 0.12721785, 1.        ]), array([2, 1, 0]))",0.12721785148959294,0.04437901252579281,0.6308625297954699,0.41040737776761554,0.5144659070614602,12.749607647945728,0.19422877496731145,0.28397884167114934,rf,1-3-0,0-1-3
776,"[[43933  5334]
 [19578  7408]]","(array([0.       , 0.1082672, 1.       ]), array([0.        , 0.27451271, 1.        ]), array([2, 1, 0]))",0.27451271029422664,0.2130855373087984,0.6732980997468953,0.5813843980536807,0.5831227565922997,11.283939813551042,0.3729359645590012,0.4751520127254535,rf,1-3-0,0-2-0
777,"[[114581  12678]
 [ 57496  11213]]","(array([0.       , 0.0996236, 1.       ]), array([0.        , 0.16319551, 1.        ]), array([2, 1, 0]))",0.16319550568338936,0.09271237465413411,0.6419109242325277,0.4693399187978737,0.5317859517117156,12.368010246737645,0.2421814254859611,0.3412916303957436,rf,1-3-0,0-2-1
778,"[[97382 10807]
 [48517  9520]]","(array([0.        , 0.09989001, 1.        ]), array([0.        , 0.16403329, 1.        ]), array([2, 1, 0]))",0.16403328910867204,0.09333239404492101,0.6431123891569309,0.46834259851429133,0.5320716409033179,12.326513373967424,0.24296871012199478,0.34159819153898596,rf,1-3-0,0-2-2
779,"[[249592  27184]
 [130152  18969]]","(array([0.        , 0.09821661, 1.        ]), array([0.        , 0.12720542, 1.        ]), array([2, 1, 0]))",0.12720542378337055,0.04448551866516664,0.630577346165857,0.4110025350464758,0.5144944077034609,12.75945747240814,0.19428085664246136,0.28419425109293955,rf,1-3-0,0-2-3
780,"[[232493  25282]
 [120630  17564]]","(array([0.        , 0.09807778, 1.        ]), array([0.        , 0.12709669, 1.        ]), array([2, 1, 0]))",0.12709669016020955,0.044527460796178545,0.6315065068225038,0.40993324931148767,0.5145094545748191,12.7273654168797,0.19403446752098982,0.28367648863937356,rf,1-3-0,0-3-0
781,"[[148241  16507]
 [ 73754  14550]]","(array([0.        , 0.10019545, 1.        ]), array([0.       , 0.1647717, 1.       ]), array([2, 1, 0]))",0.16477169777133538,0.09380407879752302,0.6433104658331094,0.4684934153330972,0.5322881238753489,12.319672222056388,0.24379822555105937,0.342301394613517,rf,1-3-0,0-3-1
782,"[[88965  9665]
 [45976  6922]]","(array([0.       , 0.0979925, 1.       ]), array([0.        , 0.13085561, 1.        ]), array([2, 1, 0]))",0.13085560890770917,0.0501737938584311,0.6328005385143339,0.41731476457466693,0.5164315558479537,12.682671093780609,0.199237245448658,0.2902403434916056,rf,1-3-0,0-3-2
783,"[[236801  26203]
 [117975  23291]]","(array([0.        , 0.09962966, 1.        ]), array([0.        , 0.16487336, 1.        ]), array([2, 1, 0]))",0.16487335947786447,0.09490414114502563,0.6433621094812872,0.47058229280316805,0.5326218480253461,12.317888180960487,0.24419165443489202,0.3432800183939489,rf,1-3-0,0-3-3
784,"[[ 10273  23102]
 [   189 204082]]","(array([0.        , 0.69219476, 1.        ]), array([0.        , 0.99907476, 1.        ]), array([2, 1, 0]))",0.9990747585315586,0.5197402538361884,0.9019928801662978,0.8983115008099162,0.6534400009886259,3.3851237273663237,0.9460175452828221,0.9168046562151001,rf,1-3-0,1-0-0
785,"[[ 11165  51134]
 [   358 381155]]","(array([0.        , 0.82078364, 1.        ]), array([0.        , 0.99906163, 1.        ]), array([2, 1, 0]))",0.9990616309273865,0.38942431606966454,0.8839779005524862,0.8817133908103144,0.5891389953702728,4.00735347566478,0.9367266239208064,0.9029246177396836,rf,1-3-0,1-0-1
786,"[[  9105   9739]
 [   368 114431]]","(array([0.        , 0.51682233, 1.        ]), array([0.       , 0.9967944, 1.       ]), array([2, 1, 0]))",0.9967943971637384,0.6509077672437962,0.9243731433745127,0.9215672062494966,0.7399860332241956,2.612117359702603,0.9577058112140069,0.9356903507724714,rf,1-3-0,1-0-2
787,"[[ 10030  12914]
 [  5809 132140]]","(array([0.        , 0.56284868, 1.        ]), array([0.        , 0.95789023, 1.        ]), array([2, 1, 0]))",0.9578902347969177,0.46366882677483917,0.8836307359549515,0.9109710866298069,0.6975207798810252,4.01931616939908,0.9338416907241265,0.9199835692354822,rf,1-3-0,1-0-3
788,"[[  6707  30697]
 [   209 226627]]","(array([0.        , 0.82068763, 1.        ]), array([0.        , 0.99907863, 1.        ]), array([2, 1, 0]))",0.9990786294944365,0.3895115331141672,0.8830381471389646,0.8807068132004787,0.5891955012513355,4.039812172659038,0.9361657303370786,0.9020827428964471,rf,1-3-0,1-1-0
789,"[[ 19103  12254]
 [  2474 189676]]","(array([0.        , 0.39078994, 1.        ]), array([0.        , 0.98712464, 1.        ]), array([2, 1, 0]))",0.9871246422066094,0.7012640574910515,0.934104972103782,0.9393156044173724,0.7981673534724727,2.2759774727912516,0.9626268777913114,0.9485033054297058,rf,1-3-0,1-1-1
790,"[[  3697  17061]
 [   126 126760]]","(array([0.        , 0.82189999, 1.        ]), array([0.        , 0.99900698, 1.        ]), array([2, 1, 0]))",0.9990069826458395,0.38763413487340054,0.883591612256509,0.8813733738466566,0.5885534961403396,4.020695672232441,0.9365106923721956,0.9026304171354514,rf,1-3-0,1-1-2
791,"[[  4328  20235]
 [   161 150904]]","(array([0.        , 0.82380002, 1.        ]), array([0.        , 0.99893423, 1.        ]), array([2, 1, 0]))",0.9989342336080496,0.38489681697701583,0.8838681759172797,0.8817627776252053,0.587567104590533,4.011143230035065,0.9366984891559386,0.9029452347415874,rf,1-3-0,1-1-3
792,"[[ 13899  15191]
 [  1156 176622]]","(array([0.        , 0.52220694, 1.        ]), array([0.        , 0.99349751, 1.        ]), array([2, 1, 0]))",0.9934975081281149,0.6306962002781421,0.9209785950461163,0.9208030738271129,0.7356452820805579,2.729361353192215,0.9557700268675374,0.9344782705310943,rf,1-3-0,1-2-0
793,"[[  7171  34054]
 [   250 248730]]","(array([0.        , 0.82605215, 1.        ]), array([0.       , 0.9989959, 1.       ]), array([2, 1, 0]))",0.9989959032854044,0.3824800644593159,0.8817939043090229,0.8795759307457282,0.5864718752327568,4.0827877360552165,0.935490179854221,0.9011199058629853,rf,1-3-0,1-2-1
794,"[[ 10893  49978]
 [   354 366515]]","(array([0.        , 0.82104779, 1.        ]), array([0.        , 0.99903508, 1.        ]), array([2, 1, 0]))",0.9990350779160954,0.3886221157755884,0.8823303876186468,0.8800027851608551,0.5889936441641392,4.064257857083769,0.9357487343016383,0.9014846709604932,rf,1-3-0,1-2-2
795,"[[ 11546  54159]
 [   330 398254]]","(array([0.        , 0.82427517, 1.        ]), array([0.        , 0.99917207, 1.        ]), array([2, 1, 0]))",0.9991720691247015,0.3861345116192373,0.8826399074714241,0.8802885858717587,0.587448449903649,4.053567266033679,0.9359703970754304,0.9017469147319399,rf,1-3-0,1-2-3
796,"[[ 35803    414]
 [  1183 218736]]","(array([0.       , 0.0114311, 1.       ]), array([0.        , 0.99462075, 1.        ]), array([2, 1, 0]))",0.9946207467294776,0.9746203852585003,0.9937650310772402,0.9981108829568789,0.9915948254176422,0.21534948986479338,0.9963627584730419,0.9974108975767864,rf,1-3-0,1-3-0
797,"[[ 2288 10342]
 [   89 76490]]","(array([0.        , 0.81884402, 1.        ]), array([0.       , 0.9988378, 1.       ]), array([2, 1, 0]))",0.9988378014860471,0.38963640139190164,0.8830723357508772,0.880896443707389,0.5899968896583045,4.038631147215376,0.9361670878949397,0.9022026057602256,rf,1-3-0,1-3-1
798,"[[ 12406  57904]
 [   441 428830]]","(array([0.        , 0.82355284, 1.        ]), array([0.        , 0.99897268, 1.        ]), array([2, 1, 0]))",0.9989726769336853,0.38539522469977106,0.8832121317664202,0.8810356375350807,0.5877099197497326,4.033802744000797,0.936304932833336,0.9023414205917245,rf,1-3-0,1-3-2
799,"[[  9977  45958]
 [   292 340702]]","(array([0.        , 0.82163225, 1.        ]), array([0.        , 0.99914368, 1.        ]), array([2, 1, 0]))",0.9991436799474478,0.38905661863532315,0.8834804209317032,0.8811410541561061,0.5887557141133503,4.024536267602812,0.9364395715546124,0.9024577857783871,rf,1-3-0,1-3-3
800,"[[129483  62389]
 [ 72389 119453]]","(array([0.        , 0.32515948, 1.        ]), array([0.        , 0.62266344, 1.        ]), array([2, 1, 0]))",0.6226634417906403,0.29791012037596604,0.648754019921087,0.6569054453866543,0.6487519802348798,12.13173637406335,0.639326275676775,0.6497590322124432,rf,1-3-0,2-0-0
801,"[[139422  64970]
 [ 84637 119933]]","(array([0.        , 0.31786958, 1.        ]), array([0.        , 0.58626876, 1.        ]), array([2, 1, 0]))",0.5862687588600479,0.26963789016225587,0.634178725651772,0.6486265771783043,0.6341995874616495,12.635146223752923,0.615873244101645,0.6351158992651841,rf,1-3-0,2-0-1
802,"[[68486 33314]
 [38804 63633]]","(array([0.        , 0.32724951, 1.        ]), array([0.        , 0.62119156, 1.        ]), array([2, 1, 0]))",0.6211915616427658,0.294318273688028,0.6468906221693425,0.6563689438559213,0.6469710264009506,12.196096269710964,0.6382959515307146,0.6490183079198326,rf,1-3-0,2-0-2
803,"[[184611  64065]
 [ 16993 231360]]","(array([0.        , 0.25762438, 1.        ]), array([0.        , 0.93157723, 1.        ]), array([2, 1, 0]))",0.9315772307964872,0.6862904615496505,0.8369149486247281,0.7831429296775831,0.8369764260434204,5.632861187632988,0.8509354920574206,0.8089210679604183,rf,1-3-0,2-0-3
804,"[[25294 13073]
 [11977 26674]]","(array([0.        , 0.34073553, 1.        ]), array([0.        , 0.69012445, 1.        ]), array([2, 1, 0]))",0.690124446974205,0.3495672318646005,0.6747513568256771,0.67109467381186,0.6746944595232794,11.23382588264714,0.6804765427689482,0.6748162053036092,rf,1-3-0,2-1-0
805,"[[147034  71260]
 [ 87243 131026]]","(array([0.        , 0.32644049, 1.        ]), array([0.        , 0.60029597, 1.        ]), array([2, 1, 0]))",0.6002959650706239,0.2745937314604139,0.6369298360145043,0.647726486262025,0.6369277382775678,12.540129727520204,0.6231099380580424,0.6376500978671673,rf,1-3-0,2-1-1
806,"[[43556 22371]
 [19934 45837]]","(array([0.        , 0.33932986, 1.        ]), array([0.        , 0.69691809, 1.        ]), array([2, 1, 0]))",0.696918094600964,0.35781766180291463,0.6787726465094382,0.6720179451090781,0.6787941148752238,11.094935558480826,0.6842415602445159,0.6768546055410023,rf,1-3-0,2-1-2
807,"[[115906  58896]
 [ 53720 121436]]","(array([0.        , 0.33692978, 1.        ]), array([0.        , 0.69330197, 1.        ]), array([2, 1, 0]))",0.6933019708145881,0.3565388838808355,0.6782013841661,0.673402391145221,0.6781860937012495,11.114665004313405,0.6832073093887838,0.6772903922434755,rf,1-3-0,2-1-3
808,"[[135163  63602]
 [ 82813 116189]]","(array([0.        , 0.31998591, 1.        ]), array([0.        , 0.58385845, 1.        ]), array([2, 1, 0]))",0.5838584536838826,0.26509684701365044,0.6319076243127258,0.6462448064697343,0.6319362703355141,12.713588110267072,0.6134696258906579,0.6327232766188249,rf,1-3-0,2-2-0
809,"[[111504  51858]
 [ 64244  99260]]","(array([0.        , 0.31744224, 1.        ]), array([0.        , 0.60707995, 1.        ]), array([2, 1, 0]))",0.6070799491143948,0.2904634650793296,0.6448024572760703,0.6568377029870697,0.6448188521419478,12.268215362030482,0.6309793974992213,0.646244153463129,rf,1-3-0,2-2-1
810,"[[167728  49665]
 [ 28445 188456]]","(array([0.        , 0.22845722, 1.        ]), array([0.        , 0.86885722, 1.        ]), array([2, 1, 0]))",0.8688572205752855,0.6434079374974944,0.8201448788148121,0.7914295673208159,0.8202000012707931,6.212067254470117,0.8283379704717574,0.8057910782163276,rf,1-3-0,2-2-2
811,"[[139939  69633]
 [ 70118 140497]]","(array([0.       , 0.3322629, 1.       ]), array([0.        , 0.66707974, 1.        ]), array([2, 1, 0]))",0.6670797426584052,0.3348158185145951,0.667407606613246,0.668619426069576,0.6674084224715309,11.48746681437793,0.6678486969542122,0.6683109210520057,rf,1-3-0,2-2-3
812,"[[39877 20360]
 [18436 41607]]","(array([0.        , 0.33799824, 1.        ]), array([0.        , 0.69295338, 1.        ]), array([2, 1, 0]))",0.6929533834085572,0.35511858706151617,0.6774526105753242,0.6714380234641019,0.6774775715621731,11.140527509316874,0.6820260634374232,0.6756335434589865,rf,1-3-0,2-3-0
813,"[[25634 12975]
 [11878 26670]]","(array([0.        , 0.33606154, 1.        ]), array([0.        , 0.69186469, 1.        ]), array([2, 1, 0]))",0.6918646881809691,0.3559390747661171,0.6778905348834195,0.6727203934922437,0.677901574062771,11.12540125353982,0.6821582494596703,0.6764640233756747,rf,1-3-0,2-3-1
814,"[[143063  68067]
 [ 80411 131766]]","(array([0.        , 0.32239379, 1.        ]), array([0.        , 0.62101924, 1.        ]), array([2, 1, 0]))",0.6210192433675658,0.2990913471541221,0.6492427481709492,0.6593805827866268,0.6493127287742011,12.11485486363757,0.6396252518142763,0.6513337993038123,rf,1-3-0,2-3-2
815,"[[144014  67410]
 [ 82185 128986]]","(array([0.        , 0.31883797, 1.        ]), array([0.        , 0.61081304, 1.        ]), array([2, 1, 0]))",0.6108130377750732,0.292703814420647,0.6460085897845455,0.6567649035621906,0.6459875314499703,12.22655771047796,0.6329560538512685,0.6470296110879804,rf,1-3-0,2-3-3
816,"[[49867 24044]
 [16004 20591]]","(array([0.        , 0.32531017, 1.        ]), array([0.       , 0.5626725, 1.       ]), array([2, 1, 0]))",0.5626724962426561,0.22766292218475584,0.6375943387689357,0.4613195922482357,0.6186811629513262,12.517222074674628,0.5069801797365506,0.4785599739698329,rf,1-3-0,3-0-0
817,"[[175917  81997]
 [ 72747  56888]]","(array([0.       , 0.3179238, 1.       ]), array([0.        , 0.43883211, 1.        ]), array([2, 1, 0]))",0.43883210552705676,0.11896537705946085,0.6007111358821723,0.4096050689419304,0.5604541507341698,13.79111797229393,0.4237151795024579,0.4151348195716423,rf,1-3-0,3-0-1
818,"[[55407 25498]
 [22570 17787]]","(array([0.        , 0.31515976, 1.        ]), array([0.        , 0.44074138, 1.        ]), array([2, 1, 0]))",0.4407413831553386,0.12351544139437144,0.6036021177285547,0.41092757306226174,0.5627908139434069,13.691265952118899,0.4253126419741279,0.4165632303966801,rf,1-3-0,3-0-2
819,"[[134497  62663]
 [ 54210  44269]]","(array([0.        , 0.31782816, 1.        ]), array([0.        , 0.44952731, 1.        ]), array([2, 1, 0]))",0.4495273103910478,0.1291862653383483,0.6046766495624731,0.41399206972655517,0.5658495752604458,13.654154285382392,0.43102852330206265,0.42064244679375223,rf,1-3-0,3-0-3
820,"[[156894  79110]
 [ 62851  55443]]","(array([0.        , 0.33520618, 1.        ]), array([0.        , 0.46868818, 1.        ]), array([2, 1, 0]))",0.46868818367795495,0.12970524980931625,0.599317523666518,0.4120532429600232,0.5667410003659515,13.839260994842244,0.4385497949352771,0.42225813625465713,rf,1-3-0,3-1-0
821,"[[146942  65191]
 [ 65027  41612]]","(array([0.        , 0.30731192, 1.        ]), array([0.        , 0.39021371, 1.        ]), array([2, 1, 0]))",0.3902137116814674,0.08287015524028199,0.5915011356078953,0.3896145239365935,0.5414508947220016,14.109214457821109,0.3899138876134969,0.38973421422831467,rf,1-3-0,3-1-1
822,"[[89235 38936]
 [35532 28022]]","(array([0.        , 0.30378167, 1.        ]), array([0.        , 0.44091639, 1.        ]), array([2, 1, 0]))",0.4409163860653932,0.13541371425901944,0.6115895162341896,0.41850114997461096,0.5685673596928615,13.415385232503588,0.42941645212700746,0.4227999975858968,rf,1-3-0,3-1-2
823,"[[199828  93101]
 [ 82420  64301]]","(array([0.        , 0.31782787, 1.        ]), array([0.        , 0.43825356, 1.        ]), array([2, 1, 0]))",0.43825355606900174,0.11844749889015131,0.6007710678949164,0.40851450426297,0.5602128432584972,13.789048140410479,0.4228618026259112,0.4141349865842961,rf,1-3-0,3-1-3
824,"[[47375 22052]
 [19354 15170]]","(array([0.        , 0.31762859, 1.        ]), array([0.        , 0.43940447, 1.        ]), array([2, 1, 0]))",0.43940447225118756,0.11962690967174132,0.6016777135381093,0.40755467196819084,0.5608879419749031,13.757734010545377,0.4228807180888133,0.4135498222580855,rf,1-3-0,3-2-0
825,"[[49421 23265]
 [20117 16326]]","(array([0.        , 0.32007539, 1.        ]), array([0.        , 0.44798727, 1.        ]), array([2, 1, 0]))",0.4479872677880526,0.1254682893943391,0.6024704707273044,0.4123664469197545,0.5639559375013234,13.730353986550124,0.4294394612936318,0.4190301169875826,rf,1-3-0,3-2-1
826,"[[180212  84177]
 [ 73244  58228]]","(array([0.        , 0.31838314, 1.        ]), array([0.        , 0.44289278, 1.        ]), array([2, 1, 0]))",0.44289278325422904,0.12218767676003728,0.6023326369609535,0.40889013728450546,0.5622548216298756,13.735114160213092,0.4252127779988827,0.4152664700210528,rf,1-3-0,3-2-2
827,"[[145112  67562]
 [ 57685  48436]]","(array([0.       , 0.3176787, 1.       ]), array([0.        , 0.45642239, 1.        ]), array([2, 1, 0]))",0.4564223857671903,0.13589862982137596,0.6071237001835035,0.4175589234297143,0.5693718425163664,13.569636128342532,0.43612658079678013,0.42479297963737017,rf,1-3-0,3-2-3
828,"[[46798 21636]
 [19218 15091]]","(array([0.        , 0.31615863, 1.        ]), array([0.        , 0.43985543, 1.        ]), array([2, 1, 0]))",0.4398554315194264,0.12172537354111819,0.6023670712359966,0.4108966155689275,0.5618483984612943,13.733923196010245,0.4248831578354637,0.41637925801663195,rf,1-3-0,3-3-0
829,"[[153804  71162]
 [ 63222  49343]]","(array([0.        , 0.31632336, 1.        ]), array([0.        , 0.43835117, 1.        ]), array([2, 1, 0]))",0.43835117487673786,0.12007720349391833,0.6018617549202888,0.4094684867847807,0.561013909673729,13.751376401000222,0.42341785729609127,0.41493646829301106,rf,1-3-0,3-3-1
830,"[[112119  52724]
 [ 45762  36539]]","(array([0.        , 0.31984373, 1.        ]), array([0.        , 0.44396787, 1.        ]), array([2, 1, 0]))",0.4439678740234019,0.1217848886919177,0.6015035768620723,0.40934093633420343,0.5620620719643529,13.76374943354515,0.4259518313865379,0.41582736432891093,rf,1-3-0,3-3-2
831,"[[73378 32008]
 [29589 23067]]","(array([0.        , 0.30372156, 1.        ]), array([0.        , 0.43806974, 1.        ]), array([2, 1, 0]))",0.43806973564266183,0.13289874919481942,0.6102491742701307,0.41882886972310485,0.5671740893498073,13.461678560837365,0.42823328475554856,0.4225406292589281,rf,1-3-0,3-3-3
832,"[[229581  25799]
 [119854  17785]]","(array([0.        , 0.10102201, 1.        ]), array([0.        , 0.12921483, 1.        ]), array([2, 1, 0]))",0.12921483009902718,0.04283078425525615,0.6293995964571687,0.4080625917767988,0.5140964118386122,12.800136957913047,0.1962775144435309,0.2850388652936934,rf,2-1-0,0-0-0
833,"[[165879  19640]
 [ 86914  12991]]","(array([0.        , 0.10586517, 1.        ]), array([0.        , 0.13003353, 1.        ]), array([2, 1, 0]))",0.1300335318552625,0.03622741585236688,0.6266817086159538,0.39811835371272714,0.5120841822030532,12.894012010471583,0.1960373030723728,0.28188726245394463,rf,2-1-0,0-0-1
834,"[[262805  29675]
 [136883  20308]]","(array([0.        , 0.10145993, 1.        ]), array([0.        , 0.12919315, 1.        ]), array([2, 1, 0]))",0.12919314719036076,0.0420717407291402,0.6296003077805774,0.40629814136806514,0.5138666091531673,12.79320491389766,0.19604776661164044,0.2843278086261596,rf,2-1-0,0-0-2
835,"[[71684  7730]
 [37401  5537]]","(array([0.      , 0.097338, 1.      ]), array([0.        , 0.12895337, 1.        ]), array([2, 1, 0]))",0.12895337463319204,0.04852872483487634,0.6311380279848307,0.41735132283108467,0.5158076868884599,12.74009168928051,0.1970287340983898,0.28836739370456016,rf,2-1-0,0-0-3
836,"[[240606  26354]
 [125109  18391]]","(array([0.        , 0.09871891, 1.        ]), array([0.        , 0.12816028, 1.        ]), array([2, 1, 0]))",0.1281602787456446,0.045046744775533734,0.6309920576913707,0.411017990836965,0.5147206847728822,12.74513414630666,0.19539429998140717,0.28514946663358964,rf,2-1-0,0-1-0
837,"[[115409  12995]
 [ 59996   8841]]","(array([0.        , 0.10120401, 1.        ]), array([0.        , 0.12843384, 1.        ]), array([2, 1, 0]))",0.12843383645423245,0.04136543091346709,0.6299400226119316,0.4048818464920315,0.513614912059084,12.78147149228371,0.19500843691065697,0.28303698913440173,rf,2-1-0,0-1-1
838,"[[283809  31955]
 [147881  21871]]","(array([0.      , 0.101199, 1.      ]), array([0.       , 0.1288409, 1.       ]), array([2, 1, 0]))",0.12884089730901552,0.04198311034090522,0.6295982006772176,0.40632779697543936,0.5138209502949734,12.793277549846017,0.19564536761219797,0.2839976522895371,rf,2-1-0,0-1-2
839,"[[282940  31886]
 [147508  21800]]","(array([0.        , 0.10128134, 1.        ]), array([0.        , 0.12875942, 1.        ]), array([2, 1, 0]))",0.12875942070073476,0.041732030555644256,0.6294538288986107,0.4060648958760198,0.5137390389953966,12.798264010691803,0.19552095572078174,0.28381573328611753,rf,2-1-0,0-1-3
840,"[[44510  4757]
 [23580  3406]]","(array([0.       , 0.0965555, 1.       ]), array([0.        , 0.12621359, 1.        ]), array([2, 1, 0]))",0.1262135922330097,0.04586948974464236,0.6283818341573446,0.4172485605782188,0.514829044274501,12.835286616756843,0.19380352214856755,0.28555618900700896,rf,2-1-0,0-2-0
841,"[[114697  12562]
 [ 59992   8717]]","(array([0.        , 0.09871208, 1.        ]), array([0.        , 0.12686839, 1.        ]), array([2, 1, 0]))",0.1268683869653175,0.04318356008543801,0.6297660842586544,0.40965270924385544,0.5140781557957368,12.787477685638818,0.19373694270347158,0.2833414594506745,rf,2-1-0,0-2-1
842,"[[97319 10870]
 [50571  7466]]","(array([0.        , 0.10047232, 1.        ]), array([0.        , 0.12864207, 1.        ]), array([2, 1, 0]))",0.12864207316022538,0.04286524825349193,0.6303767160372024,0.40717713787085513,0.5140848757874258,12.766388243137495,0.19551412148272296,0.28413545337605894,rf,2-1-0,0-2-2
843,"[[248785  27991]
 [129907  19214]]","(array([0.        , 0.10113232, 1.        ]), array([0.        , 0.12884838, 1.        ]), array([2, 1, 0]))",0.1288483848686637,0.04211415238198761,0.6292577782891169,0.4070331532676623,0.513858030628395,12.805035247337448,0.19573566415044366,0.2842803921394563,rf,2-1-0,0-2-3
844,"[[231753  26022]
 [120444  17750]]","(array([0.       , 0.1009485, 1.       ]), array([0.        , 0.12844262, 1.        ]), array([2, 1, 0]))",0.12844262413708266,0.04179398995771899,0.6301074073980539,0.4055103719272594,0.513747061268425,12.77569009336922,0.1950913906993614,0.2832910923704522,rf,2-1-0,0-3-0
845,"[[148044  16704]
 [ 76921  11383]]","(array([0.        , 0.10139122, 1.        ]), array([0.        , 0.12890696, 1.        ]), array([2, 1, 0]))",0.12890695778220693,0.041751428495166186,0.6300167554494729,0.4052764624203368,0.513757871053679,12.77882133493901,0.19559931609832376,0.28365030002192854,rf,2-1-0,0-3-1
846,"[[88347 10283]
 [46184  6714]]","(array([0.        , 0.10425834, 1.        ]), array([0.        , 0.12692351, 1.        ]), array([2, 1, 0]))",0.12692351317630157,0.034236225354747414,0.6273494007708146,0.39501088427369535,0.5113325869643041,12.870949982523337,0.19211674654839403,0.2776996509107754,rf,2-1-0,0-3-2
847,"[[236575  26429]
 [123115  18151]]","(array([0.        , 0.10048897, 1.        ]), array([0.       , 0.1284881, 1.       ]), array([2, 1, 0]))",0.12848810046295642,0.04261970054339582,0.6300888020382418,0.4071556751906685,0.5139995672578351,12.776332425757554,0.19533377097166474,0.2839767699461178,rf,2-1-0,0-3-3
848,"[[  9825  23550]
 [ 13835 190436]]","(array([0.        , 0.70561798, 1.        ]), array([0.        , 0.93227135, 1.        ]), array([2, 1, 0]))",0.9322713454185861,0.263012337428036,0.8426861802849617,0.8899460712383053,0.6133266839452483,5.433506080654491,0.91061715643731,0.8981008569016661,rf,2-1-0,1-0-0
849,"[[ 18207  44092]
 [ 42122 339391]]","(array([0.        , 0.70774812, 1.        ]), array([0.        , 0.88959223, 1.        ]), array([2, 1, 0]))",0.8895922288362389,0.18431400142983448,0.805742070966986,0.885022282604444,0.5909220554444601,6.709510612513231,0.8873013715104394,0.8859325117661955,rf,2-1-0,1-0-1
850,"[[  5498  13346]
 [ 12840 101959]]","(array([0.        , 0.70823604, 1.        ]), array([0.        , 0.88815234, 1.        ]), array([2, 1, 0]))",0.8881523358217406,0.18198099663945036,0.8040600704862956,0.8842548024803781,0.5899581462594162,6.767605262560963,0.8861992838021069,0.8850315701391794,rf,2-1-0,1-0-2
851,"[[  6776  16168]
 [ 30347 107602]]","(array([0.        , 0.70467225, 1.        ]), array([0.       , 0.7800129, 1.       ]), array([2, 1, 0]))",0.7800129033193427,0.0625308057895754,0.7108948182953888,0.869370606770623,0.5376703289260591,9.985419576367658,0.8222712145468997,0.849897871977429,rf,2-1-0,1-0-3
852,"[[ 10906  26498]
 [ 25263 201573]]","(array([0.        , 0.70842691, 1.        ]), array([0.        , 0.88862879, 1.        ]), array([2, 1, 0]))",0.8886287890810982,0.18275575197824517,0.8041136845292158,0.8838168815851204,0.5901009414339295,6.765753832537379,0.8862163035521545,0.8847750895428051,rf,2-1-0,1-1-0
853,"[[  9224  22133]
 [ 41907 150243]]","(array([0.        , 0.70583921, 1.        ]), array([0.        , 0.78190476, 1.        ]), array([2, 1, 0]))",0.7819047619047619,0.06289193329845966,0.713476535410524,0.8716004548196965,0.5380327776740061,9.89624905627118,0.8243198016053724,0.8520519387424091,rf,2-1-0,1-1-1
854,"[[ 6156 14602]
 [27544 99342]]","(array([0.        , 0.70343964, 1.        ]), array([0.        , 0.78292325, 1.        ]), array([2, 1, 0]))",0.7829232539444856,0.06582889177036895,0.7145430901357319,0.8718493294951907,0.5397418081072269,9.859411460415467,0.8249968857700453,0.8524839443794172,rf,2-1-0,1-1-2
855,"[[  7154  17409]
 [ 16608 134457]]","(array([0.        , 0.70874893, 1.        ]), array([0.        , 0.89006057, 1.        ]), array([2, 1, 0]))",0.8900605699533314,0.1838554642044632,0.8063122053431115,0.8853660463829955,0.5906558193169336,6.689818689601538,0.8877071016172,0.8863009851963471,rf,2-1-0,1-1-3
856,"[[  8601  20489]
 [ 38864 138914]]","(array([0.        , 0.70433139, 1.        ]), array([0.        , 0.78139027, 1.        ]), array([2, 1, 0]))",0.7813902732621584,0.06370868160465971,0.7130875727517064,0.8714641506119709,0.5385294439531829,9.909683364845607,0.8239728810342221,0.8518255068126908,rf,2-1-0,1-2-0
857,"[[ 12095  29130]
 [ 27673 221307]]","(array([0.        , 0.70661007, 1.        ]), array([0.        , 0.88885453, 1.        ]), array([2, 1, 0]))",0.8888545264679893,0.18501237434058077,0.8042659499319447,0.8836833215539237,0.591122229880447,6.7604948496175234,0.8862613807699778,0.884712743298303,rf,2-1-0,1-2-1
858,"[[ 17946  42925]
 [ 40697 326172]]","(array([0.        , 0.70517981, 1.        ]), array([0.       , 0.8890694, 1.       ]), array([2, 1, 0]))",0.8890693953427518,0.18678393507972144,0.8045027353064946,0.883702658108844,0.5919447944333808,6.752316553081106,0.8863779033270558,0.8847708160066663,rf,2-1-0,1-2-2
859,"[[ 19178  46527]
 [ 44042 354542]]","(array([0.        , 0.70811963, 1.        ]), array([0.        , 0.88950384, 1.        ]), array([2, 1, 0]))",0.8895038436063666,0.18434095967601716,0.804929688189899,0.8839925299636721,0.5906921090035486,6.737570009585194,0.8867396233116115,0.885089322269155,rf,2-1-0,1-2-3
860,"[[ 12539  23678]
 [ 46568 173351]]","(array([0.        , 0.65378137, 1.        ]), array([0.        , 0.78824931, 1.        ]), array([2, 1, 0]))",0.7882493099732174,0.11120436079701841,0.7257472592685136,0.879824797364855,0.5672339682925147,9.472428005063124,0.8315233554304133,0.8598461362948708,rf,2-1-0,1-3-0
861,"[[ 3699  8931]
 [ 8463 68116]]","(array([0.        , 0.70712589, 1.        ]), array([0.        , 0.88948667, 1.        ]), array([2, 1, 0]))",0.8894866738923204,0.1852710672328352,0.8050196729029582,0.8840837410930991,0.5911803915779892,6.734461969282534,0.8867769778553111,0.8851590702944899,rf,2-1-0,1-3-1
862,"[[ 20524  49786]
 [ 93836 335435]]","(array([0.        , 0.70809273, 1.        ]), array([0.        , 0.78140615, 1.        ]), array([2, 1, 0]))",0.7814061513589318,0.06068281906077708,0.7125150876434452,0.8707599014591624,0.5366567095864492,9.9294567890843,0.8236667763464834,0.8512908882803637,rf,2-1-0,1-3-2
863,"[[ 16550  39385]
 [ 74345 266649]]","(array([0.        , 0.70412085, 1.        ]), array([0.        , 0.78197564, 1.        ]), array([2, 1, 0]))",0.7819756359349431,0.06446821461496806,0.7134752058932454,0.8713051491010803,0.5389273906858054,9.89629513474193,0.8242270813627849,0.8518429778995993,rf,2-1-0,1-3-3
864,"[[168958  22914]
 [  2138 189704]]","(array([0.        , 0.11942337, 1.        ]), array([0.        , 0.98885541, 1.        ]), array([2, 1, 0]))",0.9888554122663442,0.8745675301848075,0.9347117905523384,0.8922292562247787,0.9347160233446464,2.2550226163778704,0.9380606240419325,0.9100136810980183,rf,2-1-0,2-0-0
865,"[[171673  32719]
 [  1279 203291]]","(array([0.        , 0.16007965, 1.        ]), array([0.        , 0.99374786, 1.        ]), array([2, 1, 0]))",0.993747861367747,0.8437585055584469,0.9168675818291186,0.8613660438117029,0.9168341052503928,2.8713559741552817,0.9228335376095147,0.8849435404532435,rf,2-1-0,2-0-1
866,"[[ 88116  13684]
 [  1106 101331]]","(array([0.        , 0.13442043, 1.        ]), array([0.        , 0.98920312, 1.        ]), array([2, 1, 0]))",0.9892031199664184,0.8616776197915739,0.9275841302016775,0.8810242142329261,0.9273913438731896,2.5012091079087724,0.9319849897908503,0.9007248038656206,rf,2-1-0,2-0-2
867,"[[218976  29700]
 [  3331 245022]]","(array([0.        , 0.11943251, 1.        ]), array([0.        , 0.98658764, 1.        ]), array([2, 1, 0]))",0.9865876393681574,0.8720173944706686,0.9335431131785067,0.8918907113372792,0.933577562385425,2.295387333825535,0.9368522678392199,0.9093473253857327,rf,2-1-0,2-0-3
868,"[[37768   599]
 [   79 38572]]","(array([0.        , 0.01561238, 1.        ]), array([0.        , 0.99795607, 1.        ]), array([2, 1, 0]))",0.997956068407027,0.9824821984029934,0.9911968630709704,0.9847080748512931,0.9911718465943702,0.3040557967567349,0.9912878106448049,0.9873294596462487,rf,2-1-0,2-1-0
869,"[[186032  32262]
 [  1567 216702]]","(array([0.        , 0.14779151, 1.        ]), array([0.        , 0.99282079, 1.        ]), array([2, 1, 0]))",0.9928207853611828,0.8535031878031498,0.9225106112977967,0.8704149997590013,0.9225146374147573,2.6764477596033722,0.9275971517422785,0.8924204674148049,rf,2-1-0,2-1-1
870,"[[57231  8696]
 [  678 65093]]","(array([0.        , 0.13190347, 1.        ]), array([0.        , 0.98969151, 1.        ]), array([2, 1, 0]))",0.9896915053747092,0.8640920691643532,0.9288220018527237,0.8821504560300316,0.9288940181931413,2.4584537595494678,0.9328317569504156,0.9017474447741509,rf,2-1-0,2-1-2
871,"[[151594  23208]
 [  1546 173610]]","(array([0.        , 0.13276736, 1.        ]), array([0.        , 0.99117358, 1.        ]), array([2, 1, 0]))",0.9911735824065404,0.8651707669521936,0.929265797609999,0.8820839557357559,0.9292031113826733,2.4431258263471025,0.9334523380666392,0.9019375994879617,rf,2-1-0,2-1-3
872,"[[169329  29436]
 [   911 198091]]","(array([0.        , 0.14809448, 1.        ]), array([0.        , 0.99542216, 1.        ]), array([2, 1, 0]))",0.9954221565612406,0.8562543520752603,0.9237065920501198,0.870626343247175,0.923663836563014,2.635140130293137,0.9288512621650579,0.8930178251030105,rf,2-1-0,2-2-0
873,"[[140830  22532]
 [   894 162610]]","(array([0.        , 0.13792681, 1.        ]), array([0.        , 0.99453224, 1.        ]), array([2, 1, 0]))",0.9945322438594775,0.8642638725092382,0.9283314875208801,0.8782988192846571,0.9283027155071925,2.475397846079051,0.9328086368408071,0.8993199656664514,rf,2-1-0,2-2-1
874,"[[182478  34915]
 [  1449 215452]]","(array([0.        , 0.16060775, 1.        ]), array([0.        , 0.99331953, 1.        ]), array([2, 1, 0]))",0.9933195328744451,0.8426301221067298,0.9162687027681709,0.8605447203505254,0.9163558928074369,2.892040835859597,0.9221774228066121,0.8841820499372521,rf,2-1-0,2-2-2
875,"[[178557  31015]
 [   989 209626]]","(array([0.       , 0.1479921, 1.       ]), array([0.        , 0.99530423, 1.        ]), array([2, 1, 0]))",0.9953042280939154,0.856410578240865,0.9238339120439233,0.8711150635178544,0.9236560649564303,2.630742500974613,0.9290779513180988,0.8934101275252967,rf,2-1-0,2-2-3
876,"[[51431  8806]
 [  244 59799]]","(array([0.        , 0.14618922, 1.        ]), array([0.        , 0.99593625, 1.        ]), array([2, 1, 0]))",0.9959362456905884,0.8582906577734147,0.9247588959095444,0.8716420085999562,0.9248735132199808,2.598794210416628,0.929653006653815,0.8939553851995586,rf,2-1-0,2-3-0
877,"[[33591  5018]
 [  184 38364]]","(array([0.       , 0.1299697, 1.       ]), array([0.        , 0.99522673, 1.        ]), array([2, 1, 0]))",0.9952267303102625,0.8720429522234059,0.9325790271783506,0.884329906412798,0.9326285170627177,2.3286899074125507,0.9365067740754303,0.9044870706727778,rf,2-1-0,2-3-1
878,"[[179947  31183]
 [  1420 210757]]","(array([0.        , 0.14769573, 1.        ]), array([0.        , 0.99330747, 1.        ]), array([2, 1, 0]))",0.9933074744199418,0.8544018068810771,0.922980248377655,0.8711126725634455,0.9228058709664242,2.660226881790141,0.9282057267180044,0.893085817293635,rf,2-1-0,2-3-2
879,"[[177298  34126]
 [  1463 209708]]","(array([0.        , 0.16141025, 1.        ]), array([0.        , 0.99307197, 1.        ]), array([2, 1, 0]))",0.9930719653740334,0.841700282462758,0.9157846164767686,0.8600441283824241,0.9158308593329982,2.908760870763685,0.9217832771068449,0.8837200286218286,rf,2-1-0,2-3-3
880,"[[57245 16666]
 [  697 35898]]","(array([0.        , 0.22548741, 1.        ]), array([0.        , 0.98095368, 1.        ]), array([2, 1, 0]))",0.9809536821970215,0.7119336987577292,0.8428773098293305,0.6829388935393045,0.8777331358313651,5.426946053930156,0.8052580221850851,0.7271187882568837,rf,2-1-0,3-0-0
881,"[[199841  58073]
 [  3301 126334]]","(array([0.       , 0.2251642, 1.       ]), array([0.       , 0.9745362, 1.       ]), array([2, 1, 0]))",0.9745361977860917,0.7079579949499667,0.8416355093162413,0.685082453486039,0.8746859978826315,5.469835549782902,0.8045675419211443,0.7283488399712659,rf,2-1-0,3-0-1
882,"[[62667 18238]
 [  883 39474]]","(array([0.        , 0.22542488, 1.        ]), array([0.        , 0.97812028, 1.        ]), array([2, 1, 0]))",0.9781202765319523,0.7101916108677891,0.8423166367039963,0.683982533961741,0.8763476977493208,5.446310686818782,0.8050250333948546,0.7277520694677458,rf,2-1-0,3-0-2
883,"[[152819  44341]
 [  2919  95560]]","(array([0.        , 0.22489856, 1.        ]), array([0.        , 0.97035916, 1.        ]), array([2, 1, 0]))",0.9703591628672102,0.7037172715671259,0.8401428769546643,0.6830544456437052,0.8727303016608317,5.521389354493592,0.8017451128450374,0.726048234037348,rf,2-1-0,3-0-3
884,"[[182640  53364]
 [  1850 116444]]","(array([0.        , 0.22611481, 1.        ]), array([0.      , 0.984361, 1.      ]), array([2, 1, 0]))",0.984360998867229,0.7157902639264595,0.8441594364066407,0.6857391877885612,0.8791230936269333,5.382662813749624,0.8083525973439962,0.7300326258955822,rf,2-1-0,3-1-0
885,"[[164339  47794]
 [  1616 105023]]","(array([0.        , 0.22530205, 1.        ]), array([0.        , 0.98484607, 1.        ]), array([2, 1, 0]))",0.9848460694492635,0.7173549362095547,0.8449989334069492,0.6872468377209342,0.8797720091887651,5.353667064962154,0.8095630858411446,0.7314526811968682,rf,2-1-0,3-1-1
886,"[[99074 29097]
 [ 1809 61745]]","(array([0.        , 0.22701703, 1.        ]), array([0.        , 0.97153602, 1.        ]), array([2, 1, 0]))",0.9715360166157913,0.7019234792164128,0.838800365106272,0.6796966161026837,0.8722594923409452,5.567759494836541,0.7998264203735846,0.723141463780269,rf,2-1-0,3-1-2
887,"[[227182  65747]
 [  4333 142388]]","(array([0.        , 0.22444688, 1.        ]), array([0.        , 0.97046776, 1.        ]), array([2, 1, 0]))",0.9704677585349064,0.7045570744702585,0.8406004776526783,0.6841136762197612,0.8730104394578064,5.50558403477217,0.8025114412606803,0.7270176183877434,rf,2-1-0,3-1-3
888,"[[54863 14564]
 [  919 33605]]","(array([0.       , 0.2097743, 1.       ]), array([0.        , 0.97338084, 1.        ]), array([2, 1, 0]))",0.9733808365195227,0.7212129858375248,0.8510548239074179,0.6976478648093172,0.8818032706082714,5.144496159338299,0.8127652884766545,0.7395466549295775,rf,2-1-0,3-2-0
889,"[[56271 16415]
 [  348 36095]]","(array([0.        , 0.22583441, 1.        ]), array([0.        , 0.99045084, 1.        ]), array([2, 1, 0]))",0.9904508410394315,0.7217286820026262,0.8463928011802545,0.6873928775471339,0.8823082150055865,5.305524966779725,0.8115521679988309,0.7322005980128447,rf,2-1-0,3-2-1
890,"[[204229  60160]
 [  2058 129414]]","(array([0.        , 0.22754351, 1.        ]), array([0.        , 0.98434648, 1.        ]), array([2, 1, 0]))",0.9843464768163563,0.7135030554590339,0.8428286696592996,0.6826569044278223,0.8784014854229935,5.42862695117719,0.806202226472219,0.727234515064601,rf,2-1-0,3-2-2
891,"[[164929  47745]
 [  2611 103510]]","(array([0.        , 0.22449853, 1.        ]), array([0.        , 0.97539601, 1.        ]), array([2, 1, 0]))",0.9753960102147549,0.7086379213918,0.8420426920121081,0.6843410135202143,0.8754487409754195,5.455771893917494,0.8043485018028099,0.7277740982449331,rf,2-1-0,3-2-3
892,"[[53061 15373]
 [  343 33966]]","(array([0.       , 0.2246398, 1.       ]), array([0.        , 0.99000262, 1.        ]), array([2, 1, 0]))",0.9900026232183975,0.7224791047791792,0.8470358077922584,0.688420924623523,0.8826814121440206,5.283315671468721,0.8121174445294568,0.7330844106792135,rf,2-1-0,3-3-0
893,"[[174493  50473]
 [  3218 109347]]","(array([0.        , 0.22435835, 1.        ]), array([0.        , 0.97141207, 1.        ]), array([2, 1, 0]))",0.9714120730244747,0.7054061609717074,0.8409301664143441,0.6841884620197722,0.8735268627704276,5.494196981907569,0.8028856214549259,0.7271911098697206,rf,2-1-0,3-3-1
894,"[[127541  37302]
 [  1790  80511]]","(array([0.        , 0.22628804, 1.        ]), array([0.        , 0.97825057, 1.        ]), array([2, 1, 0]))",0.9782505680368404,0.7095550293674172,0.841825008901693,0.6833795930839551,0.8759812621309272,5.463291333850668,0.8046513487312233,0.7272203384319117,rf,2-1-0,3-3-2
895,"[[81650 23736]
 [ 1434 51222]]","(array([0.        , 0.22522916, 1.        ]), array([0.        , 0.97276664, 1.        ]), array([2, 1, 0]))",0.9727666362807658,0.7056359044448531,0.8407385378570253,0.6833426718962619,0.8737687393538267,5.500816119161396,0.8027645869575438,0.7265779260570573,rf,2-1-0,3-3-3
896,"[[249357   6023]
 [   680 136959]]","(array([0.        , 0.02358446, 1.        ]), array([0.        , 0.99505954, 1.        ]), array([2, 1, 0]))",0.9950595398106641,0.9632810918194513,0.982944844905717,0.9578758165363472,0.9857375387204311,0.5890764419796721,0.9761136907073953,0.9650885680985728,rf,0-0-0,0-0-0
897,"[[178079   7440]
 [  6498  93407]]","(array([0.        , 0.04010371, 1.        ]), array([0.        , 0.93495821, 1.        ]), array([2, 1, 0]))",0.9349582102997848,0.8929352202076839,0.9511673860642412,0.9262248753061568,0.9474272506228628,1.686639576199429,0.9305710528413167,0.9279584655459145,rf,0-0-0,0-0-1
898,"[[279037  13443]
 [  6198 150993]]","(array([0.        , 0.04596212, 1.        ]), array([0.        , 0.96057026, 1.        ]), array([2, 1, 0]))",0.9605702616562017,0.9055180893269279,0.9563213994231338,0.9182478289425673,0.957304072294184,1.508629322684129,0.9389323657528752,0.9264113088773951,rf,0-0-0,0-0-2
899,"[[74588  4826]
 [ 2740 40198]]","(array([0.        , 0.06077014, 1.        ]), array([0.        , 0.93618706, 1.        ]), array([2, 1, 0]))",0.9361870604126881,0.8663511391161237,0.938162024323264,0.8928127221037668,0.937708459563888,2.1358395535920325,0.9139855846842956,0.9011630513733332,rf,0-0-0,0-0-3
900,"[[255333  11627]
 [  9149 134351]]","(array([0.        , 0.04355334, 1.        ]), array([0.       , 0.9362439, 1.       ]), array([2, 1, 0]))",0.9362439024390244,0.8892179590962608,0.9493836183793792,0.9203510117962981,0.9463452805572408,1.74825053671487,0.9282294336702617,0.9234862773778824,rf,0-0-0,0-1-0
901,"[[119103   9301]
 [  2306  66531]]","(array([0.        , 0.07243544, 1.        ]), array([0.        , 0.96650057, 1.        ]), array([2, 1, 0]))",0.9665005738193123,0.8760274354049268,0.9411532085114149,0.8773472940183563,0.9470325678354841,2.0325338782069986,0.9197685751612301,0.8938374108258432,rf,0-0-0,0-1-1
902,"[[303296  12468]
 [ 10935 158817]]","(array([0.        , 0.03948519, 1.        ]), array([0.       , 0.9355825, 1.       ]), array([2, 1, 0]))",0.9355824968188887,0.8942516538841978,0.9517976750508738,0.927209037568964,0.9480486558403105,1.664869856710911,0.9313769473693471,0.9288717171291813,rf,0-0-0,0-1-2
903,"[[302014  12812]
 [ 10936 158372]]","(array([0.       , 0.0406955, 1.       ]), array([0.        , 0.93540766, 1.        ]), array([2, 1, 0]))",0.935407659413613,0.8924590838453357,0.9509474649580488,0.9251565566875409,0.9473560820620759,1.6942356997620796,0.9302538679322863,0.9271887631082238,rf,0-0-0,0-1-3
904,"[[46337  2930]
 [ 1721 25265]]","(array([0.        , 0.05947186, 1.        ]), array([0.        , 0.93622619, 1.        ]), array([2, 1, 0]))",0.9362261913584822,0.8684730420402604,0.9390056784651095,0.896080865401667,0.9383771669642798,2.1066999571584084,0.9157137420488937,0.9038321193995678,rf,0-0-0,0-2-0
905,"[[121524   5735]
 [  2709  66000]]","(array([0.        , 0.04506557, 1.        ]), array([0.        , 0.96057285, 1.        ]), array([2, 1, 0]))",0.9605728507182465,0.9068361603663562,0.9569113324624429,0.9200529727469158,0.9577536378941895,1.4882532534387662,0.9398763920138988,0.9278811412375685,rf,0-0-0,0-2-1
906,"[[104718   3471]
 [  2659  55378]]","(array([0.        , 0.03208274, 1.        ]), array([0.       , 0.9541844, 1.       ]), array([2, 1, 0]))",0.9541843996071472,0.9191738403895656,0.9631224958791044,0.9410185389726249,0.961050827760205,1.2737205653958035,0.9475557380695722,0.9436225646058897,rf,0-0-0,0-2-2
907,"[[266392  10384]
 [  9576 139545]]","(array([0.       , 0.0375177, 1.       ]), array([0.        , 0.93578369, 1.        ]), array([2, 1, 0]))",0.9357836924376849,0.8971527420575408,0.9531342085058124,0.9307405505272496,0.9491329942952653,1.6187065883585294,0.9332553084768435,0.9317448256429637,rf,0-0-0,0-2-3
908,"[[247485  10290]
 [  8859 129335]]","(array([0.        , 0.03991853, 1.        ]), array([0.        , 0.93589447, 1.        ]), array([2, 1, 0]))",0.9358944671982865,0.893857244888641,0.9516401536483917,0.9263025962399284,0.9479879667966993,1.6703106986751528,0.9310738286438293,0.9282052091736115,rf,0-0-0,0-3-0
909,"[[158429   6319]
 [  5694  82610]]","(array([0.        , 0.03835555, 1.        ]), array([0.        , 0.93551821, 1.        ]), array([2, 1, 0]))",0.9355182098206197,0.895705057426117,0.9525275437459495,0.9289433143294089,0.9485813303697995,1.6396605183449395,0.932219169116361,0.9302508895995677,rf,0-0-0,0-3-1
910,"[[94571  4059]
 [ 3453 49445]]","(array([0.        , 0.04115381, 1.        ]), array([0.        , 0.93472343, 1.        ]), array([2, 1, 0]))",0.9347234299973534,0.8912369898263386,0.9504250039596642,0.9241365131578947,0.946784811419644,1.7122811219348126,0.9293998233115919,0.9262346673460365,rf,0-0-0,0-3-2
911,"[[251676  11328]
 [  7189 134077]]","(array([0.        , 0.04307159, 1.        ]), array([0.        , 0.94911019, 1.        ]), array([2, 1, 0]))",0.949110189288293,0.9001613538794632,0.9541964528656591,0.9220934630858636,0.9530193005117379,1.5820208779881035,0.9354067903624712,0.927373057439209,rf,0-0-0,0-3-3
912,"[[   821  32554]
 [  2696 201575]]","(array([0.        , 0.97540075, 1.        ]), array([0.        , 0.98680185, 1.        ]), array([2, 1, 0]))",0.9868018465665709,0.03280551539782952,0.8516701312035548,0.8609569937940196,0.5057005487514503,5.123241704111764,0.9195939781021898,0.8834909584348348,rf,0-0-0,1-0-0
913,"[[  1627  60672]
 [  5154 376359]]","(array([0.        , 0.97388401, 1.        ]), array([0.        , 0.98649063, 1.        ]), array([2, 1, 0]))",0.9864906307255585,0.03570186204910346,0.8516804412679243,0.8611723195837366,0.5063033098731246,5.122885384231783,0.9195815985457105,0.8836224201589288,rf,0-0-0,1-0-1
914,"[[   489  18355]
 [  1604 113195]]","(array([0.       , 0.9740501, 1.       ]), array([0.        , 0.98602775, 1.        ]), array([2, 1, 0]))",0.98602775285499,0.03357356384437202,0.8506543552599088,0.8604713036868111,0.5059888286669346,5.158325648757165,0.9189807955380376,0.8829576957218341,rf,0-0-0,1-0-2
915,"[[   604  22340]
 [  1816 136133]]","(array([0.        , 0.97367503, 1.        ]), array([0.        , 0.98683571, 1.        ]), array([2, 1, 0]))",0.9868357146481671,0.037808273399090764,0.8498629523969347,0.8590296138774428,0.5065803398903318,5.185660939892061,0.9185080729500509,0.8818720435944709,rf,0-0-0,1-0-3
916,"[[   941  36463]
 [  2946 223890]]","(array([0.        , 0.97484226, 1.        ]), array([0.        , 0.98701264, 1.        ]), array([2, 1, 0]))",0.9870126434957415,0.03523957095033145,0.8508590675143809,0.8599478400479349,0.5060851903180771,5.151255656479461,0.9191094216002414,0.8826743665276823,rf,0-0-0,1-1-0
917,"[[   800  30557]
 [  2580 189570]]","(array([0.        , 0.97448736, 1.        ]), array([0.        , 0.98657299, 1.        ]), array([2, 1, 0]))",0.9865729898516784,0.03439235364287915,0.8517406613663107,0.8611846797530517,0.5060428172781051,5.120805463349379,0.9196244272661342,0.883646045617522,rf,0-0-0,1-1-1
918,"[[   540  20218]
 [  1722 125164]]","(array([0.        , 0.97398593, 1.        ]), array([0.        , 0.98642876, 1.        ]), array([2, 1, 0]))",0.9864287628264742,0.03521414467893932,0.8513993118582537,0.8609318897800278,0.5062214148461305,5.132595434729376,0.9194176326266766,0.8834099834277697,rf,0-0-0,1-1-2
919,"[[   622  23941]
 [  1937 149128]]","(array([0.        , 0.97467736, 1.        ]), array([0.       , 0.9871777, 1.       ]), array([2, 1, 0]))",0.9871777049614404,0.0361826053779819,0.8526544742296217,0.8616678896856167,0.5062501723520715,5.089243165722864,0.9201626487810596,0.8841500650389342,rf,0-0-0,1-1-3
920,"[[   730  28360]
 [  2281 175497]]","(array([0.        , 0.97490547, 1.        ]), array([0.        , 0.98716939, 1.        ]), array([2, 1, 0]))",0.9871693910382612,0.03559771904318626,0.8518813929655625,0.8608828737791687,0.5061319626212275,5.1159450669005295,0.9197112424174932,0.8834874134872321,rf,0-0-0,1-2-0
921,"[[  1053  40172]
 [  3315 245665]]","(array([0.        , 0.97445725, 1.        ]), array([0.        , 0.98668568, 1.        ]), array([2, 1, 0]))",0.986685677564463,0.0350616826447118,0.8501507555004221,0.859458362633249,0.5061142153741054,5.175720234018873,0.9186880746124376,0.8822095081044122,rf,0-0-0,1-2-1
922,"[[  1551  59320]
 [  4832 362037]]","(array([0.        , 0.97451989, 1.        ]), array([0.        , 0.98682909, 1.        ]), array([2, 1, 0]))",0.986829086131562,0.03546933278280896,0.8500210408191893,0.8592167686783416,0.5061545999072983,5.180200625159838,0.9186121746808656,0.8820287706896224,rf,0-0-0,1-2-2
923,"[[  1634  64071]
 [  5451 393133]]","(array([0.        , 0.97513127, 1.        ]), array([0.        , 0.98632409, 1.        ]), array([2, 1, 0]))",0.9863240872689321,0.03182538546128848,0.8502613673810924,0.859863430766135,0.5055964093600577,5.171899492630518,0.9187625907350886,0.8824930412139713,rf,0-0-0,1-2-3
924,"[[   907  35310]
 [  2903 217016]]","(array([0.        , 0.97495651, 1.        ]), array([0.        , 0.98679969, 1.        ]), array([2, 1, 0]))",0.9867996853386929,0.034088838507027854,0.8508097260830184,0.8600619833073088,0.5059215866017539,5.152959740778268,0.919082256032356,0.8827364928902243,rf,0-0-0,1-3-0
925,"[[  352 12278]
 [  996 75583]]","(array([0.        , 0.97212985, 1.        ]), array([0.        , 0.98699382, 1.        ]), array([2, 1, 0]))",0.9869938233719427,0.042476471701319185,0.8512033539216896,0.8602565415827272,0.5074319869037069,5.139364137287632,0.9192775480418391,0.8829315247077842,rf,0-0-0,1-3-1
926,"[[  1670  68640]
 [  5684 423587]]","(array([0.        , 0.97624804, 1.        ]), array([0.        , 0.98675895, 1.        ]), array([2, 1, 0]))",0.9867589471452766,0.030350777004652395,0.8512273285012841,0.860552143624791,0.5052554513851828,5.1385358953662195,0.9193443718814365,0.8831430014189933,rf,0-0-0,1-3-2
927,"[[  1506  54429]
 [  4513 336481]]","(array([0.        , 0.97307589, 1.        ]), array([0.        , 0.98676516, 1.        ]), array([2, 1, 0]))",0.9867651630233963,0.038975793051322,0.8515049290931124,0.8607633470619835,0.506844635681717,5.128947694820367,0.919467580447709,0.8833219400682755,rf,0-0-0,1-3-3
928,"[[ 81456 110416]
 [  2256 189586]]","(array([0.        , 0.57546698, 1.        ]), array([0.        , 0.98824032, 1.        ]), array([2, 1, 0]))",0.9882403227656092,0.49972762564932527,0.7063646361613076,0.6319491203391977,0.7063866723901429,10.142036262208912,0.7709192345540455,0.6810575852282933,rf,0-0-0,2-0-0
929,"[[ 86561 117831]
 [  2400 202170]]","(array([0.        , 0.57649517, 1.        ]), array([0.        , 0.98826807, 1.        ]), array([2, 1, 0]))",0.9882680744977269,0.49903981135598474,0.7060093602828624,0.6317792756897634,0.7058864541732048,10.154307349096749,0.7708012833343818,0.680902400284526,rf,0-0-0,2-0-1
930,"[[ 43039  58761]
 [  1240 101197]]","(array([0.        , 0.57722004, 1.        ]), array([0.      , 0.987895, 1.      ]), array([2, 1, 0]))",0.9878949988773588,0.4983089102413347,0.7062187556613151,0.6326473199214794,0.705337479792314,10.147074759302335,0.7713332952228511,0.6816733556163601,rf,0-0-0,2-0-2
931,"[[104745 143931]
 [  2979 245374]]","(array([0.        , 0.57878927, 1.        ]), array([0.        , 0.98800498, 1.        ]), array([2, 1, 0]))",0.9880049767870732,0.49659542276996316,0.7044236855394755,0.6302873068673662,0.7046078544119703,10.20907578236693,0.7696100417465161,0.6794906658440285,rf,0-0-0,2-0-3
932,"[[16151 22216]
 [  451 38200]]","(array([0.        , 0.57903928, 1.        ]), array([0.        , 0.98833148, 1.        ]), array([2, 1, 0]))",0.9883314791337869,0.49766439243243205,0.7056921758549949,0.6322828389830508,0.7046461002935596,10.165262774935076,0.7711952516983455,0.6813763087954622,rf,0-0-0,2-1-0
933,"[[ 93397 124897]
 [  2470 215799]]","(array([0.       , 0.5721504, 1.       ]), array([0.        , 0.98868369, 1.        ]), array([2, 1, 0]))",0.9886836884761464,0.5030933250350077,0.7082505846807906,0.6334063211778242,0.7082666429040925,10.076896577151128,0.7721377903804353,0.6824534028903522,rf,0-0-0,2-1-1
934,"[[27677 38250]
 [  835 64936]]","(array([0.        , 0.58018718, 1.        ]), array([0.        , 0.98730444, 1.        ]), array([2, 1, 0]))",0.987304435085372,0.4942471374888576,0.7032225242600495,0.6293101777372899,0.7035586291797998,10.250563106476855,0.7686689512716254,0.6785158250002613,rf,0-0-0,2-1-2
935,"[[ 73751 101051]
 [  2051 173105]]","(array([0.        , 0.57808835, 1.        ]), array([0.        , 0.98829044, 1.        ]), array([2, 1, 0]))",0.9882904382379136,0.4979025651814264,0.7053875036432944,0.6314105837552343,0.7051010434230265,10.175786020002402,0.7705336158393278,0.6805618896349998,rf,0-0-0,2-1-3
936,"[[ 84948 113817]
 [  2294 196708]]","(array([0.        , 0.57262093, 1.        ]), array([0.        , 0.98847248, 1.        ]), array([2, 1, 0]))",0.9884724776635411,0.5024882409181599,0.7080929287748858,0.6334691248691732,0.7079257716972146,10.0823418578469,0.7721200250428337,0.6824915932390628,rf,0-0-0,2-2-0
937,"[[ 69335  94027]
 [  1914 161590]]","(array([0.        , 0.57557449, 1.        ]), array([0.        , 0.98829386, 1.        ]), array([2, 1, 0]))",0.9882938643702907,0.4998161833187706,0.7064821670042158,0.6321567031926671,0.706359686681295,10.137976815733955,0.7710899716311042,0.681255543975743,rf,0-0-0,2-2-1
938,"[[ 91881 125512]
 [  2643 214258]]","(array([0.       , 0.5773507, 1.       ]), array([0.        , 0.98781472, 1.        ]), array([2, 1, 0]))",0.9878147173134287,0.49735339759025504,0.704911879970711,0.6305971686729258,0.7052320103244314,10.19221368004724,0.7697832292323472,0.6797607331560469,rf,0-0-0,2-2-2
939,"[[ 88333 121239]
 [  2480 208135]]","(array([0.        , 0.57850763, 1.        ]), array([0.        , 0.98822496, 1.        ]), array([2, 1, 0]))",0.9882249602355008,0.49771066753861815,0.7055620473741453,0.631910836920947,0.7048586675855418,10.169757320418752,0.770886073605203,0.6810205541351382,rf,0-0-0,2-2-3
940,"[[25341 34896]
 [  668 59375]]","(array([0.        , 0.57931172, 1.        ]), array([0.        , 0.98887464, 1.        ]), array([2, 1, 0]))",0.988874639841447,0.4974307243169091,0.7043232457598936,0.6298331406264918,0.7047814605651779,10.212545281514195,0.7695348445377607,0.6791504528432242,rf,0-0-0,2-3-0
941,"[[16581 22028]
 [  443 38105]]","(array([0.        , 0.57054055, 1.        ]), array([0.        , 0.98850783, 1.        ]), array([2, 1, 0]))",0.9885078343882951,0.5039648571938993,0.7087626527729176,0.6336786789283755,0.7089836434237832,10.059209895436972,0.7722864583861129,0.682689551383116,rf,0-0-0,2-3-1
942,"[[ 89297 121833]
 [  2496 209681]]","(array([0.        , 0.57705205, 1.        ]), array([0.        , 0.98823624, 1.        ]), array([2, 1, 0]))",0.9882362367268837,0.49889001087492063,0.7062911787426147,0.6324951585755051,0.7055920917447709,10.144573436670226,0.7713241528735991,0.6815644964059412,rf,0-0-0,2-3-2
943,"[[ 89139 122285]
 [  2594 208577]]","(array([0.        , 0.57838751, 1.        ]), array([0.        , 0.98771612, 1.        ]), array([2, 1, 0]))",0.9877161163227905,0.49645528521982557,0.7044948473124386,0.6304048213454552,0.704664305323496,10.206617769239587,0.7696099683967581,0.6795725844655904,rf,0-0-0,2-3-3
944,"[[32431 41480]
 [  497 36098]]","(array([0.        , 0.56121552, 1.        ]), array([0.        , 0.98641891, 1.        ]), array([2, 1, 0]))",0.9864189096871158,0.4375323518030819,0.6201382730349483,0.4653123308154374,0.7126016968643667,13.120259388907119,0.6323386439876328,0.5202835342036914,rf,0-0-0,3-0-0
945,"[[112132 145782]
 [  1743 127892]]","(array([0.        , 0.56523492, 1.        ]), array([0.        , 0.98655456, 1.        ]), array([2, 1, 0]))",0.9865545570254947,0.4363945594519898,0.6193384578466207,0.4673151267566521,0.710659816878249,13.147884666382229,0.63421346907706,0.5222933994156809,rf,0-0-0,3-0-1
946,"[[35057 45848]
 [  548 39809]]","(array([0.        , 0.56668933, 1.        ]), array([0.        , 0.98642119, 1.        ]), array([2, 1, 0]))",0.9864211908714721,0.4342923040104394,0.617390443832363,0.46474894054192883,0.7098659319415144,13.215168227154885,0.6318186868125764,0.5197200934762459,rf,0-0-0,3-0-2
947,"[[ 85808 111352]
 [  1517  96962]]","(array([0.        , 0.56477987, 1.        ]), array([0.       , 0.9845957, 1.       ]), array([2, 1, 0]))",0.9845957006062206,0.43372204839554085,0.6182201942233603,0.4654607947617539,0.7099079131961921,13.186508511022634,0.6321004716535253,0.5203303514411286,rf,0-0-0,3-0-3
948,"[[102587 133417]
 [  1887 116407]]","(array([0.        , 0.56531669, 1.        ]), array([0.        , 0.98404822, 1.        ]), array([2, 1, 0]))",0.9840482188445737,0.4330674209034149,0.6181067914580382,0.4659560330472653,0.7093657646484695,13.190425238718085,0.6324439446047192,0.5207947458370243,rf,0-0-0,3-1-0
949,"[[ 92119 120014]
 [  1431 105208]]","(array([0.        , 0.56574885, 1.        ]), array([0.        , 0.98658089, 1.        ]), array([2, 1, 0]))",0.98658089441949,0.43605739235616925,0.6190223733577604,0.46713020930459725,0.7104160240884013,13.15880209731694,0.6340485926336629,0.522110077447056,rf,0-0-0,3-1-1
950,"[[56193 71978]
 [ 1085 62469]]","(array([0.        , 0.56157789, 1.        ]), array([0.       , 0.9829279, 1.       ]), array([2, 1, 0]))",0.982927903829814,0.4333510578413806,0.6189177206937019,0.4646366226096529,0.7106750058974771,13.162415820394783,0.6309968131474083,0.5194132457071018,rf,0-0-0,3-1-2
951,"[[127259 165670]
 [  2148 144573]]","(array([0.        , 0.56556367, 1.        ]), array([0.        , 0.98535997, 1.        ]), array([2, 1, 0]))",0.9853599689206044,0.43434622347726015,0.6182918230410553,0.46599923285940376,0.7098981499543298,13.184034678374573,0.6327544401747184,0.5209113254876979,rf,0-0-0,3-1-3
952,"[[30148 39279]
 [  506 34018]]","(array([0.        , 0.56575972, 1.        ]), array([0.        , 0.98534353, 1.        ]), array([2, 1, 0]))",0.9853435291391496,0.43336796020460133,0.6172715991188156,0.46411176446512137,0.7097919051488883,13.21927279447992,0.6310088016249153,0.5190228005077628,rf,0-0-0,3-2-0
953,"[[31515 41171]
 [  529 35914]]","(array([0.        , 0.56642269, 1.        ]), array([0.        , 0.98548418, 1.        ]), array([2, 1, 0]))",0.9854841807754575,0.43396219185063245,0.6178834223716886,0.4659012778102095,0.7095307429480567,13.19814069489846,0.6326897329293214,0.5208203420702298,rf,0-0-0,3-2-1
954,"[[114766 149623]
 [  2186 129286]]","(array([0.        , 0.56591991, 1.        ]), array([0.        , 0.98337289, 1.        ]), array([2, 1, 0]))",0.9833728854813192,0.43093403159203214,0.6165093302952299,0.46354187208014086,0.7087264860102358,13.245600713132372,0.6300779032167669,0.5183432389175596,rf,0-0-0,3-2-2
955,"[[ 92421 120253]
 [  1506 104615]]","(array([0.        , 0.56543348, 1.        ]), array([0.        , 0.98580865, 1.        ]), array([2, 1, 0]))",0.9858086523873691,0.4345461138383973,0.6180649006414781,0.4652284896027892,0.7101875860185809,13.191872611106522,0.6321358111598875,0.520165713166261,rf,0-0-0,3-2-3
956,"[[29830 38604]
 [  454 33855]]","(array([0.        , 0.56410556, 1.        ]), array([0.        , 0.98676732, 1.        ]), array([2, 1, 0]))",0.9867673205281413,0.43720000875180864,0.61984758085709,0.4672297437171366,0.7113308794825878,13.130299836403616,0.6341787801588491,0.5222199941384258,rf,0-0-0,3-3-0
957,"[[ 98023 126943]
 [  1588 110977]]","(array([0.        , 0.56427638, 1.        ]), array([0.       , 0.9858926, 1.       ]), array([2, 1, 0]))",0.9858925953893306,0.43582115914914843,0.6192023843735834,0.46644670477471417,0.7108081079237666,13.152584420722384,0.6332767450818152,0.5213884021066577,rf,0-0-0,3-3-1
958,"[[71451 93392]
 [ 1166 81135]]","(array([0.       , 0.5665512, 1.       ]), array([0.        , 0.98583249, 1.        ]), array([2, 1, 0]))",0.9858324929223217,0.43380327874674446,0.6173971449843006,0.4648850894130994,0.7096406448280919,13.214936613282807,0.6318236329372188,0.5198235796870615,rf,0-0-0,3-3-2
959,"[[45893 59493]
 [  823 51833]]","(array([0.       , 0.5645247, 1.       ]), array([0.        , 0.98437025, 1.        ]), array([2, 1, 0]))",0.9843702522029778,0.4336844220634906,0.6183546145961201,0.4655965362987981,0.7099227762637496,13.181865627398713,0.6321791416131038,0.5204534500763114,rf,0-0-0,3-3-3
960,"[[222839  32541]
 [119538  18101]]","(array([0.        , 0.12742188, 1.        ]), array([0.        , 0.13151069, 1.        ]), array([2, 1, 0]))",0.13151069101054208,0.005821747947512296,0.6130492418941578,0.357430591208878,0.5020444049461044,13.3648719147461,0.19227643787742787,0.26602921162703885,rf,2-3-0,0-0-0
961,"[[160538  24981]
 [ 86669  13236]]","(array([0.        , 0.13465467, 1.        ]), array([0.        , 0.13248586, 1.        ]), array([2, 1, 0]))",0.13248586156849007,-0.003037740156668163,0.6088275688099108,0.3463380171128032,0.4989155950396582,13.510687115432416,0.19165665136618354,0.2618159376199199,rf,2-3-0,0-0-1
962,"[[255169  37311]
 [136566  20625]]","(array([0.       , 0.1275677, 1.       ]), array([0.       , 0.1312098, 1.       ]), array([2, 1, 0]))",0.1312098020879058,0.005183748992486587,0.6133239635199957,0.35599627174813586,0.5018210525756815,13.355383507047602,0.19174720049087285,0.26514713255428285,rf,2-3-0,0-0-2
963,"[[69448  9966]
 [37305  5633]]","(array([0.        , 0.12549425, 1.        ]), array([0.        , 0.13118916, 1.        ]), array([2, 1, 0]))",0.13118915645814896,0.008149256134619467,0.6136475088269909,0.3611128918520418,0.5028474555554905,13.344207432259482,0.19245947007875364,0.2673875481800748,rf,2-3-0,0-0-3
964,"[[233147  33813]
 [124649  18851]]","(array([0.        , 0.12665942, 1.        ]), array([0.        , 0.13136585, 1.        ]), array([2, 1, 0]))",0.1313658536585366,0.006710670260357961,0.6139404570481898,0.35794850372170745,0.5023532145128163,13.334090098616784,0.19219632552354152,0.266139780209851,rf,2-3-0,0-1-0
965,"[[111974  16430]
 [ 59804   9033]]","(array([0.        , 0.12795552, 1.        ]), array([0.        , 0.13122303, 1.        ]), array([2, 1, 0]))",0.13122303412409025,0.004644936404490251,0.6134982077762737,0.3547500294545026,0.5016337593597928,13.349365583602793,0.19158006362672325,0.26460404595492387,rf,2-3-0,0-1-1
966,"[[273555  42209]
 [147421  22331]]","(array([0.        , 0.13367262, 1.        ]), array([0.        , 0.13155073, 1.        ]), array([2, 1, 0]))",0.13155073283378105,-0.002980349035850139,0.6094258479638158,0.3460024790827394,0.4989390582880348,13.49002281690993,0.19062537346558997,0.2609298173456225,rf,2-3-0,0-1-2
967,"[[272722  42104]
 [147058  22250]]","(array([0.        , 0.13373737, 1.        ]), array([0.       , 0.1314173, 1.       ]), array([2, 1, 0]))",0.1314172986509793,-0.0032589371870955196,0.6092775966984347,0.3457438543058707,0.4988399663069334,13.495143259230494,0.19044602887932144,0.2607071549760501,rf,2-3-0,0-1-3
968,"[[43102  6165]
 [23502  3484]]","(array([0.        , 0.12513447, 1.        ]), array([0.        , 0.12910398, 1.        ]), array([2, 1, 0]))",0.12910397984139924,0.005709429871382225,0.6109398974466579,0.36107368639237225,0.5019847542457042,13.437724533145873,0.19020062781493108,0.26562166448110763,rf,2-3-0,0-2-0
969,"[[111044  16215]
 [ 59815   8894]]","(array([0.        , 0.12741731, 1.        ]), array([0.        , 0.12944447, 1.        ]), array([2, 1, 0]))",0.1294444687013346,0.002894038191789359,0.6120284944480732,0.354215619897248,0.5010135772026463,13.40012723902571,0.18960114263787334,0.26291052055928343,rf,2-3-0,0-2-1
970,"[[94472 13717]
 [50433  7604]]","(array([0.        , 0.12678738, 1.        ]), array([0.        , 0.13101987, 1.        ]), array([2, 1, 0]))",0.13101986663680065,0.0060338431721865355,0.6140796265325521,0.3566436846301768,0.5021162426474449,13.329283468359165,0.19163789410015372,0.2652786402550917,rf,2-3-0,0-2-2
971,"[[240371  36405]
 [129550  19571]]","(array([0.        , 0.13153236, 1.        ]), array([0.        , 0.13124241, 1.        ]), array([2, 1, 0]))",0.13124241387866228,-0.0004093482583099191,0.6103400587465984,0.3496319851364871,0.49985502779085006,13.458445929325276,0.19084628249072388,0.26232826218081895,rf,2-3-0,0-2-3
972,"[[223359  34416]
 [120125  18069]]","(array([0.        , 0.13351178, 1.        ]), array([0.        , 0.13075097, 1.        ]), array([2, 1, 0]))",0.13075097326946178,-0.0038808843015696068,0.6097143968340956,0.3442697913689626,0.49861959486865587,13.48005667562625,0.1895227056991069,0.2595121418764039,rf,2-3-0,0-3-0
973,"[[142624  22124]
 [ 76636  11668]]","(array([0.        , 0.13428995, 1.        ]), array([0.        , 0.13213444, 1.        ]), array([2, 1, 0]))",0.13213444464576915,-0.0030203820591206804,0.6097244835053665,0.34528882575757575,0.49892224939453333,13.479708704356907,0.1911282924911545,0.2610617885014677,rf,2-3-0,0-3-1
974,"[[85476 13154]
 [46007  6891]]","(array([0.        , 0.13336713, 1.        ]), array([0.        , 0.13026958, 1.        ]), array([2, 1, 0]))",0.13026957540927822,-0.004358180706575316,0.6095705084208859,0.3437765028685458,0.49845122286635457,13.485026319913862,0.18894205064228234,0.258908309412525,rf,2-3-0,0-3-2
975,"[[228002  35002]
 [122742  18524]]","(array([0.        , 0.13308543, 1.        ]), array([0.        , 0.13112851, 1.        ]), array([2, 1, 0]))",0.13112850933699546,-0.002752931057967856,0.6098053281222945,0.3460748047677764,0.49902154048924563,13.476915752215207,0.19019261571317098,0.26062976615921435,rf,2-3-0,0-3-3
976,"[[   981  32394]
 [ 12269 192002]]","(array([0.        , 0.97060674, 1.        ]), array([0.        , 0.93993763, 1.        ]), array([2, 1, 0]))",0.9399376318713866,-0.04644079749467445,0.8120607963104786,0.8556391379525482,0.4846654451491764,6.491299126789634,0.895809567799714,0.8712670904973886,rf,2-3-0,1-0-0
977,"[[  4607  57692]
 [ 23375 358138]]","(array([0.        , 0.92605018, 1.        ]), array([0.        , 0.93873079, 1.        ]), array([2, 1, 0]))",0.9387307903007237,0.01812333712710153,0.8173393238578497,0.8612606113075054,0.5063403064651502,6.30898019066895,0.8983285737756523,0.8757145449041561,rf,2-3-0,1-0-1
978,"[[   595  18249]
 [  6856 107943]]","(array([0.        , 0.96842496, 1.        ]), array([0.        , 0.94027823, 1.        ]), array([2, 1, 0]))",0.9402782254200821,-0.042693373094068364,0.8121487844481192,0.8553870292887029,0.48592663128359226,6.488260314776953,0.8958259852027669,0.8711164409983102,rf,2-3-0,1-0-2
979,"[[   727  22217]
 [  8380 129569]]","(array([0.        , 0.96831416, 1.        ]), array([0.        , 0.93925291, 1.        ]), array([2, 1, 0]))",0.9392529123081719,-0.04397486533863094,0.8098301355559284,0.8536294519916198,0.48546937805087814,6.568344837943161,0.8943966037931212,0.8694820646550162,rf,2-3-0,1-0-3
980,"[[  2766  34638]
 [ 14066 212770]]","(array([0.        , 0.92605069, 1.        ]), array([0.        , 0.93799044, 1.        ]), array([2, 1, 0]))",0.9379904424341815,0.017042590714138526,0.8156827126854375,0.859996443122292,0.5059698763341905,6.366198387804712,0.897301810882162,0.8745400618840775,rf,2-3-0,1-1-0
981,"[[   957  30400]
 [ 11443 180707]]","(array([0.       , 0.9694805, 1.       ]), array([0.        , 0.94044757, 1.        ]), array([2, 1, 0]))",0.940447567004944,-0.04404698446456389,0.8127888611989781,0.8559971957348643,0.48548353411637,6.466152417839826,0.8962373870757357,0.8716517232663631,rf,2-3-0,1-1-1
982,"[[   640  20118]
 [  7719 119167]]","(array([0.        , 0.96916851, 1.        ]), array([0.        , 0.93916587, 1.        ]), array([2, 1, 0]))",0.9391658654225052,-0.04512631347230366,0.8114586437647314,0.8555623362171088,0.4849986760391263,6.512096697503654,0.8954168560812409,0.871070690295398,rf,2-3-0,1-1-2
983,"[[  1819  22744]
 [ 15003 136062]]","(array([0.        , 0.92594553, 1.        ]), array([0.        , 0.90068514, 1.        ]), array([2, 1, 0]))",0.9006851355376825,-0.02977079653723772,0.7850741339649714,0.8567812299283403,0.48736980385563844,7.423379977125776,0.8781847930267757,0.865216224568829,rf,2-3-0,1-1-3
984,"[[  2172  26918]
 [ 10844 166934]]","(array([0.        , 0.92533517, 1.        ]), array([0.        , 0.93900258, 1.        ]), array([2, 1, 0]))",0.9390025762467797,0.019566951262034313,0.8174584759363459,0.8611414893836535,0.5068337047614098,6.304864927336481,0.8983881817937196,0.8756633018109793,rf,2-3-0,1-2-0
985,"[[  1269  39956]
 [ 35469 213511]]","(array([0.        , 0.96921771, 1.        ]), array([0.        , 0.85754277, 1.        ]), array([2, 1, 0]))",0.8575427745200418,-0.11724647579923601,0.740097517272273,0.8423621220908442,0.4441625334092022,8.97682382557523,0.849884664452171,0.8453551021183863,rf,2-3-0,1-2-1
986,"[[  4601  56270]
 [ 22616 344253]]","(array([0.        , 0.92441392, 1.        ]), array([0.        , 0.93835402, 1.        ]), array([2, 1, 0]))",0.938354017374049,0.019952280219904115,0.8155748819376256,0.859508692384707,0.5069700464225636,6.369923102904385,0.8972024727909593,0.874199641333678,rf,2-3-0,1-2-2
987,"[[  1985  63720]
 [ 23701 374883]]","(array([0.        , 0.96978921, 1.        ]), array([0.      , 0.940537, 1.      ]), array([2, 1, 0]))",0.9405370009834815,-0.044599887227896554,0.8117099478988302,0.8547205559469497,0.48537389581934137,6.503417745343393,0.8955776905279226,0.870607748458427,rf,2-3-0,1-2-3
988,"[[  1638  34579]
 [  2506 217413]]","(array([0.        , 0.95477262, 1.        ]), array([0.       , 0.9886049, 1.       ]), array([2, 1, 0]))",0.9886048954387752,0.09343628501560917,0.8552136365056064,0.862777389758405,0.5169161374231178,5.000851781416128,0.9214152668617599,0.8853135508397759,rf,2-3-0,1-3-0
989,"[[  997 11633]
 [ 4633 71946]]","(array([0.        , 0.92106097, 1.        ]), array([0.        , 0.93950039, 1.        ]), array([2, 1, 0]))",0.939500385223103,0.026436318603493703,0.8176641370265332,0.8608143193864487,0.5092197096345127,6.297761868830753,0.8984377926797287,0.8754791370058045,rf,2-3-0,1-3-1
990,"[[  5078  65232]
 [ 25737 403534]]","(array([0.        , 0.92777699, 1.        ]), array([0.        , 0.94004487, 1.        ]), array([2, 1, 0]))",0.940044866762488,0.017733100460968595,0.8179094080839744,0.8608431498871505,0.5061339395681306,6.289290643976047,0.8987023919949846,0.8755975151182447,rf,2-3-0,1-3-2
991,"[[  4186  51749]
 [ 20742 320252]]","(array([0.        , 0.92516314, 1.        ]), array([0.        , 0.93917195, 1.        ]), array([2, 1, 0]))",0.9391719502395937,0.020090965201760503,0.8173703609461642,0.8608901588974223,0.5070044072284945,6.307908512632955,0.898328880286678,0.875484828304897,rf,2-3-0,1-3-3
992,"[[164756  27116]
 [   744 191098]]","(array([0.        , 0.14132338, 1.        ]), array([0.        , 0.99612181, 1.        ]), array([2, 1, 0]))",0.9961218085716371,0.8629806495432785,0.9273938402039018,0.8757366621756624,0.9273992131584003,2.5077844234146496,0.9320580603624872,0.8974281909048387,rf,2-3-0,2-0-0
993,"[[155672  48720]
 [   231 204339]]","(array([0.        , 0.23836549, 1.        ]), array([0.       , 0.9988708, 1.       ]), array([2, 1, 0]))",0.9988708021704062,0.7829193721462548,0.8803042825494789,0.8074757270043744,0.8802526542066559,4.1342388771917,0.8930334397514144,0.8396531575288089,rf,2-3-0,2-0-1
994,"[[ 84678  17122]
 [   338 102099]]","(array([0.        , 0.16819253, 1.        ]), array([0.        , 0.99670041, 1.        ]), array([2, 1, 0]))",0.9967004109843123,0.8403732932405202,0.9145110827127308,0.856384361815452,0.9142539383015864,2.9527496318607342,0.9212300029775601,0.8811953994417604,rf,2-3-0,2-0-2
995,"[[190990  57686]
 [   907 247446]]","(array([0.        , 0.23197253, 1.        ]), array([0.        , 0.99634794, 1.        ]), array([2, 1, 0]))",0.9963479402302368,0.7850193841588705,0.882113518527088,0.8109473932593108,0.8821877068649455,4.0717476261633845,0.8941380525217486,0.8422942362247181,rf,2-3-0,2-0-3
996,"[[32101  6266]
 [   84 38567]]","(array([0.        , 0.16331743, 1.        ]), array([0.        , 0.99782671, 1.        ]), array([2, 1, 0]))",0.997826705647978,0.8459891582576997,0.9175517411514191,0.8602368790846029,0.9172546356972916,2.8477270298525084,0.9239375209621005,0.884633205341701,rf,2-3-0,2-1-0
997,"[[182968  35326]
 [   361 217908]]","(array([0.        , 0.16182763, 1.        ]), array([0.        , 0.99834608, 1.        ]), array([2, 1, 0]))",0.9983460775465137,0.8474534673333969,0.9182546390784377,0.8605005646951042,0.918259225292355,2.8234494443734284,0.9243122525201324,0.8849379266653401,rf,2-3-0,2-1-1
998,"[[55047 10880]
 [  226 65545]]","(array([0.        , 0.16503102, 1.        ]), array([0.        , 0.99656384, 1.        ]), array([2, 1, 0]))",0.9965638351249031,0.8424691958424035,0.9156707011495998,0.8576382073928688,0.915766407983675,2.9126968538771933,0.9218965371740415,0.8822357599920316,rf,2-3-0,2-1-2
999,"[[147776  27026]
 [   704 174452]]","(array([0.        , 0.15460921, 1.        ]), array([0.        , 0.99598073, 1.        ]), array([2, 1, 0]))",0.995980725753043,0.8511884374675662,0.9207619200018288,0.8658612851030881,0.9206857553777513,2.7368480770578816,0.9263741457223723,0.8890922953352877,rf,2-3-0,2-1-3
1000,"[[153613  45152]
 [   247 198755]]","(array([0.        , 0.22716273, 1.        ]), array([0.        , 0.99875881, 1.        ]), array([2, 1, 0]))",0.9987588064441564,0.7921614272527405,0.8858653432788542,0.8148802617391054,0.8857980382936451,3.9421621526565014,0.8974981316703883,0.8460323676391714,rf,2-3-0,2-2-0
1001,"[[125487  37875]
 [   496 163008]]","(array([0.        , 0.23184706, 1.        ]), array([0.        , 0.99696644, 1.        ]), array([2, 1, 0]))",0.9969664350719248,0.7860340214330904,0.8826093873330355,0.8114574155105211,0.882559685747664,4.054620773655831,0.8946971214670117,0.8428228111466378,rf,2-3-0,2-2-1
1002,"[[165699  51694]
 [   255 216646]]","(array([0.        , 0.23779055, 1.        ]), array([0.        , 0.99882435, 1.        ]), array([2, 1, 0]))",0.9988243484354613,0.7831066869790333,0.8803828742741092,0.8073563389729448,0.880516901600857,4.131524334503291,0.8929418577572793,0.8395433172048137,rf,2-3-0,2-2-2
1003,"[[159381  50191]
 [   248 210367]]","(array([0.        , 0.23949287, 1.        ]), array([0.       , 0.9988225, 1.       ]), array([2, 1, 0]))",0.9988224960235501,0.7822282920146827,0.8799605889758607,0.8073711035546788,0.8796648124192341,4.146109887210978,0.892950147822562,0.8395558276469514,rf,2-3-0,2-2-3
1004,"[[59241   996]
 [   27 60016]]","(array([0.        , 0.01653469, 1.        ]), array([0.        , 0.99955032, 1.        ]), array([2, 1, 0]))",0.9995503222690405,0.9831177042193172,0.9914948453608248,0.9836753425555629,0.9915078171432856,0.29376425549579493,0.9915492957746479,0.9868098694140899,rf,2-3-0,2-3-0
1005,"[[33011  5598]
 [   31 38517]]","(array([0.       , 0.1449921, 1.       ]), array([0.        , 0.99919581, 1.        ]), array([2, 1, 0]))",0.9991958078240116,0.863138221843834,0.9270448565911065,0.8731043862631758,0.9271018537682568,2.519839398542796,0.931904237687962,0.8957108572704273,rf,2-3-0,2-3-1
1006,"[[179648  31482]
 [   198 211979]]","(array([0.        , 0.14911192, 1.        ]), array([0.        , 0.99906682, 1.        ]), array([2, 1, 0]))",0.9990668168557384,0.859715810026227,0.9251606989726132,0.8706897613991563,0.9249774476454129,2.5849173510408954,0.9304711196168889,0.8936561831535865,rf,2-3-0,2-3-2
1007,"[[174511  36913]
 [   228 210943]]","(array([0.        , 0.17459229, 1.        ]), array([0.        , 0.99892031, 1.        ]), array([2, 1, 0]))",0.9989203062920572,0.8369503604098408,0.9121120694755025,0.8510707830353108,0.912164008905072,3.035611423758725,0.9190875482270108,0.877032583704406,rf,2-3-0,2-3-3
1008,"[[43906 30005]
 [   18 36577]]","(array([0.        , 0.40596122, 1.        ]), array([0.        , 0.99950813, 1.        ]), array([2, 1, 0]))",0.9995081295258915,0.5708093792462623,0.7283133947477965,0.5493526779009342,0.7967734529460307,9.383940017965509,0.7090146059683844,0.6037342823093659,rf,2-3-0,3-0-0
1009,"[[153642 104272]
 [   134 129501]]","(array([0.       , 0.4042898, 1.       ]), array([0.        , 0.99896633, 1.        ]), array([2, 1, 0]))",0.9989663285378177,0.5735059599910409,0.7305992274525286,0.5539604659220697,0.7973382632553927,9.304988179327744,0.7127030775326906,0.608141805364192,rf,2-3-0,3-0-1
1010,"[[48349 32556]
 [   41 40316]]","(array([0.        , 0.40239787, 1.        ]), array([0.        , 0.99898407, 1.        ]), array([2, 1, 0]))",0.9989840672002379,0.5740664432484359,0.7311853672213884,0.55324404435174,0.7982930965752132,9.284743166357483,0.7121143876568724,0.6074522744052192,rf,2-3-0,3-0-2
1011,"[[117832  79328]
 [    94  98385]]","(array([0.        , 0.40235342, 1.        ]), array([0.        , 0.99904548, 1.        ]), array([2, 1, 0]))",0.9990454817778409,0.5743374001121444,0.7313547941915647,0.5536173493216591,0.798346031617263,9.27889124676223,0.7124391727493917,0.607816826490027,rf,2-3-0,3-0-3
1012,"[[140896  95108]
 [   219 118075]]","(array([0.        , 0.40299317, 1.        ]), array([0.        , 0.99814868, 1.        ]), array([2, 1, 0]))",0.998148680406445,0.5733352249182472,0.7309411851040649,0.5538668655568221,0.7975777553995751,9.293176889257186,0.7124174527946133,0.6079909291821228,rf,2-3-0,3-1-0
1013,"[[126407  85726]
 [   166 106473]]","(array([0.       , 0.4041144, 1.       ]), array([0.        , 0.99844335, 1.        ]), array([2, 1, 0]))",0.9984433462429317,0.5731165275550841,0.7305534990526144,0.5539727053730769,0.7971644731572924,9.306567478953514,0.7125800600994519,0.6081148229166072,rf,2-3-0,3-1-1
1014,"[[76643 51528]
 [  641 62913]]","(array([0.        , 0.40202542, 1.        ]), array([0.        , 0.98991409, 1.        ]), array([2, 1, 0]))",0.9899140888063694,0.5641905444923477,0.7278967270830616,0.5497417883450861,0.7939443348198937,9.398328999360954,0.7069074974016123,0.6034032970279176,rf,2-3-0,3-1-2
1015,"[[174953 117976]
 [   135 146586]]","(array([0.        , 0.40274606, 1.        ]), array([0.        , 0.99907989, 1.        ]), array([2, 1, 0]))",0.9990798863148425,0.5744137755834352,0.7313522119868077,0.5540705014325564,0.7981669141981853,9.2789804437296,0.712823043986744,0.6082563119881093,rf,2-3-0,3-1-3
1016,"[[52885 16542]
 [   45 34479]]","(array([0.        , 0.23826465, 1.        ]), array([0.        , 0.99869656, 1.        ]), array([2, 1, 0]))",0.998696558915537,0.7164067259293836,0.8404344354551664,0.675780560945493,0.8802159534174672,5.511326596214312,0.8061020515518148,0.7225030175015087,rf,2-3-0,3-2-0
1017,"[[55371 17315]
 [  382 36061]]","(array([0.        , 0.23821644, 1.        ]), array([0.        , 0.98951788, 1.        ]), array([2, 1, 0]))",0.9895178772329392,0.7088258272088249,0.8378341229187476,0.6756032673860911,0.8756507197022357,5.60113783586616,0.8029704182856635,0.721372931061385,rf,2-3-0,3-2-1
1018,"[[157183 107206]
 [   211 131261]]","(array([0.        , 0.40548586, 1.        ]), array([0.       , 0.9983951, 1.       ]), array([2, 1, 0]))",0.9983950955336498,0.5705823240935177,0.7286497027997201,0.5504367480615766,0.7964546197327539,9.372323784495626,0.7096359129478103,0.6046999097057143,rf,2-3-0,3-2-2
1019,"[[127115  85559]
 [   102 106019]]","(array([0.        , 0.40230117, 1.        ]), array([0.        , 0.99903883, 1.        ]), array([2, 1, 0]))",0.9990388330302202,0.5742432777411302,0.7312975423077527,0.5533986157074403,0.798368829231286,9.28086870095508,0.7122563394569682,0.6076053977783967,rf,2-3-0,3-2-3
1020,"[[40935 27499]
 [  349 33960]]","(array([0.        , 0.40183242, 1.        ]), array([0.        , 0.98982774, 1.        ]), array([2, 1, 0]))",0.9898277419918972,0.5656271303864228,0.7289547706413089,0.5525634976162971,0.7939976597559217,9.361784580703365,0.7092139336730432,0.6061146906066502,rf,2-3-0,3-3-0
1021,"[[134764  90202]
 [   109 112456]]","(array([0.        , 0.40095837, 1.        ]), array([0.        , 0.99903167, 1.        ]), array([2, 1, 0]))",0.9990316705903256,0.5756654475171663,0.7324364280614225,0.5549053084506903,0.7990366517740974,9.241532067538024,0.7135012356331866,0.6090574384448824,rf,2-3-0,3-3-1
1022,"[[98094 66749]
 [   78 82223]]","(array([0.        , 0.40492469, 1.        ]), array([0.        , 0.99905226, 1.        ]), array([2, 1, 0]))",0.9990522593893149,0.5722309925081802,0.7296029844948694,0.5519359342695271,0.797063786738026,9.339398012784308,0.7110471174758833,0.606195323132637,rf,2-3-0,3-3-2
1023,"[[62912 42474]
 [  527 52129]]","(array([0.        , 0.40303266, 1.        ]), array([0.        , 0.98999164, 1.        ]), array([2, 1, 0]))",0.9899916438772409,0.5644071773423357,0.7279140987838676,0.551029037134129,0.7934794914962469,9.397728995196243,0.7079906830821886,0.6046493824640197,rf,2-3-0,3-3-3
