,D1,D2,Cosine,Pearson,Euclidean,EDM,KS,Manhattan,Minkowski,Jaccard,Entropy
0,0-0-0,0-0-0,0.9999999999999996,1.0,0.0,0.0,1.0,0.0,0.0,1.0,0.0
1,0-0-0,0-0-1,0.9999925075061122,0.9999924319490712,0.02533801230301528,2.757689283918124e-05,0.9995158920660059,0.2525883502412493,0.014,0.0028776978417266188,0.025631151626780535
2,0-0-0,0-0-2,0.9999963057165876,0.9999962694518187,0.018087248680782365,1.8112944918711004e-05,0.9864665840846231,0.1584224897647829,0.011,0.0027739251040221915,0.007727036679313182
3,0-0-0,0-0-3,0.9999751617365518,0.9999749094942865,0.04624835513231077,4.345438456550682e-05,0.9486524915947875,0.4442640609861231,0.027,0.0031847133757961785,0.09966304447870089
4,0-0-0,0-1-0,0.999995763974016,0.9999957345258911,0.019234080611248865,2.510995236208827e-05,0.9258384097415063,0.20039787031348041,0.011,0.0027816411682892906,0.009652664769279728
5,0-0-0,0-1-1,0.9999876386470663,0.9999875021005208,0.03261790015963332,3.070462959904663e-05,0.9970208233132843,0.2962308759488902,0.02,0.0029895366218236174,0.052953747750106084
6,0-0-0,0-1-2,0.9999969561899336,0.9999969356204974,0.016521144020766126,2.0723539916303284e-05,0.9760198469076163,0.16204073422561724,0.009,0.0028011204481792717,0.010313448541604098
7,0-0-0,0-1-3,0.9999969688226527,0.9999969535440129,0.016481812620623246,2.1926800192801922e-05,0.9834371918660384,0.17015988322608744,0.009,0.0028011204481792717,0.011438858031630583
8,0-0-0,0-2-0,0.999953790947171,0.999953415178596,0.06287804837634786,7.081086368639292e-05,0.3506361296811728,0.6542920947463094,0.035,0.0033500837520938024,0.15931123656377943
9,0-0-0,0-2-1,0.9999829648638651,0.999982778306568,0.03875960799117916,3.453062372001531e-05,0.5666254922729073,0.35493926881720855,0.023,0.0029895366218236174,0.021207899711429334
10,0-0-0,0-2-2,0.9999726199419393,0.999972383396278,0.05004182390561944,5.171552455360476e-05,0.9970208233132843,0.43991770756070825,0.03,0.0030441400304414,0.07140550914902855
11,0-0-0,0-2-3,0.999997676914321,0.9999976517348673,0.014097131896247651,1.3670542553886309e-05,0.9258384097415063,0.14294443979107524,0.008,0.0028089887640449437,0.014154829439612993
12,0-0-0,0-3-0,0.9999966435623102,0.9999966067070603,0.01694083350475539,1.6708806361517367e-05,0.8666029917753658,0.1738128171534269,0.009,0.0028011204481792717,0.01721322276191206
13,0-0-0,0-3-1,0.9999844194667973,0.999984339959563,0.03729906748202805,4.8121221144224436e-05,0.9978250839566695,0.39016430080508535,0.02,0.002894356005788712,0.05056405665307484
14,0-0-0,0-3-2,0.999970749725994,0.9999704876644374,0.05114736782479035,4.8316194572213575e-05,0.9171804345352588,0.4746216336149861,0.031,0.0030627871362940277,0.053161152006103274
15,0-0-0,0-3-3,0.9999968458655886,0.9999968120854049,0.016512047704903145,1.716600645768333e-05,0.9080138491793379,0.16952360759510512,0.009,0.002797202797202797,0.009688827497075558
16,0-0-0,1-0-0,0.5858857044033094,0.5818700384459192,5.8727449672440075,0.0011194596827490866,0.2610018744241597,56.587042980846924,3.097,0.003527336860670194,0.025741290143399542
17,0-0-0,1-0-1,0.5849054102527094,0.5808696286190714,5.884380242413996,0.0010970312700400097,0.15679531296701105,56.80478775307671,3.101,0.003395585738539898,0.05591619880211551
18,0-0-0,1-0-2,0.4651574251749489,0.45993048399340647,6.677849636349775,0.001085388482272673,0.43290024620598067,66.81544002491002,3.414,0.0037105751391465678,0.11749916318953946
19,0-0-0,1-0-3,0.5128264221189486,0.508068923899293,6.375205951988665,0.001080433822775194,0.3730504893194599,62.869548051991956,3.296,0.003663003663003663,0.09817402816529741
20,0-0-0,1-1-0,0.5612125580818083,0.5569465807614442,6.0483012698309615,0.0011028076098174588,0.13949906748133606,58.71043562685515,3.167,0.0034782608695652175,0.003879589549180329
21,0-0-0,1-1-1,0.5616282166647842,0.5573610727243318,6.04344021214949,0.0010984263213017237,0.3730504893194599,58.725765710553326,3.166,0.0035714285714285713,0.057225698523651225
22,0-0-0,1-1-2,0.5618304909848151,0.5575757993271384,6.041258569611139,0.0011154810522115415,0.40832371061099104,58.60599303981356,3.165,0.0036363636363636364,0.11652829330971659
23,0-0-0,1-1-3,0.5130986122514429,0.508350118530128,6.371761439531912,0.001095011061919952,0.3506361296811728,62.7866193462695,3.295,0.0036900369003690036,0.1010065075197778
24,0-0-0,1-2-0,0.5852660513290745,0.5812316141284262,5.879925238193555,0.0010929391889567418,0.3617314721827243,56.7700000129213,3.099,0.0035211267605633804,0.035617232802692245
25,0-0-0,1-2-1,0.5866583316684139,0.5826746501696952,5.863954969741295,0.0011643524374035216,0.2270213926146101,56.27534348715288,3.096,0.0035587188612099642,0.06815029975797349
26,0-0-0,1-2-2,0.5372925208065839,0.5327927268492164,6.210540800497188,0.001109456745121493,0.08151763259087323,60.679420854651596,3.232,0.0033277870216306157,0.07364063245893204
27,0-0-0,1-2-3,0.5374334930342618,0.532933498230739,6.208858439859704,0.0011059563189069507,0.17576350445354966,60.70967520302976,3.232,0.003367003367003367,0.03265594588323517
28,0-0-0,1-3-0,0.5862045576967733,0.5822205984858583,5.869012138512203,0.0011706914904545003,0.2610018744241597,56.292377400296076,3.098,0.0036363636363636364,0.09877799162119028
29,0-0-0,1-3-1,0.5142219547574608,0.5094930409237576,6.35787839380004,0.0011164954917181188,0.49774305710623035,62.60106201801851,3.291,0.0037593984962406013,0.16925015378581842
30,0-0-0,1-3-2,0.6097356149721379,0.6059570992841267,5.702109101953514,0.0011203956910340524,0.09268556256404036,54.61128396990647,3.027,0.003305785123966942,0.07723168494960397
31,0-0-0,1-3-3,0.5127509010524679,0.5080021443648916,6.376169449106859,0.0010972956029409685,0.11887360002549359,62.819080671248585,3.297,0.0034423407917383822,0.027117020150942195
32,0-0-0,2-0-0,0.7377492174609274,0.735369396823778,4.633778074019761,0.001579613921204349,0.27005266362097363,41.53068208013923,2.611,0.003194888178913738,0.01719360366375411
33,0-0-0,2-0-1,0.7375878668458802,0.7352097922285825,4.6354657003690445,0.0015872109474090552,0.17576350445354966,41.519739933364114,2.612,0.003289473684210526,0.07504712412669179
34,0-0-0,2-0-2,0.7373918241500728,0.7350046507773548,4.637647344500186,0.0015725790329579855,0.40832371061099104,41.61013837797327,2.612,0.003367003367003367,0.058689306772891525
35,0-0-0,2-0-3,0.7374699780803854,0.7350872780170286,4.636806384153461,0.0015803384355523211,0.19649435810766677,41.55443186115078,2.612,0.0031496062992125984,0.0052889932123798555
36,0-0-0,2-1-0,0.7364965474161824,0.7340906568265837,4.647210757093449,0.001553993373038195,0.5386703021655014,41.81982776059065,2.616,0.0035714285714285713,0.13458675896600203
37,0-0-0,2-1-1,0.7375377250544761,0.7351548906214588,4.636067096011395,0.0015777139537741587,0.21907192975202863,41.57696332574512,2.612,0.0033112582781456954,0.07418927612498116
38,0-0-0,2-1-2,0.7128196065705925,0.7101938657338505,4.848999640665578,0.0015671036843720118,0.5386703021655014,43.66875720552284,2.707,0.003472222222222222,0.08160364968865341
39,0-0-0,2-1-3,0.7373139744949817,0.7349283891347426,4.63844290291237,0.0015774134881054722,0.2888318987114197,41.58576120957804,2.613,0.003205128205128205,0.03497371472148636
40,0-0-0,2-2-0,0.7126635513302877,0.7100430763088217,4.8505812740593015,0.0015784057066924515,0.19649435810766677,43.61131132264722,2.708,0.0032679738562091504,0.06275168602781234
41,0-0-0,2-2-1,0.7375854842209629,0.7352052190826737,4.63566808621597,0.0015830783847425218,0.24357079231897327,41.52558580237921,2.612,0.003205128205128205,0.016592715042969663
42,0-0-0,2-2-2,0.7375529351623532,0.7351760889664108,4.635911733297606,0.0015904714308283816,0.16924928981273388,41.496513255486924,2.612,0.0033003300330033004,0.0613925000759008
43,0-0-0,2-2-3,0.7372667381138699,0.7348818428986623,4.638851598081124,0.001579976751737723,0.17576350445354966,41.59294853183114,2.613,0.0032948929159802307,0.06272973546877492
44,0-0-0,2-3-0,0.761758748143491,0.7596026160045666,4.418574114935801,0.0015718620419673628,0.4582805853695553,39.63788317814962,2.512,0.0035211267605633804,0.117506720839048
45,0-0-0,2-3-1,0.7378517332979371,0.7354684792119689,4.63311278727361,0.001571873951743657,0.5248819085276248,41.570964931289964,2.611,0.0036101083032490976,0.14185231826629652
46,0-0-0,2-3-2,0.7374079318897765,0.7350197697507577,4.637403344928105,0.0015695135030272909,0.3506361296811728,41.630514094538384,2.612,0.003246753246753247,0.0385362785301524
47,0-0-0,2-3-3,0.7374261151706912,0.7350448295148825,4.6372330639560175,0.0015842067938125226,0.189382867733048,41.53702814971006,2.613,0.0031746031746031746,0.0025312263384007494
48,0-0-0,3-0-0,0.7732266246734025,0.7712873102289981,4.302833659398469,0.0017967810179816582,0.3291232760670552,36.98400608155745,2.481,0.0034423407917383822,0.09060696510071886
49,0-0-0,3-0-1,0.7485861656964458,0.7464178923812602,4.528950119952669,0.0017945473126728577,0.18247362476347695,38.992990190206626,2.584,0.003169572107765452,0.013140007296073897
50,0-0-0,3-0-2,0.7489754344972103,0.746813040039387,4.524752055438033,0.001796791158260183,0.19649435810766677,38.938227673364224,2.582,0.0034904013961605585,0.11007918723003374
51,0-0-0,3-0-3,0.7487457077564618,0.7465766407243394,4.527631327120992,0.0017898347176480318,0.17576350445354966,39.00854903372129,2.584,0.0033003300330033004,0.056429950103621174
52,0-0-0,3-1-0,0.748609770042856,0.7464416715544206,4.5288667114899,0.001793988384056998,0.13949906748133606,39.00762673480841,2.584,0.003372681281618887,0.09125140400402387
53,0-0-0,3-1-1,0.7730623741268854,0.7711193924054762,4.304425140033619,0.0017911300910861759,0.14508451090964886,37.05156713335597,2.481,0.003389830508474576,0.10722559504499918
54,0-0-0,3-1-2,0.7491490089475791,0.7469871231706771,4.523458466042889,0.0017937711412359667,0.18247362476347695,38.929019013313294,2.582,0.003430531732418525,0.09319573231917033
55,0-0-0,3-1-3,0.7487175575666408,0.7465514835595723,4.527761266369441,0.0017957683028343918,0.13949906748133606,38.96443559525139,2.584,0.0031545741324921135,0.015195994434790916
56,0-0-0,3-2-0,0.7483537367537342,0.7461744693156355,4.531704215759871,0.0017798266832999448,0.4582805853695553,39.08811717720421,2.585,0.003484320557491289,0.09456021793053171
57,0-0-0,3-2-1,0.7484585699500257,0.7462867577525617,4.530422280489477,0.0017918413106612825,0.3291232760670552,39.02866444770876,2.585,0.0034965034965034965,0.10778291593411804
58,0-0-0,3-2-2,0.7487685962878532,0.7466050870988337,4.52702859257148,0.0017993089647605955,0.15084875026442593,38.95853972780686,2.583,0.003284072249589491,0.07980265751469695
59,0-0-0,3-2-3,0.7487698325365166,0.7466011500127968,4.527259197974892,0.0017893392495526121,0.21133604878578677,38.99907426839832,2.583,0.003189792663476874,0.03132258924750009
60,0-0-0,3-3-0,0.773431959430159,0.7714910673386413,4.300407469186521,0.0017871580977831957,0.42050876022870864,37.01967625971333,2.479,0.003527336860670194,0.11976872170525055
61,0-0-0,3-3-1,0.7488733575224263,0.7467076315456095,4.526281701124621,0.0017923686483996906,0.17576350445354966,38.9615810354577,2.583,0.003236245954692557,0.033618726924010356
62,0-0-0,3-3-2,0.7484631479651547,0.7462936248118319,4.5303239534606385,0.0017957075274968798,0.189382867733048,39.00646859390288,2.585,0.0033783783783783786,0.08395174337374989
63,0-0-0,3-3-3,0.7488848235132293,0.7467200494322584,4.525973926955102,0.0017950005931654525,0.23518691271057976,38.95814151040467,2.583,0.0034423407917383822,0.09609668282904005
64,0-1-0,0-0-0,0.999995763974016,0.9999957345258911,0.019234080611248865,2.510995236208827e-05,0.9258384097415063,0.20039787031348041,0.011,0.0027816411682892906,0.009652664769279728
65,0-1-0,0-0-1,0.9999917636268935,0.9999917194011038,0.02658299680233306,3.7573174742698326e-05,0.9913057702149646,0.2997687645210642,0.014,0.002849002849002849,0.015978486857500807
66,0-1-0,0-0-2,0.9999974661408785,0.9999974422128955,0.014733223952649746,2.0634635053771023e-05,0.9992655485610181,0.1621239341340814,0.008,0.0027472527472527475,0.0019256280899665468
67,0-1-0,0-0-3,0.9999699918185456,0.9999696594074594,0.05111501222222085,4.264835809135683e-05,0.9799632019273475,0.45538027688568755,0.031,0.0031496062992125984,0.09001037970942116
68,0-1-0,0-1-0,1.0,1.0,0.0,0.0,1.0,0.0,0.0,1.0,0.0
69,0-1-0,0-1-1,0.9999857087432898,0.9999855671545856,0.03539586490274402,3.1663055573815676e-05,0.9080138491793379,0.324611731087756,0.021,0.0029585798816568047,0.043301082980826355
70,0-1-0,0-1-2,0.9999983333514847,0.9999983151867077,0.01196510760646322,1.5608230350070016e-05,0.9978250839566695,0.13145943276892835,0.006,0.0027739251040221915,0.0006607837723243692
71,0-1-0,0-1-3,0.9999984248797265,0.9999984074268295,0.01163131281471203,1.3520694744521774e-05,0.9989177567690477,0.12452649535812654,0.006,0.0027739251040221915,0.0017861932623508547
72,0-1-0,0-2-0,0.9999536507831814,0.9999531921523535,0.06315800641150289,6.0830177067817675e-05,0.4712566771887356,0.6157133713653297,0.036,0.0033112582781456954,0.1496585717944997
73,0-1-0,0-2-1,0.9999772330823832,0.9999770105297696,0.045154402011554684,3.9521854955198214e-05,0.4712566771887356,0.3739984663621669,0.029,0.0029585798816568047,0.011555234942149606
74,0-1-0,0-2-2,0.9999801654678155,0.9999799612735515,0.04238004486631922,4.480550721160429e-05,0.9834371918660384,0.383008637994877,0.025,0.0030120481927710845,0.06175284437974882
75,0-1-0,0-2-3,0.9999967731225331,0.9999967494740475,0.016776988359944685,2.235713351676547e-05,0.9834371918660384,0.18034173665235187,0.009,0.0027816411682892906,0.004502164670333264
76,0-1-0,0-3-0,0.9999957232920201,0.9999956896120925,0.01927498866770752,2.3659359918310448e-05,0.9947322964825674,0.19917087300532862,0.011,0.0027739251040221915,0.007560557992632333
77,0-1-0,0-3-1,0.9999902120108912,0.9999901333337162,0.0293461509371473,3.125384101891978e-05,0.9999993744989136,0.29345880608602815,0.016,0.0028653295128939827,0.04091139188379511
78,0-1-0,0-3-2,0.9999774351623739,0.9999771983620683,0.044646001914115364,3.64792877591442e-05,0.8433491511244362,0.41346373403013176,0.027,0.0030303030303030303,0.043508487236823545
79,0-1-0,0-3-3,0.9999970491274558,0.9999970262960476,0.015920418283685574,2.028430358007077e-05,0.9760198469076163,0.17107140122687026,0.009,0.002770083102493075,3.616272779582985e-05
80,0-1-0,1-0-0,0.5856296624314317,0.5816055244485717,5.875893608962728,0.0011373935656334066,0.17576350445354966,56.708415401351395,3.098,0.003484320557491289,0.016088625374119814
81,0-1-0,1-0-1,0.5846490677134024,0.5806047481565776,5.887527825298504,0.0011143188117848151,0.1051051889931055,56.92962580481311,3.102,0.003355704697986577,0.06556886357139524
82,0-1-0,1-0-2,0.464952913519326,0.4597155609373129,6.680618792715753,0.0011036102367090433,0.43290024620598067,66.93695901786309,3.414,0.003663003663003663,0.10784649842025973
83,0-1-0,1-0-3,0.5126015777591073,0.5078343983743997,6.378106478221967,0.001097640185957666,0.38459086223852973,62.99091622625151,3.297,0.003616636528028933,0.08852136339601768
84,0-1-0,1-1-0,0.5609670390041422,0.5566921796178318,6.051358650835589,0.0011200646636144577,0.07805663252825676,58.83208503687915,3.168,0.003436426116838488,0.0057730752200993996
85,0-1-0,1-1-1,0.561382530051678,0.5571064895654918,6.046499954173499,0.0011165757649539696,0.3730504893194599,58.84695971903892,3.167,0.003527336860670194,0.047573033754371497
86,0-1-0,1-1-2,0.56158473070308,0.557321187422566,6.044319317396567,0.0011336208450462171,0.42050876022870864,58.72720460393802,3.166,0.003590664272890485,0.10687562854043686
87,0-1-0,1-1-3,0.5128736453381877,0.5081154975885733,6.374663553276607,0.0011122987974017408,0.33976628095995043,62.907864680964956,3.296,0.0036429872495446266,0.09135384275049807
88,0-1-0,1-2-0,0.585010276425712,0.5809673047514775,5.883070061522351,0.0011111683475008305,0.21133604878578677,56.89158609656099,3.1,0.0034782608695652175,0.025964568033412516
89,0-1-0,1-2-1,0.5864020781439451,0.5824100393256275,5.867107439821523,0.0011824969846079849,0.2270213926146101,56.39664541619186,3.097,0.0035149384885764497,0.05849763498869376
90,0-1-0,1-2-2,0.5370572317750059,0.5325481945731113,6.213518191142575,0.001126743717111964,0.05213235178965072,60.800613996555114,3.233,0.003289473684210526,0.08329329722821177
91,0-1-0,1-2-3,0.5371974050313651,0.5326881558008315,6.211841581320077,0.001123163922152786,0.18247362476347695,60.83422030427159,3.232,0.0033277870216306157,0.0423086106525149
92,0-1-0,1-3-0,0.5859476495462821,0.581955334972215,5.872167931386003,0.001187973536723195,0.25217514423963844,56.41733507491808,3.099,0.003590664272890485,0.08912532685191055
93,0-1-0,1-3-1,0.5139965114199706,0.5092579918707291,6.360786737002486,0.0011346246373971029,0.49774305710623035,62.72276597897024,3.292,0.0037105751391465678,0.1595974890165387
94,0-1-0,1-3-2,0.6094686632100692,0.605682046180663,5.705357276967422,0.0011386253599878417,0.05979792917838787,54.73585334370602,3.028,0.0032679738562091504,0.0868843497188837
95,0-1-0,1-3-3,0.5125253376872303,0.5077669257571109,6.379074455496831,0.0011145838490795809,0.02790735158959209,62.94381488130111,3.298,0.003401360544217687,0.03676968492022192
96,0-1-0,2-0-0,0.7374254415664718,0.7350402651091175,4.637792640459773,0.0015978681926854404,0.27932894799837693,41.65518083194755,2.612,0.00315955766192733,0.0075409388944743805
97,0-1-0,2-0-1,0.7372639775888635,0.7348805610377521,4.639480419558435,0.0016054442252481102,0.16292768248187892,41.64426986229203,2.613,0.0032520325203252032,0.06539445935741206
98,0-1-0,2-0-2,0.7370682168298315,0.7346756603595377,4.641658453180535,0.0015908320318728155,0.39634974073026885,41.73466409183786,2.614,0.0033277870216306157,0.0490366420036118
99,0-1-0,2-0-3,0.73714635912795,0.7347582980323529,4.640818022441392,0.0015985872098223278,0.18247362476347695,41.67892037029947,2.614,0.003115264797507788,0.014941657981659584
100,0-1-0,2-1-0,0.7361735598698659,0.7337622180608824,4.651211600767964,0.0015722365822786518,0.5386703021655014,41.944342490878405,2.617,0.003527336860670194,0.1249340941967223
101,0-1-0,2-1-1,0.7372138263811636,0.7348256252634765,4.64008157250994,0.0015959490726286025,0.21133604878578677,41.70153382963638,2.613,0.0032733224222585926,0.06453661135570143
102,0-1-0,2-1-2,0.7125066899335272,0.7098751620642789,4.852834333869544,0.0015853578039987538,0.31870802547304267,43.79326711185627,2.708,0.003430531732418525,0.07195098491937368
103,0-1-0,2-1-3,0.7369904272228426,0.734599470706052,4.642453093011625,0.0015956654110938504,0.2888318987114197,41.71025761998722,2.614,0.003169572107765452,0.02532104995220663
104,0-1-0,2-2-0,0.7123503058631955,0.7097240728598468,4.854418051466179,0.0015966471246433701,0.189382867733048,43.735836039193224,2.709,0.0032310177705977385,0.05309902125853261
105,0-1-0,2-2-1,0.7372617959986255,0.7348761788207793,4.639680879365651,0.0016013355391691483,0.23518691271057976,41.650088852142055,2.613,0.003169572107765452,0.006940050273689935
106,0-1-0,2-2-2,0.7372291492801195,0.7348469700647478,4.639925294645188,0.0016087107628213252,0.16924928981273388,41.620976437199786,2.614,0.0032626427406199023,0.051739835306621074
107,0-1-0,2-2-3,0.7369430077535352,0.734552745008674,4.642863220983331,0.001598199723689688,0.16924928981273388,41.71746450866582,2.614,0.003257328990228013,0.05307707069949519
108,0-1-0,2-3-0,0.7614247362394582,0.7592635935678426,4.422783993700664,0.0015901074396328847,0.44549285856006854,39.76241811785823,2.514,0.0034782608695652175,0.10785405606976828
109,0-1-0,2-3-1,0.737527848171224,0.7351392148017033,4.637128515535132,0.001590117926877274,0.5248819085276248,41.69515132789144,2.612,0.0035650623885918,0.1321996534970168
110,0-1-0,2-3-2,0.7370842840608129,0.7346907324231101,4.641414955891524,0.00158775482279356,0.3506361296811728,41.75502430819552,2.613,0.0032102728731942215,0.028883613760872673
111,0-1-0,2-3-3,0.7371025474777788,0.7347159105428235,4.641244049081345,0.0016024597076227682,0.189382867733048,41.66146826931487,2.614,0.0031397174254317113,0.012183891107680478
112,0-1-0,3-0-0,0.7728868065085195,0.7709432840710015,4.307164841380154,0.001815020673081418,0.33976628095995043,37.108288062669786,2.482,0.003401360544217687,0.08095430033143913
113,0-1-0,3-0-1,0.748256773827312,0.7460839029993906,4.533066031652694,0.0018128026412928397,0.16924928981273388,39.117246915182236,2.585,0.003134796238244514,0.0034873425267941682
114,0-1-0,3-0-2,0.748645828680087,0.746478854561056,4.528872175842518,0.0018150320089179313,0.19649435810766677,39.06261263695812,2.584,0.0034482758620689655,0.10042652246075401
115,0-1-0,3-0-3,0.7484164283554363,0.7462427557668034,4.531746824744936,0.0018080750659781155,0.16924928981273388,39.13289145277398,2.585,0.0032626427406199023,0.046777285334341445
116,0-1-0,3-1-0,0.7482800517263816,0.7461073529140958,4.53298553866141,0.0018122013829155108,0.13949906748133606,39.131884416190566,2.585,0.0033333333333333335,0.08159873923474414
117,0-1-0,3-1-1,0.7727222145999144,0.7707750062585671,4.308758601767441,0.0018093570366658396,0.14508451090964886,37.175989136611996,2.482,0.0033500837520938024,0.09757293027571945
118,0-1-0,3-1-2,0.7488191912040719,0.7466527212906223,4.5275810124918925,0.0018120172648608476,0.189382867733048,39.053355246283665,2.583,0.003389830508474576,0.0835430675498906
119,0-1-0,3-1-3,0.7483880266977105,0.7462173617360439,4.53187900009723,0.0018140195018429724,0.14508451090964886,39.088754846628746,2.585,0.0031201248049922,0.0055433296655111874
120,0-1-0,3-2-0,0.7480251858009416,0.7458412765547714,4.535811020864091,0.0017980640014765687,0.44549285856006854,39.209197691237804,2.587,0.0034423407917383822,0.08490755316125198
121,0-1-0,3-2-1,0.7481292503990652,0.7459528261950475,4.534536712206137,0.0018100815626605983,0.3291232760670552,39.15292616039865,2.586,0.0034542314335060447,0.09813025116483831
122,0-1-0,3-2-2,0.7484389365629283,0.7462708474554861,4.531147937483077,0.001817541510359105,0.14508451090964886,39.082847844947246,2.585,0.003246753246753247,0.07014999274541722
123,0-1-0,3-2-3,0.7484402381350875,0.7462669484604089,4.531377755572374,0.0018075933491875592,0.20381111683301717,39.12343516854664,2.585,0.0031545741324921135,0.02166992447822036
124,0-1-0,3-3-0,0.7730919763218161,0.7711468588619169,4.304741793958389,0.0018053965309732284,0.43290024620598067,37.14409617438937,2.481,0.003484320557491289,0.11011605693597082
125,0-1-0,3-3-1,0.7485437813326616,0.7463734611462297,4.530400585900112,0.0018106253269965379,0.17576350445354966,39.08589476647549,2.584,0.0032,0.023966062154730627
126,0-1-0,3-3-2,0.7481337848141804,0.7459596614130359,4.534438844452908,0.0018139516392714093,0.18247362476347695,39.13075523330214,2.586,0.00333889816360601,0.07429907860447016
127,0-1-0,3-3-3,0.7485551668625353,0.7463858025942824,4.530093758369144,0.0018132405252809219,0.23518691271057976,39.08247899316995,2.584,0.003401360544217687,0.08644401805976032
128,0-2-0,0-0-0,0.999953790947171,0.999953415178596,0.06287804837634786,7.081086368639292e-05,0.3506361296811728,0.6542920947463094,0.035,0.0033500837520938024,0.15931123656377943
129,0-2-0,0-0-1,0.999945280484643,0.9999448805375226,0.06847923424667497,8.445248248246751e-05,0.5112358399031792,0.7297281855854673,0.037,0.0034482758620689655,0.1336800849369989
130,0-2-0,0-0-2,0.9999506164757688,0.9999501593907655,0.06522977328391877,6.839136462900669e-05,0.4582805853695553,0.656565152271523,0.037,0.0033003300330033004,0.15158419988446625
131,0-2-0,0-0-3,0.9999559633069548,0.9999555217334253,0.061338898996251896,5.7478933663019444e-05,0.9960013326623847,0.6553483026691601,0.032,0.003898635477582846,0.059648192085078544
132,0-2-0,0-1-0,0.9999536507831814,0.9999531921523535,0.06315800641150289,6.0830177067817675e-05,0.4712566771887356,0.6157133713653297,0.036,0.0033112582781456954,0.1496585717944997
133,0-2-0,0-1-1,0.9999545807432919,0.9999542112919771,0.062277425220042884,6.736202482020558e-05,0.8058440117518267,0.6755297552055791,0.031,0.0036101083032490976,0.10635748881367335
134,0-2-0,0-1-2,0.9999544111919346,0.9999539698087997,0.06271463552006822,6.294350548062476e-05,0.4582805853695553,0.6273444870113192,0.036,0.00333889816360601,0.14899778802217534
135,0-2-0,0-1-3,0.999956063977451,0.9999556306800068,0.06157491598898622,5.959094649846228e-05,0.4844136114465968,0.6148149422442664,0.035,0.00333889816360601,0.14787237853214885
136,0-2-0,0-2-0,1.0000000000000004,1.0,0.0,0.0,1.0,0.0,0.0,1.0,0.0
137,0-2-0,0-2-1,0.9999436383745461,0.9999431806709765,0.06949478284362914,7.413647627961478e-05,0.3617314721827243,0.7208982634534682,0.038,0.0036101083032490976,0.1381033368523501
138,0-2-0,0-2-2,0.9999276115861294,0.9999268175880639,0.0801528039331377,6.897382433090676e-05,0.9339753616978982,0.7510150910196706,0.047,0.0036900369003690036,0.08790572741475089
139,0-2-0,0-2-3,0.9999561354341063,0.9999557696295719,0.06128572342921542,6.773345804633342e-05,0.49774305710623035,0.6449452360564316,0.033,0.0033500837520938024,0.14515640712416644
140,0-2-0,0-3-0,0.9999556649540687,0.9999552988909877,0.06160955831651443,6.927796451966899e-05,0.5386703021655014,0.6457797589950403,0.033,0.00333889816360601,0.14209801380186737
141,0-2-0,0-3-1,0.9999462034669921,0.9999456079732169,0.06857957792383453,5.478776197924156e-05,0.8666029917753658,0.6476974428730945,0.04,0.003472222222222222,0.1087471799107046
142,0-2-0,0-3-2,0.9999280893835909,0.9999273030226562,0.07952382187855508,6.309727909807891e-05,0.7240811548452891,0.6865961613782127,0.052,0.0037174721189591076,0.10615008455767616
143,0-2-0,0-3-3,0.9999496812091062,0.9999492363186271,0.06570786791123594,7.11233269013536e-05,0.44549285856006854,0.6639085058942972,0.037,0.0033333333333333335,0.14962240906670388
144,0-2-0,1-0-0,0.5860844127940107,0.5820540987548355,5.870152593400027,0.001159786196822236,0.023990667638903153,56.84132499032029,3.095,0.004424778761061947,0.1335699464203799
145,0-2-0,1-0-1,0.5851021399899473,0.5810515316830669,5.8818046613688155,0.0011418470620343471,0.00041254789729741766,57.065911621761195,3.099,0.004219409282700422,0.21522743536589495
146,0-2-0,1-0-2,0.4653102650830287,0.4600613603585885,6.675570561163077,0.0011301579674296337,0.42050876022870864,67.06965900663431,3.412,0.0047169811320754715,0.04181207337423998
147,0-2-0,1-0-3,0.5129974258328234,0.50822076714558,6.372818205577145,0.0011239917130531367,0.30852102846349594,63.123705809048055,3.294,0.004640371229698376,0.061137208398482024
148,0-2-0,1-1-0,0.5614019372201822,0.5571197851871323,6.045784150005284,0.0011476003294773195,0.008184547196786903,58.96463218866331,3.165,0.004347826086956522,0.1554316470145991
149,0-2-0,1-1-1,0.5618176915093465,0.5575343461022935,6.040921379883694,0.0011419129420102954,0.10953996101597195,58.98008765778599,3.164,0.0044943820224719105,0.10208553804012821
150,0-2-0,1-1-2,0.5620200863987467,0.5577493062766568,6.038738480289418,0.0011587596826947335,0.39634974073026885,58.85998261386648,3.163,0.004597701149425287,0.042782943254062844
151,0-2-0,1-1-3,0.5132697993659401,0.5085022182826849,6.369371793021242,0.001139822606703748,0.3291232760670552,63.04087793136401,3.294,0.00468384074941452,0.058304729044001635
152,0-2-0,1-2-0,0.5854645487467182,0.5814153001593004,5.877336029759481,0.0011376620729989298,0.03400236623942259,57.02421306487349,3.097,0.004415011037527594,0.12369400376108719
153,0-2-0,1-2-1,0.5868573102958725,0.5828592699999959,5.861358668277659,0.0012085080577115734,0.16924928981273388,56.52968381336247,3.094,0.0044742729306487695,0.09116093680580595
154,0-2-0,1-2-2,0.537472779404751,0.5329554167717832,6.208089756956291,0.0011542736580399872,0.000128748603707892,60.933763319659484,3.231,0.00411522633744856,0.23295186902271148
155,0-2-0,1-2-3,0.5376122026503457,0.5330946168854853,6.206417439209561,0.0011496357762778866,0.0023330598898967875,60.97075842990264,3.23,0.0041753653444676405,0.1919671824470146
156,0-2-0,1-3-0,0.5864015790324182,0.5824032582003713,5.866430836721149,0.0012155046945187304,0.2270213926146101,56.55363066819409,3.096,0.004597701149425287,0.06053324494258916
157,0-2-0,1-3-1,0.5143934205041165,0.509645559837893,6.355484158359898,0.0011590763595090172,0.4844136114465968,62.855214399301,3.29,0.004796163069544364,0.00993891722203899
158,0-2-0,1-3-2,0.609941781923254,0.6061500337470516,5.699450768099791,0.0011646922662327597,0.0001610811877705629,54.8726087642227,3.025,0.004081632653061225,0.2365429215133834
159,0-2-0,1-3-3,0.5129202403290858,0.5081523868786649,6.373792783856433,0.0011421153660516716,0.00219065105143636,63.08055379820444,3.295,0.004291845493562232,0.18642825671472163
160,0-2-0,2-0-0,0.7379485458544683,0.7355643497944405,4.630989348600185,0.0016238877116061098,0.1237797435588322,41.79149126071978,2.608,0.003913894324853229,0.14211763290002533
161,0-2-0,2-0-1,0.7377868648210104,0.7354044452394637,4.632680459058093,0.0016314817452110486,0.19649435810766677,41.78035635143768,2.609,0.004056795131845842,0.08426411243708765
162,0-2-0,2-0-2,0.7375912786545902,0.7351996600453474,4.63485891526754,0.00161685530831299,0.29856240038175713,41.87090324696337,2.61,0.0041753653444676405,0.10062192979088791
163,0-2-0,2-0-3,0.7376694299057087,0.7352823373008179,4.634017676359941,0.0016246240032512398,0.0625592416703816,41.81520576806331,2.61,0.0038461538461538464,0.1646002297761593
164,0-2-0,2-1-0,0.736696495141399,0.7342859822102286,4.644421377104295,0.0015982271277802272,0.5248819085276248,42.080469553458876,2.614,0.009029345372460496,0.024724477597777406
165,0-2-0,2-1-1,0.737736735932981,0.7353494983633999,4.633281995209078,0.0016219791801575286,0.2270213926146101,41.83769064528174,2.609,0.00408997955010225,0.08512196043879827
166,0-2-0,2-1-2,0.7130097332207672,0.7103780447691429,4.84633290132601,0.0016113661699681443,0.39634974073026885,43.92940368866194,2.705,0.004338394793926247,0.07770758687512602
167,0-2-0,2-1-3,0.7375134067388143,0.7351234018683207,4.635654929336728,0.0016216981700494285,0.21133604878578677,41.84663057955492,2.61,0.003929273084479371,0.12433752184229308
168,0-2-0,2-2-0,0.7128532955183111,0.710226943771423,4.847918212914266,0.0016226867908976433,0.21133604878578677,43.872013423430055,2.705,0.004024144869215292,0.0965595505359671
169,0-2-0,2-2-1,0.7377847064198634,0.735400070240644,4.632881053612513,0.0016273439660092956,0.10953996101597195,41.78631850882665,2.61,0.003929273084479371,0.14271852152080977
170,0-2-0,2-2-2,0.7377521126186091,0.7353709414528341,4.633125116385364,0.0016347508184351815,0.15679531296701105,41.75728751375116,2.61,0.004073319755600814,0.09791873648787863
171,0-2-0,2-2-3,0.737466020093331,0.7350767161005692,4.636065031632624,0.0016242654721648439,0.17576350445354966,41.85370589455045,2.611,0.0040650406504065045,0.09658150109500452
172,0-2-0,2-3-0,0.7619675170869943,0.7598083599184887,4.415646854277264,0.0016161108363352762,0.44549285856006854,39.89866527113745,2.51,0.004415011037527594,0.04180451572473143
173,0-2-0,2-3-1,0.738050690650336,0.7356630059536918,4.630327357465216,0.0016161079155315998,0.49774305710623035,41.831645987607914,2.608,0.004555808656036446,0.017458918297482917
174,0-2-0,2-3-2,0.7376072106903946,0.7352145876760738,4.63461633014942,0.0016137993167882076,0.2270213926146101,41.89129955544315,2.61,0.003992015968063872,0.12077495803362703
175,0-2-0,2-3-3,0.737625667577236,0.7352400116670558,4.634443597035748,0.0016284850667079014,0.06542890129530783,41.797875226900175,2.61,0.003883495145631068,0.16184246290218018
176,0-2-0,3-0-0,0.7734180987520564,0.7714777067312981,4.300027971873736,0.0018410253725329125,0.33976628095995043,37.24458369617309,2.478,0.004291845493562232,0.06870427146306057
177,0-2-0,3-0-1,0.7487691077697635,0.7465983099848814,4.526277122340991,0.0018388168832251528,0.13408885658966313,39.25364671649708,2.582,0.003875968992248062,0.14617122926770554
178,0-2-0,3-0-2,0.7491588096020576,0.7469939449886381,4.522073660242027,0.0018410309579193515,0.21133604878578677,39.19872143327275,2.58,0.004366812227074236,0.0492320493337457
179,0-2-0,3-0-3,0.7489281757902888,0.7467565598377588,4.524962398219249,0.0018340908583759606,0.17576350445354966,39.269156622805035,2.581,0.004073319755600814,0.10288128646015826
180,0-2-0,3-1-0,0.7487921262767028,0.7466214985912074,4.526199059541083,0.0018382432096903734,0.13408885658966313,39.26814431770101,2.582,0.0041841004184100415,0.06805983255975556
181,0-2-0,3-1-1,0.7732542923226337,0.7713101994387465,4.301615738887247,0.0018353677172534269,0.14508451090964886,37.31218756826226,2.478,0.004210526315789474,0.05208564151878026
182,0-2-0,3-1-2,0.7493310488169398,0.7471666760565375,4.520792004153609,0.0018380215805351193,0.17576350445354966,39.18980730704326,2.579,0.004273504273504274,0.0661155042446091
183,0-2-0,3-1-3,0.7489004359713157,0.7467318565902827,4.525088578166007,0.0018400473445709098,0.13949906748133606,39.22507604830412,2.581,0.0038535645472061657,0.14411524212898852
184,0-2-0,3-2-0,0.7485384074349419,0.7463565066836769,4.529016904094674,0.001824062605598815,0.44549285856006854,39.3418808502852,2.583,0.004357298474945534,0.06475101863324773
185,0-2-0,3-2-1,0.7486416935092834,0.7464673216278993,4.527748257473339,0.0018360781249943808,0.3291232760670552,39.28922801610264,2.582,0.00437636761487965,0.051528320629661395
186,0-2-0,3-2-2,0.7489512699867753,0.7467852828267291,4.524357341274396,0.0018435686332840334,0.16292768248187892,39.21904951848346,2.581,0.004048582995951417,0.07950857904908248
187,0-2-0,3-2-3,0.7489526695989823,0.746781444976015,4.524586744654691,0.001833613727338951,0.2270213926146101,39.259707789960885,2.581,0.00390625,0.12798864731627935
188,0-2-0,3-3-0,0.7736240827444113,0.7716820838872083,4.297594523196241,0.0018313813393724238,0.38459086223852973,37.28013947280492,2.477,0.004424778761061947,0.03954251485852889
189,0-2-0,3-3-1,0.7490560377097295,0.7468877992129632,4.523610403977916,0.0018366352157260213,0.16292768248187892,39.222208826958635,2.58,0.003976143141153081,0.12569250963976908
190,0-2-0,3-3-2,0.7486458053830364,0.7464737469228346,4.5276540357690624,0.0018399564213797742,0.189382867733048,39.2669133960206,2.582,0.0041928721174004195,0.07535949319002955
191,0-2-0,3-3-3,0.7490679622944731,0.7469006913324471,4.523298271832777,0.0018392404030553944,0.24357079231897327,39.21866252943432,2.581,0.004291845493562232,0.06321455373473939
192,0-3-0,0-0-0,0.9999966435623102,0.9999966067070603,0.01694083350475539,1.6708806361517367e-05,0.8666029917753658,0.1738128171534269,0.009,0.0028011204481792717,0.01721322276191206
193,0-3-0,0-0-1,0.9999934636224842,0.9999934013869067,0.02365434156121405,2.7576456838586185e-05,0.9715858470234678,0.25534883540231956,0.012,0.0028694404591104736,0.008417928864868474
194,0-3-0,0-0-2,0.9999964650735101,0.9999964287406605,0.01764080107703307,1.6841512697057162e-05,0.9999359588314845,0.16112649752585984,0.01,0.0027662517289073307,0.00948618608259888
195,0-3-0,0-0-3,0.9999763380314703,0.9999760944194935,0.04518624584237699,4.431787114903073e-05,0.9611797704007551,0.4511976682096571,0.026,0.0031746031746031746,0.08244982171678883
196,0-3-0,0-1-0,0.9999957232920201,0.9999956896120925,0.01927498866770752,2.3659359918310448e-05,0.9947322964825674,0.19917087300532862,0.011,0.0027739251040221915,0.007560557992632333
197,0-3-0,0-1-1,0.9999901840594132,0.9999900757400002,0.029133514328658128,2.6804360304199616e-05,0.8058440117518267,0.2790544582035472,0.017,0.0029806259314456036,0.03574052498819402
198,0-3-0,0-1-2,0.999996980641974,0.9999969570958501,0.016382290529628103,1.94386118593641e-05,0.9996909705558952,0.15471352635583768,0.009,0.002793296089385475,0.006899774220307964
199,0-3-0,0-1-3,0.999996989904362,0.9999969709852758,0.01635212788966693,2.0752815900710414e-05,0.9998871571008593,0.15973795525332316,0.009,0.002793296089385475,0.005774364730281478
200,0-3-0,0-2-0,0.9999556649540687,0.9999552988909877,0.06160955831651443,6.927796451966899e-05,0.5386703021655014,0.6457797589950403,0.033,0.00333889816360601,0.14209801380186737
201,0-3-0,0-2-1,0.9999819690485898,0.9999817728688825,0.03990811506782518,3.392964590726136e-05,0.3617314721827243,0.3600645547652242,0.024,0.0029806259314456036,0.003994676949517273
202,0-3-0,0-2-2,0.999970934044414,0.9999706711297038,0.05137592447844613,5.0034478973095184e-05,0.9339753616978982,0.434692400946502,0.032,0.0030349013657056147,0.054192286387116484
203,0-3-0,0-2-3,0.9999979704780185,0.9999979480962148,0.013170689827325832,1.3013848018952844e-05,0.9947322964825674,0.13831008796101807,0.007,0.0028011204481792717,0.003058393322299069
204,0-3-0,0-3-0,0.9999999999999997,0.9999999999999981,0.0,0.0,1.0,0.0,0.0,1.0,0.0
205,0-3-0,0-3-1,0.9999843658935432,0.9999842767270681,0.03728788978450471,4.793246526905605e-05,0.9999997812032402,0.38200873935123053,0.021,0.002886002886002886,0.03335083389116278
206,0-3-0,0-3-2,0.9999686287621407,0.9999683357943394,0.05282111284093536,4.85419570342184e-05,0.7240811548452891,0.4705506482712401,0.034,0.0030534351145038168,0.03594792924419121
207,0-3-0,0-3-3,0.9999969605317239,0.999996927246465,0.01617754182719291,1.415723718099094e-05,0.9913057702149646,0.15597994867830695,0.009,0.002789400278940028,0.007524395264836503
208,0-3-0,1-0-0,0.5858583802731538,0.581841761663634,5.873114998456992,0.0011220939744475222,0.13949906748133606,56.59989317482417,3.097,0.0035149384885764497,0.00852806738148748
209,0-3-0,1-0-1,0.5848778767260029,0.5808411331885717,5.884751347785013,0.0011017578088944404,0.08510711968958148,56.81928046739201,3.101,0.00338409475465313,0.07312942156402757
210,0-3-0,1-0-2,0.46513693568692127,0.4599088284984543,6.678174889780959,0.0010900762888605812,0.44549285856006854,66.8285737480758,3.414,0.0036968576709796672,0.1002859404276274
211,0-3-0,1-0-3,0.512803265397766,0.5080446816662413,6.375546467534971,0.0010839160823019121,0.30852102846349594,62.88251416671806,3.296,0.0036496350364963502,0.08096080540338535
212,0-3-0,1-1-0,0.5611866375322487,0.5569196624702386,6.048660442089751,0.0011075012774044229,0.05979792917838787,58.7235203516302,3.167,0.0034662045060658577,0.013333633212731733
213,0-3-0,1-1-1,0.5616022828384457,0.5573341395738646,6.043799631001516,0.0011018889105736897,0.40832371061099104,58.73846521049032,3.166,0.0035587188612099642,0.040012475761739164
214,0-3-0,1-1-2,0.561804548899229,0.5575488630339067,6.041618107523608,0.0011187549549061258,0.42050876022870864,58.61874570562915,3.165,0.0036231884057971015,0.09931507054780453
215,0-3-0,1-1-3,0.5130753906052571,0.5083258139563965,6.372102484075641,0.0010997388255145348,0.3291232760670552,62.79952428685624,3.296,0.003676470588235294,0.08379328475786574
216,0-3-0,1-2-0,0.5852387882513553,0.5812033915796453,5.880294591635011,0.0010975669535524689,0.18247362476347695,56.783043364353475,3.099,0.0035087719298245615,0.018404010040780183
217,0-3-0,1-2-1,0.5866310039028042,0.5826463830285639,5.864325321577832,0.0011684801000170163,0.25217514423963844,56.288158260111246,3.096,0.0035460992907801418,0.050937076996061426
218,0-3-0,1-2-2,0.5372679765294097,0.5327671453759273,6.210890421109975,0.0011141829813195905,0.04123514998143483,60.69219380675151,3.232,0.003316749585406302,0.0908538552208441
219,0-3-0,1-2-3,0.5374086309751613,0.5329075954665347,6.209210242779769,0.001109540289626155,0.16924928981273388,60.72392647493888,3.232,0.003355704697986577,0.04986916864514723
220,0-3-0,1-3-0,0.5861768964198478,0.5821919955080501,5.86938468819516,0.0011754100110763573,0.27932894799837693,56.30691697302344,3.098,0.0036231884057971015,0.08156476885927821
221,0-3-0,1-3-1,0.5141987778489107,0.509468787578715,6.358219557460563,0.0011191036554386938,0.49774305710623035,62.61432241107002,3.291,0.003745318352059925,0.15203693102390636
222,0-3-0,1-3-2,0.6097066444063717,0.6059272147034059,5.702492382106111,0.0011246685245530472,0.047506452483892236,54.62550352763833,3.027,0.0032948929159802307,0.09444490771151604
223,0-3-0,1-3-3,0.5127274641146998,0.5079776228967854,6.376511767538456,0.0011020231489513414,0.11887360002549359,62.833522590779296,3.297,0.003430531732418525,0.044330242912854256
224,0-3-0,2-0-0,0.7377490492089622,0.7353689658459567,4.6339337537668595,0.0015838931351245355,0.27005266362097363,41.54465288433663,2.611,0.0031847133757961785,1.9619098157952486e-05
225,0-3-0,2-0-1,0.7375876871443298,0.7352093511312809,4.635621452852375,0.001591472183268147,0.16292768248187892,41.53363425131148,2.612,0.003278688524590164,0.05783390136477973
226,0-3-0,2-0-2,0.7373914759416781,0.7350040351466337,4.637804515353395,0.001576856974311911,0.43290024620598067,41.624103929360366,2.612,0.003355704697986577,0.041476084010979464
227,0-3-0,2-0-3,0.7374696983154495,0.7350867337116801,4.63696297202532,0.0015846154759832937,0.18247362476347695,41.56840175347645,2.612,0.0031397174254317113,0.022502215974291917
228,0-3-0,2-1-0,0.7364954861219919,0.7340893136540247,4.6473739908318805,0.0015582592360754383,0.5525891198675486,41.833747287336195,2.616,0.0035587188612099642,0.11737353620408997
229,0-3-0,2-1-1,0.7375374856265524,0.7351543867618074,4.6362233478087616,0.0015819738129919656,0.21133604878578677,41.59096331179021,2.612,0.0033003300330033004,0.0569760533630691
230,0-3-0,2-1-2,0.7128204608350847,0.7101944063249757,4.849151499820498,0.0015713864164185697,0.27932894799837693,43.68276113466251,2.707,0.0034602076124567475,0.06439042692674135
231,0-3-0,2-1-3,0.7373135757653713,0.7349277236082333,4.638600508557732,0.001581691385325654,0.2888318987114197,41.59973919133452,2.613,0.003194888178913738,0.0177604919595743
232,0-3-0,2-2-0,0.7126645832834099,0.7100437994362189,4.850731617809098,0.0015826751562528836,0.189382867733048,43.625260869507756,2.708,0.003257328990228013,0.045538463265900275
233,0-3-0,2-2-1,0.737585359463609,0.7352048322571737,4.635823315060025,0.001587364273330478,0.23518691271057976,41.53955702323679,2.612,0.003194888178913738,0.000620507718942398
234,0-3-0,2-2-2,0.7375526946762627,0.7351755872833453,4.636067996209901,0.0015947388215835506,0.16924928981273388,41.51048381662561,2.612,0.003289473684210526,0.04417927731398874
235,0-3-0,2-2-3,0.7372662236392898,0.7348810610442691,4.639010232158645,0.001584237804157211,0.16924928981273388,41.60690834255618,2.613,0.003284072249589491,0.045516512706862855
236,0-3-0,2-3-0,0.7617569082572124,0.7596005487330509,4.418740065938401,0.0015761380926810676,0.44549285856006854,39.65187445160845,2.512,0.0035087719298245615,0.10029349807713595
237,0-3-0,2-3-1,0.7378519123424885,0.7354683966480983,4.6332653368173755,0.001576140272386942,0.5248819085276248,41.58480662947627,2.611,0.0035971223021582736,0.12463909550438446
238,0-3-0,2-3-2,0.7374076560968622,0.7350192266334812,4.63755989873066,0.0015737870132568675,0.3506361296811728,41.644494387877025,2.612,0.003236245954692557,0.02132305576824034
239,0-3-0,2-3-3,0.7374256785067098,0.7350441277233051,4.6373910311526565,0.0015884843991198264,0.189382867733048,41.55093170384481,2.612,0.0031645569620253164,0.01974444910031281
240,0-3-0,3-0-0,0.7732400782103493,0.7713007673232051,4.302855691903105,0.0018010547805925553,0.33976628095995043,36.99791121300439,2.481,0.003430531732418525,0.0733937423388068
241,0-3-0,3-0-1,0.7486005801607919,0.746432263535773,4.528975000084317,0.0017988294802935775,0.16924928981273388,39.006874208571475,2.584,0.00315955766192733,0.004073215465838165
242,0-3-0,3-0-2,0.7489895134062161,0.7468270745435959,4.524779970286583,0.0018010655786368558,0.189382867733048,38.95217571191796,2.582,0.0034782608695652175,0.09286596446812168
243,0-3-0,3-0-3,0.7487602794228722,0.7465911697563552,4.527654693515336,0.0017941118295632173,0.16924928981273388,39.02250228141098,2.583,0.003289473684210526,0.03921672734170911
244,0-3-0,3-1-0,0.7486243067653114,0.7464561661337176,4.52889044852786,0.001798227386964596,0.13949906748133606,39.02155184281649,2.584,0.0033613445378151263,0.07403818124211181
245,0-3-0,3-1-1,0.7730752536860599,0.7711322686725293,4.3044526501496465,0.0017953785302687725,0.14508451090964886,37.06553253365883,2.481,0.0033783783783783786,0.09001237228308712
246,0-3-0,3-1-2,0.7491639418572432,0.7470020194425329,4.523478568008198,0.0017980472377814303,0.189382867733048,38.94295866822984,2.582,0.003418803418803419,0.07598250955725827
247,0-3-0,3-1-3,0.7487319737144335,0.7465658572032038,4.5277860747197805,0.0018000452216413861,0.14508451090964886,38.97837989937352,2.583,0.0031446540880503146,0.0020172283271211455
248,0-3-0,3-2-0,0.7483684239047365,0.746189110715111,4.531726566550463,0.001784101736470587,0.44549285856006854,39.10082011065373,2.585,0.003472222222222222,0.07734699516861965
249,0-3-0,3-2-1,0.7484729007598098,0.7463010430012625,4.530447873784579,0.0017961151736413242,0.31870802547304267,39.042589066948224,2.585,0.003484320557491289,0.09056969317220598
250,0-3-0,3-2-2,0.7487831060024562,0.7466195563452059,4.527052618284028,0.0018035636176856188,0.14508451090964886,38.97240815883989,2.583,0.0032733224222585926,0.06258943475278489
251,0-3-0,3-2-3,0.7487842717230734,0.7466155454691181,4.527283785610073,0.0017936194402962844,0.20381111683301717,39.013005261012076,2.583,0.003179650238473768,0.014109366485588026
252,0-3-0,3-3-0,0.7734450246189715,0.7715041310759819,4.300433227285362,0.0017914346597102174,0.42050876022870864,37.03365089095622,2.479,0.0035149384885764497,0.10255549894333849
253,0-3-0,3-3-1,0.7488880886878984,0.7467223229322553,4.52630363821723,0.001796653109498308,0.17576350445354966,38.97553142403436,2.583,0.0032258064516129032,0.016405504162098294
254,0-3-0,3-3-2,0.7484776004408465,0.7463080339985253,4.530348471177505,0.0017999746044434714,0.18247362476347695,39.02036397235565,2.585,0.003367003367003367,0.06673852061183783
255,0-3-0,3-3-3,0.7488992042948802,0.7467343876321344,4.525999058890768,0.001799274145451241,0.2270213926146101,38.97204635947299,2.583,0.003430531732418525,0.07888346006712799
256,1-0-0,0-0-0,0.5858857044033094,0.5818700384459192,5.8727449672440075,0.0011194596827490866,0.2610018744241597,56.587042980846924,3.097,0.003527336860670194,0.025741290143399542
257,1-0-0,0-0-1,0.5857828199936637,0.5817699466685977,5.874076224758324,0.0011115351795810847,0.05458760544236202,56.533318885512465,3.097,0.0036363636363636364,0.0001101385166190072
258,1-0-0,0-0-2,0.585584134154788,0.5815624412295926,5.876487665605404,0.0011310035711590168,0.2610018744241597,56.666363410067916,3.098,0.003472222222222222,0.01801425346408636
259,1-0-0,0-0-3,0.5862662454129295,0.5822475648516694,5.868044199301307,0.0011343832939494077,0.19649435810766677,56.662373211072165,3.095,0.004140786749482402,0.07392175433530135
260,1-0-0,0-1-0,0.5856296624314317,0.5816055244485717,5.875893608962728,0.0011373935656334066,0.17576350445354966,56.708415401351395,3.098,0.003484320557491289,0.016088625374119814
261,1-0-0,0-1-1,0.5861301106045975,0.5821167077273065,5.869662730249272,0.001118237231670205,0.2270213926146101,56.564165048165066,3.096,0.003816793893129771,0.02721245760670654
262,1-0-0,0-1-2,0.5855743959343056,0.5815505003658926,5.876654141740099,0.0011364395166674644,0.04977296328355213,56.702358419946655,3.098,0.0035149384885764497,0.015427841601795445
263,1-0-0,0-1-3,0.5855758305942919,0.5815510194611664,5.876629354677053,0.001138690155974687,0.0432403927420631,56.717600714248206,3.098,0.0035149384885764497,0.014302432111768959
264,1-0-0,0-2-0,0.5860844127940107,0.5820540987548355,5.870152593400027,0.001159786196822236,0.023990667638903153,56.84132499032029,3.095,0.004424778761061947,0.1335699464203799
265,1-0-0,0-2-1,0.5864327096350612,0.5824241980739805,5.865559892057479,0.0011103103956691099,0.27005266362097363,56.50326879262214,3.094,0.003816793893129771,0.004533390431970208
266,1-0-0,0-2-2,0.5848115453370438,0.5807736136193168,5.886410500043877,0.0011638958272814077,0.2610018744241597,56.88797103616334,3.101,0.00390625,0.045664219005629
267,1-0-0,0-2-3,0.5858387493552771,0.5818216219421587,5.873283997344278,0.0011222845472194211,0.17576350445354966,56.608661767286655,3.097,0.003527336860670194,0.01158646070378655
268,1-0-0,0-3-0,0.5858583802731538,0.581841761663634,5.873114998456992,0.0011220939744475222,0.13949906748133606,56.59989317482417,3.097,0.0035149384885764497,0.00852806738148748
269,1-0-0,0-3-1,0.5851830511801411,0.5811467050567037,5.881373527066308,0.0011627129426531367,0.04532988747056932,56.882559880843914,3.099,0.003663003663003663,0.024822766509675298
270,1-0-0,0-3-2,0.584873470634442,0.5808365790230662,5.884990775333631,0.0011601990584413561,0.24357079231897327,56.8682361210993,3.101,0.003937007874015748,0.02741986186270373
271,1-0-0,0-3-3,0.5857218569866379,0.581703094413161,5.874737547107766,0.0011251000709418676,0.16292768248187892,56.62584707413963,3.098,0.0035087719298245615,0.016052462646323984
272,1-0-0,1-0-0,1.0000000000000002,1.0,0.0,0.0,1.0,0.0,0.0,1.0,0.0
273,1-0-0,1-0-1,0.9013833769610382,0.900524787701024,2.8291610682184665,3.807581840216539e-05,0.8983539159350029,8.440092109731848,2.0,0.0045045045045045045,0.08165748894551506
274,1-0-0,1-0-2,0.8274174514665897,0.8259129721651345,3.7420415931095508,3.948045712705098e-05,0.7520810844045929,14.444608946775055,2.41,0.005076142131979695,0.09175787304613992
275,1-0-0,1-0-3,0.9260483800163118,0.9254034728257087,2.4502514581841957,4.6612180798642246e-05,0.9486524915947875,6.458705846375901,1.817,0.004987531172069825,0.07243273802189787
276,1-0-0,1-1-0,0.8766894728739486,0.8756167518387495,3.1627273137687593,3.0876760869146104e-05,0.6524641311831776,10.40517562262007,2.154,0.004651162790697674,0.021861700594219213
277,1-0-0,1-1-1,0.923290179162111,0.9226221568257597,2.4936399608445816,2.7006392332739313e-05,0.9799632019273475,7.008171717122193,1.824,0.004819277108433735,0.03148440838025168
278,1-0-0,1-1-2,0.8765685497918835,0.8754959024428437,3.1627191913494204,2.6687383510400775e-05,0.6956148804239717,10.433366892170739,2.154,0.0049382716049382715,0.09078700316631705
279,1-0-0,1-1-3,0.9260096876692014,0.9253651738445473,2.450202540977955,3.903969818669317e-05,0.9339753616978982,6.455824776739508,1.817,0.005037783375314861,0.07526521737637826
280,1-0-0,1-2-0,0.9013443134855221,0.900484987631233,2.8287345005670206,3.147626342675088e-05,0.7240811548452891,8.343755122568298,2.0,0.004728132387706856,0.009875942659292702
281,1-0-0,1-2-1,0.8998094979436175,0.8989437278624047,2.847489246477686,6.369582789715619e-05,0.23518691271057976,8.722769634199299,2.003,0.004796163069544364,0.042409009614573945
282,1-0-0,1-2-2,0.9013335269459607,0.9004756050995701,2.8289376493095375,2.746728744938082e-05,0.6956148804239717,8.384283234364133,2.0,0.0043859649122807015,0.09938192260233158
283,1-0-0,1-2-3,0.9013216800999746,0.9004633909850154,2.8287486800285953,2.9652108164775612e-05,0.9890792639169347,8.342733093769723,2.0,0.004454342984409799,0.05839723602663471
284,1-0-0,1-3-0,0.8997077156369871,0.8988418748033956,2.849885130488855,6.993619059096586e-05,0.07805663252825676,8.73024263907241,2.003,0.0049382716049382715,0.07303670147779073
285,1-0-0,1-3-1,0.8764544538303607,0.8753799397001976,3.1626723092380375,4.145289268209687e-05,0.14508451090964886,10.45098440637292,2.154,0.00516795865633075,0.14350886364241888
286,1-0-0,1-3-2,0.8765966978514167,0.8755251038068905,3.1625809742896602,2.9771018665587464e-05,0.7381521182333975,10.340504071220561,2.154,0.004347826086956522,0.10297297509300352
287,1-0-0,1-3-3,0.9260442179602741,0.9254003763781724,2.450515708524153,4.571799376775459e-05,0.9486524915947875,6.479532080895724,1.817,0.0045871559633027525,0.05285831029434174
288,1-0-0,2-0-0,0.8161993768597344,0.8146707289020813,3.8220491110541968,0.0005370677436217411,0.189382867733048,20.071489328584796,2.385,0.004158004158004158,0.008547686479645433
289,1-0-0,2-0-1,0.8161528877824435,0.8146255472075218,3.8227714761013902,0.0005426892646709532,0.23518691271057976,20.10433256390408,2.385,0.004319654427645789,0.04930583398329225
290,1-0-0,2-0-2,0.8163513076649402,0.8148218978910327,3.8211185437743005,0.0005377545397771378,0.2610018744241597,20.06094324148411,2.384,0.004454342984409799,0.03294801662949198
291,1-0-0,2-0-3,0.8162491170322497,0.8147207722600447,3.8220432069356267,0.0005380996447313713,0.40832371061099104,20.080007222766596,2.385,0.004081632653061225,0.031030283355779398
292,1-0-0,2-1-0,0.8169267610801644,0.8153969713830211,3.8166425379732662,0.0005305407313810627,0.2270213926146101,19.95167383910049,2.383,0.004819277108433735,0.10884546882260249
293,1-0-0,2-1-1,0.8162858217027879,0.8147573814917095,3.821533841605813,0.0005377607007513277,0.21907192975202863,20.076213495562037,2.384,0.004357298474945534,0.04844798598158162
294,1-0-0,2-1-2,0.7909812652685124,0.7892374730987788,4.076326777672695,0.0005453259235248513,0.12885028637721052,22.042811683005194,2.497,0.004640371229698376,0.05586235954525387
295,1-0-0,2-1-3,0.8164258274353526,0.8148982391520044,3.8204430743246105,0.0005373752651223683,0.3730504893194599,20.05890254036318,2.384,0.0041753653444676405,0.009232424578086817
296,1-0-0,2-2-0,0.7912498954890363,0.7895120063308282,4.0739530192069955,0.0005379514249848832,0.30852102846349594,22.03567067496682,2.496,0.004282655246252677,0.037010395884412794
297,1-0-0,2-2-1,0.8162060747539699,0.8146780585906377,3.8223810610557263,0.0005408039019413598,0.1237797435588322,20.091985049825002,2.384,0.0041753653444676405,0.009148575100429879
298,1-0-0,2-2-2,0.816161630373711,0.8146351698340217,3.8228046033154564,0.0005439166814281901,0.29856240038175713,20.142424279498112,2.385,0.004338394793926247,0.03565120993250126
299,1-0-0,2-2-3,0.8164080650200845,0.8148809152666495,3.820621803998104,0.0005367498267106996,0.29856240038175713,20.03662534416956,2.384,0.004329004329004329,0.036988445325375374
300,1-0-0,2-3-0,0.8396962212037948,0.8383613229952719,3.570628464341493,0.0005401641387884182,0.13949906748133606,18.48047915014491,2.264,0.004728132387706856,0.09176543069564846
301,1-0-0,2-3-1,0.8141878163572245,0.8126400719078601,3.843096228466581,0.0005405103240555764,0.27005266362097363,20.52738116714904,2.388,0.004889975550122249,0.11611102812289698
302,1-0-0,2-3-2,0.8164599158781055,0.8149308274365376,3.8198984450657805,0.000536796175677322,0.4582805853695553,19.998900216827845,2.384,0.004246284501061571,0.012794988386752859
303,1-0-0,2-3-3,0.8162518475016931,0.8147244705180684,3.822051383518584,0.0005405711548990441,0.29856240038175713,20.103063295366013,2.384,0.004123711340206186,0.02827251648180029
304,1-0-0,3-0-0,0.82632494237593,0.8249373620126369,3.7081830067297314,0.0007156954474404563,0.09268556256404036,20.558432611460425,2.306,0.0045871559633027525,0.06486567495731932
305,1-0-0,3-0-1,0.801376492346625,0.7997865492821135,3.9648286749607076,0.0007126463015680755,0.18247362476347695,22.511527979226063,2.423,0.00411522633744856,0.012601282847325646
306,1-0-0,3-0-2,0.8009615411256752,0.7993695735106348,3.9682776966995754,0.0007140314878278278,0.05979792917838787,22.541494376555065,2.425,0.004672897196261682,0.0843378970866342
307,1-0-0,3-0-3,0.8012178505785802,0.7996252776301737,3.966515942445015,0.000707848432061871,0.0625592416703816,22.526081833393757,2.424,0.004338394793926247,0.03068865996022163
308,1-0-0,3-1-0,0.8013139607547674,0.7997234844766975,3.965575000807803,0.0007099884873190469,0.09268556256404036,22.50166948134212,2.424,0.004464285714285714,0.06551011386062433
309,1-0-0,3-1-1,0.8267422057131952,0.8253567982329122,3.703774250175456,0.0007073634347769909,0.057141766164485776,20.485890720698116,2.304,0.0044943820224719105,0.08148430490159964
310,1-0-0,3-1-2,0.8007906930052148,0.7991966877184772,3.97023116133406,0.0007096842715575361,0.24357079231897327,22.56077181622652,2.426,0.0045662100456621,0.06745444217577079
311,1-0-0,3-1-3,0.8012018447072251,0.7996110641187814,3.9665575622530853,0.0007126833347883538,0.30852102846349594,22.540123527493332,2.424,0.00408997955010225,0.010545295708608626
312,1-0-0,3-2-0,0.8014553889801808,0.7998608835322266,3.964688522175045,0.0007123451688130117,0.08510711968958148,22.475999537387096,2.423,0.004662004662004662,0.06881892778713217
313,1-0-0,3-2-1,0.8012524697558555,0.7996601321170245,3.9663810318661703,0.000712797966607844,0.10082027367439374,22.525933923192223,2.424,0.00468384074941452,0.0820416257907185
314,1-0-0,3-2-2,0.8010357078452748,0.7994448176349416,3.9679468122289365,0.0007151343895918285,0.16924928981273388,22.537818890297864,2.425,0.004310344827586207,0.05406136737129741
315,1-0-0,3-2-3,0.8012061900319446,0.7996136171429813,3.9664819433268144,0.0007086279681351309,0.20381111683301717,22.5154147963249,2.424,0.004149377593360996,0.0055812991041005455
316,1-0-0,3-3-0,0.8263903068890145,0.8250012839671712,3.7070195901434126,0.0007099474454756832,0.13408885658966313,20.52075706448545,2.306,0.004739336492890996,0.094027431561851
317,1-0-0,3-3-1,0.8012634016586584,0.7996724709378789,3.9658642995625404,0.0007096569119318894,0.17576350445354966,22.536415156280007,2.424,0.004228329809725159,0.007877436780610814
318,1-0-0,3-3-2,0.801234284591337,0.7996431250591615,3.966507052323501,0.0007117588930169143,0.12885028637721052,22.519391070413477,2.424,0.0044742729306487695,0.058210453230350345
319,1-0-0,3-3-3,0.801078065533067,0.7994861319352843,3.9675126103139293,0.0007133066781456681,0.0625592416703816,22.528038887848265,2.424,0.0045871559633027525,0.0703553926856405
320,1-1-0,0-0-0,0.5612125580818083,0.5569465807614442,6.0483012698309615,0.0011028076098174588,0.13949906748133606,58.71043562685515,3.167,0.0034782608695652175,0.003879589549180329
321,1-1-0,0-0-1,0.5611144230607644,0.5568516100660279,6.049593845539656,0.001096653096684118,0.020569474259751894,58.656972129120035,3.168,0.0035842293906810036,0.021751562077600206
322,1-1-0,0-0-2,0.560923647058349,0.5566515023400508,6.05193546303948,0.00111410669048351,0.1237797435588322,58.78982128616084,3.168,0.003424657534246575,0.0038474471301328528
323,1-1-0,0-0-3,0.5615773196915128,0.5573075928936243,6.043736540023145,0.0011222052211840809,0.08882858777671174,58.78575925051289,3.165,0.004073319755600814,0.09578345492952056
324,1-1-0,0-1-0,0.5609670390041422,0.5566921796178318,6.051358650835589,0.0011200646636144577,0.07805663252825676,58.83208503687915,3.168,0.003436426116838488,0.0057730752200993996
325,1-1-0,0-1-1,0.561446314458572,0.5571824852532985,6.045308451561328,0.0011059021693054151,0.19649435810766677,58.687621375632006,3.166,0.0037593984962406013,0.049074158200925755
326,1-1-0,0-1-2,0.5609146757541512,0.5566401547474986,6.052097052496491,0.0011192426276150599,0.10953996101597195,58.825984076430586,3.168,0.0034662045060658577,0.006433858992423769
327,1-1-0,0-1-3,0.5609159967966084,0.556640479075494,6.052072983527994,0.0011213977475601508,0.11887360002549359,58.84123378394081,3.168,0.0034662045060658577,0.007559268482450254
328,1-1-0,0-2-0,0.5614019372201822,0.5571197851871323,6.045784150005284,0.0011476003294773195,0.008184547196786903,58.96463218866331,3.165,0.004347826086956522,0.1554316470145991
329,1-1-0,0-2-1,0.5617334703219483,0.5574745474292866,6.041324929469771,0.0010970621299376787,0.21133604878578677,58.626665867254225,3.165,0.0037593984962406013,0.017328310162249005
330,1-1-0,0-2-2,0.5601859812463108,0.5558971943024879,6.061570830403828,0.001145733098273259,0.16292768248187892,59.01135269195846,3.171,0.0038461538461538464,0.06752591959984822
331,1-1-0,0-2-3,0.5611672325411531,0.5568997236187263,6.048824718383523,0.001107044853289379,0.07805663252825676,58.732311001952084,3.167,0.0034782608695652175,0.010275239890432664
332,1-1-0,0-3-0,0.5611866375322487,0.5569196624702386,6.048660442089751,0.0011075012774044229,0.05979792917838787,58.7235203516302,3.167,0.0034662045060658577,0.013333633212731733
333,1-1-0,0-3-1,0.5605386908925121,0.5562511266229103,6.0566796579337066,0.0011445483251256512,0.21133604878578677,59.00621478272524,3.17,0.0036101083032490976,0.04668446710389451
334,1-1-0,0-3-2,0.5602403364111694,0.5559525520532647,6.060192299723702,0.0011420362173352372,0.21133604878578677,58.99215611817574,3.171,0.003875968992248062,0.049281562456922945
335,1-1-0,0-3-3,0.5610553148255758,0.5567861771494262,6.050235815009654,0.0011083984409672322,0.07150629475393318,58.749433548200926,3.168,0.0034602076124567475,0.005809237947895229
336,1-1-0,1-0-0,0.8766894728739486,0.8756167518387495,3.1627273137687593,3.0876760869146104e-05,0.6524641311831776,10.40517562262007,2.154,0.004651162790697674,0.021861700594219213
337,1-1-0,1-0-1,0.8768947711617447,0.8758214532163918,3.1627769115518523,2.6071775449470148e-05,0.8983539159350029,10.379091557018548,2.154,0.004424778761061947,0.05979578835129584
338,1-1-0,1-0-2,0.9014897531091882,0.9006297844736099,2.8287877373272026,3.304514520526228e-05,0.4712566771887356,8.39765098762643,2.0,0.004975124378109453,0.11361957364035913
339,1-1-0,1-0-3,0.901536290568916,0.9006763613164782,2.8289201151784527,3.253587220882725e-05,0.7240811548452891,8.406456056091553,2.0,0.004889975550122249,0.09429443861611708
340,1-1-0,1-1-0,1.0000000000000007,1.0,0.0,0.0,1.0,0.0,0.0,1.0,0.0
341,1-1-0,1-1-1,0.8987165760302706,0.8978332928685931,2.8670041143295633,3.190094643833125e-05,0.9864665840846231,9.071182253606905,2.006,0.004728132387706856,0.053346108974470896
342,1-1-0,1-1-2,0.9506739255480927,0.9502446747027905,2.000500695271112,3.252509781602802e-05,0.42050876022870864,4.380749304005096,1.587,0.004842615012106538,0.11264870376053626
343,1-1-0,1-1-3,0.9014991814127642,0.9006399266442395,2.8286702678144513,2.53078807991326e-05,0.6956148804239717,8.326261027493455,2.0,0.0049382716049382715,0.09712691797059747
344,1-1-0,1-2-0,0.9260805089358476,0.9254357277176599,2.4499664218167236,2.6725706991488755e-05,0.7520810844045929,6.393385862414557,1.817,0.004640371229698376,0.031737643253511916
345,1-1-0,1-2-1,0.8751299152688418,0.8740494049987083,3.180767432505996,6.635333245960567e-05,0.10953996101597195,10.617052706737756,2.157,0.004705882352941176,0.06427071020879316
346,1-1-0,1-2-2,0.9260814365673382,0.9254378001994058,2.4499925604661117,2.2095331533054886e-05,0.9080138491793379,6.341947552775301,1.817,0.004310344827586207,0.07752022200811237
347,1-1-0,1-2-3,0.8768005749936943,0.8757274968021733,3.162553424968453,2.213788484830177e-05,0.8433491511244362,10.30629993388549,2.154,0.00437636761487965,0.0365355354324155
348,1-1-0,1-3-0,0.9243751481186093,0.9237214651554625,2.4761689875817767,7.283169486479504e-05,0.6524641311831776,6.709392393069254,1.822,0.004842615012106538,0.09489840207200995
349,1-1-0,1-3-1,0.9506008234985608,0.9501705798221068,2.0010540906959267,5.3886031894701546e-05,0.0625592416703816,4.532974429404999,1.587,0.005063291139240506,0.1653705642366381
350,1-1-0,1-3-2,0.9013845660485973,0.9005270344613246,2.8287985565209457,2.8719376249745492e-05,0.941582014094102,8.332414052953617,2.0,0.004273504273504274,0.0811112744987843
351,1-1-0,1-3-3,0.9015419647778371,0.9006835891149378,2.8290600108319817,3.246536566241418e-05,0.7240811548452891,8.424469436269339,2.0,0.0045045045045045045,0.030996609700122524
352,1-1-0,2-0-0,0.7906312264034342,0.7888869416941946,4.081543419803032,0.0005558523844284599,0.16292768248187892,22.182191795946594,2.498,0.00408997955010225,0.01331401411457378
353,1-1-0,2-0-1,0.7905846553604909,0.788841880545894,4.082254974606267,0.0005599335654441604,0.11412821903560588,22.210074178585682,2.498,0.004246284501061571,0.07116753457751146
354,1-1-0,2-0-2,0.7907943121578934,0.7890491154853898,4.080653017475501,0.0005560329140278799,0.3617314721827243,22.170937507010677,2.498,0.00437636761487965,0.054809717223711196
355,1-1-0,2-0-3,0.7906894253491058,0.7889455016637356,4.081526976916316,0.0005556437444559358,0.4844136114465968,22.18583612579265,2.498,0.004016064257028112,0.009168582761560184
356,1-1-0,2-1-0,0.8416561404961276,0.8403322277838797,3.552101810141328,0.0005491165262667959,0.14508451090964886,18.06887413142792,2.261,0.004728132387706856,0.1307071694168217
357,1-1-0,2-1-1,0.7907230279691002,0.7889789348680838,4.081061755070353,0.0005547415036869009,0.1051051889931055,22.18365469761779,2.498,0.004282655246252677,0.07030968657580083
358,1-1-0,2-1-2,0.8157542246932814,0.8142160219154624,3.829848638164403,0.0005639839854951848,0.1237797435588322,20.160667408675998,2.386,0.004555808656036446,0.07772406013947308
359,1-1-0,2-1-3,0.8411730566366515,0.8398508163568261,3.556229510860706,0.0005558547102146991,0.19649435810766677,18.168077566882864,2.262,0.004106776180698152,0.03109412517230603
360,1-1-0,2-2-0,0.8160267484219116,0.8144941406014674,3.827243008794852,0.0005553869972794543,0.15084875026442593,20.144368397007934,2.386,0.004210526315789474,0.05887209647863201
361,1-1-0,2-2-1,0.7906383239932611,0.7888947438125905,4.081906923950508,0.0005583460679502152,0.1237797435588322,22.200540054378553,2.498,0.004106776180698152,0.012713125493789335
362,1-1-0,2-2-2,0.7905948328647121,0.7888530468597363,4.082289392786355,0.0005610721987344099,0.15084875026442593,22.24891352897772,2.498,0.0042643923240938165,0.05751291052672047
363,1-1-0,2-2-3,0.7908520620396681,0.7891093501623198,4.08019068647638,0.0005537407305428362,0.15679531296701105,22.14208829602899,2.498,0.00425531914893617,0.05885014591959459
364,1-1-0,2-3-0,0.8141074834877559,0.8125567218605753,3.847204371206372,0.0005582952580645649,0.18247362476347695,20.5940690471389,2.389,0.004640371229698376,0.11362713128986768
365,1-1-0,2-3-1,0.8389313531411845,0.8375890488034307,3.580714047531767,0.0005584934880071313,0.12885028637721052,18.641220684481777,2.266,0.004796163069544364,0.1379727287171162
366,1-1-0,2-3-2,0.7909003810159021,0.7891554145691317,4.079521196383782,0.0005553952217542173,0.27005266362097363,22.11237487628413,2.497,0.0041753653444676405,0.03465668898097207
367,1-1-0,2-3-3,0.7906901725198942,0.7889473137798235,4.081559066927091,0.0005577231301558678,0.3506361296811728,22.20820894587765,2.498,0.004056795131845842,0.006410815887581078
368,1-1-0,3-0-0,0.8004384304883934,0.7988393794809757,3.9770705663769834,0.0007347317478465033,0.10953996101597195,22.67625397850221,2.427,0.0045045045045045045,0.08672737555153853
369,1-1-0,3-0-1,0.7755170214332118,0.7737155151724173,4.2173583760766045,0.0007307882925274714,0.2270213926146101,24.621862617747624,2.534,0.004048582995951417,0.009260417746893568
370,1-1-0,3-0-2,0.7750853544630834,0.7732818172520249,4.220669915490099,0.0007324441286780912,0.057141766164485776,24.650456211730265,2.535,0.0045871559633027525,0.10619959768085341
371,1-1-0,3-0-3,0.8259184506279843,0.8245249913809615,3.7147763828183686,0.0007259735007386727,0.07472066039006771,20.63541386031609,2.308,0.0042643923240938165,0.052550360554440845
372,1-1-0,3-1-0,0.7754559652005505,0.773653934313077,4.218063488234341,0.0007279954626137454,0.03746643673680345,24.613101024341706,2.535,0.0043859649122807015,0.08737181445484354
373,1-1-0,3-1-1,0.8008615364714429,0.7992645764575455,3.972903571386992,0.0007255943279496749,0.021658242928744294,22.59750390823789,2.426,0.004415011037527594,0.10334600549581885
374,1-1-0,3-1-2,0.7749204431775432,0.7731148489760105,4.2224870518307185,0.0007276801696165478,0.16924928981273388,24.66887780501389,2.536,0.004484304932735426,0.08931614276999
375,1-1-0,3-1-3,0.7753416022165748,0.7735393081242663,4.218991407605006,0.000730772676840905,0.30852102846349594,24.649793413327842,2.535,0.004024144869215292,0.011316404885610587
376,1-1-0,3-2-0,0.7756042870118016,0.7737977618428877,4.217234395630202,0.0007315867508543767,0.06841015451374627,24.591417101203398,2.534,0.004576659038901602,0.09068062838135138
377,1-1-0,3-2-1,0.825952012090465,0.8245587838734761,3.714610136250654,0.0007319250892730881,0.11887360002549359,20.638913206585855,2.307,0.004597701149425287,0.10390332638493771
378,1-1-0,3-2-2,0.7751691942511043,0.7733668615445819,4.220322370509367,0.0007331697610142468,0.07805663252825676,24.64949533087521,2.535,0.00423728813559322,0.07592306796551662
379,1-1-0,3-2-3,0.7753441003569168,0.7735398153150592,4.218933222878288,0.0007269964474438541,0.17576350445354966,24.627213650049573,2.535,0.004081632653061225,0.02744299969831976
380,1-1-0,3-3-0,0.8004922732241208,0.7988914678062633,3.976026719844478,0.000729126859374115,0.13408885658966313,22.63198080942733,2.427,0.004651162790697674,0.11588913215607022
381,1-1-0,3-3-1,0.7754017090274433,0.7735991885887684,4.218341758615737,0.0007277751088193993,0.16292768248187892,24.64753063721224,2.534,0.004158004158004158,0.029739137374830027
382,1-1-0,3-3-2,0.7753808009115001,0.7735781187000063,4.218916948522793,0.0007298528032354954,0.21133604878578677,24.630841779660766,2.535,0.004395604395604396,0.08007215382456956
383,1-1-0,3-3-3,0.8257810878173869,0.8243881346894939,3.7158787396984794,0.0007317570775364207,0.05979792917838787,20.64208246084641,2.308,0.0045045045045045045,0.09221709327985972
384,1-2-0,0-0-0,0.5852660513290745,0.5812316141284262,5.879925238193555,0.0010929391889567418,0.3617314721827243,56.7700000129213,3.099,0.0035211267605633804,0.035617232802692245
385,1-2-0,0-0-1,0.5851632797650962,0.5811316716397487,5.881254845003382,0.0010883002039198157,0.07472066039006771,56.716518509307775,3.1,0.003629764065335753,0.00998608117591171
386,1-2-0,0-0-2,0.5849648052562705,0.5809243069291724,5.883663331820176,0.0011057490733229287,0.0625592416703816,56.849391564202726,3.1,0.0034662045060658577,0.027890196123379063
387,1-2-0,0-0-3,0.5856462693233205,0.5816087558144678,5.875229653603862,0.0011122647072424215,0.25217514423963844,56.8453493405177,3.097,0.004132231404958678,0.06404581167600865
388,1-2-0,0-1-0,0.585010276425712,0.5809673047514775,5.883070061522351,0.0011111683475008305,0.21133604878578677,56.89158609656099,3.1,0.0034782608695652175,0.025964568033412516
389,1-2-0,0-1-1,0.5855101961922717,0.581478023747149,5.876846784355397,0.0010959642276992065,0.42050876022870864,56.747155830186635,3.098,0.0038095238095238095,0.01733651494741384
390,1-2-0,0-1-2,0.5849550863044883,0.5809123643542125,5.8838295440788455,0.001110450333129959,0.06841015451374627,56.88550781742501,3.1,0.0035087719298245615,0.025303784261088147
391,1-2-0,0-1-3,0.5849565203797441,0.5809128736401924,5.88380478022993,0.001112734114719797,0.05979792917838787,56.9007504910665,3.1,0.0035087719298245615,0.02417837477106166
392,1-2-0,0-2-0,0.5854645487467182,0.5814153001593004,5.877336029759481,0.0011376620729989298,0.03400236623942259,57.02421306487349,3.097,0.004415011037527594,0.12369400376108719
393,1-2-0,0-2-1,0.5858124597080527,0.5817852013057677,5.872749054004665,0.00108711428198185,0.42050876022870864,56.68639220415417,3.097,0.0038095238095238095,0.01440933309126291
394,1-2-0,0-2-2,0.5841930738122098,0.5801362415352544,5.893573817778846,0.001137582215133989,0.40832371061099104,57.07093673267332,3.103,0.003898635477582846,0.0357882763463363
395,1-2-0,0-2-3,0.5852191513762929,0.5811832422525418,5.880463569024225,0.0010976452178641368,0.03746643673680345,56.79182527293332,3.099,0.0035211267605633804,0.021462403363079252
396,1-2-0,0-3-0,0.5852387882513553,0.5812033915796453,5.880294591635011,0.0010975669535524689,0.18247362476347695,56.783043364353475,3.099,0.0035087719298245615,0.018404010040780183
397,1-2-0,0-3-1,0.5845641298162854,0.5805088664783777,5.888543351422815,0.001136401342546599,0.0625592416703816,57.06573303677082,3.102,0.003656307129798903,0.014946823850382596
398,1-2-0,0-3-2,0.5842548874950406,0.5801990999205762,5.892156107748246,0.001133881412808487,0.42050876022870864,57.05132323315836,3.103,0.003929273084479371,0.01754391920341103
399,1-2-0,0-3-3,0.5851024002968486,0.5810648498876303,5.881915219559563,0.001098981045146591,0.21133604878578677,56.809000483553824,3.1,0.0035026269702276708,0.025928405305616686
400,1-2-0,1-0-0,0.9013443134855221,0.900484987631233,2.8287345005670206,3.147626342675088e-05,0.7240811548452891,8.343755122568298,2.0,0.004728132387706856,0.009875942659292702
401,1-2-0,1-0-1,0.9015000653091619,0.9006401636886863,2.8289028574484187,3.043684844499738e-05,0.44549285856006854,8.391668237147178,2.0,0.0044943820224719105,0.09153343160480776
402,1-2-0,1-0-2,0.827605196829644,0.8260982645505941,3.741892150586187,2.3980910502659363e-05,0.8433491511244362,14.37545231985924,2.41,0.005063291139240506,0.08188193038684721
403,1-2-0,1-0-3,0.8769175404727722,0.8758411909013423,3.1626435139034634,2.795985455364399e-05,0.9834371918660384,10.38546629572163,2.154,0.004975124378109453,0.06255679536260517
404,1-2-0,1-1-0,0.9260805089358476,0.9254357277176599,2.4499664218167236,2.6725706991488755e-05,0.7520810844045929,6.393385862414557,1.817,0.004640371229698376,0.031737643253511916
405,1-2-0,1-1-1,0.874050057292088,0.8729502362397772,3.196887511798962,2.2517471782175912e-05,0.4582805853695553,11.013662064265372,2.16,0.004807692307692308,0.02160846572095898
406,1-2-0,1-1-2,0.876688341895018,0.8756138694331443,3.1627910464040156,3.316676347090506e-05,0.7927506368483939,10.465963429203647,2.154,0.0049261083743842365,0.08091106050702435
407,1-2-0,1-1-3,0.8768448442803226,0.875769125718469,3.162701932278969,3.141424084599392e-05,0.9760198469076163,10.417580323618084,2.154,0.005025125628140704,0.06538927471708555
408,1-2-0,1-2-0,1.0000000000000004,1.0,0.0,0.0,1.0,0.0,0.0,1.0,0.0
409,1-2-0,1-2-1,0.850551668443442,0.8492568426372411,3.479497085504509,7.370929150420998e-05,0.29856240038175713,12.708272969212912,2.292,0.004784688995215311,0.03253306695528124
410,1-2-0,1-2-2,0.9014390923985083,0.9005797889891143,2.8288494426029454,2.8256651755293332e-05,0.5386703021655014,8.371192779903557,2.0,0.00437636761487965,0.10925786526162429
411,1-2-0,1-2-3,0.852148330940564,0.850858874555227,3.4643045458108146,2.8781524143972183e-05,0.4582805853695553,12.315584037570845,2.289,0.0044444444444444444,0.06827317868592742
412,1-2-0,1-3-0,0.8998242618385557,0.8989572520363057,2.849687800188683,8.304081666144469e-05,0.1051051889931055,8.743629151337915,2.003,0.0049261083743842365,0.06316075881849803
413,1-2-0,1-3-1,0.8765642903356243,0.8754878434125545,3.16288554771863,4.347214495270713e-05,0.189382867733048,10.488224839815018,2.154,0.005154639175257732,0.13363292098312618
414,1-2-0,1-3-2,0.8274246795507803,0.8259220885052154,3.7418635626123358,3.487292720201708e-05,0.6380495946556389,14.35296760628173,2.41,0.004338394793926247,0.11284891775229622
415,1-2-0,1-3-3,0.8769279534703888,0.8758536012045879,3.1627571023757195,3.664814705494659e-05,0.9760198469076163,10.409729420552722,2.154,0.004576659038901602,0.06273425295363444
416,1-2-0,2-0-0,0.8158228858862756,0.8142877207344427,3.8281169759930487,0.0005533350358917851,0.15679531296701105,20.233139372697053,2.386,0.004149377593360996,0.018423629138938136
417,1-2-0,2-0-1,0.8157727306153305,0.8142388649203353,3.82887607771358,0.0005599472580398486,0.29856240038175713,20.269779827935253,2.386,0.004310344827586207,0.039429891323999544
418,1-2-0,2-0-2,0.8159777716952757,0.8144418443710998,3.8271538126971376,0.0005506362531101123,0.33976628095995043,20.21213068693513,2.386,0.0044444444444444444,0.02307207397019928
419,1-2-0,2-0-3,0.8158714398686796,0.81433656754812,3.828121469278799,0.0005544145357814342,0.43290024620598067,20.245792148790873,2.386,0.004073319755600814,0.0409062260150721
420,1-2-0,2-1-0,0.8668330602519534,0.8657194947168253,3.2576260928744807,0.000541666245506542,0.189382867733048,16.096519499346066,2.122,0.004807692307692308,0.09896952616330978
421,1-2-0,2-1-1,0.8159100048025655,0.8143750478168059,3.8275935621572232,0.0005538464353515083,0.14508451090964886,20.239479593076315,2.386,0.004347826086956522,0.03857204332228892
422,1-2-0,2-1-2,0.840935578236375,0.839607123246946,3.558577959000434,0.0005562106362871602,0.11887360002549359,18.189368472201927,2.263,0.004629629629629629,0.04598641688596117
423,1-2-0,2-1-3,0.8663609251299595,0.8652484299295209,3.262244903035616,0.0005530785560274495,0.33976628095995043,16.22028737707094,2.123,0.004166666666666667,0.0006435180812058849
424,1-2-0,2-2-0,0.8412065695897646,0.8398833482048838,3.5557539997172602,0.0005549353353703027,0.3617314721827243,18.20546850774868,2.262,0.004273504273504274,0.027134453225120092
425,1-2-0,2-2-1,0.8158235677628919,0.8142889922939529,3.828509677654499,0.0005567004004700248,0.11887360002549359,20.256117705529732,2.386,0.004166666666666667,0.01902451775972258
426,1-2-0,2-2-2,0.8157791759370332,0.8142461825981739,3.8289325671115724,0.0005609912057345127,0.11887360002549359,20.31666101033626,2.386,0.004329004329004329,0.025775267273208557
427,1-2-0,2-2-3,0.8160323151260158,0.8144986558195724,3.8266799994931717,0.0005534695788892764,0.14508451090964886,20.20085906964434,2.386,0.004319654427645789,0.027112502666082672
428,1-2-0,2-3-0,0.8392818031564387,0.8379405802019789,3.577276776336061,0.0005519806269564835,0.15679531296701105,18.63630642908763,2.265,0.0047169811320754715,0.08188948803635576
429,1-2-0,2-3-1,0.8641171408750001,0.8629846927861015,3.2890354258861136,0.0005517649689887516,0.2270213926146101,16.67565769066882,2.128,0.004878048780487805,0.10623508546360427
430,1-2-0,2-3-2,0.8160836415424402,0.8145480068144452,3.8259631966821344,0.0005509594864748087,0.15679531296701105,20.15906428729947,2.385,0.00423728813559322,0.0029190457274601567
431,1-2-0,2-3-3,0.8158742654531377,0.8143403750939343,3.8281285164338557,0.0005574015944131579,0.3506361296811728,20.270722331128162,2.386,0.00411522633744856,0.038148459141092994
432,1-2-0,3-0-0,0.8257345965541645,0.8243397826214569,3.716625934418075,0.0007321566104750328,0.1051051889931055,20.726260563246083,2.308,0.004576659038901602,0.05498973229802662
433,1-2-0,3-0-1,0.8008123745102572,0.7992148258309456,3.9727171953999125,0.0007313532265753821,0.2270213926146101,22.686918734130586,2.426,0.004106776180698152,0.022477225506618348
434,1-2-0,3-0-2,0.8003947209871102,0.7987951329599526,3.976191395317394,0.0007325418576900205,0.05458760544236202,22.71513197442781,2.427,0.004662004662004662,0.07446195442734149
435,1-2-0,3-0-3,0.8512226915959614,0.8500339473240437,3.434482236749605,0.000726703458098094,0.06841015451374627,18.701627029875343,2.175,0.004329004329004329,0.02081271730092893
436,1-2-0,3-1-0,0.800752442294081,0.7991543797432955,3.9734366201933815,0.0007293814197580454,0.11412821903560588,22.678575234719712,2.426,0.004454342984409799,0.05563417120133163
437,1-2-0,3-1-1,0.8261560208713703,0.8247634064488331,3.7121782926703553,0.000726636114133154,0.07805663252825676,20.661061728684267,2.307,0.004484304932735426,0.07160836224230693
438,1-2-0,3-1-2,0.8002250885616142,0.7986234605174917,3.9781302554702456,0.0007286515077711374,0.16292768248187892,22.73938285218014,2.428,0.004555808656036446,0.05757849951647809
439,1-2-0,3-1-3,0.8006375243858551,0.7990391397457813,3.974446442669408,0.0007315519214850313,0.29856240038175713,22.71716228317678,2.426,0.004081632653061225,0.02042123836790133
440,1-2-0,3-2-0,0.8008943755015085,0.7992922256092291,3.972544687825424,0.000726736813623448,0.04977296328355213,22.63810091023609,2.426,0.004651162790697674,0.058942985127839465
441,1-2-0,3-2-1,0.8512505573455634,0.8500620021511629,3.4343329645022296,0.0007301709347954323,0.11412821903560588,18.69208988357543,2.174,0.004672897196261682,0.0721656831314258
442,1-2-0,3-2-2,0.800469854628436,0.7988713595991073,3.9758502327827614,0.0007343366998361659,0.21907192975202863,22.712514670140926,2.427,0.004301075268817204,0.044185424712004706
443,1-2-0,3-2-3,0.8006421157262842,0.7990419178089396,3.9743685278882657,0.0007269744131932475,0.2270213926146101,22.68704980168746,2.426,0.004140786749482402,0.004294643555192157
444,1-2-0,3-3-0,0.8257981788280198,0.8244018816749807,3.7154841987680363,0.0007253188266530378,0.08510711968958148,20.683134412754125,2.308,0.004728132387706856,0.0841514889025583
445,1-2-0,3-3-1,0.8006995063997111,0.7991009683331246,3.9737498190722103,0.0007285746577890346,0.189382867733048,22.714258085692755,2.426,0.004219409282700422,0.0019985058786818888
446,1-2-0,3-3-2,0.8006727270387091,0.7990739785805534,3.9743678219517995,0.0007306749775370336,0.16924928981273388,22.695617866887897,2.427,0.004464285714285714,0.04833451057105764
447,1-2-0,3-3-3,0.8510914098348371,0.8499030636942165,3.43567046634005,0.0007318193498105985,0.057141766164485776,18.702357348144663,2.175,0.004576659038901602,0.0604794500263478
448,1-3-0,0-0-0,0.5862045576967733,0.5822205984858583,5.869012138512203,0.0011706914904545003,0.2610018744241597,56.292377400296076,3.098,0.0036363636363636364,0.09877799162119028
449,1-3-0,0-0-1,0.5861016138406859,0.5821203807067682,5.870344266512686,0.0011645554662722873,0.27005266362097363,56.23876329779308,3.098,0.00375234521575985,0.07314683999440974
450,1-3-0,0-0-2,0.5859025636394548,0.5819126464274589,5.8727590555842895,0.0011820094172252196,0.2610018744241597,56.37289340169331,3.099,0.0035778175313059034,0.0910509549418771
451,1-3-0,0-0-3,0.5865845027553905,0.5825976305772205,5.8643140689688735,0.0011901253895415255,0.25217514423963844,56.369893038361774,3.096,0.004291845493562232,0.0008850528575106154
452,1-3-0,0-1-0,0.5859476495462821,0.581955334972215,5.872167931386003,0.001187973536723195,0.25217514423963844,56.41733507491808,3.099,0.003590664272890485,0.08912532685191055
453,1-3-0,0-1-1,0.586448658119408,0.5824669489309218,5.865931049846925,0.0011738297350259747,0.24357079231897327,56.27130878254561,3.097,0.0039447731755424065,0.04582424387108419
454,1-3-0,0-1-2,0.5858927081646009,0.5819006272661511,5.872926430180291,0.0011871441916297804,0.27005266362097363,56.40955761271864,3.099,0.0036231884057971015,0.08846454307958618
455,1-3-0,0-1-3,0.585894098600187,0.5819011191196981,5.872901946276438,0.0011892980339732848,0.27005266362097363,56.42507728031364,3.099,0.0036231884057971015,0.08733913358955969
456,1-3-0,0-2-0,0.5864015790324182,0.5824032582003713,5.866430836721149,0.0012155046945187304,0.2270213926146101,56.55363066819409,3.096,0.004597701149425287,0.06053324494258916
457,1-3-0,0-2-1,0.5867515765008487,0.5827747100386907,5.861824505071279,0.0011649967280826664,0.24357079231897327,56.20911619964028,3.095,0.0039447731755424065,0.07757009190976094
458,1-3-0,0-2-2,0.5851298390808776,0.5811238840624339,5.8826861625444185,0.0012104752634634498,0.24357079231897327,56.593216259744665,3.102,0.00404040404040404,0.02737248247216173
459,1-3-0,0-2-3,0.5861575857450406,0.5821721861217224,5.8695514505460835,0.0011749410884969334,0.27005266362097363,56.31388255452758,3.098,0.0036363636363636364,0.08462316218157728
460,1-3-0,0-3-0,0.5861768964198478,0.5821919955080501,5.86938468819516,0.0011754100110763573,0.27932894799837693,56.30691697302344,3.098,0.0036231884057971015,0.08156476885927821
461,1-3-0,0-3-1,0.585500821181808,0.5814964665865815,5.877651143799124,0.0012102310916461325,0.2610018744241597,56.59189750376173,3.1,0.003780718336483932,0.048213934968115435
462,1-3-0,0-3-2,0.5851908692882198,0.5811859342664832,5.881272122698191,0.001209303496423934,0.24357079231897327,56.576053099285936,3.102,0.004073319755600814,0.045616839615087
463,1-3-0,0-3-3,0.5860401776473657,0.5820531529831859,5.871009127539835,0.0011763022355528654,0.2888318987114197,56.33348061508397,3.099,0.003616636528028933,0.08908916412411472
464,1-3-0,1-0-0,0.8997077156369871,0.8988418748033956,2.849885130488855,6.993619059096586e-05,0.07805663252825676,8.73024263907241,2.003,0.0049382716049382715,0.07303670147779073
465,1-3-0,1-0-1,0.9491976997073349,0.9487583487262812,2.0300896999190234,7.9801691717611e-05,0.15084875026442593,4.709971728759124,1.593,0.00468384074941452,0.1546941904233058
466,1-3-0,1-0-2,0.8751951321676371,0.8741140588695492,3.1813491480280454,8.86436857158064e-05,0.8311706726832172,10.763982080661124,2.157,0.005305039787798408,0.018721171568349182
467,1-3-0,1-0-3,0.9245696327535909,0.923916151770855,2.4739825614393527,9.404565489970987e-05,0.6092962117823786,6.777963468299909,1.821,0.005208333333333333,0.0006039634558928642
468,1-3-0,1-1-0,0.9243751481186093,0.9237214651554625,2.4761689875817767,7.283169486479504e-05,0.6524641311831776,6.709392393069254,1.822,0.004842615012106538,0.09489840207200995
469,1-3-0,1-1-1,0.9217624000990836,0.9210854665661824,2.5176798178068074,8.082023247006347e-05,0.27932894799837693,7.38079350090321,1.828,0.005025125628140704,0.04155229309753905
470,1-3-0,1-1-2,0.9242462741664769,0.9235921094528169,2.4770445732414537,7.447043033355397e-05,0.9080138491793379,6.771709445367719,1.822,0.005154639175257732,0.017750301688526315
471,1-3-0,1-1-3,0.9243617431455532,0.923707145859151,2.476687502598469,8.158678332699844e-05,0.6524641311831776,6.735082197385551,1.822,0.005263157894736842,0.002228515898587524
472,1-3-0,1-2-0,0.8998242618385557,0.8989572520363057,2.849687800188683,8.304081666144469e-05,0.1051051889931055,8.743629151337915,2.003,0.0049261083743842365,0.06316075881849803
473,1-3-0,1-2-1,0.9010657520923999,0.9002159195276643,2.8288144526902776,2.623833634500646e-05,0.9799632019273475,8.333486465237435,2.0,0.005,0.03062769186321679
474,1-3-0,1-2-2,0.8998225077979248,0.8989569113295973,2.8497618706375736,7.240973630033464e-05,0.07805663252825676,8.71082470229724,2.003,0.004555808656036446,0.17241862408012232
475,1-3-0,1-2-3,0.8998178687400826,0.8989519801097897,2.8494645583973464,7.314879889239336e-05,0.3730504893194599,8.626289610764537,2.003,0.004629629629629629,0.13143393750442545
476,1-3-0,1-3-0,1.0,0.9999999999999976,0.0,0.0,1.0,0.0,0.0,1.0,0.0
477,1-3-0,1-3-1,0.9242897451116636,0.923635464398966,2.47514678284259,9.037303963010853e-05,0.5525891198675486,6.88086660792927,1.821,0.005405405405405406,0.07047216216462815
478,1-3-0,1-3-2,0.8750702655446901,0.8739921103048376,3.1812303813665035,6.911474936293439e-05,0.08882858777671174,10.663725295358613,2.157,0.004514672686230248,0.17600967657079425
479,1-3-0,1-3-3,0.9245645352578902,0.9239120418768137,2.474264609173012,8.603370677897731e-05,0.3617314721827243,6.755657205441718,1.821,0.00477326968973747,0.12589501177213247
480,1-3-0,2-0-0,0.8172475651994682,0.8157353712570345,3.810011936703086,0.0005281955139454125,0.05458760544236202,19.717273842049302,2.383,0.004310344827586207,0.08158438795743617
481,1-3-0,2-0-1,0.8172018437212276,0.8156909108034252,3.810727436362365,0.0005331624172605525,0.24357079231897327,19.75019915355019,2.383,0.004484304932735426,0.023730867494498487
482,1-3-0,2-0-2,0.8174023990062537,0.8158895257813064,3.809046611907047,0.0005288271895656506,0.1237797435588322,19.703873506081504,2.383,0.004629629629629629,0.04008868484829875
483,1-3-0,2-0-3,0.8173001039553699,0.8157882374810482,3.8099752349135247,0.0005293990806000829,0.18247362476347695,19.72753317545512,2.383,0.004228329809725159,0.10406698483357013
484,1-3-0,2-1-0,0.8179785084522796,0.8164654020969311,3.8045471196584506,0.0005218374929486018,0.10953996101597195,19.60152543013578,2.382,0.005025125628140704,0.035808767344811754
485,1-3-0,2-1-1,0.8173351873002935,0.8158232231231988,3.809481830114991,0.0005288485071891663,0.23518691271057976,19.72279604645958,2.383,0.004524886877828055,0.024588715496209113
486,1-3-0,2-1-2,0.7920181554305454,0.7902921787699897,4.065018170514374,0.0005353059742698507,0.0625592416703816,21.68828730081949,2.495,0.004830917874396135,0.017174341932536863
487,1-3-0,2-1-3,0.8174758788248574,0.8159647753117947,3.8083798851788093,0.0005286014186228227,0.17576350445354966,19.71175217591394,2.383,0.004329004329004329,0.06380427689970392
488,1-3-0,2-2-0,0.7922908843131086,0.7905707230893261,4.062598375462256,0.0005294009430437967,0.27005266362097363,21.684126647610373,2.495,0.0044444444444444444,0.03602630559337794
489,1-3-0,2-2-1,0.8172543907854853,0.8157428105864288,3.8103421434375737,0.0005317438981375906,0.03746643673680345,19.743829977011362,2.383,0.004329004329004329,0.08218527657822061
490,1-3-0,2-2-2,0.8172099010456142,0.8156998158331041,3.81076738962675,0.0005329028802888297,0.21907192975202863,19.792560366614225,2.383,0.0045045045045045045,0.03738549154528947
491,1-3-0,2-2-3,0.8174635643519219,0.8159529263509723,3.8085023289654245,0.0005277632508967934,0.4582805853695553,19.683156013591415,2.383,0.0044943820224719105,0.03604825615241536
492,1-3-0,2-3-0,0.8407562975992495,0.8394368113743184,3.5577448220737105,0.0005310186388537153,0.08882858777671174,18.129254404955795,2.262,0.0049261083743842365,0.01872872921785773
493,1-3-0,2-3-1,0.8152232128889568,0.8136919959743066,3.831245687030389,0.0005314181365978898,0.15084875026442593,20.16771088758012,2.386,0.00510204081632653,0.04307432664510624
494,1-3-0,2-3-2,0.8175098544015778,0.8159973064798877,3.8078356103825204,0.0005285956927585245,0.2270213926146101,19.652328363121416,2.383,0.004405286343612335,0.060241713091037874
495,1-3-0,2-3-3,0.817301137390369,0.8157901936838362,3.8100009921942535,0.0005309330167861409,0.13949906748133606,19.752222569774535,2.383,0.004273504273504274,0.10130921795959102
496,1-3-0,3-0-0,0.8272222621582354,0.8258475730360985,3.6974742078831992,0.0006830172367304259,0.04977296328355213,20.21216799227947,2.305,0.00477326968973747,0.008171026520471414
497,1-3-0,3-0-1,0.8022624103781161,0.8006865776954794,3.954795763839556,0.0006800205314784985,0.07805663252825676,22.160926679213016,2.423,0.0042643923240938165,0.08563798432511638
498,1-3-0,3-0-2,0.8018382377835714,0.8002602919815233,3.958345055154074,0.0006813942111546175,0.02790735158959209,22.187595393487392,2.424,0.004866180048661801,0.011301195608843462
499,1-3-0,3-0-3,0.8021017658209116,0.8005233317330595,3.956506169952995,0.0006751948704474107,0.03237814822617383,22.18091745842503,2.424,0.0045045045045045045,0.0423480415175691
500,1-3-0,3-1-0,0.8022002979508707,0.8006239394189107,3.9555391391899244,0.000677208600348392,0.4844136114465968,22.14984945564583,2.423,0.004640371229698376,0.0075265876171664026
501,1-3-0,3-1-1,0.8276446653083696,0.8262722047376911,3.692999970276652,0.0006751905995073386,0.21133604878578677,20.136443044299707,2.304,0.004672897196261682,0.008447603423808903
502,1-3-0,3-1-2,0.8016683478674165,0.8000883986280778,3.960292301329033,0.0006767217173050752,0.05458760544236202,22.215084444471373,2.425,0.004750593824228029,0.005582259302019943
503,1-3-0,3-1-3,0.8020852853620056,0.8005085887572571,3.956552853481811,0.0006798767083437812,0.11887360002549359,22.190869717448738,2.424,0.00423728813559322,0.08358199718639936
504,1-3-0,3-2-0,0.8023361863646421,0.8007558868876835,3.9547051334518577,0.000680188741230032,0.03237814822617383,22.15833300896433,2.423,0.0048543689320388345,0.004217773690658566
505,1-3-0,3-2-1,0.802141487708605,0.8005633294782722,3.956319616108888,0.0006804314134218429,0.05458760544236202,22.175904161283732,2.423,0.004878048780487805,0.009004924312927765
506,1-3-0,3-2-2,0.801916825896218,0.8003399763921144,3.957968585445336,0.0006824289122341652,0.17576350445354966,22.188483513309173,2.424,0.0044742729306487695,0.018975334106493325
507,1-3-0,3-2-3,0.8020873652725242,0.8005089072114607,3.9564997607212686,0.0006762057499456119,0.07805663252825676,22.163878268582963,2.424,0.004301075268817204,0.06745540237369019
508,1-3-0,3-3-0,0.8272828387493176,0.8259067238752573,3.696360365153323,0.0006775349669919432,0.05979792917838787,20.169927036310426,2.305,0.0049382716049382715,0.020990730084060272
509,1-3-0,3-3-1,0.8021456901092302,0.8005688483715501,3.9558698774238032,0.0006768755193799391,0.06542890129530783,22.187690228799188,2.423,0.0043859649122807015,0.06515926469717992
510,1-3-0,3-3-2,0.8021230126003795,0.8005459952588326,3.956448899377239,0.0006789193602078353,0.07472066039006771,22.177041060468216,2.424,0.004651162790697674,0.014826248247440388
511,1-3-0,3-3-3,0.8019584878283418,0.8003806244297681,3.9575404892280313,0.0006808307788256683,0.025238376594615537,22.178471019175554,2.424,0.00477326968973747,0.0026813087921502277
512,2-0-0,0-0-0,0.7377492174609274,0.735369396823778,4.633778074019761,0.001579613921204349,0.27005266362097363,41.53068208013923,2.611,0.003194888178913738,0.01719360366375411
513,2-0-0,0-0-1,0.7376192646410188,0.7352396665344779,4.6354477062599155,0.0015749829408378735,0.27932894799837693,41.476835379521305,2.611,0.003284072249589491,0.008437547963026426
514,2-0-0,0-0-2,0.7373760051738347,0.7349914597792637,4.638464799518366,0.001592439909571966,0.27932894799837693,41.61131749846667,2.612,0.0031496062992125984,0.009466566984440927
515,2-0-0,0-0-3,0.7382624116166118,0.735884913353112,4.627510696764585,0.0015956615661481125,0.24357079231897327,41.607519396450165,2.607,0.0036900369003690036,0.08246944081494678
516,2-0-0,0-1-0,0.7374254415664718,0.7350402651091175,4.637792640459773,0.0015978681926854404,0.27932894799837693,41.65518083194755,2.612,0.00315955766192733,0.0075409388944743805
517,2-0-0,0-1-1,0.7380654746568042,0.7356886118484388,4.629815271561696,0.001580739664897555,0.24357079231897327,41.509202152011184,2.609,0.003430531732418525,0.035760144086351975
518,2-0-0,0-1-2,0.7373686049314381,0.7349831857751785,4.638615127600395,0.0015971462692386646,0.27932894799837693,41.64758152547623,2.612,0.0031847133757961785,0.006880155122150011
519,2-0-0,0-1-3,0.7373726641561397,0.734986929994946,4.638566645365917,0.0015994330344035318,0.27005266362097363,41.663124358360186,2.612,0.0031847133757961785,0.005754745632123526
520,2-0-0,0-2-0,0.7379485458544683,0.7355643497944405,4.630989348600185,0.0016238877116061098,0.1237797435588322,41.79149126071978,2.608,0.003913894324853229,0.14211763290002533
521,2-0-0,0-2-1,0.7384534892597459,0.7360810515724677,4.624689434403956,0.0015699087999613928,0.27932894799837693,41.44581075058638,2.607,0.003430531732418525,0.004014296047675225
522,2-0-0,0-2-2,0.7364180512221774,0.7340210784120161,4.650778651670043,0.0016214191653985252,0.27005266362097363,41.8322019083927,2.617,0.0035026269702276708,0.054211905485274436
523,2-0-0,0-2-3,0.7376962498562685,0.7353155426972473,4.634424394100688,0.001584359197410712,0.27005266362097363,41.55192922729499,2.611,0.003194888178913738,0.0030387742241411164
524,2-0-0,0-3-0,0.7377490492089622,0.7353689658459567,4.6339337537668595,0.0015838931351245355,0.27005266362097363,41.54465288433663,2.611,0.0031847133757961785,1.9619098157952486e-05
525,2-0-0,0-3-1,0.736885244777169,0.7344919515018052,4.644567710424092,0.0016218395717472601,0.27932894799837693,41.82995524454906,2.614,0.003305785123966942,0.03337045298932073
526,2-0-0,0-3-2,0.7364865997128992,0.7340904449230344,4.649317173514503,0.0016144298350069255,0.2610018744241597,41.814399172676374,2.616,0.003527336860670194,0.035967548342349165
527,2-0-0,0-3-3,0.737570792265698,0.7351887048371217,4.636074622611973,0.0015856862530589796,0.27005266362097363,41.571584685030864,2.612,0.003179650238473768,0.007504776166678551
528,2-0-0,1-0-0,0.8161993768597344,0.8146707289020813,3.8220491110541968,0.0005370677436217411,0.189382867733048,20.071489328584796,2.385,0.004158004158004158,0.008547686479645433
529,2-0-0,1-0-1,0.8660496029249849,0.8649355383865877,3.266738755929284,0.0005632357103991437,0.08882858777671174,16.248430798427844,2.125,0.003976143141153081,0.07310980246586962
530,2-0-0,1-0-2,0.7403023332388343,0.7381330353924066,4.545778817473551,0.0005557690470309775,0.1237797435588322,26.263923069979008,2.695,0.004415011037527594,0.10030555952578535
531,2-0-0,1-0-3,0.7906657702401649,0.7889180566953465,4.082980552023473,0.0005662347210993338,0.189382867733048,22.288743548619458,2.498,0.004347826086956522,0.0809804245015433
532,2-0-0,1-1-0,0.7906312264034342,0.7888869416941946,4.081543419803032,0.0005558523844284599,0.16292768248187892,22.182191795946594,2.498,0.00408997955010225,0.01331401411457378
533,2-0-0,1-1-1,0.839415423653143,0.8380781044259611,3.573723401082379,0.0005483842257025244,0.189382867733048,18.631930682709324,2.265,0.004219409282700422,0.040032094859897116
534,2-0-0,1-1-2,0.7908150086949137,0.7890738168782381,4.077553870497653,0.0005375436929603046,0.189382867733048,22.09860414401039,2.497,0.004310344827586207,0.09933468964596248
535,2-0-0,1-1-3,0.7906434374738429,0.7888972654241666,4.081955740774194,0.0005575448641758176,0.15084875026442593,22.237979242880748,2.498,0.0043859649122807015,0.08381290385602369
536,2-0-0,1-2-0,0.8158228858862756,0.8142877207344427,3.8281169759930487,0.0005533350358917851,0.15679531296701105,20.233139372697053,2.386,0.004149377593360996,0.018423629138938136
537,2-0-0,1-2-1,0.8676987523096641,0.866604574391793,3.2411455786116385,0.0005176539559010976,0.08151763259087323,15.772660137303,2.12,0.004201680672268907,0.05095669609421938
538,2-0-0,1-2-2,0.8159985473899235,0.8144670695800277,3.826365754967876,0.0005493542011088117,0.11887360002549359,20.154763925952455,2.386,0.003883495145631068,0.09083423612268615
539,2-0-0,1-2-3,0.8160141292332808,0.8144823918935917,3.8256674905276937,0.0005544335810037782,0.08510711968958148,20.15483328108913,2.385,0.003937007874015748,0.04984954954698928
540,2-0-0,1-3-0,0.8172475651994682,0.8157353712570345,3.810011936703086,0.0005281955139454125,0.05458760544236202,19.717273842049302,2.383,0.004310344827586207,0.08158438795743617
541,2-0-0,1-3-1,0.7406977929052563,0.7385362583282971,4.537027327484133,0.0005316850543234526,0.27932894799837693,26.09634417726577,2.694,0.004484304932735426,0.15205655012206432
542,2-0-0,1-3-2,0.89156990006815,0.8906710678562888,2.9373102642446702,0.0005471486739791876,0.1051051889931055,14.0943098727981,1.964,0.0038535645472061657,0.09442528861335808
543,2-0-0,1-3-3,0.7904893339795631,0.7887427444928723,4.08504961749945,0.0005677202655069614,0.10082027367439374,22.27028096502093,2.499,0.00404040404040404,0.044310623814696304
544,2-0-0,2-0-0,1.0,1.0,0.0,0.0,1.0,0.0,0.0,1.0,0.0
545,2-0-0,2-0-1,0.9999960981560516,0.9999960704169244,0.017444600261038425,1.6099132436082045e-05,0.6812684007146949,0.15286976953755893,0.011,0.0038314176245210726,0.05785352046293768
546,2-0-0,2-0-2,0.9999897405773751,0.9999896633112169,0.028354225357750958,1.78978791271265e-05,0.9995158920660059,0.22397715619946706,0.018,0.003937007874015748,0.041495703109137416
547,2-0-0,2-0-3,0.9999958752101533,0.9999958421476687,0.01801238874159801,1.5134767125945259e-05,0.9998095796808842,0.15402759795649845,0.012,0.0036429872495446266,0.022482596876133965
548,2-0-0,2-1-0,0.9485695255630316,0.9481555040712004,2.00139200273598,4.868256898372603e-05,0.7658417822011737,4.510004150636042,1.587,0.004219409282700422,0.11739315530224792
549,2-0-0,2-1-1,0.9999933870969107,0.9999933343797042,0.022725780236519742,1.626209879027795e-05,0.6524641311831776,0.19489437988800776,0.014,0.003861003861003861,0.056995672461227054
550,2-0-0,2-1-2,0.9742861182406547,0.9740794780569643,1.4145564774779686,3.181207510483758e-05,0.9799632019273475,2.2813074854541857,1.26,0.004081632653061225,0.0644100460248993
551,2-0-0,2-1-3,0.9485902592158338,0.9481778238816448,2.0001473018801033,1.7830954602368812e-05,0.9999359588314845,4.184190241589742,1.587,0.0037174721189591076,0.01778011105773225
552,2-0-0,2-2-0,0.9742926539358885,0.9740864256192561,1.4144721406300858,1.9846502891513052e-05,0.7794073840622581,2.1924150658249886,1.26,0.0038022813688212928,0.04555808236405823
553,2-0-0,2-2-1,0.9999933084324223,0.9999932551981335,0.022864498232334145,1.606504508641424e-05,0.9834371918660384,0.18333590547621764,0.015,0.0037174721189591076,0.0006008886207844455
554,2-0-0,2-2-2,0.9999909487621019,0.9999908839376692,0.026569991524341113,2.1363493069595057e-05,0.7794073840622581,0.21857851438174467,0.017,0.0038461538461538464,0.04419889641214669
555,2-0-0,2-2-3,0.9999929375090904,0.9999928809424626,0.0236001578093046,1.991022923899737e-05,0.7927506368483939,0.1916342228408582,0.017,0.003838771593090211,0.04553613180502081
556,2-0-0,2-3-0,0.9730389505372424,0.9728224252302372,1.4485839268586354,2.7845172072303412e-05,0.888218443715319,2.7978469159947634,1.264,0.004149377593360996,0.1003131171752939
557,2-0-0,2-3-1,0.9473564960865077,0.9469338289742649,2.0236852086227866,3.053691378282607e-05,0.7240811548452891,4.7566784203850485,1.59,0.004273504273504274,0.12465871460254241
558,2-0-0,2-3-2,0.9999953859602642,0.9999953573846595,0.019057281574381253,1.9100345707775253e-05,0.9486524915947875,0.17855171382002824,0.011,0.0037735849056603774,0.021342674866398292
559,2-0-0,2-3-3,0.9999940142553693,0.9999939671299124,0.021674196248225613,1.7668996133254006e-05,0.9999653586967338,0.17699467481002001,0.015,0.003676470588235294,0.01972483000215486
560,2-0-0,3-0-0,0.9718286481355417,0.9716134829953529,1.4772475421137614,0.00027922979840231196,0.9171804345352588,4.693470951798907,1.264,0.00404040404040404,0.07341336143696475
561,2-0-0,3-0-1,0.9977298269662377,0.9977160010204816,0.42023883049169514,0.0002782476229813667,0.9258384097415063,2.643653652602406,0.264,0.003669724770642202,0.004053596367680212
562,2-0-0,3-0-2,0.9976032298986375,0.997588588956384,0.43182954637991006,0.0002867309968705357,0.8983539159350029,2.7199575450194207,0.271,0.004106776180698152,0.09288558356627963
563,2-0-0,3-0-3,0.9460254313780851,0.945609229711704,2.0444806073515136,0.00027559426652397134,0.9171804345352588,6.66748631749531,1.59,0.0038461538461538464,0.039236346439867065
564,2-0-0,3-1-0,0.9977183036883303,0.997704384887245,0.4212837726575611,0.00027669654146455954,0.9171804345352588,2.645557426039783,0.265,0.0039447731755424065,0.07405780034026976
565,2-0-0,3-1-1,0.9719362172145941,0.9717215961877881,1.4744413410938766,0.00027086075881263793,0.7794073840622581,4.612914039452295,1.264,0.003968253968253968,0.09003199138124507
566,2-0-0,3-1-2,0.9975449030436141,0.997529726028159,0.43699238718238365,0.0002849951595306033,0.9258384097415063,2.742291526381752,0.275,0.004024144869215292,0.07600212865541622
567,2-0-0,3-1-3,0.9976865462869247,0.9976724564584415,0.42420833819186987,0.0002802581085397156,0.9171804345352588,2.6789352298682982,0.267,0.0036496350364963502,0.001997609228963193
568,2-0-0,3-2-0,0.997724410499537,0.9977099140724027,0.4206626022420706,0.0002684004401100526,0.9339753616978982,2.7043305095881562,0.263,0.004098360655737705,0.0773666142667776
569,2-0-0,3-2-1,0.9460593931271448,0.9456434413949045,2.0439507270571786,0.0002748569725466491,0.9258384097415063,6.638035202680433,1.59,0.00411522633744856,0.09058931227036393
570,2-0-0,3-2-2,0.9976416974969602,0.9976274162022394,0.428314182195789,0.0002851532140406136,0.5525891198675486,2.6936386484924846,0.27,0.0038240917782026767,0.06260905385094284
571,2-0-0,3-2-3,0.9976813577077728,0.9976670000541777,0.4246855363040388,0.0002758137580453993,0.9258384097415063,2.6581197582061633,0.267,0.0036968576709796672,0.014128985583745979
572,2-0-0,3-3-0,0.9718059161406586,0.9715900990839664,1.4776614632382952,0.00027753634853846577,0.8186598739851967,4.670011964113635,1.264,0.004158004158004158,0.10257511804149644
573,2-0-0,3-3-1,0.9976787746048722,0.9976645429365657,0.4249268496762866,0.00028055384648435614,0.9080138491793379,2.681149506468642,0.266,0.0037593984962406013,0.016425123260256247
574,2-0-0,3-3-2,0.9977187211389063,0.997704800937191,0.421228905106143,0.0002762040179491377,0.9258384097415063,2.637946851710366,0.266,0.003952569169960474,0.06675813970999578
575,2-0-0,3-3-3,0.9459675043222436,0.9455514091644632,2.045364185601677,0.0002825339092651652,0.9171804345352588,6.699449696269585,1.59,0.00404040404040404,0.07890307916528594
576,2-1-0,0-0-0,0.7364965474161824,0.7340906568265837,4.647210757093449,0.001553993373038195,0.5386703021655014,41.81982776059065,2.616,0.0035714285714285713,0.13458675896600203
577,2-1-0,0-0-1,0.7363669287430847,0.7339613186448769,4.64887461464824,0.001549376224944747,0.5525891198675486,41.766040738056084,2.617,0.003683241252302026,0.1089556073392215
578,2-1-0,0-0-2,0.736123967354566,0.7337132985183727,4.6518839833640655,0.0015668076304133029,0.5525891198675486,41.900371400635315,2.618,0.0035149384885764497,0.12685972228668885
579,2-1-0,0-0-3,0.7370078745621802,0.7346041997559335,4.640970420299862,0.0015700184881898014,0.5525891198675486,41.896634094966345,2.613,0.004201680672268907,0.03492371448730114
580,2-1-0,0-1-0,0.7361735598698659,0.7337622180608824,4.651211600767964,0.0015722365822786518,0.5386703021655014,41.944342490878405,2.617,0.003527336860670194,0.1249340941967223
581,2-1-0,0-1-1,0.7368121346249945,0.7344092034702279,4.64326057644398,0.0015551037751503878,0.5525891198675486,41.79844300207042,2.615,0.0038684719535783366,0.08163301121589595
582,2-1-0,0-1-2,0.7361163279315976,0.7337047500548854,4.65203614691996,0.001571513117413301,0.5525891198675486,41.936671165986155,2.618,0.0035587188612099642,0.12427331042439793
583,2-1-0,0-1-3,0.7361203255637386,0.7337084177558117,4.651988287087929,0.0015737981399301091,0.5525891198675486,41.95221375455042,2.617,0.0035587188612099642,0.12314790093437145
584,2-1-0,0-2-0,0.736696495141399,0.7342859822102286,4.644421377104295,0.0015982271277802272,0.5248819085276248,42.080469553458876,2.614,0.009029345372460496,0.024724477597777406
585,2-1-0,0-2-1,0.7371993981989597,0.7348009272668665,4.638150119613358,0.0015443069920298104,0.5386703021655014,41.734997953334684,2.612,0.0038684719535783366,0.1133788592545727
586,2-1-0,0-2-2,0.7351673077143439,0.7327440588704599,4.664165651251761,0.0015957713518350786,0.5112358399031792,42.121317002822046,2.622,0.0039603960396039604,0.06318124981697348
587,2-1-0,0-2-3,0.7364436162703047,0.7340368222833614,4.647855662766629,0.0015587320580998233,0.5112358399031792,41.84104435026142,2.616,0.0035714285714285713,0.12043192952638904
588,2-1-0,0-3-0,0.7364954861219919,0.7340893136540247,4.6473739908318805,0.0015582592360754383,0.5525891198675486,41.833747287336195,2.616,0.0035587188612099642,0.11737353620408997
589,2-1-0,0-3-1,0.7356336534786455,0.7332140585784259,4.657972668385254,0.0015961956201366678,0.5525891198675486,42.11915673349427,2.619,0.0037105751391465678,0.08402270231292719
590,2-1-0,0-3-2,0.7352362153292582,0.732813796838742,4.662703587233183,0.0015887954173000923,0.5525891198675486,42.10343734714173,2.622,0.003992015968063872,0.08142560695989876
591,2-1-0,0-3-3,0.7363177046480329,0.7339095144783321,4.64950706562577,0.0015600582876191264,0.5386703021655014,41.86078233194489,2.617,0.003552397868561279,0.12489793146892647
592,2-1-0,1-0-0,0.8169267610801644,0.8153969713830211,3.8166425379732662,0.0005305407313810627,0.2270213926146101,19.95167383910049,2.383,0.004819277108433735,0.10884546882260249
593,2-1-0,1-0-1,0.8164928683598378,0.8149565948419434,3.8247653352181388,0.0005561038292624702,0.01668603978149779,20.127850835481414,2.385,0.004576659038901602,0.19050295776811754
594,2-1-0,1-0-2,0.7411290657366351,0.7389568932580317,4.541183844587612,0.0005403032818721634,0.24357079231897327,26.120540165275262,2.694,0.00516795865633075,0.017087595776462572
595,2-1-0,1-0-3,0.7412162571437888,0.7390439787519398,4.541801222714173,0.0005558942990525672,0.13949906748133606,26.16819058367218,2.694,0.005076142131979695,0.03641273080070462
596,2-1-0,1-1-0,0.8416561404961276,0.8403322277838797,3.552101810141328,0.0005491165262667959,0.14508451090964886,18.06887413142792,2.261,0.004728132387706856,0.1307071694168217
597,2-1-0,1-1-1,0.7898206909792348,0.7880598563945603,4.090186862448309,0.0005358319740258663,0.20381111683301717,22.492109804114744,2.498,0.004901960784313725,0.0773610604423508
598,2-1-0,1-1-2,0.8418740719557596,0.8405531116266914,3.547703228256723,0.000525801872731335,0.25217514423963844,17.971237584203053,2.26,0.005025125628140704,0.01805846565628544
599,2-1-0,1-1-3,0.7411612144092518,0.7389907527434187,4.5409330322005825,0.0005467820906109916,0.17576350445354966,26.110562723410517,2.694,0.005128205128205128,0.03358025144622423
600,2-1-0,1-2-0,0.8668330602519534,0.8657194947168253,3.2576260928744807,0.000541666245506542,0.189382867733048,16.096519499346066,2.122,0.004807692307692308,0.09896952616330978
601,2-1-0,1-2-1,0.817962315090786,0.8164479101182074,3.8033085982508377,0.0005116561018801302,0.08510711968958148,19.663031636219618,2.381,0.004878048780487805,0.06643645920802854
602,2-1-0,1-2-2,0.7664676126558008,0.7645131170634044,4.312631050076063,0.0005432137640098667,0.0068953540620204645,24.04847442781836,2.599,0.004454342984409799,0.20822739142493407
603,2-1-0,1-2-3,0.7664608474546183,0.7645057607012246,4.312105040602696,0.0005480009917206574,0.05979792917838787,24.043267995290282,2.598,0.004524886877828055,0.1672427048492372
604,2-1-0,1-3-0,0.8179785084522796,0.8164654020969311,3.8045471196584506,0.0005218374929486018,0.10953996101597195,19.60152543013578,2.382,0.005025125628140704,0.035808767344811754
605,2-1-0,1-3-1,0.7918640002705933,0.7901222997923086,4.067536342071864,0.0005158193624413748,0.17576350445354966,21.952662028083793,2.495,0.005263157894736842,0.034663394819816395
606,2-1-0,1-3-2,0.8418891585689104,0.8405691309434953,3.5478137190918,0.0005415161040269566,0.008184547196786903,17.989154361487273,2.26,0.004415011037527594,0.211818443915606
607,2-1-0,1-3-3,0.7410533753881002,0.7388831570322981,4.543610394504048,0.0005596298245045476,0.057141766164485776,26.160985078717484,2.695,0.004662004662004662,0.16170377911694422
608,2-1-0,2-0-0,0.9485695255630316,0.9481555040712004,2.00139200273598,4.868256898372603e-05,0.7658417822011737,4.510004150636042,1.587,0.004219409282700422,0.11739315530224792
609,2-1-0,2-0-1,0.9485825374070233,0.9481690422160486,2.0012765497163545,5.067460791823131e-05,0.8551685769758754,4.516284040798361,1.587,0.0043859649122807015,0.05953963483931024
610,2-1-0,2-0-2,0.9485959047490158,0.9481815974153073,2.0012518153318553,4.032950475394619e-05,0.9834371918660384,4.514649640027113,1.587,0.004524886877828055,0.0758974521931105
611,2-1-0,2-0-3,0.9485932610756967,0.9481794029518874,2.001224116407888,4.504097059729674e-05,0.5386703021655014,4.491599067781312,1.587,0.004140786749482402,0.13987575217838188
612,2-1-0,2-1-0,1.0000000000000002,1.0,0.0,0.0,1.0,0.0,0.0,1.0,0.0
613,2-1-0,2-1-1,0.9485849777209736,0.9481709537546583,2.001311507479581,4.612545038295025e-05,0.8551685769758754,4.507178472305938,1.587,0.004424778761061947,0.060397482841020866
614,2-1-0,2-1-2,0.9742681703875349,0.9740605403335066,1.4159535962392154,3.660448364864949e-05,0.9984470741765994,2.4841142536111156,1.26,0.0047169811320754715,0.05298310927734862
615,2-1-0,2-1-3,0.9999427421411358,0.9999423322163552,0.06699236675900538,3.970532928283379e-05,0.9258384097415063,0.47165257179240083,0.048,0.00423728813559322,0.09961304424451567
616,2-1-0,2-2-0,0.9742796214672023,0.9740725025589,1.4157294160486456,3.9635392631701385e-05,0.8551685769758754,2.45786875591018,1.26,0.004347826086956522,0.07183507293818969
617,2-1-0,2-2-1,0.9485868885984203,0.9481731494875221,2.0012851505741196,5.072751670095154e-05,0.7240811548452891,4.5274048380495735,1.587,0.00423728813559322,0.11799404392303237
618,2-1-0,2-2-2,0.948582501006509,0.9481692080000154,2.001348605933609,5.2622363527350406e-05,0.7927506368483939,4.5594466581923,1.587,0.004405286343612335,0.07319425889010123
619,2-1-0,2-2-3,0.9486047810087168,0.9481909828672099,2.001132847232688,4.271191717354864e-05,0.6092962117823786,4.477814287572441,1.587,0.004395604395604396,0.07185702349722711
620,2-1-0,2-3-0,0.973105065220657,0.972888209538407,1.4477242314573935,3.480130723813389e-05,0.9998095796808842,2.877994549352667,1.264,0.004807692307692308,0.017080038126954022
621,2-1-0,2-3-1,0.9987113892706396,0.9987010319774885,0.31689562484820794,4.259798758191296e-05,0.9947322964825674,1.0719312776635972,0.273,0.004975124378109453,0.0072655593002944885
622,2-1-0,2-3-2,0.948595594795788,0.9481811423470777,2.0012051206034545,3.85161881435821e-05,0.8433491511244362,4.471603215719732,1.587,0.004310344827586207,0.09605048043584963
623,2-1-0,2-3-3,0.9485963954032446,0.9481827966339992,2.0011841895213274,4.611165528605072e-05,0.5525891198675486,4.491692178315747,1.587,0.0041841004184100415,0.13711798530440278
624,2-1-0,3-0-0,0.971498795458833,0.9712812043793558,1.486977416292513,0.00030805867804978683,0.941582014094102,5.018914759679747,1.265,0.004662004662004662,0.04397979386528317
625,2-1-0,3-0-1,0.9457631595697142,0.9453446394430414,2.0508077965594445,0.0003080165695540918,0.7927506368483939,7.008164672268103,1.59,0.0041753653444676405,0.12144675166992813
626,2-1-0,3-0-2,0.9455971770141193,0.9451778059440054,2.0535827833841434,0.00031693900234514857,0.941582014094102,7.073662379013699,1.591,0.004750593824228029,0.024507571735968292
627,2-1-0,3-0-3,0.9973184285414561,0.9973021933994813,0.4574058602676718,0.0003056653242628253,0.941582014094102,3.013714323023753,0.286,0.004405286343612335,0.07815680886238086
628,2-1-0,3-1-0,0.9457565877000167,0.9453380075977548,2.0509970086519154,0.00030810372298666565,0.7240811548452891,7.000331217721091,1.59,0.0045351473922902496,0.043335354961978156
629,2-1-0,3-1-1,0.9716090793083566,0.971392035060075,1.484114541431139,0.0003023433045208551,0.7794073840622581,4.961313015172358,1.265,0.0045662100456621,0.02736116392100285
630,2-1-0,3-1-2,0.9455424359012494,0.945122420629412,2.054748410644675,0.00031596929401934157,0.9486524915947875,7.086378245594423,1.591,0.004640371229698376,0.0413910266468317
631,2-1-0,3-1-3,0.9457143264285718,0.9452956167964875,2.0517246830595646,0.00031107198756913525,0.8776274782894162,7.035738221843536,1.59,0.004149377593360996,0.11939076453121111
632,2-1-0,3-2-0,0.945858905546276,0.9454394284995503,2.0493387356536847,0.0002932823834987998,0.9486524915947875,6.888277209041149,1.59,0.004739336492890996,0.04002654103547032
633,2-1-0,3-2-1,0.9973553240393087,0.99733937076208,0.4542360013088524,0.00030355999801564,0.9486524915947875,2.982996564948862,0.283,0.004761904761904762,0.02680384303188399
634,2-1-0,3-2-2,0.9456563345113422,0.9452375835887744,2.0526802541640854,0.0003158818994178716,0.8311706726832172,7.050633203833849,1.591,0.00437636761487965,0.05478410145130508
635,2-1-0,3-2-3,0.945709000648205,0.9452896451839554,2.0518082453120865,0.0003066472247607672,0.9486524915947875,7.00669289856967,1.591,0.004210526315789474,0.10326416971850194
636,2-1-0,3-3-0,0.9714651336425661,0.9712467686799198,1.4876810410866461,0.0003045293258688062,0.9551845511594234,5.019500452083619,1.265,0.004819277108433735,0.014818037260751482
637,2-1-0,3-3-1,0.945702102010543,0.9452830818199801,2.0519133930537627,0.0003109592473806964,0.941582014094102,7.040118956542636,1.59,0.004291845493562232,0.10096803204199167
638,2-1-0,3-3-2,0.9457631025972976,0.9453445610415471,2.050946856032728,0.0003057836263440586,0.941582014094102,7.000955459535327,1.59,0.004545454545454545,0.05063501559225214
639,2-1-0,3-3-3,0.9972667987372846,0.9972504103298216,0.46182218374321005,0.0003131785196360362,0.941582014094102,3.044672942561997,0.288,0.004662004662004662,0.03849007613696198
640,2-2-0,0-0-0,0.7126635513302877,0.7100430763088217,4.8505812740593015,0.0015784057066924515,0.19649435810766677,43.61131132264722,2.708,0.0032679738562091504,0.06275168602781234
641,2-2-0,0-0-1,0.7125385108000515,0.7099186247303817,4.852175583066169,0.0015737695367193409,0.21133604878578677,43.55748838144226,2.708,0.0033613445378151263,0.0371205344010318
642,2-2-0,0-0-2,0.7123030911610774,0.7096777547255619,4.855059760844644,0.0015912257555329048,0.20381111683301717,43.69191038471936,2.709,0.00322061191626409,0.055024649348499155
643,2-2-0,0-0-3,0.7131604673719004,0.7105415883115311,4.844595580617502,0.001594445737430054,0.20381111683301717,43.688149843300906,2.705,0.003787878787878788,0.036911358450888554
644,2-2-0,0-1-0,0.7123503058631955,0.7097240728598468,4.854418051466179,0.0015966471246433701,0.189382867733048,43.735836039193224,2.709,0.0032310177705977385,0.05309902125853261
645,2-2-0,0-1-1,0.7129687481498537,0.7103511140566943,4.846797503714085,0.0015795508105773558,0.21907192975202863,43.58989607585341,2.706,0.0035149384885764497,0.009797938277706253
646,2-2-0,0-1-2,0.7122964013856556,0.7096700201629184,4.855203900672246,0.0015959255568083139,0.19649435810766677,43.72817474927424,2.709,0.003257328990228013,0.05243823748620824
647,2-2-0,0-1-3,0.7123003129162613,0.709673536718124,4.85515783542694,0.0015982074529196158,0.19649435810766677,43.74372203024284,2.709,0.003257328990228013,0.051312827996181753
648,2-2-0,0-2-0,0.7128532955183111,0.710226943771423,4.847918212914266,0.0016226867908976433,0.21133604878578677,43.872013423430055,2.705,0.004024144869215292,0.0965595505359671
649,2-2-0,0-2-1,0.7133411455420102,0.7107279498199224,4.841900410904329,0.0015687435423403667,0.20381111683301717,43.52650025893227,2.704,0.0035149384885764497,0.041543786316383
650,2-2-0,0-2-2,0.7113804779109123,0.7087423224004937,4.866826850042625,0.0016202150892141737,0.20381111683301717,43.91275553184162,2.713,0.003590664272890485,0.008653823121216209
651,2-2-0,0-2-3,0.7126122074682762,0.7099907771342374,4.851199003662284,0.0015831361034840498,0.21133604878578677,43.63250599769852,2.708,0.0032679738562091504,0.048596856588199344
652,2-2-0,0-3-0,0.7126645832834099,0.7100437994362189,4.850731617809098,0.0015826751562528836,0.189382867733048,43.625260869507756,2.708,0.003257328990228013,0.045538463265900275
653,2-2-0,0-3-1,0.7118283332706027,0.7091934960017109,4.86089373993421,0.001620630859806372,0.19649435810766677,43.91057730351242,2.711,0.00338409475465313,0.012187629374737496
654,2-2-0,0-3-2,0.7114412104110344,0.708803834448628,4.865431033415719,0.0016132577779149168,0.189382867733048,43.89591550795306,2.713,0.003616636528028933,0.009590534021709063
655,2-2-0,0-3-3,0.712491589064632,0.70986878362895,4.852776906438372,0.0015844610226423703,0.20381111683301717,43.65220512252289,2.709,0.0032520325203252032,0.05306285853073678
656,2-2-0,1-0-0,0.7912498954890363,0.7895120063308282,4.0739530192069955,0.0005379514249848832,0.30852102846349594,22.03567067496682,2.496,0.004282655246252677,0.037010395884412794
657,2-2-0,1-0-1,0.8411230061075721,0.8397995705991417,3.5580753918034302,0.0005634626290515015,0.10082027367439374,18.213209543241202,2.263,0.00408997955010225,0.11866788482992785
658,2-2-0,1-0-2,0.7657199985662434,0.7637628520201073,4.318901067260361,0.0005571086290234213,0.4582805853695553,24.235842827892693,2.6,0.004555808656036446,0.05474747716172712
659,2-2-0,1-0-3,0.7657887638574717,0.7638314612177235,4.319595703560431,0.0005670662248428763,0.5666254922729073,24.26183825178962,2.6,0.004484304932735426,0.035422342137485074
660,2-2-0,1-1-0,0.8160267484219116,0.8144941406014674,3.827243008794852,0.0005553869972794543,0.15084875026442593,20.144368397007934,2.386,0.004210526315789474,0.05887209647863201
661,2-2-0,1-1-1,0.8144768341356176,0.8129298973351373,3.841811956751367,0.0005503630731237177,0.5666254922729073,20.602876958921314,2.387,0.004347826086956522,0.005525987504161112
662,2-2-0,1-1-2,0.8162256024767796,0.8146959846812285,3.8230936320796025,0.0005388738216573996,0.5386703021655014,20.069782653528318,2.385,0.0044444444444444444,0.053776607281904254
663,2-2-0,1-1-3,0.7657469002501375,0.7637912366293877,4.3186830770037306,0.0005575467072264881,0.42050876022870864,24.209421079959462,2.6,0.004524886877828055,0.03825482149196546
664,2-2-0,1-2-0,0.8412065695897646,0.8398833482048838,3.5557539997172602,0.0005549353353703027,0.3617314721827243,18.20546850774868,2.262,0.004273504273504274,0.027134453225120092
665,2-2-0,1-2-1,0.8426861172936799,0.8413834833235206,3.5347477816911077,0.0005184218015244643,0.27005266362097363,17.73926540643373,2.258,0.004329004329004329,0.00539861373016115
666,2-2-0,1-2-2,0.7910802532180897,0.789339592431082,4.077950116878527,0.0005489297067672307,0.04977296328355213,22.122893086578944,2.497,0.003992015968063872,0.13639231848674438
667,2-2-0,1-2-3,0.7910873653561961,0.789346305707766,4.077317477619504,0.0005542033801664082,0.27005266362097363,22.117995393728396,2.497,0.004048582995951417,0.09540763191104751
668,2-2-0,1-3-0,0.7922908843131086,0.7905707230893261,4.062598375462256,0.0005294009430437967,0.27005266362097363,21.684126647610373,2.495,0.0044444444444444444,0.03602630559337794
669,2-2-0,1-3-1,0.7661607697741571,0.7642112568541709,4.309783741058618,0.0005329572193198958,0.6668774424089795,24.0694883882809,2.598,0.004629629629629629,0.10649846775800609
670,2-2-0,1-3-2,0.8665840186750664,0.8654759852925146,3.258373077059806,0.0005472154607723226,0.057141766164485776,16.0516642705913,2.123,0.0039603960396039604,0.1399833709774163
671,2-2-0,1-3-3,0.7656148799450674,0.7636591146464987,4.321563801217581,0.0005665849842290387,0.05979792917838787,24.230880134733844,2.601,0.004158004158004158,0.08986870617875453
672,2-2-0,2-0-0,0.9742926539358885,0.9740864256192561,1.4144721406300858,1.9846502891513052e-05,0.7794073840622581,2.1924150658249886,1.26,0.0038022813688212928,0.04555808236405823
673,2-2-0,2-0-1,0.9743006923333835,0.9740947289266455,1.4143487509228752,1.7452042122473954e-05,0.9989177567690477,2.1667102467726544,1.26,0.003937007874015748,0.012295438098879452
674,2-2-0,2-0-2,0.9743041534677974,0.9740977853693471,1.4144212599476385,1.837394545577929e-05,0.9799632019273475,2.211517158396715,1.26,0.004048582995951417,0.0040623792549208115
675,2-2-0,2-0-3,0.9743056637201715,0.9740995267133726,1.4143232032105617,1.5124667708742482e-05,0.9760198469076163,2.165575670606388,1.26,0.003738317757009346,0.06804067924019219
676,2-2-0,2-1-0,0.9742796214672023,0.9740725025589,1.4157294160486456,3.9635392631701385e-05,0.8551685769758754,2.45786875591018,1.26,0.004347826086956522,0.07183507293818969
677,2-2-0,2-1-1,0.9742995717253241,0.9740933393005791,1.4144382458164622,1.5877827326158086e-05,0.9978250839566695,2.1918537761880605,1.26,0.003968253968253968,0.011437590097168826
678,2-2-0,2-1-2,0.9999907225980899,0.9999906614048716,0.026889020448923124,2.984387397420283e-05,0.6524641311831776,0.27740390416685334,0.015,0.004201680672268907,0.018851963660841076
679,2-2-0,2-1-3,0.9743090458854071,0.97410285292749,1.414327501533521,1.4801742106774458e-05,0.9339753616978982,2.169989617989478,1.26,0.003816793893129771,0.027777971306325977
680,2-2-0,2-2-0,0.9999999999999997,1.0,0.0,0.0,1.0,0.0,0.0,1.0,0.0
681,2-2-0,2-2-1,0.9743007221773585,0.9740946259707707,1.4144143021822635,2.1156315120943457e-05,0.7381521182333975,2.2088439063587293,1.26,0.003816793893129771,0.04615897098484267
682,2-2-0,2-2-2,0.9742998560255134,0.9740939834785582,1.4144225176763108,1.9853739351909395e-05,0.9999653586967338,2.1969032310184646,1.26,0.003952569169960474,0.0013591859519115346
683,2-2-0,2-2-3,0.9743097827388254,0.9741036633687322,1.4143047816016685,1.404873838789159e-05,0.9999653586967338,2.154586098724999,1.26,0.0039447731755424065,2.195055903742027e-05
684,2-2-0,2-3-0,0.9473875283986302,0.9469648044274693,2.0241333290788837,2.3190890956730776e-05,0.9339753616978982,4.7847483327949005,1.59,0.004273504273504274,0.05475503481123567
685,2-2-0,2-3-1,0.9730865365731187,0.9728703612073741,1.4473615314927055,3.1209142655373183e-05,0.888218443715319,2.7840237682378195,1.264,0.004405286343612335,0.07910063223848418
686,2-2-0,2-3-2,0.9743055441960797,0.9740991218669466,1.4143453440959368,1.6807676064013766e-05,0.9999961234582367,2.172346649704524,1.26,0.003875968992248062,0.024215407497659935
687,2-2-0,2-3-3,0.9743061866859968,0.974100164602275,1.4143238464241723,1.6117328194623633e-05,0.9799632019273475,2.175057105040029,1.26,0.0037735849056603774,0.06528291236621309
688,2-2-0,3-0-0,0.9459140718711666,0.9454973751038702,2.0473222898178274,0.00028888952813873155,0.7098937963661298,6.768783343160048,1.59,0.004158004158004158,0.027855279072906525
689,2-2-0,3-0-1,0.9717925518832742,0.9715770967897234,1.4785635276014142,0.0002842668112048706,0.8058440117518267,4.7286800386535734,1.264,0.003766478342749529,0.04961167873173844
690,2-2-0,3-0-2,0.9716466541663528,0.9714303630517576,1.4821438558008044,0.0002942347316023187,0.7381521182333975,4.800437546004482,1.264,0.004228329809725159,0.0473275012022214
691,2-2-0,3-0-3,0.971750359303945,0.9715342793253261,1.4797055869982019,0.0002821774253396843,0.6236539350299087,4.742475116816346,1.264,0.003952569169960474,0.006321735924191163
692,2-2-0,3-1-0,0.9717843771113728,0.9715688526299917,1.4788205935322534,0.0002821016533820276,0.9258384097415063,4.710856751516164,1.264,0.004056795131845842,0.028499717976211536
693,2-2-0,3-1-1,0.9460244191204024,0.9456081591378918,2.045256917569073,0.00027645746650631673,0.9258384097415063,6.6752393281643165,1.59,0.004081632653061225,0.04447390901718684
694,2-2-0,3-1-2,0.9715911531225225,0.9713742846498321,1.4836803833607413,0.0002918582289501768,0.9258384097415063,4.813471969518777,1.265,0.004140786749482402,0.030444046291357996
695,2-2-0,3-1-3,0.9717483079611117,0.9715326373175039,1.4797182319212698,0.00028664579797671257,0.9258384097415063,4.749410562935186,1.264,0.003745318352059925,0.04755569159302142
696,2-2-0,3-2-0,0.9718021550675183,0.9715856400744011,1.4785382984382673,0.00027749105184834874,0.7381521182333975,4.785862905570664,1.264,0.004219409282700422,0.03180853190271937
697,2-2-0,3-2-1,0.9717873491858559,0.9715715470646468,1.478810324546855,0.0002832427922525486,0.7658417822011737,4.723293399373088,1.264,0.00423728813559322,0.0450312299063057
698,2-2-0,3-2-2,0.9716958251484265,0.9714800229657816,1.4809992504297953,0.0002904815234387005,0.9171804345352588,4.7649338361466445,1.264,0.003929273084479371,0.017050971486884614
699,2-2-0,3-2-3,0.97174107144472,0.9715249400094667,1.4798963877816782,0.00028377704710464243,0.9339753616978982,4.732993338180623,1.264,0.003795066413662239,0.03142909678031225
700,2-2-0,3-3-0,0.94587838071725,0.9454607204218826,2.0477251229113946,0.0002870235916114772,0.7520810844045929,6.7558525974306685,1.59,0.004282655246252677,0.05701703567743821
701,2-2-0,3-3-1,0.9717367785255654,0.9715208739739056,1.4799921352392034,0.00028697743233695974,0.9258384097415063,4.764740576116966,1.264,0.003861003861003861,0.02913295910380198
702,2-2-0,3-3-2,0.9717882882093385,0.9715727858983377,1.4787664246985426,0.00028190484351930717,0.9258384097415063,4.71713148270238,1.264,0.0040650406504065045,0.02120005734593755
703,2-2-0,3-3-3,0.9716946529639907,0.9714785318229099,1.4810255781696686,0.0002904647353833405,0.7240811548452891,4.771957834155583,1.264,0.004158004158004158,0.03334499680122771
704,2-3-0,0-0-0,0.761758748143491,0.7596026160045666,4.418574114935801,0.0015718620419673628,0.4582805853695553,39.63788317814962,2.512,0.0035211267605633804,0.117506720839048
705,2-3-0,0-0-1,0.7616241429466053,0.7594679020222594,4.420325211226911,0.0015672424352353913,0.4712566771887356,39.58413714150063,2.513,0.003629764065335753,0.09187556921226747
706,2-3-0,0-0-2,0.7613731336468568,0.759212382771007,4.423489521771966,0.0015846762805923143,0.4582805853695553,39.718486898619524,2.514,0.0034662045060658577,0.10977968415973482
707,2-3-0,0-0-3,0.7622870622209424,0.7601339140379683,4.412003620398224,0.0015878999978047052,0.43290024620598067,39.71469291842008,2.509,0.004132231404958678,0.017843676360347116
708,2-3-0,0-1-0,0.7614247362394582,0.7592635935678426,4.422783993700664,0.0015901074396328847,0.44549285856006854,39.76241811785823,2.514,0.0034782608695652175,0.10785405606976828
709,2-3-0,0-1-1,0.7620852931329531,0.7599322321488393,4.414419054963901,0.001572963913461534,0.42050876022870864,39.616419448927644,2.511,0.0038095238095238095,0.06455297308894192
710,2-3-0,0-1-2,0.7613649330164187,0.7592034591316826,4.423647559369684,0.0015893862486815182,0.4582805853695553,39.754804176716014,2.514,0.0035087719298245615,0.10719327229744391
711,2-3-0,0-1-3,0.7613690943517701,0.7592073765402293,4.423596809730586,0.0015916727171915068,0.4582805853695553,39.77034698992217,2.514,0.0035087719298245615,0.10606786280741742
712,2-3-0,0-2-0,0.7619675170869943,0.7598083599184887,4.415646854277264,0.0016161108363352762,0.44549285856006854,39.89866527113745,2.51,0.004415011037527594,0.04180451572473143
713,2-3-0,0-2-1,0.7624886492924036,0.7603400213420697,4.409040976658232,0.0015621698425641569,0.4712566771887356,39.55302336447038,2.508,0.0038095238095238095,0.09629882112761867
714,2-3-0,0-2-2,0.7603809663254504,0.758208096058603,4.436401495102897,0.0016136474134245756,0.4582805853695553,39.939362839431105,2.518,0.003898635477582846,0.04610121169001946
715,2-3-0,0-2-3,0.7617041371297988,0.7595471770840405,4.4192524691430375,0.0015765996700741823,0.44549285856006854,39.65915543580944,2.512,0.0035211267605633804,0.10335189139943501
716,2-3-0,0-3-0,0.7617569082572124,0.7596005487330509,4.418740065938401,0.0015761380926810676,0.44549285856006854,39.65187445160845,2.512,0.0035087719298245615,0.10029349807713595
717,2-3-0,0-3-1,0.7608667406570626,0.7586978923430043,4.429888479738321,0.0016140654204054225,0.4712566771887356,39.93718133953194,2.516,0.003656307129798903,0.06694266418597317
718,2-3-0,0-3-2,0.7604572792929645,0.7582852701094911,4.434867635612311,0.0016066561711317595,0.4582805853695553,39.92199652839407,2.518,0.003929273084479371,0.06434556883294473
719,2-3-0,0-3-3,0.7615737221978613,0.7594153691339086,4.420984331475654,0.0015779384302994953,0.4582805853695553,39.678832657500294,2.513,0.0035026269702276708,0.10781789334197245
720,2-3-0,1-0-0,0.8396962212037948,0.8383613229952719,3.570628464341493,0.0005401641387884182,0.13949906748133606,18.48047915014491,2.264,0.004728132387706856,0.09176543069564846
721,2-3-0,1-0-1,0.8392019085259961,0.8378605138736874,3.5795579122700345,0.0005650669892330148,0.02790735158959209,18.66222376193927,2.266,0.0044943820224719105,0.17342291964116352
722,2-3-0,1-0-2,0.7134915322717629,0.7110933129191499,4.775787224685907,0.0005542427306287968,0.2270213926146101,28.66532224030197,2.786,0.005063291139240506,7.557649508549424e-06
723,2-3-0,1-0-3,0.7638533904337469,0.7618772684713475,4.337472949304143,0.000565283675432707,0.16924928981273388,24.701598633811226,2.602,0.004975124378109453,0.019332692673750596
724,2-3-0,1-1-0,0.8141074834877559,0.8125567218605753,3.847204371206372,0.0005582952580645649,0.18247362476347695,20.5940690471389,2.389,0.004640371229698376,0.11362713128986768
725,2-3-0,1-1-1,0.8161370014323022,0.8146018893656646,3.824676402436445,0.0005473696230387253,0.16292768248187892,20.170867233916937,2.385,0.004807692307692308,0.06028102231539678
726,2-3-0,1-1-2,0.8143010285988611,0.8127532420840268,3.8431122392124535,0.0005362238897999771,0.15679531296701105,20.512780033335208,2.387,0.0049261083743842365,0.000978427529331416
727,2-3-0,1-1-3,0.7638257503312,0.761851417639413,4.33642403849419,0.000556044490944004,0.14508451090964886,24.651935886188028,2.603,0.005025125628140704,0.016500213319270207
728,2-3-0,1-2-0,0.8392818031564387,0.8379405802019789,3.577276776336061,0.0005519806269564835,0.15679531296701105,18.63630642908763,2.265,0.0047169811320754715,0.08188948803635576
729,2-3-0,1-2-1,0.8407587111479685,0.8394382736099769,3.556379535310915,0.0005213438511398672,0.07150629475393318,18.195366400374287,2.261,0.004784688995215311,0.04935642108107452
730,2-3-0,1-2-2,0.7891589224660502,0.7873998731146553,4.096718601648702,0.0005517255972040234,0.012084787082747454,22.577750132384832,2.5,0.00437636761487965,0.19114735329798005
731,2-3-0,1-2-3,0.7891640529801165,0.7874045800692584,4.096103484996435,0.000556572296309127,0.09268556256404036,22.572452709105647,2.499,0.0044444444444444444,0.15016266672228318
732,2-3-0,1-3-0,0.8407562975992495,0.8394368113743184,3.5577448220737105,0.0005310186388537153,0.08882858777671174,18.129254404955795,2.262,0.0049261083743842365,0.01872872921785773
733,2-3-0,1-3-1,0.7642427411248821,0.7622746309170844,4.327494749598647,0.0005291432144177735,0.31870802547304267,24.49844332951434,2.601,0.005154639175257732,0.05174343294677042
734,2-3-0,1-3-2,0.8646713562650876,0.8635457381245,3.2816709417515684,0.0005509373474958259,0.014218950770180759,16.51494426269771,2.126,0.004338394793926247,0.19473840578865198
735,2-3-0,1-3-3,0.7637072885902961,0.7617329823388095,4.339180892118328,0.0005692063606475544,0.08882858777671174,24.69220602760984,2.603,0.004576659038901602,0.1446237409899902
736,2-3-0,2-0-0,0.9730389505372424,0.9728224252302372,1.4485839268586354,2.7845172072303412e-05,0.888218443715319,2.7978469159947634,1.264,0.004149377593360996,0.1003131171752939
737,2-3-0,2-0-1,0.9730542716307651,0.9728380877950648,1.4482723217567404,2.8897603726650413e-05,0.8433491511244362,2.792959593143688,1.264,0.004310344827586207,0.04245959671235622
738,2-3-0,2-0-2,0.9730424183993097,0.9728256671059367,1.4487624696196322,1.9740368084389863e-05,0.9989177567690477,2.7942662030966248,1.264,0.0044444444444444444,0.05881741406615648
739,2-3-0,2-0-3,0.9730579499916019,0.9728415630244583,1.448287281583791,2.5616563640126315e-05,0.6812684007146949,2.789966548444826,1.264,0.004073319755600814,0.12279571405142786
740,2-3-0,2-1-0,0.973105065220657,0.972888209538407,1.4477242314573935,3.480130723813389e-05,0.9998095796808842,2.877994549352667,1.264,0.004807692307692308,0.017080038126954022
741,2-3-0,2-1-1,0.9730366879690235,0.9728200793730297,1.44880481269822,2.8862364531248824e-05,0.941582014094102,2.831220617006299,1.264,0.004347826086956522,0.043317444714066844
742,2-3-0,2-1-2,0.9473559739648177,0.9469322172168518,2.0246064432859185,2.5814688391185988e-05,0.9999822371778763,4.84834692357052,1.59,0.004629629629629629,0.035903071150394594
743,2-3-0,2-1-3,0.9730512172199142,0.9728346853835713,1.4485678490334022,2.3421847681460742e-05,0.9799632019273475,2.8008871612640336,1.264,0.004166666666666667,0.08253300611756165
744,2-3-0,2-2-0,0.9473875283986302,0.9469648044274693,2.0241333290788837,2.3190890956730776e-05,0.9339753616978982,4.7847483327949005,1.59,0.004273504273504274,0.05475503481123567
745,2-3-0,2-2-1,0.9730439236254604,0.9728275117920023,1.4486182984562428,2.7528402093274507e-05,0.8551685769758754,2.8218812576545838,1.264,0.004166666666666667,0.10091400579607834
746,2-3-0,2-2-2,0.9730518497315945,0.9728357525727052,1.4483893306219828,2.9423182756757792e-05,0.9258384097415063,2.8227155842848046,1.264,0.004329004329004329,0.056114220763147205
747,2-3-0,2-2-3,0.9730634103328667,0.972847050399999,1.448237613861867,2.5890798084268015e-05,0.6236539350299087,2.790106717761312,1.264,0.004319654427645789,0.05477698537027309
748,2-3-0,2-3-0,1.0,1.0,0.0,0.0,1.0,0.0,0.0,1.0,0.0
749,2-3-0,2-3-1,0.9742479372885028,0.9740408507121098,1.4158191756545344,2.4878776963776938e-05,0.9999653586967338,2.4269942446389576,1.26,0.004878048780487805,0.02434559742724851
750,2-3-0,2-3-2,0.9730507866871683,0.9728340309742489,1.4484990865059775,2.0776044877463805e-05,0.8983539159350029,2.792288711854448,1.264,0.00423728813559322,0.0789704423088956
751,2-3-0,2-3-3,0.9730519658081667,0.9728356515818831,1.4484634956207458,2.6264025130032266e-05,0.6956148804239717,2.782815156543683,1.264,0.00411522633744856,0.12003794717744876
752,2-3-0,3-0-0,0.9967995021783924,0.9967788115617765,0.4989792794754533,0.0002890631769112958,0.8983539159350029,3.1359914698629545,0.32,0.004576659038901602,0.026899755738329145
753,2-3-0,3-0-1,0.9710428657450774,0.9708216054514521,1.4981117577116254,0.00028929065896653606,0.9080138491793379,5.10881192110827,1.267,0.004106776180698152,0.10436671354297411
754,2-3-0,3-0-2,0.9708939076704082,0.9706717956517595,1.5017173440865437,0.0002978090871189571,0.9258384097415063,5.17688698576359,1.267,0.004662004662004662,0.00742753360901427
755,2-3-0,3-0-3,0.9710014078436797,0.9707795184889396,1.4992211163700673,0.00028695653840799467,0.9339753616978982,5.129392827370042,1.267,0.004329004329004329,0.06107677073542683
756,2-3-0,3-1-0,0.9710359368194802,0.97081461657844,1.4983345711254443,0.0002885491872972513,0.8983539159350029,5.109249515027169,1.267,0.004454342984409799,0.026255316835024134
757,2-3-0,3-1-1,0.9968934004793732,0.9968732635041954,0.49163093576060035,0.0002826229018638119,0.8311706726832172,3.0741403890627073,0.315,0.004484304932735426,0.010281125794048829
758,2-3-0,3-1-2,0.9708452320077625,0.9706225906370994,1.5030607676640066,0.0002963326724310161,0.941582014094102,5.202649383537935,1.267,0.004555808656036446,0.024310988519877674
759,2-3-0,3-1-3,0.9709919878393442,0.9707704640341743,1.4994227216393194,0.00029142369599256297,0.9258384097415063,5.1413696760691225,1.267,0.004081632653061225,0.10231072640425709
760,2-3-0,3-2-0,0.9711287195101066,0.970906957634346,1.496120118525093,0.0002755379528478513,0.9080138491793379,5.005167859572614,1.266,0.004651162790697674,0.022946502908516297
761,2-3-0,3-2-1,0.9710500552303621,0.9708285345839105,1.4980382371800396,0.00028477123679298714,0.941582014094102,5.093113293965743,1.267,0.004672897196261682,0.009723804904929967
762,2-3-0,3-2-2,0.970944866390636,0.9707232610293828,1.500545790180531,0.00029661286904998955,0.9080138491793379,5.1530459896822505,1.267,0.004301075268817204,0.037704063324351056
763,2-3-0,3-2-3,0.9709849468718458,0.9707629507577911,1.499593149457518,0.00028708617560779624,0.941582014094102,5.119999578888863,1.267,0.004140786749482402,0.08618413159154792
764,2-3-0,3-3-0,0.9967828762587355,0.9967617678597478,0.5003137692698095,0.00028670024308097384,0.9486524915947875,3.1146053551157715,0.32,0.004728132387706856,0.0022620008662025404
765,2-3-0,3-3-1,0.9709812958677748,0.970759539964694,1.499670557106502,0.0002916184899678915,0.9339753616978982,5.148192183905973,1.267,0.004219409282700422,0.08388799391503765
766,2-3-0,3-3-2,0.9710413366246379,0.9708200499193916,1.4982440665465322,0.00028708861791641076,0.9339753616978982,5.103739807425508,1.267,0.004464285714285714,0.03355497746529812
767,2-3-0,3-3-3,0.9709480645252402,0.9707261644294652,1.5004588477588836,0.00029392224187926137,0.9339753616978982,5.154123419885511,1.267,0.004576659038901602,0.02141003801000796
768,3-0-0,0-0-0,0.7732266246734025,0.7712873102289981,4.302833659398469,0.0017967810179816582,0.3291232760670552,36.98400608155745,2.481,0.0034423407917383822,0.09060696510071886
769,3-0-0,0-0-1,0.7730905215583727,0.7711506271520622,4.304625711596844,0.0017921653525334502,0.33976628095995043,36.93021715337274,2.482,0.0035460992907801418,0.06497581347393833
770,3-0-0,0-0-2,0.7728385702027358,0.7708951087859762,4.307848896322638,0.0018095923814913548,0.3291232760670552,37.06439811300072,2.483,0.003389830508474576,0.08287992842140568
771,3-0-0,0-0-3,0.7737770343416435,0.7718416523703702,4.2959489702901275,0.0018128381568233932,0.29856240038175713,37.06078023455338,2.477,0.004024144869215292,0.00905607937798203
772,3-0-0,0-1-0,0.7728868065085195,0.7709432840710015,4.307164841380154,0.001815020673081418,0.33976628095995043,37.108288062669786,2.482,0.003401360544217687,0.08095430033143913
773,3-0-0,0-1-1,0.7735621007244698,0.7716258753272383,4.2985291140500905,0.0017978774098237245,0.29856240038175713,36.9626189350659,2.479,0.0037174721189591076,0.03765321735061278
774,3-0-0,0-1-2,0.7728327841211645,0.7708888973413565,4.307985795513059,0.0018143060340514905,0.3291232760670552,37.100808757220776,2.482,0.003430531732418525,0.08029351655911476
775,3-0-0,0-1-3,0.7728377186019042,0.7708937146713634,4.307926929721978,0.0018165933308634163,0.3291232760670552,37.11624181800182,2.482,0.003430531732418525,0.07916810706908828
776,3-0-0,0-2-0,0.7734180987520564,0.7714777067312981,4.300027971873736,0.0018410253725329125,0.33976628095995043,37.24458369617309,2.478,0.004291845493562232,0.06870427146306057
777,3-0-0,0-2-1,0.7739651909995097,0.7720330450890694,4.29307285607716,0.001787066083542774,0.33976628095995043,36.89911216350335,2.477,0.0037174721189591076,0.06939906538928953
778,3-0-0,0-2-2,0.7718411352694696,0.7698868768612098,4.321007246233737,0.0018385790555034986,0.3291232760670552,37.28525801665205,2.487,0.0038022813688212928,0.019201455951690316
779,3-0-0,0-2-3,0.7731729465660951,0.7712329561819284,4.303514111383736,0.0018015275811698475,0.3291232760670552,37.00526561645732,2.481,0.0034423407917383822,0.07645213566110587
780,3-0-0,0-3-0,0.7732400782103493,0.7713007673232051,4.302855691903105,0.0018010547805925553,0.33976628095995043,36.99791121300439,2.481,0.003430531732418525,0.0733937423388068
781,3-0-0,0-3-1,0.7723269084970114,0.7703768193183957,4.31439809257976,0.0018390002102123223,0.33976628095995043,37.28300836986215,2.485,0.0035714285714285713,0.04004290844764402
782,3-0-0,0-3-2,0.7719031428922475,0.7699495370487588,4.319592988274857,0.0018315500429891402,0.3506361296811728,37.26827511029184,2.487,0.0038314176245210726,0.03744581309461559
783,3-0-0,0-3-3,0.7730513055311954,0.7711100996315525,4.3051892248220245,0.0018028541827391014,0.3291232760670552,37.02473417882527,2.482,0.003424657534246575,0.0809181376036433
784,3-0-0,1-0-0,0.82632494237593,0.8249373620126369,3.7081830067297314,0.0007156954474404563,0.09268556256404036,20.558432611460425,2.306,0.0045871559633027525,0.06486567495731932
785,3-0-0,1-0-1,0.8255536459173568,0.8241577874902544,3.7200231855626296,0.0007446946563975127,0.0625592416703816,20.737599348335234,2.309,0.004366812227074236,0.14652316390283437
786,3-0-0,1-0-2,0.6992721476409433,0.6968474105585071,4.881355087378164,0.0007364465902509701,0.14508451090964886,30.758190657168598,2.815,0.004901960784313725,0.026892198088820596
787,3-0-0,1-0-3,0.7498106865008052,0.7477965697484907,4.4542384993811375,0.0007494661522872024,0.11412821903560588,26.78507226240849,2.636,0.004819277108433735,0.00756706306457855
788,3-0-0,1-1-0,0.8004384304883934,0.7988393794809757,3.9770705663769834,0.0007347317478465033,0.10953996101597195,22.67625397850221,2.427,0.0045045045045045045,0.08672737555153853
789,3-0-0,1-1-1,0.7996885361821522,0.7980821796715765,3.982945002076919,0.0007267336691471992,0.1051051889931055,22.948685514401802,2.428,0.004662004662004662,0.033381266577067636
790,3-0-0,1-1-2,0.8007993996911288,0.7992044717896399,3.971282360896193,0.0007133413594971627,0.10082027367439374,22.594586427089183,2.426,0.00477326968973747,0.02592132820899773
791,3-0-0,1-1-3,0.749873373973277,0.7478616124388261,4.4523253584845675,0.000737153066412121,0.08151763259087323,26.73126745868566,2.636,0.004866180048661801,0.010399542419058938
792,3-0-0,1-2-0,0.8257345965541645,0.8243397826214569,3.716625934418075,0.0007321566104750328,0.1051051889931055,20.726260563246083,2.308,0.004576659038901602,0.05498973229802662
793,3-0-0,1-2-1,0.8273164693475636,0.825941704092429,3.6950523394806725,0.0006756043025354796,0.04123514998143483,20.273058590637866,2.304,0.004640371229698376,0.022456665342745374
794,3-0-0,1-2-2,0.7753757485096281,0.773573840125977,4.218773907988904,0.0007282806497198252,0.02933301773331407,24.64567916908297,2.535,0.00425531914893617,0.1642475975596509
795,3-0-0,1-2-3,0.7754093150085015,0.7736072594774568,4.2178682794037385,0.0007340631890186036,0.05979792917838787,24.652685972004125,2.535,0.004319654427645789,0.12326291098395403
796,3-0-0,1-3-0,0.8272222621582354,0.8258475730360985,3.6974742078831992,0.0006830172367304259,0.04977296328355213,20.21216799227947,2.305,0.00477326968973747,0.008171026520471414
797,3-0-0,1-3-1,0.750631723177723,0.7486286102512024,4.44026865348062,0.0007068346410067961,0.189382867733048,26.592065046723576,2.633,0.004987531172069825,0.07864318868509956
798,3-0-0,1-3-2,0.8513540913646341,0.8501697290284238,3.4317352744590237,0.0007239206588021649,0.03400236623942259,18.595685651591435,2.174,0.004219409282700422,0.16783865005032284
799,3-0-0,1-3-3,0.7496079521135534,0.7475949643999581,4.456423066309062,0.0007497704326239219,0.07805663252825676,26.761809972828484,2.637,0.0044444444444444444,0.11772398525166106
800,3-0-0,2-0-0,0.9718286481355417,0.9716134829953529,1.4772475421137614,0.00027922979840231196,0.9171804345352588,4.693470951798907,1.264,0.00404040404040404,0.07341336143696475
801,3-0-0,2-0-1,0.9718278464473804,0.9716126586679144,1.4773894329882935,0.0002782482551715572,0.6524641311831776,4.688348367538024,1.264,0.0041928721174004195,0.015559840974027073
802,3-0-0,2-0-2,0.9717522618204875,0.9715365309912198,1.4795765016293572,0.00028510883851950883,0.9339753616978982,4.774387374120218,1.264,0.004319654427645789,0.031917658327827336
803,3-0-0,2-0-3,0.9717943890109821,0.9715789588625156,1.4784035595713367,0.00028351291765012096,0.7520810844045929,4.728232886793449,1.264,0.003968253968253968,0.09589595831309872
804,3-0-0,2-1-0,0.971498795458833,0.9712812043793558,1.486977416292513,0.00030805867804978683,0.941582014094102,5.018914759679747,1.265,0.004662004662004662,0.04397979386528317
805,3-0-0,2-1-1,0.9717855336490386,0.9715700395966576,1.4785705582095392,0.0002856231015318396,0.7098937963661298,4.745476924507777,1.264,0.004228329809725159,0.0164176889757377
806,3-0-0,2-1-2,0.9459779777280434,0.9455614547488177,2.0459647759979145,0.00029250833714603003,0.9171804345352588,6.792876569676922,1.59,0.0044943820224719105,0.009003315412065449
807,3-0-0,2-1-3,0.9717339949887895,0.9715181042804718,1.480105099925849,0.0002829390654411414,0.7520810844045929,4.748030223770738,1.264,0.004056795131845842,0.0556332503792325
808,3-0-0,2-2-0,0.9459140718711666,0.9454973751038702,2.0473222898178274,0.00028888952813873155,0.7098937963661298,6.768783343160048,1.59,0.004158004158004158,0.027855279072906525
809,3-0-0,2-2-1,0.9718127012998976,0.9715974058848181,1.4778683349007418,0.00027607490985341924,0.9339753616978982,4.691701536399282,1.264,0.004056795131845842,0.0740142500577492
810,3-0-0,2-2-2,0.9718249262230272,0.9716097103794754,1.4775286632509061,0.00027617656004603146,0.7381521182333975,4.686471374363278,1.264,0.004210526315789474,0.02921446502481806
811,3-0-0,2-2-3,0.9717364404565629,0.9715205613601553,1.4800380918154932,0.0002890865769259444,0.4844136114465968,4.766570532270249,1.264,0.004201680672268907,0.027877229631943945
812,3-0-0,2-3-0,0.9967995021783924,0.9967788115617765,0.4989792794754533,0.0002890631769112958,0.8983539159350029,3.1359914698629545,0.32,0.004576659038901602,0.026899755738329145
813,3-0-0,2-3-1,0.9711431126191931,0.9709226442213947,1.49521483187577,0.0002827992417727116,0.9551845511594234,5.026188122079277,1.266,0.004728132387706856,0.051245353165577656
814,3-0-0,2-3-2,0.9717383790401813,0.9715225501289847,1.4798934118685718,0.0002885622059619536,0.7098937963661298,4.784078701700631,1.264,0.004123711340206186,0.05207068657056646
815,3-0-0,2-3-3,0.971789037136869,0.9715735552917902,1.478562317406939,0.00027992536419417464,0.888218443715319,4.711057966449493,1.264,0.004008016032064128,0.09313819143911961
816,3-0-0,3-0-0,0.9999999999999997,1.0,0.0,0.0,1.0,0.0,0.0,1.0,0.0
817,3-0-0,3-0-1,0.9740442036851731,0.9738487801107696,1.4144211579487171,2.1132767432591132e-05,0.9715858470234678,2.2287897918763466,1.26,0.004,0.07746695780464496
818,3-0-0,3-0-2,0.9740251001850969,0.9738296616252229,1.414666493783079,2.3581385880020517e-05,0.9715858470234678,2.271154770013259,1.26,0.004524886877828055,0.019472222129314876
819,3-0-0,3-0-3,0.9740446002165177,0.9738490532770432,1.414453629071537,2.254809912712164e-05,0.9715858470234678,2.259479933360119,1.26,0.004210526315789474,0.03417701499709769
820,3-0-0,3-1-0,0.9740462826074217,0.973850872193516,1.4144145131675216,2.407188975815008e-05,0.43290024620598067,2.2428644909751427,1.26,0.004329004329004329,0.0006444389033050113
821,3-0-0,3-1-1,0.9999938531949307,0.9999938084731064,0.021769226098991158,2.2260930378476192e-05,0.594994433280469,0.2186932260954473,0.012,0.004357298474945534,0.016618629944280316
822,3-0-0,3-1-2,0.9740300464494004,0.9738345819859932,1.4146332717492172,2.2876759063595066e-05,0.9715858470234678,2.258616955990124,1.26,0.004424778761061947,0.002588767218451471
823,3-0-0,3-1-3,0.9740449416217528,0.9738495788928719,1.4143965580904352,2.17199842166303e-05,0.9258384097415063,2.2220251030317746,1.26,0.003976143141153081,0.07541097066592795
824,3-0-0,3-2-0,0.9740154248943915,0.973819310634229,1.4154687784560833,2.5049685018900423e-05,0.9984470741765994,2.3381151132332354,1.26,0.004514672686230248,0.003953252829812848
825,3-0-0,3-2-1,0.974048344494101,0.973852821530509,1.4144370032805582,1.9867171560830302e-05,0.9999999999788312,2.2448763408141645,1.26,0.01141552511415525,0.01717595083339918
826,3-0-0,3-2-2,0.9740401198129682,0.9738448407467423,1.4144208382497503,2.141584454907453e-05,0.6956148804239717,2.2156682413827022,1.26,0.0041841004184100415,0.01080430758602191
827,3-0-0,3-2-3,0.9740428077497786,0.9738472561134712,1.4144416058539482,2.074094415938264e-05,0.9913057702149646,2.2259581695242474,1.26,0.004032258064516129,0.059284375853218774
828,3-0-0,3-3-0,0.9999884279859031,0.9999883449779533,0.029919353161083132,1.985984807379865e-05,0.9999999999977934,0.2818667171498568,0.018,0.0045871559633027525,0.029161756604531686
829,3-0-0,3-3-1,0.9740390283343663,0.973843559071278,1.4145252547707736,2.223239729092653e-05,0.9666436824827027,2.244718703977343,1.26,0.004106776180698152,0.056988238176708506
830,3-0-0,3-3-2,0.9740499544396873,0.9738545681348084,1.414370664961779,1.9358444689267675e-05,0.8186598739851967,2.220908846048913,1.26,0.004338394793926247,0.006655221726968974
831,3-0-0,3-3-3,0.9740369586726336,0.9738415215057302,1.4145019241084298,2.015812828616241e-05,0.9760198469076163,2.247996645126321,1.26,0.0044444444444444444,0.005489717728321186
832,3-1-0,0-0-0,0.748609770042856,0.7464416715544206,4.5288667114899,0.001793988384056998,0.13949906748133606,39.00762673480841,2.584,0.003372681281618887,0.09125140400402387
833,3-1-0,0-0-1,0.7484783818113279,0.7463100572193143,4.530569621740405,0.001789329718792713,0.13408885658966313,38.95379554283514,2.585,0.003472222222222222,0.06562025237724334
834,3-1-0,0-0-2,0.7482339790998567,0.7460615983186137,4.533635278812674,0.001806783518900376,0.13408885658966313,39.088096556299654,2.586,0.0033222591362126247,0.08352436732471069
835,3-1-0,0-0-3,0.7491442929418404,0.7469794243829578,4.522326864207935,0.0018099976168598371,0.13949906748133606,39.084500331166474,2.581,0.003929273084479371,0.008411640474677018
836,3-1-0,0-1-0,0.7482800517263816,0.7461073529140958,4.53298553866141,0.0018122013829155108,0.13949906748133606,39.131884416190566,2.585,0.0033333333333333335,0.08159873923474414
837,3-1-0,0-1-1,0.7489342431980097,0.7467691195937243,4.524780375922393,0.0017951292835114284,0.13408885658966313,38.9862021999234,2.583,0.0036363636363636364,0.03829765625391779
838,3-1-0,0-1-2,0.7482289798778935,0.7460560087564964,4.533765193391209,0.0018114742178171681,0.13949906748133606,39.12445102723117,2.586,0.0033613445378151263,0.08093795546241978
839,3-1-0,0-1-3,0.7482337813623141,0.7460606157083871,4.533709422312234,0.0018137559927521156,0.13949906748133606,39.13986576611147,2.586,0.0033613445378151263,0.07981254597239329
840,3-1-0,0-2-0,0.7487921262767028,0.7466214985912074,4.526199059541083,0.0018382432096903734,0.13408885658966313,39.26814431770101,2.582,0.0041841004184100415,0.06805983255975556
841,3-1-0,0-2-1,0.7493225461963005,0.7471615207985984,4.51959097260949,0.0017843527794982026,0.13949906748133606,38.922758562071714,2.58,0.0036363636363636364,0.07004350429259454
842,3-1-0,0-2-2,0.7472709338705755,0.7450873720568119,4.54614456645332,0.001835781133507953,0.13949906748133606,39.30879912395092,2.59,0.0037174721189591076,0.019845894854995327
843,3-1-0,0-2-3,0.7485576127699732,0.7463887709476167,4.529514141449097,0.0017986814508531446,0.13408885658966313,39.02890843838256,2.584,0.003372681281618887,0.07709657456441088
844,3-1-0,0-3-0,0.7486243067653114,0.7464561661337176,4.52889044852786,0.001798227386964596,0.13949906748133606,39.02155184281649,2.584,0.0033613445378151263,0.07403818124211181
845,3-1-0,0-3-1,0.7477381901205864,0.7455584528138801,4.5398603327910205,0.0018361872445545769,0.14508451090964886,39.30650529099323,2.588,0.0034965034965034965,0.04068734735094903
846,3-1-0,0-3-2,0.7473256815948451,0.7451427396792308,4.544796530777196,0.001828861854097163,0.13949906748133606,39.291525588126234,2.59,0.003745318352059925,0.0380902519979206
847,3-1-0,0-3-3,0.7484407038404197,0.7462706511008915,4.531107448838041,0.001800014228538797,0.13949906748133606,39.04822524119828,2.585,0.003355704697986577,0.08156257650694831
848,3-1-0,1-0-0,0.8013139607547674,0.7997234844766975,3.965575000807803,0.0007099884873190469,0.09268556256404036,22.50166948134212,2.424,0.004464285714285714,0.06551011386062433
849,3-1-0,1-0-1,0.8511216604301105,0.8499335054419928,3.437050274114194,0.0007394207789710752,0.03931139869601968,18.67856883464382,2.175,0.00425531914893617,0.14716760280613939
850,3-1-0,1-0-2,0.7248340667990341,0.7226172179168757,4.669302572209233,0.0007338228861778513,0.5666254922729073,28.71045493217405,2.727,0.004761904761904762,0.026247759185515585
851,3-1-0,1-0-3,0.7753581982033143,0.7735519701799035,4.220835526709813,0.0007465479956035999,0.33976628095995043,24.7387746012711,2.535,0.00468384074941452,0.006922624161273538
852,3-1-0,1-1-0,0.7754559652005505,0.773653934313077,4.218063488234341,0.0007279954626137454,0.03746643673680345,24.613101024341706,2.535,0.0043859649122807015,0.08737181445484354
853,3-1-0,1-1-1,0.8252736992608729,0.8238752318965938,3.7201515327540116,0.0007242233967434854,0.29856240038175713,20.903222323041973,2.308,0.0045351473922902496,0.03402570548037265
854,3-1-0,1-1-2,0.7757929320125638,0.7739950594524826,4.212601356109172,0.0007104848221346623,0.6236539350299087,24.543676844072685,2.533,0.004640371229698376,0.025276889305692718
855,3-1-0,1-1-3,0.7754416236732112,0.7736376560447863,4.218753640548845,0.0007336638365436646,0.3617314721827243,24.681382204519792,2.535,0.004728132387706856,0.009755103515753927
856,3-1-0,1-2-0,0.800752442294081,0.7991543797432955,3.9734366201933815,0.0007293814197580454,0.11412821903560588,22.678575234719712,2.426,0.004454342984409799,0.05563417120133163
857,3-1-0,1-2-1,0.8529605628455456,0.8517924789425274,3.409989320277975,0.000669217566631531,0.43290024620598067,18.209752122081852,2.169,0.004514672686230248,0.023101104246050386
858,3-1-0,1-2-2,0.8009528296545589,0.7993583886220701,3.971517627832065,0.0007201124864300323,0.017589813038022296,22.580062990006812,2.426,0.004149377593360996,0.16489203646295592
859,3-1-0,1-2-3,0.8009936201689871,0.7993991597191099,3.97054750341053,0.0007272460501491875,0.1237797435588322,22.58965830917726,2.425,0.004210526315789474,0.12390734988725904
860,3-1-0,1-3-0,0.8022002979508707,0.8006239394189107,3.9555391391899244,0.000677208600348392,0.4844136114465968,22.14984945564583,2.423,0.004640371229698376,0.0075265876171664026
861,3-1-0,1-3-1,0.7255942506688869,0.7233877424669074,4.6573620753482,0.0007043274951106235,0.9080138491793379,28.546175740663234,2.724,0.004842615012106538,0.07799874978179455
862,3-1-0,1-3-2,0.8769608312857241,0.8759839134966488,3.1227411079207767,0.0007142180094664445,0.020569474259751894,16.518038934134054,2.021,0.00411522633744856,0.16848308895362785
863,3-1-0,1-3-3,0.7751592181961914,0.7733537538059089,4.223068375319128,0.0007397986159908953,0.11887360002549359,24.686305635011735,2.536,0.004329004329004329,0.11836842415496607
864,3-1-0,2-0-0,0.9977183036883303,0.997704384887245,0.4212837726575611,0.00027669654146455954,0.9171804345352588,2.645557426039783,0.265,0.0039447731755424065,0.07405780034026976
865,3-1-0,2-0-1,0.997712126343761,0.9976979483942022,0.42194098600310065,0.00027083280523079587,0.9171804345352588,2.626609311567803,0.266,0.00408997955010225,0.016204279877332084
866,3-1-0,2-0-2,0.9976325899706638,0.9976182674306874,0.4293339647218043,0.0002842788090486352,0.6380495946556389,2.737069848614815,0.27,0.004210526315789474,0.03256209723113235
867,3-1-0,2-0-3,0.9976747315312685,0.9976604882347494,0.42546230474105334,0.0002781064774529821,0.7794073840622581,2.6707820495285706,0.267,0.003875968992248062,0.09654039721640373
868,3-1-0,2-1-0,0.9457565877000167,0.9453380075977548,2.0509970086519154,0.00030810372298666565,0.7240811548452891,7.000331217721091,1.59,0.0045351473922902496,0.043335354961978156
869,3-1-0,2-1-1,0.9976703188025714,0.9976560924714927,0.42581456820826336,0.00027900937909990407,0.9171804345352588,2.683562401738063,0.267,0.004123711340206186,0.01706212787904271
870,3-1-0,2-1-2,0.9718505244097353,0.9716355716230699,1.4769715273649358,0.0002924561414761365,0.43290024620598067,4.78219871729323,1.264,0.00437636761487965,0.00964775431537046
871,3-1-0,2-1-3,0.9459723095288782,0.9455560226657755,2.0459842423482293,0.00027975346469100436,0.5248819085276248,6.710454554692453,1.59,0.0039603960396039604,0.05627768928253751
872,3-1-0,2-2-0,0.9717843771113728,0.9715688526299917,1.4788205935322534,0.0002821016533820276,0.9258384097415063,4.710856751516164,1.264,0.004056795131845842,0.028499717976211536
873,3-1-0,2-2-1,0.9976956663726512,0.9976814990459886,0.4235104529932019,0.00027252077777768205,0.31870802547304267,2.648246894644388,0.268,0.0039603960396039604,0.07465868896105421
874,3-1-0,2-2-2,0.997706449192411,0.997692129390336,0.42250880466346263,0.0002667275799803373,0.941582014094102,2.624458285201812,0.267,0.004106776180698152,0.02985890392812307
875,3-1-0,2-2-3,0.9976129268870964,0.9975982199355524,0.43114037617627926,0.00028058026675754346,0.9171804345352588,2.7010831323783733,0.271,0.004098360655737705,0.028521668535248956
876,3-1-0,2-3-0,0.9710359368194802,0.97081461657844,1.4983345711254443,0.0002885491872972513,0.8983539159350029,5.109249515027169,1.267,0.004454342984409799,0.026255316835024134
877,3-1-0,2-3-1,0.9453684289865214,0.9449472966263294,2.0570315223123368,0.00028228140035032267,0.7658417822011737,6.981067241824693,1.591,0.004597701149425287,0.050600914262272645
878,3-1-0,2-3-2,0.997621242712479,0.9976069098487328,0.43032095395430625,0.000286423463389649,0.9171804345352588,2.731395189327351,0.27,0.004024144869215292,0.05271512547387147
879,3-1-0,2-3-3,0.9976686883567706,0.9976542793115246,0.4260261243247623,0.0002738252355622434,0.7927506368483939,2.652417345128864,0.268,0.003913894324853229,0.09378263034242462
880,3-1-0,3-0-0,0.9740462826074217,0.973850872193516,1.4144145131675216,2.407188975815008e-05,0.43290024620598067,2.2428644909751427,1.26,0.004329004329004329,0.0006444389033050113
881,3-1-0,3-0-1,0.9999978231292221,0.9999978067390848,0.01296001361167348,1.1727472990290966e-05,0.9611797704007551,0.1350338366492731,0.007,0.00390625,0.07811139670794998
882,3-1-0,3-0-2,0.9999906221819578,0.9999905532686308,0.027033312387228645,2.2567736508363983e-05,0.6524641311831776,0.21906496252490423,0.019,0.004405286343612335,0.018827783226009864
883,3-1-0,3-0-3,0.9480976256819298,0.9477065720828469,2.0000648569055786,1.211870942273329e-05,0.6380495946556389,4.150822256982515,1.587,0.004106776180698152,0.0348214539004027
884,3-1-0,3-1-0,1.0000000000000004,0.999999999999996,0.0,0.0,1.0,0.0,0.0,1.0,0.0
885,3-1-0,3-1-1,0.9740518433217195,0.973856348764393,1.4142811367333086,1.240506614345131e-05,0.9999993744989136,2.134521488228178,1.26,0.004246284501061571,0.015974191040975305
886,3-1-0,3-1-2,0.9999913862461458,0.9999913218610872,0.025838166503285843,1.8437912639355435e-05,0.941582014094102,0.19258277996563,0.019,0.004310344827586207,0.0019443283151464597
887,3-1-0,3-1-3,0.9999978752367622,0.9999978595672888,0.012805535020202458,1.1679300076503074e-05,0.941582014094102,0.13136233677422807,0.007,0.003883495145631068,0.07605540956923296
888,3-1-0,3-2-0,0.9999538987587834,0.9999535747602654,0.059646956794670296,2.406189208984765e-05,0.44549285856006854,0.3050494738118404,0.048,0.004395604395604396,0.0033088139265078365
889,3-1-0,3-2-1,0.9481030288475949,0.947712007365426,2.00008191321579,1.8022487259022967e-05,0.5666254922729073,4.187238919052867,1.587,0.004415011037527594,0.016531511930094167
890,3-1-0,3-2-2,0.999996943634257,0.9999969236431958,0.015412900290761379,1.400864240319206e-05,0.9999914197264923,0.1329048189612856,0.009,0.004081632653061225,0.011448746489326922
891,3-1-0,3-2-3,0.9999973266919029,0.999997307880769,0.014365852493387439,1.304661922644762e-05,0.5807655562748656,0.14118956771664087,0.008,0.003937007874015748,0.059928814756523785
892,3-1-0,3-3-0,0.974039391322731,0.9738437252751655,1.4143945084284584,2.19738723138691e-05,0.7520810844045929,2.236768898064481,1.26,0.004464285714285714,0.028517317701226674
893,3-1-0,3-3-1,0.9999963316095934,0.9999963039892539,0.016831234247377404,1.2261802857071323e-05,0.5525891198675486,0.14817819216635927,0.011,0.004008016032064128,0.05763267708001352
894,3-1-0,3-3-2,0.9999961205965325,0.9999960913868938,0.017299360521398792,1.406321901266479e-05,0.9666436824827027,0.155732966742699,0.01,0.004228329809725159,0.007299660630273985
895,3-1-0,3-3-3,0.9480845445804494,0.9476937291001271,2.0000892510144817,1.4906459043814875e-05,0.6380495946556389,4.177960933045442,1.587,0.004329004329004329,0.004845278825016175
896,3-2-0,0-0-0,0.7483537367537342,0.7461744693156355,4.531704215759871,0.0017798266832999448,0.4582805853695553,39.08811717720421,2.585,0.003484320557491289,0.09456021793053171
897,3-2-0,0-0-1,0.7482221195533046,0.7460426507924599,4.533408517781606,0.0017752125795333978,0.4582805853695553,39.034622946101685,2.586,0.003590664272890485,0.06892906630375117
898,3-2-0,0-0-2,0.7479783902851334,0.74579481388681,4.536466975010134,0.0017926354523883628,0.33976628095995043,39.167627232423214,2.587,0.003430531732418525,0.08683318125121853
899,3-2-0,0-0-3,0.7488887268667161,0.7467126513883898,4.525162661709319,0.0017958821328541413,0.30852102846349594,39.162955695311915,2.582,0.004081632653061225,0.0051028265481691815
900,3-2-0,0-1-0,0.7480251858009416,0.7458412765547714,4.535811020864091,0.0017980640014765687,0.44549285856006854,39.209197691237804,2.587,0.0034423407917383822,0.08490755316125198
901,3-2-0,0-1-1,0.7486786292114307,0.7465023456222134,4.527615689350975,0.001780922206070348,0.4582805853695553,39.064876387414174,2.584,0.003766478342749529,0.041606470180425625
902,3-2-0,0-1-2,0.7479734965547142,0.7457893143814437,4.536595885957777,0.0017973516432901928,0.42050876022870864,39.20346497949714,2.587,0.003472222222222222,0.08424676938892761
903,3-2-0,0-1-3,0.747978407846472,0.74579402504588,4.536539152421017,0.001799638768369153,0.39634974073026885,39.21864036393772,2.587,0.003472222222222222,0.08312135989890113
904,3-2-0,0-2-0,0.7485384074349419,0.7463565066836769,4.529016904094674,0.001824062605598815,0.44549285856006854,39.3418808502852,2.583,0.004357298474945534,0.06475101863324773
905,3-2-0,0-2-1,0.7490665161446216,0.746894349090211,4.522432052246673,0.0017701073708418637,0.4582805853695553,39.0031888579779,2.582,0.003766478342749529,0.07335231821910237
906,3-2-0,0-2-2,0.7470153017128901,0.7448204587736805,4.548971839295325,0.001821623853476736,0.4582805853695553,39.38952726925306,2.591,0.0038535645472061657,0.023154708781503164
907,3-2-0,0-2-3,0.7483014515277333,0.7461214308401403,4.532352545183197,0.0017845757518972487,0.29856240038175713,39.10983327938128,2.585,0.003484320557491289,0.08040538849091872
908,3-2-0,0-3-0,0.7483684239047365,0.746189110715111,4.531726566550463,0.001784101736470587,0.44549285856006854,39.10082011065373,2.585,0.003472222222222222,0.07734699516861965
909,3-2-0,0-3-1,0.7474837658568669,0.7452927513735179,4.542679242820418,0.0018220464133378187,0.4712566771887356,39.38353624670886,2.589,0.003616636528028933,0.04399616127745687
910,3-2-0,0-3-2,0.7470709123854231,0.7448767017687737,4.5476166943794105,0.0018145891038278618,0.44549285856006854,39.36944799357788,2.591,0.003883495145631068,0.041399065924428435
911,3-2-0,0-3-3,0.748185145803167,0.7460039138495055,4.533939823553742,0.0017858964725142813,0.4582805853695553,39.12684200774899,2.586,0.0034662045060658577,0.08487139043345615
912,3-2-0,1-0-0,0.8014553889801808,0.7998608835322266,3.964688522175045,0.0007123451688130117,0.08510711968958148,22.475999537387096,2.423,0.004662004662004662,0.06881892778713217
913,3-2-0,1-0-1,0.8512386976309785,0.850047224616842,3.4361279770536997,0.0007413444322287311,0.04532988747056932,18.68729958313651,2.175,0.004434589800443459,0.15047641673264722
914,3-2-0,1-0-2,0.724994752930307,0.7227725025259817,4.668577441346842,0.0007303939588922147,0.05979792917838787,28.668815167469383,2.727,0.004987531172069825,0.022938945259007748
915,3-2-0,1-0-3,0.7755101904285416,0.7736994476807634,4.219969992746675,0.0007445293784362136,0.08510711968958148,24.697971223507636,2.535,0.004901960784313725,0.003613810234765702
916,3-2-0,1-1-0,0.7756042870118016,0.7737977618428877,4.217234395630202,0.0007315867508543767,0.06841015451374627,24.591417101203398,2.534,0.004576659038901602,0.09068062838135138
917,3-2-0,1-1-1,0.825411169168665,0.8240090511077689,3.7191700123255145,0.0007210136444186993,0.07472066039006771,20.857878099356455,2.307,0.004739336492890996,0.037334519406880484
918,3-2-0,1-1-2,0.77593889039481,0.7741365309373172,4.2117959338556945,0.000708447227351174,0.0625592416703816,24.503692878371215,2.533,0.0048543689320388345,0.02196807537918488
919,3-2-0,1-1-3,0.775593388580486,0.773784928566334,4.217891569892241,0.0007327711592527491,0.06542890129530783,24.642688646319648,2.534,0.0049504950495049506,0.00644628958924609
920,3-2-0,1-2-0,0.8008943755015085,0.7992922256092291,3.972544687825424,0.000726736813623448,0.04977296328355213,22.63810091023609,2.426,0.004651162790697674,0.058942985127839465
921,3-2-0,1-2-1,0.853085405400617,0.8519142447988549,3.408975510722351,0.0006723184545737842,0.025238376594615537,18.17840799910872,2.169,0.0047169811320754715,0.026409918172558222
922,3-2-0,1-2-2,0.8010945125036202,0.7994960199179171,3.970627027535909,0.0007249304750267166,0.02790735158959209,22.565693626605388,2.425,0.004319654427645789,0.16820085038946375
923,3-2-0,1-2-3,0.8011229178895317,0.7995242999187693,3.9697809323837046,0.0007307129067149053,0.02933301773331407,22.60224075540075,2.425,0.0043859649122807015,0.12721616381376688
924,3-2-0,1-3-0,0.8023361863646421,0.8007558868876835,3.9547051334518577,0.000680188741230032,0.03237814822617383,22.15833300896433,2.423,0.0048543689320388345,0.004217773690658566
925,3-2-0,1-3-1,0.7257551535957013,0.7235433046318369,4.656638254280448,0.0007006188846992718,0.13949906748133606,28.499839323493063,2.724,0.005076142131979695,0.07468993585528672
926,3-2-0,1-3-2,0.8770659130425436,0.876086125023316,3.121785285020938,0.0007205976878779015,0.030822500875819853,16.54373462516533,2.021,0.004282655246252677,0.17179190288013568
927,3-2-0,1-3-3,0.7752992277366321,0.7734891811608927,4.222315704605895,0.0007464203639572612,0.03569762070328214,24.717933781357566,2.536,0.004514672686230248,0.1216772380814739
928,3-2-0,2-0-0,0.997724410499537,0.9977099140724027,0.4206626022420706,0.0002684004401100526,0.9339753616978982,2.7043305095881562,0.263,0.004098360655737705,0.0773666142667776
929,3-2-0,2-0-1,0.9977198466852819,0.9977051218924473,0.4211686252267902,0.00026746136284957415,0.6092962117823786,2.703371182634938,0.264,0.00425531914893617,0.01951309380383992
930,3-2-0,2-0-2,0.9976419884430274,0.997627090256622,0.42841868371903763,0.0002724419560068498,0.941582014094102,2.7785195791222566,0.268,0.0043859649122807015,0.035870911157640184
931,3-2-0,2-0-3,0.9976823515406515,0.9976675403617021,0.4247020422427627,0.00027230372408501433,0.7520810844045929,2.7399278283553845,0.265,0.004024144869215292,0.09984921114291156
932,3-2-0,2-1-0,0.945858905546276,0.9454394284995503,2.0493387356536847,0.0002932823834987998,0.9486524915947875,6.888277209041149,1.59,0.004739336492890996,0.04002654103547032
933,3-2-0,2-1-1,0.9976752062740551,0.9976603863165094,0.42530610700943056,0.0002743315670842848,0.6524641311831776,2.755694826120511,0.265,0.004291845493562232,0.020370941805550546
934,3-2-0,2-1-2,0.9718710964369652,0.9716551406117634,1.476616129119604,0.00027747801547696346,0.9339753616978982,4.8059045822598865,1.264,0.0045662100456621,0.012956568241878297
935,3-2-0,2-1-3,0.9459987156728457,0.9455810113636862,2.0457648614979567,0.000271485333994615,0.7098937963661298,6.762978191633726,1.59,0.00411522633744856,0.05958650320904535
936,3-2-0,2-2-0,0.9718021550675183,0.9715856400744011,1.4785382984382673,0.00027749105184834874,0.7381521182333975,4.785862905570664,1.264,0.004219409282700422,0.03180853190271937
937,3-2-0,2-2-1,0.9977064339765674,0.9976917311380874,0.42245941668097375,0.0002649912310985219,0.941582014094102,2.7011125010806984,0.266,0.00411522633744856,0.07796750288756205
938,3-2-0,2-2-2,0.9977140888474536,0.9976992301667006,0.421742987712638,0.00026501293475414753,0.6380495946556389,2.7083074359624373,0.265,0.004273504273504274,0.03316771785463091
939,3-2-0,2-2-3,0.9976227604194546,0.9976075002178824,0.43018876491228825,0.00027835473358087457,0.40832371061099104,2.7849781356869903,0.268,0.0042643923240938165,0.03183048246175679
940,3-2-0,2-3-0,0.9711287195101066,0.970906957634346,1.496120118525093,0.0002755379528478513,0.9080138491793379,5.005167859572614,1.266,0.004651162790697674,0.022946502908516297
941,3-2-0,2-3-1,0.9453925300907736,0.944969935218906,2.05686199809887,0.0002678782828967078,0.8666029917753658,7.034700284407653,1.591,0.004807692307692308,0.04729210033576481
942,3-2-0,2-3-2,0.9976294405117138,0.9976145160261386,0.4295178885441695,0.0002759359899556017,0.6812684007146949,2.7905746588879685,0.268,0.0041841004184100415,0.05602393940037931
943,3-2-0,2-3-3,0.9976767417073702,0.9976617782673493,0.42522695735575294,0.00026901364453980957,0.8776274782894162,2.7240208047282897,0.266,0.0040650406504065045,0.09709144426893246
944,3-2-0,3-0-0,0.9740154248943915,0.973819310634229,1.4154687784560833,2.5049685018900423e-05,0.9984470741765994,2.3381151132332354,1.26,0.004514672686230248,0.003953252829812848
945,3-2-0,3-0-1,0.9999549085537428,0.9999545924247962,0.05900430246843783,2.1466541775149043e-05,0.9760198469076163,0.30600908310315994,0.047,0.004056795131845842,0.08142021063445781
946,3-2-0,3-0-2,0.9999420177531977,0.9999416186003501,0.06701374249852995,3.0022925403668925e-05,0.9760198469076163,0.37131569840007395,0.051,0.004597701149425287,0.015518969299502028
947,3-2-0,3-0-3,0.9480693590891888,0.9476771119940105,2.0009119516762444,2.0679621603129043e-05,0.9760198469076163,4.331891324025235,1.587,0.004273504273504274,0.038130267826910536
948,3-2-0,3-1-0,0.9999538987587834,0.9999535747602654,0.059646956794670296,2.406189208984765e-05,0.44549285856006854,0.3050494738118404,0.048,0.004395604395604396,0.0033088139265078365
949,3-2-0,3-1-1,0.9740160813623103,0.9738198335264622,1.4154688579932522,2.0151562309887134e-05,0.49774305710623035,2.3049614891987353,1.26,0.004424778761061947,0.012665377114467469
950,3-2-0,3-1-2,0.9999384303623464,0.9999379967861304,0.06899390983901536,3.177097349914939e-05,0.9760198469076163,0.3818176359187536,0.052,0.0044943820224719105,0.0013644856113613768
951,3-2-0,3-1-3,0.9999513739502123,0.9999510369063792,0.061271168794603155,2.4806160064918455e-05,0.888218443715319,0.32717764565815916,0.048,0.004032258064516129,0.0793642234957408
952,3-2-0,3-2-0,1.0000000000000009,1.0,0.0,0.0,1.0,0.0,0.0,1.0,0.0
953,3-2-0,3-2-1,0.948077200645402,0.9476850037628461,2.00088138681379,1.766051510155061e-05,0.9611797704007551,4.319720196070325,1.587,0.004608294930875576,0.01322269800358633
954,3-2-0,3-2-2,0.9999521989521969,0.9999518824233178,0.06078949730001526,2.8514232418691337e-05,0.7098937963661298,0.31828756741858055,0.047,0.004246284501061571,0.014757560415834758
955,3-2-0,3-2-3,0.9999515687863288,0.999951217011553,0.061152471588040165,2.0902498470561944e-05,0.9611797704007551,0.3110744770987478,0.048,0.00408997955010225,0.06323762868303162
956,3-2-0,3-3-0,0.9740019866254015,0.9738055467775079,1.4156292070381729,2.0830997011823526e-05,0.9999653586967338,2.3737719995967423,1.26,0.004662004662004662,0.025208503774718838
957,3-2-0,3-3-1,0.9999498767412962,0.9999495219643744,0.062215999612638746,2.5213936711167546e-05,0.9611797704007551,0.31965034261174413,0.049,0.004166666666666667,0.06094149100652135
958,3-2-0,3-3-2,0.9999535543160949,0.9999532273686579,0.059858104254608406,2.3593044342254202e-05,0.8311706726832172,0.31630531559292496,0.048,0.004405286343612335,0.010608474556781822
959,3-2-0,3-3-3,0.9480556492469397,0.9476636518430271,2.0009496531096977,2.5018936093076768e-05,0.9799632019273475,4.339944329474435,1.587,0.004514672686230248,0.0015364648985083385
960,3-3-0,0-0-0,0.773431959430159,0.7714910673386413,4.300407469186521,0.0017871580977831957,0.42050876022870864,37.01967625971333,2.479,0.003527336860670194,0.11976872170525055
961,3-3-0,0-0-1,0.7732956636588196,0.7713541971124876,4.302202011755043,0.0017825502976147227,0.42050876022870864,36.96596917502187,2.48,0.0036363636363636364,0.09413757007847001
962,3-3-0,0-0-2,0.7730435469225222,0.7710984946931269,4.305427938783429,0.001799965405644915,0.42050876022870864,37.10024384695159,2.481,0.003472222222222222,0.11204168502593737
963,3-3-0,0-0-3,0.773982176731641,0.7720452047600839,4.2935221011149425,0.0018031971266284153,0.3617314721827243,37.09662750935236,2.475,0.004140786749482402,0.020105677226549656
964,3-3-0,0-1-0,0.7730919763218161,0.7711468588619169,4.304741793958389,0.0018053965309732284,0.43290024620598067,37.14409617438937,2.481,0.003484320557491289,0.11011605693597082
965,3-3-0,0-1-1,0.7737675387728997,0.7718297390478276,4.296100359062711,0.0017882535690125433,0.39634974073026885,36.998226321183466,2.478,0.003816793893129771,0.06681497395514446
966,3-3-0,0-1-2,0.7730377745611259,0.7710922923986295,4.305564776120743,0.0018046802778366071,0.43290024620598067,37.13659161674613,2.481,0.0035149384885764497,0.10945527316364645
967,3-3-0,0-1-3,0.7730427005532061,0.7710970991458898,4.305505969964726,0.0018069679060002438,0.43290024620598067,37.15199904437996,2.481,0.0035149384885764497,0.10832986367361996
968,3-3-0,0-2-0,0.7736240827444113,0.7716820838872083,4.297594523196241,0.0018313813393724238,0.38459086223852973,37.28013947280492,2.477,0.004424778761061947,0.03954251485852889
969,3-3-0,0-2-1,0.7741711793899491,0.772237471698421,4.290636802773857,0.00177745459233304,0.40832371061099104,36.93489631464672,2.475,0.003816793893129771,0.09856082199382121
970,3-3-0,0-2-2,0.7720452427105079,0.7700893583984016,4.3185993840903185,0.0018289390459326402,0.40832371061099104,37.32068100815133,2.486,0.00390625,0.048363212556222
971,3-3-0,0-2-3,0.7733781368604756,0.7714365648551219,4.301089532615246,0.0017919062396938232,0.42050876022870864,37.04105043925829,2.479,0.003527336860670194,0.10561389226563755
972,3-3-0,0-3-0,0.7734450246189715,0.7715041310759819,4.300433227285362,0.0017914346597102174,0.42050876022870864,37.03365089095622,2.479,0.0035149384885764497,0.10255549894333849
973,3-3-0,0-3-1,0.7725319370725531,0.7705802298398702,4.311979043173961,0.0018293703080576903,0.43290024620598067,37.318527189112245,2.483,0.003663003663003663,0.0692046650521757
974,3-3-0,0-3-2,0.7721079962083501,0.7701527728623849,4.31717742065595,0.0018219430435496523,0.38459086223852973,37.3037231422236,2.486,0.003937007874015748,0.06660756969914727
975,3-3-0,0-3-3,0.7732562997326183,0.7713135083522936,4.302767143959817,0.0017932278001353578,0.43290024620598067,37.06033309770945,2.48,0.0035087719298245615,0.11007989420817499
976,3-3-0,1-0-0,0.8263903068890145,0.8250012839671712,3.7070195901434126,0.0007099474454756832,0.13408885658966313,20.52075706448545,2.306,0.004739336492890996,0.094027431561851
977,3-3-0,1-0-1,0.8256223271623317,0.8242250293203537,3.7188289810705526,0.0007389391828043631,0.020569474259751894,20.676966692270952,2.309,0.0045045045045045045,0.17568492050736606
978,3-3-0,1-0-2,0.6993010041136393,0.6968734828989299,4.880466251029911,0.0007291971895766853,0.11887360002549359,30.71575303045285,2.815,0.005076142131979695,0.00226955851571109
979,3-3-0,1-0-3,0.7498465824345794,0.7478301395458596,4.453334892075352,0.0007427516186220801,0.14508451090964886,26.744646920127117,2.635,0.004987531172069825,0.021594693539953136
980,3-3-0,1-1-0,0.8004922732241208,0.7988914678062633,3.976026719844478,0.000729126859374115,0.13408885658966313,22.63198080942733,2.427,0.004651162790697674,0.11588913215607022
981,3-3-0,1-1-1,0.7997584205525032,0.7981504255019491,3.9817400117626307,0.000719700369716603,0.11412821903560588,22.889797788540395,2.427,0.004819277108433735,0.06254302318159932
982,3-3-0,1-1-2,0.8008569246935132,0.7992602836772844,3.970199630589328,0.0007067187646177763,0.10953996101597195,22.55299002688168,2.425,0.0049382716049382715,0.0032404283955339563
983,3-3-0,1-1-3,0.7499146377795457,0.7479006040526084,4.451372917777081,0.0007307988146345758,0.10082027367439374,26.690157943348083,2.635,0.005037783375314861,0.018762214185472748
984,3-3-0,1-2-0,0.8257981788280198,0.8244018816749807,3.7154841987680363,0.0007253188266530378,0.08510711968958148,20.683134412754125,2.308,0.004728132387706856,0.0841514889025583
985,3-3-0,1-2-1,0.8273851738823521,0.8260090421533204,3.6938499278553434,0.0006698470389910319,0.047506452483892236,20.229354432741683,2.304,0.004796163069544364,0.05161842194727706
986,3-3-0,1-2-2,0.7754289797756914,0.7736251154472745,4.217726293786414,0.0007225302114956399,0.008660707605803944,24.584157265595596,2.535,0.0043859649122807015,0.1934093541641826
987,3-3-0,1-2-3,0.775458564999816,0.7736545189276708,4.216857448607136,0.0007283068159775985,0.06841015451374627,24.613090091688246,2.534,0.004454342984409799,0.15242466758848572
988,3-3-0,1-3-0,0.8272828387493176,0.8259067238752573,3.696360365153323,0.0006775349669919432,0.05979792917838787,20.169927036310426,2.305,0.0049382716049382715,0.020990730084060272
989,3-3-0,1-3-1,0.7506774161473702,0.7486720861071503,4.439272758282996,0.0006994655492225944,0.21133604878578677,26.54575676715758,2.632,0.00516795865633075,0.04948143208056788
990,3-3-0,1-3-2,0.8514282367797735,0.8502427065739133,3.4304624254800906,0.0007181728952014056,0.010243953967152832,18.553876087803655,2.174,0.004347826086956522,0.19700040665485452
991,3-3-0,1-3-3,0.7496544575666036,0.7476392430494597,4.455425358457141,0.0007440175485412169,0.06841015451374627,26.703988318840942,2.636,0.0045871559633027525,0.14688574185619274
992,3-3-0,2-0-0,0.9718059161406586,0.9715900990839664,1.4776614632382952,0.00027753634853846577,0.8186598739851967,4.670011964113635,1.264,0.004158004158004158,0.10257511804149644
993,3-3-0,2-0-1,0.9718018593576393,0.9715860022191147,1.4778897148557288,0.0002766046565248625,0.7381521182333975,4.67253118644692,1.264,0.004319654427645789,0.04472159757855876
994,3-3-0,2-0-2,0.9717309948107753,0.971514613398558,1.479953929491754,0.0002820535753470915,0.9486524915947875,4.726795528100929,1.264,0.004454342984409799,0.06107941493235902
995,3-3-0,2-0-3,0.9717680811318365,0.9715519704421494,1.4789129408035941,0.00028177529794155636,0.594994433280469,4.7044530221545635,1.264,0.004081632653061225,0.1250577149176304
996,3-3-0,2-1-0,0.9714651336425661,0.9712467686799198,1.4876810410866461,0.0003045293258688062,0.9551845511594234,5.019500452083619,1.265,0.004819277108433735,0.014818037260751482
997,3-3-0,2-1-1,0.9717643780015288,0.9715482415646094,1.478944330841309,0.00028376015451239293,0.7520810844045929,4.706682655868598,1.264,0.004357298474945534,0.045579445580269384
998,3-3-0,2-1-2,0.945942745401053,0.9455252474336165,2.0463587628603923,0.0002888860990176339,0.941582014094102,6.788742865717505,1.59,0.004640371229698376,0.038165072016597135
999,3-3-0,2-1-3,0.9717069932672195,0.9714904127685235,1.480632710348155,0.00028106848900497186,0.8311706726832172,4.72472292575194,1.264,0.0041753653444676405,0.08479500698376419
1000,3-3-0,2-2-0,0.94587838071725,0.9454607204218826,2.0477251229113946,0.0002870235916114772,0.7520810844045929,6.7558525974306685,1.59,0.004282655246252677,0.05701703567743821
1001,3-3-0,2-2-1,0.9717867521121071,0.9715707823019564,1.478368123181818,0.00027423403047344673,0.7794073840622581,4.671473475508424,1.264,0.0041753653444676405,0.10317600666228088
1002,3-3-0,2-2-2,0.9718014679789635,0.9715856061518084,1.477963229322853,0.00027442475041136586,0.7794073840622581,4.648258914964531,1.264,0.004338394793926247,0.058376221629349745
1003,3-3-0,2-2-3,0.9717092132958557,0.9714926454200649,1.4805716128597075,0.00028756111339213046,0.4844136114465968,4.749745259883255,1.264,0.004329004329004329,0.05703898623647563
1004,3-3-0,2-3-0,0.9967828762587355,0.9967617678597478,0.5003137692698095,0.00028670024308097384,0.9486524915947875,3.1146053551157715,0.32,0.004728132387706856,0.0022620008662025404
1005,3-3-0,2-3-1,0.9711262620249822,0.9709051714607241,1.4954673157483556,0.00027942489841250255,0.9258384097415063,4.977987605701568,1.266,0.004889975550122249,0.02208359656104597
1006,3-3-0,2-3-2,0.9717159184095614,0.971499426760952,1.4803014422591083,0.00028593811319775083,0.8311706726832172,4.760337372747209,1.264,0.004246284501061571,0.08123244317509815
1007,3-3-0,2-3-3,0.9717623720516719,0.9715462112511086,1.479081129145976,0.00027837369264757325,0.6092962117823786,4.687462874533338,1.264,0.004123711340206186,0.1222999480436513
1008,3-3-0,3-0-0,0.9999884279859031,0.9999883449779533,0.029919353161083132,1.985984807379865e-05,0.9999999999977934,0.2818667171498568,0.018,0.0045871559633027525,0.029161756604531686
1009,3-3-0,3-0-1,0.9740371731151082,0.9738414929426111,1.4144043622110765,1.8640574732737318e-05,0.8433491511244362,2.23115811475692,1.26,0.00411522633744856,0.10662871440917665
1010,3-3-0,3-0-2,0.9740248445268289,0.9738292054514938,1.414461943362547,2.01252883491065e-05,0.9999961234582367,2.251148528586656,1.26,0.004672897196261682,0.00968953447521681
1011,3-3-0,3-0-3,0.9740397798141873,0.9738439877143468,1.4143771227819402,1.78893162780719e-05,0.9960013326623847,2.235161744244109,1.26,0.004338394793926247,0.06333877160162937
1012,3-3-0,3-1-0,0.974039391322731,0.9738437252751655,1.4143945084284584,2.19738723138691e-05,0.7520810844045929,2.236768898064481,1.26,0.004464285714285714,0.028517317701226674
1013,3-3-0,3-1-1,0.9999906964321394,0.9999906268945185,0.0268508043290161,2.1026331134773974e-05,0.8058440117518267,0.24722267866304273,0.016,0.0044943820224719105,0.012543126660251369
1014,3-3-0,3-1-2,0.9740289597290509,0.9738332860092495,1.414452530028938,2.33702763350589e-05,0.9947322964825674,2.25811453784437,1.26,0.0045662100456621,0.026572989386080215
1015,3-3-0,3-1-3,0.9740379686752487,0.9738423520391472,1.4143781471640493,2.0083452150748704e-05,0.9171804345352588,2.225274174676894,1.26,0.00408997955010225,0.10457272727045963
1016,3-3-0,3-2-0,0.9740019866254015,0.9738055467775079,1.4156292070381729,2.0830997011823526e-05,0.9999653586967338,2.3737719995967423,1.26,0.004662004662004662,0.025208503774718838
1017,3-3-0,3-2-1,0.9740393521852581,0.973843552448595,1.414475145317191,1.6654349509977516e-05,0.9999653586967338,2.2451122607841674,1.26,0.00468384074941452,0.011985805771132507
1018,3-3-0,3-2-2,0.9740340340957514,0.9738385125683698,1.4143770020949524,1.9512319694702378e-05,0.8311706726832172,2.2256249096582166,1.26,0.004310344827586207,0.039966064190553596
1019,3-3-0,3-2-3,0.9740376344782362,0.9738418353743621,1.4143740088858863,1.5066563936583125e-05,0.9760198469076163,2.2258840248650507,1.26,0.004149377593360996,0.08844613245775046
1020,3-3-0,3-3-0,0.9999999999999998,0.9999999999999982,0.0,0.0,1.0,0.0,0.0,1.0,0.0
1021,3-3-0,3-3-1,0.9740359613499113,0.9738402650470437,1.414400043382583,1.961959607590708e-05,0.9666436824827027,2.237040002668075,1.26,0.004228329809725159,0.08614999478124019
1022,3-3-0,3-3-2,0.9740384622978524,0.9738427855656704,1.41447666717381,2.243595940118916e-05,0.9913057702149646,2.255262089140658,1.26,0.0044742729306487695,0.03581697833150066
1023,3-3-0,3-3-3,0.9740323598308711,0.9738366860012939,1.4144175143745816,1.6716605461985345e-05,0.9999983754100624,2.2516669543570296,1.26,0.0045871559633027525,0.0236720388762105
