,confusion_matrix,roc_curve,recall,mcc,accuracy,precision,auc,log_loss,f1_score,fbeta_score,model,train,valid
0,"[[ 12877 173120]
 [    12  63991]]","(array([0.       , 0.9307677, 1.       ]), array([0.        , 0.99981251, 1.        ]), array([2, 1, 0]))",0.9998125087886506,0.13626951181419444,0.307472,0.269877820936186,0.5345224041171703,23.919623444443165,0.4250283945615282,0.31602148063059105,svm,s-1-2-0,s-0-1-0
1,"[[ 2683 35788]
 [    2 11527]]","(array([0.        , 0.93025916, 1.        ]), array([0.        , 0.99982652, 1.        ]), array([2, 1, 0]))",0.9998265244166884,0.12998599524537371,0.2842,0.2436225298531121,0.5347836840845627,24.723428463333704,0.39178165998232617,0.2870426168764225,svm,s-1-2-0,s-0-1-1
2,"[[ 12966 173252]
 [    14  63768]]","(array([0.        , 0.93037193, 1.        ]), array([0.       , 0.9997805, 1.       ]), array([2, 1, 0]))",0.9997805023360823,0.1363776385075284,0.306936,0.26904058729221164,0.5347042863311295,23.938136650778286,0.4239865426426686,0.3151022570271441,svm,s-1-2-0,s-0-1-2
3,"[[ 22065 303090]
 [    33 174812]]","(array([0.        , 0.93214006, 1.        ]), array([0.        , 0.99981126, 1.        ]), array([2, 1, 0]))",0.999811261402957,0.15701090942403487,0.393754,0.3657904758716222,0.5338356025610531,20.939479734279256,0.5356194666540023,0.4189214902037094,svm,s-1-2-0,s-0-1-3
4,"[[ 13056 172838]
 [    14  64092]]","(array([0.        , 0.92976643, 1.        ]), array([0.        , 0.99978161, 1.        ]), array([2, 1, 0]))",0.9997816117056125,0.13734929979538896,0.308592,0.270510277297092,0.5350075928389382,23.88093911293496,0.42580953772970676,0.31671453392184035,svm,s-1-2-0,s-0-2-0
5,"[[ 2704 35851]
 [    2 11443]]","(array([0.        , 0.92986642, 1.        ]), array([0.        , 0.99982525, 1.        ]), array([2, 1, 0]))",0.999825251201398,0.12990439638030205,0.28294,0.24195458197657208,0.5349794133065737,24.766948329084048,0.38962188665111763,0.2851894866439705,svm,s-1-2-0,s-0-2-1
6,"[[ 12909 173000]
 [    14  64077]]","(array([0.       , 0.9305628, 1.       ]), array([0.        , 0.99978156, 1.        ]), array([2, 1, 0]))",0.9997815605935311,0.13650424347126383,0.307944,0.27027927635325233,0.5346093791811659,23.903320758178,0.4255232959676991,0.31646119761082336,svm,s-1-2-0,s-0-2-2
7,"[[ 22065 303090]
 [    33 174812]]","(array([0.        , 0.93214006, 1.        ]), array([0.        , 0.99981126, 1.        ]), array([2, 1, 0]))",0.999811261402957,0.15701090942403487,0.393754,0.3657904758716222,0.5338356025610531,20.939479734279256,0.5356194666540023,0.4189214902037094,svm,s-1-2-0,s-0-2-3
8,"[[  9085 128771]
 [    19 112125]]","(array([0.       , 0.9340979, 1.       ]), array([0.        , 0.99983057, 1.        ]), array([2, 1, 0]))",0.9998305749750321,0.1745224294391401,0.48484,0.4654498206695005,0.5328663378589181,17.79340790744492,0.6351971447994562,0.5211586943911473,svm,s-1-2-0,s-0-3-0
9,"[[ 1687 23704]
 [    6 24603]]","(array([0.        , 0.93355914, 1.        ]), array([0.        , 0.99975619, 1.        ]), array([2, 1, 0]))",0.9997561867609411,0.18297511123106114,0.5258,0.5093050696586416,0.5330985258171607,16.378666839616347,0.6748313127434308,0.5647112290382259,svm,s-1-2-0,s-0-3-1
10,"[[  9166 128861]
 [    23 111950]]","(array([0.       , 0.9335927, 1.       ]), array([0.        , 0.99979459, 1.        ]), array([2, 1, 0]))",0.9997945933394657,0.17495920087452366,0.484464,0.46488740132302925,0.5331009452312462,17.806394775224483,0.6346659712458615,0.5205925873567847,svm,s-1-2-0,s-0-3-2
11,"[[ 22065 303090]
 [    33 174812]]","(array([0.        , 0.93214006, 1.        ]), array([0.        , 0.99981126, 1.        ]), array([2, 1, 0]))",0.999811261402957,0.15701090942403487,0.393754,0.3657904758716222,0.5338356025610531,20.939479734279256,0.5356194666540023,0.4189214902037094,svm,s-1-2-0,s-0-3-3
12,"[[  8999 128818]
 [    19 112164]]","(array([0.        , 0.93470327, 1.        ]), array([0.        , 0.99983063, 1.        ]), array([2, 1, 0]))",0.9998306338750078,0.17371248385112378,0.484652,0.4654455519499382,0.5325636839749521,17.79990134773148,0.635193181657299,0.5211544162265789,svm,s-1-2-0,s-0-4-0
13,"[[ 1609 23735]
 [    2 24654]]","(array([0.        , 0.93651357, 1.        ]), array([0.        , 0.99991888, 1.        ]), array([2, 1, 0]))",0.9999188838416613,0.1795161110249836,0.52526,0.5094959598255802,0.5317026553046691,16.397318274620012,0.6750359367513176,0.5649093542060015,svm,s-1-2-0,s-0-4-1
14,"[[  9076 128737]
 [    26 112161]]","(array([0.        , 0.93414264, 1.        ]), array([0.        , 0.99976824, 1.        ]), array([2, 1, 0]))",0.9997682440924528,0.1742627828652416,0.484948,0.4655953972220608,0.5328128007630383,17.789677610849015,0.6353201070563745,0.5213013081683134,svm,s-1-2-0,s-0-4-2
15,"[[ 22065 303090]
 [    33 174812]]","(array([0.        , 0.93214006, 1.        ]), array([0.        , 0.99981126, 1.        ]), array([2, 1, 0]))",0.999811261402957,0.15701090942403487,0.393754,0.3657904758716222,0.5338356025610531,20.939479734279256,0.5356194666540023,0.4189214902037094,svm,s-1-2-0,s-0-4-3
16,"[[     3   8810]
 [     5 241182]]","(array([0.        , 0.99965959, 1.        ]), array([0.        , 0.99997927, 1.        ]), array([2, 1, 0]))",0.9999792691977594,0.010421734922019496,0.96474,0.9647588722839131,0.5001598377079232,1.2178654334979915,0.9820533858328634,0.9716030632757391,svm,s-1-2-0,s-1-1-0
17,"[[    0  1336]
 [    1 48663]]","(array([0., 1., 1.]), array([0.        , 0.99997945, 1.        ]), array([2, 1, 0]))",0.999979450928818,-0.0007410007851722202,0.97326,0.9732794655893118,0.499989725464409,0.9235882460432472,0.986448820733203,0.9785047856510899,svm,s-1-2-0,s-1-1-1
18,"[[     2   8947]
 [     9 241042]]","(array([0.        , 0.99977651, 1.        ]), array([0.        , 0.99996266, 1.        ]), array([2, 1, 0]))",0.9999626635027442,0.005213783724956541,0.964176,0.9642104252587114,0.5000930760803475,1.2373457415641127,0.9817611599869663,0.9711548766445313,svm,s-1-2-0,s-1-1-2
19,"[[     5  70504]
 [    11 429480]]","(array([0.        , 0.99992909, 1.        ]), array([0.        , 0.99997439, 1.        ]), array([2, 1, 0]))",0.999974388287531,0.002787219494647221,0.85897,0.8589874875996032,0.5000226506103158,4.871116384608693,0.9241345921084483,0.8839121323670149,svm,s-1-2-0,s-1-1-3
20,"[[     0   8913]
 [     9 241078]]","(array([0., 1., 1.]), array([0.        , 0.99996267, 1.        ]), array([2, 1, 0]))",0.9999626690779677,-0.0011536767082738107,0.964312,0.9643467164817934,0.49998133453898386,1.2326483592291544,0.9818318067598223,0.9712654838519932,svm,s-1-2-0,s-1-2-0
21,"[[    0  1385]
 [    1 48614]]","(array([0., 1., 1.]), array([0.        , 0.99997943, 1.        ]), array([2, 1, 0]))",0.9999794302170112,-0.0007548472591704641,0.97228,0.9722994459889198,0.4999897151085056,0.9574370305157415,0.9859452004786338,0.977712168809908,svm,s-1-2-0,s-1-2-1
22,"[[     1   8820]
 [     4 241175]]","(array([0.        , 0.99988663, 1.        ]), array([0.        , 0.99998341, 1.        ]), array([2, 1, 0]))",0.9999834148080886,0.003992698169104419,0.964704,0.9647192943858878,0.5000483903198135,1.2191088614321053,0.9820348796964009,0.9715717325499795,svm,s-1-2-0,s-1-2-2
23,"[[     7  70504]
 [     4 429485]]","(array([0.        , 0.99990072, 1.        ]), array([0.        , 0.99999069, 1.        ]), array([2, 1, 0]))",0.9999906866066418,0.006675541451003815,0.858984,0.8589888977557506,0.500044980948511,4.870632841739162,0.9241423680818696,0.8839158737901044,svm,s-1-2-0,s-1-2-3
24,"[[    42  67958]
 [     2 181998]]","(array([0.        , 0.99938235, 1.        ]), array([0.        , 0.99998901, 1.        ]), array([2, 1, 0]))",0.9999890109890109,0.020350542559336895,0.72816,0.7281201491462498,0.5003033290239173,9.389238331361163,0.842669160747854,0.7699877477526264,svm,s-1-2-0,s-1-3-0
25,"[[    2 23038]
 [    2 26958]]","(array([0.        , 0.99991319, 1.        ]), array([0.        , 0.99992582, 1.        ]), array([2, 1, 0]))",0.9999258160237389,0.0007034241201302373,0.5392,0.5392031362509001,0.5000063107896472,15.91583658528678,0.7006081397162014,0.5939350676818951,svm,s-1-2-0,s-1-3-1
26,"[[    37  68012]
 [     4 181947]]","(array([0.        , 0.99945627, 1.        ]), array([0.        , 0.99997802, 1.        ]), array([2, 1, 0]))",0.9999780160592687,0.018134997421186502,0.727936,0.7279073768097968,0.5002608709519403,9.39697518998667,0.8425227477946795,0.7697960800042646,svm,s-1-2-0,s-1-3-2
27,"[[    10  70355]
 [    15 429620]]","(array([0.        , 0.99985788, 1.        ]), array([0.        , 0.99996509, 1.        ]), array([2, 1, 0]))",0.9999650866433135,0.0052721767182670395,0.85926,0.8592829641482074,0.5000536013760872,4.861099901174133,0.9243015888383301,0.884160960842301,svm,s-1-2-0,s-1-3-3
28,"[[    12  67699]
 [     4 182285]]","(array([0.        , 0.99982278, 1.        ]), array([0.        , 0.99997806, 1.        ]), array([2, 1, 0]))",0.9999780568218598,0.00862603029658247,0.729188,0.7291866679467486,0.5000776403055999,9.35373164084426,0.8433790683202513,0.7709403878280361,svm,s-1-2-0,s-1-4-0
29,"[[    5 23126]
 [    0 26869]]","(array([0.        , 0.99978384, 1.        ]), array([0., 1., 1.]), array([2, 1, 0]))",1.0,0.010778299893778237,0.53748,0.5374337433743375,0.5001080800657127,15.975244687977503,0.6991309325562032,0.5922221389558694,svm,s-1-2-0,s-1-4-1
30,"[[     3  68094]
 [     8 181895]]","(array([0.        , 0.99995595, 1.        ]), array([0.        , 0.99995602, 1.        ]), array([2, 1, 0]))",0.9999560205164291,5.0552301309570965e-06,0.727592,0.7276120149286569,0.5000000376603027,9.408856791334477,0.8423170607466681,0.7695291908764075,svm,s-1-2-0,s-1-4-2
31,"[[     8  70491]
 [    12 429489]]","(array([0.        , 0.99988652, 1.        ]), array([0.        , 0.99997206, 1.        ]), array([2, 1, 0]))",0.9999720606005574,0.004706935376346523,0.858994,0.8590123604944198,0.5000427686937311,4.870287433185682,0.9241479922666521,0.883932838318266,svm,s-1-2-0,s-1-4-3
32,"[[   411 124918]
 [     4 124667]]","(array([0.        , 0.99672063, 1.        ]), array([0.        , 0.99996792, 1.        ]), array([2, 1, 0]))",0.9999679155537374,0.03988370789034606,0.500312,0.4994971652943887,0.5016236421276574,17.25901163566727,0.6662124321320165,0.5550568961479452,svm,s-1-2-0,s-2-1-0
33,"[[   83 25008]
 [    2 24907]]","(array([0.        , 0.99669204, 1.        ]), array([0.        , 0.99991971, 1.        ]), array([2, 1, 0]))",0.9999197077361596,0.03917426179920785,0.4998,0.49898828007612944,0.5016138333826468,17.27669587938501,0.6657489575537261,0.5545511624489577,svm,s-1-2-0,s-2-1-1
34,"[[   389 124411]
 [     3 125197]]","(array([0.        , 0.99688301, 1.        ]), array([0.        , 0.99997604, 1.        ]), array([2, 1, 0]))",0.9999760383386581,0.039085950384854705,0.502344,0.5015744687670267,0.5015465127590726,17.188827220449223,0.668059379735758,0.5571085551141298,svm,s-1-2-0,s-2-1-2
35,"[[   462 249771]
 [     0 249767]]","(array([0.        , 0.99815372, 1.        ]), array([0., 1., 1.]), array([2, 1, 0]))",1.0,0.030383091381786863,0.500458,0.4999959963005817,0.5009231396338613,17.25396887036595,0.6666631078132402,0.555551601281007,svm,s-1-2-0,s-2-1-3
36,"[[   257 124230]
 [     0 125513]]","(array([0.        , 0.99793553, 1.        ]), array([0., 1., 1.]), array([2, 1, 0]))",1.0,0.03221085509288882,0.50308,0.5025686405624983,0.501032236297766,17.163406102114028,0.6689459995309869,0.5580910372303766,svm,s-1-2-0,s-2-2-0
37,"[[   82 25077]
 [    0 24841]]","(array([0.        , 0.99674073, 1.        ]), array([0., 1., 1.]), array([2, 1, 0]))",1.0,0.04027320452924892,0.49846,0.4976361232421171,0.5016296355181049,17.322978943198645,0.6645621262991747,0.5532196353885968,svm,s-1-2-0,s-2-2-1
38,"[[   406 124871]
 [     8 124715]]","(array([0.        , 0.99675918, 1.        ]), array([0.        , 0.99993586, 1.        ]), array([2, 1, 0]))",0.99993585786102,0.039063541689073306,0.500484,0.49968748247097194,0.5015883381037821,17.253070815803028,0.6663745728796262,0.5552429196120978,svm,s-1-2-0,s-2-2-2
39,"[[   851 249531]
 [     5 249613]]","(array([0.        , 0.99660119, 1.        ]), array([0.        , 0.99997997, 1.        ]), array([2, 1, 0]))",0.9999799693932329,0.04086477336178288,0.500928,0.5000821406247495,0.5016893880083562,17.237735261653572,0.6667352242768729,0.5556354437773406,svm,s-1-2-0,s-2-2-3
40,"[[   478 124320]
 [     4 125198]]","(array([0.        , 0.99616981, 1.        ]), array([0.        , 0.99996805, 1.        ]), array([2, 1, 0]))",0.9999680516285683,0.043292984756248765,0.502704,0.5017593921079841,0.50189912060747,17.17639296989359,0.6682216054654142,0.5572905631217316,svm,s-1-2-0,s-2-3-0
41,"[[   90 24996]
 [    0 24914]]","(array([0.        , 0.99641234, 1.        ]), array([0., 1., 1.]), array([2, 1, 0]))",1.0,0.04231881428622212,0.50008,0.4991785213384091,0.5017938292274575,17.267024830091053,0.6659360632951994,0.5547440704685732,svm,s-1-2-0,s-2-3-1
42,"[[   347 124627]
 [     3 125023]]","(array([0.        , 0.99722342, 1.        ]), array([0.      , 0.999976, 1.      ]), array([2, 1, 0]))",0.9999760049909618,0.03680870544846743,0.50148,0.5007931103544963,0.5013762912595439,17.218669414106603,0.6673659375033362,0.5563372510070076,svm,s-1-2-0,s-2-3-2
43,"[[   455 249354]
 [     1 250190]]","(array([0.        , 0.99817861, 1.        ]), array([0.      , 0.999996, 1.      ]), array([2, 1, 0]))",0.999996003053667,0.030103695997732282,0.50129,0.5008367631279728,0.500908697298403,17.22523194154113,0.6674091512334358,0.5563815871697103,svm,s-1-2-0,s-2-3-3
44,"[[   174 124788]
 [     0 125038]]","(array([0.        , 0.99860758, 1.        ]), array([0., 1., 1.]), array([2, 1, 0]))",1.0,0.026399021665399553,0.500848,0.5005003482423767,0.5006962116483411,17.24049843572893,0.667111272354774,0.5560496717191032,svm,s-1-2-0,s-2-4-0
45,"[[   82 24893]
 [    0 25025]]","(array([0.        , 0.99671672, 1.        ]), array([0., 1., 1.]), array([2, 1, 0]))",1.0,0.0405707122799554,0.50214,0.501322168356104,0.5016416416416416,17.19587330354683,0.6678408924115661,0.5568610172810496,svm,s-1-2-0,s-2-4-1
46,"[[   177 124883]
 [    20 124920]]","(array([0.        , 0.99858468, 1.        ]), array([0.        , 0.99983992, 1.        ]), array([2, 1, 0]))",0.9998399231631183,0.022366916331557712,0.500388,0.5000740583579861,0.5006276219046041,17.25638657671762,0.6666969096153897,0.5556188131142409,svm,s-1-2-0,s-2-4-2
47,"[[   796 248846]
 [    12 250346]]","(array([0.        , 0.99681143, 1.        ]), array([0.        , 0.99995207, 1.        ]), array([2, 1, 0]))",0.9999520686377108,0.039094664856913694,0.502284,0.5015024279235244,0.5015703173321304,17.190899585413597,0.6679901274097793,0.5570359650504689,svm,s-1-2-0,s-2-4-3
48,"[[   567 191303]
 [     1  58129]]","(array([0.        , 0.99704487, 1.        ]), array([0.       , 0.9999828, 1.       ]), array([2, 1, 0]))",0.9999827971787373,0.0260671687103752,0.234784,0.23304547932903558,0.5014689615226047,26.430236179356736,0.37799858239964623,0.2752690229178545,svm,s-1-2-0,s-3-1-0
49,"[[  104 39534]
 [    0 10362]]","(array([0.        , 0.99737626, 1.        ]), array([0., 1., 1.]), array([2, 1, 0]))",1.0,0.023342627058688125,0.20932,0.20767195767195767,0.5013118724456329,27.309751945624086,0.343921139101862,0.24677774284816098,svm,s-1-2-0,s-3-1-1
50,"[[   542 191566]
 [     2  57890]]","(array([0.        , 0.99717867, 1.        ]), array([0.        , 0.99996545, 1.        ]), array([2, 1, 0]))",0.9999654529123195,0.02522833924968908,0.233728,0.2320649733820794,0.5013933912905237,26.466709968406242,0.37670653461223114,0.27417411500820293,svm,s-1-2-0,s-3-1-2
51,"[[   489 332716]
 [     0 166795]]","(array([0.        , 0.99853243, 1.        ]), array([0., 1., 1.]), array([2, 1, 0]))",1.0,0.022136943687681626,0.334568,0.3339165704058569,0.500733782506265,22.983739131735366,0.5006558548174562,0.3852365002663015,svm,s-1-2-0,s-3-1-3
52,"[[   643 191013]
 [     0  58344]]","(array([0.        , 0.99664503, 1.        ]), array([0., 1., 1.]), array([2, 1, 0]))",1.0,0.028017642833845842,0.235948,0.23397779087813858,0.5016774846600158,26.39003211610003,0.3792252868856455,0.27630965776701794,svm,s-1-2-0,s-3-2-0
53,"[[  114 39541]
 [    0 10345]]","(array([0.       , 0.9971252, 1.       ]), array([0., 1., 1.]), array([2, 1, 0]))",1.0,0.02441627202705874,0.20918,0.20737281000681554,0.5014373975539024,27.31458748626301,0.3435108166890804,0.2464397848386528,svm,s-1-2-0,s-3-2-1
54,"[[   300 191467]
 [     0  58233]]","(array([0.       , 0.9984356, 1.       ]), array([0., 1., 1.]), array([2, 1, 0]))",1.0,0.01910068758545781,0.234132,0.2332118542250701,0.5007821992313589,26.452755986102126,0.3782186384700568,0.27545497633470295,svm,s-1-2-0,s-3-2-2
55,"[[  1102 332130]
 [     6 166762]]","(array([0.        , 0.99669299, 1.        ]), array([0.        , 0.99996402, 1.        ]), array([2, 1, 0]))",0.9999640218747002,0.032797498131301374,0.335728,0.33426473064310513,0.5016355136021602,22.943673213989097,0.5010425742871736,0.38560612226776975,svm,s-1-2-0,s-3-2-3
56,"[[   489 139072]
 [     3 110436]]","(array([0.        , 0.99649616, 1.        ]), array([0.        , 0.99997284, 1.        ]), array([2, 1, 0]))",0.9999728356830467,0.03895679181662713,0.4437,0.44261506645077514,0.501738339940104,19.214366114944063,0.6136236723739884,0.49814564386438626,svm,s-1-2-0,s-3-3-0
57,"[[   60 25540]
 [    1 24399]]","(array([0.        , 0.99765625, 1.        ]), array([0.        , 0.99995902, 1.        ]), array([2, 1, 0]))",0.9999590163934426,0.03297463069245188,0.48918,0.48857606279661187,0.5011513831967214,17.643506192415618,0.6564252949326733,0.544241510376702,svm,s-1-2-0,s-3-3-1
58,"[[   435 139153]
 [     3 110409]]","(array([0.        , 0.99688369, 1.        ]), array([0.        , 0.99997283, 1.        ]), array([2, 1, 0]))",0.9999728290403217,0.03668122883914316,0.443376,0.44241110425465413,0.5015445713817822,19.22555693756558,0.6134276364404095,0.4979389533310483,svm,s-1-2-0,s-3-3-2
59,"[[  1010 331892]
 [     4 167094]]","(array([0.        , 0.99696607, 1.        ]), array([0.        , 0.99997606, 1.        ]), array([2, 1, 0]))",0.9999760619516691,0.03156061176895675,0.336208,0.3348671105000942,0.5015049939258919,22.927094220711155,0.5017205037202516,0.3862477011542078,svm,s-1-2-0,s-3-3-3
60,"[[   471 138859]
 [     2 110668]]","(array([0.        , 0.99661954, 1.        ]), array([0.        , 0.99998193, 1.        ]), array([2, 1, 0]))",0.9999819282551731,0.03843228989974112,0.444556,0.4435111230448008,0.5016811959513144,19.18480024109301,0.6144859618486551,0.49905391340737293,svm,s-1-2-0,s-3-4-0
61,"[[   67 25511]
 [    0 24422]]","(array([0.        , 0.99738056, 1.        ]), array([0., 1., 1.]), array([2, 1, 0]))",1.0,0.03579323020026916,0.48978,0.4890953878196784,0.5013097192900149,17.62278246281216,0.6569026965234348,0.5447594064794739,svm,s-1-2-0,s-3-4-1
62,"[[   268 139380]
 [     1 110351]]","(array([0.        , 0.99808089, 1.        ]), array([0.        , 0.99999094, 1.        ]), array([2, 1, 0]))",0.9999909380890242,0.028929411843830487,0.442476,0.4418794623014363,0.5009550244982243,19.256642562355463,0.612919799046331,0.4974010075039935,svm,s-1-2-0,s-3-4-2
63,"[[   885 332065]
 [     0 167050]]","(array([0.        , 0.99734194, 1.        ]), array([0., 1., 1.]), array([2, 1, 0]))",1.0,0.02982668960647278,0.33587,0.33469240555783736,0.50132902838264,22.938768603793342,0.5015273993680245,0.3860624633119329,svm,s-1-2-0,s-3-4-3
64,"[[185997      0]
 [ 64003      0]]","(array([0., 1.]), array([0., 1.]), array([1, 0]))",0.0,0.0,0.743988,0.0,0.5,8.842341222413872,0.0,0.0,svm,s-3-2-0,s-0-1-0
65,"[[38471     0]
 [11529     0]]","(array([0., 1.]), array([0., 1.]), array([1, 0]))",0.0,0.0,0.76942,0.0,0.5,7.9639510611385065,0.0,0.0,svm,s-3-2-0,s-0-1-1
66,"[[186218      0]
 [ 63782      0]]","(array([0., 1.]), array([0., 1.]), array([1, 0]))",0.0,0.0,0.744872,0.0,0.5,8.81180894408077,0.0,0.0,svm,s-3-2-0,s-0-1-2
67,"[[325155      0]
 [174845      0]]","(array([0., 1.]), array([0., 1.]), array([1, 0]))",0.0,0.0,0.65031,0.0,0.5,12.077864717536324,0.0,0.0,svm,s-3-2-0,s-0-1-3
68,"[[185894      0]
 [ 64106      0]]","(array([0., 1.]), array([0., 1.]), array([1, 0]))",0.0,0.0,0.743576,0.0,0.5,8.856571198288576,0.0,0.0,svm,s-3-2-0,s-0-2-0
69,"[[38555     0]
 [11445     0]]","(array([0., 1.]), array([0., 1.]), array([1, 0]))",0.0,0.0,0.7711,0.0,0.5,7.905925916795057,0.0,0.0,svm,s-3-2-0,s-0-2-1
70,"[[185909      0]
 [ 64091      0]]","(array([0., 1.]), array([0., 1.]), array([1, 0]))",0.0,0.0,0.743636,0.0,0.5,8.85449887170488,0.0,0.0,svm,s-3-2-0,s-0-2-2
71,"[[325155      0]
 [174845      0]]","(array([0., 1.]), array([0., 1.]), array([1, 0]))",0.0,0.0,0.65031,0.0,0.5,12.077864717536324,0.0,0.0,svm,s-3-2-0,s-0-2-3
72,"[[137856      0]
 [112144      0]]","(array([0., 1.]), array([0., 1.]), array([1, 0]))",0.0,0.0,0.551424,0.0,0.5,15.493266160123461,0.0,0.0,svm,s-3-2-0,s-0-3-0
73,"[[25391     0]
 [24609     0]]","(array([0., 1.]), array([0., 1.]), array([1, 0]))",0.0,0.0,0.50782,0.0,0.5,16.999294966047138,0.0,0.0,svm,s-3-2-0,s-0-3-1
74,"[[138027      0]
 [111973      0]]","(array([0., 1.]), array([0., 1.]), array([1, 0]))",0.0,0.0,0.552108,0.0,0.5,15.469641637069342,0.0,0.0,svm,s-3-2-0,s-0-3-2
75,"[[325155      0]
 [174845      0]]","(array([0., 1.]), array([0., 1.]), array([1, 0]))",0.0,0.0,0.65031,0.0,0.5,12.07786471753632,0.0,0.0,svm,s-3-2-0,s-0-3-3
76,"[[137817      0]
 [112183      0]]","(array([0., 1.]), array([0., 1.]), array([1, 0]))",0.0,0.0,0.551268,0.0,0.5,15.498654209241067,0.0,0.0,svm,s-3-2-0,s-0-4-0
77,"[[25344     0]
 [24656     0]]","(array([0., 1.]), array([0., 1.]), array([1, 0]))",0.0,0.0,0.50688,0.0,0.5,17.03176141585835,0.0,0.0,svm,s-3-2-0,s-0-4-1
78,"[[137813      0]
 [112187      0]]","(array([0., 1.]), array([0., 1.]), array([1, 0]))",0.0,0.0,0.551252,0.0,0.5,15.499206829663386,0.0,0.0,svm,s-3-2-0,s-0-4-2
79,"[[325155      0]
 [174845      0]]","(array([0., 1.]), array([0., 1.]), array([1, 0]))",0.0,0.0,0.65031,0.0,0.5,12.077864717536324,0.0,0.0,svm,s-3-2-0,s-0-4-3
80,"[[  8801     12]
 [168070  73117]]","(array([0.        , 0.00136162, 1.        ]), array([0.        , 0.30315481, 1.        ]), array([2, 1, 0]))",0.30315481348497225,0.12234187537869652,0.327672,0.999835906411957,0.6508965943063123,23.221386494418173,0.46524516728387993,0.6849970863944929,svm,s-3-2-0,s-1-1-0
81,"[[ 1333     3]
 [33826 14838]]","(array([0.        , 0.00224551, 1.        ]), array([0.        , 0.30490712, 1.        ]), array([2, 1, 0]))",0.30490711819825744,0.10683526410384685,0.32342,0.9997978572872448,0.6513308046081108,23.36824538124451,0.4673017872608456,0.6867663938978784,svm,s-3-2-0,s-1-1-1
82,"[[  8936     13]
 [168416  72635]]","(array([0.        , 0.00145268, 1.        ]), array([0.        , 0.30132628, 1.        ]), array([2, 1, 0]))",0.30132627535251877,0.12270155832186826,0.326284,0.9998210549498954,0.6499367995379198,23.269326319252706,0.4630872269277237,0.6831181826902639,svm,s-3-2-0,s-1-1-2
83,"[[ 70369    140]
 [276563 152928]]","(array([0.        , 0.00198556, 1.        ]), array([0.      , 0.356068, 1.      ]), array([2, 1, 0]))",0.35606799676826756,0.26738639778504936,0.446594,0.9990853738207855,0.6770412173207235,19.11396631348923,0.5250214999682435,0.7339865209265447,svm,s-3-2-0,s-1-1-3
84,"[[  8897     16]
 [167763  73324]]","(array([0.        , 0.00179513, 1.        ]), array([0.        , 0.30413917, 1.        ]), array([2, 1, 0]))",0.3041391696773364,0.12312909693717883,0.328884,0.999781838014726,0.6511720194846908,23.179525510221104,0.4663976058035728,0.6859800878291019,svm,s-3-2-0,s-1-2-0
85,"[[ 1383     2]
 [33947 14668]]","(array([0.        , 0.00144404, 1.        ]), array([0.        , 0.30171758, 1.        ]), array([2, 1, 0]))",0.3017175768795639,0.10822814399551446,0.32102,0.9998636673483299,0.6501367667791321,23.451138428600352,0.46355376471517734,0.6835360454820821,svm,s-3-2-0,s-1-2-1
86,"[[  8808     13]
 [167994  73185]]","(array([0.        , 0.00147376, 1.        ]), array([0.        , 0.30344682, 1.        ]), array([2, 1, 0]))",0.3034468175089871,0.12243445833246007,0.327972,0.9998223995191126,0.6509865308494941,23.211024864698096,0.4655874952684198,0.6852900251137234,svm,s-3-2-0,s-1-2-2
87,"[[ 70377    134]
 [276031 153458]]","(array([0.        , 0.00190041, 1.        ]), array([0.        , 0.35730368, 1.        ]), array([2, 1, 0]))",0.357303679488881,0.2681313659685395,0.44767,0.9991275587270171,0.6777016333936584,19.076802580493123,0.526369406651906,0.7350527897978363,svm,s-3-2-0,s-1-2-3
88,"[[ 67836    164]
 [108406  73594]]","(array([0.        , 0.00241176, 1.        ]), array([0.        , 0.40436264, 1.        ]), array([2, 1, 0]))",0.4043626373626374,0.39219662667937155,0.56572,0.9977765123783183,0.7009754363283776,14.999500337317729,0.5754971496492779,0.7713738281708565,svm,s-3-2-0,s-1-3-0
89,"[[22954    86]
 [15720 11240]]","(array([0.        , 0.00373264, 1.        ]), array([0.        , 0.41691395, 1.        ]), array([2, 1, 0]))",0.4169139465875371,0.49203276292959347,0.68388,0.992406851492142,0.7065906538493242,10.918399369266742,0.5871597973149455,0.7777039743163955,svm,s-3-2-0,s-1-3-1
90,"[[ 67861    188]
 [109010  72941]]","(array([0.        , 0.00276272, 1.        ]), array([0.        , 0.40088266, 1.        ]), array([2, 1, 0]))",0.40088265522036154,0.38951922211810164,0.563208,0.9974292004539923,0.6990599700590043,15.086261820383093,0.5719068527520778,0.7686625202595755,svm,s-3-2-0,s-1-3-2
91,"[[ 70209    156]
 [276181 153454]]","(array([0.        , 0.00221701, 1.        ]), array([0.        , 0.35717295, 1.        ]), array([2, 1, 0]))",0.3571729491312393,0.267553231656588,0.447326,0.9989844411171148,0.6774779689165041,19.088683954755265,0.5262076828776929,0.7348801570768384,svm,s-3-2-0,s-1-3-3
92,"[[ 67531    180]
 [108884  73405]]","(array([0.        , 0.00265836, 1.        ]), array([0.        , 0.40268475, 1.        ]), array([2, 1, 0]))",0.4026847478454542,0.3900641953977127,0.563744,0.9975538492899368,0.7000131955026772,15.067749010648305,0.573758959487873,0.7700433670632714,svm,s-3-2-0,s-1-4-0
93,"[[23039    92]
 [15815 11054]]","(array([0.        , 0.00397735, 1.        ]), array([0.        , 0.41140348, 1.        ]), array([2, 1, 0]))",0.4114034761249023,0.48808386057464975,0.68186,0.9917459178180513,0.7037130648533378,10.988167793536157,0.5815599105616204,0.773515457713462,svm,s-3-2-0,s-1-4-1
94,"[[ 67914    183]
 [108325  73578]]","(array([0.        , 0.00268734, 1.        ]), array([0.        , 0.40449031, 1.        ]), array([2, 1, 0]))",0.40449030527259033,0.39222262944982933,0.565968,0.9975190141131492,0.7009014811089151,14.990934781541196,0.5755835784467113,0.7713435664759397,svm,s-3-2-0,s-1-4-2
95,"[[ 70370    129]
 [275800 153701]]","(array([0.        , 0.00182981, 1.        ]), array([0.        , 0.35785947, 1.        ]), array([2, 1, 0]))",0.35785946947737024,0.26846922492689457,0.448142,0.9991614119482546,0.6780148281442653,19.060500270038762,0.5269769650507173,0.7355374748401878,svm,s-3-2-0,s-1-4-3
96,"[[124571    758]
 [ 66659  58012]]","(array([0.        , 0.00604808, 1.        ]), array([0.        , 0.46532072, 1.        ]), array([2, 1, 0]))",0.46532072414595216,0.5415308811670734,0.730332,0.9871022630593841,0.7296363213481639,9.314005177242182,0.6324867396056497,0.8062798991524692,svm,s-3-2-0,s-2-1-0
97,"[[24911   180]
 [13239 11670]]","(array([0.        , 0.00717389, 1.        ]), array([0.        , 0.46850536, 1.        ]), array([2, 1, 0]))",0.46850535950861133,0.5424300848079976,0.73162,0.9848101265822785,0.7306657362287386,9.269519687416878,0.6349465437035827,0.8069534912666473,svm,s-3-2-0,s-2-1-1
98,"[[124008    792]
 [ 67052  58148]]","(array([0.        , 0.00634615, 1.        ]), array([0.        , 0.46444089, 1.        ]), array([2, 1, 0]))",0.4644408945686901,0.5396035651955295,0.728624,0.9865626060400408,0.7290473703612681,9.372997516069937,0.6315629412403605,0.8054632092198581,svm,s-3-2-0,s-2-1-2
99,"[[248009   2224]
 [133909 115858]]","(array([0.        , 0.00888772, 1.        ]), array([0.        , 0.46386432, 1.        ]), array([2, 1, 0]))",0.4638643215476824,0.5356140636646319,0.727734,0.9811656306634373,0.7274883024497991,9.403738050546123,0.629921516709302,0.802235162963322,svm,s-3-2-0,s-2-1-3
100,"[[123394   1093]
 [ 67057  58456]]","(array([0.        , 0.00878003, 1.        ]), array([0.        , 0.46573662, 1.        ]), array([2, 1, 0]))",0.4657366169241433,0.5363551183613818,0.7274,0.9816453676803977,0.7284782918338294,9.415273941092616,0.6317450367984784,0.8036094790065685,svm,s-3-2-0,s-2-2-0
101,"[[25001   158]
 [13301 11540]]","(array([0.        , 0.00628006, 1.        ]), array([0.        , 0.46455457, 1.        ]), array([2, 1, 0]))",0.4645545670464152,0.5412406295577592,0.73082,0.9864934176782356,0.7291372541102739,9.297150356709937,0.6316538493116944,0.8054946742423184,svm,s-3-2-0,s-2-2-1
102,"[[124471    806]
 [ 66895  57828]]","(array([0.        , 0.00643374, 1.        ]), array([0.        , 0.46365145, 1.        ]), array([2, 1, 0]))",0.4636514516167828,0.539541479774727,0.729196,0.9862537094518539,0.7286088543954424,9.35324138074951,0.6307694824849883,0.8048232612126627,svm,s-3-2-0,s-2-2-2
103,"[[248825   1557]
 [133776 115842]]","(array([0.       , 0.0062185, 1.       ]), array([0.        , 0.46407711, 1.        ]), array([2, 1, 0]))",0.4640771098238108,0.5400893823524776,0.729334,0.986737536094856,0.7289293058444805,9.34847494165129,0.6312623120999845,0.8053374934303281,svm,s-3-2-0,s-2-2-3
104,"[[124013    785]
 [ 67080  58122]]","(array([0.        , 0.00629016, 1.        ]), array([0.        , 0.46422581, 1.        ]), array([2, 1, 0]))",0.46422581108927974,0.5395206285978869,0.72854,0.9866739097221043,0.7289678230913953,9.375898750898381,0.6313868414906387,0.8053931214145164,svm,s-3-2-0,s-2-3-0
105,"[[24923   163]
 [13383 11531]]","(array([0.        , 0.00649765, 1.        ]), array([0.        , 0.46283214, 1.        ]), array([2, 1, 0]))",0.4628321425704423,0.5390211305284198,0.72908,0.9860612279801607,0.728167247239937,9.357247907596825,0.6299715909090908,0.8042265308969172,svm,s-3-2-0,s-2-3-1
106,"[[124156    818]
 [ 67115  57911]]","(array([0.        , 0.00654536, 1.        ]), array([0.        , 0.46319166, 1.        ]), array([2, 1, 0]))",0.4631916561355238,0.5385661758231992,0.728268,0.9860716170886615,0.7283231473501727,9.385293403624662,0.6303066583222225,0.8044490501247423,svm,s-3-2-0,s-2-3-2
107,"[[247656   2153]
 [134273 115918]]","(array([0.        , 0.00861858, 1.        ]), array([0.        , 0.46331803, 1.        ]), array([2, 1, 0]))",0.4633180250288779,0.535305077806939,0.727148,0.9817652090691195,0.7273497202151222,9.423977659970706,0.6295409246677637,0.8022284508114468,svm,s-3-2-0,s-2-3-3
108,"[[123879   1083]
 [ 67352  57686]]","(array([0.        , 0.00866663, 1.        ]), array([0.        , 0.46134775, 1.        ]), array([2, 1, 0]))",0.46134775028391367,0.5337637452850101,0.72626,0.981571917167214,0.7263405578134889,9.454648114198916,0.62768012099648,0.8009408131869352,svm,s-3-2-0,s-2-4-0
109,"[[24818   157]
 [13467 11558]]","(array([0.        , 0.00628629, 1.        ]), array([0.        , 0.46185814, 1.        ]), array([2, 1, 0]))",0.46185814185814184,0.5377881217481824,0.72752,0.9865983781476739,0.7277859277859278,9.411128302821192,0.6291780076211214,0.8039229324615706,svm,s-3-2-0,s-2-4-1
110,"[[123964   1096]
 [ 67078  57862]]","(array([0.        , 0.00876379, 1.        ]), array([0.       , 0.4631183, 1.       ]), array([2, 1, 0]))",0.4631182967824556,0.53514195457858,0.727304,0.9814104956070423,0.7271772517016388,9.418589673221698,0.6292836246179948,0.8019192176776468,svm,s-3-2-0,s-2-4-2
111,"[[248063   1579]
 [133889 116469]]","(array([0.        , 0.00632506, 1.        ]), array([0.        , 0.46520982, 1.        ]), array([2, 1, 0]))",0.465209819538421,0.5402683033343655,0.729064,0.9866240851179181,0.729442381028053,9.357800446460207,0.6322861191185811,0.8059580651858004,svm,s-3-2-0,s-2-4-3
112,"[[190164   1706]
 [ 31133  26997]]","(array([0.        , 0.00889144, 1.        ]), array([0.        , 0.46442457, 1.        ]), array([2, 1, 0]))",0.4644245656287631,0.6036320033199696,0.868644,0.9405637041424242,0.7277665643591775,4.536880968582752,0.6218142871949605,0.7805217934336368,svm,s-3-2-0,s-3-1-0
113,"[[39290   348]
 [ 5512  4850]]","(array([0.        , 0.00877945, 1.        ]), array([0.        , 0.46805636, 1.        ]), array([2, 1, 0]))",0.468056359776105,0.6099376330787443,0.8828,0.9330511735282802,0.7296384528584344,4.047950158681647,0.6233933161953727,0.7783912178211465,svm,s-3-2-0,s-3-1-1
114,"[[190278   1830]
 [ 31001  26891]]","(array([0.        , 0.00952589, 1.        ]), array([0.        , 0.46450287, 1.        ]), array([2, 1, 0]))",0.4645028674082775,0.6018684013854207,0.868676,0.9362835555865047,0.7274884878611755,4.53577612433844,0.6209460473600961,0.77820414872436,svm,s-3-2-0,s-3-1-2
115,"[[329711   3494]
 [ 89302  77493]]","(array([0.        , 0.01048604, 1.        ]), array([0.        , 0.46460026, 1.        ]), array([2, 1, 0]))",0.46460025780149283,0.5811536453873117,0.814408,0.9568572733895564,0.7270571103386001,6.410126176271105,0.625493377242899,0.7895476858559369,svm,s-3-2-0,s-3-1-3
116,"[[189780   1876]
 [ 31230  27114]]","(array([0.        , 0.00978837, 1.        ]), array([0.        , 0.46472645, 1.        ]), array([2, 1, 0]))",0.46472645002056767,0.6010097671451591,0.867576,0.935288030355295,0.7274690395947476,4.573768925498768,0.6209265578125357,0.7777790526895538,svm,s-3-2-0,s-3-2-0
117,"[[39261   394]
 [ 5588  4757]]","(array([0.       , 0.0099357, 1.       ]), array([0.        , 0.45983567, 1.        ]), array([2, 1, 0]))",0.4598356694055099,0.5995260187930712,0.88036,0.9235099980586294,0.7249499870164606,4.132225508714866,0.6139648941662365,0.7685224078322401,svm,s-3-2-0,s-3-2-1
118,"[[189531   2236]
 [ 31298  26935]]","(array([0.        , 0.01165998, 1.        ]), array([0.        , 0.46253842, 1.        ]), array([2, 1, 0]))",0.4625384232308141,0.593645631884482,0.865864,0.9233485310753831,0.7254392200110121,4.632900462107154,0.6163333485881654,0.7699365985010033,svm,s-3-2-0,s-3-2-2
119,"[[330558   2674]
 [ 89036  77732]]","(array([0.        , 0.00802444, 1.        ]), array([0.        , 0.46610861, 1.        ]), array([2, 1, 0]))",0.4661086059675717,0.5879171477798901,0.81658,0.9667437753401488,0.7290420832689924,6.335106642601576,0.6289658297393739,0.7957951809202445,svm,s-3-2-0,s-3-2-3
120,"[[138653    908]
 [ 59394  51045]]","(array([0.        , 0.00650612, 1.        ]), array([0.        , 0.46220085, 1.        ]), array([2, 1, 0]))",0.4622008529595523,0.5577349149713929,0.758792,0.9825226647161858,0.7278473686770949,8.331032080801483,0.6286639735947585,0.8019613449761352,svm,s-3-2-0,s-3-3-0
121,"[[25427   173]
 [12933 11467]]","(array([0.        , 0.00675781, 1.        ]), array([0.        , 0.46995902, 1.        ]), array([2, 1, 0]))",0.4699590163934426,0.5478589816449603,0.73788,0.9851374570446736,0.7316006019467213,9.053306835241095,0.6363485016648169,0.807990417136415,svm,s-3-2-0,s-3-3-1
122,"[[138637    951]
 [ 59132  51280]]","(array([0.        , 0.00681291, 1.        ]), array([0.        , 0.46444227, 1.        ]), array([2, 1, 0]))",0.4644422707676702,0.5589883865725954,0.759668,0.9817924221247918,0.7288146821070491,8.3007762502103,0.6305835480162072,0.802916050805421,svm,s-3-2-0,s-3-3-2
123,"[[330491   2411]
 [ 89509  77589]]","(array([0.        , 0.00724237, 1.        ]), array([0.        , 0.46433231, 1.        ]), array([2, 1, 0]))",0.4643323079869298,0.5881334073129555,0.81616,0.9698625,0.728544968179021,6.349612508099189,0.6280018454216545,0.7964413731938953,svm,s-3-2-0,s-3-3-3
124,"[[138378    952]
 [ 59245  51425]]","(array([0.       , 0.0068327, 1.       ]), array([0.        , 0.46466974, 1.        ]), array([2, 1, 0]))",0.4646697388632873,0.5588035345414878,0.759212,0.9818240830899059,0.7289185197582063,8.316525935444767,0.6307997080596393,0.8030689179144102,svm,s-3-2-0,s-3-4-0
125,"[[25423   155]
 [13115 11307]]","(array([0.       , 0.0060599, 1.       ]), array([0.        , 0.46298419, 1.        ]), array([2, 1, 0]))",0.4629841945786586,0.5433671403198587,0.7346,0.9864770546152504,0.728462149678101,9.16659373396133,0.6301973024189054,0.8045396328447417,svm,s-3-2-0,s-3-4-1
126,"[[138318   1330]
 [ 59355  50997]]","(array([0.        , 0.00952395, 1.        ]), array([0.        , 0.46213027, 1.        ]), array([2, 1, 0]))",0.4621302740321879,0.5524481087954013,0.75726,0.9745829113077379,0.7263031640555074,8.383946835958946,0.6269647588195157,0.7976756553838453,svm,s-3-2-0,s-3-4-2
127,"[[329542   3408]
 [ 89549  77501]]","(array([0.        , 0.01023577, 1.        ]), array([0.        , 0.46393894, 1.        ]), array([2, 1, 0]))",0.4639389404369949,0.5810747160032801,0.814086,0.9578786043579824,0.7268515846500938,6.42124752473951,0.6251114095475461,0.7897209213223937,svm,s-3-2-0,s-3-4-3
128,"[[174794  11203]
 [ 11457  52546]]","(array([0.        , 0.06023215, 1.        ]), array([0.        , 0.82099277, 1.        ]), array([2, 1, 0]))",0.8209927659640954,0.7617547294821194,0.90936,0.824263910022118,0.8803803058410186,3.1306305239947467,0.822625086104327,0.8236075975159796,svm,s-0-1-0,s-0-1-0
129,"[[36129  2342]
 [ 2107  9422]]","(array([0.        , 0.06087702, 1.        ]), array([0.        , 0.81724347, 1.        ]), array([2, 1, 0]))",0.8172434729811779,0.7510711475150834,0.91102,0.800918055083305,0.878183224364572,3.073297776762783,0.8089984115399477,0.8041307501920287,svm,s-0-1-0,s-0-1-1
130,"[[174882  11336]
 [ 11427  52355]]","(array([0.        , 0.06087489, 1.        ]), array([0.        , 0.82084287, 1.        ]), array([2, 1, 0]))",0.8208428710294441,0.7603249466112719,0.908948,0.8220156694038404,0.8799839912289924,3.1448609252552826,0.8214288515999466,0.821780841699472,svm,s-0-1-0,s-0-1-2
131,"[[305741  19414]
 [ 31611 143234]]","(array([0.        , 0.05970691, 1.        ]), array([0.        , 0.81920558, 1.        ]), array([2, 1, 0]))",0.8192055820869913,0.7730949532060937,0.89795,0.8806379420589248,0.8797493365371832,3.5247131778696548,0.8488116790570472,0.8676252700084925,svm,s-0-1-0,s-0-1-3
132,"[[174612  11282]
 [ 11625  52481]]","(array([0.       , 0.0606905, 1.       ]), array([0.        , 0.81865972, 1.        ]), array([2, 1, 0]))",0.8186597198390166,0.7593049663730866,0.908372,0.8230635321424651,0.8789846094003952,3.164755087745706,0.8208557195254519,0.8221789834502033,svm,s-0-1-0,s-0-2-0
133,"[[36226  2329]
 [ 2034  9411]]","(array([0.        , 0.06040721, 1.        ]), array([0.        , 0.82228047, 1.        ]), array([2, 1, 0]))",0.8222804718217562,0.7551347440724475,0.91274,0.801618398637138,0.8809366306716095,3.0138908734682053,0.8118179857666595,0.8056673230031677,svm,s-0-1-0,s-0-2-1
134,"[[174617  11292]
 [ 11596  52495]]","(array([0.        , 0.06073939, 1.        ]), array([0.        , 0.81906976, 1.        ]), array([2, 1, 0]))",0.8190697601847373,0.7595145382534271,0.908448,0.8229733331243043,0.8791651830900719,3.1621301727235904,0.8210169067392359,0.8221896447489186,svm,s-0-1-0,s-0-2-2
135,"[[305741  19414]
 [ 31611 143234]]","(array([0.        , 0.05970691, 1.        ]), array([0.        , 0.81920558, 1.        ]), array([2, 1, 0]))",0.8192055820869913,0.7730949532060937,0.89795,0.8806379420589248,0.8797493365371832,3.5247131778696548,0.8488116790570472,0.8676252700084925,svm,s-0-1-0,s-0-2-3
136,"[[129939   7917]
 [ 20475  91669]]","(array([0.        , 0.05742949, 1.        ]), array([0.        , 0.81742224, 1.        ]), array([2, 1, 0]))",0.8174222428306464,0.7720884097530767,0.886432,0.9205008736167735,0.8799963755935962,3.922525079268636,0.865904689935295,0.8978565607810566,svm,s-0-1-0,s-0-3-0
137,"[[23925  1466]
 [ 4552 20057]]","(array([0.        , 0.05773699, 1.        ]), array([0.        , 0.81502702, 1.        ]), array([2, 1, 0]))",0.8150270226339957,0.7646287160822773,0.87964,0.9318868187520327,0.8786450146055645,4.157110571088103,0.8695482528396774,0.9059087090450854,svm,s-0-1-0,s-0-3-1
138,"[[130072   7955]
 [ 20385  91588]]","(array([0.        , 0.05763365, 1.        ]), array([0.        , 0.81794718, 1.        ]), array([2, 1, 0]))",0.8179471836960696,0.7723601176289139,0.88664,0.920084787478778,0.8801567661545111,3.9153411353173038,0.8660148641237542,0.8976663497633026,svm,s-0-1-0,s-0-3-2
139,"[[305741  19414]
 [ 31611 143234]]","(array([0.        , 0.05970691, 1.        ]), array([0.        , 0.81920558, 1.        ]), array([2, 1, 0]))",0.8192055820869913,0.7730949532060937,0.89795,0.8806379420589248,0.8797493365371832,3.524713177869655,0.8488116790570472,0.8676252700084925,svm,s-0-1-0,s-0-3-3
140,"[[129845   7972]
 [ 20488  91695]]","(array([0.        , 0.05784482, 1.        ]), array([0.        , 0.81736983, 1.        ]), array([2, 1, 0]))",0.817369833218937,0.7715323575504014,0.88616,0.920013645439313,0.879762505005675,3.9319198023594875,0.8656596648572105,0.8974730400840951,svm,s-0-1-0,s-0-4-0
141,"[[23907  1437]
 [ 4658 19998]]","(array([0.        , 0.05669981, 1.        ]), array([0.        , 0.81108047, 1.        ]), array([2, 1, 0]))",0.811080467229072,0.7620975693366278,0.8781,0.93296011196641,0.8771903283115057,4.210299822969756,0.8677616020481221,0.9057393383818254,svm,s-0-1-0,s-0-4-1
142,"[[129824   7989]
 [ 20357  91830]]","(array([0.        , 0.05796986, 1.        ]), array([0.        , 0.81854404, 1.        ]), array([2, 1, 0]))",0.8185440380792783,0.7724027931028516,0.886616,0.919965136897785,0.8802870901867733,3.916170174696033,0.8662962368989557,0.897718896577074,svm,s-0-1-0,s-0-4-2
143,"[[305741  19414]
 [ 31611 143234]]","(array([0.        , 0.05970691, 1.        ]), array([0.        , 0.81920558, 1.        ]), array([2, 1, 0]))",0.8192055820869913,0.7730949532060937,0.89795,0.8806379420589248,0.8797493365371832,3.524713177869653,0.8488116790570472,0.8676252700084925,svm,s-0-1-0,s-0-4-3
144,"[[   265   8548]
 [  9399 231788]]","(array([0.        , 0.96993078, 1.        ]), array([0.        , 0.96103024, 1.        ]), array([2, 1, 0]))",0.9610302379481481,-0.008514665921190231,0.928212,0.9644331269555955,0.49554972693957955,2.479497019673182,0.9627286754734458,0.9637506226450713,svm,s-0-1-0,s-1-1-0
145,"[[   35  1301]
 [ 1930 46734]]","(array([0.       , 0.9738024, 1.       ]), array([0.        , 0.96034029, 1.        ]), array([2, 1, 0]))",0.9603402926187736,-0.011172744099212897,0.93538,0.9729155823878421,0.4932689487045964,2.2319165361642623,0.966587038128626,0.9703742462749788,svm,s-0-1-0,s-1-1-1
146,"[[   251   8698]
 [  8986 232065]]","(array([0.        , 0.97195217, 1.        ]), array([0.        , 0.96272158, 1.        ]), array([2, 1, 0]))",0.9627215817399637,-0.009090984522733244,0.929264,0.9638731864946026,0.4953847041563826,2.4431627066641943,0.9632970399365731,0.9636426451889913,svm,s-0-1-0,s-1-1-2
147,"[[  2087  68422]
 [ 16434 413057]]","(array([0.        , 0.97040094, 1.        ]), array([0.       , 0.9617361, 1.       ]), array([2, 1, 0]))",0.961736101571395,-0.01596757541392551,0.830288,0.8578920368281898,0.4956675799238217,5.861754239643821,0.9068509391088619,0.876827231981564,svm,s-0-1-0,s-1-1-3
148,"[[   243   8670]
 [  9368 231719]]","(array([0.        , 0.97273645, 1.        ]), array([0.        , 0.96114266, 1.        ]), array([2, 1, 0]))",0.9611426580446063,-0.011181056895608608,0.927848,0.9639334578537287,0.49420310283583396,2.4920695244844753,0.9625360350256295,0.9633740020937219,svm,s-0-1-0,s-1-2-0
149,"[[   30  1355]
 [ 1910 46705]]","(array([0.        , 0.97833935, 1.        ]), array([0.        , 0.96071171, 1.        ]), array([2, 1, 0]))",0.9607117144914121,-0.014979984013819085,0.9347,0.97180607573866,0.49118618215545334,2.2554037676780263,0.9662270493922938,0.9695667517801168,svm,s-0-1-0,s-1-2-1
150,"[[   271   8550]
 [  9235 231944]]","(array([0.        , 0.96927786, 1.        ]), array([0.        , 0.96170894, 1.        ]), array([2, 1, 0]))",0.9617089381745508,-0.0073014922408484026,0.92886,0.9644481775013098,0.49621553926072515,2.4571158989660593,0.9630766100653347,0.9638990819969164,svm,s-0-1-0,s-1-2-2
151,"[[  2096  68415]
 [ 16745 412744]]","(array([0.        , 0.97027414, 1.        ]), array([0.        , 0.96101181, 1.        ]), array([2, 1, 0]))",0.9610118070544298,-0.01692889620709053,0.82968,0.8578120745948844,0.4953688327155685,5.882753804497561,0.9064841739069323,0.8766399405299209,svm,s-0-1-0,s-1-2-3
152,"[[  2074  65926]
 [  7844 174156]]","(array([0.    , 0.9695, 1.    ]), array([0.       , 0.9569011, 1.       ]), array([2, 1, 0]))",0.9569010989010989,-0.028723077164381123,0.70492,0.7254021542639598,0.4937005494505494,10.191912995650977,0.8252235347633872,0.7622854381578671,svm,s-0-1-0,s-1-3-0
153,"[[  715 22325]
 [ 5530 21430]]","(array([0.        , 0.96896701, 1.        ]), array([0.        , 0.79488131, 1.        ]), array([2, 1, 0]))",0.7948813056379822,-0.26247275790759483,0.4429,0.489772597417438,0.4129571458745467,19.241909349857323,0.606094887930425,0.5304980691157539,svm,s-0-1-0,s-1-3-1
154,"[[  2049  66000]
 [  7977 173974]]","(array([0.        , 0.96988934, 1.        ]), array([0.        , 0.95615853, 1.        ]), array([2, 1, 0]))",0.9561585261966133,-0.03114860275996031,0.704092,0.7249702051055531,0.4931345908768192,10.220511339186805,0.8246678912128932,0.761809594455299,svm,s-0-1-0,s-1-3-2
155,"[[  2125  68240]
 [ 16601 413034]]","(array([0.        , 0.96980033, 1.        ]), array([0.        , 0.96136022, 1.        ]), array([2, 1, 0]))",0.9613602243765056,-0.01545813812567891,0.830318,0.8582096685048434,0.4957799487547276,5.86071778529851,0.906861168349418,0.8770301151171833,svm,s-0-1-0,s-1-3-3
156,"[[  1941  65770]
 [  9566 172723]]","(array([0.        , 0.97133405, 1.        ]), array([0.        , 0.94752289, 1.        ]), array([2, 1, 0]))",0.9475228894776975,-0.05049769686355863,0.698656,0.7242267068635138,0.4880944187017204,10.408263392039904,0.8209619232761858,0.7600498477022445,svm,s-0-1-0,s-1-4-0
157,"[[  924 22207]
 [ 6709 20160]]","(array([0.        , 0.96005361, 1.        ]), array([0.        , 0.75030705, 1.        ]), array([2, 1, 0]))",0.7503070452938331,-0.2907745017378419,0.42168,0.47584204687610643,0.3951267187906198,19.974820297907392,0.5823559997689063,0.5134029754962133,svm,s-0-1-0,s-1-4-1
158,"[[  2044  66053]
 [  8025 173878]]","(array([0.        , 0.96998399, 1.        ]), array([0.        , 0.95588308, 1.        ]), array([2, 1, 0]))",0.9558830805429267,-0.03192969701359227,0.703688,0.7247000179218192,0.4929495435608887,10.234465174365,0.8243906370752476,0.7615359482563043,svm,s-0-1-0,s-1-4-2
159,"[[  2122  68377]
 [ 16189 413312]]","(array([0.        , 0.96990028, 1.        ]), array([0.        , 0.96230742, 1.        ]), array([2, 1, 0]))",0.9623074218686336,-0.014068234141020328,0.830868,0.8580474123345146,0.4962035697975631,5.841721677371001,0.9071916943776819,0.877052036344083,svm,s-0-1-0,s-1-4-3
160,"[[ 59649  65680]
 [ 12586 112085]]","(array([0.        , 0.52406067, 1.        ]), array([0.        , 0.89904629, 1.        ]), array([2, 1, 0]))",0.8990462898348454,0.4136434506336651,0.686936,0.6305234438725283,0.6874928087621832,10.813057563533182,0.7412146702112182,0.6705806054819075,svm,s-0-1-0,s-2-1-0
161,"[[12131 12960]
 [ 2288 22621]]","(array([0.        , 0.51651987, 1.        ]), array([0.        , 0.90814565, 1.        ]), array([2, 1, 0]))",0.9081456501666064,0.43224677471619605,0.69504,0.6357606587785616,0.6958128912424838,10.533152505045868,0.7479252769052736,0.6763318244604833,svm,s-0-1-0,s-2-1-1
162,"[[ 59700  65100]
 [ 12835 112365]]","(array([0.        , 0.52163462, 1.        ]), array([0.        , 0.89748403, 1.        ]), array([2, 1, 0]))",0.8974840255591054,0.41408849641133455,0.68826,0.6331671033724959,0.687924705087245,10.767326368520278,0.7425040886789024,0.6727959667568797,svm,s-0-1-0,s-2-1-2
163,"[[119505 130728]
 [ 24479 225288]]","(array([0.       , 0.5224251, 1.       ]), array([0.        , 0.90199266, 1.        ]), array([2, 1, 0]))",0.9019926571564698,0.4191186915919381,0.689586,0.6328030200889848,0.6897837786747449,10.721528795395516,0.7437910935103824,0.6729711661452082,svm,s-0-1-0,s-2-1-3
164,"[[ 59405  65082]
 [ 11005 114508]]","(array([0.        , 0.52280158, 1.        ]), array([0.        , 0.91231984, 1.        ]), array([2, 1, 0]))",0.9123198393791878,0.43298807111990717,0.695652,0.6376078846260927,0.6947591308522053,10.512015675838084,0.7506186435400504,0.6784670205113803,svm,s-0-1-0,s-2-2-0
165,"[[12082 13077]
 [ 2605 22236]]","(array([0.        , 0.51977424, 1.        ]), array([0.        , 0.89513305, 1.        ]), array([2, 1, 0]))",0.8951330461736645,0.4120443697958028,0.68636,0.6296831195310509,0.6876794051568668,10.832950955211679,0.7393024570269642,0.6693840197961383,svm,s-0-1-0,s-2-2-1
166,"[[ 60003  65274]
 [ 12661 112062]]","(array([0.        , 0.52103738, 1.        ]), array([0.        , 0.89848705, 1.        ]), array([2, 1, 0]))",0.8984870472968097,0.41563287136133314,0.68826,0.6319190688861822,0.6887248330667339,10.767326925040088,0.7419874925097415,0.67178056439111,svm,s-0-1-0,s-2-2-2
167,"[[120022 130360]
 [ 25530 224088]]","(array([0.        , 0.52064446, 1.        ]), array([0.        , 0.89772372, 1.        ]), array([2, 1, 0]))",0.8977237218469822,0.41503698700490643,0.68822,0.6322168555048977,0.6885396332873193,10.76870817544725,0.7419321729744763,0.6719643039204515,svm,s-0-1-0,s-2-2-3
168,"[[ 59985  64813]
 [ 12902 112300]]","(array([0.        , 0.51934326, 1.        ]), array([0.        , 0.89695053, 1.        ]), array([2, 1, 0]))",0.8969505279468379,0.4154316063254468,0.68914,0.6340584824377657,0.6888036346203845,10.736931327354908,0.7429336949870169,0.67354082149189,svm,s-0-1-0,s-2-3-0
169,"[[12058 13028]
 [ 2465 22449]]","(array([0.        , 0.51933349, 1.        ]), array([0.        , 0.90105965, 1.        ]), array([2, 1, 0]))",0.9010596451794172,0.4204242336482335,0.69014,0.6327761648391916,0.6908630761972985,10.702393596833437,0.7434551506019108,0.6728429104075003,svm,s-0-1-0,s-2-3-1
170,"[[ 59775  65199]
 [ 12835 112191]]","(array([0.        , 0.52170051, 1.        ]), array([0.        , 0.89734135, 1.        ]), array([2, 1, 0]))",0.8973413529985763,0.4137328650080133,0.687864,0.632453915102317,0.6878204196458626,10.781004040613247,0.7419647108618591,0.6721356456973878,svm,s-0-1-0,s-2-3-2
171,"[[119585 130224]
 [ 24693 225498]]","(array([0.        , 0.52129427, 1.        ]), array([0.       , 0.9013034, 1.       ]), array([2, 1, 0]))",0.9013034041991919,0.41935178854138844,0.690166,0.6339163728979371,0.6900045676889062,10.701495499092253,0.7443246802758812,0.6739012323984701,svm,s-0-1-0,s-2-3-3
172,"[[ 59867  65095]
 [ 12263 112775]]","(array([0.        , 0.52091836, 1.        ]), array([0.        , 0.90192581, 1.        ]), array([2, 1, 0]))",0.9019258145523761,0.4204691608486932,0.690568,0.6340304716928093,0.6905037276855925,10.687610856608877,0.7446155268266272,0.6740739589584444,svm,s-0-1-0,s-2-4-0
173,"[[12173 12802]
 [ 2721 22304]]","(array([0.        , 0.51259259, 1.        ]), array([0.        , 0.89126873, 1.        ]), array([2, 1, 0]))",0.8912687312687313,0.4140105255832706,0.68954,0.6353329915114225,0.6893380693380693,10.723113248489998,0.7418469674543912,0.6740445696256852,svm,s-0-1-0,s-2-4-1
174,"[[ 59933  65127]
 [ 12161 112779]]","(array([0.        , 0.52076603, 1.        ]), array([0.        , 0.90266528, 1.        ]), array([2, 1, 0]))",0.9026652793340804,0.4215158466964275,0.690848,0.6339246568412532,0.6909496235147933,10.677940101566767,0.744794383944315,0.6740608010863485,svm,s-0-1-0,s-2-4-2
175,"[[119680 129962]
 [ 22844 227514]]","(array([0.        , 0.52059349, 1.        ]), array([0.        , 0.90875466, 1.        ]), array([2, 1, 0]))",0.9087546633221227,0.42991659493166445,0.694388,0.6364455236155714,0.6940805867223091,10.555672366163892,0.748605704847047,0.6770194172099352,svm,s-0-1-0,s-2-4-3
176,"[[92033 99837]
 [19052 39078]]","(array([0.        , 0.52033669, 1.        ]), array([0.        , 0.67225185, 1.        ]), array([2, 1, 0]))",0.6722518493032857,0.12915241812986705,0.524444,0.2813087139617752,0.5759575815026357,16.425441664892695,0.39664036133878044,0.3183336320239821,svm,s-0-1-0,s-3-1-0
177,"[[18959 20679]
 [ 3562  6800]]","(array([0.        , 0.52169635, 1.        ]), array([0.        , 0.65624397, 1.        ]), array([2, 1, 0]))",0.6562439683458792,0.10961232041011251,0.51518,0.24746169802394555,0.5672738081802053,16.745420269285777,0.3593985359794931,0.2826784615640433,svm,s-0-1-0,s-3-1-1
178,"[[ 92050 100058]
 [ 19072  38820]]","(array([0.        , 0.52084244, 1.        ]), array([0.        , 0.67055897, 1.        ]), array([2, 1, 0]))",0.6705589718786706,0.12709691256697386,0.52348,0.2795259148317228,0.5748582645430373,16.45873775218152,0.39457234334502206,0.3164309329577244,svm,s-0-1-0,s-3-1-2
179,"[[159040 174165]
 [ 47368 119427]]","(array([0.        , 0.52269624, 1.        ]), array([0.        , 0.71601067, 1.        ]), array([2, 1, 0]))",0.7160106717827273,0.1851297346846981,0.556934,0.4067787950625358,0.5966572168655386,15.303236025960354,0.5188113478443136,0.44523670873711846,svm,s-0-1-0,s-3-1-3
180,"[[91860 99796]
 [17254 41090]]","(array([0.        , 0.52070376, 1.        ]), array([0.        , 0.70427122, 1.        ]), array([2, 1, 0]))",0.7042712189771013,0.15656001218586396,0.5318,0.2916542452763227,0.5917837290360732,16.171374294597754,0.41248807910455254,0.3303649531748482,svm,s-0-1-0,s-3-2-0
181,"[[18937 20718]
 [ 3366  6979]]","(array([0.        , 0.52245618, 1.        ]), array([0.        , 0.67462542, 1.        ]), array([2, 1, 0]))",0.6746254229096181,0.12400610986459269,0.51832,0.25197674838430156,0.5760846191587556,16.636969135091753,0.3669102570842753,0.2880717888601785,svm,s-0-1-0,s-3-2-1
182,"[[91948 99819]
 [18921 39312]]","(array([0.       , 0.5205223, 1.       ]), array([0.        , 0.67508114, 1.        ]), array([2, 1, 0]))",0.6750811395600432,0.1315068416876413,0.52504,0.28255385212497575,0.5772794195299785,16.40485649659032,0.3983705234997264,0.31973609084565124,svm,s-0-1-0,s-3-2-2
183,"[[159077 174155]
 [ 47921 118847]]","(array([0.        , 0.52262388, 1.        ]), array([0.        , 0.71264871, 1.        ]), array([2, 1, 0]))",0.7126487095845726,0.18189539322836754,0.555848,0.40561839168333325,0.5950124159628822,15.340745121133278,0.5169845792461448,0.44386439553741625,svm,s-0-1-0,s-3-2-3
184,"[[66655 72906]
 [20074 90365]]","(array([0.        , 0.52239523, 1.        ]), array([0.       , 0.8182345, 1.       ]), array([2, 1, 0]))",0.8182345004934851,0.30864724406259175,0.62808,0.5534663228619902,0.647919637733218,12.845894898596166,0.6602973950531584,0.5917634439303072,svm,s-0-1-0,s-3-3-0
185,"[[12466 13134]
 [ 2780 21620]]","(array([0.        , 0.51304688, 1.        ]), array([0.        , 0.88606557, 1.        ]), array([2, 1, 0]))",0.8860655737704918,0.40500943680921087,0.68172,0.6220866662830178,0.6865093493852459,10.993211789225132,0.7309733914866282,0.6615019337151808,svm,s-0-1-0,s-3-3-1
186,"[[67146 72442]
 [20311 90101]]","(array([0.        , 0.51897011, 1.        ]), array([0.        , 0.81604355, 1.        ]), array([2, 1, 0]))",0.8160435459913777,0.309324680956573,0.628988,0.5543210104403142,0.6485367169736812,12.814532205576755,0.6601894085105603,0.5923145898414902,svm,s-0-1-0,s-3-3-2
187,"[[159728 173174]
 [ 47564 119534]]","(array([0.        , 0.52019513, 1.        ]), array([0.        , 0.71535267, 1.        ]), array([2, 1, 0]))",0.7153526672970353,0.18686182434757007,0.558524,0.4083728493925687,0.5975787673977891,15.248317786690341,0.5199323192824801,0.4467124587982929,svm,s-0-1-0,s-3-3-3
188,"[[66732 72598]
 [20518 90152]]","(array([0.        , 0.52105074, 1.        ]), array([0.        , 0.81460197, 1.        ]), array([2, 1, 0]))",0.8146019698201862,0.30589892943055824,0.627536,0.5539293394777266,0.6467756134897242,12.86468300785096,0.6594396898544364,0.591804849869366,svm,s-0-1-0,s-3-4-0
189,"[[12433 13145]
 [ 2755 21667]]","(array([0.        , 0.51391821, 1.        ]), array([0.        , 0.88719188, 1.        ]), array([2, 1, 0]))",0.8871918761772173,0.4057293960097148,0.682,0.6224003217281397,0.6866368326073357,10.983541107745998,0.7315730830266401,0.6619111627054439,svm,s-0-1-0,s-3-4-1
190,"[[66884 72764]
 [15313 95039]]","(array([0.        , 0.52105293, 1.        ]), array([0.        , 0.86123496, 1.        ]), array([2, 1, 0]))",0.8612349572277802,0.3595762355142906,0.647692,0.5663724724826136,0.6700910120694356,12.168519961767835,0.6833528068882458,0.6080052305377422,svm,s-0-1-0,s-3-4-2
191,"[[158983 173967]
 [ 46973 120077]]","(array([0.        , 0.52250188, 1.        ]), array([0.        , 0.71880874, 1.        ]), array([2, 1, 0]))",0.718808739898234,0.18812861004811207,0.55812,0.4083640543592115,0.5981534313697507,15.262272720515414,0.520835230994114,0.44697243799628655,svm,s-0-1-0,s-3-4-3
192,"[[183959   2038]
 [ 57333   6670]]","(array([0.        , 0.01095717, 1.        ]), array([0.        , 0.10421386, 1.        ]), array([2, 1, 0]))",0.1042138649750793,0.22197420138289495,0.762516,0.7659623334864493,0.5466283494996419,8.202413291687218,0.1834660505288058,0.337431071988668,svm,s-2-3-0,s-0-1-0
193,"[[38081   390]
 [10352  1177]]","(array([0.        , 0.01013751, 1.        ]), array([0.        , 0.10209038, 1.        ]), array([2, 1, 0]))",0.10209038077890537,0.22229141189427992,0.78516,0.7511167836630505,0.545976437302712,7.420316957542567,0.1797495418448381,0.3306737090520875,svm,s-2-3-0,s-0-1-1
194,"[[184152   2066]
 [ 57224   6558]]","(array([0.        , 0.01109452, 1.        ]), array([0.        , 0.10281898, 1.        ]), array([2, 1, 0]))",0.10281897714088614,0.21910062257865562,0.76284,0.7604359925788498,0.5458622267590176,8.191222817690184,0.18114520896058336,0.33364537332872063,svm,s-2-3-0,s-0-1-2
195,"[[321562   3593]
 [156550  18295]]","(array([0.        , 0.01105011, 1.        ]), array([0.        , 0.10463553, 1.        ]), array([2, 1, 0]))",0.10463553433040693,0.21812837182088787,0.679714,0.8358461257309941,0.5467927098848293,11.0622922823275,0.18598811587278186,0.34861297956912607,svm,s-2-3-0,s-0-1-3
196,"[[183854   2040]
 [ 57464   6642]]","(array([0.      , 0.010974, 1.      ]), array([0.        , 0.10360965, 1.        ]), array([2, 1, 0]))",0.10360964652294637,0.22093037637111712,0.761984,0.7650310988251555,0.5463178252948901,8.220787927126091,0.18250261032038248,0.3360179695246575,svm,s-2-3-0,s-0-2-0
197,"[[38135   420]
 [10281  1164]]","(array([0.        , 0.01089353, 1.        ]), array([0.       , 0.1017038, 1.       ]), array([2, 1, 0]))",0.10170380078636959,0.21782673767624408,0.78598,0.7348484848484849,0.5454051360305858,7.391995640657198,0.17867833294957403,0.32731567403408135,svm,s-2-3-0,s-0-2-1
198,"[[183856   2053]
 [ 57461   6630]]","(array([0.        , 0.01104304, 1.        ]), array([0.        , 0.10344666, 1.        ]), array([2, 1, 0]))",0.10344666177778471,0.22034788131833996,0.761944,0.7635609812276862,0.5462018122964628,8.222169519760955,0.18220793140407285,0.3354482256154943,svm,s-2-3-0,s-0-2-2
199,"[[321562   3593]
 [156550  18295]]","(array([0.        , 0.01105011, 1.        ]), array([0.        , 0.10463553, 1.        ]), array([2, 1, 0]))",0.10463553433040693,0.21812837182088787,0.679714,0.8358461257309941,0.5467927098848293,11.0622922823275,0.18598811587278186,0.34861297956912607,svm,s-2-3-0,s-0-2-3
200,"[[136351   1505]
 [100430  11714]]","(array([0.        , 0.01091719, 1.        ]), array([0.        , 0.10445499, 1.        ]), array([2, 1, 0]))",0.104454986445998,0.20788122664688993,0.59226,0.8861487253196157,0.5467688987476044,14.082845500837411,0.18688129671434156,0.35492667555447827,svm,s-2-3-0,s-0-3-0
201,"[[25122   269]
 [22019  2590]]","(array([0.        , 0.01059431, 1.        ]), array([0.        , 0.10524605, 1.        ]), array([2, 1, 0]))",0.10524604819375026,0.2038022757095924,0.55424,0.9059111577474641,0.5473258715625126,15.396009267629562,0.18858307849133538,0.35927313080871137,svm,s-2-3-0,s-0-3-1
202,"[[136500   1527]
 [100098  11875]]","(array([0.        , 0.01106305, 1.        ]), array([0.        , 0.10605235, 1.        ]), array([2, 1, 0]))",0.10605235190626312,0.20971187481282363,0.5935,0.8860617818236084,0.5474946495126525,14.040017488472294,0.18943170488534397,0.35858582808414013,svm,s-2-3-0,s-0-3-2
203,"[[321562   3593]
 [156550  18295]]","(array([0.        , 0.01105011, 1.        ]), array([0.        , 0.10463553, 1.        ]), array([2, 1, 0]))",0.10463553433040693,0.21812837182088787,0.679714,0.8358461257309941,0.5467927098848293,11.062292282327496,0.18598811587278186,0.34861297956912607,svm,s-2-3-0,s-0-3-3
204,"[[136247   1570]
 [100503  11680]]","(array([0.        , 0.01139192, 1.        ]), array([0.       , 0.1041156, 1.       ]), array([2, 1, 0]))",0.10411559683731046,0.20585083864394269,0.591708,0.8815094339622641,0.5463618392844409,14.101911113302734,0.18623488236747907,0.35354727786757717,svm,s-2-3-0,s-0-4-0
205,"[[25059   285]
 [22028  2628]]","(array([0.        , 0.01124527, 1.        ]), array([0.        , 0.10658663, 1.        ]), array([2, 1, 0]))",0.10658663205710578,0.20349770307981005,0.55374,0.90216271884655,0.5476706834527953,15.413278911698194,0.19064891726214225,0.361903712680401,svm,s-2-3-0,s-0-4-1
206,"[[136323   1490]
 [100417  11770]]","(array([0.        , 0.01081175, 1.        ]), array([0.        , 0.10491412, 1.        ]), array([2, 1, 0]))",0.10491411660887626,0.20883789780737844,0.592372,0.8876319758672699,0.547051182225984,14.078977109905336,0.18764896729296038,0.3561766539367053,svm,s-2-3-0,s-0-4-2
207,"[[321562   3593]
 [156550  18295]]","(array([0.        , 0.01105011, 1.        ]), array([0.        , 0.10463553, 1.        ]), array([2, 1, 0]))",0.10463553433040693,0.21812837182088787,0.679714,0.8358461257309941,0.5467927098848293,11.062292282327496,0.18598811587278186,0.34861297956912607,svm,s-2-3-0,s-0-4-3
208,"[[  1038   7775]
 [  7558 233629]]","(array([0.        , 0.88221945, 1.        ]), array([0.        , 0.96866332, 1.        ]), array([2, 1, 0]))",0.9686633193331315,0.08748882905233332,0.938668,0.9677925800732382,0.5432219353956025,2.1183571013327414,0.9682277539365632,0.9679666026683725,svm,s-2-3-0,s-1-1-0
209,"[[   97  1239]
 [ 1501 47163]]","(array([0.        , 0.92739521, 1.        ]), array([0.        , 0.96915584, 1.        ]), array([2, 1, 0]))",0.9691558441558441,0.03828725043770462,0.9452,0.9744018842196603,0.5208803172875028,1.8927447604654264,0.9717717841468692,0.9733481376304319,svm,s-2-3-0,s-1-1-1
210,"[[  1084   7865]
 [  7015 234036]]","(array([0.        , 0.87886915, 1.        ]), array([0.        , 0.97089827, 1.        ]), array([2, 1, 0]))",0.9708982746389768,0.09656783500793735,0.94048,0.967486699104179,0.5460145636241034,2.0557731263602386,0.9691894846692839,0.968167094828549,svm,s-2-3-0,s-1-1-2
211,"[[  2091  68418]
 [ 11680 417811]]","(array([0.        , 0.97034421, 1.        ]), array([0.        , 0.97280502, 1.        ]), array([2, 1, 0]))",0.9728050180329739,0.005233275956498849,0.839804,0.8592885245429622,0.5012304033278515,5.53308323707307,0.912530031013847,0.8798217828704177,svm,s-2-3-0,s-1-1-3
212,"[[  1002   7911]
 [  7453 233634]]","(array([0.        , 0.88757994, 1.        ]), array([0.        , 0.96908585, 1.        ]), array([2, 1, 0]))",0.9690858486770336,0.08360497365802724,0.938544,0.9672483388188536,0.5407529546313474,2.122640344586712,0.9681662218833397,0.9676152831146714,svm,s-2-3-0,s-1-2-0
213,"[[  150  1235]
 [ 1530 47085]]","(array([0.        , 0.89169675, 1.        ]), array([0.        , 0.96852823, 1.        ]), array([2, 1, 0]))",0.9685282320271521,0.0699731030152367,0.9447,0.9744412251655629,0.5384157405623126,1.9100140846950873,0.9714757311600557,0.9732528576448458,svm,s-2-3-0,s-1-2-1
214,"[[  1108   7713]
 [  7233 233946]]","(array([0.        , 0.87439066, 1.        ]), array([0.        , 0.97000983, 1.        ]), array([2, 1, 0]))",0.9700098267262075,0.09823428066525357,0.940216,0.9680831253957022,0.5478095840353632,2.0648908771732573,0.9690455183726219,0.9684678531066429,svm,s-2-3-0,s-1-2-2
215,"[[  2098  68413]
 [ 12435 417054]]","(array([0.        , 0.97024578, 1.        ]), array([0.        , 0.97104699, 1.        ]), array([2, 1, 0]))",0.9710469883978402,0.0016599459488462365,0.838304,0.8590779599849218,0.5004006055716137,5.584891393669462,0.9116372809184267,0.8793572625294294,svm,s-2-3-0,s-1-2-3
216,"[[  2076  65924]
 [  4264 177736]]","(array([0.        , 0.96947059, 1.        ]), array([0.        , 0.97657143, 1.        ]), array([2, 1, 0]))",0.9765714285714285,0.020098476992652485,0.719248,0.729442666010014,0.5035504201680672,9.697041401067919,0.8351078325424048,0.7683289528288838,svm,s-2-3-0,s-1-3-0
217,"[[  687 22353]
 [  746 26214]]","(array([0.        , 0.97018229, 1.        ]), array([0.        , 0.97232938, 1.        ]), array([2, 1, 0]))",0.9723293768545994,0.006414410105324375,0.53802,0.539749212428192,0.5010735425939664,15.956581386947981,0.6941623525361792,0.5924656915037879,svm,s-2-3-0,s-1-3-1
218,"[[  2051  65998]
 [  4244 177707]]","(array([0.        , 0.96985995, 1.        ]), array([0.        , 0.97667504, 1.        ]), array([2, 1, 0]))",0.9766750388840951,0.019361067040894665,0.719032,0.729188978478078,0.5034075425136577,9.704502013450059,0.8349794200011276,0.7681165935176452,svm,s-2-3-0,s-1-3-2
219,"[[  2132  68233]
 [ 12278 417357]]","(array([0.        , 0.96970085, 1.        ]), array([0.        , 0.97142225, 1.        ]), array([2, 1, 0]))",0.971422253773552,0.0035780398918837607,0.838978,0.8594843386395931,0.5008607040913522,5.561611970524215,0.912031467671884,0.8797594430005122,svm,s-2-3-0,s-1-3-3
220,"[[  1940  65771]
 [  5131 177158]]","(array([0.        , 0.97134882, 1.        ]), array([0.        , 0.97185239, 1.        ]), array([2, 1, 0]))",0.9718523882406508,0.0013498560376561065,0.716392,0.7292583429726381,0.5002517837586411,9.795683657098156,0.8332572939057143,0.767578996624798,svm,s-2-3-0,s-1-4-0
221,"[[ 1028 22103]
 [  868 26001]]","(array([0.        , 0.95555748, 1.        ]), array([0.        , 0.96769511, 1.        ]), array([2, 1, 0]))",0.9676951133276266,0.031684533382277905,0.54058,0.5405163811741227,0.5060688181743402,15.86815812138986,0.6936096994918171,0.5928586086599631,svm,s-2-3-0,s-1-4-1
222,"[[  2047  66050]
 [  4234 177669]]","(array([0.        , 0.96993994, 1.        ]), array([0.        , 0.97672386, 1.        ]), array([2, 1, 0]))",0.9767238583200937,0.019297699037751626,0.718864,0.7289911742621625,0.5033919598515605,9.710304694200664,0.8348675585378577,0.7679470322334689,svm,s-2-3-0,s-1-4-2
223,"[[  2136  68363]
 [ 12034 417467]]","(array([0.       , 0.9697017, 1.       ]), array([0.        , 0.97198144, 1.        ]), array([2, 1, 0]))",0.9719814389256369,0.004781145868728145,0.839206,0.8592861700594858,0.5011398705146065,5.553737337401513,0.9121661999866715,0.879684982558735,svm,s-2-3-0,s-1-4-3
224,"[[ 74432  50897]
 [  4033 120638]]","(array([0.        , 0.40610713, 1.        ]), array([0.        , 0.96765086, 1.        ]), array([2, 1, 0]))",0.9676508570557708,0.6050311417957028,0.78028,0.7032850438685982,0.7807718655057596,7.589022737931395,0.8145547355556606,0.743934159748696,svm,s-2-3-0,s-2-1-0
225,"[[15058 10033]
 [  811 24098]]","(array([0.        , 0.39986449, 1.        ]), array([0.        , 0.96744149, 1.        ]), array([2, 1, 0]))",0.9674414870127264,0.6096949929802968,0.78312,0.7060443585010694,0.7837884968840684,7.490930271748571,0.8163279132791328,0.7463777542386005,svm,s-2-3-0,s-2-1-1
226,"[[ 74501  50299]
 [  4067 121133]]","(array([0.        , 0.40303686, 1.        ]), array([0.        , 0.96751597, 1.        ]), array([2, 1, 0]))",0.9675159744408945,0.6079789468660179,0.782536,0.7065950347659713,0.7822395577332678,7.511101345747423,0.8167224035168154,0.7468788844385691,svm,s-2-3-0,s-2-1-2
227,"[[148997 101236]
 [  8287 241480]]","(array([0.        , 0.40456694, 1.        ]), array([0.        , 0.96682108, 1.        ]), array([2, 1, 0]))",0.9668210772439914,0.6054287133419758,0.780954,0.7046067297704222,0.7811270668177173,7.565742710290493,0.8151457510173288,0.7450184526891069,svm,s-2-3-0,s-2-1-3
228,"[[ 74096  50391]
 [  4139 121374]]","(array([0.        , 0.40478926, 1.        ]), array([0.        , 0.96702334, 1.        ]), array([2, 1, 0]))",0.9670233362281198,0.6062554323645689,0.78188,0.7066282420749279,0.7811170405625887,7.533759077314338,0.8165690027516331,0.7468498214929613,svm,s-2-3-0,s-2-2-0
229,"[[14969 10190]
 [  828 24013]]","(array([0.        , 0.40502405, 1.        ]), array([0.        , 0.96666801, 1.        ]), array([2, 1, 0]))",0.966668008534278,0.6040500291547093,0.77964,0.7020729175803292,0.780821980736792,7.611127724338792,0.8133934015310614,0.7427328908216984,svm,s-2-3-0,s-2-2-1
230,"[[ 74808  50469]
 [  4067 120656]]","(array([0.        , 0.40285926, 1.        ]), array([0.        , 0.96739174, 1.        ]), array([2, 1, 0]))",0.9673917400960529,0.6073953473415539,0.781856,0.7050752373995617,0.7822662381123957,7.534588257422213,0.8156620967523863,0.7455052562767,svm,s-2-3-0,s-2-2-2
231,"[[149344 101038]
 [  8324 241294]]","(array([0.       , 0.4035354, 1.       ]), array([0.        , 0.96665305, 1.        ]), array([2, 1, 0]))",0.966653045854065,0.605958820928296,0.781276,0.7048537676875081,0.7815588239710373,7.554620907650749,0.8152512881155503,0.7452194205365713,svm,s-2-3-0,s-2-2-3
232,"[[ 74705  50093]
 [  4279 120923]]","(array([0.        , 0.40139265, 1.        ]), array([0.        , 0.96582323, 1.        ]), array([2, 1, 0]))",0.9658232296608681,0.6070605992791291,0.782512,0.7070858867006596,0.7822152895688113,7.5119296175126165,0.8164459958544046,0.7471152871861664,svm,s-2-3-0,s-2-3-0
233,"[[15017 10069]
 [  760 24154]]","(array([0.        , 0.40137926, 1.        ]), array([0.        , 0.96949506, 1.        ]), array([2, 1, 0]))",0.9694950630167777,0.6112277471987929,0.78342,0.7057826607836835,0.7840579038276108,7.480569214540249,0.8168828313915145,0.746387649407315,svm,s-2-3-0,s-2-3-1
234,"[[ 74425  50549]
 [  4025 121001]]","(array([0.        , 0.40447613, 1.        ]), array([0.       , 0.9678067, 1.       ]), array([2, 1, 0]))",0.967806696207189,0.6069899273495521,0.781704,0.7053395511512679,0.7816652825859667,7.539838407305419,0.815986458782909,0.745790938653347,svm,s-2-3-0,s-2-3-2
235,"[[148931 100878]
 [  8236 241955]]","(array([0.        , 0.40382052, 1.        ]), array([0.        , 0.96708115, 1.        ]), array([2, 1, 0]))",0.9670811500013989,0.606634755106045,0.781772,0.7057517800211764,0.7816303155624886,7.537489418687694,0.816004074034103,0.7460732903572751,svm,s-2-3-0,s-2-3-3
236,"[[ 74460  50502]
 [  4207 120831]]","(array([0.        , 0.40413886, 1.        ]), array([0.        , 0.96635423, 1.        ]), array([2, 1, 0]))",0.9663542283145924,0.605335164746543,0.781164,0.7052406716744585,0.7811076850508478,7.558489196234353,0.8154036663506212,0.7455298197119834,svm,s-2-3-0,s-2-4-0
237,"[[14976  9999]
 [  864 24161]]","(array([0.        , 0.40036036, 1.        ]), array([0.        , 0.96547453, 1.        ]), array([2, 1, 0]))",0.9654745254745255,0.6073506006402613,0.78274,0.7072892271662764,0.7825570825570826,7.504054463052385,0.8164568725183746,0.7472551263415087,svm,s-2-3-0,s-2-4-1
238,"[[ 74617  50443]
 [  4052 120888]]","(array([0.        , 0.40335039, 1.        ]), array([0.        , 0.96756843, 1.        ]), array([2, 1, 0]))",0.967568432847767,0.6074872145567433,0.78202,0.7055815935236472,0.7821090205179182,7.528923814935318,0.8160636714359488,0.7459790882971475,svm,s-2-3-0,s-2-4-2
239,"[[149014 100628]
 [  8164 242194]]","(array([0.        , 0.40308922, 1.        ]), array([0.       , 0.9673907, 1.       ]), array([2, 1, 0]))",0.9673906965225797,0.6077437843556042,0.782416,0.706471580003617,0.7821507363770716,7.5152460468906535,0.8165952999089652,0.7467536071374394,svm,s-2-3-0,s-2-4-3
240,"[[114190  77680]
 [  1839  56291]]","(array([0.        , 0.40485746, 1.        ]), array([0.        , 0.96836401, 1.        ]), array([2, 1, 0]))",0.9683640116979184,0.4773247989368107,0.681924,0.42017302251979904,0.7817532780645218,10.98620429150112,0.5860562933040432,0.47381879888352796,svm,s-2-3-0,s-3-1-0
241,"[[23369 16269]
 [  339 10023]]","(array([0.        , 0.41043948, 1.        ]), array([0.        , 0.96728431, 1.        ]), array([2, 1, 0]))",0.9672843080486393,0.452014724175914,0.66784,0.3812186216339571,0.7784224153896762,11.472660140345369,0.5468980193157637,0.433783432874578,svm,s-2-3-0,s-3-1-1
242,"[[114524  77584]
 [  1883  56009]]","(array([0.        , 0.40385616, 1.        ]), array([0.        , 0.96747392, 1.        ]), array([2, 1, 0]))",0.9674739169488012,0.4766342715040827,0.682132,0.4192510086606334,0.7818088763539268,10.979019918965568,0.5849962138026477,0.4728381262410006,svm,s-2-3-0,s-3-1-2
243,"[[198373 134832]
 [  5442 161353]]","(array([0.        , 0.40465179, 1.        ]), array([0.        , 0.96737312, 1.        ]), array([2, 1, 0]))",0.9673731226955244,0.5399344594542598,0.719452,0.5447710046086061,0.7813606658780063,9.690000262680819,0.6970193096894033,0.5969249778955039,svm,s-2-3-0,s-3-1-3
244,"[[114302  77354]
 [  1960  56384]]","(array([0.        , 0.40360855, 1.        ]), array([0.        , 0.96640614, 1.        ]), array([2, 1, 0]))",0.9664061428767311,0.4772712077831874,0.682744,0.4216004426565374,0.7813987971135335,10.957881452182246,0.5870826001395237,0.4751759661282058,svm,s-2-3-0,s-3-2-0
245,"[[23537 16118]
 [  363  9982]]","(array([0.        , 0.40645568, 1.        ]), array([0.        , 0.96491058, 1.        ]), array([2, 1, 0]))",0.9649105848235863,0.452879987520044,0.67038,0.3824521072796935,0.7792274522907491,11.384929233518054,0.5477843325559062,0.43496448646999863,svm,s-2-3-0,s-3-2-1
246,"[[114431  77336]
 [  1939  56294]]","(array([0.        , 0.40328107, 1.        ]), array([0.        , 0.96670273, 1.        ]), array([2, 1, 0]))",0.9667027286933526,0.47745512515482974,0.6829,0.4212676794133054,0.7817108318254395,10.952493345493624,0.5868145499653399,0.4748520884753009,svm,s-2-3-0,s-3-2-2
247,"[[198474 134758]
 [  5441 161327]]","(array([0.        , 0.40439694, 1.        ]), array([0.        , 0.96737384, 1.        ]), array([2, 1, 0]))",0.9673738367072819,0.5401165631298829,0.719602,0.5448671834101694,0.7814884500192674,9.68481932788116,0.6970982147679717,0.597017410895354,svm,s-2-3-0,s-3-2-3
248,"[[ 83082  56479]
 [  3554 106885]]","(array([0.        , 0.40469042, 1.        ]), array([0.        , 0.96781934, 1.        ]), array([2, 1, 0]))",0.9678193391827162,0.5876567415429614,0.759868,0.6542751156925638,0.7815644585366938,8.29404609511573,0.7807438194614376,0.699605312248411,svm,s-2-3-0,s-3-3-0
249,"[[15303 10297]
 [  759 23641]]","(array([0.        , 0.40222656, 1.        ]), array([0.        , 0.96889344, 1.        ]), array([2, 1, 0]))",0.9688934426229509,0.606596349821621,0.77888,0.6965937886734633,0.7833334400614754,7.6373789055374255,0.8104837327299531,0.7380800739297667,svm,s-2-3-0,s-3-3-1
250,"[[ 83419  56169]
 [  3618 106794]]","(array([0.        , 0.40239132, 1.        ]), array([0.        , 0.96723182, 1.        ]), array([2, 1, 0]))",0.9672318226279752,0.5887915207812723,0.760852,0.6553266692439388,0.7824202497958055,8.260058947642326,0.7813004115226337,0.70050533673373,svm,s-2-3-0,s-3-3-2
251,"[[198917 133985]
 [  5494 161604]]","(array([0.       , 0.4024758, 1.       ]), array([0.        , 0.96712109, 1.        ]), array([2, 1, 0]))",0.967121090617482,0.5417803756401687,0.721042,0.5467185856036592,0.7823226434637536,9.635082253694867,0.6985456691024385,0.5987755047597029,svm,s-2-3-0,s-3-3-3
252,"[[ 83207  56123]
 [  3667 107003]]","(array([0.        , 0.40280629, 1.        ]), array([0.        , 0.96686546, 1.        ]), array([2, 1, 0]))",0.9668654558597632,0.5883766561093008,0.76084,0.6559530669543788,0.7820295843140056,8.260473265833136,0.781625735949393,0.7010393435835078,svm,s-2-3-0,s-3-4-0
253,"[[15173 10405]
 [  797 23625]]","(array([0.       , 0.4067949, 1.       ]), array([0.        , 0.96736549, 1.        ]), array([2, 1, 0]))",0.9673654901318484,0.6009948908688303,0.77596,0.6942403761387012,0.7802852941315275,7.738233859741014,0.808355573804147,0.7357887655566768,svm,s-2-3-0,s-3-4-1
254,"[[ 83272  56376]
 [  3652 106700]]","(array([0.        , 0.40370073, 1.        ]), array([0.       , 0.9669059, 1.       ]), array([2, 1, 0]))",0.9669059011164274,0.5872313311012209,0.759888,0.654296156393338,0.7816025839221,8.293354990153691,0.7804614011732521,0.6995290143918096,svm,s-2-3-0,s-3-4-2
255,"[[198462 134488]
 [  5349 161701]]","(array([0.        , 0.40392852, 1.        ]), array([0.        , 0.96797965, 1.        ]), array([2, 1, 0]))",0.9679796468123316,0.5414183235752367,0.720326,0.5459385730057497,0.7820255645084334,9.659812821988632,0.6981320657371247,0.5980924777667801,svm,s-2-3-0,s-3-4-3
256,"[[  9325 176672]
 [     3  64000]]","(array([0.        , 0.94986478, 1.        ]), array([0.        , 0.99995313, 1.        ]), array([2, 1, 0]))",0.9999531271971627,0.11534074712260885,0.2933,0.26592208482914503,0.5250441722159246,24.40911834419213,0.4201197997866579,0.3116809244456219,svm,s-1-1-0,s-0-1-0
257,"[[ 1913 36558]
 [    1 11528]]","(array([0.        , 0.95027423, 1.        ]), array([0.        , 0.99991326, 1.        ]), array([2, 1, 0]))",0.9999132622083442,0.1089696479776972,0.26882,0.23973713762841575,0.5248195148347744,25.254647158087856,0.38674830160194584,0.28272502979796243,svm,s-1-1-0,s-0-1-1
258,"[[  9361 176857]
 [     5  63777]]","(array([0.        , 0.94973096, 1.        ]), array([0.        , 0.99992161, 1.        ]), array([2, 1, 0]))",0.9999216079771722,0.11521980134430013,0.292552,0.2650373596416134,0.5250953237450007,24.43495394063762,0.41901214128035325,0.31070779232167806,svm,s-1-1-0,s-0-1-2
259,"[[ 15950 309205]
 [    13 174832]]","(array([0.        , 0.95094647, 1.        ]), array([0.        , 0.99992565, 1.        ]), array([2, 1, 0]))",0.9999256484314679,0.13285771263523893,0.381564,0.3611955284410076,0.524489588374366,21.36051719760979,0.5306929010050357,0.41409895722060663,svm,s-1-1-0,s-0-1-3
260,"[[  9507 176387]
 [     6  64100]]","(array([0.        , 0.94885795, 1.        ]), array([0.        , 0.99990641, 1.        ]), array([2, 1, 0]))",0.9999064050166911,0.11650915881693898,0.294428,0.2665424742293762,0.5255242268555542,24.370157692877598,0.4208895148608143,0.3123617275504018,svm,s-1-1-0,s-0-2-0
261,"[[ 1970 36585]
 [    1 11444]]","(array([0.        , 0.94890416, 1.        ]), array([0.        , 0.99991263, 1.        ]), array([2, 1, 0]))",0.999912625600699,0.1101274042763181,0.26828,0.2382727102375648,0.5255042313582539,25.273298529123714,0.38484043447556915,0.28109510171398255,svm,s-1-1-0,s-0-2-1
262,"[[  9347 176562]
 [     5  64086]]","(array([0.        , 0.94972271, 1.        ]), array([0.        , 0.99992199, 1.        ]), array([2, 1, 0]))",0.9999219859262611,0.11550552913745181,0.293732,0.2663059738705495,0.5250996360627116,24.394197240966662,0.420595985417029,0.31210217759522657,svm,s-1-1-0,s-0-2-2
263,"[[ 15950 309205]
 [    13 174832]]","(array([0.        , 0.95094647, 1.        ]), array([0.        , 0.99992565, 1.        ]), array([2, 1, 0]))",0.9999256484314679,0.13285771263523893,0.381564,0.3611955284410076,0.524489588374366,21.360517197609784,0.5306929010050357,0.41409895722060663,svm,s-1-1-0,s-0-2-3
264,"[[  6523 131333]
 [     6 112138]]","(array([0.        , 0.95268251, 1.        ]), array([0.       , 0.9999465, 1.       ]), array([2, 1, 0]))",0.9999464973605364,0.14739551463628037,0.474644,0.46058052088339063,0.5236319940377426,18.145573465841892,0.6306708097239992,0.516275823459432,svm,s-1-1-0,s-0-3-0
265,"[[ 1232 24159]
 [    3 24606]]","(array([0.        , 0.95147887, 1.        ]), array([0.        , 0.99987809, 1.        ]), array([2, 1, 0]))",0.9998780933804705,0.15589697259185323,0.51676,0.5045832051676408,0.5241996114572787,16.690904654562964,0.6707007931965002,0.5600699233847289,svm,s-1-1-0,s-0-3-1
266,"[[  6672 131355]
 [    10 111963]]","(array([0.        , 0.95166163, 1.        ]), array([0.        , 0.99991069, 1.        ]), array([2, 1, 0]))",0.9999106927562894,0.14876035137250196,0.47454,0.46015091361921434,0.5241245306681749,18.149165568951542,0.6302608284476668,0.5158420448838742,svm,s-1-1-0,s-0-3-2
267,"[[ 15950 309205]
 [    13 174832]]","(array([0.        , 0.95094647, 1.        ]), array([0.        , 0.99992565, 1.        ]), array([2, 1, 0]))",0.9999256484314679,0.13285771263523893,0.381564,0.3611955284410076,0.524489588374366,21.36051719760979,0.5306929010050357,0.41409895722060663,svm,s-1-1-0,s-0-3-3
268,"[[  6459 131358]
 [     7 112176]]","(array([0.       , 0.9531335, 1.       ]), array([0.       , 0.9999376, 1.       ]), array([2, 1, 0]))",0.9999376019539502,0.1466564463751565,0.47454,0.46061740865751805,0.5234020494151214,18.149165578546707,0.6307036211370275,0.5163124275650154,svm,s-1-1-0,s-0-4-0
269,"[[ 1164 24180]
 [    1 24655]]","(array([0.        , 0.95407197, 1.        ]), array([0.        , 0.99995944, 1.        ]), array([2, 1, 0]))",0.9999594419208306,0.15207732561754922,0.51638,0.5048633152452134,0.5229437361119305,16.704029725423947,0.6709665129063423,0.560351097292678,svm,s-1-1-0,s-0-4-1
270,"[[  6608 131205]
 [    12 112175]]","(array([0.        , 0.95205097, 1.        ]), array([0.        , 0.99989304, 1.        ]), array([2, 1, 0]))",0.9998930357349782,0.14820227409294345,0.475132,0.46090475799161806,0.5239210340597207,18.128718133567297,0.6309640658441307,0.5165988613870961,svm,s-1-1-0,s-0-4-2
271,"[[ 15950 309205]
 [    13 174832]]","(array([0.        , 0.95094647, 1.        ]), array([0.        , 0.99992565, 1.        ]), array([2, 1, 0]))",0.9999256484314679,0.13285771263523893,0.381564,0.3611955284410076,0.524489588374366,21.360517197609795,0.5306929010050357,0.41409895722060663,svm,s-1-1-0,s-0-4-3
272,"[[     3   8810]
 [     5 241182]]","(array([0.        , 0.99965959, 1.        ]), array([0.        , 0.99997927, 1.        ]), array([2, 1, 0]))",0.9999792691977594,0.010421734922019496,0.96474,0.9647588722839131,0.5001598377079232,1.2178654334979917,0.9820533858328634,0.9716030632757391,svm,s-1-1-0,s-1-1-0
273,"[[    0  1336]
 [    1 48663]]","(array([0., 1., 1.]), array([0.        , 0.99997945, 1.        ]), array([2, 1, 0]))",0.999979450928818,-0.0007410007851722202,0.97326,0.9732794655893118,0.499989725464409,0.9235882460432473,0.986448820733203,0.9785047856510899,svm,s-1-1-0,s-1-1-1
274,"[[     1   8948]
 [     9 241042]]","(array([0.        , 0.99988826, 1.        ]), array([0.        , 0.99996266, 1.        ]), array([2, 1, 0]))",0.9999626635027442,0.002185742786007132,0.964172,0.9642065682627305,0.5000372039158598,1.237483899868082,0.9817591606403537,0.971151746438992,svm,s-1-1-0,s-1-1-2
275,"[[     4  70505]
 [    10 429481]]","(array([0.        , 0.99994327, 1.        ]), array([0.        , 0.99997672, 1.        ]), array([2, 1, 0]))",0.9999767166250282,0.0021999518312417177,0.85897,0.8589860516094451,0.5000167234857544,4.871116386207883,0.9241347553516653,0.8839112797831594,svm,s-1-1-0,s-1-1-3
276,"[[     0   8913]
 [     6 241081]]","(array([0., 1., 1.]), array([0.        , 0.99997511, 1.        ]), array([2, 1, 0]))",0.9999751127186451,-0.0009419674358103894,0.964324,0.964347144331464,0.49998755635932257,1.2322338939124156,0.9818380267206428,0.971268178972381,svm,s-1-1-0,s-1-2-0
277,"[[    0  1385]
 [    1 48614]]","(array([0., 1., 1.]), array([0.        , 0.99997943, 1.        ]), array([2, 1, 0]))",0.9999794302170112,-0.0007548472591704641,0.97228,0.9722994459889198,0.4999897151085056,0.9574370305157414,0.9859452004786338,0.977712168809908,svm,s-1-1-0,s-1-2-1
278,"[[     1   8820]
 [     3 241176]]","(array([0.        , 0.99988663, 1.        ]), array([0.        , 0.99998756, 1.        ]), array([2, 1, 0]))",0.9999875611060665,0.004655209455046924,0.964708,0.9647194355109682,0.5000504634688024,1.218970706326526,0.9820369522064437,0.9715726298640871,svm,s-1-1-0,s-1-2-2
279,"[[     5  70506]
 [     3 429486]]","(array([0.        , 0.99992909, 1.        ]), array([0.        , 0.99999301, 1.        ]), array([2, 1, 0]))",0.9999930149549814,0.00556230284792085,0.858982,0.8589857437719004,0.5000319629383408,4.870701922490343,0.9241415370513223,0.8839135658708922,svm,s-1-1-0,s-1-2-3
280,"[[    41  67959]
 [     2 181998]]","(array([0.        , 0.99939706, 1.        ]), array([0.        , 0.99998901, 1.        ]), array([2, 1, 0]))",0.9999890109890109,0.02008675971411267,0.728156,0.7281172361646203,0.5002959760827408,9.389376489665134,0.842667209930618,0.7699851416619001,svm,s-1-1-0,s-1-3-0
281,"[[    2 23038]
 [    2 26958]]","(array([0.        , 0.99991319, 1.        ]), array([0.        , 0.99992582, 1.        ]), array([2, 1, 0]))",0.9999258160237389,0.0007034241201302373,0.5392,0.5392031362509001,0.5000063107896472,15.915836585286781,0.7006081397162014,0.5939350676818951,svm,s-1-1-0,s-1-3-1
282,"[[    30  68019]
 [     4 181947]]","(array([0.        , 0.99955914, 1.        ]), array([0.        , 0.99997802, 1.        ]), array([2, 1, 0]))",0.9999780160592687,0.015987938018347185,0.727908,0.7278869926309978,0.5002094374260987,9.397942298114454,0.8425090931822549,0.7697778417095736,svm,s-1-1-0,s-1-3-2
283,"[[     4  70361]
 [    14 429621]]","(array([0.        , 0.99994315, 1.        ]), array([0.        , 0.99996741, 1.        ]), array([2, 1, 0]))",0.9999674142004259,0.0014061027580451616,0.85925,0.8592729338256178,0.5000121303219851,4.861445298533252,0.9242967802869353,0.8841528291301769,svm,s-1-1-0,s-1-3-3
284,"[[    10  67701]
 [     4 182285]]","(array([0.        , 0.99985231, 1.        ]), array([0.        , 0.99997806, 1.        ]), array([2, 1, 0]))",0.9999780568218598,0.007467459607631658,0.72918,0.7291808341267111,0.5000628716564882,9.354007957452199,0.8433751662714707,0.7709351709857533,svm,s-1-1-0,s-1-4-0
285,"[[    5 23126]
 [    0 26869]]","(array([0.        , 0.99978384, 1.        ]), array([0., 1., 1.]), array([2, 1, 0]))",1.0,0.010778299893778237,0.53748,0.5374337433743375,0.5001080800657127,15.975244687977503,0.6991309325562032,0.5922221389558694,svm,s-1-1-0,s-1-4-1
286,"[[     2  68095]
 [     8 181895]]","(array([0.        , 0.99997063, 1.        ]), array([0.        , 0.99995602, 1.        ]), array([2, 1, 0]))",0.9999560205164291,-0.0010283982939695276,0.727588,0.7276091043641746,0.49999269519294,9.408994949638446,0.8423151104555989,0.7695265864148383,svm,s-1-1-0,s-1-4-2
287,"[[     4  70495]
 [    11 429490]]","(array([0.        , 0.99994326, 1.        ]), array([0.        , 0.99997439, 1.        ]), array([2, 1, 0]))",0.9999743888838443,0.001977837402330923,0.858988,0.8590057701731052,0.5000155636386484,4.870494672240829,0.924145172708357,0.8839276195635127,svm,s-1-1-0,s-1-4-3
288,"[[   349 124980]
 [     3 124668]]","(array([0.        , 0.99721533, 1.        ]), array([0.        , 0.99997594, 1.        ]), array([2, 1, 0]))",0.999975936665303,0.036811014030828954,0.500068,0.4993751201691982,0.501380303705949,17.26743929540779,0.6661056478565074,0.5549368224538688,svm,s-1-1-0,s-2-1-0
289,"[[   69 25022]
 [    2 24907]]","(array([0.        , 0.99725001, 1.        ]), array([0.        , 0.99991971, 1.        ]), array([2, 1, 0]))",0.9999197077361596,0.03544815388432379,0.49952,0.49884836467784255,0.5013348488862137,17.286366960662868,0.6656244154039392,0.5544129104062325,svm,s-1-1-0,s-2-1-1
290,"[[   339 124461]
 [     3 125197]]","(array([0.        , 0.99728365, 1.        ]), array([0.        , 0.99997604, 1.        ]), array([2, 1, 0]))",0.9999760383386581,0.036421744294679016,0.502144,0.5014740164545097,0.5013461922462522,17.19573513564769,0.6679702714094403,0.5570094106592445,svm,s-1-1-0,s-2-1-2
291,"[[   343 249890]
 [     0 249767]]","(array([0.        , 0.99862928, 1.        ]), array([0., 1., 1.]), array([2, 1, 0]))",1.0,0.026176182470275325,0.50022,0.49987691556407693,0.5006853612433213,17.262189289452124,0.6665572493007963,0.5554339873554246,svm,s-1-1-0,s-2-1-3
292,"[[   193 124294]
 [     0 125513]]","(array([0.        , 0.99844964, 1.        ]), array([0., 1., 1.]), array([2, 1, 0]))",1.0,0.02790992742231886,0.502824,0.5024398835901316,0.5007751813442367,17.172248233568066,0.6688319300863264,0.5579640112701502,svm,s-1-1-0,s-2-2-0
293,"[[   72 25087]
 [    0 24841]]","(array([0.       , 0.9971382, 1.       ]), array([0., 1., 1.]), array([2, 1, 0]))",1.0,0.037733927725821036,0.49826,0.4975364524915879,0.5014308994793115,17.329886858397114,0.6644732442589844,0.5531210894532694,svm,s-1-1-0,s-2-2-1
294,"[[   368 124909]
 [     7 124716]]","(array([0.        , 0.99706251, 1.        ]), array([0.        , 0.99994388, 1.        ]), array([2, 1, 0]))",0.9999438756283925,0.037226115766927144,0.500336,0.4996134201301953,0.5014406830746989,17.258182676248286,0.6663104918418157,0.5551702555948372,svm,s-1-1-0,s-2-2-2
295,"[[   766 249616]
 [     5 249613]]","(array([0.        , 0.99694067, 1.        ]), array([0.        , 0.99997997, 1.        ]), array([2, 1, 0]))",0.9999799693932329,0.03872890596745672,0.500758,0.4999969953668557,0.5015196473720483,17.243606989572267,0.6666595446065753,0.5555513515486524,svm,s-1-1-0,s-2-2-3
296,"[[   432 124366]
 [     4 125198]]","(array([0.        , 0.99653841, 1.        ]), array([0.        , 0.99996805, 1.        ]), array([2, 1, 0]))",0.9999680516285683,0.041098358172469596,0.50252,0.501666907085958,0.5017148227821843,17.18274825187618,0.6681395857681861,0.5571992900491164,svm,s-1-1-0,s-2-3-0
297,"[[   83 25003]
 [    0 24914]]","(array([0.        , 0.99669138, 1.        ]), array([0., 1., 1.]), array([2, 1, 0]))",1.0,0.04063692421700293,0.49994,0.4991085201434381,0.501654309176433,17.27186037072998,0.6658737688925712,0.5546749071608589,svm,s-1-1-0,s-2-3-1
298,"[[   310 124664]
 [     3 125023]]","(array([0.        , 0.99751948, 1.        ]), array([0.      , 0.999976, 1.      ]), array([2, 1, 0]))",0.9999760049909618,0.03473444303678365,0.501332,0.5007189000628787,0.5012282604691395,17.223781271353474,0.6673000402975076,0.5562639819038346,svm,s-1-1-0,s-2-3-2
299,"[[   361 249448]
 [     0 250191]]","(array([0.       , 0.9985549, 1.       ]), array([0., 1., 1.]), array([2, 1, 0]))",1.0,0.026900307021432767,0.501104,0.5007435368335938,0.5007225520297507,17.231656304274885,0.6673272608457916,0.5562897916039466,svm,s-1-1-0,s-2-3-3
300,"[[   120 124842]
 [     0 125038]]","(array([0.        , 0.99903971, 1.        ]), array([0., 1., 1.]), array([2, 1, 0]))",1.0,0.021920825248711313,0.500632,0.5003921882503601,0.5004801459643732,17.24795898414328,0.6670151873209608,0.5559428682202251,svm,s-1-1-0,s-2-4-0
301,"[[   74 24901]
 [    0 25025]]","(array([0.        , 0.99703704, 1.        ]), array([0., 1., 1.]), array([2, 1, 0]))",1.0,0.03853778666769545,0.50198,0.5012418379201218,0.5014814814814814,17.201399635705602,0.6677696094781924,0.5567817237650682,svm,s-1-1-0,s-2-4-1
302,"[[   131 124929]
 [     0 124940]]","(array([0.       , 0.9989525, 1.       ]), array([0., 1., 1.]), array([2, 1, 0]))",1.0,0.022886058151022553,0.500284,0.5000220115340438,0.5005237486006717,17.259978756588616,0.6666862321875942,0.5555772952359269,svm,s-1-1-0,s-2-4-2
303,"[[   727 248915]
 [     9 250349]]","(array([0.        , 0.99708783, 1.        ]), array([0.        , 0.99996405, 1.        ]), array([2, 1, 0]))",0.999964051478283,0.037510935016708706,0.502152,0.5014361139597487,0.5014381108530246,17.195458814242166,0.6679339720552492,0.5569712567421934,svm,s-1-1-0,s-2-4-3
304,"[[   504 191366]
 [     1  58129]]","(array([0.        , 0.99737322, 1.        ]), array([0.       , 0.9999828, 1.       ]), array([2, 1, 0]))",0.9999827971787373,0.024552571870075264,0.234532,0.2329866329986573,0.5013047878633563,26.4389401525068,0.37792117025599353,0.2752033405611159,svm,s-1-1-0,s-3-1-0
305,"[[   92 39546]
 [    0 10362]]","(array([0.        , 0.99767899, 1.        ]), array([0., 1., 1.]), array([2, 1, 0]))",1.0,0.021952033550210005,0.20908,0.20762202452512624,0.5011605025480599,27.31804144386225,0.34385266301642614,0.24672133489528267,svm,s-1-1-0,s-3-1-1
306,"[[   497 191611]
 [     2  57890]]","(array([0.        , 0.99741291, 1.        ]), array([0.        , 0.99996545, 1.        ]), array([2, 1, 0]))",0.9999654529123195,0.02412503925195834,0.233548,0.23202311814381504,0.5012762696714346,26.472927092084873,0.3766513876373242,0.2741273761809875,svm,s-1-1-0,s-3-1-2
307,"[[   404 332801]
 [     0 166795]]","(array([0.        , 0.99878753, 1.        ]), array([0., 1., 1.]), array([2, 1, 0]))",1.0,0.020119489883379516,0.334398,0.3338597586850175,0.5006062333998589,22.989610859654075,0.5005919947898456,0.38517600623320286,svm,s-1-1-0,s-3-1-3
308,"[[   565 191091]
 [     0  58344]]","(array([0.        , 0.99705201, 1.        ]), array([0., 1., 1.]), array([2, 1, 0]))",1.0,0.026259256057471092,0.235636,0.23390462445125984,0.5014739950745085,26.40080846380965,0.3791291803534354,0.276228027316009,svm,s-1-1-0,s-3-2-0
309,"[[   98 39557]
 [    0 10345]]","(array([0.        , 0.99752868, 1.        ]), array([0., 1., 1.]), array([2, 1, 0]))",1.0,0.022634470136973468,0.20886,0.2073063203879604,0.5012356575463371,27.32564015058056,0.34341958935714645,0.2463646625673365,svm,s-1-1-0,s-3-2-1
310,"[[   220 191547]
 [     0  58233]]","(array([0.        , 0.99885277, 1.        ]), array([0., 1., 1.]), array([2, 1, 0]))",1.0,0.016354232018737598,0.233812,0.23313716070141724,0.5005736127696632,26.46380865041967,0.3781204040089217,0.2753716119403832,svm,s-1-1-0,s-3-2-2
311,"[[   965 332267]
 [     4 166764]]","(array([0.        , 0.99710412, 1.        ]), array([0.        , 0.99997601, 1.        ]), array([2, 1, 0]))",0.9999760145831335,0.030787371066219305,0.335458,0.3341756323755438,0.5014359474653796,22.952998902705417,0.5009439785881324,0.38551162055248256,svm,s-1-1-0,s-3-2-3
312,"[[   450 139111]
 [     3 110436]]","(array([0.       , 0.9967756, 1.       ]), array([0.        , 0.99997284, 1.        ]), array([2, 1, 0]))",0.9999728356830467,0.03733293785938931,0.443544,0.44254589315840304,0.5015986160917509,19.219754288798864,0.6135571938908736,0.4980755475015492,svm,s-1-1-0,s-3-3-0
313,"[[   53 25547]
 [    1 24399]]","(array([0.        , 0.99792969, 1.        ]), array([0.        , 0.99995902, 1.        ]), array([2, 1, 0]))",0.9999590163934426,0.030883043870337832,0.48904,0.48850758819525086,0.5010146644467213,17.648341733054544,0.6563634896295698,0.5441735360239802,svm,s-1-1-0,s-3-3-1
314,"[[   387 139201]
 [     3 110409]]","(array([0.        , 0.99722756, 1.        ]), array([0.        , 0.99997283, 1.        ]), array([2, 1, 0]))",0.9999728290403217,0.0345425608069539,0.443184,0.4423260286046232,0.5013726368315343,19.232188536156105,0.613345851086878,0.49785273417913295,svm,s-1-1-0,s-3-3-2
315,"[[   892 332010]
 [     4 167094]]","(array([0.        , 0.99732053, 1.        ]), array([0.        , 0.99997606, 1.        ]), array([2, 1, 0]))",0.9999760619516691,0.02961729399384148,0.335972,0.3347879399884593,0.5013277645911328,22.935245560645345,0.501631637251164,0.3861634359657483,svm,s-1-1-0,s-3-3-3
316,"[[   427 138903]
 [     1 110669]]","(array([0.        , 0.99693533, 1.        ]), array([0.        , 0.99999096, 1.        ]), array([2, 1, 0]))",0.9999909641275865,0.0367128695119505,0.444384,0.4434351609956245,0.5015278153732026,19.190741051362078,0.6144147545261242,0.4989774184414559,svm,s-1-1-0,s-3-4-0
317,"[[   55 25523]
 [    0 24422]]","(array([0.        , 0.99784971, 1.        ]), array([0., 1., 1.]), array([2, 1, 0]))",1.0,0.03242594621138144,0.48954,0.48897787566322953,0.5010751427007585,17.63107196105032,0.6567966974598949,0.5446427774952944,svm,s-1-1-0,s-3-4-1
318,"[[   210 139438]
 [     0 110352]]","(array([0.        , 0.99849622, 1.        ]), array([0., 1., 1.]), array([2, 1, 0]))",1.0,0.025774774095324453,0.442248,0.44177909443932906,0.500751890467461,19.264517588880107,0.6128249412731644,0.49729971374802623,svm,s-1-1-0,s-3-4-2
319,"[[   518 332432]
 [     0 167050]]","(array([0.        , 0.99844421, 1.        ]), array([0., 1., 1.]), array([2, 1, 0]))",1.0,0.022810704012909327,0.335136,0.33444648656007625,0.5007778945787655,22.964120652571722,0.5012512527530562,0.38580068712014626,svm,s-1-1-0,s-3-4-3
320,"[[131357  54640]
 [ 34082  29921]]","(array([0.        , 0.29376818, 1.        ]), array([0.        , 0.46749371, 1.        ]), array([2, 1, 0]))",0.467493711232286,0.1602554406613565,0.645112,0.35383924031172764,0.5868627660878174,12.257572037251403,0.40280283244931475,0.371923221304323,svm,s-1-3-0,s-0-1-0
321,"[[26454 12017]
 [ 6235  5294]]","(array([0.        , 0.31236516, 1.        ]), array([0.        , 0.45918987, 1.        ]), array([2, 1, 0]))",0.4591898690259346,0.12998696859231598,0.63496,0.3058171105077696,0.5734123554274224,12.60822711044457,0.367128987517337,0.3277085164597081,svm,s-1-3-0,s-0-1-1
322,"[[131917  54301]
 [ 33974  29808]]","(array([0.        , 0.29159909, 1.        ]), array([0.        , 0.46734188, 1.        ]), array([2, 1, 0]))",0.4673418832899564,0.1621454492791558,0.6469,0.3543972702088956,0.5878713948772114,12.195815620803188,0.4031076941801732,0.3723970436112318,svm,s-1-3-0,s-0-1-2
323,"[[229806  95349]
 [ 91333  83512]]","(array([0.        , 0.29324168, 1.        ]), array([0.        , 0.47763448, 1.        ]), array([2, 1, 0]))",0.4776344762503932,0.18344733777301578,0.626636,0.46691005864889495,0.5921963957577103,12.895688191540176,0.47221138459624656,0.4690162407937198,svm,s-1-3-0,s-0-1-3
324,"[[131451  54443]
 [ 34226  29880]]","(array([0.        , 0.29287121, 1.        ]), array([0.        , 0.46610302, 1.        ]), array([2, 1, 0]))",0.4661030168782953,0.15999467742327778,0.645324,0.35435171898533024,0.5866159053535183,12.25024918657291,0.4026167393164408,0.3721991639220923,svm,s-1-3-0,s-0-2-0
325,"[[27334 11221]
 [ 6131  5314]]","(array([0.        , 0.29103878, 1.        ]), array([0.        , 0.46430756, 1.        ]), array([2, 1, 0]))",0.4643075578855395,0.15472876556824164,0.65296,0.32137889325672814,0.5866343910553362,11.986516405745087,0.37984274481772695,0.342463104981633,svm,s-1-3-0,s-0-2-1
326,"[[131507  54402]
 [ 34244  29847]]","(array([0.        , 0.29262704, 1.        ]), array([0.        , 0.46569721, 1.        ]), array([2, 1, 0]))",0.46569721177700457,0.15986761841320923,0.645416,0.35427126731474556,0.5865350869087864,12.247071488010603,0.4024133746797897,0.3720763824307445,svm,s-1-3-0,s-0-2-2
327,"[[229806  95349]
 [ 91333  83512]]","(array([0.        , 0.29324168, 1.        ]), array([0.        , 0.47763448, 1.        ]), array([2, 1, 0]))",0.4776344762503932,0.18344733777301578,0.626636,0.46691005864889495,0.5921963957577103,12.895688191540177,0.47221138459624656,0.4690162407937198,svm,s-1-3-0,s-0-2-3
328,"[[97918 39938]
 [58117 54027]]","(array([0.       , 0.2897081, 1.       ]), array([0.        , 0.48176452, 1.        ]), array([2, 1, 0]))",0.4817645170495078,0.19721303009582358,0.60778,0.5749694035013037,0.5960282079212256,13.546926614900535,0.5242565826819789,0.5535507905672905,svm,s-1-3-0,s-0-3-0
329,"[[18098  7293]
 [13009 11600]]","(array([0.        , 0.28722776, 1.        ]), array([0.        , 0.47137226, 1.        ]), array([2, 1, 0]))",0.47137226218050304,0.18987427172390525,0.59396,0.613984015243741,0.5920722521567711,14.024241396670702,0.5333088133878902,0.578952096704964,svm,s-1-3-0,s-0-3-1
330,"[[98087 39940]
 [59477 52496]]","(array([0.        , 0.28936368, 1.        ]), array([0.        , 0.46882731, 1.        ]), array([2, 1, 0]))",0.46882730658283694,0.1848698385492856,0.602332,0.5679172616729413,0.5897318156799367,13.735093875096787,0.5136368750886703,0.544884237010527,svm,s-1-3-0,s-0-3-2
331,"[[229806  95349]
 [ 91333  83512]]","(array([0.        , 0.29324168, 1.        ]), array([0.        , 0.47763448, 1.        ]), array([2, 1, 0]))",0.4776344762503932,0.18344733777301578,0.626636,0.46691005864889495,0.5921963957577103,12.895688191540176,0.47221138459624656,0.4690162407937198,svm,s-1-3-0,s-0-3-3
332,"[[97828 39989]
 [59219 52964]]","(array([0.        , 0.29016014, 1.        ]), array([0.        , 0.47212144, 1.        ]), array([2, 1, 0]))",0.472121444425626,0.18726104163047222,0.603168,0.5697933364173292,0.5909806522649836,13.70621961475174,0.5163793775836518,0.5471544127521978,svm,s-1-3-0,s-0-4-0
333,"[[17960  7384]
 [12893 11763]]","(array([0.        , 0.29135101, 1.        ]), array([0.        , 0.47708469, 1.        ]), array([2, 1, 0]))",0.47708468526930564,0.19102511717373866,0.59446,0.6143521178252468,0.5928668375841477,14.00697346374057,0.5370865009245942,0.5809233139741614,svm,s-1-3-0,s-0-4-1
334,"[[97709 40104]
 [58218 53969]]","(array([0.        , 0.29100303, 1.        ]), array([0.        , 0.48106287, 1.        ]), array([2, 1, 0]))",0.4810628682467666,0.19512529244573615,0.606712,0.5736927705080097,0.5950299212037022,13.583814559022997,0.5233103849510327,0.5524188347912602,svm,s-1-3-0,s-0-4-2
335,"[[229806  95349]
 [ 91333  83512]]","(array([0.        , 0.29324168, 1.        ]), array([0.        , 0.47763448, 1.        ]), array([2, 1, 0]))",0.4776344762503932,0.18344733777301578,0.626636,0.46691005864889495,0.5921963957577103,12.89568819154017,0.47221138459624656,0.4690162407937198,svm,s-1-3-0,s-0-4-3
336,"[[  4729   4084]
 [ 24062 217125]]","(array([0.        , 0.46340633, 1.        ]), array([0.        , 0.90023509, 1.        ]), array([2, 1, 0]))",0.9002350872974082,0.2523598620927285,0.887416,0.9815378216980322,0.7184143778708758,3.8885266638682454,0.9391300962811095,0.9641232905544558,svm,s-1-3-0,s-1-1-0
337,"[[  657   679]
 [ 4619 44045]]","(array([0.        , 0.50823353, 1.        ]), array([0.        , 0.90508384, 1.        ]), array([2, 1, 0]))",0.9050838402104225,0.20831048922188855,0.89404,0.9848179948126285,0.6984251536381454,3.659739605337839,0.9432689424765494,0.9677667428370538,svm,s-1-3-0,s-1-1-1
338,"[[  4376   4573]
 [ 20717 220334]]","(array([0.        , 0.51100682, 1.        ]), array([0.        , 0.91405553, 1.        ]), array([2, 1, 0]))",0.9140555318169185,0.24918476395990577,0.89884,0.9796671513114309,0.7015243577064254,3.4939572463453583,0.9457247219706497,0.965801947787239,svm,s-1-3-0,s-1-1-2
339,"[[ 33892  36617]
 [ 31011 398480]]","(array([0.        , 0.51932377, 1.        ]), array([0.        , 0.92779593, 1.        ]), array([2, 1, 0]))",0.9277959258750474,0.42299607176975423,0.864744,0.9158417548270845,0.7042360758025481,4.671635297788241,0.9217800848496625,0.9182078816376397,svm,s-1-3-0,s-1-1-3
340,"[[  4721   4192]
 [ 23901 217186]]","(array([0.        , 0.47032425, 1.        ]), array([0.        , 0.90086151, 1.        ]), array([2, 1, 0]))",0.9008615147229009,0.25072196512263756,0.887628,0.9810640623729548,0.7152686346193883,3.8812047886986125,0.9392537813672385,0.9639010863670215,svm,s-1-3-0,s-1-2-0
341,"[[  739   646]
 [ 4899 43716]]","(array([0.        , 0.46642599, 1.        ]), array([0.        , 0.89922863, 1.        ]), array([2, 1, 0]))",0.8992286331379203,0.22455971001303313,0.8891,0.9854379874667508,0.7164013201790684,3.830360632994393,0.9403615948030157,0.9668986079101842,svm,s-1-3-0,s-1-2-1
342,"[[  4344   4477]
 [ 22865 218314]]","(array([0.        , 0.50753883, 1.        ]), array([0.       , 0.9051949, 1.       ]), array([2, 1, 0]))",0.9051948967364488,0.23557606290327998,0.890632,0.9799049333231594,0.6988280344695735,3.777451215949372,0.9410694656982133,0.9639923592056471,svm,s-1-3-0,s-1-2-2
343,"[[ 34201  36310]
 [ 33498 395991]]","(array([0.        , 0.51495511, 1.        ]), array([0.        , 0.92200499, 1.        ]), array([2, 1, 0]))",0.9220049873221433,0.414064347075277,0.860384,0.9160075965588791,0.7035249369677898,4.82222387191723,0.9189965072697526,0.9172008247583144,svm,s-1-3-0,s-1-2-3
344,"[[ 27265  40735]
 [  3013 178987]]","(array([0.        , 0.59904412, 1.        ]), array([0.        , 0.98344505, 1.        ]), array([2, 1, 0]))",0.983445054945055,0.5242931990462926,0.825008,0.8146066392987502,0.692200468648998,6.044139845303487,0.8910988195817008,0.8435716117064195,svm,s-1-3-0,s-1-3-0
345,"[[11104 11936]
 [ 1712 25248]]","(array([0.        , 0.51805556, 1.        ]), array([0.        , 0.93649852, 1.        ]), array([2, 1, 0]))",0.9364985163204748,0.4777306936573622,0.72704,0.6790017211703959,0.7092214803824596,9.427895284653356,0.7872287353454727,0.7185137965576905,svm,s-1-3-0,s-1-3-1
346,"[[ 27245  40804]
 [  2673 179278]]","(array([0.        , 0.59962674, 1.        ]), array([0.        , 0.98530923, 1.        ]), array([2, 1, 0]))",0.9853092316063116,0.5288828456031068,0.826092,0.8145963777137613,0.6928412460254956,6.006700032380295,0.8918571361057425,0.843836694503045,svm,s-1-3-0,s-1-3-2
347,"[[ 33679  36686]
 [ 36762 392873]]","(array([0.        , 0.52136716, 1.        ]), array([0.        , 0.91443435, 1.        ]), array([2, 1, 0]))",0.914434345432751,0.39288983931462557,0.853104,0.9145961323124414,0.6965335942327544,5.073666765369449,0.9145152317171674,0.9145637703567858,svm,s-1-3-0,s-1-3-3
348,"[[ 32400  35311]
 [ 12540 169749]]","(array([0.        , 0.52149577, 1.        ]), array([0.        , 0.93120814, 1.        ]), array([2, 1, 0]))",0.9312081365304544,0.47416763638787085,0.808596,0.8278016190383303,0.7048561838742124,6.610972895430916,0.8764654097467658,0.8466039386391815,svm,s-1-3-0,s-1-4-0
349,"[[11485 11646]
 [ 2102 24767]]","(array([0.        , 0.50348018, 1.        ]), array([0.        , 0.92176858, 1.        ]), array([2, 1, 0]))",0.9217685808924784,0.4688228400755423,0.72504,0.6801691703512481,0.709144201388265,9.496968199778081,0.7827502291330868,0.7177966740280892,svm,s-1-3-0,s-1-4-1
350,"[[ 23602  44495]
 [ 10179 171724]]","(array([0.        , 0.65340617, 1.        ]), array([0.       , 0.9440416, 1.       ]), array([2, 1, 0]))",0.9440416045914581,0.37848555094023145,0.781304,0.7942132745040907,0.6453177169909432,7.553634554812011,0.8626702367615957,0.8202495464658729,svm,s-1-3-0,s-1-4-2
351,"[[ 33849  36650]
 [ 38911 390590]]","(array([0.        , 0.51986553, 1.        ]), array([0.        , 0.90940417, 1.        ]), array([2, 1, 0]))",0.9094041690240535,0.38445172352205753,0.848878,0.91421683362981,0.6947693195082678,5.219627576843328,0.911804150846055,0.9132502299550939,svm,s-1-3-0,s-1-4-3
352,"[[ 59551  65778]
 [  5696 118975]]","(array([0.        , 0.52484261, 1.        ]), array([0.        , 0.95431175, 1.        ]), array([2, 1, 0]))",0.9543117485221102,0.4889499903998988,0.714104,0.6439678922669727,0.714734567141394,9.874708399878434,0.7690095144526605,0.6887654382452821,svm,s-1-3-0,s-2-1-0
353,"[[12042 13049]
 [  196 24713]]","(array([0.        , 0.52006696, 1.        ]), array([0.        , 0.99213136, 1.        ]), array([2, 1, 0]))",0.9921313581436428,0.5489789154628231,0.7351,0.6544409724061225,0.7360322009322495,9.14953054594917,0.7886582310797658,0.7022454349642241,svm,s-1-3-0,s-2-1-1
354,"[[ 59224  65576]
 [  1023 124177]]","(array([0.        , 0.52544872, 1.        ]), array([0.        , 0.99182907, 1.        ]), array([2, 1, 0]))",0.9918290734824281,0.5452399481370207,0.733604,0.6544138959594842,0.7331901777668551,9.201201614102958,0.7885430524554458,0.7021901987306213,svm,s-1-3-0,s-2-1-2
355,"[[118653 131580]
 [ 11361 238406]]","(array([0.        , 0.52582993, 1.        ]), array([0.        , 0.95451361, 1.        ]), array([2, 1, 0]))",0.954513606681427,0.48864005580188713,0.714118,0.6443649219159644,0.7143418400864665,9.874224895389586,0.7693581152491396,0.6891498059502426,svm,s-1-3-0,s-2-1-3
356,"[[ 58972  65515]
 [  5690 119823]]","(array([0.        , 0.52627985, 1.        ]), array([0.        , 0.95466605, 1.        ]), array([2, 1, 0]))",0.9546660505286305,0.48914207655379077,0.71518,0.6465106993708791,0.7141930990069552,9.837543835301016,0.7709352712392753,0.6911283763907875,svm,s-1-3-0,s-2-2-0
357,"[[13293 11866]
 [  263 24578]]","(array([0.        , 0.47164037, 1.        ]), array([0.        , 0.98941266, 1.        ]), array([2, 1, 0]))",0.9894126645465159,0.5823595962705562,0.75742,0.6744045659093404,0.7588861486411581,8.378606138339567,0.8020886024312638,0.7202682030512787,svm,s-1-3-0,s-2-2-1
358,"[[ 60052  65225]
 [  5759 118964]]","(array([0.        , 0.52064625, 1.        ]), array([0.        , 0.95382568, 1.        ]), array([2, 1, 0]))",0.9538256777017872,0.4918081053622678,0.716064,0.645880047125507,0.716589714893583,9.807010629434897,0.7702128761589061,0.690463725755358,svm,s-1-3-0,s-2-2-2
359,"[[120144 130238]
 [  1934 247684]]","(array([0.       , 0.5201572, 1.       ]), array([0.        , 0.99225216, 1.        ]), array([2, 1, 0]))",0.9922521613024702,0.5494764416213165,0.735656,0.6553839151994327,0.7360474807518813,9.1303265832765,0.7893807566051566,0.7031259758383835,svm,s-1-3-0,s-2-2-3
360,"[[ 59879  64919]
 [  5622 119580]]","(array([0.        , 0.52019263, 1.        ]), array([0.        , 0.95509656, 1.        ]), array([2, 1, 0]))",0.9550965639526525,0.4945176619734213,0.717836,0.6481335942200229,0.7174519663302421,9.745806938955862,0.7722286980022669,0.6926568411882327,svm,s-1-3-0,s-2-3-0
361,"[[11966 13120]
 [  206 24708]]","(array([0.        , 0.52300088, 1.        ]), array([0.        , 0.99173156, 1.        ]), array([2, 1, 0]))",0.9917315565545476,0.5461012329869865,0.73348,0.6531669662683727,0.7343653397856849,9.20548449913728,0.7876063880654107,0.7010316298389567,svm,s-1-3-0,s-2-3-1
362,"[[ 59859  65115]
 [   995 124031]]","(array([0.        , 0.52102837, 1.        ]), array([0.        , 0.99204166, 1.        ]), array([2, 1, 0]))",0.9920416553356902,0.5487821934291089,0.73556,0.6557421251308513,0.7355066407169593,9.13364229301685,0.7895738639980647,0.7034346252878257,svm,s-1-3-0,s-2-3-2
363,"[[118575 131234]
 [ 11430 238761]]","(array([0.        , 0.52533736, 1.        ]), array([0.       , 0.9543149, 1.       ]), array([2, 1, 0]))",0.9543149034137919,0.488986069255301,0.714672,0.6453087203881134,0.7144887728362388,9.855089859945386,0.769965784458211,0.689992492071593,svm,s-1-3-0,s-2-3-3
364,"[[ 59307  65655]
 [  5681 119357]]","(array([0.        , 0.52539972, 1.        ]), array([0.        , 0.95456581, 1.        ]), array([2, 1, 0]))",0.954565811993154,0.4892365083626068,0.714656,0.645131126629624,0.7145830452389067,9.855642601906512,0.7699209804870182,0.6898562686253159,svm,s-1-3-0,s-2-4-0
365,"[[12764 12211]
 [  261 24764]]","(array([0.        , 0.48892893, 1.        ]), array([0.        , 0.98957043, 1.        ]), array([2, 1, 0]))",0.9895704295704296,0.5703266712447393,0.75056,0.6697498309668695,0.7503207503207503,8.615547661630924,0.7988387096774194,0.7160329622668786,svm,s-1-3-0,s-2-4-1
366,"[[ 59543  65517]
 [  5576 119364]]","(array([0.        , 0.52388454, 1.        ]), array([0.        , 0.95537058, 1.        ]), array([2, 1, 0]))",0.9553705778773811,0.49156020056953614,0.715628,0.645626105440797,0.715743021227192,9.822070469872875,0.7705352445444305,0.6903931222121453,svm,s-1-3-0,s-2-4-2
367,"[[119839 129803]
 [ 11292 239066]]","(array([0.        , 0.51995658, 1.        ]), array([0.        , 0.95489659, 1.        ]), array([2, 1, 0]))",0.9548965880858611,0.49440193066275695,0.71781,0.6481054249611651,0.7174700051332118,9.746704891170308,0.7721433335432726,0.6926100656262422,svm,s-1-3-0,s-2-4-3
368,"[[ 91013 100857]
 [   335  57795]]","(array([0.        , 0.52565279, 1.        ]), array([0.        , 0.99423705, 1.        ]), array([2, 1, 0]))",0.9942370548769999,0.4110731460523929,0.595232,0.36428787534982227,0.7342921345683274,13.98051402380727,0.5332084767185468,0.41714905202255403,svm,s-1-3-0,s-3-1-0
369,"[[18677 20961]
 [  120 10242]]","(array([0.        , 0.52881074, 1.        ]), array([0.        , 0.98841922, 1.        ]), array([2, 1, 0]))",0.9884192240880139,0.3846123752563919,0.57838,0.3282376694548601,0.7298042434583063,14.562574110856927,0.4928184770840851,0.378845044165298,svm,s-1-3-0,s-3-1-1
370,"[[ 88866 103242]
 [   292  57600]]","(array([0.        , 0.53741645, 1.        ]), array([0.        , 0.99495613, 1.        ]), array([2, 1, 0]))",0.9949561251986457,0.40293117219492725,0.585864,0.3581154176148021,0.728769835976798,14.30408090923428,0.5266670933645432,0.41068933063343116,svm,s-1-3-0,s-3-1-2
371,"[[157648 175557]
 [  1183 165612]]","(array([0.        , 0.52687385, 1.        ]), array([0.        , 0.99290746, 1.        ]), array([2, 1, 0]))",0.9929074612548338,0.4719675019346617,0.64652,0.4854251118946915,0.7330168074119789,12.209047429925137,0.6520619571465694,0.5406958407962018,svm,s-1-3-0,s-3-1-3
372,"[[ 88471 103185]
 [   244  58100]]","(array([0.        , 0.53838648, 1.        ]), array([0.        , 0.99581791, 1.        ]), array([2, 1, 0]))",0.9958179075826135,0.404380111665256,0.586284,0.3602318876522925,0.7287157117326182,14.289574440840205,0.529074029385919,0.4129447151605438,svm,s-1-3-0,s-3-2-0
373,"[[18223 21432]
 [   48 10297]]","(array([0.        , 0.54046148, 1.        ]), array([0.        , 0.99536008, 1.        ]), array([2, 1, 0]))",0.9953600773320445,0.38266564241017387,0.5704,0.32452961013583786,0.7274492985323695,14.838201078696109,0.4894709321671341,0.3750883353611004,svm,s-1-3-0,s-3-2-1
374,"[[ 91085 100682]
 [   325  57908]]","(array([0.        , 0.52502255, 1.        ]), array([0.        , 0.99441897, 1.        ]), array([2, 1, 0]))",0.9944189720605155,0.411980382965629,0.595972,0.36514282111104107,0.7346982093246723,13.954954769556839,0.5341499748642902,0.4180521605040767,svm,s-1-3-0,s-3-2-2
375,"[[157629 175603]
 [   957 165811]]","(array([0.       , 0.5269692, 1.       ]), array([0.        , 0.99426149, 1.        ]), array([2, 1, 0]))",0.994261489014679,0.47341851682630004,0.64688,0.4856596390306197,0.7336461451891467,12.19661354398593,0.6525654194756996,0.541008885269351,svm,s-1-3-0,s-3-2-3
376,"[[ 66487  73074]
 [   761 109678]]","(array([0.      , 0.523599, 1.      ]), array([0.        , 0.99310932, 1.        ]), array([2, 1, 0]))",0.9931093182661922,0.5257964563679248,0.70466,0.6001466468219226,0.7347551592728199,10.200915939603375,0.7481675767673633,0.6517225683851747,svm,s-1-3-0,s-3-3-0
377,"[[13028 12572]
 [  213 24187]]","(array([0.        , 0.49109375, 1.        ]), array([0.        , 0.99127049, 1.        ]), array([2, 1, 0]))",0.9912704918032786,0.5666255480416318,0.7443,0.6579885198182758,0.7500883709016394,8.83176617495651,0.7909547245703821,0.7054235983107399,svm,s-1-3-0,s-3-3-1
378,"[[ 66738  72850]
 [   845 109567]]","(array([0.      , 0.521893, 1.      ]), array([0.        , 0.99234685, 1.        ]), array([2, 1, 0]))",0.99234684635728,0.5260146227127184,0.70522,0.6006402912009298,0.7352269234795255,10.181573508382929,0.7483343521304243,0.652122416912675,svm,s-1-3-0,s-3-3-2
379,"[[158524 174378]
 [   917 166181]]","(array([0.        , 0.52381181, 1.        ]), array([0.       , 0.9945122, 1.       ]), array([2, 1, 0]))",0.9945122024201367,0.47642243055726496,0.64941,0.48796537457533057,0.7353501949673904,12.109228480693101,0.6546979555093302,0.5433116637699809,svm,s-1-3-0,s-3-3-3
380,"[[ 66141  73189]
 [   747 109923]]","(array([0.        , 0.52529247, 1.        ]), array([0.       , 0.9932502, 1.       ]), array([2, 1, 0]))",0.9932502033071293,0.5250629725165944,0.704256,0.6003047315304295,0.7339788660976901,10.21486997308174,0.7483303946463705,0.6518838406960829,svm,s-1-3-0,s-3-4-0
381,"[[12529 13049]
 [  288 24134]]","(array([0.        , 0.51016499, 1.        ]), array([0.        , 0.98820735, 1.        ]), array([2, 1, 0]))",0.9882073540250593,0.5472992953353711,0.73326,0.6490600543259016,0.7390211842453078,9.213081894515808,0.7835078321564808,0.6968940942744609,svm,s-1-3-0,s-3-4-1
382,"[[ 66302  73346]
 [  4939 105413]]","(array([0.        , 0.52522055, 1.        ]), array([0.        , 0.95524322, 1.        ]), array([2, 1, 0]))",0.9552432216905901,0.4730421623450245,0.68686,0.589693386067275,0.7150113335767341,10.81570702939479,0.729221648432609,0.6385663469786331,svm,s-1-3-0,s-3-4-2
383,"[[157729 175221]
 [  1015 166035]]","(array([0.        , 0.52626821, 1.        ]), array([0.        , 0.99392397, 1.        ]), array([2, 1, 0]))",0.993923974857827,0.4738602025378552,0.647528,0.48654089598424644,0.7338278832090607,12.174231805989587,0.6532875866112144,0.5418635131201234,svm,s-1-3-0,s-3-4-3
384,"[[185997      0]
 [ 64003      0]]","(array([0., 1.]), array([0., 1.]), array([1, 0]))",0.0,0.0,0.743988,0.0,0.5,8.842341222413872,0.0,0.0,svm,s-3-1-0,s-0-1-0
385,"[[38471     0]
 [11529     0]]","(array([0., 1.]), array([0., 1.]), array([1, 0]))",0.0,0.0,0.76942,0.0,0.5,7.9639510611385065,0.0,0.0,svm,s-3-1-0,s-0-1-1
386,"[[186218      0]
 [ 63782      0]]","(array([0., 1.]), array([0., 1.]), array([1, 0]))",0.0,0.0,0.744872,0.0,0.5,8.811808944080772,0.0,0.0,svm,s-3-1-0,s-0-1-2
387,"[[325155      0]
 [174845      0]]","(array([0., 1.]), array([0., 1.]), array([1, 0]))",0.0,0.0,0.65031,0.0,0.5,12.07786471753632,0.0,0.0,svm,s-3-1-0,s-0-1-3
388,"[[185894      0]
 [ 64106      0]]","(array([0., 1.]), array([0., 1.]), array([1, 0]))",0.0,0.0,0.743576,0.0,0.5,8.856571198288576,0.0,0.0,svm,s-3-1-0,s-0-2-0
389,"[[38555     0]
 [11445     0]]","(array([0., 1.]), array([0., 1.]), array([1, 0]))",0.0,0.0,0.7711,0.0,0.5,7.905925916795057,0.0,0.0,svm,s-3-1-0,s-0-2-1
390,"[[185909      0]
 [ 64091      0]]","(array([0., 1.]), array([0., 1.]), array([1, 0]))",0.0,0.0,0.743636,0.0,0.5,8.85449887170488,0.0,0.0,svm,s-3-1-0,s-0-2-2
391,"[[325155      0]
 [174845      0]]","(array([0., 1.]), array([0., 1.]), array([1, 0]))",0.0,0.0,0.65031,0.0,0.5,12.07786471753632,0.0,0.0,svm,s-3-1-0,s-0-2-3
392,"[[137856      0]
 [112144      0]]","(array([0., 1.]), array([0., 1.]), array([1, 0]))",0.0,0.0,0.551424,0.0,0.5,15.493266160123461,0.0,0.0,svm,s-3-1-0,s-0-3-0
393,"[[25391     0]
 [24609     0]]","(array([0., 1.]), array([0., 1.]), array([1, 0]))",0.0,0.0,0.50782,0.0,0.5,16.999294966047135,0.0,0.0,svm,s-3-1-0,s-0-3-1
394,"[[138027      0]
 [111973      0]]","(array([0., 1.]), array([0., 1.]), array([1, 0]))",0.0,0.0,0.552108,0.0,0.5,15.469641637069342,0.0,0.0,svm,s-3-1-0,s-0-3-2
395,"[[325155      0]
 [174845      0]]","(array([0., 1.]), array([0., 1.]), array([1, 0]))",0.0,0.0,0.65031,0.0,0.5,12.07786471753632,0.0,0.0,svm,s-3-1-0,s-0-3-3
396,"[[137817      0]
 [112183      0]]","(array([0., 1.]), array([0., 1.]), array([1, 0]))",0.0,0.0,0.551268,0.0,0.5,15.498654209241067,0.0,0.0,svm,s-3-1-0,s-0-4-0
397,"[[25344     0]
 [24656     0]]","(array([0., 1.]), array([0., 1.]), array([1, 0]))",0.0,0.0,0.50688,0.0,0.5,17.03176141585836,0.0,0.0,svm,s-3-1-0,s-0-4-1
398,"[[137813      0]
 [112187      0]]","(array([0., 1.]), array([0., 1.]), array([1, 0]))",0.0,0.0,0.551252,0.0,0.5,15.499206829663386,0.0,0.0,svm,s-3-1-0,s-0-4-2
399,"[[325155      0]
 [174845      0]]","(array([0., 1.]), array([0., 1.]), array([1, 0]))",0.0,0.0,0.65031,0.0,0.5,12.077864717536324,0.0,0.0,svm,s-3-1-0,s-0-4-3
400,"[[  8799     14]
 [168070  73117]]","(array([0.        , 0.00158856, 1.        ]), array([0.        , 0.30315481, 1.        ]), array([2, 1, 0]))",0.30315481348497225,0.1222488982572186,0.327664,0.9998085627162215,0.65078312556695,23.22166281102611,0.4652422069369237,0.6849868187090017,svm,s-3-1-0,s-1-1-0
401,"[[ 1333     3]
 [33826 14838]]","(array([0.        , 0.00224551, 1.        ]), array([0.        , 0.30490712, 1.        ]), array([2, 1, 0]))",0.30490711819825744,0.10683526410384685,0.32342,0.9997978572872448,0.6513308046081108,23.368245381244513,0.4673017872608456,0.6867663938978784,svm,s-3-1-0,s-1-1-1
402,"[[  8934     15]
 [168416  72635]]","(array([0.        , 0.00167616, 1.        ]), array([0.        , 0.30132628, 1.        ]), array([2, 1, 0]))",0.30132627535251877,0.12260911541026234,0.326276,0.9997935306262904,0.6498250552089446,23.269602635860647,0.4630842745161794,0.6831079034930809,svm,s-3-1-0,s-1-1-2
403,"[[ 70366    143]
 [297644 131847]]","(array([0.        , 0.00202811, 1.        ]), array([0.        , 0.30698431, 1.        ]), array([2, 1, 0]))",0.30698431399028153,0.24078889859526934,0.404426,0.9989165845897416,0.6524781020518001,20.570397441307403,0.4696401124882231,0.6885313190962252,svm,s-3-1-0,s-1-1-3
404,"[[  8895     18]
 [167763  73324]]","(array([0.        , 0.00201952, 1.        ]), array([0.        , 0.30413917, 1.        ]), array([2, 1, 0]))",0.3041391696773364,0.12303673280766632,0.328876,0.9997545744593821,0.6510598238154437,23.179801826829046,0.4663946391713233,0.6859698197228953,svm,s-3-1-0,s-1-2-0
405,"[[ 1383     2]
 [33947 14668]]","(array([0.        , 0.00144404, 1.        ]), array([0.        , 0.30171758, 1.        ]), array([2, 1, 0]))",0.3017175768795639,0.10822814399551446,0.32102,0.9998636673483299,0.6501367667791321,23.45113842860035,0.46355376471517734,0.6835360454820821,svm,s-3-1-0,s-1-2-1
406,"[[  8807     14]
 [167994  73185]]","(array([0.        , 0.00158712, 1.        ]), array([0.        , 0.30344682, 1.        ]), array([2, 1, 0]))",0.3034468175089871,0.12238800446634147,0.327968,0.999808740556565,0.6509298479337249,23.21116302300207,0.46558601428853164,0.685284891614776,svm,s-3-1-0,s-1-2-2
407,"[[ 70359    152]
 [296996 132493]]","(array([0.        , 0.00215569, 1.        ]), array([0.        , 0.30848986, 1.        ]), array([2, 1, 0]))",0.3084898565504588,0.24149685257556,0.405704,0.9988540842097328,0.653167082265387,20.526256899467462,0.4713929418964162,0.6900181132814412,svm,s-3-1-0,s-1-2-3
408,"[[ 67818    182]
 [108406  73594]]","(array([0.        , 0.00267647, 1.        ]), array([0.        , 0.40436264, 1.        ]), array([2, 1, 0]))",0.4043626373626374,0.39191054253120466,0.565648,0.9975330730860985,0.7008430833872011,15.001987186789174,0.5754566495683723,0.7712574197659212,svm,s-3-1-0,s-1-3-0
409,"[[22952    88]
 [15720 11240]]","(array([0.        , 0.00381944, 1.        ]), array([0.        , 0.41691395, 1.        ]), array([2, 1, 0]))",0.4169139465875371,0.49189868279823146,0.68384,0.992231638418079,0.7065472510715463,10.919780952306441,0.5871291266193064,0.777617887978747,svm,s-3-1-0,s-1-3-1
410,"[[ 67844    205]
 [109010  72941]]","(array([0.        , 0.00301254, 1.        ]), array([0.        , 0.40088266, 1.        ]), array([2, 1, 0]))",0.40088265522036154,0.38924826720202804,0.56314,0.9971973860498182,0.6989350600676746,15.088610511550572,0.571868740126305,0.7685523723223786,svm,s-3-1-0,s-1-3-2
411,"[[ 70186    179]
 [297201 132434]]","(array([0.        , 0.00254388, 1.        ]), array([0.       , 0.3082477, 1.       ]), array([2, 1, 0]))",0.3082476986279051,0.24080976648485244,0.40524,0.9986502077473551,0.652851910139647,20.542282934892963,0.47108749164069946,0.6896979127933197,svm,s-3-1-0,s-1-3-3
412,"[[ 67523    188]
 [108884  73405]]","(array([0.        , 0.00277651, 1.        ]), array([0.        , 0.40268475, 1.        ]), array([2, 1, 0]))",0.4026847478454542,0.38993663455142547,0.563712,0.997445409210115,0.6999541209062305,15.06885427708006,0.5737410212519833,0.7699916712296581,svm,s-3-1-0,s-1-4-0
413,"[[23035    96]
 [15815 11054]]","(array([0.        , 0.00415027, 1.        ]), array([0.        , 0.41140348, 1.        ]), array([2, 1, 0]))",0.4114034761249023,0.48781428947118505,0.68178,0.991390134529148,0.7036266008007677,10.990930959615545,0.5814987243220495,0.7733422882648422,svm,s-3-1-0,s-1-4-1
414,"[[ 67906    191]
 [108325  73578]]","(array([0.        , 0.00280482, 1.        ]), array([0.        , 0.40449031, 1.        ]), array([2, 1, 0]))",0.40449030527259033,0.39209558838634445,0.565936,0.9974108365302499,0.7008427413700132,14.992040047972946,0.5755655683844926,0.7712918178787745,svm,s-3-1-0,s-1-4-2
415,"[[ 70358    141]
 [296752 132749]]","(array([0.        , 0.00200003, 1.        ]), array([0.        , 0.30907728, 1.        ]), array([2, 1, 0]))",0.30907727805057494,0.24192288456981087,0.406214,0.9989389720821732,0.653538624840689,20.50864210591491,0.47208792459338783,0.6906377430777026,svm,s-3-1-0,s-1-4-3
416,"[[124550    779]
 [ 66659  58012]]","(array([0.        , 0.00621564, 1.        ]), array([0.        , 0.46532072, 1.        ]), array([2, 1, 0]))",0.46532072414595216,0.5412663418643868,0.730248,0.9867496725689306,0.7295525418557878,9.316906501625537,0.6324143419345697,0.8060916809093057,svm,s-3-1-0,s-2-1-0
417,"[[24904   187]
 [13239 11670]]","(array([0.        , 0.00745287, 1.        ]), array([0.        , 0.46850536, 1.        ]), array([2, 1, 0]))",0.46850535950861133,0.5419917395940584,0.73148,0.9842287256472969,0.7305262439805222,9.274355228055807,0.6348256541369743,0.8066411380068291,svm,s-3-1-0,s-2-1-1
418,"[[123987    813]
 [ 67052  58148]]","(array([0.        , 0.00651442, 1.        ]), array([0.        , 0.46444089, 1.        ]), array([2, 1, 0]))",0.4644408945686901,0.5393389289161252,0.72854,0.9862112243686505,0.7289632357458834,9.375898840453297,0.6314909237026297,0.8052758112584616,svm,s-3-1-0,s-2-1-2
419,"[[247960   2273]
 [133909 115858]]","(array([0.        , 0.00908353, 1.        ]), array([0.        , 0.46386432, 1.        ]), array([2, 1, 0]))",0.4638643215476824,0.535306833180238,0.727636,0.9807586492961204,0.7273903937007532,9.407122928993372,0.6298376180354337,0.8020174694132975,svm,s-3-1-0,s-2-1-3
420,"[[123356   1131]
 [ 67057  58456]]","(array([0.        , 0.00908529, 1.        ]), array([0.        , 0.46573662, 1.        ]), array([2, 1, 0]))",0.4657366169241433,0.5358793540778862,0.727248,0.9810193498581905,0.7283256654551713,9.420523956643457,0.6316153430578065,0.8032737776238728,svm,s-3-1-0,s-2-2-0
421,"[[24994   165]
 [13301 11540]]","(array([0.        , 0.00655829, 1.        ]), array([0.        , 0.46455457, 1.        ]), array([2, 1, 0]))",0.4645545670464152,0.5407996818536095,0.73068,0.9859034600598034,0.7289981388831186,9.301985897348864,0.6315328626935917,0.8051799444607248,svm,s-3-1-0,s-2-2-1
422,"[[124447    830]
 [ 66895  57828]]","(array([0.        , 0.00662532, 1.        ]), array([0.        , 0.46365145, 1.        ]), array([2, 1, 0]))",0.4636514516167828,0.5392388834660361,0.7291,0.985850182413311,0.7285130666610619,9.35655718004477,0.6306869304889818,0.8046082564594901,svm,s-3-1-0,s-2-2-2
423,"[[248780   1602]
 [133775 115843]]","(array([0.        , 0.00639822, 1.        ]), array([0.        , 0.46408112, 1.        ]), array([2, 1, 0]))",0.4640811159451642,0.5398088167636603,0.729246,0.9863595725658819,0.7288414462153472,9.351514425937818,0.6311886515393815,0.8051384629926688,svm,s-3-1-0,s-2-2-3
424,"[[123990    808]
 [ 67079  58123]]","(array([0.        , 0.00647446, 1.        ]), array([0.       , 0.4642338, 1.       ]), array([2, 1, 0]))",0.46423379818213767,0.539236939625095,0.728452,0.9862890499058221,0.7288796677251815,9.3789382367841,0.6313154078845183,0.8051927541933803,svm,s-3-1-0,s-2-3-0
425,"[[24918   168]
 [13383 11531]]","(array([0.        , 0.00669696, 1.        ]), array([0.        , 0.46283214, 1.        ]), array([2, 1, 0]))",0.4628321425704423,0.5387057128240045,0.72898,0.9856397982733567,0.7280675900606337,9.360701865196058,0.6298855597738507,0.8040022312090364,svm,s-3-1-0,s-2-3-1
426,"[[124134    840]
 [ 67115  57911]]","(array([0.       , 0.0067214, 1.       ]), array([0.        , 0.46319166, 1.        ]), array([2, 1, 0]))",0.4631916561355238,0.5382887103044639,0.72818,0.9857023710234719,0.7282351290423646,9.388332886311987,0.6302312041223875,0.8042524234091604,svm,s-3-1-0,s-2-3-2
427,"[[247590   2219]
 [134273 115918]]","(array([0.        , 0.00888279, 1.        ]), array([0.        , 0.46331803, 1.        ]), array([2, 1, 0]))",0.4633180250288779,0.5348907943553708,0.727016,0.9812167229572446,0.7272176192900156,9.428536884001693,0.6294281184161943,0.8019354151360311,svm,s-3-1-0,s-2-3-3
428,"[[123839   1123]
 [ 67352  57686]]","(array([0.        , 0.00898673, 1.        ]), array([0.        , 0.46134775, 1.        ]), array([2, 1, 0]))",0.46134775028391367,0.5332606605563589,0.7261,0.9809042833579894,0.7261805091586979,9.460174446357696,0.6275435552388671,0.8005851102216647,svm,s-3-1-0,s-2-4-0
429,"[[24814   161]
 [13467 11558]]","(array([0.        , 0.00644645, 1.        ]), array([0.        , 0.46185814, 1.        ]), array([2, 1, 0]))",0.46185814185814184,0.5375353831121816,0.72744,0.9862616264186364,0.7277058477058477,9.413891468900582,0.6291095144785543,0.803744036939681,svm,s-3-1-0,s-2-4-1
430,"[[123925   1135]
 [ 67078  57862]]","(array([0.        , 0.00907564, 1.        ]), array([0.       , 0.4631183, 1.       ]), array([2, 1, 0]))",0.4631182967824556,0.5346524450274803,0.727148,0.9807617336474737,0.7270213265457136,9.423977847076502,0.6291501981656763,0.8015726128202855,svm,s-3-1-0,s-2-4-2
431,"[[248009   1633]
 [133889 116469]]","(array([0.        , 0.00654137, 1.        ]), array([0.        , 0.46520982, 1.        ]), array([2, 1, 0]))",0.465209819538421,0.5399283296670464,0.728956,0.9861729691283806,0.7293342261502681,9.361530720667377,0.6321934538348803,0.8057172030781747,svm,s-3-1-0,s-2-4-3
432,"[[190173   1697]
 [ 31133  26997]]","(array([0.        , 0.00884453, 1.        ]), array([0.        , 0.46442457, 1.        ]), array([2, 1, 0]))",0.4644245656287631,0.6037765507686109,0.86868,0.9408587161078972,0.7277900177390701,4.535637543847028,0.6218787432046439,0.7806843024533563,svm,s-3-1-0,s-3-1-0
433,"[[39289   349]
 [ 5512  4850]]","(array([0.        , 0.00880468, 1.        ]), array([0.        , 0.46805636, 1.        ]), array([2, 1, 0]))",0.468056359776105,0.6098522762839451,0.88278,0.9328717060973264,0.7296258387003034,4.048640950201492,0.6233532549322023,0.7782912895564542,svm,s-3-1-0,s-3-1-1
434,"[[190284   1824]
 [ 31001  26891]]","(array([0.        , 0.00949466, 1.        ]), array([0.        , 0.46450287, 1.        ]), array([2, 1, 0]))",0.4645028674082775,0.6019644374889147,0.8687,0.936479192059899,0.7275041040770541,4.534947174514623,0.6209890655489742,0.7783122626655553,svm,s-3-1-0,s-3-1-2
435,"[[329660   3545]
 [ 89302  77493]]","(array([0.       , 0.0106391, 1.       ]), array([0.        , 0.46460026, 1.        ]), array([2, 1, 0]))",0.46460025780149283,0.5808102783972294,0.814306,0.9562550902045954,0.7269805808747565,6.413649213022325,0.6253646608805122,0.7892196102634297,svm,s-3-1-0,s-3-1-3
436,"[[189769   1887]
 [ 31230  27114]]","(array([0.        , 0.00984577, 1.        ]), array([0.        , 0.46472645, 1.        ]), array([2, 1, 0]))",0.46472645002056767,0.6008349197046641,0.867532,0.934933278162822,0.7274403423455095,4.5752886668424315,0.6208483599519148,0.7775827655034758,svm,s-3-1-0,s-3-2-0
437,"[[39257   398]
 [ 5588  4757]]","(array([0.        , 0.01003657, 1.        ]), array([0.        , 0.45983567, 1.        ]), array([2, 1, 0]))",0.4598356694055099,0.5991857297638467,0.88028,0.9227934044616877,0.7248995520145693,4.134988674794251,0.6138064516129033,0.7681253027611821,svm,s-3-1-0,s-3-2-1
438,"[[189495   2272]
 [ 31298  26935]]","(array([0.        , 0.01184771, 1.        ]), array([0.        , 0.46253842, 1.        ]), array([2, 1, 0]))",0.4625384232308141,0.5930809874509307,0.86572,0.922210429006745,0.7253453561032491,4.637874161050052,0.6160795974382434,0.7693032714311011,svm,s-3-1-0,s-3-2-2
439,"[[330520   2712]
 [ 89036  77732]]","(array([0.        , 0.00813847, 1.        ]), array([0.        , 0.46610861, 1.        ]), array([2, 1, 0]))",0.4661086059675717,0.5876585621167686,0.816504,0.9662871065585997,0.7289850659357232,6.337731650376992,0.6288691487468245,0.7955475862972424,svm,s-3-1-0,s-3-2-3
440,"[[138638    923]
 [ 59394  51045]]","(array([0.       , 0.0066136, 1.       ]), array([0.        , 0.46220085, 1.        ]), array([2, 1, 0]))",0.4622008529595523,0.557544003540449,0.758732,0.9822390701970444,0.7277936287354206,8.333104455361024,0.6286059098437875,0.801810179352897,svm,s-3-1-0,s-3-3-0
441,"[[25424   176]
 [12933 11467]]","(array([0.      , 0.006875, 1.      ]), array([0.        , 0.46995902, 1.        ]), array([2, 1, 0]))",0.4699590163934426,0.5476712234184943,0.73782,0.9848836210598643,0.7315420081967213,9.05537920980064,0.6362955358876897,0.8078538014991827,svm,s-3-1-0,s-3-3-1
442,"[[138624    964]
 [ 59132  51280]]","(array([0.        , 0.00690604, 1.        ]), array([0.        , 0.46444227, 1.        ]), array([2, 1, 0]))",0.4644422707676702,0.5588234575508599,0.759616,0.9815481203583186,0.7287681164996902,8.302572308161901,0.6305331497147354,0.8027853269377685,svm,s-3-1-0,s-3-3-2
443,"[[330474   2428]
 [ 89509  77589]]","(array([0.        , 0.00729344, 1.        ]), array([0.        , 0.46433231, 1.        ]), array([2, 1, 0]))",0.4643323079869298,0.5880171292894052,0.816126,0.969656448004799,0.7285194351392676,6.350786853682928,0.6279586427371872,0.7963302036677437,svm,s-3-1-0,s-3-3-3
444,"[[138350    980]
 [ 59245  51425]]","(array([0.        , 0.00703366, 1.        ]), array([0.        , 0.46466974, 1.        ]), array([2, 1, 0]))",0.4646697388632873,0.5584485790082566,0.7591,0.9812994943230607,0.7288180388854583,8.320394367955908,0.6306913996627318,0.8027880982859283,svm,s-3-1-0,s-3-4-0
445,"[[25418   160]
 [13115 11307]]","(array([0.        , 0.00625538, 1.        ]), array([0.        , 0.46298419, 1.        ]), array([2, 1, 0]))",0.4629841945786586,0.5430514820115632,0.7345,0.9860469172407779,0.7283644094325774,9.170047691560564,0.6301095043049402,0.804310712761417,svm,s-3-1-0,s-3-4-1
446,"[[138281   1367]
 [ 59355  50997]]","(array([0.       , 0.0097889, 1.       ]), array([0.        , 0.46213027, 1.        ]), array([2, 1, 0]))",0.4621302740321879,0.55198127412385,0.757112,0.9738942785119548,0.7261706881160023,8.389058693205815,0.6268221932692544,0.7973065089053432,svm,s-3-1-0,s-3-4-2
447,"[[329505   3445]
 [ 89549  77501]]","(array([0.       , 0.0103469, 1.       ]), array([0.        , 0.46393894, 1.        ]), array([2, 1, 0]))",0.4639389404369949,0.5808252447009656,0.814012,0.9574407629777877,0.7267960207516105,6.4238034533629405,0.625018145453959,0.7894827986651292,svm,s-3-1-0,s-3-4-3
448,"[[183831   2166]
 [ 56354   7649]]","(array([0.        , 0.01164535, 1.        ]), array([0.        , 0.11951002, 1.        ]), array([2, 1, 0]))",0.1195100229676734,0.24238976475529603,0.76592,0.7793173713703515,0.5539323369245696,8.084843706232828,0.2072394266980953,0.37036499036440934,svm,s-2-4-0,s-0-1-0
449,"[[38055   416]
 [10185  1344]]","(array([0.        , 0.01081334, 1.        ]), array([0.        , 0.11657559, 1.        ]), array([2, 1, 0]))",0.11657559198542805,0.2417315093504041,0.78798,0.7636363636363637,0.552881126033524,7.3229180238995815,0.20227255624952967,0.3618934783779417,svm,s-2-4-0,s-0-1-1
450,"[[184015   2203]
 [ 56234   7548]]","(array([0.        , 0.01183022, 1.        ]), array([0.       , 0.1183406, 1.       ]), array([2, 1, 0]))",0.11834059766078203,0.23982610028372017,0.766252,0.7740744539021639,0.5532551885832614,8.073376950810138,0.2052955815756191,0.36717062634989206,svm,s-2-4-0,s-0-1-2
451,"[[321341   3814]
 [154026  20819]]","(array([0.        , 0.01172979, 1.        ]), array([0.        , 0.11907118, 1.        ]), array([2, 1, 0]))",0.11907117732849094,0.23651890577343357,0.68432,0.8451670523281777,0.5536706934604196,10.903207031674599,0.20873479782231624,0.3807745347999283,svm,s-2-4-0,s-0-1-3
452,"[[183720   2174]
 [ 56500   7606]]","(array([0.        , 0.01169484, 1.        ]), array([0.        , 0.11864724, 1.        ]), array([2, 1, 0]))",0.11864724050790877,0.24087879312693208,0.765304,0.7777096114519427,0.5534762018327036,8.106119618079212,0.20588474135830875,0.3684149342219983,svm,s-2-4-0,s-0-2-0
453,"[[38105   450]
 [10098  1347]]","(array([0.        , 0.01167164, 1.        ]), array([0.        , 0.11769332, 1.        ]), array([2, 1, 0]))",0.11769331585845347,0.23929402396287394,0.78904,0.7495826377295493,0.5530108389692994,7.286307464647229,0.20344358858178524,0.3614554822089841,svm,s-2-4-0,s-0-2-1
454,"[[183743   2166]
 [ 56451   7640]]","(array([0.        , 0.01165086, 1.        ]), array([0.       , 0.1192055, 1.       ]), array([2, 1, 0]))",0.11920550467304301,0.24190835798307653,0.765532,0.7791148276565368,0.5537773216150395,8.098244751474052,0.20677429394968672,0.3697430189227121,svm,s-2-4-0,s-0-2-2
455,"[[321341   3814]
 [154026  20819]]","(array([0.        , 0.01172979, 1.        ]), array([0.        , 0.11907118, 1.        ]), array([2, 1, 0]))",0.11907117732849094,0.23651890577343357,0.68432,0.8451670523281777,0.5536706934604196,10.903207031674603,0.20873479782231624,0.3807745347999283,svm,s-2-4-0,s-0-2-3
456,"[[136253   1603]
 [ 98955  13189]]","(array([0.        , 0.01162808, 1.        ]), array([0.        , 0.11760772, 1.        ]), array([2, 1, 0]))",0.11760771864745327,0.2234003330849323,0.597768,0.8916306111411574,0.5529898214871436,13.892606233896434,0.207805508287641,0.3849409264966844,svm,s-2-4-0,s-0-3-0
457,"[[25099   292]
 [21693  2916]]","(array([0.        , 0.01150014, 1.        ]), array([0.        , 0.11849323, 1.        ]), array([2, 1, 0]))",0.11849323418261612,0.21829292384560392,0.5603,0.9089775561097256,0.5534965481692491,15.18670465049122,0.20965596577632387,0.3894126759434845,svm,s-2-4-0,s-0-3-1
458,"[[136395   1632]
 [ 98622  13351]]","(array([0.        , 0.01182377, 1.        ]), array([0.       , 0.1192341, 1.       ]), array([2, 1, 0]))",0.11923410107793843,0.22502755072331576,0.598984,0.8910765534272175,0.5537051637342137,13.850607174553529,0.21032483695138474,0.38832494691835606,svm,s-2-4-0,s-0-3-2
459,"[[321341   3814]
 [154026  20819]]","(array([0.        , 0.01172979, 1.        ]), array([0.        , 0.11907118, 1.        ]), array([2, 1, 0]))",0.11907117732849094,0.23651890577343357,0.68432,0.8451670523281777,0.5536706934604196,10.903207031674599,0.20873479782231624,0.3807745347999283,svm,s-2-4-0,s-0-3-3
460,"[[136147   1670]
 [ 98990  13193]]","(array([0.        , 0.01211752, 1.        ]), array([0.        , 0.11760249, 1.        ]), array([2, 1, 0]))",0.11760248879063673,0.22186652527077805,0.59736,0.8876404494382022,0.5527424853162497,13.906698268957673,0.20768855375218423,0.38433303230693044,svm,s-2-4-0,s-0-4-0
461,"[[25033   311]
 [21727  2929]]","(array([0.        , 0.01227115, 1.        ]), array([0.        , 0.11879461, 1.        ]), array([2, 1, 0]))",0.11879461388708631,0.21633880110171422,0.55924,0.9040123456790123,0.5532617324485937,15.223316057316847,0.2099942644106682,0.38932900893236916,svm,s-2-4-0,s-0-4-1
462,"[[136225   1588]
 [ 98902  13285]]","(array([0.        , 0.01152286, 1.        ]), array([0.        , 0.11841836, 1.        ]), array([2, 1, 0]))",0.11841835506787773,0.22476320724788898,0.59804,0.8932293417602367,0.553447747189922,13.883211638741173,0.20911380450181016,0.38691394987156263,svm,s-2-4-0,s-0-4-2
463,"[[321341   3814]
 [154026  20819]]","(array([0.        , 0.01172979, 1.        ]), array([0.        , 0.11907118, 1.        ]), array([2, 1, 0]))",0.11907117732849094,0.23651890577343357,0.68432,0.8451670523281777,0.5536706934604196,10.903207031674597,0.20873479782231624,0.3807745347999283,svm,s-2-4-0,s-0-4-3
464,"[[   267   8546]
 [  6461 234726]]","(array([0.        , 0.96970385, 1.        ]), array([0.        , 0.97321166, 1.        ]), array([2, 1, 0]))",0.9732116573447159,0.00399747663411376,0.939972,0.9648705975204709,0.5017539053772258,2.073321002872252,0.9690231784320241,0.9665273517119268,svm,s-2-4-0,s-1-1-0
465,"[[   35  1301]
 [ 1336 47328]]","(array([0.       , 0.9738024, 1.       ]), array([0.        , 0.97254644, 1.        ]), array([2, 1, 0]))",0.9725464409008713,-0.0012402652454484011,0.94726,0.9732464167472085,0.49937202284564525,1.8215958725927237,0.9728963029200457,0.9731063409819886,svm,s-2-4-0,s-1-1-1
466,"[[   253   8696]
 [  6265 234786]]","(array([0.        , 0.97172868, 1.        ]), array([0.        , 0.97400965, 1.        ]), array([2, 1, 0]))",0.9740096494102908,0.0026593142912836707,0.940156,0.9642848341971891,0.5011404823205214,2.066966347774048,0.9691228461219361,0.9662142308632496,svm,s-2-4-0,s-1-1-2
467,"[[  2091  68418]
 [ 10557 418934]]","(array([0.        , 0.97034421, 1.        ]), array([0.        , 0.97541974, 1.        ]), array([2, 1, 0]))",0.9754197410423036,0.011249892619227252,0.84205,0.859612764490553,0.5025377648325163,5.455509145290101,0.9138620243596778,0.8805207787299925,svm,s-2-4-0,s-1-1-3
468,"[[   244   8669]
 [  6386 234701]]","(array([0.        , 0.97262426, 1.        ]), array([0.        , 0.97351164, 1.        ]), array([2, 1, 0]))",0.9735116368779735,0.0010240432186159,0.93978,0.964379340099437,0.5004436900871412,2.079952841342011,0.9689239705484698,0.9661920668024078,svm,s-2-4-0,s-1-2-0
469,"[[   30  1355]
 [ 1304 47311]]","(array([0.        , 0.97833935, 1.        ]), array([0.      , 0.973177, 1.      ]), array([2, 1, 0]))",0.9731770029826186,-0.005257345286289478,0.94682,0.9721571528377101,0.49741882640105656,1.8367937977717088,0.9726668105796611,0.9723609518289701,svm,s-2-4-0,s-1-2-1
470,"[[   272   8549]
 [  6464 234715]]","(array([0.        , 0.96916449, 1.        ]), array([0.        , 0.97319833, 1.        ]), array([2, 1, 0]))",0.9731983298711745,0.004596284872395674,0.939948,0.9648571099710602,0.5020169180248061,2.0741499431008994,0.969009769983259,0.9665138955803448,svm,s-2-4-0,s-1-2-2
471,"[[  2098  68413]
 [ 10688 418801]]","(array([0.        , 0.97024578, 1.        ]), array([0.        , 0.97511461, 1.        ]), array([2, 1, 0]))",0.9751146129470137,0.010735007413946437,0.841798,0.8595832632067223,0.5024344178462005,5.464212908945646,0.913711420165528,0.8804462767176334,svm,s-2-4-0,s-1-2-3
472,"[[  2076  65924]
 [  3622 178378]]","(array([0.        , 0.96947059, 1.        ]), array([0.       , 0.9800989, 1.       ]), array([2, 1, 0]))",0.9800989010989011,0.0316905478323577,0.721816,0.7301536622704685,0.5053141564318036,9.608345823285783,0.8368621306022492,0.7693960014078577,svm,s-2-4-0,s-1-3-0
473,"[[  687 22353]
 [  680 26280]]","(array([0.        , 0.97018229, 1.        ]), array([0.        , 0.97477745, 1.        ]), array([2, 1, 0]))",0.9747774480712166,0.014045968552862876,0.53934,0.5403738202455123,0.5022975782022749,15.910990202106696,0.6953024750969005,0.5932494175861882,svm,s-2-4-0,s-1-3-1
474,"[[  2051  65998]
 [  3670 178281]]","(array([0.        , 0.96985995, 1.        ]), array([0.        , 0.97982973, 1.        ]), array([2, 1, 0]))",0.9798297343790361,0.029675268305361494,0.721328,0.7298253226843077,0.5049848902611281,9.62520098284734,0.8365483424442203,0.7690711580952612,svm,s-2-4-0,s-1-3-2
475,"[[  2132  68233]
 [ 10577 419058]]","(array([0.        , 0.96970085, 1.        ]), array([0.        , 0.97538143, 1.        ]), array([2, 1, 0]))",0.9753814284217999,0.012550793517319718,0.84238,0.8599748404957203,0.502840291415476,5.44411105322873,0.9140497706467042,0.8808184298042836,svm,s-2-4-0,s-1-3-3
476,"[[  1940  65771]
 [  3774 178515]]","(array([0.        , 0.97134882, 1.        ]), array([0.        , 0.97929661, 1.        ]), array([2, 1, 0]))",0.9792966114247157,0.023633979786255956,0.72182,0.7307623032019845,0.5039738953506736,9.608207178826582,0.8369688800328196,0.7698374981564264,svm,s-2-4-0,s-1-4-0
477,"[[  695 22436]
 [  747 26122]]","(array([0.        , 0.96995374, 1.        ]), array([0.        , 0.97219844, 1.        ]), array([2, 1, 0]))",0.9721984443038446,0.006687576062073754,0.53634,0.5379546109806829,0.5011223512859848,16.014607858623165,0.6926432179458283,0.590725505538193,svm,s-2-4-0,s-1-4-1
478,"[[  2047  66050]
 [  3679 178224]]","(array([0.        , 0.96993994, 1.        ]), array([0.        , 0.97977493, 1.        ]), array([2, 1, 0]))",0.9797749349928259,0.029268052875405133,0.721084,0.729606916822912,0.5049174981879265,9.633628610603965,0.8363848823376203,0.768870378662967,svm,s-2-4-0,s-1-4-2
479,"[[  2136  68363]
 [ 10651 418850]]","(array([0.       , 0.9697017, 1.       ]), array([0.        , 0.97520145, 1.        ]), array([2, 1, 0]))",0.9752014547113976,0.012124763831738009,0.841972,0.8596855995221803,0.5027498784074869,5.458203081893187,0.913807359765423,0.8805463276477462,svm,s-2-4-0,s-1-4-3
480,"[[ 74432  50897]
 [  4022 120649]]","(array([0.        , 0.40610713, 1.        ]), array([0.        , 0.96773909, 1.        ]), array([2, 1, 0]))",0.9677390892829928,0.605149224859108,0.780324,0.7033040700453522,0.7808159816193707,7.5875030317700185,0.81459875699234,0.7439616207583353,svm,s-2-4-0,s-2-1-0
481,"[[15058 10033]
 [  808 24101]]","(array([0.        , 0.39986449, 1.        ]), array([0.        , 0.96756193, 1.        ]), array([2, 1, 0]))",0.9675619254084868,0.6098552183478304,0.78318,0.7060701939415246,0.7838487160819487,7.488857945164877,0.8163880561624579,0.7464151878348663,svm,s-2-4-0,s-2-1-1
482,"[[ 74501  50299]
 [  4055 121145]]","(array([0.        , 0.40303686, 1.        ]), array([0.        , 0.96761182, 1.        ]), array([2, 1, 0]))",0.967611821086262,0.6081073393898202,0.782584,0.7066155712652528,0.7822874810559515,7.509443484480468,0.8167702700880517,0.7469086631416959,svm,s-2-4-0,s-2-1-2
483,"[[148997 101236]
 [  8258 241509]]","(array([0.        , 0.40456694, 1.        ]), array([0.        , 0.96693719, 1.        ]), array([2, 1, 0]))",0.9669371854568458,0.605583949829414,0.781012,0.7046317232928271,0.7811851209241445,7.563739461259588,0.8152037427090084,0.7450545951959189,svm,s-2-4-0,s-2-1-3
484,"[[ 74096  50391]
 [  4124 121389]]","(array([0.        , 0.40478926, 1.        ]), array([0.        , 0.96714285, 1.        ]), array([2, 1, 0]))",0.9671428457609968,0.6064159604075489,0.78194,0.7066538595878449,0.7811767953290271,7.531686750730644,0.8166287130877617,0.7468869711173431,svm,s-2-4-0,s-2-2-0
485,"[[14969 10190]
 [  826 24015]]","(array([0.        , 0.40502405, 1.        ]), array([0.        , 0.96674852, 1.        ]), array([2, 1, 0]))",0.9667485205909585,0.6041572039315848,0.77968,0.7020903376699313,0.7808622367651321,7.609746173282995,0.8134335941469363,0.7427579935791564,svm,s-2-4-0,s-2-2-1
486,"[[ 74808  50469]
 [  4058 120665]]","(array([0.        , 0.40285926, 1.        ]), array([0.       , 0.9674639, 1.       ]), array([2, 1, 0]))",0.9674639000024053,0.6074916720444601,0.781892,0.7050907476012949,0.782302318065572,7.533344861471999,0.8156981244317356,0.745527698796059,svm,s-2-4-0,s-2-2-2
487,"[[149344 101038]
 [  8297 241321]]","(array([0.       , 0.4035354, 1.       ]), array([0.        , 0.96676121, 1.        ]), array([2, 1, 0]))",0.9667612111306075,0.6061032144259814,0.78133,0.7048770442722405,0.7816129066093086,7.552755813725422,0.8153053243622641,0.745253092237813,svm,s-2-4-0,s-2-2-3
488,"[[ 74705  50093]
 [  4273 120929]]","(array([0.        , 0.40139265, 1.        ]), array([0.        , 0.96587115, 1.        ]), array([2, 1, 0]))",0.9658711522180157,0.6071245519639329,0.782536,0.70709616306674,0.7822392508473851,7.511100686879139,0.8164699686723561,0.7471302005461579,svm,s-2-4-0,s-2-3-0
489,"[[15017 10069]
 [  759 24155]]","(array([0.        , 0.40137926, 1.        ]), array([0.       , 0.9695352, 1.       ]), array([2, 1, 0]))",0.9695352010917556,0.611281373531914,0.78344,0.7057912575970079,0.7840779728650996,7.479878439012349,0.8169028374310934,0.746400098881404,svm,s-2-4-0,s-2-3-1
490,"[[ 74425  50549]
 [  4015 121011]]","(array([0.        , 0.40447613, 1.        ]), array([0.        , 0.96788668, 1.        ]), array([2, 1, 0]))",0.9678866795706493,0.6070971110046682,0.781744,0.705356726509676,0.781705274267697,7.538456856249623,0.8160263802067529,0.7458157990104357,svm,s-2-4-0,s-2-3-2
491,"[[148931 100878]
 [  8208 241983]]","(array([0.        , 0.40382052, 1.        ]), array([0.        , 0.96719306, 1.        ]), array([2, 1, 0]))",0.967193064498723,0.6067845646505963,0.781828,0.7057758100221373,0.7816862728111507,7.53555524720958,0.8160599745047653,0.7461080946082196,svm,s-2-4-0,s-2-3-3
492,"[[ 74460  50502]
 [  4194 120844]]","(array([0.        , 0.40413886, 1.        ]), array([0.       , 0.9664582, 1.       ]), array([2, 1, 0]))",0.9664581967082007,0.6054741695296566,0.781216,0.7052630350285387,0.781159669247652,7.556693179861817,0.8154556251349601,0.7455621885881676,svm,s-2-4-0,s-2-4-0
493,"[[14976  9999]
 [  856 24169]]","(array([0.        , 0.40036036, 1.        ]), array([0.        , 0.96579421, 1.        ]), array([2, 1, 0]))",0.9657942057942058,0.6077765259875286,0.7829,0.7073577616483259,0.7827169227169227,7.498528258829201,0.8166168296927002,0.7473546200609782,svm,s-2-4-0,s-2-4-1
494,"[[ 74617  50443]
 [  4036 120904]]","(array([0.        , 0.40335039, 1.        ]), array([0.        , 0.96769649, 1.        ]), array([2, 1, 0]))",0.9676964943172723,0.607658523991931,0.782084,0.7056090856565916,0.782173051252671,7.526713333246042,0.8161276060036383,0.746018896051969,svm,s-2-4-0,s-2-4-2
495,"[[149014 100628]
 [  8137 242221]]","(array([0.        , 0.40308922, 1.        ]), array([0.        , 0.96749854, 1.        ]), array([2, 1, 0]))",0.9674985420877303,0.6078882104930439,0.78247,0.7064946959156947,0.7822046591596469,7.513380952965333,0.8166491629397494,0.7467871206113874,svm,s-2-4-0,s-2-4-3
496,"[[113507  78363]
 [  1839  56291]]","(array([0.        , 0.40841716, 1.        ]), array([0.        , 0.96836401, 1.        ]), array([2, 1, 0]))",0.9683640116979184,0.4745037069897061,0.679192,0.41804179601051583,0.7799734271237807,11.080566413112198,0.5839799983401112,0.4716495795531097,svm,s-2-4-0,s-3-1-0
497,"[[23216 16422]
 [  338 10024]]","(array([0.        , 0.41429941, 1.        ]), array([0.        , 0.96738081, 1.        ]), array([2, 1, 0]))",0.9673808145145725,0.4491117171517774,0.6648,0.37903652726310216,0.7765407024285865,11.577660467354036,0.5446642034340361,0.4315258381692008,svm,s-2-4-0,s-3-1-1
498,"[[113806  78302]
 [  1883  56009]]","(array([0.        , 0.40759365, 1.        ]), array([0.        , 0.96747392, 1.        ]), array([2, 1, 0]))",0.9674739169488012,0.47366941368763543,0.67926,0.4170097758188086,0.7799401358537914,11.07821758121557,0.5828108822442938,0.47055630981825997,svm,s-2-4-0,s-3-1-2
499,"[[197206 135999]
 [  5441 161354]]","(array([0.        , 0.40815414, 1.        ]), array([0.        , 0.96737912, 1.        ]), array([2, 1, 0]))",0.9673791180790791,0.5370659002587136,0.71712,0.5426345118428265,0.7796124893677159,9.770546555494152,0.695269612278842,0.5948723166891189,svm,s-2-4-0,s-3-1-3
500,"[[113444  78212]
 [  1960  56384]]","(array([0.        , 0.40808532, 1.        ]), array([0.        , 0.96640614, 1.        ]), array([2, 1, 0]))",0.9664061428767311,0.473714445324837,0.679312,0.4189128948854349,0.7791604116729526,11.07642127698796,0.5844718565357107,0.4724430561327773,svm,s-2-4-0,s-3-2-0
501,"[[23390 16265]
 [  363  9982]]","(array([0.        , 0.41016265, 1.        ]), array([0.        , 0.96491058, 1.        ]), array([2, 1, 0]))",0.9649105848235863,0.449998272433604,0.66744,0.3803101306816017,0.7773739659712433,11.48647558693554,0.5455837341495409,0.43274691545351285,svm,s-2-4-0,s-3-2-1
502,"[[113536  78231]
 [  1939  56294]]","(array([0.        , 0.40794819, 1.        ]), array([0.        , 0.96670273, 1.        ]), array([2, 1, 0]))",0.9667027286933526,0.47374768366776976,0.67932,0.4184649693365545,0.7793772707852189,11.076145027546204,0.5840898951016299,0.47200138177830164,svm,s-2-4-0,s-3-2-2
503,"[[197361 135871]
 [  5441 161327]]","(array([0.        , 0.40773695, 1.        ]), array([0.        , 0.96737384, 1.        ]), array([2, 1, 0]))",0.9673738367072819,0.5373744112766725,0.717376,0.54282666774339,0.7798184423369318,9.761704424040115,0.6954259579365729,0.5950566555519491,svm,s-2-4-0,s-3-2-3
504,"[[ 83077  56484]
 [  3554 106885]]","(array([0.        , 0.40472625, 1.        ]), array([0.        , 0.96781934, 1.        ]), array([2, 1, 0]))",0.9678193391827162,0.58762731919286,0.759848,0.6542550912351792,0.7815465452228024,8.294736886635578,0.7807295623210424,0.6995869959354116,svm,s-2-4-0,s-3-3-0
505,"[[15303 10297]
 [  758 23642]]","(array([0.        , 0.40222656, 1.        ]), array([0.        , 0.96893443, 1.        ]), array([2, 1, 0]))",0.9689344262295082,0.6066501689402897,0.7789,0.6966027284245263,0.7833539318647541,7.636688130009526,0.8105041224566756,0.7380928594620245,svm,s-2-4-0,s-3-3-1
506,"[[ 83412  56176]
 [  3618 106794]]","(array([0.        , 0.40244147, 1.        ]), array([0.        , 0.96723182, 1.        ]), array([2, 1, 0]))",0.9672318226279752,0.5887502784485757,0.760824,0.6552985212002209,0.7823951760072279,8.26102605577011,0.7812804061715841,0.7004796062401284,svm,s-2-4-0,s-3-3-2
507,"[[197798 135104]
 [  5493 161605]]","(array([0.        , 0.40583715, 1.        ]), array([0.        , 0.96712708, 1.        ]), array([2, 1, 0]))",0.9671270751295646,0.5390221803467683,0.718806,0.5446582341620915,0.7806449609266125,9.712312747212932,0.6968631348815348,0.5967979236801795,svm,s-2-4-0,s-3-3-3
508,"[[ 83201  56129]
 [  3667 107003]]","(array([0.        , 0.40284935, 1.        ]), array([0.        , 0.96686546, 1.        ]), array([2, 1, 0]))",0.9668654558597632,0.5883412342288389,0.760816,0.6559289409803104,0.7820080526984167,8.261302215656954,0.7816086076800024,0.7010172982633602,svm,s-2-4-0,s-3-4-0
509,"[[15173 10405]
 [  797 23625]]","(array([0.       , 0.4067949, 1.       ]), array([0.        , 0.96736549, 1.        ]), array([2, 1, 0]))",0.9673654901318484,0.6009948908688303,0.77596,0.6942403761387012,0.7802852941315275,7.738233859741013,0.808355573804147,0.7357887655566768,svm,s-2-4-0,s-3-4-1
510,"[[ 83266  56382]
 [  3652 106700]]","(array([0.       , 0.4037437, 1.       ]), array([0.       , 0.9669059, 1.       ]), array([2, 1, 0]))",0.9669059011164274,0.5871959974620066,0.759864,0.6542720839822911,0.7815811013373153,8.29418393997751,0.7804442754010108,0.6995070016258457,svm,s-2-4-0,s-3-4-2
511,"[[197350 135600]
 [  5349 161701]]","(array([0.        , 0.40726836, 1.        ]), array([0.        , 0.96797965, 1.        ]), array([2, 1, 0]))",0.9679796468123316,0.5386765387410182,0.718102,0.5438965896515653,0.7803556440999637,9.7366288389956,0.6964602208243332,0.5961309607197472,svm,s-2-4-0,s-3-4-3
512,"[[174686  11311]
 [ 11472  52531]]","(array([0.        , 0.06081281, 1.        ]), array([0.       , 0.8207584, 1.       ]), array([2, 1, 0]))",0.8207584019499086,0.7605741171666972,0.908868,0.8228282321982394,0.8799727965705821,3.1476239474071326,0.8217920137666705,0.8224134314010978,svm,s-0-2-0,s-0-1-0
513,"[[36102  2369]
 [ 2107  9422]]","(array([0.        , 0.06157885, 1.        ]), array([0.        , 0.81724347, 1.        ]), array([2, 1, 0]))",0.8172434729811779,0.7497793786366187,0.91048,0.7990840471546095,0.8778323106893361,3.091949147798647,0.8080617495711836,0.8026510827526281,svm,s-0-2-0,s-0-1-1
514,"[[174779  11439]
 [ 11439  52343]]","(array([0.      , 0.061428, 1.      ]), array([0.        , 0.82065473, 1.        ]), array([2, 1, 0]))",0.8206547301746574,0.7592267264371025,0.908488,0.8206547301746574,0.8796133632185512,3.1607490918310823,0.8206547301746574,0.8206547301746574,svm,s-0-2-0,s-0-1-2
515,"[[305701  19454]
 [ 31652 143193]]","(array([0.        , 0.05982993, 1.        ]), array([0.        , 0.81897109, 1.        ]), array([2, 1, 0]))",0.8189710886785438,0.7727322716873363,0.897788,0.880391276814205,0.879570580706543,3.530308523613425,0.8485712253920094,0.8673811199697612,svm,s-0-2-0,s-0-1-3
516,"[[174520  11374]
 [ 11632  52474]]","(array([0.        , 0.06118541, 1.        ]), array([0.        , 0.81855053, 1.        ]), array([2, 1, 0]))",0.818550525691823,0.7583676924028504,0.907976,0.8218581631374514,0.8786825594773252,3.1784327374499446,0.8202010097378746,0.8211944988701024,svm,s-0-2-0,s-0-2-0
517,"[[36188  2367]
 [ 2035  9410]]","(array([0.        , 0.06139282, 1.        ]), array([0.       , 0.8221931, 1.       ]), array([2, 1, 0]))",0.8221930974224552,0.7532500937172715,0.91196,0.7990150292943874,0.8804001409820096,3.040831726750283,0.8104383774007407,0.8035455057810872,svm,s-0-2-0,s-0-2-1
518,"[[174534  11375]
 [ 11599  52492]]","(array([0.        , 0.06118585, 1.        ]), array([0.        , 0.81902295, 1.        ]), array([2, 1, 0]))",0.819022951740494,0.758707973782668,0.908104,0.8218955015892402,0.8789185513749294,3.174011777269788,0.8204567123587426,0.8213193807716258,svm,s-0-2-0,s-0-2-2
519,"[[305701  19454]
 [ 31652 143193]]","(array([0.        , 0.05982993, 1.        ]), array([0.        , 0.81897109, 1.        ]), array([2, 1, 0]))",0.8189710886785438,0.7727322716873363,0.897788,0.880391276814205,0.879570580706543,3.5303085236134253,0.8485712253920094,0.8673811199697612,svm,s-0-2-0,s-0-2-3
520,"[[129870   7986]
 [ 20544  91600]]","(array([0.        , 0.05793001, 1.        ]), array([0.        , 0.81680696, 1.        ]), array([2, 1, 0]))",0.8168069624768155,0.7709548485671445,0.88588,0.9198080051412849,0.8794384742746195,3.9415907045275165,0.865252916450196,0.89718073686355,svm,s-0-2-0,s-0-3-0
521,"[[23909  1482]
 [ 4567 20042]]","(array([0.        , 0.05836714, 1.        ]), array([0.        , 0.81441749, 1.        ]), array([2, 1, 0]))",0.8144174895363485,0.7633726951472432,0.87902,0.9311466270209998,0.8780251757870392,4.178524868324126,0.8688791103981965,0.9051985005193984,svm,s-0-2-0,s-0-3-1
522,"[[130004   8023]
 [ 20434  91539]]","(array([0.        , 0.05812631, 1.        ]), array([0.        , 0.81750958, 1.        ]), array([2, 1, 0]))",0.817509578201888,0.7713902131142986,0.886172,0.9194170466643901,0.8796916347905555,3.9315055001606227,0.8654737986621599,0.8970524537406339,svm,s-0-2-0,s-0-3-2
523,"[[305701  19454]
 [ 31652 143193]]","(array([0.        , 0.05982993, 1.        ]), array([0.        , 0.81897109, 1.        ]), array([2, 1, 0]))",0.8189710886785438,0.7727322716873363,0.897788,0.880391276814205,0.879570580706543,3.5303085236134253,0.8485712253920094,0.8673811199697612,svm,s-0-2-0,s-0-3-3
524,"[[129767   8050]
 [ 20530  91653]]","(array([0.        , 0.05841079, 1.        ]), array([0.        , 0.81699544, 1.        ]), array([2, 1, 0]))",0.8169954449426383,0.7705302699681272,0.88568,0.9192602028023229,0.8792923269105392,3.948498664503443,0.865116147362261,0.8968091664301998,svm,s-0-2-0,s-0-4-0
525,"[[23896  1448]
 [ 4672 19984]]","(array([0.        , 0.05713384, 1.        ]), array([0.        , 0.81051265, 1.        ]), array([2, 1, 0]))",0.8105126541207008,0.7610987801190219,0.8776,0.9324374766703994,0.8766894078684313,4.227569387078646,0.867210553723312,0.9052036527032905,svm,s-0-2-0,s-0-4-1
526,"[[129743   8070]
 [ 20430  91757]]","(array([0.        , 0.05855761, 1.        ]), array([0.        , 0.81789334, 1.        ]), array([2, 1, 0]))",0.8178933388003957,0.7711347193840006,0.886,0.9191601470544041,0.8796678640625302,3.937446320024865,0.8655749148641126,0.8969491392877742,svm,s-0-2-0,s-0-4-2
527,"[[305701  19454]
 [ 31652 143193]]","(array([0.        , 0.05982993, 1.        ]), array([0.        , 0.81897109, 1.        ]), array([2, 1, 0]))",0.8189710886785438,0.7727322716873363,0.897788,0.880391276814205,0.879570580706543,3.530308523613425,0.8485712253920094,0.8673811199697612,svm,s-0-2-0,s-0-4-3
528,"[[   265   8548]
 [  9389 231798]]","(array([0.        , 0.96993078, 1.        ]), array([0.       , 0.9610717, 1.       ]), array([2, 1, 0]))",0.9610716995526293,-0.008479213706381546,0.928252,0.9644346067752324,0.4955704577418201,2.4781154686173847,0.9627502164960657,0.963760143891712,svm,s-0-2-0,s-1-1-0
529,"[[   35  1301]
 [ 1925 46739]]","(array([0.       , 0.9738024, 1.       ]), array([0.        , 0.96044304, 1.        ]), array([2, 1, 0]))",0.9604430379746836,-0.011101027000768158,0.93548,0.9729184013322232,0.4933203213825514,2.2284626585247715,0.9666404698874917,0.9703974686908281,svm,s-0-2-0,s-1-1-1
530,"[[   251   8698]
 [  8976 232075]]","(array([0.        , 0.97195217, 1.        ]), array([0.        , 0.96276307, 1.        ]), array([2, 1, 0]))",0.9627630667369146,-0.009054841745330437,0.929304,0.9638746869457954,0.49540544665485803,2.4417811556083975,0.9633185561532841,0.9636521575925784,svm,s-0-2-0,s-1-1-2
531,"[[  2087  68422]
 [ 16255 413236]]","(array([0.        , 0.97040094, 1.        ]), array([0.        , 0.96215287, 1.        ]), array([2, 1, 0]))",0.9621528739833897,-0.015270694784515195,0.830646,0.8579448488346503,0.49587596612981905,5.84938935769444,0.907065693975409,0.8769406351026664,svm,s-0-2-0,s-1-1-3
532,"[[   243   8670]
 [  9314 231773]]","(array([0.        , 0.97273645, 1.        ]), array([0.        , 0.96136664, 1.        ]), array([2, 1, 0]))",0.9613666435768001,-0.010994744688220983,0.928064,0.9639415578744235,0.4943150956019309,2.484609148783175,0.9626523788756672,0.9634254721459454,svm,s-0-2-0,s-1-2-0
533,"[[   30  1355]
 [ 1894 46721]]","(array([0.        , 0.97833935, 1.        ]), array([0.        , 0.96104083, 1.        ]), array([2, 1, 0]))",0.9610408310192328,-0.014758841257618274,0.93502,0.9718154588568101,0.49135074041936366,2.2443513592316555,0.9663981135783062,0.9696412487184489,svm,s-0-2-0,s-1-2-1
534,"[[   271   8550]
 [  9178 232001]]","(array([0.        , 0.96927786, 1.        ]), array([0.        , 0.96194528, 1.        ]), array([2, 1, 0]))",0.9619452771592883,-0.0070939660530365545,0.929088,0.9644566017185545,0.4963337087530939,2.44924105794802,0.9631993025138564,0.9639532883545804,svm,s-0-2-0,s-1-2-2
535,"[[  2096  68415]
 [ 16554 412935]]","(array([0.        , 0.97027414, 1.        ]), array([0.        , 0.96145652, 1.        ]), array([2, 1, 0]))",0.9614565215872817,-0.01619518576754852,0.830062,0.8578684948582113,0.4955911899819944,5.869559991914706,0.9067134806480618,0.8767610702670062,svm,s-0-2-0,s-1-2-3
536,"[[  2074  65926]
 [  7769 174231]]","(array([0.    , 0.9695, 1.    ]), array([0.        , 0.95731319, 1.        ]), array([2, 1, 0]))",0.9573131868131868,-0.027884890069946853,0.70522,0.7254879099922135,0.4939065934065934,10.181551362732506,0.8254322444019642,0.7624134889045253,svm,s-0-2-0,s-1-3-0
537,"[[  744 22296]
 [ 5311 21649]]","(array([0.        , 0.96770833, 1.        ]), array([0.        , 0.80300445, 1.        ]), array([2, 1, 0]))",0.8030044510385757,-0.2516478413620125,0.44786,0.49263852542951414,0.4176480588526212,19.070596555172056,0.6106480502080247,0.5339104271480714,svm,s-0-2-0,s-1-3-1
538,"[[  2049  66000]
 [ 10256 171695]]","(array([0.        , 0.96988934, 1.        ]), array([0.        , 0.94363318, 1.        ]), array([2, 1, 0]))",0.9436331759649575,-0.05402174585503067,0.694976,0.7223332421801048,0.4868719157609913,10.535366824802807,0.8182849353979307,0.757880732495182,svm,s-0-2-0,s-1-3-2
539,"[[  2126  68239]
 [ 16448 413187]]","(array([0.        , 0.96978612, 1.        ]), array([0.        , 0.96171634, 1.        ]), array([2, 1, 0]))",0.9617163406147078,-0.0148378879912187,0.830626,0.8582565129427991,0.49596511267927174,5.85007984056968,0.9070457411743013,0.877128515258313,svm,s-0-2-0,s-1-3-3
540,"[[  1941  65770]
 [ 10797 171492]]","(array([0.        , 0.97133405, 1.        ]), array([0.        , 0.94076988, 1.        ]), array([2, 1, 0]))",0.9407698764050492,-0.061767186057524154,0.693732,0.7227958965194595,0.4847179121653962,10.57833232700844,0.8175025205517327,0.7579174021533814,svm,s-0-2-0,s-1-4-0
541,"[[  954 22177]
 [ 6703 20166]]","(array([0.        , 0.95875665, 1.        ]), array([0.        , 0.75053035, 1.        ]), array([2, 1, 0]))",0.7505303509620752,-0.2882958520594921,0.4224,0.47625345393571544,0.39588685201901697,19.949951899144597,0.5827313182685083,0.5138070026141326,svm,s-0-2-0,s-1-4-1
542,"[[  2044  66053]
 [  7917 173986]]","(array([0.        , 0.96998399, 1.        ]), array([0.       , 0.9564768, 1.       ]), array([2, 1, 0]))",0.9564768035711341,-0.03074372949659031,0.70412,0.724823882785714,0.4932464050749924,10.2195444229624,0.8246915452834749,0.7617207167055292,svm,s-0-2-0,s-1-4-2
543,"[[  2122  68377]
 [ 15986 413515]]","(array([0.        , 0.96990028, 1.        ]), array([0.        , 0.96278006, 1.        ]), array([2, 1, 0]))",0.9627800633758711,-0.013263459397700397,0.831274,0.8581072107443162,0.4964398905511818,5.827698934154669,0.907435102090975,0.8771805152925095,svm,s-0-2-0,s-1-4-3
544,"[[ 59571  65758]
 [ 10740 113931]]","(array([0.        , 0.52468303, 1.        ]), array([0.        , 0.91385326, 1.        ]), array([2, 1, 0]))",0.9138532617850181,0.43278852144869656,0.694008,0.6340454897072163,0.6945851137655871,10.568799586342768,0.7486594821921408,0.6754052217915717,svm,s-0-2-0,s-2-1-0
545,"[[12118 12973]
 [ 2185 22724]]","(array([0.        , 0.51703798, 1.        ]), array([0.       , 0.9122807, 1.       ]), array([2, 1, 0]))",0.9122807017543859,0.43729205007468047,0.69684,0.636580104770709,0.6976213600039715,10.470982915430362,0.7498927498927499,0.6775315002653595,svm,s-0-2-0,s-2-1-1
546,"[[ 59602  65198]
 [ 11038 114162]]","(array([0.        , 0.52241987, 1.        ]), array([0.        , 0.91183706, 1.        ]), array([2, 1, 0]))",0.9118370607028754,0.4324505279076662,0.695056,0.6364964317573595,0.6947085944540018,10.532601157582658,0.7496847911741529,0.6774067217317002,svm,s-0-2-0,s-2-1-2
547,"[[119343 130890]
 [ 21094 228673]]","(array([0.       , 0.5230725, 1.       ]), array([0.        , 0.91554529, 1.        ]), array([2, 1, 0]))",0.9155452882086105,0.436637573892122,0.696032,0.6359747804974372,0.6962363958876432,10.498892101823484,0.7505719396714425,0.6773413095468713,svm,s-0-2-0,s-2-1-3
548,"[[ 59324  65163]
 [ 10659 114854]]","(array([0.        , 0.52345225, 1.        ]), array([0.        , 0.91507653, 1.        ]), array([2, 1, 0]))",0.9150765259375523,0.43613699299950937,0.696712,0.6380175205675019,0.6958121389558269,10.475404831929044,0.7518345170687003,0.6791425067497968,svm,s-0-2-0,s-2-2-0
549,"[[12057 13102]
 [ 2786 22055]]","(array([0.        , 0.52076792, 1.        ]), array([0.        , 0.88784671, 1.        ]), array([2, 1, 0]))",0.8878467050440804,0.4017202895400532,0.68224,0.6273288392069858,0.6835393944950916,10.975251113757427,0.7351911730391012,0.6664390308758741,svm,s-0-2-0,s-2-2-1
550,"[[ 59913  65364]
 [ 10779 113944]]","(array([0.        , 0.52175579, 1.        ]), array([0.        , 0.91357649, 1.        ]), array([2, 1, 0]))",0.9135764854918499,0.43502213063596684,0.695428,0.6354652330068932,0.6959103481603266,10.519753263696446,0.749555144047811,0.6766632420972617,svm,s-0-2-0,s-2-2-2
551,"[[119840 130542]
 [ 21714 227904]]","(array([0.        , 0.52137134, 1.        ]), array([0.        , 0.91301108, 1.        ]), array([2, 1, 0]))",0.9130110809316636,0.43466363641147804,0.695488,0.6358112519040525,0.695819868173095,10.517680639662505,0.7496053047047678,0.6769149614886997,svm,s-0-2-0,s-2-2-3
552,"[[ 59886  64912]
 [ 10980 114222]]","(array([0.        , 0.52013654, 1.        ]), array([0.        , 0.91230172, 1.        ]), array([2, 1, 0]))",0.9123017204198016,0.435081386973844,0.696432,0.637634396596961,0.6960825898850558,10.485074886523797,0.7506308816571158,0.6784890310286574,svm,s-0-2-0,s-2-3-0
553,"[[12033 13053]
 [ 2320 22594]]","(array([0.        , 0.52033006, 1.        ]), array([0.        , 0.90687967, 1.        ]), array([2, 1, 0]))",0.9068796660512162,0.42722812326745574,0.69254,0.6338261284259545,0.693274800736682,10.619500933284366,0.7461567675566784,0.6744397081825889,svm,s-0-2-0,s-2-3-1
554,"[[ 59674  65300]
 [ 10942 114084]]","(array([0.        , 0.52250868, 1.        ]), array([0.       , 0.9124822, 1.       ]), array([2, 1, 0]))",0.91248220370163,0.4331134947829945,0.695032,0.6359764527494091,0.6949867609479072,10.533430414451887,0.7495417364738346,0.6770065585677968,svm,s-0-2-0,s-2-3-2
555,"[[119380 130429]
 [ 21237 228954]]","(array([0.       , 0.5221149, 1.       ]), array([0.        , 0.91511685, 1.        ]), array([2, 1, 0]))",0.9151168507260453,0.4370558258928334,0.696668,0.6370752094562069,0.6965009774728346,10.476924702807494,0.7511934564138234,0.6782925871129326,svm,s-0-2-0,s-2-3-3
556,"[[ 59790  65172]
 [ 10519 114519]]","(array([0.        , 0.52153455, 1.        ]), array([0.        , 0.91587357, 1.        ]), array([2, 1, 0]))",0.9158735744333723,0.4385419376644153,0.697236,0.6373107167303872,0.6971695139656179,10.45730654188362,0.7516120881176389,0.6785892899045037,svm,s-0-2-0,s-2-4-0
557,"[[12123 12852]
 [ 2892 22133]]","(array([0.        , 0.51459459, 1.        ]), array([0.        , 0.88443556, 1.        ]), array([2, 1, 0]))",0.8844355644355645,0.4034142207192971,0.68512,0.6326425610976133,0.684920484920485,10.875775439752934,0.7376437260456591,0.670839268935835,svm,s-0-2-0,s-2-4-1
558,"[[ 59841  65219]
 [ 10463 114477]]","(array([0.        , 0.52150168, 1.        ]), array([0.       , 0.9162558, 1.       ]), array([2, 1, 0]))",0.9162558027853369,0.4390130354117867,0.697272,0.6370592556317336,0.6973770617956749,10.456063296257717,0.7515658031224149,0.6784031270889532,svm,s-0-2-0,s-2-4-2
559,"[[119536 130106]
 [ 21947 228411]]","(array([0.        , 0.52117032, 1.        ]), array([0.        , 0.91233753, 1.        ]), array([2, 1, 0]))",0.9123375326532406,0.4342051862879594,0.695894,0.6370994959792702,0.6955836083804414,10.503657199197212,0.7502722233627591,0.6780084135485916,svm,s-0-2-0,s-2-4-3
560,"[[ 91836 100034]
 [ 16833  41297]]","(array([0.        , 0.52136342, 1.        ]), array([0.        , 0.71042491, 1.        ]), array([2, 1, 0]))",0.7104249096851883,0.1611147183110239,0.532532,0.29220057878314026,0.5945307432670482,16.146092671493435,0.4140859616666917,0.331195244556936,svm,s-0-2-0,s-3-1-0
561,"[[18904 20734]
 [ 3528  6834]]","(array([0.        , 0.52308391, 1.        ]), array([0.        , 0.65952519, 1.        ]), array([2, 1, 0]))",0.6595251881876085,0.11119539800462466,0.51476,0.24789611143354615,0.5682206394038603,16.759927434928812,0.3603480094911679,0.283253477460749,svm,s-0-2-0,s-3-1-1
562,"[[ 91862 100246]
 [ 16822  41070]]","(array([0.        , 0.52182106, 1.        ]), array([0.        , 0.70942445, 1.        ]), array([2, 1, 0]))",0.7094244455192428,0.15964091227742228,0.531728,0.29062526536273314,0.593801693265795,16.17386252577357,0.41233283803863297,0.3295322519561715,svm,s-0-2-0,s-3-1-2
563,"[[158723 174482]
 [ 46976 119819]]","(array([0.       , 0.5236476, 1.       ]), array([0.        , 0.71836086, 1.        ]), array([2, 1, 0]))",0.7183608621361551,0.18656528365460404,0.557084,0.4071307946626073,0.5973566289042445,15.298055716445889,0.5197138990578968,0.44575553999668155,svm,s-0-2-0,s-3-1-3
564,"[[ 91641 100015]
 [ 17118  41226]]","(array([0.        , 0.52184643, 1.        ]), array([0.        , 0.70660222, 1.        ]), array([2, 1, 0]))",0.7066022213081037,0.15763199371944123,0.531468,0.2918840846496414,0.59237789405765,16.182841868808215,0.4131172182278227,0.33070327991939774,svm,s-0-2-0,s-3-2-0
565,"[[18886 20769]
 [ 3346  6999]]","(array([0.        , 0.52374228, 1.        ]), array([0.        , 0.67655872, 1.        ]), array([2, 1, 0]))",0.6765587240212663,0.1245726649001854,0.5177,0.25205272255834055,0.5764082234404655,16.658383992045977,0.3672762574449663,0.2882215834685423,svm,s-0-2-0,s-3-2-1
566,"[[ 91757 100010]
 [ 16738  41495]]","(array([0.       , 0.5215183, 1.       ]), array([0.        , 0.71256847, 1.        ]), array([2, 1, 0]))",0.7125684749197191,0.16294018386781936,0.533008,0.29324052153634145,0.595525087032518,16.1296521371681,0.41549429752976397,0.33235723336531814,svm,s-0-2-0,s-3-2-2
567,"[[158827 174405]
 [ 47437 119331]]","(array([0.        , 0.52337411, 1.        ]), array([0.        , 0.71555095, 1.        ]), array([2, 1, 0]))",0.7155509450254245,0.18405196154862133,0.556316,0.40625255331317917,0.5960884196486416,15.324581373579182,0.5182625992390946,0.44469677546299063,svm,s-0-2-0,s-3-2-3
568,"[[66563 72998]
 [19752 90687]]","(array([0.        , 0.52305443, 1.        ]), array([0.        , 0.82115014, 1.        ]), array([2, 1, 0]))",0.8211501371798006,0.31135181727741296,0.629,0.5540336622170633,0.6490478511007737,12.814119518564697,0.6616494725014956,0.5925868326234777,svm,s-0-2-0,s-3-3-0
569,"[[12390 13210]
 [ 2707 21693]]","(array([0.        , 0.51601562, 1.        ]), array([0.        , 0.88905738, 1.        ]), array([2, 1, 0]))",0.8890573770491803,0.40615857983514186,0.68166,0.621522505228777,0.6865208760245902,10.995285331196923,0.7315987386810111,0.661323561690608,svm,s-0-2-0,s-3-3-1
570,"[[67052 72536]
 [19983 90429]]","(array([0.        , 0.51964352, 1.        ]), array([0.        , 0.81901424, 1.        ]), array([2, 1, 0]))",0.8190142375828714,0.3120666496251432,0.629924,0.5548982910440893,0.649685357608526,12.782204211519753,0.6615699199274263,0.5931544120733807,svm,s-0-2-0,s-3-3-2
571,"[[159425 173477]
 [ 47116 119982]]","(array([0.        , 0.52110531, 1.        ]), array([0.        , 0.71803373, 1.        ]), array([2, 1, 0]))",0.7180337287100983,0.18865806111069536,0.558814,0.40885438851764644,0.5984642092193034,15.238302026091855,0.5210299702316977,0.4473821977815463,svm,s-0-2-0,s-3-3-3
572,"[[66606 72724]
 [20105 90565]]","(array([0.        , 0.52195507, 1.        ]), array([0.        , 0.81833379, 1.        ]), array([2, 1, 0]))",0.818333785126954,0.30929202454702187,0.628684,0.5546301343017594,0.6481893572157414,12.825032895546707,0.6611573264612588,0.5928378976363726,svm,s-0-2-0,s-3-4-0
573,"[[12404 13174]
 [ 2953 21469]]","(array([0.      , 0.515052, 1.      ]), array([0.        , 0.87908443, 1.        ]), array([2, 1, 0]))",0.8790844320694455,0.39446006840926967,0.67746,0.6197211557890483,0.6820162171294135,11.1403476163454,0.7269618217218319,0.6585825245101047,svm,s-0-2-0,s-3-4-1
574,"[[66785 72863]
 [15059 95293]]","(array([0.        , 0.52176186, 1.        ]), array([0.        , 0.86353668, 1.        ]), array([2, 1, 0]))",0.86353668261563,0.3616578745888318,0.648312,0.5666940222174648,0.6708874121144144,12.147106237043573,0.684310684073707,0.6085307851070787,svm,s-0-2-0,s-3-4-2
575,"[[158698 174252]
 [ 46545 120505]]","(array([0.        , 0.52335786, 1.        ]), array([0.        , 0.72137085, 1.        ]), array([2, 1, 0]))",0.7213708470517809,0.18986293081949607,0.558406,0.40882828906523,0.5990064927555045,15.252395086237001,0.5218846834283586,0.4476152199203909,svm,s-0-2-0,s-3-4-3
576,"[[185576    421]
 [ 64003      0]]","(array([0.        , 0.00226348, 1.        ]), array([0., 0., 1.]), array([2, 1, 0]))",0.0,-0.024092630696718954,0.742304,0.0,0.4988682613160427,8.900505868384975,0.0,0.0,svm,s-3-4-0,s-0-1-0
577,"[[38386    85]
 [11529     0]]","(array([0.        , 0.00220946, 1.        ]), array([0., 0., 1.]), array([2, 1, 0]))",0.0,-0.022590352466245443,0.76772,0.0,0.49889527176314624,8.022668340325485,0.0,0.0,svm,s-3-4-0,s-0-1-1
578,"[[185795    423]
 [ 63782      0]]","(array([0.        , 0.00227153, 1.        ]), array([0., 0., 1.]), array([2, 1, 0]))",0.0,-0.024093846617969594,0.74318,0.0,0.4988642343919492,8.870249906659813,0.0,0.0,svm,s-3-4-0,s-0-1-2
579,"[[324417    738]
 [174845      0]]","(array([0.        , 0.00226969, 1.        ]), array([0., 0., 1.]), array([2, 1, 0]))",0.0,-0.028193261217911644,0.648834,0.0,0.49886515661761316,12.128845131701013,0.0,0.0,svm,s-3-4-0,s-0-1-3
580,"[[185501    393]
 [ 64106      0]]","(array([0.        , 0.00211411, 1.        ]), array([0., 0., 1.]), array([2, 1, 0]))",0.0,-0.02330153590780629,0.742004,0.0,0.4989429459799671,8.910867411748535,0.0,0.0,svm,s-3-4-0,s-0-2-0
581,"[[38473    82]
 [11445     0]]","(array([0.        , 0.00212683, 1.        ]), array([0., 0., 1.]), array([2, 1, 0]))",0.0,-0.022082380179969847,0.76946,0.0,0.49893658410063546,7.962570821422493,0.0,0.0,svm,s-3-4-0,s-0-2-1
582,"[[185506    403]
 [ 64091      0]]","(array([0.        , 0.00216773, 1.        ]), array([0., 0., 1.]), array([2, 1, 0]))",0.0,-0.023592890880022057,0.742024,0.0,0.49891613638930876,8.910176668204537,0.0,0.0,svm,s-3-4-0,s-0-2-2
583,"[[324417    738]
 [174845      0]]","(array([0.        , 0.00226969, 1.        ]), array([0., 0., 1.]), array([2, 1, 0]))",0.0,-0.028193261217911644,0.648834,0.0,0.49886515661761316,12.128845131701018,0.0,0.0,svm,s-3-4-0,s-0-2-3
584,"[[137561    295]
 [112144      0]]","(array([0.        , 0.00213991, 1.        ]), array([0., 0., 1.]), array([2, 1, 0]))",0.0,-0.03100077660470355,0.550244,0.0,0.4989300429433612,15.534022859794417,0.0,0.0,svm,s-3-4-0,s-0-3-0
585,"[[25350    41]
 [24609     0]]","(array([0.        , 0.00161475, 1.        ]), array([0., 0., 1.]), array([2, 1, 0]))",0.0,-0.028202794334264484,0.507,0.0,0.49919262730888897,17.027617418360858,0.0,0.0,svm,s-3-4-0,s-0-3-1
586,"[[137733    294]
 [111973      0]]","(array([0.        , 0.00213002, 1.        ]), array([0., 0., 1.]), array([2, 1, 0]))",0.0,-0.030905360151617076,0.550932,0.0,0.49893499098002564,15.510260178436322,0.0,0.0,svm,s-3-4-0,s-0-3-2
587,"[[324417    738]
 [174845      0]]","(array([0.        , 0.00226969, 1.        ]), array([0., 0., 1.]), array([2, 1, 0]))",0.0,-0.028193261217911644,0.648834,0.0,0.49886515661761316,12.128845131701013,0.0,0.0,svm,s-3-4-0,s-0-3-3
588,"[[137517    300]
 [112183      0]]","(array([0.       , 0.0021768, 1.       ]), array([0., 0., 1.]), array([2, 1, 0]))",0.0,-0.031272563646283676,0.550068,0.0,0.4989116001654368,15.540101700431867,0.0,0.0,svm,s-3-4-0,s-0-4-0
589,"[[25284    60]
 [24656     0]]","(array([0.        , 0.00236742, 1.        ]), array([0., 0., 1.]), array([2, 1, 0]))",0.0,-0.03418810955033626,0.50568,0.0,0.4988162878787879,17.073208907049164,0.0,0.0,svm,s-3-4-0,s-0-4-1
590,"[[137484    329]
 [112187      0]]","(array([0.        , 0.00238729, 1.        ]), array([0., 0., 1.]), array([2, 1, 0]))",0.0,-0.03275216947290327,0.549936,0.0,0.49880635353703934,15.544660911669299,0.0,0.0,svm,s-3-4-0,s-0-4-2
591,"[[324417    738]
 [174845      0]]","(array([0.        , 0.00226969, 1.        ]), array([0., 0., 1.]), array([2, 1, 0]))",0.0,-0.028193261217911644,0.648834,0.0,0.49886515661761316,12.128845131701016,0.0,0.0,svm,s-3-4-0,s-0-4-3
592,"[[  6400   2413]
 [ 94432 146755]]","(array([0.        , 0.27380007, 1.        ]), array([0.        , 0.60846978, 1.        ]), array([2, 1, 0]))",0.6084697765634135,0.12581088405404983,0.61262,0.9838236082805963,0.667334854241085,13.3796389175749,0.7519053169550793,0.8757738473895966,svm,s-3-4-0,s-1-1-0
593,"[[  978   358]
 [18927 29737]]","(array([0.        , 0.26796407, 1.        ]), array([0.        , 0.61106773, 1.        ]), array([2, 1, 0]))",0.6110677297386158,0.11303272927986717,0.6143,0.9881043362684832,0.6715518289411642,13.321611780634653,0.7551390952145152,0.8795639005229408,svm,s-3-4-0,s-1-1-1
594,"[[  6507   2442]
 [ 94498 146553]]","(array([0.        , 0.27287965, 1.        ]), array([0.        , 0.60797508, 1.        ]), array([2, 1, 0]))",0.6079750758138319,0.1268682463595314,0.61224,0.983610188261351,0.6675477122280691,13.392763745358263,0.7514652117955318,0.8754335263568493,svm,s-3-4-0,s-1-1-2
595,"[[ 51077  19432]
 [168588 260903]]","(array([0.        , 0.27559602, 1.        ]), array([0.        , 0.60747024, 1.        ]), array([2, 1, 0]))",0.6074702380259424,0.23273072823894472,0.62396,0.9306829329195427,0.6659371074116153,12.987992551096735,0.735118183892954,0.8411716041270776,svm,s-3-4-0,s-1-1-3
596,"[[  6431   2482]
 [ 93974 147113]]","(array([0.        , 0.27846965, 1.        ]), array([0.       , 0.6102071, 1.       ]), array([2, 1, 0]))",0.6102071036596747,0.12547498306988297,0.614176,0.9834085363815636,0.6658687262941031,13.325896802193308,0.7531086663834013,0.876228606961322,svm,s-3-4-0,s-1-2-0
597,"[[ 1011   374]
 [18960 29655]]","(array([0.       , 0.2700361, 1.       ]), array([0.        , 0.60999691, 1.        ]), array([2, 1, 0]))",0.6099969145325517,0.1139117570296472,0.61332,0.9875453728062873,0.6699804067247594,13.355460037372842,0.7541579777223946,0.8787656091648838,svm,s-3-4-0,s-1-2-1
598,"[[  6478   2343]
 [ 94404 146775]]","(array([0.        , 0.26561614, 1.        ]), array([0.        , 0.60857289, 1.        ]), array([2, 1, 0]))",0.6085728856990037,0.12897220489209021,0.613012,0.9842876111535831,0.6714783712022963,13.366099493340812,0.7521195397351249,0.8761106952656896,svm,s-3-4-0,s-1-2-2
599,"[[ 51435  19076]
 [168089 261400]]","(array([0.        , 0.27053935, 1.        ]), array([0.        , 0.60863026, 1.        ]), array([2, 1, 0]))",0.6086302559553329,0.2371095762825307,0.62567,0.9319870505854333,0.6690454537424407,12.928930674148074,0.736374328311959,0.8424686717034304,svm,s-3-4-0,s-1-2-3
600,"[[ 49351  18649]
 [ 71194 110806]]","(array([0.     , 0.27425, 1.     ]), array([0.        , 0.60882418, 1.        ]), array([2, 1, 0]))",0.6088241758241758,0.29795354159153037,0.640628,0.8559422193040053,0.667287087912088,12.412328797361745,0.7115377823441588,0.7916750021434082,svm,s-3-4-0,s-1-3-0
601,"[[16719  6321]
 [10487 16473]]","(array([0.        , 0.27434896, 1.        ]), array([0.        , 0.61101632, 1.        ]), array([2, 1, 0]))",0.6110163204747775,0.3369454364316606,0.66384,0.7226901816267439,0.668333681070722,11.610656158020301,0.6621779153434899,0.6972049163675764,svm,s-3-4-0,s-1-3-1
602,"[[ 49376  18673]
 [ 71798 110153]]","(array([0.        , 0.27440521, 1.        ]), array([0.        , 0.60539926, 1.        ]), array([2, 1, 0]))",0.6053992558436062,0.2947825679869664,0.638116,0.8550525515035785,0.6654970239158662,12.499090280427115,0.7088877233514707,0.7899046977074384,svm,s-3-4-0,s-1-3-2
603,"[[ 51183  19182]
 [168600 261035]]","(array([0.        , 0.27260712, 1.        ]), array([0.        , 0.60757387, 1.        ]), array([2, 1, 0]))",0.6075738708438558,0.23468513669289182,0.624436,0.931545909063333,0.667483375413401,12.97155169373405,0.7354631669700161,0.8417752174616884,svm,s-3-4-0,s-1-3-3
604,"[[ 49095  18616]
 [ 71635 110654]]","(array([0.        , 0.27493317, 1.        ]), array([0.        , 0.60702511, 1.        ]), array([2, 1, 0]))",0.607025108481587,0.2953328124726886,0.638996,0.8559913359634873,0.6660459683094088,12.468695974891375,0.7103245292223946,0.7910988333769441,svm,s-3-4-0,s-1-4-0
605,"[[16925  6206]
 [10558 16311]]","(array([0.        , 0.26829796, 1.        ]), array([0.        , 0.60705646, 1.        ]), array([2, 1, 0]))",0.6070564591164539,0.33948909570007585,0.66472,0.7243860194519697,0.6693792519956485,11.58026019571869,0.6605515733203742,0.6974268195695118,svm,s-3-4-0,s-1-4-1
606,"[[ 49253  18844]
 [ 71153 110750]]","(array([0.        , 0.27672291, 1.        ]), array([0.        , 0.60884098, 1.        ]), array([2, 1, 0]))",0.608840975684843,0.29591018166056304,0.640012,0.8545920335818016,0.6660590328590889,12.433605307307005,0.7110822897170759,0.790756255720934,svm,s-3-4-0,s-1-4-2
607,"[[ 51292  19207]
 [167983 261518]]","(array([0.        , 0.27244358, 1.        ]), array([0.        , 0.60888799, 1.        ]), array([2, 1, 0]))",0.6088879886193513,0.2359672749272313,0.62562,0.9315807284709235,0.6682222039296704,12.930657822462349,0.7364360076933258,0.8423016991099593,svm,s-3-4-0,s-1-4-3
608,"[[114345  10984]
 [ 44565  80106]]","(array([0.        , 0.08764133, 1.        ]), array([0.        , 0.64253916, 1.        ]), array([2, 1, 0]))",0.6425391630772193,0.5765149506800072,0.777804,0.8794159622351521,0.77744891752629,7.674413090956268,0.7425438332228717,0.81902783259139,svm,s-3-4-0,s-2-1-0
609,"[[22855  2236]
 [ 8922 15987]]","(array([0.        , 0.08911562, 1.        ]), array([0.        , 0.64181621, 1.        ]), array([2, 1, 0]))",0.6418162110080694,0.5741966793820552,0.77684,0.8772979202107227,0.776350295930881,7.707709098285347,0.7413057590651952,0.8173229312583715,svm,s-3-4-0,s-2-1-1
610,"[[114015  10785]
 [ 45095  80105]]","(array([0.        , 0.08641827, 1.        ]), array([0.        , 0.63981629, 1.        ]), array([2, 1, 0]))",0.6398162939297125,0.575228336961899,0.77648,0.8813400814170976,0.7766990123494716,7.720141794423575,0.7414040446110418,0.8194717243636959,svm,s-3-4-0,s-2-1-2
611,"[[227653  22580]
 [ 90231 159536]]","(array([0.       , 0.0902359, 1.       ]), array([0.        , 0.63873931, 1.        ]), array([2, 1, 0]))",0.63873930503229,0.5699158847734481,0.774378,0.8760130905576665,0.7742517024456108,7.7927439175924835,0.7387926822773762,0.8154311200524211,svm,s-3-4-0,s-2-1-3
612,"[[113289  11198]
 [ 45268  80245]]","(array([0.        , 0.08995317, 1.        ]), array([0.        , 0.63933616, 1.        ]), array([2, 1, 0]))",0.6393361643813789,0.5703134666751358,0.774136,0.8775412005292915,0.7746914982903624,7.801102007228198,0.7397352458563027,0.8166848163489624,svm,s-3-4-0,s-2-2-0
613,"[[22978  2181]
 [ 8903 15938]]","(array([0.        , 0.08668866, 1.        ]), array([0.        , 0.64160058, 1.        ]), array([2, 1, 0]))",0.6416005796868081,0.5771945190321719,0.77832,0.8796291186047795,0.7774559597825907,7.656590829663705,0.7419925512104283,0.818870289877411,svm,s-3-4-0,s-2-2-1
614,"[[114431  10846]
 [ 44861  79862]]","(array([0.        , 0.08657615, 1.        ]), array([0.        , 0.64031494, 1.        ]), array([2, 1, 0]))",0.6403149379023917,0.5758297732548047,0.777172,0.8804295100762888,0.7768693953223574,7.6962411562600685,0.741416045044585,0.8190050353293474,svm,s-3-4-0,s-2-2-2
615,"[[228562  21820]
 [ 89705 159913]]","(array([0.        , 0.08714684, 1.        ]), array([0.        , 0.64063088, 1.        ]), array([2, 1, 0]))",0.6406308839907379,0.5753497175463276,0.77695,0.8799337489613884,0.7767420221808454,7.703908969316683,0.7414518570723148,0.8187650401925145,svm,s-3-4-0,s-2-2-3
616,"[[113980  10818]
 [ 44882  80320]]","(array([0.        , 0.08668408, 1.        ]), array([0.       , 0.6415233, 1.       ]), array([2, 1, 0]))",0.6415232983498667,0.5763905291436823,0.7772,0.8813008843731485,0.777419608437101,7.695273980966099,0.742534898770454,0.8200035119672326,svm,s-3-4-0,s-2-3-0
617,"[[22933  2153]
 [ 8967 15947]]","(array([0.        , 0.08582476, 1.        ]), array([0.        , 0.64008188, 1.        ]), array([2, 1, 0]))",0.640081881672955,0.5766523814946045,0.7776,0.881049723756906,0.7771285594285209,7.68145830089348,0.7414795182963687,0.8193579546622276,svm,s-3-4-0,s-2-3-1
618,"[[114057  10917]
 [ 44813  80213]]","(array([0.        , 0.08735417, 1.        ]), array([0.        , 0.64157055, 1.        ]), array([2, 1, 0]))",0.6415705533249084,0.575755016852975,0.77708,0.8802041040272138,0.7771081918288087,7.6994189507740725,0.7421769462795389,0.8192590686064231,svm,s-3-4-0,s-2-3-2
619,"[[227385  22424]
 [ 90386 159805]]","(array([0.        , 0.08976458, 1.        ]), array([0.        , 0.63873201, 1.        ]), array([2, 1, 0]))",0.6387320087453185,0.5703226021607338,0.77438,0.8769460404216672,0.7744837143030461,7.792674590565299,0.739119374682022,0.8160752604158689,svm,s-3-4-0,s-2-3-3
620,"[[113752  11210]
 [ 45393  79645]]","(array([0.        , 0.08970727, 1.        ]), array([0.        , 0.63696636, 1.        ]), array([2, 1, 0]))",0.6369663622258833,0.5688949285245721,0.773588,0.8766165868691872,0.7736295456077481,7.820029295073287,0.7378191974728221,0.8152696854181936,svm,s-3-4-0,s-2-4-0
621,"[[22728  2247]
 [ 9086 15939]]","(array([0.        , 0.08996997, 1.        ]), array([0.        , 0.63692308, 1.        ]), array([2, 1, 0]))",0.6369230769230769,0.5684760250662084,0.77334,0.8764434180138568,0.7734765534765534,7.828594991578968,0.7377288190507046,0.8151356769528173,svm,s-3-4-0,s-2-4-1
622,"[[113942  11118]
 [ 45017  79923]]","(array([0.        , 0.08890133, 1.        ]), array([0.        , 0.63969105, 1.        ]), array([2, 1, 0]))",0.6396910517048183,0.5723144636758205,0.77546,0.8778791972847398,0.7753948621709762,7.75537241141016,0.740092878540242,0.81703482285976,svm,s-3-4-0,s-2-4-2
623,"[[227942  21700]
 [ 89614 160744]]","(array([0.        , 0.08692448, 1.        ]), array([0.        , 0.64205657, 1.        ]), array([2, 1, 0]))",0.642056574984622,0.576581826173603,0.777372,0.8810593935673412,0.7775660495676028,7.689333413774647,0.742806179269042,0.8200103251188102,svm,s-3-4-0,s-2-4-3
624,"[[142705  49165]
 [ 17873  40257]]","(array([0.       , 0.2562412, 1.       ]), array([0.        , 0.69253398, 1.        ]), array([2, 1, 0]))",0.6925339755719938,0.38451784905821534,0.731848,0.4501912281094138,0.7181463852947269,9.261799216678712,0.5456652569941444,0.48406995368165884,svm,s-3-4-0,s-3-1-0
625,"[[29420 10218]
 [ 2739  7623]]","(array([0.        , 0.25778294, 1.        ]), array([0.        , 0.73566879, 1.        ]), array([2, 1, 0]))",0.7356687898089171,0.40433466033440896,0.74086,0.42727425592735835,0.7389429271210185,8.95054192070799,0.5405807892777365,0.4663754496732986,svm,s-3-4-0,s-3-1-1
626,"[[143183  48925]
 [ 17882  40010]]","(array([0.        , 0.25467445, 1.        ]), array([0.        , 0.69111449, 1.        ]), array([2, 1, 0]))",0.6911144890485732,0.38456489833421015,0.732772,0.4498791252038005,0.7182200175477942,9.229884619676282,0.5449951303234418,0.4836424647996287,svm,s-3-4-0,s-3-1-2
627,"[[247533  85672]
 [ 59487 107308]]","(array([0.        , 0.25711499, 1.        ]), array([0.        , 0.64335262, 1.        ]), array([2, 1, 0]))",0.6433526184837675,0.37407817149703876,0.709682,0.5560576225515598,0.6931188146064491,10.027365491639758,0.5965283857966786,0.5715685804530661,svm,s-3-4-0,s-3-1-3
628,"[[142545  49111]
 [ 18045  40299]]","(array([0.        , 0.25624556, 1.        ]), array([0.       , 0.6907137, 1.       ]), array([2, 1, 0]))",0.6907136980666393,0.38341132924908405,0.731376,0.4507213958170227,0.7172340665480336,9.278101346424064,0.5454877702126507,0.4843816108311858,svm,s-3-4-0,s-3-2-0
629,"[[29394 10261]
 [ 2711  7634]]","(array([0.        , 0.25875678, 1.        ]), array([0.        , 0.73794103, 1.        ]), array([2, 1, 0]))",0.7379410343160947,0.4049156640303357,0.74056,0.42659960882928194,0.7395921285563577,8.960904241280252,0.5406515580736544,0.4659139456820262,svm,s-3-4-0,s-3-2-1
630,"[[142339  49428]
 [ 18012  40221]]","(array([0.        , 0.25775029, 1.        ]), array([0.        , 0.69069085, 1.        ]), array([2, 1, 0]))",0.6906908453969399,0.38158494113661523,0.73024,0.44864973396245356,0.7164702773397795,9.317338410298225,0.5439607254432588,0.48246403201312765,svm,s-3-4-0,s-3-2-2
631,"[[248501  84731]
 [ 59088 107680]]","(array([0.       , 0.2542703, 1.       ]), array([0.        , 0.64568742, 1.        ]), array([2, 1, 0]))",0.6456874220473952,0.37928807024358707,0.712362,0.5596353638825223,0.6957085619383756,9.934800066059035,0.5995896196603923,0.5749605942683349,svm,s-3-4-0,s-3-2-3
632,"[[127503  12058]
 [ 39626  70813]]","(array([0.       , 0.0863995, 1.       ]), array([0.        , 0.64119559, 1.        ]), array([2, 1, 0]))",0.6411955921368357,0.5852608434450396,0.793264,0.8544967479576692,0.7773980482878774,7.140447042961509,0.7326366975324609,0.8011916103031522,svm,s-3-4-0,s-3-3-0
633,"[[23359  2241]
 [ 8607 15793]]","(array([0.        , 0.08753906, 1.        ]), array([0.       , 0.6472541, 1.       ]), array([2, 1, 0]))",0.6472540983606557,0.5826284522768841,0.78304,0.8757347233004326,0.779857517930328,7.493568764596644,0.744355940990715,0.8179850004143533,svm,s-3-4-0,s-3-3-1
634,"[[127464  12124]
 [ 39588  70824]]","(array([0.       , 0.0868556, 1.       ]), array([0.        , 0.64145202, 1.        ]), array([2, 1, 0]))",0.6414520160852081,0.5848984054780528,0.793152,0.8538361383035155,0.7772982062258289,7.144315597011458,0.7325610260653702,0.8008068674186574,svm,s-3-4-0,s-3-3-2
635,"[[248894  84008]
 [ 59517 107581]]","(array([0.        , 0.25235054, 1.        ]), array([0.        , 0.64381979, 1.        ]), array([2, 1, 0]))",0.6438197943721649,0.3798317547650294,0.71295,0.5615197114656896,0.6957346263856667,9.914490109320944,0.599860045108967,0.5762522845260719,svm,s-3-4-0,s-3-3-3
636,"[[127136  12194]
 [ 39617  71053]]","(array([0.        , 0.08751884, 1.        ]), array([0.        , 0.64202584, 1.        ]), array([2, 1, 0]))",0.6420258425951025,0.5844174630089097,0.792756,0.853520246975867,0.7772535012157311,7.157993176351124,0.7328186801569744,0.8007632004832552,svm,s-3-4-0,s-3-4-0
637,"[[23398  2180]
 [ 8642 15780]]","(array([0.        , 0.08522949, 1.        ]), array([0.        , 0.64613873, 1.        ]), array([2, 1, 0]))",0.6461387273769552,0.5844092404427523,0.78356,0.878619153674833,0.7804546166402331,7.475607625362423,0.7446557500825823,0.8196380710976295,svm,s-3-4-0,s-3-4-1
638,"[[127051  12597]
 [ 39722  70630]]","(array([0.        , 0.09020537, 1.        ]), array([0.        , 0.64004277, 1.        ]), array([2, 1, 0]))",0.6400427722198058,0.5793576554234557,0.790724,0.8486428682999507,0.7749186993546324,7.228177258936641,0.7297279147014913,0.7967107341063936,svm,s-3-4-0,s-3-4-2
639,"[[248005  84945]
 [ 59474 107576]]","(array([0.       , 0.2551284, 1.       ]), array([0.        , 0.64397486, 1.        ]), array([2, 1, 0]))",0.6439748578269979,0.3769156019912759,0.711162,0.5587754063193107,0.6944232300848461,9.976246939960625,0.5983574871165918,0.5739627417210346,svm,s-3-4-0,s-3-4-3
640,"[[183965   2032]
 [ 58139   5864]]","(array([0.        , 0.01092491, 1.        ]), array([0.        , 0.09162071, 1.        ]), array([2, 1, 0]))",0.09162070527944002,0.201372194570886,0.759316,0.7426545086119554,0.5403478989442303,8.312937356960596,0.16311770678312631,0.3067362716687415,svm,s-2-1-0,s-0-1-0
641,"[[38077   394]
 [10516  1013]]","(array([0.        , 0.01024148, 1.        ]), array([0.        , 0.08786538, 1.        ]), array([2, 1, 0]))",0.08786538294735016,0.1977079461549306,0.7818,0.7199715707178393,0.5388119511757883,7.536367310197263,0.15661719233147806,0.29521478113889377,svm,s-2-1-0,s-0-1-1
642,"[[184155   2063]
 [ 57998   5784]]","(array([0.        , 0.01107841, 1.        ]), array([0.        , 0.09068389, 1.        ]), array([2, 1, 0]))",0.09068389200714935,0.19902429754344345,0.759756,0.7370969797374793,0.5398027392673838,8.297740394496916,0.16149883427103548,0.30387727224965855,svm,s-2-1-0,s-0-1-2
643,"[[321578   3577]
 [158675  16170]]","(array([0.        , 0.01100091, 1.        ]), array([0.        , 0.09248191, 1.        ]), array([2, 1, 0]))",0.09248191255111671,0.19949986185786783,0.675496,0.8188585607940446,0.540740502645751,11.207976815574115,0.16619388258510115,0.3185165049461654,svm,s-2-1-0,s-0-1-3
644,"[[183844   2050]
 [ 58270   5836]]","(array([0.        , 0.01102779, 1.        ]), array([0.        , 0.09103672, 1.        ]), array([2, 1, 0]))",0.09103672043178486,0.19988589664355613,0.75872,0.7400456505199087,0.5400044652004534,8.333522525262978,0.16212912545838426,0.3050705697856769,svm,s-2-1-0,s-0-2-0
645,"[[38135   420]
 [10410  1035]]","(array([0.        , 0.01089353, 1.        ]), array([0.       , 0.0904325, 1.       ]), array([2, 1, 0]))",0.09043250327653997,0.19880371259630042,0.7834,0.711340206185567,0.5397694872756712,7.481105683756068,0.16046511627906979,0.2997393570807993,svm,s-2-1-0,s-0-2-1
646,"[[183864   2045]
 [ 58224   5867]]","(array([0.        , 0.01100001, 1.        ]), array([0.        , 0.09154171, 1.        ]), array([2, 1, 0]))",0.09154171412522819,0.20088143402003827,0.758924,0.7415318503538928,0.5402708543731263,8.326476598886467,0.16296543199588906,0.3064059578646111,svm,s-2-1-0,s-0-2-2
647,"[[321578   3577]
 [158675  16170]]","(array([0.        , 0.01100091, 1.        ]), array([0.        , 0.09248191, 1.        ]), array([2, 1, 0]))",0.09248191255111671,0.19949986185786783,0.675496,0.8188585607940446,0.540740502645751,11.207976815574114,0.16619388258510115,0.3185165049461654,svm,s-2-1-0,s-0-2-3
648,"[[136361   1495]
 [101725  10419]]","(array([0.        , 0.01084465, 1.        ]), array([0.        , 0.09290733, 1.        ]), array([2, 1, 0]))",0.09290733342844913,0.19158029932675158,0.58712,0.8745173745173745,0.5410313419695635,14.260374779523355,0.16796982056779894,0.3260012515644556,svm,s-2-1-0,s-0-3-0
649,"[[25123   268]
 [22304  2305]]","(array([0.        , 0.01055492, 1.        ]), array([0.        , 0.09366492, 1.        ]), array([2, 1, 0]))",0.09366491933845342,0.18806476651049858,0.54856,0.8958414302370773,0.5415549991517205,15.592189501560703,0.16959752777573395,0.33021976447666257,svm,s-2-1-0,s-0-3-1
650,"[[136502   1525]
 [101392  10581]]","(array([0.        , 0.01104856, 1.        ]), array([0.        , 0.09449599, 1.        ]), array([2, 1, 0]))",0.09449599457011958,0.1933123393922562,0.588332,0.8740294069056667,0.5417237158039003,14.218513878484417,0.17055263179103633,0.32983783985984777,svm,s-2-1-0,s-0-3-2
651,"[[321578   3577]
 [158675  16170]]","(array([0.        , 0.01100091, 1.        ]), array([0.        , 0.09248191, 1.        ]), array([2, 1, 0]))",0.09248191255111671,0.19949986185786783,0.675496,0.8188585607940446,0.540740502645751,11.207976815574114,0.16619388258510115,0.3185165049461654,svm,s-2-1-0,s-0-3-3
652,"[[136246   1571]
 [101764  10419]]","(array([0.        , 0.01139917, 1.        ]), array([0.        , 0.09287503, 1.        ]), array([2, 1, 0]))",0.0928750345417755,0.18964294103265134,0.58666,0.8689741451209341,0.5407379301372249,14.276262859742634,0.16781425913846007,0.3253030104344242,svm,s-2-1-0,s-0-4-0
653,"[[25057   287]
 [22295  2361]]","(array([0.        , 0.01132418, 1.        ]), array([0.        , 0.09575762, 1.        ]), array([2, 1, 0]))",0.09575762491888384,0.1884886697525407,0.54836,0.8916163141993958,0.5422167228129773,15.599097560686712,0.1729416935247583,0.3349126191556968,svm,s-2-1-0,s-0-4-1
654,"[[136326   1487]
 [101709  10478]]","(array([0.        , 0.01078998, 1.        ]), array([0.        , 0.09339763, 1.        ]), array([2, 1, 0]))",0.09339763074152976,0.19246858465125294,0.587216,0.8757208524864187,0.5413038236065627,14.25705903140233,0.16879309233842388,0.32734134348035265,svm,s-2-1-0,s-0-4-2
655,"[[321578   3577]
 [158675  16170]]","(array([0.        , 0.01100091, 1.        ]), array([0.        , 0.09248191, 1.        ]), array([2, 1, 0]))",0.09248191255111671,0.19949986185786783,0.675496,0.8188585607940446,0.540740502645751,11.20797681557411,0.16619388258510115,0.3185165049461654,svm,s-2-1-0,s-0-4-3
656,"[[  1038   7775]
 [  7351 233836]]","(array([0.        , 0.88221945, 1.        ]), array([0.        , 0.96952157, 1.        ]), array([2, 1, 0]))",0.9695215745458918,0.08940261132677722,0.939496,0.9678201737503673,0.5436510630019826,2.0897589944777555,0.9686701270510649,0.9681599760191648,svm,s-2-1-0,s-1-1-0
657,"[[  163  1173]
 [ 1470 47194]]","(array([0.        , 0.87799401, 1.        ]), array([0.        , 0.96979287, 1.        ]), array([2, 1, 0]))",0.9697928653624857,0.08328690423745765,0.94714,0.9757479273058077,0.5458994266932189,1.8257384787906918,0.9727612824767342,0.9745510713164722,svm,s-2-1-0,s-1-1-1
658,"[[  1084   7865]
 [  6653 234398]]","(array([0.        , 0.87886915, 1.        ]), array([0.        , 0.97240003, 1.        ]), array([2, 1, 0]))",0.9724000315285977,0.10033834158194191,0.941928,0.9675352819043767,0.5467654420689139,2.0057609781404078,0.9699615570829729,0.9685043339285994,svm,s-2-1-0,s-1-1-2
659,"[[  8446  62063]
 [ 11572 417919]]","(array([0.        , 0.88021387, 1.        ]), array([0.        , 0.97305648, 1.        ]), array([2, 1, 0]))",0.9730564784826691,0.16482527588277326,0.85273,0.8706972344796263,0.5464213025382186,5.08662485050912,0.919035529367007,0.8894092539474654,svm,s-2-1-0,s-1-1-3
660,"[[  1002   7911]
 [  7243 233844]]","(array([0.        , 0.88757994, 1.        ]), array([0.       , 0.9699569, 1.       ]), array([2, 1, 0]))",0.9699569035244539,0.08553061007173175,0.939384,0.9672767884842092,0.5411884820550575,2.0936277724149877,0.9686149920677986,0.9678116259569723,svm,s-2-1-0,s-1-2-0
661,"[[  150  1235]
 [ 1467 47148]]","(array([0.        , 0.89169675, 1.        ]), array([0.        , 0.96982413, 1.        ]), array([2, 1, 0]))",0.9698241283554458,0.07247894638272222,0.94596,0.974474505508133,0.5390636887264594,1.8664952264375,0.9721437555413514,0.9735408656725046,svm,s-2-1-0,s-1-2-1
662,"[[  1108   7713]
 [  7201 233978]]","(array([0.        , 0.87439066, 1.        ]), array([0.        , 0.97014251, 1.        ]), array([2, 1, 0]))",0.9701425082614987,0.09855330866612329,0.940344,0.9680873512046373,0.5478759248030087,2.0604699137947087,0.9691138401640194,0.9684976857351711,svm,s-2-1-0,s-1-2-2
663,"[[  8315  62196]
 [ 12317 417172]]","(array([0.        , 0.88207514, 1.        ]), array([0.        , 0.97132173, 1.        ]), array([2, 1, 0]))",0.9713217335019058,0.15616760038244812,0.850974,0.8702541679878507,0.5446232981446361,5.1472751545514965,0.9180146051579072,0.8887493230607583,svm,s-2-1-0,s-1-2-3
664,"[[  2076  65924]
 [  4075 177925]]","(array([0.        , 0.96947059, 1.        ]), array([0.        , 0.97760989, 1.        ]), array([2, 1, 0]))",0.9776098901098901,0.02337997021112197,0.720004,0.7296523668335733,0.504069650937298,9.670930086113364,0.8356248341548296,0.7686435757510824,svm,s-2-1-0,s-1-3-0
665,"[[  785 22255]
 [  746 26214]]","(array([0.        , 0.96592882, 1.        ]), array([0.        , 0.97232938, 1.        ]), array([2, 1, 0]))",0.9723293768545994,0.018518224871346075,0.53998,0.5408405372506138,0.5032002787050774,15.88888381800299,0.6950642325895875,0.593517361299788,svm,s-2-1-0,s-1-3-1
666,"[[  2051  65998]
 [  4088 177863]]","(array([0.        , 0.96985995, 1.        ]), array([0.        , 0.97753241, 1.        ]), array([2, 1, 0]))",0.9775324125726157,0.022064935665680907,0.719656,0.7293622186409471,0.503836229357918,9.682949816979631,0.8354062356157177,0.7683763969949757,svm,s-2-1-0,s-1-3-2
667,"[[  8213  62152]
 [ 12208 417427]]","(array([0.        , 0.88328004, 1.        ]), array([0.        , 0.97158518, 1.        ]), array([2, 1, 0]))",0.9715851827714223,0.15514778846290078,0.85128,0.8704029992973004,0.544152571489456,5.1367062186100805,0.9182150736790239,0.8889176136980712,svm,s-2-1-0,s-1-3-3
668,"[[  1940  65771]
 [  5026 177263]]","(array([0.        , 0.97134882, 1.        ]), array([0.       , 0.9724284, 1.       ]), array([2, 1, 0]))",0.9724283966668312,0.002914994845413028,0.716812,0.7293753137421102,0.5005397879717314,9.781177371012289,0.8335453290793116,0.7677545098209064,svm,s-2-1-0,s-1-4-0
669,"[[ 1259 21872]
 [  873 25996]]","(array([0.        , 0.94557088, 1.        ]), array([0.        , 0.96750903, 1.        ]), array([2, 1, 0]))",0.9675090252707581,0.054138553042594406,0.5451,0.5430767945182585,0.5109690731818318,15.712039157944735,0.6956661359166143,0.5953073403529341,svm,s-2-1-0,s-1-4-1
670,"[[  2047  66050]
 [  4045 177858]]","(array([0.        , 0.96993994, 1.        ]), array([0.        , 0.97776287, 1.        ]), array([2, 1, 0]))",0.9777628736194566,0.022587110297977213,0.71962,0.7292011742132279,0.5039114675012418,9.684193379246114,0.8353847129360209,0.7682618668118028,svm,s-2-1-0,s-1-4-2
671,"[[  8443  62056]
 [ 11694 417807]]","(array([0.        , 0.88023944, 1.        ]), array([0.        , 0.97277306, 1.        ]), array([2, 1, 0]))",0.9727730552431776,0.1638012076926174,0.8525,0.8706797565138383,0.5462668096114043,5.094568757885583,0.9188993626314655,0.889347296433773,svm,s-2-1-0,s-1-4-3
672,"[[ 74432  50897]
 [  4032 120639]]","(array([0.        , 0.40610713, 1.        ]), array([0.        , 0.96765888, 1.        ]), array([2, 1, 0]))",0.9676588781673364,0.6050418759875115,0.780284,0.7032867736218636,0.7807758760615424,7.5888845828258145,0.8145587376395561,0.7439366563272758,svm,s-2-1-0,s-2-1-0
673,"[[15058 10033]
 [  811 24098]]","(array([0.        , 0.39986449, 1.        ]), array([0.        , 0.96744149, 1.        ]), array([2, 1, 0]))",0.9674414870127264,0.6096949929802968,0.78312,0.7060443585010694,0.7837884968840684,7.4909302717485735,0.8163279132791328,0.7463777542386005,svm,s-2-1-0,s-2-1-1
674,"[[ 74501  50299]
 [  4064 121136]]","(array([0.        , 0.40303686, 1.        ]), array([0.        , 0.96753994, 1.        ]), array([2, 1, 0]))",0.9675399361022364,0.6080110432939442,0.782548,0.7066001691603232,0.7822515385639388,7.5106868804306846,0.8167343705226963,0.7468863294448418,svm,s-2-1-0,s-2-1-2
675,"[[148997 101236]
 [  8287 241480]]","(array([0.        , 0.40456694, 1.        ]), array([0.        , 0.96682108, 1.        ]), array([2, 1, 0]))",0.9668210772439914,0.6054287133419758,0.780954,0.7046067297704222,0.7811270668177173,7.565742710290493,0.8151457510173288,0.7450184526891069,svm,s-2-1-0,s-2-1-3
676,"[[ 74096  50391]
 [  4138 121375]]","(array([0.        , 0.40478926, 1.        ]), array([0.       , 0.9670313, 1.       ]), array([2, 1, 0]))",0.9670313035303116,0.6062661333453718,0.781884,0.7066299500483215,0.7811210242136846,7.533620922208757,0.8165729836281742,0.7468522983052682,svm,s-2-1-0,s-2-2-0
677,"[[14969 10190]
 [  828 24013]]","(array([0.        , 0.40502405, 1.        ]), array([0.        , 0.96666801, 1.        ]), array([2, 1, 0]))",0.966668008534278,0.6040500291547093,0.77964,0.7020729175803292,0.780821980736792,7.611127724338792,0.8133934015310614,0.7427328908216984,svm,s-2-1-0,s-2-2-1
678,"[[ 74808  50469]
 [  4065 120658]]","(array([0.        , 0.40285926, 1.        ]), array([0.        , 0.96740778, 1.        ]), array([2, 1, 0]))",0.9674077756307978,0.6074167519542983,0.781864,0.7050786842520467,0.7822742558797682,7.534311947211056,0.8156701030927835,0.7455102436757859,svm,s-2-1-0,s-2-2-2
679,"[[149344 101038]
 [  8315 241303]]","(array([0.       , 0.4035354, 1.       ]), array([0.       , 0.9666891, 1.       ]), array([2, 1, 0]))",0.9666891009462458,0.6060069495587178,0.781294,0.70486152695704,0.7815768515171277,7.553999209675638,0.8152693007454909,0.7452306449361388,svm,s-2-1-0,s-2-2-3
680,"[[ 74705  50093]
 [  4278 120924]]","(array([0.        , 0.40139265, 1.        ]), array([0.        , 0.96583122, 1.        ]), array([2, 1, 0]))",0.965831216753726,0.6070712577483844,0.782516,0.7070875994784144,0.7822192831152401,7.5117914624070385,0.8164499913915042,0.7471177728075921,svm,s-2-1-0,s-2-3-0
681,"[[15017 10069]
 [  759 24155]]","(array([0.        , 0.40137926, 1.        ]), array([0.       , 0.9695352, 1.       ]), array([2, 1, 0]))",0.9695352010917556,0.611281373531914,0.78344,0.7057912575970079,0.7840779728650996,7.479878439012351,0.8169028374310934,0.746400098881404,svm,s-2-1-0,s-2-3-1
682,"[[ 74425  50549]
 [  4023 121003]]","(array([0.        , 0.40447613, 1.        ]), array([0.        , 0.96782269, 1.        ]), array([2, 1, 0]))",0.967822692879881,0.6070113630683716,0.781712,0.7053429863831375,0.7816732809223128,7.539562097094259,0.8159944432830487,0.7457959109208934,svm,s-2-1-0,s-2-3-2
683,"[[148931 100878]
 [  8235 241956]]","(array([0.        , 0.40382052, 1.        ]), array([0.        , 0.96708515, 1.        ]), array([2, 1, 0]))",0.967085146947732,0.6066401050216792,0.781774,0.7057526383030854,0.7816323140356551,7.537420341134906,0.8160060705703807,0.7460745334490267,svm,s-2-1-0,s-2-3-3
684,"[[ 74460  50502]
 [  4205 120833]]","(array([0.        , 0.40413886, 1.        ]), array([0.        , 0.96637022, 1.        ]), array([2, 1, 0]))",0.9663702234520706,0.6053565487162219,0.781172,0.7052441124113579,0.781115682619587,7.558212886023194,0.8154116603064381,0.7455347998094717,svm,s-2-1-0,s-2-4-0
685,"[[14976  9999]
 [  864 24161]]","(array([0.        , 0.40036036, 1.        ]), array([0.        , 0.96547453, 1.        ]), array([2, 1, 0]))",0.9654745254745255,0.6073506006402613,0.78274,0.7072892271662764,0.7825570825570826,7.504054463052387,0.8164568725183746,0.7472551263415087,svm,s-2-1-0,s-2-4-1
686,"[[ 74617  50443]
 [  4049 120891]]","(array([0.        , 0.40335039, 1.        ]), array([0.        , 0.96759244, 1.        ]), array([2, 1, 0]))",0.9675924443732992,0.6075193326212017,0.782032,0.7055867486896938,0.7821210262806844,7.528509349618577,0.816075659693392,0.7459865527301808,svm,s-2-1-0,s-2-4-2
687,"[[149014 100628]
 [  8160 242198]]","(array([0.        , 0.40308922, 1.        ]), array([0.        , 0.96740667, 1.        ]), array([2, 1, 0]))",0.9674066736433428,0.6077651793706885,0.782424,0.7064750048129371,0.7821587249374532,7.514969736679501,0.8166032799266333,0.7467585723782143,svm,s-2-1-0,s-2-4-3
688,"[[113455  78415]
 [  1839  56291]]","(array([0.        , 0.40868817, 1.        ]), array([0.        , 0.96836401, 1.        ]), array([2, 1, 0]))",0.9683640116979184,0.47428941621469983,0.678984,0.41788042106513446,0.7798379187066232,11.087750644918604,0.5838225227654588,0.47148524006874915,svm,s-2-1-0,s-3-1-0
689,"[[23253 16385]
 [  339 10023]]","(array([0.        , 0.41336596, 1.        ]), array([0.        , 0.96728431, 1.        ]), array([2, 1, 0]))",0.9672843080486393,0.4497521774902324,0.66552,0.3795440775522569,0.7769591730464701,11.552791956647601,0.545172695131901,0.4320482093901408,svm,s-2-1-0,s-3-1-1
690,"[[113750  78358]
 [  1883  56009]]","(array([0.        , 0.40788515, 1.        ]), array([0.        , 0.96747392, 1.        ]), array([2, 1, 0]))",0.9674739169488012,0.4734387319721515,0.679036,0.41683597907224246,0.7797943845055915,11.085954446237851,0.5826411247327824,0.4703792663262565,svm,s-2-1-0,s-3-1-2
691,"[[198221 134984]
 [  5441 161354]]","(array([0.        , 0.40510797, 1.        ]), array([0.        , 0.96737912, 1.        ]), array([2, 1, 0]))",0.9673791180790791,0.5395657765002198,0.71915,0.5444931125944024,0.7811355757559754,9.7004312162297,0.6967933617341023,0.5966584994087181,svm,s-2-1-0,s-3-1-3
692,"[[113379  78277]
 [  1960  56384]]","(array([0.        , 0.40842447, 1.        ]), array([0.        , 0.96640614, 1.        ]), array([2, 1, 0]))",0.9664061428767311,0.47344576622237794,0.679052,0.4187106883210432,0.778990837018363,11.085401566745967,0.5842750187818968,0.47223729790213537,svm,s-2-1-0,s-3-2-0
693,"[[23435 16220]
 [  363  9982]]","(array([0.        , 0.40902787, 1.        ]), array([0.        , 0.96491058, 1.        ]), array([2, 1, 0]))",0.9649105848235863,0.45087893630603154,0.66834,0.38096328524540113,0.7779413597425207,11.455389968542434,0.5462555066079295,0.43342335848827207,svm,s-2-1-0,s-3-2-1
694,"[[113672  78095]
 [  1939  56294]]","(array([0.        , 0.40723899, 1.        ]), array([0.        , 0.96670273, 1.        ]), array([2, 1, 0]))",0.9667027286933526,0.4743097148836411,0.679864,0.4188884506916489,0.7797318677701015,11.05735549820637,0.5845022894581097,0.47243235440734893,svm,s-2-1-0,s-3-2-2
695,"[[198349 134883]
 [  5441 161327]]","(array([0.        , 0.40477205, 1.        ]), array([0.        , 0.96737384, 1.        ]), array([2, 1, 0]))",0.9673738367072819,0.5398082576609623,0.719352,0.5446372505992371,0.7813008930019341,9.693454221879243,0.6969100043630583,0.5967965563980089,svm,s-2-1-0,s-3-2-3
696,"[[ 83074  56487]
 [  3554 106885]]","(array([0.        , 0.40474774, 1.        ]), array([0.        , 0.96781934, 1.        ]), array([2, 1, 0]))",0.9678193391827162,0.5876096659500036,0.759836,0.654243077149083,0.7815357972344676,8.29515136154749,0.7807210082867378,0.699576006607961,svm,s-2-1-0,s-3-3-0
697,"[[15303 10297]
 [  759 23641]]","(array([0.        , 0.40222656, 1.        ]), array([0.        , 0.96889344, 1.        ]), array([2, 1, 0]))",0.9688934426229509,0.606596349821621,0.77888,0.6965937886734633,0.7833334400614754,7.6373789055374255,0.8104837327299531,0.7380800739297667,svm,s-2-1-0,s-3-3-1
698,"[[ 83418  56170]
 [  3618 106794]]","(array([0.        , 0.40239849, 1.        ]), array([0.        , 0.96723182, 1.        ]), array([2, 1, 0]))",0.9672318226279752,0.5887856289768939,0.760848,0.6553226479467857,0.7824166678260087,8.260197105946295,0.7812975535526161,0.7005016608331978,svm,s-2-1-0,s-3-3-2
699,"[[198148 134754]
 [  5493 161605]]","(array([0.        , 0.40478579, 1.        ]), array([0.        , 0.96712708, 1.        ]), array([2, 1, 0]))",0.9671270751295646,0.5398860725494884,0.719506,0.5453014755752313,0.7811706411568304,9.688135044018292,0.6973894018215282,0.5974156657060008,svm,s-2-1-0,s-3-3-3
700,"[[ 83206  56124]
 [  3667 107003]]","(array([0.        , 0.40281346, 1.        ]), array([0.        , 0.96686546, 1.        ]), array([2, 1, 0]))",0.9668654558597632,0.5883707524275341,0.760836,0.6559490458354533,0.7820259957114074,8.260611424137107,0.7816228811856959,0.7010356692671957,svm,s-2-1-0,s-3-4-0
701,"[[15173 10405]
 [  797 23625]]","(array([0.       , 0.4067949, 1.       ]), array([0.        , 0.96736549, 1.        ]), array([2, 1, 0]))",0.9673654901318484,0.6009948908688303,0.77596,0.6942403761387012,0.7802852941315275,7.738233859741013,0.808355573804147,0.7357887655566768,svm,s-2-1-0,s-3-4-1
702,"[[ 83272  56376]
 [  3652 106700]]","(array([0.        , 0.40370073, 1.        ]), array([0.       , 0.9669059, 1.       ]), array([2, 1, 0]))",0.9669059011164274,0.5872313311012209,0.759888,0.654296156393338,0.7816025839221,8.293354990153693,0.7804614011732521,0.6995290143918096,svm,s-2-1-0,s-3-4-2
703,"[[198307 134643]
 [  5349 161701]]","(array([0.        , 0.40439405, 1.        ]), array([0.        , 0.96797965, 1.        ]), array([2, 1, 0]))",0.9679796468123316,0.5410357447234743,0.720016,0.545653024862997,0.7817927968255982,9.670520090546262,0.6978985485353716,0.5978182909822792,svm,s-2-1-0,s-3-4-3
704,"[[183877   2120]
 [ 57288   6715]]","(array([0.        , 0.01139803, 1.        ]), array([0.        , 0.10491696, 1.        ]), array([2, 1, 0]))",0.1049169570176398,0.22105086496678827,0.762368,0.7600452744765138,0.5467594618580137,8.207525292861625,0.18438177874186548,0.33797046596136615,svm,s-2-2-0,s-0-1-0
705,"[[38060   411]
 [10355  1174]]","(array([0.        , 0.01068337, 1.        ]), array([0.        , 0.10183017, 1.        ]), array([2, 1, 0]))",0.1018301674039379,0.2191287495587697,0.78468,0.7406940063091483,0.5455733977567115,7.436895906043046,0.1790452951044685,0.32850187475516257,svm,s-2-2-0,s-0-1-1
706,"[[184064   2154]
 [ 57169   6613]]","(array([0.        , 0.01156709, 1.        ]), array([0.        , 0.10368129, 1.        ]), array([2, 1, 0]))",0.10368128939199148,0.21829441495619198,0.762708,0.754305919926999,0.5460571006776946,8.195782217632607,0.18230437359577664,0.3344967121901872,svm,s-2-2-0,s-0-1-2
707,"[[321407   3748]
 [156579  18266]]","(array([0.        , 0.01152681, 1.        ]), array([0.        , 0.10446967, 1.        ]), array([2, 1, 0]))",0.10446967313906604,0.21603832593555325,0.679346,0.8297447079131461,0.5464714314242946,11.075002799916028,0.1855744466851909,0.34739312516878984,svm,s-2-2-0,s-0-1-3
708,"[[183761   2133]
 [ 57419   6687]]","(array([0.        , 0.01147428, 1.        ]), array([0.        , 0.10431161, 1.        ]), array([2, 1, 0]))",0.10431160889776309,0.21973524359499416,0.761792,0.7581632653061224,0.5464186639279396,8.22741966964416,0.18339138304582728,0.33641559173324215,svm,s-2-2-0,s-0-2-0
709,"[[38118   437]
 [10258  1187]]","(array([0.        , 0.01133446, 1.        ]), array([0.        , 0.10371341, 1.        ]), array([2, 1, 0]))",0.1037134119702927,0.21893404733167982,0.7861,0.7309113300492611,0.546189477350728,7.387851259352935,0.1816512357487183,0.3308065325232707,svm,s-2-2-0,s-0-2-1
710,"[[183774   2135]
 [ 57389   6702]]","(array([0.        , 0.01148411, 1.        ]), array([0.        , 0.10457006, 1.        ]), array([2, 1, 0]))",0.10457006443962491,0.2201025662322074,0.761904,0.7584021726830372,0.5465429756222299,8.22355133308471,0.18379771829749889,0.33699051679924374,svm,s-2-2-0,s-0-2-2
711,"[[321407   3748]
 [156579  18266]]","(array([0.        , 0.01152681, 1.        ]), array([0.        , 0.10446967, 1.        ]), array([2, 1, 0]))",0.10446967313906604,0.21603832593555325,0.679346,0.8297447079131461,0.5464714314242946,11.075002799916025,0.1855744466851909,0.34739312516878984,svm,s-2-2-0,s-0-2-3
712,"[[136284   1572]
 [100294  11850]]","(array([0.       , 0.0114032, 1.       ]), array([0.        , 0.10566771, 1.        ]), array([2, 1, 0]))",0.10566771294050506,0.20799518198190187,0.592536,0.8828788556101922,0.5471322547989433,14.07331301284453,0.1887453610053677,0.35728930483863186,svm,s-2-2-0,s-0-3-0
713,"[[25103   288]
 [22010  2599]]","(array([0.       , 0.0113426, 1.       ]), array([0.        , 0.10561177, 1.        ]), array([2, 1, 0]))",0.10561176805233857,0.20205182646060305,0.55404,0.9002424662279183,0.5471345831715357,15.402917326755565,0.18904567937154496,0.3594048178775894,svm,s-2-2-0,s-0-3-1
714,"[[136423   1604]
 [ 99887  12086]]","(array([0.        , 0.01162091, 1.        ]), array([0.        , 0.10793673, 1.        ]), array([2, 1, 0]))",0.10793673474855546,0.21052008353020202,0.594036,0.8828341855368882,0.5481579099999959,14.02150495060063,0.19235574512784193,0.3624357505712726,svm,s-2-2-0,s-0-3-2
715,"[[321407   3748]
 [156579  18266]]","(array([0.        , 0.01152681, 1.        ]), array([0.        , 0.10446967, 1.        ]), array([2, 1, 0]))",0.10446967313906604,0.21603832593555325,0.679346,0.8297447079131461,0.5464714314242946,11.075002799916028,0.1855744466851909,0.34739312516878984,svm,s-2-2-0,s-0-3-3
716,"[[136174   1643]
 [100283  11900]]","(array([0.        , 0.01192161, 1.        ]), array([0.        , 0.10607668, 1.        ]), array([2, 1, 0]))",0.10607667828458857,0.20688314718680167,0.592296,0.8786827143173596,0.5470775360483363,14.081602546264973,0.18930054244945357,0.3576688407321692,svm,s-2-2-0,s-0-4-0
717,"[[25039   305]
 [21988  2668]]","(array([0.        , 0.01203441, 1.        ]), array([0.        , 0.10820896, 1.        ]), array([2, 1, 0]))",0.10820895522388059,0.20332367723765227,0.55414,0.8974100235452405,0.548087274329112,15.399463720979199,0.1931304064569836,0.36499945277443363,svm,s-2-2-0,s-0-4-1
718,"[[136253   1560]
 [100454  11733]]","(array([0.        , 0.01131969, 1.        ]), array([0.        , 0.10458431, 1.        ]), array([2, 1, 0]))",0.10458431012505906,0.20673606619258814,0.591944,0.8826450011284135,0.5466323116515306,14.09375993008964,0.18700988205291683,0.35477355329918536,svm,s-2-2-0,s-0-4-2
719,"[[321407   3748]
 [156579  18266]]","(array([0.        , 0.01152681, 1.        ]), array([0.        , 0.10446967, 1.        ]), array([2, 1, 0]))",0.10446967313906604,0.21603832593555325,0.679346,0.8297447079131461,0.5464714314242946,11.075002799916025,0.1855744466851909,0.34739312516878984,svm,s-2-2-0,s-0-4-3
720,"[[   267   8546]
 [  6639 234548]]","(array([0.        , 0.96970385, 1.        ]), array([0.        , 0.97247364, 1.        ]), array([2, 1, 0]))",0.9724736407849511,0.0031166348788111927,0.93926,0.9648448748220853,0.5013848970973434,2.097912611665429,0.9686442375397754,0.9663610377046764,svm,s-2-2-0,s-1-1-0
721,"[[   35  1301]
 [ 1362 47302]]","(array([0.       , 0.9738024, 1.       ]), array([0.        , 0.97201217, 1.        ]), array([2, 1, 0]))",0.9720121650501398,-0.0017518070050491297,0.94674,0.9732321050140937,0.4991048849202795,1.8395560363180772,0.9726217524957077,0.9729878721058433,svm,s-2-2-0,s-1-1-1
722,"[[   253   8696]
 [  6312 234739]]","(array([0.        , 0.97172868, 1.        ]), array([0.        , 0.97381467, 1.        ]), array([2, 1, 0]))",0.9738146699246217,0.0024235057888353307,0.939968,0.96427793866946,0.5010429925776868,2.073459637736291,0.9690228407012793,0.9661703124241122,svm,s-2-2-0,s-1-1-2
723,"[[  2091  68418]
 [ 10740 418751]]","(array([0.        , 0.97034421, 1.        ]), array([0.        , 0.97499366, 1.        ]), array([2, 1, 0]))",0.9749936552803202,0.010233642671352476,0.841684,0.859560029476424,0.5023247219515246,5.468150337450639,0.9136451901468373,0.8804070529950168,svm,s-2-2-0,s-1-1-3
724,"[[   244   8669]
 [  6521 234566]]","(array([0.        , 0.97262426, 1.        ]), array([0.        , 0.97295167, 1.        ]), array([2, 1, 0]))",0.9729516730474891,0.00037415561748914124,0.93924,0.9643595699632043,0.5001637081718989,2.0986037805952633,0.9686365682335305,0.9660658288489465,svm,s-2-2-0,s-1-2-0
725,"[[   30  1355]
 [ 1333 47282]]","(array([0.        , 0.97833935, 1.        ]), array([0.        , 0.97258048, 1.        ]), array([2, 1, 0]))",0.9725804792759436,-0.005803848366609044,0.94624,0.9721405514320374,0.4971205645477191,1.8568262880807573,0.9723604655945378,0.9722285051590909,svm,s-2-2-0,s-1-2-1
726,"[[   272   8549]
 [  6591 234588]]","(array([0.        , 0.96916449, 1.        ]), array([0.        , 0.97267175, 1.        ]), array([2, 1, 0]))",0.9726717500279876,0.003960168109825563,0.93944,0.9648387534599835,0.5017536281032127,2.0916956415095145,0.968739418065891,0.966395243740973,svm,s-2-2-0,s-1-2-2
727,"[[  2098  68413]
 [ 10935 418554]]","(array([0.        , 0.97024578, 1.        ]), array([0.        , 0.97453951, 1.        ]), array([2, 1, 0]))",0.9745395109071477,0.009379238880438588,0.841304,0.859512040856978,0.5021468668262674,5.481275064484731,0.9134186474855313,0.8802926947866897,svm,s-2-2-0,s-1-2-3
728,"[[  2076  65924]
 [  3645 178355]]","(array([0.        , 0.96947059, 1.        ]), array([0.        , 0.97997253, 1.        ]), array([2, 1, 0]))",0.9799725274725275,0.03125220115032697,0.721724,0.7301282549871254,0.5052509696186167,9.61152339071412,0.8367993731804757,0.7693578554691679,svm,s-2-2-0,s-1-3-0
729,"[[  687 22353]
 [  718 26242]]","(array([0.        , 0.97018229, 1.        ]), array([0.        , 0.97336795, 1.        ]), array([2, 1, 0]))",0.9733679525222552,0.009608747144912938,0.53858,0.5400144047741537,0.5015928304277942,15.937239672166829,0.6946462841638541,0.5927984096864553,svm,s-2-2-0,s-1-3-1
730,"[[  2051  65998]
 [  3682 178269]]","(array([0.        , 0.96985995, 1.        ]), array([0.        , 0.97976378, 1.        ]), array([2, 1, 0]))",0.9797637825568423,0.029448816576170378,0.72128,0.7298120499289712,0.5049519143500313,9.626858844114295,0.8365155859208199,0.7690512407475631,svm,s-2-2-0,s-1-3-2
731,"[[  2132  68233]
 [ 10796 418839]]","(array([0.        , 0.96970085, 1.        ]), array([0.        , 0.97487169, 1.        ]), array([2, 1, 0]))",0.9748716934141771,0.01132994171711773,0.841942,0.8599118816109322,0.5025854239116647,5.4592390372896995,0.9137903386796435,0.8806824274797795,svm,s-2-2-0,s-1-3-3
732,"[[  1940  65771]
 [  3924 178365]]","(array([0.        , 0.97134882, 1.        ]), array([0.        , 0.97847374, 1.        ]), array([2, 1, 0]))",0.9784737422444579,0.02092073975471846,0.72122,0.7305968804273029,0.5035624607605447,9.628930444663526,0.8365597701823297,0.7695888881314219,svm,s-2-2-0,s-1-4-0
733,"[[  851 22280]
 [  740 26129]]","(array([0.        , 0.96320955, 1.        ]), array([0.        , 0.97245897, 1.        ]), array([2, 1, 0]))",0.9724589675834605,0.026274799009973752,0.5396,0.5397550042347498,0.5046247109760285,15.902008952831775,0.6942001647227609,0.5924808961248045,svm,s-2-2-0,s-1-4-1
734,"[[  2047  66050]
 [  3699 178204]]","(array([0.        , 0.96993994, 1.        ]), array([0.        , 0.97966499, 1.        ]), array([2, 1, 0]))",0.9796649862838985,0.028891627452391065,0.721004,0.7295847765031483,0.5048625238334629,9.63639171271556,0.8363302726459966,0.76883716635934,svm,s-2-2-0,s-1-4-2
735,"[[  2136  68363]
 [ 10866 418635]]","(array([0.       , 0.9697017, 1.       ]), array([0.        , 0.97470087, 1.        ]), array([2, 1, 0]))",0.9747008738047176,0.01093209298709325,0.841542,0.85962365348523,0.5024995879541468,5.4730547557429965,0.9135525516121676,0.8804126868091725,svm,s-2-2-0,s-1-4-3
736,"[[ 74432  50897]
 [  4022 120649]]","(array([0.        , 0.40610713, 1.        ]), array([0.        , 0.96773909, 1.        ]), array([2, 1, 0]))",0.9677390892829928,0.605149224859108,0.780324,0.7033040700453522,0.7808159816193707,7.587503031770018,0.81459875699234,0.7439616207583353,svm,s-2-2-0,s-2-1-0
737,"[[15058 10033]
 [  808 24101]]","(array([0.        , 0.39986449, 1.        ]), array([0.        , 0.96756193, 1.        ]), array([2, 1, 0]))",0.9675619254084868,0.6098552183478304,0.78318,0.7060701939415246,0.7838487160819487,7.488857945164877,0.8163880561624579,0.7464151878348663,svm,s-2-2-0,s-2-1-1
738,"[[ 74501  50299]
 [  4055 121145]]","(array([0.        , 0.40303686, 1.        ]), array([0.        , 0.96761182, 1.        ]), array([2, 1, 0]))",0.967611821086262,0.6081073393898202,0.782584,0.7066155712652528,0.7822874810559515,7.509443484480467,0.8167702700880517,0.7469086631416959,svm,s-2-2-0,s-2-1-2
739,"[[148997 101236]
 [  8258 241509]]","(array([0.        , 0.40456694, 1.        ]), array([0.        , 0.96693719, 1.        ]), array([2, 1, 0]))",0.9669371854568458,0.605583949829414,0.781012,0.7046317232928271,0.7811851209241445,7.5637394612595905,0.8152037427090084,0.7450545951959189,svm,s-2-2-0,s-2-1-3
740,"[[ 74096  50391]
 [  4124 121389]]","(array([0.        , 0.40478926, 1.        ]), array([0.        , 0.96714285, 1.        ]), array([2, 1, 0]))",0.9671428457609968,0.6064159604075489,0.78194,0.7066538595878449,0.7811767953290271,7.531686750730643,0.8166287130877617,0.7468869711173431,svm,s-2-2-0,s-2-2-0
741,"[[14969 10190]
 [  826 24015]]","(array([0.        , 0.40502405, 1.        ]), array([0.        , 0.96674852, 1.        ]), array([2, 1, 0]))",0.9667485205909585,0.6041572039315848,0.77968,0.7020903376699313,0.7808622367651321,7.609746173282995,0.8134335941469363,0.7427579935791564,svm,s-2-2-0,s-2-2-1
742,"[[ 74808  50469]
 [  4058 120665]]","(array([0.        , 0.40285926, 1.        ]), array([0.       , 0.9674639, 1.       ]), array([2, 1, 0]))",0.9674639000024053,0.6074916720444601,0.781892,0.7050907476012949,0.782302318065572,7.5333448614719964,0.8156981244317356,0.745527698796059,svm,s-2-2-0,s-2-2-2
743,"[[149344 101038]
 [  8297 241321]]","(array([0.       , 0.4035354, 1.       ]), array([0.        , 0.96676121, 1.        ]), array([2, 1, 0]))",0.9667612111306075,0.6061032144259814,0.78133,0.7048770442722405,0.7816129066093086,7.552755813725424,0.8153053243622641,0.745253092237813,svm,s-2-2-0,s-2-2-3
744,"[[ 74705  50093]
 [  4273 120929]]","(array([0.        , 0.40139265, 1.        ]), array([0.        , 0.96587115, 1.        ]), array([2, 1, 0]))",0.9658711522180157,0.6071245519639329,0.782536,0.70709616306674,0.7822392508473851,7.51110068687914,0.8164699686723561,0.7471302005461579,svm,s-2-2-0,s-2-3-0
745,"[[15017 10069]
 [  759 24155]]","(array([0.        , 0.40137926, 1.        ]), array([0.       , 0.9695352, 1.       ]), array([2, 1, 0]))",0.9695352010917556,0.611281373531914,0.78344,0.7057912575970079,0.7840779728650996,7.47987843901235,0.8169028374310934,0.746400098881404,svm,s-2-2-0,s-2-3-1
746,"[[ 74425  50549]
 [  4015 121011]]","(array([0.        , 0.40447613, 1.        ]), array([0.        , 0.96788668, 1.        ]), array([2, 1, 0]))",0.9678866795706493,0.6070971110046682,0.781744,0.705356726509676,0.781705274267697,7.5384568562496215,0.8160263802067529,0.7458157990104357,svm,s-2-2-0,s-2-3-2
747,"[[148931 100878]
 [  8208 241983]]","(array([0.        , 0.40382052, 1.        ]), array([0.        , 0.96719306, 1.        ]), array([2, 1, 0]))",0.967193064498723,0.6067845646505963,0.781828,0.7057758100221373,0.7816862728111507,7.5355552472095795,0.8160599745047653,0.7461080946082196,svm,s-2-2-0,s-2-3-3
748,"[[ 74460  50502]
 [  4194 120844]]","(array([0.        , 0.40413886, 1.        ]), array([0.       , 0.9664582, 1.       ]), array([2, 1, 0]))",0.9664581967082007,0.6054741695296566,0.781216,0.7052630350285387,0.781159669247652,7.556693179861819,0.8154556251349601,0.7455621885881676,svm,s-2-2-0,s-2-4-0
749,"[[14976  9999]
 [  857 24168]]","(array([0.        , 0.40036036, 1.        ]), array([0.        , 0.96575425, 1.        ]), array([2, 1, 0]))",0.9657542457542457,0.6077232744639032,0.78288,0.7073491965932039,0.7826969426969428,7.499219034357099,0.816596837410461,0.7473421854996813,svm,s-2-2-0,s-2-4-1
750,"[[ 74617  50443]
 [  4036 120904]]","(array([0.        , 0.40335039, 1.        ]), array([0.        , 0.96769649, 1.        ]), array([2, 1, 0]))",0.9676964943172723,0.607658523991931,0.782084,0.7056090856565916,0.782173051252671,7.526713333246042,0.8161276060036383,0.746018896051969,svm,s-2-2-0,s-2-4-2
751,"[[149014 100628]
 [  8137 242221]]","(array([0.        , 0.40308922, 1.        ]), array([0.        , 0.96749854, 1.        ]), array([2, 1, 0]))",0.9674985420877303,0.6078882104930439,0.78247,0.7064946959156947,0.7822046591596469,7.51338095296533,0.8166491629397494,0.7467871206113874,svm,s-2-2-0,s-2-4-3
752,"[[113562  78308]
 [  1839  56291]]","(array([0.        , 0.40813051, 1.        ]), array([0.        , 0.96836401, 1.        ]), array([2, 1, 0]))",0.9683640116979184,0.4747304360536975,0.679412,0.418212616735637,0.7801167533342357,11.07296770639388,0.584146651515859,0.47182352487569695,svm,s-2-2-0,s-3-1-0
753,"[[23221 16417]
 [  338 10024]]","(array([0.        , 0.41417327, 1.        ]), array([0.        , 0.96738081, 1.        ]), array([2, 1, 0]))",0.9673808145145725,0.4492089414615798,0.6649,0.37910820316932037,0.7766037732192421,11.5742065097548,0.5447382006901611,0.43160015844858174,svm,s-2-2-0,s-3-1-1
754,"[[113866  78242]
 [  1883  56009]]","(array([0.        , 0.40728132, 1.        ]), array([0.        , 0.96747392, 1.        ]), array([2, 1, 0]))",0.9674739169488012,0.4739166621647536,0.6795,0.4171961475147299,0.7800962980125771,11.069928082977409,0.5829928750982342,0.47074614722573355,svm,s-2-2-0,s-3-1-2
755,"[[198369 134836]
 [  5441 161354]]","(array([0.       , 0.4046638, 1.       ]), array([0.        , 0.96737912, 1.        ]), array([2, 1, 0]))",0.9673791180790791,0.5399307590970991,0.719446,0.5447651845099429,0.781357661258894,9.690207501735967,0.6970161020335431,0.5969198441794821,svm,s-2-2-0,s-3-1-3
756,"[[113498  78158]
 [  1960  56384]]","(array([0.        , 0.40780356, 1.        ]), array([0.        , 0.96640614, 1.        ]), array([2, 1, 0]))",0.9664061428767311,0.473937737804199,0.679528,0.41908103045889017,0.7793012890783038,11.068960728573611,0.584635484171998,0.4726141301432326,svm,s-2-2-0,s-3-2-0
757,"[[23399 16256]
 [  363  9982]]","(array([0.       , 0.4099357, 1.       ]), array([0.        , 0.96491058, 1.        ]), array([2, 1, 0]))",0.9649105848235863,0.4501743004077978,0.66762,0.3804405823614605,0.7774874447254989,11.480258463256915,0.545717956427849,0.4328820350919799,svm,s-2-2-0,s-3-2-1
758,"[[113640  78127]
 [  1939  56294]]","(array([0.        , 0.40740586, 1.        ]), array([0.        , 0.96670273, 1.        ]), array([2, 1, 0]))",0.9667027286933526,0.47417742953761055,0.679736,0.4187887309274593,0.7796484331854232,11.061776563933387,0.5844052031102391,0.4723308782934536,svm,s-2-2-0,s-3-2-2
759,"[[198473 134759]
 [  5441 161327]]","(array([0.        , 0.40439994, 1.        ]), array([0.        , 0.96737384, 1.        ]), array([2, 1, 0]))",0.9673738367072819,0.5401140963456992,0.7196,0.54486534317732,0.7814869495631287,9.684888407033148,0.6970967086813552,0.5970156434107609,svm,s-2-2-0,s-3-2-3
760,"[[ 83082  56479]
 [  3554 106885]]","(array([0.        , 0.40469042, 1.        ]), array([0.        , 0.96781934, 1.        ]), array([2, 1, 0]))",0.9678193391827162,0.5876567415429614,0.759868,0.6542751156925638,0.7815644585366938,8.294046095115732,0.7807438194614376,0.699605312248411,svm,s-2-2-0,s-3-3-0
761,"[[15303 10297]
 [  759 23641]]","(array([0.        , 0.40222656, 1.        ]), array([0.        , 0.96889344, 1.        ]), array([2, 1, 0]))",0.9688934426229509,0.606596349821621,0.77888,0.6965937886734633,0.7833334400614754,7.637378905537424,0.8104837327299531,0.7380800739297667,svm,s-2-2-0,s-3-3-1
762,"[[ 83419  56169]
 [  3618 106794]]","(array([0.        , 0.40239132, 1.        ]), array([0.        , 0.96723182, 1.        ]), array([2, 1, 0]))",0.9672318226279752,0.5887915207812723,0.760852,0.6553266692439388,0.7824202497958055,8.260058947642326,0.7813004115226337,0.70050533673373,svm,s-2-2-0,s-3-3-2
763,"[[198912 133990]
 [  5493 161605]]","(array([0.        , 0.40249082, 1.        ]), array([0.        , 0.96712708, 1.        ]), array([2, 1, 0]))",0.9671270751295646,0.5417741594053093,0.721034,0.5467108712934928,0.7823181260022204,9.635358571902003,0.6985409331889613,0.5987685608805776,svm,s-2-2-0,s-3-3-3
764,"[[ 83207  56123]
 [  3667 107003]]","(array([0.        , 0.40280629, 1.        ]), array([0.        , 0.96686546, 1.        ]), array([2, 1, 0]))",0.9668654558597632,0.5883766561093008,0.76084,0.6559530669543788,0.7820295843140056,8.26047326583314,0.781625735949393,0.7010393435835078,svm,s-2-2-0,s-3-4-0
765,"[[15173 10405]
 [  797 23625]]","(array([0.       , 0.4067949, 1.       ]), array([0.        , 0.96736549, 1.        ]), array([2, 1, 0]))",0.9673654901318484,0.6009948908688303,0.77596,0.6942403761387012,0.7802852941315275,7.738233859741013,0.808355573804147,0.7357887655566768,svm,s-2-2-0,s-3-4-1
766,"[[ 83272  56376]
 [  3652 106700]]","(array([0.        , 0.40370073, 1.        ]), array([0.       , 0.9669059, 1.       ]), array([2, 1, 0]))",0.9669059011164274,0.5872313311012209,0.759888,0.654296156393338,0.7816025839221,8.293354990153693,0.7804614011732521,0.6995290143918096,svm,s-2-2-0,s-3-4-2
767,"[[198460 134490]
 [  5349 161701]]","(array([0.        , 0.40393452, 1.        ]), array([0.        , 0.96797965, 1.        ]), array([2, 1, 0]))",0.9679796468123316,0.5414133862319394,0.720322,0.5459348866103292,0.7820225610544613,9.659950980292608,0.698129051616761,0.5980889382710934,svm,s-2-2-0,s-3-4-3
768,"[[167243  18754]
 [ 11026  52977]]","(array([0.        , 0.10082958, 1.        ]), array([0.        , 0.82772683, 1.        ]), array([2, 1, 0]))",0.8277268253050638,0.7013499970046267,0.88088,0.7385509751711254,0.8634486210161076,4.114319026762586,0.7806002917470936,0.7548151039959877,svm,s-0-3-0,s-0-1-0
769,"[[34348  4123]
 [ 2045  9484]]","(array([0.        , 0.10717164, 1.        ]), array([0.        , 0.82262122, 1.        ]), array([2, 1, 0]))",0.822621216063839,0.6770979039483433,0.87664,0.6969941941647682,0.8577247901431202,4.260769390880276,0.7546148949713558,0.7189532574252921,svm,s-0-3-0,s-0-1-1
770,"[[167200  19018]
 [ 11027  52755]]","(array([0.        , 0.10212761, 1.        ]), array([0.        , 0.82711423, 1.        ]), array([2, 1, 0]))",0.8271142328556647,0.6985903598409465,0.87982,0.7350257060454488,0.8624933094918755,4.1509309741160765,0.7783556489985615,0.7517655910668787,svm,s-0-3-0,s-0-1-2
771,"[[300492  24663]
 [ 30646 144199]]","(array([0.        , 0.07584998, 1.        ]), array([0.        , 0.82472476, 1.        ]), array([2, 1, 0]))",0.8247247562126455,0.755110579858914,0.889382,0.8539458255853892,0.8744373884859878,3.8206498081950726,0.8390809614002623,0.8479371228505939,svm,s-0-3-0,s-0-1-3
772,"[[167163  18731]
 [ 11205  52901]]","(array([0.        , 0.10076172, 1.        ]), array([0.        , 0.82521137, 1.        ]), array([2, 1, 0]))",0.8252113686706393,0.6996457808150303,0.880256,0.738510721465267,0.8622248221235216,4.135871149670045,0.7794574842711696,0.7543620983703806,svm,s-0-3-0,s-0-2-0
773,"[[34461  4094]
 [ 1957  9488]]","(array([0.        , 0.10618597, 1.        ]), array([0.       , 0.8290083, 1.       ]), array([2, 1, 0]))",0.8290083005679336,0.6827157241445517,0.87898,0.6985716389338831,0.8614111662352053,4.179948190349675,0.7582211211891158,0.721268605658857,svm,s-0-3-0,s-0-2-1
774,"[[167124  18785]
 [ 11167  52924]]","(array([0.        , 0.10104406, 1.        ]), array([0.        , 0.82576337, 1.        ]), array([2, 1, 0]))",0.8257633677115351,0.6996277388818661,0.880192,0.7380384610021057,0.8623596542606431,4.138081804072365,0.779440353460972,0.7540599611885093,svm,s-0-3-0,s-0-2-2
775,"[[300492  24663]
 [ 30646 144199]]","(array([0.        , 0.07584998, 1.        ]), array([0.        , 0.82472476, 1.        ]), array([2, 1, 0]))",0.8247247562126455,0.755110579858914,0.889382,0.8539458255853892,0.8744373884859878,3.820649808195072,0.8390809614002623,0.8479371228505939,svm,s-0-3-0,s-0-2-3
776,"[[128118   9738]
 [ 19785  92359]]","(array([0.        , 0.07063893, 1.        ]), array([0.        , 0.82357505, 1.        ]), array([2, 1, 0]))",0.8235750463689542,0.7618404129221771,0.881908,0.90462011616404,0.8764680593961762,4.078784327946893,0.8621972451584897,0.8871596751016269,svm,s-0-3-0,s-0-3-0
777,"[[23681  1710]
 [ 4359 20250]]","(array([0.       , 0.0673467, 1.       ]), array([0.        , 0.82286968, 1.        ]), array([2, 1, 0]))",0.822869681823723,0.7610783958351495,0.87862,0.9221311475409836,0.877761492087475,4.1923440250463715,0.8696772531082909,0.9004081850438865,svm,s-0-3-0,s-0-3-1
778,"[[128274   9753]
 [ 19686  92287]]","(array([0.        , 0.07066009, 1.        ]), array([0.        , 0.82418976, 1.        ]), array([2, 1, 0]))",0.8241897600314362,0.7623978332227384,0.882244,0.9044198353586829,0.8767648358939159,4.067179347054051,0.862442935709513,0.887148094814211,svm,s-0-3-0,s-0-3-2
779,"[[300492  24663]
 [ 30646 144199]]","(array([0.        , 0.07584998, 1.        ]), array([0.        , 0.82472476, 1.        ]), array([2, 1, 0]))",0.8247247562126455,0.755110579858914,0.889382,0.8539458255853892,0.8744373884859878,3.820649808195071,0.8390809614002623,0.8479371228505939,svm,s-0-3-0,s-0-3-3
780,"[[128018   9799]
 [ 19826  92357]]","(array([0.        , 0.07110153, 1.        ]), array([0.        , 0.82327091, 1.        ]), array([2, 1, 0]))",0.8232709055739283,0.7610212337369663,0.8815,0.9040780766670582,0.8760846861906807,4.092876343817791,0.8617843696200879,0.8866720301378439,svm,s-0-3-0,s-0-4-0
781,"[[23622  1722]
 [ 4493 20163]]","(array([0.        , 0.06794508, 1.        ]), array([0.        , 0.81777255, 1.        ]), array([2, 1, 0]))",0.8177725502920181,0.7556451872877736,0.8757,0.9213159698423578,0.8749137372672211,4.293197444022894,0.8664618293547626,0.8985614460408571,svm,s-0-3-0,s-0-4-1
782,"[[128019   9794]
 [ 19676  92511]]","(array([0.        , 0.07106732, 1.        ]), array([0.        , 0.82461426, 1.        ]), array([2, 1, 0]))",0.8246142601192652,0.7622463393633524,0.88212,0.9042666536337423,0.876773472131861,4.0714622864609975,0.8626055983439942,0.8871284812056609,svm,s-0-3-0,s-0-4-2
783,"[[300492  24663]
 [ 30646 144199]]","(array([0.        , 0.07584998, 1.        ]), array([0.        , 0.82472476, 1.        ]), array([2, 1, 0]))",0.8247247562126455,0.755110579858914,0.889382,0.8539458255853892,0.8744373884859878,3.820649808195073,0.8390809614002623,0.8479371228505939,svm,s-0-3-0,s-0-4-3
784,"[[   259   8554]
 [  3335 237852]]","(array([0.       , 0.9706116, 1.       ]), array([0.        , 0.98617255, 1.        ]), array([2, 1, 0]))",0.9861725549055297,0.024107962031578316,0.952444,0.9652849362434356,0.5077804792001834,1.6425534092620446,0.9756169592262399,0.9693913732433111,svm,s-0-3-0,s-1-1-0
785,"[[   35  1301]
 [  720 47944]]","(array([0.       , 0.9738024, 1.       ]), array([0.        , 0.98520467, 1.        ]), array([2, 1, 0]))",0.9852046687489725,0.01507801043592307,0.95958,0.973581074220733,0.5057011367696959,1.3960781474074242,0.9793583838053703,0.9758837993193402,svm,s-0-3-0,s-1-1-1
786,"[[   243   8706]
 [  3306 237745]]","(array([0.        , 0.97284613, 1.        ]), array([0.        , 0.98628506, 1.        ]), array([2, 1, 0]))",0.986285060008048,0.02110513748249977,0.951952,0.964674519478517,0.5067194659745234,1.659546973403578,0.9753601010867647,0.9689205325812749,svm,s-0-3-0,s-1-1-2
787,"[[  2051  68458]
 [  5974 423517]]","(array([0.        , 0.97091151, 1.        ]), array([0.        , 0.98609051, 1.        ]), array([2, 1, 0]))",0.9860905117918652,0.04203860997069751,0.851136,0.8608506529803344,0.5075894984748942,5.141689886933738,0.9192243663900783,0.8832872902250821,svm,s-0-3-0,s-1-1-3
788,"[[   241   8672]
 [  3307 237780]]","(array([0.        , 0.97296084, 1.        ]), array([0.        , 0.98628296, 1.        ]), array([2, 1, 0]))",0.9862829600932443,0.020884019688154645,0.952084,0.9648126207131612,0.5066610581909058,1.6549877461741997,0.9754296579350574,0.969031579719536,svm,s-0-3-0,s-1-2-0
789,"[[   30  1355]
 [  695 47920]]","(array([0.        , 0.97833935, 1.        ]), array([0.      , 0.985704, 1.      ]), array([2, 1, 0]))",0.9857040008227913,0.010110668281924586,0.959,0.9725012683916794,0.503682325321143,1.416111501281697,0.979058126468485,0.9751134444376616,svm,s-0-3-0,s-1-2-1
790,"[[   268   8553]
 [  3344 237835]]","(array([0.        , 0.96961796, 1.        ]), array([0.        , 0.98613478, 1.        ]), array([2, 1, 0]))",0.986134779562068,0.025537095964576886,0.952412,0.9652864587561083,0.5082584112071761,1.6436586469082917,0.9755992509747379,0.9693853012600155,svm,s-0-3-0,s-1-2-2
791,"[[  2054  68457]
 [  6010 423479]]","(array([0.        , 0.97086979, 1.        ]), array([0.        , 0.98600663, 1.        ]), array([2, 1, 0]))",0.9860066264793743,0.04182249328262821,0.851066,0.8608416541989202,0.5075684165569001,5.144107599682185,0.9191827875301843,0.8832662490462961,svm,s-0-3-0,s-1-2-3
792,"[[  2023  65977]
 [  2573 179427]]","(array([0.     , 0.97025, 1.     ]), array([0.        , 0.98586264, 1.        ]), array([2, 1, 0]))",0.9858626373626374,0.051717270283129294,0.7258,0.7311494515166826,0.5078063186813188,9.47074350764312,0.8396131061010192,0.7709888829304512,svm,s-0-3-0,s-1-3-0
793,"[[  669 22371]
 [  377 26583]]","(array([0.        , 0.97096354, 1.        ]), array([0.        , 0.98601632, 1.        ]), array([2, 1, 0]))",0.9860163204747775,0.05242735252259487,0.54504,0.5430199779384729,0.5075263894040555,15.714119464510782,0.7003451273809838,0.5966306963048085,svm,s-0-3-0,s-1-3-1
794,"[[  2009  66040]
 [  2597 179354]]","(array([0.        , 0.97047716, 1.        ]), array([0.        , 0.98572693, 1.        ]), array([2, 1, 0]))",0.9857269264802062,0.050472807542629665,0.725452,0.7308817656503419,0.5076248851566632,9.482763203327096,0.8393873802197288,0.7707341557179163,svm,s-0-3-0,s-1-3-2
795,"[[  2087  68278]
 [  5875 423760]]","(array([0.        , 0.97034037, 1.        ]), array([0.       , 0.9863256, 1.       ]), array([2, 1, 0]))",0.9863256019644582,0.04440549942339832,0.851694,0.8612342949121816,0.507992616941868,5.122416961850302,0.9195452183149555,0.8836481305470419,svm,s-0-3-0,s-1-3-3
796,"[[  1891  65820]
 [  2566 179723]]","(array([0.        , 0.97207248, 1.        ]), array([0.        , 0.98592345, 1.        ]), array([2, 1, 0]))",0.9859234512230579,0.046516264807787165,0.726456,0.7319410449493572,0.5069254833466089,9.44808556818087,0.8401568840105461,0.7717003832674516,svm,s-0-3-0,s-1-4-0
797,"[[  672 22459]
 [  392 26477]]","(array([0.        , 0.97094808, 1.        ]), array([0.       , 0.9854107, 1.       ]), array([2, 1, 0]))",0.9854106963415088,0.04996717815085027,0.54298,0.5410536210560732,0.5072313090025387,15.785270751175773,0.6985555042543368,0.5946867433617983,svm,s-0-3-0,s-1-4-1
798,"[[  2002  66095]
 [  2592 179311]]","(array([0.        , 0.97060076, 1.        ]), array([0.        , 0.98575065, 1.        ]), array([2, 1, 0]))",0.9857506473230238,0.05021751525106112,0.725252,0.7306708067447414,0.5075749433217025,9.489671134517517,0.8392568375578328,0.7705493727262023,svm,s-0-3-0,s-1-4-2
799,"[[  2084  68415]
 [  5785 423716]]","(array([0.       , 0.9704393, 1.       ]), array([0.        , 0.98653088, 1.        ]), array([2, 1, 0]))",0.9865308811853756,0.044995826694530436,0.8516,0.860982136870061,0.5080457920870353,5.1256638259211185,0.9194906426860178,0.8834686877743142,svm,s-0-3-0,s-1-4-3
800,"[[ 55246  70083]
 [  1571 123100]]","(array([0.        , 0.55919221, 1.        ]), array([0.        , 0.98739883, 1.        ]), array([2, 1, 0]))",0.9873988337303784,0.510902809792069,0.713384,0.6372196311269626,0.7141033138084345,9.89959008795052,0.7745694564170972,0.6858679991040816,svm,s-0-3-0,s-2-1-0
801,"[[11259 13832]
 [  305 24604]]","(array([0.        , 0.55127336, 1.        ]), array([0.        , 0.98775543, 1.        ]), array([2, 1, 0]))",0.9877554297643422,0.51758347348115,0.71726,0.6401290456863358,0.7182410324063829,9.765714838530135,0.7768253216512748,0.6885974486854405,svm,s-0-3-0,s-2-1-1
802,"[[ 55288  69512]
 [  1598 123602]]","(array([0.        , 0.55698718, 1.        ]), array([0.        , 0.98723642, 1.        ]), array([2, 1, 0]))",0.9872364217252396,0.5131212410337112,0.71556,0.6400468117277878,0.7151246211190301,9.824431884234667,0.7766042335555458,0.688470861889187,svm,s-0-3-0,s-2-1-2
803,"[[110133 140100]
 [  3133 246634]]","(array([0.        , 0.55987819, 1.        ]), array([0.        , 0.98745631, 1.        ]), array([2, 1, 0]))",0.9874563092802492,0.5107393622008524,0.713534,0.6377354977840066,0.7137890578783066,9.894409165944428,0.7749681461615928,0.6863516118134161,svm,s-0-3-0,s-2-1-3
804,"[[ 54772  69715]
 [  1549 123964]]","(array([0.        , 0.56001832, 1.        ]), array([0.        , 0.98765865, 1.        ]), array([2, 1, 0]))",0.9876586489048943,0.5118097674107314,0.714944,0.6400487404416586,0.7138201668697277,9.845708419767044,0.7767362590541117,0.6885137004028974,svm,s-0-3-0,s-2-2-0
805,"[[11056 14103]
 [  305 24536]]","(array([0.        , 0.56055487, 1.        ]), array([0.        , 0.98772191, 1.        ]), array([2, 1, 0]))",0.9877219113562256,0.5096919115691108,0.71184,0.6350060819379384,0.7135835201679575,9.952919340408625,0.7730308758664145,0.6838464411333524,svm,s-0-3-0,s-2-2-1
806,"[[ 55600  69677]
 [  1576 123147]]","(array([0.       , 0.5561835, 1.       ]), array([0.      , 0.987364, 1.      ]), array([2, 1, 0]))",0.987363998620944,0.5133110711811367,0.714988,0.6386497531427623,0.7155902506255578,9.844188592066857,0.7756143185103307,0.6871896689690733,svm,s-0-3-0,s-2-2-2
807,"[[111268 139114]
 [  3061 246557]]","(array([0.        , 0.55560703, 1.        ]), array([0.        , 0.98773726, 1.        ]), array([2, 1, 0]))",0.9877372625371568,0.5144787674723146,0.71565,0.6392935947997127,0.7160651150413735,9.821323538286657,0.7762042157191451,0.6878221415810505,svm,s-0-3-0,s-2-2-3
808,"[[ 55553  69245]
 [  1505 123697]]","(array([0.        , 0.55485665, 1.        ]), array([0.        , 0.98797943, 1.        ]), array([2, 1, 0]))",0.9879794252487979,0.5159989387742713,0.717,0.6411097635558872,0.7165613884525373,9.774695192255944,0.777616425266546,0.6895269629976476,svm,s-0-3-0,s-2-3-0
809,"[[11173 13913]
 [  314 24600]]","(array([0.        , 0.55461213, 1.        ]), array([0.        , 0.98739664, 1.        ]), array([2, 1, 0]))",0.9873966444569319,0.5144014240452037,0.71546,0.638745358710046,0.71639225509939,9.827885931388813,0.7756948933419521,0.6872813830559994,svm,s-0-3-0,s-2-3-1
810,"[[ 55372  69602]
 [  1588 123438]]","(array([0.        , 0.55693184, 1.        ]), array([0.        , 0.98729864, 1.        ]), array([2, 1, 0]))",0.9872986418824884,0.5130268792125156,0.71524,0.6394426025694157,0.7151834000296946,9.835484580536113,0.7761785289845504,0.6879175555570416,svm,s-0-3-0,s-2-3-2
811,"[[110143 139666]
 [  3076 247115]]","(array([0.        , 0.55909115, 1.        ]), array([0.        , 0.98770539, 1.        ]), array([2, 1, 0]))",0.9877053930796871,0.5120522299860562,0.714516,0.6389016006473948,0.714307123722211,9.860491393474051,0.7759053773164284,0.6874560107716232,svm,s-0-3-0,s-2-3-3
812,"[[ 55109  69853]
 [  1597 123441]]","(array([0.        , 0.55899393, 1.        ]), array([0.        , 0.98722788, 1.        ]), array([2, 1, 0]))",0.987227882723652,0.5112901107802448,0.7142,0.6386178567363705,0.7141169742838342,9.871405710782637,0.7755487981101491,0.6871469382574754,svm,s-0-3-0,s-2-4-0
813,"[[11207 13768]
 [  317 24708]]","(array([0.        , 0.55127127, 1.        ]), array([0.        , 0.98733267, 1.        ]), array([2, 1, 0]))",0.9873326673326673,0.5177151208367397,0.7183,0.6421665453789375,0.7180306980306981,9.729793487594717,0.7781924694099306,0.690441460020455,svm,s-0-3-0,s-2-4-1
814,"[[ 55256  69804]
 [  1551 123389]]","(array([0.        , 0.55816408, 1.        ]), array([0.        , 0.98758604, 1.        ]), array([2, 1, 0]))",0.987586041299824,0.5123863980494324,0.71458,0.6386825609623538,0.7147109800294098,9.858280819031474,0.7757070156192536,0.6872415652235906,svm,s-0-3-0,s-2-4-2
815,"[[110989 138653]
 [  3168 247190]]","(array([0.        , 0.55540734, 1.        ]), array([0.        , 0.98734612, 1.        ]), array([2, 1, 0]))",0.9873461203556507,0.5145234479538947,0.716358,0.6406491759601703,0.7159693885200114,9.796869347370233,0.777081456960929,0.689039041550289,svm,s-0-3-0,s-2-4-3
816,"[[ 85987 105883]
 [   728  57402]]","(array([0.        , 0.55184761, 1.        ]), array([0.        , 0.98747635, 1.        ]), array([2, 1, 0]))",0.9874763461207638,0.3866339307039615,0.573556,0.3515448449030836,0.717814370485722,14.729192616050097,0.5185014565408848,0.4035176515247374,svm,s-0-3-0,s-3-1-0
817,"[[17603 22035]
 [  136 10226]]","(array([0.        , 0.55590595, 1.        ]), array([0.        , 0.98687512, 1.        ]), array([2, 1, 0]))",0.9868751206330825,0.3651071907315099,0.55658,0.3169771550788878,0.7154845858980539,15.315536611618782,0.47983483095981044,0.36677044029668737,svm,s-0-3-0,s-3-1-1
818,"[[ 86036 106072]
 [   686  57206]]","(array([0.        , 0.55214775, 1.        ]), array([0.        , 0.98815035, 1.        ]), array([2, 1, 0]))",0.9881503489255856,0.3864048788351267,0.572968,0.3503595095481326,0.7180012993508766,14.749502021065963,0.517303431749333,0.4022902824737976,svm,s-0-3-0,s-3-1-2
819,"[[146539 186666]
 [  2073 164722]]","(array([0.        , 0.56021368, 1.        ]), array([0.        , 0.98757157, 1.        ]), array([2, 1, 0]))",0.9875715698911838,0.44087816477700187,0.622522,0.46877525698088723,0.7136789438117553,13.037926751305902,0.6357676728105709,0.5238093118122146,svm,s-0-3-0,s-3-1-3
820,"[[ 85671 105985]
 [   697  57647]]","(array([0.        , 0.55299599, 1.        ]), array([0.        , 0.98805361, 1.        ]), array([2, 1, 0]))",0.9880536130536131,0.386986254463704,0.573272,0.3522966167986702,0.7175288101165715,14.739001954782001,0.5193984935308321,0.4043292484485294,svm,s-0-3-0,s-3-2-0
821,"[[17687 21968]
 [  113 10232]]","(array([0.        , 0.55397806, 1.        ]), array([0.        , 0.98907685, 1.        ]), array([2, 1, 0]))",0.989076848719188,0.3680985961013214,0.55838,0.3177639751552795,0.7175493939725054,15.253365742647388,0.48099659184392995,0.3676740091271694,svm,s-0-3-0,s-3-2-1
822,"[[ 85362 106405]
 [   663  57570]]","(array([0.        , 0.55486606, 1.        ]), array([0.       , 0.9886147, 1.       ]), array([2, 1, 0]))",0.9886147030034517,0.3859299529371121,0.571728,0.3510901051989633,0.7168743207925841,14.792331168859429,0.5181631624423964,0.40307617768678944,svm,s-0-3-0,s-3-2-2
823,"[[147301 185931]
 [  2146 164622]]","(array([0.        , 0.55796262, 1.        ]), array([0.        , 0.98713182, 1.        ]), array([2, 1, 0]))",0.9871318238510985,0.44201582187782373,0.623846,0.46960659301161306,0.7145846016072126,12.992196235950814,0.6364404306030492,0.524614717842165,svm,s-0-3-0,s-3-2-3
824,"[[ 61862  77699]
 [  1350 109089]]","(array([0.        , 0.55673863, 1.        ]), array([0.        , 0.98777606, 1.        ]), array([2, 1, 0]))",0.9877760573710374,0.4924747846312899,0.683804,0.5840257404115896,0.7155187134756822,10.921271452648096,0.7340450228276705,0.6360199675602938,svm,s-0-3-0,s-3-3-0
825,"[[11381 14219]
 [  316 24084]]","(array([0.        , 0.55542969, 1.        ]), array([0.        , 0.98704918, 1.        ]), array([2, 1, 0]))",0.9870491803278688,0.5096385902683724,0.7093,0.6287758139049161,0.7158097464139345,10.040649687517735,0.7681929094301708,0.677994730085805,svm,s-0-3-0,s-3-3-1
826,"[[ 62408  77180]
 [  1380 109032]]","(array([0.        , 0.55291286, 1.        ]), array([0.        , 0.98750136, 1.        ]), array([2, 1, 0]))",0.9875013585479839,0.4950363458916663,0.68576,0.5855261744678109,0.7172942503546006,10.853711946055382,0.7351529208695182,0.6374201997053527,svm,s-0-3-0,s-3-3-2
827,"[[148083 184819]
 [  2025 165073]]","(array([0.       , 0.5551754, 1.       ]), array([0.        , 0.98788136, 1.        ]), array([2, 1, 0]))",0.987881363032472,0.4453154731493731,0.626312,0.47178272152549927,0.7163529830344004,12.907021835056286,0.6385926226812897,0.5268289475867861,svm,s-0-3-0,s-3-3-3
828,"[[ 61785  77545]
 [  1416 109254]]","(array([0.        , 0.55655638, 1.        ]), array([0.       , 0.9872052, 1.       ]), array([2, 1, 0]))",0.9872052046625102,0.4921656442663266,0.684156,0.58487465136323,0.7153244138578466,10.909113310805067,0.7345572143651944,0.6367777718198414,svm,s-0-3-0,s-3-4-0
829,"[[11345 14233]
 [  304 24118]]","(array([0.        , 0.55645477, 1.        ]), array([0.        , 0.98755221, 1.        ]), array([2, 1, 0]))",0.9875522070264515,0.5097610880756585,0.70926,0.6288753878647232,0.7155487206060399,10.04203146246081,0.768419543434279,0.6781348059338904,svm,s-0-3-0,s-3-4-1
830,"[[ 61570  78078]
 [  1370 108982]]","(array([0.        , 0.55910575, 1.        ]), array([0.        , 0.98758518, 1.        ]), array([2, 1, 0]))",0.9875851819631724,0.49021162737341306,0.682208,0.5826045119213087,0.7142397151795696,10.976396551964074,0.7328688822239856,0.6346553427006076,svm,s-0-3-0,s-3-4-2
831,"[[146563 186387]
 [  2054 164996]]","(array([0.        , 0.55980478, 1.        ]), array([0.        , 0.98770428, 1.        ]), array([2, 1, 0]))",0.987704280155642,0.44160086456509745,0.623118,0.4695617033265696,0.7139497523319133,13.01734119439917,0.6365181228818382,0.5246022147016818,svm,s-0-3-0,s-3-4-3
832,"[[92208 93789]
 [17580 46423]]","(array([0.        , 0.50425007, 1.        ]), array([0.        , 0.72532538, 1.        ]), array([2, 1, 0]))",0.7253253753730294,0.19441212296641952,0.554524,0.3310914900293841,0.6105376534117684,15.386495927072755,0.4546482873442206,0.37147255905807947,svm,s-1-4-0,s-0-1-0
833,"[[19286 19185]
 [ 3270  8259]]","(array([0.        , 0.49868732, 1.        ]), array([0.        , 0.71636742, 1.        ]), array([2, 1, 0]))",0.716367421285454,0.18425807684679665,0.5509,0.3009400961958898,0.608840049183446,15.511671284488353,0.4238318836117312,0.3404229009521454,svm,s-1-4-0,s-0-1-1
834,"[[92874 93344]
 [17467 46315]]","(array([0.        , 0.50126196, 1.        ]), array([0.        , 0.72614531, 1.        ]), array([2, 1, 0]))",0.7261453074535136,0.19743051008944082,0.556756,0.33162918250882506,0.6124416728333952,15.309403954875886,0.4553162833450484,0.3720570420521258,svm,s-1-4-0,s-0-1-2
835,"[[160420 164735]
 [ 47216 127629]]","(array([0.       , 0.5066353, 1.       ]), array([0.       , 0.7299551, 1.       ]), array([2, 1, 0]))",0.7299551030913094,0.21611543960879587,0.576098,0.4365414346499569,0.6116599030395576,14.641319834720747,0.5463464958937007,0.4747039539507893,svm,s-1-4-0,s-0-1-3
836,"[[92301 93593]
 [17627 46479]]","(array([0.       , 0.5034751, 1.       ]), array([0.        , 0.72503354, 1.        ]), array([2, 1, 0]))",0.7250335382023524,0.1949128605707452,0.55512,0.33182220572277116,0.6107792197450915,15.365910189457,0.45527921715366,0.372192878214717,svm,s-1-4-0,s-0-2-0
837,"[[19260 19295]
 [ 3132  8313]]","(array([0.       , 0.5004539, 1.       ]), array([0.        , 0.72634338, 1.        ]), array([2, 1, 0]))",0.7263433813892529,0.19084480848444152,0.55146,0.30110837438423643,0.6129447421795182,15.492331328821548,0.42572913732619777,0.34104055728316257,svm,s-1-4-0,s-0-2-1
838,"[[92200 93709]
 [17542 46549]]","(array([0.        , 0.50405844, 1.        ]), array([0.        , 0.72629542, 1.        ]), array([2, 1, 0]))",0.7262954236944344,0.19553063672874496,0.554996,0.3318812474154772,0.6111184932510223,15.370193368743175,0.4555833402659176,0.37231872767439367,svm,s-1-4-0,s-0-2-2
839,"[[160420 164735]
 [ 47216 127629]]","(array([0.       , 0.5066353, 1.       ]), array([0.       , 0.7299551, 1.       ]), array([2, 1, 0]))",0.7299551030913094,0.21611543960879587,0.576098,0.4365414346499569,0.6116599030395576,14.64131983472075,0.5463464958937007,0.4747039539507893,svm,s-1-4-0,s-0-2-3
840,"[[67418 70438]
 [29711 82433]]","(array([0.        , 0.51095346, 1.        ]), array([0.        , 0.73506385, 1.        ]), array([2, 1, 0]))",0.7350638464830932,0.22867876227152925,0.599404,0.5392324247241138,0.6120551939007852,13.836320956870791,0.6221006358130672,0.569581331844539,svm,s-1-4-0,s-0-3-0
841,"[[12418 12973]
 [ 6561 18048]]","(array([0.        , 0.51092907, 1.        ]), array([0.        , 0.73339022, 1.        ]), array([2, 1, 0]))",0.7333902230891137,0.2291798924888116,0.60932,0.5817994261951581,0.6112305768669152,13.493816625512943,0.6488585295703757,0.6068880175932962,svm,s-1-4-0,s-0-3-1
842,"[[67843 70184]
 [30023 81950]]","(array([0.        , 0.50848022, 1.        ]), array([0.        , 0.73187286, 1.        ]), array([2, 1, 0]))",0.7318728622078536,0.22760325862411596,0.599172,0.5386698568367361,0.6116963186621582,13.844333140603426,0.6205818096453332,0.5686951863196713,svm,s-1-4-0,s-0-3-2
843,"[[160420 164735]
 [ 47216 127629]]","(array([0.       , 0.5066353, 1.       ]), array([0.       , 0.7299551, 1.       ]), array([2, 1, 0]))",0.7299551030913094,0.21611543960879587,0.576098,0.4365414346499569,0.6116599030395576,14.641319834720752,0.5463464958937007,0.4747039539507893,svm,s-1-4-0,s-0-3-3
844,"[[67718 70099]
 [30109 82074]]","(array([0.        , 0.50863827, 1.        ]), array([0.        , 0.73160818, 1.        ]), array([2, 1, 0]))",0.7316081759268338,0.22722860846960344,0.599168,0.5393466646514165,0.6114849546199251,13.844471023845873,0.6209354052868101,0.5692665163863361,svm,s-1-4-0,s-0-4-0
845,"[[12378 12966]
 [ 6622 18034]]","(array([0.        , 0.51160038, 1.        ]), array([0.       , 0.7314244, 1.       ]), array([2, 1, 0]))",0.7314243997404283,0.22642083665193669,0.60824,0.581741935483871,0.6099120104762747,13.531118392075808,0.6480523214029036,0.6065681842643418,svm,s-1-4-0,s-0-4-1
846,"[[67462 70351]
 [29696 82491]]","(array([0.        , 0.51048159, 1.        ]), array([0.       , 0.7352991, 1.       ]), array([2, 1, 0]))",0.7352990988260671,0.22939600160707463,0.599812,0.5397142146792112,0.6124087521007336,13.82222885784176,0.6225054616664591,0.5700395961606236,svm,s-1-4-0,s-0-4-2
847,"[[160420 164735]
 [ 47216 127629]]","(array([0.       , 0.5066353, 1.       ]), array([0.       , 0.7299551, 1.       ]), array([2, 1, 0]))",0.7299551030913094,0.21611543960879587,0.576098,0.4365414346499569,0.6116599030395576,14.64131983472075,0.5463464958937007,0.4747039539507893,svm,s-1-4-0,s-0-4-3
848,"[[  3776   5037]
 [ 23872 217315]]","(array([0.        , 0.57154204, 1.        ]), array([0.        , 0.90102286, 1.        ]), array([2, 1, 0]))",0.9010228577825504,0.19373879195500252,0.884364,0.9773467295099662,0.6647404088073083,3.9939420574909152,0.9376341580751566,0.9610647490922921,svm,s-1-4-0,s-1-1-0
849,"[[  500   836]
 [ 4686 43978]]","(array([0.       , 0.6257485, 1.       ]), array([0.        , 0.90370705, 1.        ]), array([2, 1, 0]))",0.9037070524412296,0.1470158151538783,0.88956,0.9813451153657339,0.6389792747236088,3.814475834322969,0.9409272770063545,0.9647683397683396,svm,s-1-4-0,s-1-1-1
850,"[[  3444   5505]
 [ 22491 218560]]","(array([0.        , 0.61515253, 1.        ]), array([0.        , 0.90669609, 1.        ]), array([2, 1, 0]))",0.9066960933578372,0.17762947868255918,0.888016,0.9754312364715596,0.6457717811743929,3.8678079429430907,0.9398085638851383,0.9608629477776967,svm,s-1-4-0,s-1-1-2
851,"[[ 26956  43553]
 [ 17375 412116]]","(array([0.       , 0.6176942, 1.       ]), array([0.        , 0.95954514, 1.        ]), array([2, 1, 0]))",0.9595451359865516,0.4185598678265911,0.878144,0.9044196554955461,0.6709254704596277,4.208826786111991,0.9311672465994849,0.914932152011818,svm,s-1-4-0,s-1-1-3
852,"[[  3381   5532]
 [ 23785 217302]]","(array([0.        , 0.62066644, 1.        ]), array([0.        , 0.90134267, 1.        ]), array([2, 1, 0]))",0.9013426688290949,0.16722488369459002,0.882732,0.9751743450281375,0.6403381132768833,4.050310923770322,0.9368060510302401,0.9594559630102885,svm,s-1-4-0,s-1-2-0
853,"[[  588   797]
 [ 4798 43817]]","(array([0.        , 0.57545126, 1.        ]), array([0.        , 0.90130618, 1.        ]), array([2, 1, 0]))",0.9013061812197881,0.17249064864025487,0.8881,0.9821356524857668,0.6629274588409411,3.8649018241735433,0.9399864848920401,0.9648303834483488,svm,s-1-4-0,s-1-2-1
854,"[[  3435   5386]
 [ 23453 217726]]","(array([0.        , 0.61058837, 1.        ]), array([0.        , 0.90275687, 1.        ]), array([2, 1, 0]))",0.9027568735254727,0.17398881884156508,0.884644,0.9758596579296497,0.6460842524298943,3.9842723163383527,0.9378859379139376,0.9603070498497303,svm,s-1-4-0,s-1-2-2
855,"[[ 27107  43404]
 [ 18199 411290]]","(array([0.        , 0.61556353, 1.        ]), array([0.        , 0.95762639, 1.        ]), array([2, 1, 0]))",0.9576263885687409,0.41473712182376266,0.876794,0.9045423955451358,0.6710314297369949,4.255453895965087,0.9303277715133631,0.9146831000793946,svm,s-1-4-0,s-1-2-3
856,"[[ 25490  42510]
 [ 11412 170588]]","(array([0.        , 0.62514706, 1.        ]), array([0.       , 0.9372967, 1.       ]), array([2, 1, 0]))",0.9372967032967033,0.3915960981398209,0.784312,0.8005143173563337,0.656074822236587,7.449735566612524,0.8635224678434212,0.8245810099072692,svm,s-1-4-0,s-1-3-0
857,"[[ 8860 14180]
 [  770 26190]]","(array([0.        , 0.61545139, 1.        ]), array([0.        , 0.97143917, 1.        ]), array([2, 1, 0]))",0.9714391691394659,0.4499805617510178,0.701,0.6487490710923953,0.6779938901252885,10.327320907909497,0.7779593049160849,0.6949161536828699,svm,s-1-4-0,s-1-3-1
858,"[[ 24270  43779]
 [ 11106 170845]]","(array([0.        , 0.64334524, 1.        ]), array([0.        , 0.93896159, 1.        ]), array([2, 1, 0]))",0.9389615885595572,0.3775052933242832,0.78046,0.7960200164007754,0.6478081760194074,7.582782992042277,0.8616024711593017,0.8210173127511542,svm,s-1-4-0,s-1-3-2
859,"[[ 26821  43544]
 [ 19388 410247]]","(array([0.        , 0.61883038, 1.        ]), array([0.        , 0.95487332, 1.        ]), array([2, 1, 0]))",0.9548733227041558,0.4034890210563437,0.874136,0.9040439321185303,0.6680214691400408,4.34725818751004,0.9287636995062405,0.91377223528699,svm,s-1-4-0,s-1-3-3
860,"[[ 25852  41859]
 [  6337 175952]]","(array([0.        , 0.61820088, 1.        ]), array([0.        , 0.96523652, 1.        ]), array([2, 1, 0]))",0.9652365200313787,0.46045826498696374,0.807216,0.8078196234349964,0.673517818433081,6.658657349911785,0.8795401149712571,0.8350568990245202,svm,s-1-4-0,s-1-4-0
861,"[[ 9320 13811]
 [  942 25927]]","(array([0.        , 0.59707752, 1.        ]), array([0.        , 0.96494101, 1.        ]), array([2, 1, 0]))",0.9649410100859727,0.454140925677839,0.70494,0.6524485379233983,0.6839317475314217,10.191232227884514,0.7785067635533803,0.6976337443023125,svm,s-1-4-0,s-1-4-1
862,"[[ 22401  45696]
 [ 19511 162392]]","(array([0.        , 0.67104278, 1.        ]), array([0.        , 0.89273954, 1.        ]), array([2, 1, 0]))",0.8927395370059867,0.2642107936243428,0.739172,0.7804005997462612,0.6108483798955657,9.008826123148443,0.8327987056111552,0.8005481856140716,svm,s-1-4-0,s-1-4-2
863,"[[ 26971  43528]
 [ 19650 409851]]","(array([0.       , 0.6174272, 1.       ]), array([0.        , 0.95424923, 1.        ]), array([2, 1, 0]))",0.9542492334127278,0.40313691876900554,0.873644,0.903992024332843,0.6684110179319132,4.364251239909216,0.9284410112359551,0.9136154563251192,svm,s-1-4-0,s-1-4-3
864,"[[ 60083  65246]
 [  6625 118046]]","(array([0.        , 0.52059779, 1.        ]), array([0.        , 0.94686014, 1.        ]), array([2, 1, 0]))",0.94686013587763,0.48186431772751304,0.712516,0.6440324727756803,0.7131311746260143,9.929554275250226,0.766624562041544,0.6880428611895705,svm,s-1-4-0,s-2-1-0
865,"[[12212 12879]
 [ 1339 23570]]","(array([0.        , 0.51329162, 1.        ]), array([0.        , 0.94624433, 1.        ]), array([2, 1, 0]))",0.9462443293588663,0.4870225982372895,0.71564,0.6466569727564542,0.7164763554251189,9.821652415962872,0.768277975162163,0.6903722796637474,svm,s-1-4-0,s-2-1-1
866,"[[ 61288  63512]
 [  6332 118868]]","(array([0.        , 0.50891026, 1.        ]), array([0.        , 0.94942492, 1.        ]), array([2, 1, 0]))",0.9494249201277956,0.4958423735884664,0.720624,0.6517600614102423,0.7202573318587695,9.649508330232514,0.7729241173028155,0.695362223886185,svm,s-1-4-0,s-2-1-2
867,"[[120255 129978]
 [ 13139 236628]]","(array([0.        , 0.51942789, 1.        ]), array([0.        , 0.94739497, 1.        ]), array([2, 1, 0]))",0.9473949721140102,0.4838182546712758,0.713766,0.645455884519075,0.713983539455238,9.886379982770428,0.7678078046896928,0.6893987906940428,svm,s-1-4-0,s-2-1-3
868,"[[ 59768  64719]
 [  6568 118945]]","(array([0.        , 0.51988561, 1.        ]), array([0.        , 0.94767076, 1.        ]), array([2, 1, 0]))",0.9476707592042258,0.48444602783228513,0.714852,0.6476228329993902,0.7138925743292731,9.848870008040329,0.7694298088150153,0.6914048285860104,svm,s-1-4-0,s-2-2-0
869,"[[12603 12556]
 [  291 24550]]","(array([0.        , 0.49906594, 1.        ]), array([0.       , 0.9882855, 1.       ]), array([2, 1, 0]))",0.988285495752989,0.5591381565764261,0.74306,0.66161806715895,0.7446097775676587,8.874594001815021,0.7926130401795083,0.7084523706461201,svm,s-1-4-0,s-2-2-1
870,"[[ 60658  64619]
 [  6670 118053]]","(array([0.        , 0.51580897, 1.        ]), array([0.        , 0.94652149, 1.        ]), array([2, 1, 0]))",0.946521491625442,0.4854702244717819,0.714844,0.6462566786371201,0.7153562621485208,9.849145998412517,0.7680866637388377,0.6900367191911256,svm,s-1-4-0,s-2-2-2
871,"[[121338 129044]
 [ 13237 236381]]","(array([0.        , 0.51538849, 1.        ]), array([0.        , 0.94697097, 1.        ]), array([2, 1, 0]))",0.946970971644673,0.4865438542685349,0.715438,0.6468659779708559,0.7157912426259406,9.82862965499014,0.7686649551332184,0.6906401966203827,svm,s-1-4-0,s-2-2-3
872,"[[ 60434  64364]
 [  6610 118592]]","(array([0.        , 0.51574544, 1.        ]), array([0.        , 0.94720532, 1.        ]), array([2, 1, 0]))",0.9472053162090063,0.486963677802432,0.716104,0.6481995671090317,0.7157299357852352,9.805626324565553,0.7696830846513801,0.6918809931087272,svm,s-1-4-0,s-2-3-0
873,"[[12066 13020]
 [ 1299 23615]]","(array([0.        , 0.51901459, 1.        ]), array([0.        , 0.94786064, 1.        ]), array([2, 1, 0]))",0.9478606406036767,0.48451393764894973,0.71362,0.6446021564078067,0.7144230253963133,9.891422999145343,0.7673560902695414,0.6886686808123461,svm,s-1-4-0,s-2-3-1
874,"[[ 60478  64496]
 [  6615 118411]]","(array([0.        , 0.51607534, 1.        ]), array([0.        , 0.94709101, 1.        ]), array([2, 1, 0]))",0.9470910050709452,0.4863504091984749,0.715556,0.6473836430535737,0.7155078306997309,9.824553996217407,0.7690698950745778,0.6911250049611628,svm,s-1-4-0,s-2-3-2
875,"[[120106 129703]
 [ 13251 236940]]","(array([0.        , 0.51920868, 1.        ]), array([0.        , 0.94703646, 1.        ]), array([2, 1, 0]))",0.947036464141396,0.48370353844460046,0.714092,0.646241711965045,0.7139138943566845,9.875119901887103,0.7682455895751531,0.690077780101272,svm,s-1-4-0,s-2-3-3
876,"[[ 60045  64917]
 [  6566 118472]]","(array([0.        , 0.51949393, 1.        ]), array([0.        , 0.94748796, 1.        ]), array([2, 1, 0]))",0.9474879636590476,0.4840476252069133,0.714068,0.6460147555196877,0.7139970187527485,9.875949042015106,0.7682336501019691,0.689918634418596,svm,s-1-4-0,s-2-4-0
877,"[[12655 12320]
 [  321 24704]]","(array([0.        , 0.49329329, 1.        ]), array([0.        , 0.98717283, 1.        ]), array([2, 1, 0]))",0.9871728271728272,0.5633116512381487,0.74718,0.6672428694900605,0.746939766939767,8.73229046896812,0.7962739125529823,0.713489409141583,svm,s-1-4-0,s-2-4-1
878,"[[ 60198  64862]
 [  6440 118500]]","(array([0.        , 0.51864705, 1.        ]), array([0.        , 0.94845526, 1.        ]), array([2, 1, 0]))",0.9484552585240915,0.4860366549542613,0.714792,0.6462625843958945,0.7149041045539057,9.850942791993754,0.7687267679093875,0.6902473007544374,svm,s-1-4-0,s-2-4-2
879,"[[120997 128645]
 [ 13228 237130]]","(array([0.        , 0.51531794, 1.        ]), array([0.        , 0.94716366, 1.        ]), array([2, 1, 0]))",0.9471636616365364,0.4872417267676239,0.716254,0.6482947166974233,0.7159228631766054,9.80044537537314,0.769736404315302,0.6919632695986713,svm,s-1-4-0,s-2-4-3
880,"[[ 90078 101792]
 [   593  57537]]","(array([0.        , 0.53052588, 1.        ]), array([0.        , 0.98979873, 1.        ]), array([2, 1, 0]))",0.9897987269912265,0.4035458209263471,0.59046,0.3611206999353539,0.7296364250477059,14.145336055258179,0.5291756147135781,0.4136697888836804,svm,s-1-4-0,s-3-1-0
881,"[[18732 20906]
 [  114 10248]]","(array([0.        , 0.52742318, 1.        ]), array([0.        , 0.98899826, 1.        ]), array([2, 1, 0]))",0.9889982628836133,0.38605885299237425,0.5796,0.3289465237208705,0.7307875415533158,14.520435924097963,0.4936891800751518,0.3796174191349701,svm,s-1-4-0,s-3-1-1
882,"[[ 90366 101742]
 [   626  57266]]","(array([0.        , 0.52960835, 1.        ]), array([0.        , 0.98918676, 1.        ]), array([2, 1, 0]))",0.9891867615560008,0.4029308623068011,0.590528,0.36014540148923324,0.7297892081251176,14.142987258543839,0.5280405716920239,0.4126244372582588,svm,s-1-4-0,s-3-1-2
883,"[[155136 178069]
 [  8255 158540]]","(array([0.        , 0.53441275, 1.        ]), array([0.        , 0.95050811, 1.        ]), array([2, 1, 0]))",0.9505081087562577,0.41827625813665403,0.627352,0.47099156588207686,0.708047679923964,12.87109071304027,0.629871832563905,0.5238459957534574,svm,s-1-4-0,s-3-1-3
884,"[[ 89902 101754]
 [   545  57799]]","(array([0.        , 0.53091998, 1.        ]), array([0.        , 0.99065885, 1.        ]), array([2, 1, 0]))",0.9906588509529686,0.40468859306435373,0.590804,0.3622558021472489,0.729869434659604,14.13345459463952,0.5305167120244887,0.41489126502391765,svm,s-1-4-0,s-3-2-0
885,"[[18539 21116]
 [  108 10237]]","(array([0.        , 0.53249275, 1.        ]), array([0.        , 0.98956017, 1.        ]), array([2, 1, 0]))",0.9895601739971001,0.3828692234674449,0.57552,0.3265078301916882,0.7285337120143109,14.661357490098403,0.4910067629142885,0.37703396509940557,svm,s-1-4-0,s-3-2-1
886,"[[ 89479 102288]
 [  2783  55450]]","(array([0.       , 0.5333973, 1.       ]), array([0.        , 0.95220923, 1.        ]), array([2, 1, 0]))",0.9522092284443529,0.36686895667116814,0.579716,0.3515322877176077,0.7094059642980497,14.516422255246397,0.513494867366452,0.40228675899794686,svm,s-1-4-0,s-3-2-2
887,"[[157698 175534]
 [  8385 158383]]","(array([0.        , 0.52676214, 1.        ]), array([0.        , 0.94972057, 1.        ]), array([2, 1, 0]))",0.9497205698935047,0.42339482376429194,0.632162,0.47431846836189834,0.7114792171021276,12.704955144621776,0.6326652486094051,0.5270873434875096,svm,s-1-4-0,s-3-2-3
888,"[[ 67705  71856]
 [  5771 104668]]","(array([0.        , 0.51487163, 1.        ]), array([0.        , 0.94774491, 1.        ]), array([2, 1, 0]))",0.9477449089542643,0.47187765341333365,0.689492,0.5929392037343364,0.7164366378808051,10.7247962043227,0.7294877736851092,0.6409278230571868,svm,s-1-4-0,s-3-3-0
889,"[[12945 12655]
 [  272 24128]]","(array([0.        , 0.49433594, 1.        ]), array([0.        , 0.98885246, 1.        ]), array([2, 1, 0]))",0.9888524590163934,0.5605388045264722,0.74146,0.655955196694125,0.7472582607581967,8.929857627249792,0.7887158197538532,0.7033090035678474,svm,s-1-4-0,s-3-3-1
890,"[[ 66954  72634]
 [  5792 104620]]","(array([0.        , 0.52034559, 1.        ]), array([0.        , 0.94754193, 1.        ]), array([2, 1, 0]))",0.9475419338477702,0.4670432804831446,0.686296,0.5902264546921367,0.713598172700886,10.835184622028038,0.7273713264688911,0.63837213275602,svm,s-1-4-0,s-3-3-2
891,"[[158420 174482]
 [  8451 158647]]","(array([0.        , 0.52412422, 1.        ]), array([0.        , 0.94942489, 1.        ]), array([2, 1, 0]))",0.9494248883888496,0.42544482150784657,0.634134,0.4762329307865722,0.7126503358261963,12.636842995218018,0.6343000277873845,0.5289594522323745,svm,s-1-4-0,s-3-3-3
892,"[[ 67294  72036]
 [  5734 104936]]","(array([0.        , 0.51701715, 1.        ]), array([0.        , 0.94818831, 1.        ]), array([2, 1, 0]))",0.948188307581097,0.4709664697806043,0.68892,0.5929525574667179,0.715585577030339,10.744552960130742,0.7296291918426377,0.6409808468062129,svm,s-1-4-0,s-3-4-0
893,"[[12339 13239]
 [ 1293 23129]]","(array([0.        , 0.51759324, 1.        ]), array([0.        , 0.94705593, 1.        ]), array([2, 1, 0]))",0.9470559331750061,0.4820697120677359,0.70936,0.6359711834579851,0.7147313444903883,10.038561688824409,0.7609475242638593,0.680689135578655,svm,s-1-4-0,s-3-4-1
894,"[[ 67060  72588]
 [  5669 104683]]","(array([0.        , 0.51979262, 1.        ]), array([0.        , 0.94862803, 1.        ]), array([2, 1, 0]))",0.948628026678266,0.4688408483831685,0.686972,0.5905252410151689,0.7144177026150267,10.811836262059153,0.7279181428467126,0.6387503111896476,svm,s-1-4-0,s-3-4-2
895,"[[155524 177426]
 [  8353 158697]]","(array([0.        , 0.53289082, 1.        ]), array([0.        , 0.94999701, 1.        ]), array([2, 1, 0]))",0.9499970068841664,0.41913242360724545,0.628442,0.4721396631590221,0.7085530912180256,12.833442418487524,0.6307850381479133,0.5249506795047706,svm,s-1-4-0,s-3-4-3
896,"[[167723  18274]
 [ 11032  52971]]","(array([0.       , 0.0982489, 1.       ]), array([0.        , 0.82763308, 1.        ]), array([2, 1, 0]))",0.827633079699389,0.705185188583439,0.882776,0.7435048073549021,0.8646920916059055,4.048831971490768,0.7833165739973973,0.7589338162603909,svm,s-0-4-0,s-0-1-0
897,"[[34494  3977]
 [ 2045  9484]]","(array([0.        , 0.10337657, 1.        ]), array([0.        , 0.82262122, 1.        ]), array([2, 1, 0]))",0.822621216063839,0.6830023604084068,0.87956,0.704553896441572,0.8596223233499514,4.159913828982641,0.7590236094437774,0.7253759197222095,svm,s-0-4-0,s-0-1-1
898,"[[167575  18643]
 [ 11031  52751]]","(array([0.        , 0.10011385, 1.        ]), array([0.        , 0.82705152, 1.        ]), array([2, 1, 0]))",0.8270515192374024,0.7015816042465542,0.881304,0.7388716138611088,0.8634688370870448,4.099674230549884,0.7804787832159555,0.7549705459728988,svm,s-0-4-0,s-0-1-2
899,"[[300548  24607]
 [ 30624 144221]]","(array([0.        , 0.07567775, 1.        ]), array([0.        , 0.82485058, 1.        ]), array([2, 1, 0]))",0.8248505819440075,0.7554483923738089,0.889538,0.8542481105029971,0.8745864141286521,3.815261669522554,0.8392920014083154,0.8482021556018476,svm,s-0-4-0,s-0-1-3
900,"[[167636  18258]
 [ 11210  52896]]","(array([0.        , 0.09821726, 1.        ]), array([0.        , 0.82513337, 1.        ]), array([2, 1, 0]))",0.8251333728512151,0.7034399736296577,0.882128,0.7434016358883548,0.8634580546246887,4.071213047420434,0.7821381043915422,0.7584264829864477,svm,s-0-4-0,s-0-2-0
901,"[[34598  3957]
 [ 1957  9488]]","(array([0.       , 0.1026326, 1.       ]), array([0.       , 0.8290083, 1.       ]), array([2, 1, 0]))",0.8290083005679336,0.6882651193905124,0.88172,0.7056898475269617,0.8631878488963387,4.085309752130661,0.7623945359582163,0.7273284783441932,svm,s-0-4-0,s-0-2-1
902,"[[167560  18349]
 [ 11172  52919]]","(array([0.        , 0.09869883, 1.        ]), array([0.        , 0.82568535, 1.        ]), array([2, 1, 0]))",0.8256853536377963,0.7031154659660027,0.881916,0.7425352191727003,0.8634932639340996,4.07853555906962,0.7819058946948485,0.7577979339162513,svm,s-0-4-0,s-0-2-2
903,"[[300548  24607]
 [ 30624 144221]]","(array([0.        , 0.07567775, 1.        ]), array([0.        , 0.82485058, 1.        ]), array([2, 1, 0]))",0.8248505819440075,0.7554483923738089,0.889538,0.8542481105029971,0.8745864141286521,3.815261669522553,0.8392920014083154,0.8482021556018476,svm,s-0-4-0,s-0-2-3
904,"[[128168   9688]
 [ 19814  92330]]","(array([0.        , 0.07027623, 1.        ]), array([0.        , 0.82331645, 1.        ]), array([2, 1, 0]))",0.8233164502782138,0.762037215552039,0.881992,0.905036366131467,0.8765201100044737,4.075882910810235,0.8622444691401836,0.8874198409891275,svm,s-0-4-0,s-0-3-0
905,"[[23701  1690]
 [ 4362 20247]]","(array([0.        , 0.06655902, 1.        ]), array([0.        , 0.82274778, 1.        ]), array([2, 1, 0]))",0.8227477752041936,0.761835904819693,0.87896,0.9229612070930392,0.8780943791148376,4.1806005212331305,0.8699780861943024,0.9010119529713323,svm,s-0-4-0,s-0-3-1
906,"[[128331   9696]
 [ 19715  92258]]","(array([0.        , 0.07024713, 1.        ]), array([0.        , 0.82393077, 1.        ]), array([2, 1, 0]))",0.8239307690246755,0.7626535534119181,0.882356,0.9048982874629735,0.8768418217311427,4.063310821789605,0.8625185226736224,0.8874562562886092,svm,s-0-4-0,s-0-3-2
907,"[[300548  24607]
 [ 30624 144221]]","(array([0.        , 0.07567775, 1.        ]), array([0.        , 0.82485058, 1.        ]), array([2, 1, 0]))",0.8248505819440075,0.7554483923738089,0.889538,0.8542481105029971,0.8745864141286521,3.8152616695225534,0.8392920014083154,0.8482021556018476,svm,s-0-4-0,s-0-3-3
908,"[[128051   9766]
 [ 19861  92322]]","(array([0.        , 0.07086209, 1.        ]), array([0.        , 0.82295892, 1.        ]), array([2, 1, 0]))",0.8229589153436795,0.7610262315002013,0.881492,0.9043374343703472,0.8760484150573581,4.093152548482088,0.8617311722071582,0.8867991585580222,svm,s-0-4-0,s-0-4-0
909,"[[23644  1700]
 [ 4500 20156]]","(array([0.        , 0.06707702, 1.        ]), array([0.        , 0.81748864, 1.        ]), array([2, 1, 0]))",0.8174886437378326,0.7563454367753146,0.876,0.9222181551976574,0.8752058117679062,4.282835459281552,0.8667010663914688,0.8991791577444682,svm,s-0-4-0,s-0-4-1
910,"[[128098   9715]
 [ 19705  92482]]","(array([0.        , 0.07049408, 1.        ]), array([0.        , 0.82435576, 1.        ]), array([2, 1, 0]))",0.8243557631454624,0.7626887406210113,0.88232,0.9049385011301702,0.8769308439202602,4.0645542785092275,0.8627696096723636,0.887585776668746,svm,s-0-4-0,s-0-4-2
911,"[[300548  24607]
 [ 30624 144221]]","(array([0.        , 0.07567775, 1.        ]), array([0.        , 0.82485058, 1.        ]), array([2, 1, 0]))",0.8248505819440075,0.7554483923738089,0.889538,0.8542481105029971,0.8745864141286521,3.815261669522554,0.8392920014083154,0.8482021556018476,svm,s-0-4-0,s-0-4-3
912,"[[   259   8554]
 [  3334 237853]]","(array([0.       , 0.9706116, 1.       ]), array([0.       , 0.9861767, 1.       ]), array([2, 1, 0]))",0.9861767010659779,0.02411769208281139,0.952448,0.9652850771284907,0.5077825522804076,1.6424152541564652,0.9756190601196897,0.9693922881608067,svm,s-0-4-0,s-1-1-0
913,"[[   35  1301]
 [  718 47946]]","(array([0.       , 0.9738024, 1.       ]), array([0.        , 0.98524577, 1.        ]), array([2, 1, 0]))",0.9852457668913365,0.01515213241602,0.95962,0.9735821471358661,0.5057216858408778,1.3946965963516276,0.9793792321598185,0.9758927262957354,svm,s-0-4-0,s-1-1-1
914,"[[   243   8706]
 [  3306 237745]]","(array([0.        , 0.97284613, 1.        ]), array([0.        , 0.98628506, 1.        ]), array([2, 1, 0]))",0.986285060008048,0.02110513748249977,0.951952,0.964674519478517,0.5067194659745234,1.6595469734035784,0.9753601010867647,0.9689205325812749,svm,s-0-4-0,s-1-1-2
915,"[[  2051  68458]
 [  5974 423517]]","(array([0.        , 0.97091151, 1.        ]), array([0.        , 0.98609051, 1.        ]), array([2, 1, 0]))",0.9860905117918652,0.04203860997069751,0.851136,0.8608506529803344,0.5075894984748942,5.1416898869337375,0.9192243663900783,0.8832872902250821,svm,s-0-4-0,s-1-1-3
916,"[[   241   8672]
 [  3307 237780]]","(array([0.        , 0.97296084, 1.        ]), array([0.        , 0.98628296, 1.        ]), array([2, 1, 0]))",0.9862829600932443,0.020884019688154645,0.952084,0.9648126207131612,0.5066610581909058,1.6549877461742,0.9754296579350574,0.969031579719536,svm,s-0-4-0,s-1-2-0
917,"[[   30  1355]
 [  695 47920]]","(array([0.        , 0.97833935, 1.        ]), array([0.      , 0.985704, 1.      ]), array([2, 1, 0]))",0.9857040008227913,0.010110668281924586,0.959,0.9725012683916794,0.503682325321143,1.4161115012816972,0.979058126468485,0.9751134444376616,svm,s-0-4-0,s-1-2-1
918,"[[   268   8553]
 [  3344 237835]]","(array([0.        , 0.96961796, 1.        ]), array([0.        , 0.98613478, 1.        ]), array([2, 1, 0]))",0.986134779562068,0.025537095964576886,0.952412,0.9652864587561083,0.5082584112071761,1.643658646908292,0.9755992509747379,0.9693853012600155,svm,s-0-4-0,s-1-2-2
919,"[[  2054  68457]
 [  6010 423479]]","(array([0.        , 0.97086979, 1.        ]), array([0.        , 0.98600663, 1.        ]), array([2, 1, 0]))",0.9860066264793743,0.04182249328262821,0.851066,0.8608416541989202,0.5075684165569001,5.144107599682186,0.9191827875301843,0.8832662490462961,svm,s-0-4-0,s-1-2-3
920,"[[  2023  65977]
 [  2573 179427]]","(array([0.     , 0.97025, 1.     ]), array([0.        , 0.98586264, 1.        ]), array([2, 1, 0]))",0.9858626373626374,0.051717270283129294,0.7258,0.7311494515166826,0.5078063186813188,9.47074350764312,0.8396131061010192,0.7709888829304512,svm,s-0-4-0,s-1-3-0
921,"[[  669 22371]
 [  375 26585]]","(array([0.        , 0.97096354, 1.        ]), array([0.       , 0.9860905, 1.       ]), array([2, 1, 0]))",0.9860905044510386,0.052735091921509915,0.54508,0.5430386469482801,0.507563481392186,15.712737913454985,0.7003793666684232,0.5966541582878483,svm,s-0-4-0,s-1-3-1
922,"[[  2009  66040]
 [  2597 179354]]","(array([0.        , 0.97047716, 1.        ]), array([0.        , 0.98572693, 1.        ]), array([2, 1, 0]))",0.9857269264802062,0.050472807542629665,0.725452,0.7308817656503419,0.5076248851566632,9.4827632033271,0.8393873802197288,0.7707341557179163,svm,s-0-4-0,s-1-3-2
923,"[[  2087  68278]
 [  5875 423760]]","(array([0.        , 0.97034037, 1.        ]), array([0.       , 0.9863256, 1.       ]), array([2, 1, 0]))",0.9863256019644582,0.04440549942339832,0.851694,0.8612342949121816,0.507992616941868,5.1224169618503,0.9195452183149555,0.8836481305470419,svm,s-0-4-0,s-1-3-3
924,"[[  1891  65820]
 [  2565 179724]]","(array([0.        , 0.97207248, 1.        ]), array([0.        , 0.98592894, 1.        ]), array([2, 1, 0]))",0.985928937017593,0.04653981448900091,0.72646,0.7319421366435344,0.5069282262438765,9.44794741307529,0.8401595949821543,0.771702026252399,svm,s-0-4-0,s-1-4-0
925,"[[  672 22459]
 [  389 26480]]","(array([0.        , 0.97094808, 1.        ]), array([0.        , 0.98552235, 1.        ]), array([2, 1, 0]))",0.9855223491756299,0.05042252087995587,0.54304,0.5410817548376551,0.5072871354195991,15.783198424592081,0.6986070071760238,0.594722066254913,svm,s-0-4-0,s-1-4-1
926,"[[  2002  66095]
 [  2592 179311]]","(array([0.        , 0.97060076, 1.        ]), array([0.        , 0.98575065, 1.        ]), array([2, 1, 0]))",0.9857506473230238,0.05021751525106112,0.725252,0.7306708067447414,0.5075749433217025,9.489671134517513,0.8392568375578328,0.7705493727262023,svm,s-0-4-0,s-1-4-2
927,"[[  2084  68415]
 [  5785 423716]]","(array([0.       , 0.9704393, 1.       ]), array([0.        , 0.98653088, 1.        ]), array([2, 1, 0]))",0.9865308811853756,0.044995826694530436,0.8516,0.860982136870061,0.5080457920870353,5.125663825921121,0.9194906426860178,0.8834686877743142,svm,s-0-4-0,s-1-4-3
928,"[[ 55257  70072]
 [  1571 123100]]","(array([0.        , 0.55910444, 1.        ]), array([0.        , 0.98739883, 1.        ]), array([2, 1, 0]))",0.9873988337303784,0.5109726173529484,0.713428,0.6372559170066056,0.7141471983044411,9.898070346606858,0.7745962629348452,0.6859016291138774,svm,s-0-4-0,s-2-1-0
929,"[[11259 13832]
 [  305 24604]]","(array([0.        , 0.55127336, 1.        ]), array([0.        , 0.98775543, 1.        ]), array([2, 1, 0]))",0.9877554297643422,0.51758347348115,0.71726,0.6401290456863358,0.7182410324063829,9.765714838530137,0.7768253216512748,0.6885974486854405,svm,s-0-4-0,s-2-1-1
930,"[[ 55288  69512]
 [  1599 123601]]","(array([0.        , 0.55698718, 1.        ]), array([0.        , 0.98722843, 1.        ]), array([2, 1, 0]))",0.9872284345047924,0.5131085339365421,0.715556,0.6400449477766903,0.7151206275088065,9.824570039340246,0.7766003901819907,0.6884683596761328,svm,s-0-4-0,s-2-1-2
931,"[[110154 140079]
 [  3133 246634]]","(array([0.        , 0.55979427, 1.        ]), array([0.        , 0.98745631, 1.        ]), array([2, 1, 0]))",0.9874563092802492,0.5108061257071248,0.713576,0.6377701292689928,0.7138310187707548,9.892958503752746,0.774993715434892,0.6863837018310504,svm,s-0-4-0,s-2-1-3
932,"[[ 54777  69710]
 [  1549 123964]]","(array([0.        , 0.55997815, 1.        ]), array([0.        , 0.98765865, 1.        ]), array([2, 1, 0]))",0.9876586489048943,0.5118417254359137,0.714964,0.6400652643101294,0.7138402492879721,9.8450176282472,0.776748426471003,0.6885289971551051,svm,s-0-4-0,s-2-2-0
933,"[[11056 14103]
 [  305 24536]]","(array([0.        , 0.56055487, 1.        ]), array([0.        , 0.98772191, 1.        ]), array([2, 1, 0]))",0.9877219113562256,0.5096919115691108,0.71184,0.6350060819379384,0.7135835201679575,9.952919340408624,0.7730308758664145,0.6838464411333524,svm,s-0-4-0,s-2-2-1
934,"[[ 55605  69672]
 [  1576 123147]]","(array([0.        , 0.55614359, 1.        ]), array([0.      , 0.987364, 1.      ]), array([2, 1, 0]))",0.987363998620944,0.5133427957097474,0.715008,0.6386663140043253,0.7156102064035538,9.84349780054701,0.7756265312934982,0.6872050080413037,svm,s-0-4-0,s-2-2-2
935,"[[111268 139114]
 [  3061 246557]]","(array([0.        , 0.55560703, 1.        ]), array([0.        , 0.98773726, 1.        ]), array([2, 1, 0]))",0.9877372625371568,0.5144787674723146,0.71565,0.6392935947997127,0.7160651150413735,9.821323538286663,0.7762042157191451,0.6878221415810505,svm,s-0-4-0,s-2-2-3
936,"[[ 55556  69242]
 [  1506 123696]]","(array([0.        , 0.55483261, 1.        ]), array([0.        , 0.98797144, 1.        ]), array([2, 1, 0]))",0.98797143815594,0.5160053242609993,0.717008,0.6411178720625279,0.7165694143294965,9.774418872449612,0.7776199157603572,0.6895336884611698,svm,s-0-4-0,s-2-3-0
937,"[[11173 13913]
 [  314 24600]]","(array([0.        , 0.55461213, 1.        ]), array([0.        , 0.98739664, 1.        ]), array([2, 1, 0]))",0.9873966444569319,0.5144014240452037,0.71546,0.638745358710046,0.71639225509939,9.827885931388813,0.7756948933419521,0.6872813830559994,svm,s-0-4-0,s-2-3-1
938,"[[ 55372  69602]
 [  1588 123438]]","(array([0.        , 0.55693184, 1.        ]), array([0.        , 0.98729864, 1.        ]), array([2, 1, 0]))",0.9872986418824884,0.5130268792125156,0.71524,0.6394426025694157,0.7151834000296946,9.835484580536113,0.7761785289845504,0.6879175555570416,svm,s-0-4-0,s-2-3-2
939,"[[110149 139660]
 [  3076 247115]]","(array([0.        , 0.55906713, 1.        ]), array([0.        , 0.98770539, 1.        ]), array([2, 1, 0]))",0.9877053930796871,0.5120713275441766,0.714528,0.638911511860901,0.7143191328972206,9.860076918562147,0.7759126860774358,0.6874651906675102,svm,s-0-4-0,s-2-3-3
940,"[[ 55109  69853]
 [  1597 123441]]","(array([0.        , 0.55899393, 1.        ]), array([0.        , 0.98722788, 1.        ]), array([2, 1, 0]))",0.987227882723652,0.5112901107802448,0.7142,0.6386178567363705,0.7141169742838342,9.871405710782637,0.7755487981101491,0.6871469382574754,svm,s-0-4-0,s-2-4-0
941,"[[11207 13768]
 [  317 24708]]","(array([0.        , 0.55127127, 1.        ]), array([0.        , 0.98733267, 1.        ]), array([2, 1, 0]))",0.9873326673326673,0.5177151208367397,0.7183,0.6421665453789375,0.7180306980306981,9.72979348759472,0.7781924694099306,0.690441460020455,svm,s-0-4-0,s-2-4-1
942,"[[ 55256  69804]
 [  1551 123389]]","(array([0.        , 0.55816408, 1.        ]), array([0.        , 0.98758604, 1.        ]), array([2, 1, 0]))",0.987586041299824,0.5123863980494324,0.71458,0.6386825609623538,0.7147109800294098,9.858280819031476,0.7757070156192536,0.6872415652235906,svm,s-0-4-0,s-2-4-2
943,"[[110997 138645]
 [  3169 247189]]","(array([0.       , 0.5553753, 1.       ]), array([0.        , 0.98734213, 1.        ]), array([2, 1, 0]))",0.9873421260754599,0.514542581607463,0.716372,0.6406615280146384,0.715983414324773,9.796385791707145,0.7770893063729188,0.689050083236048,svm,s-0-4-0,s-2-4-3
944,"[[ 85997 105873]
 [   728  57402]]","(array([0.        , 0.55179549, 1.        ]), array([0.        , 0.98747635, 1.        ]), array([2, 1, 0]))",0.9874763461207638,0.386669733990735,0.573596,0.35156637574644006,0.7178404297967138,14.727811033010404,0.5185248752286534,0.40354034559847024,svm,s-0-4-0,s-3-1-0
945,"[[17603 22035]
 [  136 10226]]","(array([0.        , 0.55590595, 1.        ]), array([0.        , 0.98687512, 1.        ]), array([2, 1, 0]))",0.9868751206330825,0.3651071907315099,0.55658,0.3169771550788878,0.7154845858980539,15.315536611618782,0.47983483095981044,0.36677044029668737,svm,s-0-4-0,s-3-1-1
946,"[[ 86048 106060]
 [   686  57206]]","(array([0.        , 0.55208529, 1.        ]), array([0.        , 0.98815035, 1.        ]), array([2, 1, 0]))",0.9881503489255856,0.38644770398911604,0.573016,0.3503852608626413,0.7180325317826337,14.747844121418332,0.5173315005561635,0.4023174429922527,svm,s-0-4-0,s-3-1-2
947,"[[146554 186651]
 [  2073 164722]]","(array([0.        , 0.56016866, 1.        ]), array([0.        , 0.98757157, 1.        ]), array([2, 1, 0]))",0.9875715698911838,0.4409117667541492,0.622552,0.46879526884535805,0.7137014524775918,13.036890564026136,0.6357860771024069,0.523829300884635,svm,s-0-4-0,s-3-1-3
948,"[[ 85703 105953]
 [   698  57646]]","(array([0.        , 0.55282903, 1.        ]), array([0.        , 0.98803647, 1.        ]), array([2, 1, 0]))",0.988036473330591,0.3870846243939207,0.573396,0.3523615670022433,0.7176037231619352,14.734719044160562,0.5194667099210157,0.40439711535763395,svm,s-0-4-0,s-3-2-0
949,"[[17703 21952]
 [  113 10232]]","(array([0.        , 0.55357458, 1.        ]), array([0.        , 0.98907685, 1.        ]), array([2, 1, 0]))",0.989076848719188,0.3683659962889665,0.5587,0.31792194879443203,0.7177511339800706,15.242313078329838,0.4811775494368548,0.3678431992867466,svm,s-0-4-0,s-3-2-1
950,"[[ 85363 106404]
 [   663  57570]]","(array([0.        , 0.55486085, 1.        ]), array([0.       , 0.9886147, 1.       ]), array([2, 1, 0]))",0.9886147030034517,0.38593352638110995,0.571732,0.3510922463317355,0.7168769281233551,14.792193010555458,0.518165494336362,0.4030784354087287,svm,s-0-4-0,s-3-2-2
951,"[[147770 185462]
 [  2146 164622]]","(array([0.        , 0.55655519, 1.        ]), array([0.        , 0.98713182, 1.        ]), array([2, 1, 0]))",0.9871318238510985,0.4430676494394984,0.624784,0.47023571485700577,0.7152883155362469,12.959798113670008,0.6370179471105848,0.5252427407498163,svm,s-0-4-0,s-3-2-3
952,"[[ 61867  77694]
 [  1350 109089]]","(array([0.       , 0.5567028, 1.       ]), array([0.        , 0.98777606, 1.        ]), array([2, 1, 0]))",0.9877760573710374,0.4925028319687418,0.683824,0.5840413742149981,0.7155366267895735,10.920580661128247,0.7340573712578475,0.6360348006170917,svm,s-0-4-0,s-3-3-0
953,"[[11381 14219]
 [  316 24084]]","(array([0.        , 0.55542969, 1.        ]), array([0.        , 0.98704918, 1.        ]), array([2, 1, 0]))",0.9870491803278688,0.5096385902683724,0.7093,0.6287758139049161,0.7158097464139345,10.040649687517735,0.7681929094301708,0.677994730085805,svm,s-0-4-0,s-3-3-1
954,"[[ 62420  77168]
 [  1380 109032]]","(array([0.        , 0.55282689, 1.        ]), array([0.        , 0.98750136, 1.        ]), array([2, 1, 0]))",0.9875013585479839,0.4951036571578187,0.685808,0.5855639097744361,0.7173372339921626,10.852054046407751,0.7351826628727092,0.6374559758282157,svm,s-0-4-0,s-3-3-2
955,"[[148502 184400]
 [  2025 165073]]","(array([0.        , 0.55391677, 1.        ]), array([0.        , 0.98788136, 1.        ]), array([2, 1, 0]))",0.987881363032472,0.44625604246908024,0.62715,0.4723483645374607,0.7169822973671471,12.878077670374699,0.6391105966072428,0.5273931462820849,svm,s-0-4-0,s-3-3-3
956,"[[ 61794  77536]
 [  1417 109253]]","(array([0.        , 0.55649178, 1.        ]), array([0.        , 0.98719617, 1.        ]), array([2, 1, 0]))",0.9871961687900966,0.4922033775770168,0.684188,0.5849006097789484,0.7153521933450232,10.90800804117492,0.7345751851515672,0.6368016357629637,svm,s-0-4-0,s-3-4-0
957,"[[11345 14233]
 [  304 24118]]","(array([0.        , 0.55645477, 1.        ]), array([0.        , 0.98755221, 1.        ]), array([2, 1, 0]))",0.9875522070264515,0.5097610880756585,0.70926,0.6288753878647232,0.7155487206060399,10.04203146246081,0.768419543434279,0.6781348059338904,svm,s-0-4-0,s-3-4-1
958,"[[ 61586  78062]
 [  1370 108982]]","(array([0.        , 0.55899118, 1.        ]), array([0.        , 0.98758518, 1.        ]), array([2, 1, 0]))",0.9875851819631724,0.4903013640780492,0.682272,0.5826543487093946,0.7142970020723285,10.974186019100568,0.7329083108044493,0.6347026538447202,svm,s-0-4-0,s-3-4-2
959,"[[146577 186373]
 [  2054 164996]]","(array([0.        , 0.55976273, 1.        ]), array([0.        , 0.98770428, 1.        ]), array([2, 1, 0]))",0.987704280155642,0.441632256890367,0.623146,0.46958041261465866,0.7139707765097177,13.01637408627139,0.6365353121702715,0.5246208965702315,svm,s-0-4-0,s-3-4-3
960,"[[185916     81]
 [ 64003      0]]","(array([0.        , 0.00043549, 1.        ]), array([0., 0., 1.]), array([2, 1, 0]))",0.0,-0.010560635860216083,0.743664,0.0,0.49978225455249276,8.853532045035392,0.0,0.0,svm,s-3-3-0,s-0-1-0
961,"[[38428    43]
 [11529     0]]","(array([0.        , 0.00111773, 1.        ]), array([0., 0., 1.]), array([2, 1, 0]))",0.0,-0.016060724577423247,0.76856,0.0,0.4994411374801799,7.99365509649192,0.0,0.0,svm,s-3-3-0,s-0-1-1
962,"[[186133     85]
 [ 63782      0]]","(array([0.        , 0.00045645, 1.        ]), array([0., 0., 1.]), array([2, 1, 0]))",0.0,-0.010793232657504735,0.744532,0.0,0.4997717728683586,8.82355239991817,0.0,0.0,svm,s-3-3-0,s-0-1-2
963,"[[325017    138]
 [174845      0]]","(array([0.        , 0.00042441, 1.        ]), array([0., 0., 1.]), array([2, 1, 0]))",0.0,-0.01218416782401395,0.650034,0.0,0.4997877935138626,12.0873976405102,0.0,0.0,svm,s-3-3-0,s-0-1-3
964,"[[185821     73]
 [ 64106      0]]","(array([0.       , 0.0003927, 1.       ]), array([0., 0., 1.]), array([2, 1, 0]))",0.0,-0.010036250563915031,0.743284,0.0,0.49980365154335266,8.866656754478344,0.0,0.0,svm,s-3-3-0,s-0-2-0
965,"[[38534    21]
 [11445     0]]","(array([0.        , 0.00054468, 1.        ]), array([0., 0., 1.]), array([2, 1, 0]))",0.0,-0.01116820587047364,0.77068,0.0,0.49972766178187006,7.920432538711837,0.0,0.0,svm,s-3-3-0,s-0-2-1
966,"[[185833     76]
 [ 64091      0]]","(array([0.       , 0.0004088, 1.       ]), array([0., 0., 1.]), array([2, 1, 0]))",0.0,-0.010238848833594901,0.743332,0.0,0.4997955989220533,8.864998902806555,0.0,0.0,svm,s-3-3-0,s-0-2-2
967,"[[325017    138]
 [174845      0]]","(array([0.        , 0.00042441, 1.        ]), array([0., 0., 1.]), array([2, 1, 0]))",0.0,-0.01218416782401395,0.650034,0.0,0.4997877935138626,12.087397640510206,0.0,0.0,svm,s-3-3-0,s-0-2-3
968,"[[137798     58]
 [112144      0]]","(array([0.        , 0.00042073, 1.        ]), array([0., 0., 1.]), array([2, 1, 0]))",0.0,-0.01373945674940138,0.551192,0.0,0.4997896355617456,15.50127934175368,0.0,0.0,svm,s-3-3-0,s-0-3-0
969,"[[25380    11]
 [24609     0]]","(array([0.        , 0.00043322, 1.        ]), array([0., 0., 1.]), array([2, 1, 0]))",0.0,-0.014603810821973033,0.5076,0.0,0.49978338781458,17.006893672765457,0.0,0.0,svm,s-3-3-0,s-0-3-1
970,"[[137961     66]
 [111973      0]]","(array([0.        , 0.00047817, 1.        ]), array([0., 0., 1.]), array([2, 1, 0]))",0.0,-0.014636388563858795,0.551844,0.0,0.49976091634245473,15.478760085131311,0.0,0.0,svm,s-3-3-0,s-0-3-2
971,"[[325017    138]
 [174845      0]]","(array([0.        , 0.00042441, 1.        ]), array([0., 0., 1.]), array([2, 1, 0]))",0.0,-0.01218416782401395,0.650034,0.0,0.4997877935138626,12.0873976405102,0.0,0.0,svm,s-3-3-0,s-0-3-3
972,"[[137760     57]
 [112183      0]]","(array([0.        , 0.00041359, 1.        ]), array([0., 0., 1.]), array([2, 1, 0]))",0.0,-0.013624766484079776,0.55104,0.0,0.499793204031433,15.506529232567312,0.0,0.0,svm,s-3-3-0,s-0-4-0
973,"[[25338     6]
 [24656     0]]","(array([0.        , 0.00023674, 1.        ]), array([0., 0., 1.]), array([2, 1, 0]))",0.0,-0.010805389165348279,0.50676,0.0,0.4998816287878788,17.03590616497744,0.0,0.0,svm,s-3-3-0,s-0-4-1
974,"[[137755     58]
 [112187      0]]","(array([0.        , 0.00042086, 1.        ]), array([0., 0., 1.]), array([2, 1, 0]))",0.0,-0.013744234311044712,0.55102,0.0,0.4997895699244629,15.5072200112936,0.0,0.0,svm,s-3-3-0,s-0-4-2
975,"[[325017    138]
 [174845      0]]","(array([0.        , 0.00042441, 1.        ]), array([0., 0., 1.]), array([2, 1, 0]))",0.0,-0.01218416782401395,0.650034,0.0,0.4997877935138626,12.087397640510199,0.0,0.0,svm,s-3-3-0,s-0-4-3
976,"[[  6443   2370]
 [ 97572 143615]]","(array([0.        , 0.26892091, 1.        ]), array([0.        , 0.59545083, 1.        ]), array([2, 1, 0]))",0.595450832756326,0.12216863221513995,0.600232,0.9837654553550023,0.6632649602338309,13.807505142024288,0.7418666639116466,0.8702599721012644,svm,s-3-3-0,s-1-1-0
977,"[[  981   355]
 [19589 29075]]","(array([0.        , 0.26571856, 1.        ]), array([0.        , 0.59746424, 1.        ]), array([2, 1, 0]))",0.5974642446161433,0.1087176690456644,0.60112,0.9879374787631668,0.6658728408709459,13.776832805543728,0.7446154634158834,0.8737318492162708,svm,s-3-3-0,s-1-1-1
978,"[[  6549   2400]
 [ 97834 143217]]","(array([0.        , 0.26818639, 1.        ]), array([0.        , 0.59413568, 1.        ]), array([2, 1, 0]))",0.5941356808310274,0.12279221596470453,0.599064,0.983518407878201,0.6629746456451483,13.847846528805238,0.7407750318102352,0.8695427792194229,svm,s-3-3-0,s-1-1-2
979,"[[ 51494  19015]
 [174345 255146]]","(array([0.        , 0.26968188, 1.        ]), array([0.      , 0.594066, 1.      ]), array([2, 1, 0]))",0.5940659990546949,0.2268592963593077,0.61328,0.9306429433799848,0.6621920572362925,13.356866016130128,0.7252050729622029,0.8359221169817872,svm,s-3-3-0,s-1-1-3
980,"[[  6474   2439]
 [ 97196 143891]]","(array([0.        , 0.27364524, 1.        ]), array([0.        , 0.59684263, 1.        ]), array([2, 1, 0]))",0.596842633572113,0.1216391754282507,0.60146,0.9833321943552245,0.6615986981391363,13.76509174530023,0.7428223335578976,0.8705819287590738,svm,s-3-3-0,s-1-2-0
981,"[[ 1018   367]
 [19567 29048]]","(array([0.        , 0.26498195, 1.        ]), array([0.        , 0.59751106, 1.        ]), array([2, 1, 0]))",0.5975110562583564,0.1108867961268533,0.60132,0.9875233724290328,0.6662645533999364,13.769925242168128,0.7445341535306933,0.8734927078634791,svm,s-3-3-0,s-1-2-1
982,"[[  6525   2296]
 [ 97740 143439]]","(array([0.        , 0.26028795, 1.        ]), array([0.        , 0.59474084, 1.        ]), array([2, 1, 0]))",0.5947408356448944,0.12514468170929638,0.599856,0.9842453768826981,0.6672264432163934,13.820491485267935,0.7414515887251432,0.8702566012918038,svm,s-3-3-0,s-1-2-2
983,"[[ 51778  18733]
 [173911 255578]]","(array([0.        , 0.26567486, 1.        ]), array([0.        , 0.59507461, 1.        ]), array([2, 1, 0]))",0.5950746119225405,0.23038326061422726,0.614712,0.9317088997524707,0.66469987634036,13.307406037359666,0.726280193236715,0.8370094836490728,svm,s-3-3-0,s-1-2-3
984,"[[ 49670  18330]
 [ 73543 108457]]","(array([0.        , 0.26955882, 1.        ]), array([0.        , 0.59591758, 1.        ]), array([2, 1, 0]))",0.5959175824175824,0.2904823800957478,0.632508,0.8554268182069139,0.6631793794440853,12.692782641402102,0.7024712827936409,0.7868919303255615,svm,s-3-3-0,s-1-3-0
985,"[[16829  6211]
 [10817 16143]]","(array([0.        , 0.26957465, 1.        ]), array([0.        , 0.59877596, 1.        ]), array([2, 1, 0]))",0.5987759643916913,0.33004181216825584,0.65944,0.7221526348751901,0.6646006558069567,11.762625015043561,0.6547025185545687,0.6935708393483192,svm,s-3-3-0,s-1-3-1
986,"[[ 49732  18317]
 [ 74223 107728]]","(array([0.        , 0.26917368, 1.        ]), array([0.        , 0.59207149, 1.        ]), array([2, 1, 0]))",0.5920714917752582,0.2874473822695848,0.62984,0.8546788845253679,0.6614489040530687,12.784932055244655,0.6995415524876947,0.7850395915648761,svm,s-3-3-0,s-1-3-2
987,"[[ 51543  18822]
 [174146 255489]]","(array([0.        , 0.26749094, 1.        ]), array([0.        , 0.59466524, 1.        ]), array([2, 1, 0]))",0.5946652390983044,0.22862859403137123,0.614064,0.9313844504959699,0.6635871495001221,13.329787306791912,0.7258767007696614,0.8366380047141915,svm,s-3-3-0,s-1-3-3
988,"[[ 49411  18300]
 [ 74032 108257]]","(array([0.        , 0.27026628, 1.        ]), array([0.        , 0.59387566, 1.        ]), array([2, 1, 0]))",0.5938756589810685,0.2876435415495994,0.630672,0.8554011236043838,0.6618046901187926,12.756195738911465,0.7010419432338447,0.7861606902952287,svm,s-3-3-0,s-1-4-0
989,"[[17026  6105]
 [10916 15953]]","(array([0.        , 0.26393152, 1.        ]), array([0.        , 0.59373255, 1.        ]), array([2, 1, 0]))",0.5937325542446685,0.3311792804644191,0.65958,0.7232296672409103,0.664900516887152,11.75778789120172,0.6521143744762604,0.6930000608161527,svm,s-3-3-0,s-1-4-1
990,"[[ 49583  18514]
 [ 73588 108315]]","(array([0.        , 0.27187688, 1.        ]), array([0.        , 0.59545472, 1.        ]), array([2, 1, 0]))",0.595454720372946,0.2881370947309455,0.631592,0.854023921973681,0.6617889194328421,12.724420749083546,0.7016765349882746,0.7857807170144757,svm,s-3-3-0,s-1-4-2
991,"[[ 51651  18848]
 [173725 255776]]","(array([0.        , 0.26735131, 1.        ]), array([0.        , 0.59551899, 1.        ]), array([2, 1, 0]))",0.5955189859860629,0.22953361256294638,0.614854,0.9313679794919599,0.664083838019202,13.302501715018995,0.7265073672998402,0.8369649940412187,svm,s-3-3-0,s-1-4-3
992,"[[114525  10804]
 [ 46236  78435]]","(array([0.        , 0.08620511, 1.        ]), array([0.        , 0.62913589, 1.        ]), array([2, 1, 0]))",0.6291358856510335,0.5666113544991618,0.77184,0.8789318571476596,0.7714653887478492,7.880401777665362,0.7333457996353605,0.8142712098781836,svm,s-3-3-0,s-2-1-0
993,"[[22901  2190]
 [ 9217 15692]]","(array([0.        , 0.08728229, 1.        ]), array([0.       , 0.6299731, 1.       ]), array([2, 1, 0]))",0.6299731020916135,0.5661184466190752,0.77186,0.8775304775752153,0.7713454048180757,7.879711469102365,0.7334252529737562,0.8135881456287525,svm,s-3-3-0,s-2-1-1
994,"[[114175  10625]
 [ 46826  78374]]","(array([0.        , 0.08513622, 1.        ]), array([0.        , 0.62599042, 1.        ]), array([2, 1, 0]))",0.6259904153354633,0.5647845546033696,0.770196,0.8806166361419792,0.7704270986933727,7.937182953546838,0.7317867963902726,0.8143667029651118,svm,s-3-3-0,s-2-1-2
995,"[[227972  22261]
 [ 93555 156212]]","(array([0.        , 0.08896109, 1.        ]), array([0.       , 0.6254309, 1.       ]), array([2, 1, 0]))",0.6254309016002915,0.5598737728728349,0.768368,0.8752696486303251,0.7682349066672776,8.000321453582739,0.729553521389875,0.8105149228098322,svm,s-3-3-0,s-2-1-3
996,"[[113449  11038]
 [ 46922  78591]]","(array([0.        , 0.08866789, 1.        ]), array([0.        , 0.62615825, 1.        ]), array([2, 1, 0]))",0.6261582465561336,0.5603893018210316,0.76816,0.8768478952124871,0.7687451767615631,8.007505223221829,0.7305965362411803,0.8118418524509896,svm,s-3-3-0,s-2-2-0
997,"[[23022  2137]
 [ 9242 15599]]","(array([0.        , 0.08493978, 1.        ]), array([0.        , 0.62795379, 1.        ]), array([2, 1, 0]))",0.6279537860794654,0.5674862061487747,0.77242,0.879510599909788,0.7715070015496098,7.860368906747941,0.7327430302745614,0.81427154564911,svm,s-3-3-0,s-2-2-1
998,"[[114631  10646]
 [ 46511  78212]]","(array([0.        , 0.08497969, 1.        ]), array([0.        , 0.62708562, 1.        ]), array([2, 1, 0]))",0.6270856217377709,0.5662920545848403,0.771372,0.8801908663260483,0.7710529683598855,7.896565419672608,0.7323872441837055,0.8144453353604565,svm,s-3-3-0,s-2-2-2
999,"[[228949  21433]
 [ 93064 156554]]","(array([0.       , 0.0856012, 1.       ]), array([0.        , 0.62717432, 1.        ]), array([2, 1, 0]))",0.627174322364573,0.5655431666829577,0.771006,0.8795810930011743,0.7707865605001288,7.909206837319621,0.7322365267010443,0.8140574853936184,svm,s-3-3-0,s-2-2-3
1000,"[[114169  10629]
 [ 46607  78595]]","(array([0.        , 0.08516963, 1.        ]), array([0.        , 0.62774556, 1.        ]), array([2, 1, 0]))",0.6277455631699174,0.56626342876628,0.771056,0.8808728593203622,0.7712879645205828,7.907479618640774,0.7330734146045722,0.8151350970134702,svm,s-3-3-0,s-2-3-0
1001,"[[22971  2115]
 [ 9304 15610]]","(array([0.        , 0.08430997, 1.        ]), array([0.        , 0.62655535, 1.        ]), array([2, 1, 0]))",0.6265553504053946,0.566770254662096,0.77162,0.8806770098730606,0.771122688357445,7.887999576040999,0.7321935317432398,0.8145991191266412,svm,s-3-3-0,s-2-3-1
1002,"[[114289  10685]
 [ 46500  78526]]","(array([0.        , 0.08549778, 1.        ]), array([0.        , 0.62807736, 1.        ]), array([2, 1, 0]))",0.6280773599091389,0.5662863259198548,0.77126,0.8802277746017868,0.7712897881850814,7.900433887366039,0.7330759859408038,0.8148048228775395,svm,s-3-3-0,s-2-3-2
1003,"[[227764  22045]
 [ 93757 156434]]","(array([0.        , 0.08824742, 1.        ]), array([0.       , 0.6252583, 1.       ]), array([2, 1, 0]))",0.6252583026567702,0.5604343344011776,0.768396,0.8764840681536763,0.7685054408135518,7.999354022417592,0.7298574661161266,0.8112896182685116,svm,s-3-3-0,s-2-3-3
1004,"[[113932  11030]
 [ 47136  77902]]","(array([0.        , 0.08826683, 1.        ]), array([0.       , 0.6230266, 1.       ]), array([2, 1, 0]))",0.6230265999136263,0.5585152752950371,0.767336,0.8759726532631673,0.7673798833981793,8.035965149384118,0.7281581530121044,0.8101862444515626,svm,s-3-3-0,s-2-4-0
1005,"[[22764  2211]
 [ 9412 15613]]","(array([0.        , 0.08852853, 1.        ]), array([0.       , 0.6238961, 1.       ]), array([2, 1, 0]))",0.623896103896104,0.5588860153495963,0.76754,0.8759537701974865,0.7676837876837878,8.0289193189593,0.7287451282410324,0.8104670840211377,svm,s-3-3-0,s-2-4-1
1006,"[[114084  10976]
 [ 46729  78211]]","(array([0.        , 0.08776587, 1.        ]), array([0.        , 0.62598847, 1.        ]), array([2, 1, 0]))",0.6259884744677445,0.5617725828027242,0.76918,0.8769327368338435,0.7691113010432438,7.97227547299886,0.7305103980348111,0.8118429356762055,svm,s-3-3-0,s-2-4-2
1007,"[[228285  21357]
 [ 92978 157380]]","(array([0.        , 0.08555051, 1.        ]), array([0.        , 0.62861982, 1.        ]), array([2, 1, 0]))",0.6286198164228824,0.5665747750604165,0.77133,0.8805115896540727,0.7715346540474785,7.898016152228861,0.7335438539251216,0.8151819215875589,svm,s-3-3-0,s-2-4-3
1008,"[[142999  48871]
 [ 21201  36929]]","(array([0.        , 0.25470892, 1.        ]), array([0.        , 0.63528299, 1.        ]), array([2, 1, 0]))",0.6352829864097712,0.33862005231754894,0.719712,0.4304079254079254,0.6902870344567749,9.680960866680767,0.5131522267769054,0.4600827249395758,svm,s-3-3-0,s-3-1-0
1009,"[[29491 10147]
 [ 3349  7013]]","(array([0.        , 0.25599173, 1.        ]), array([0.        , 0.67679985, 1.        ]), array([2, 1, 0]))",0.6767998455896546,0.359253953897062,0.73008,0.40868298368298367,0.7104040602386943,9.322868794816776,0.5096286607077974,0.4438495227968912,svm,s-3-3-0,s-3-1-1
1010,"[[143430  48678]
 [ 21153  36739]]","(array([0.        , 0.25338872, 1.        ]), array([0.        , 0.63461273, 1.        ]), array([2, 1, 0]))",0.6346127271471015,0.33907642934287224,0.720676,0.43011344345973285,0.690612004150726,9.64766486894686,0.512724253187169,0.4597432175392932,svm,s-3-3-0,s-3-1-2
1011,"[[303144  30061]
 [ 61837 104958]]","(array([0.        , 0.09021773, 1.        ]), array([0.        , 0.62926347, 1.        ]), array([2, 1, 0]))",0.6292634671303097,0.5724536246690842,0.816204,0.7773572608299573,0.769522866651393,6.348137019675701,0.6955144559231845,0.7424126891611058,svm,s-3-3-0,s-3-1-3
1012,"[[142836  48820]
 [ 21359  36985]]","(array([0.        , 0.25472722, 1.        ]), array([0.        , 0.63391266, 1.        ]), array([2, 1, 0]))",0.6339126559714795,0.33781170775850067,0.719284,0.43103548744245673,0.6895927181848465,9.695743299859915,0.5131495882732451,0.4605118984769552,svm,s-3-3-0,s-3-2-0
1013,"[[29453 10202]
 [ 3357  6988]]","(array([0.        , 0.25726894, 1.        ]), array([0.        , 0.67549541, 1.        ]), array([2, 1, 0]))",0.6754954084098599,0.35668486445881414,0.72882,0.4065154159394997,0.7091132318811373,9.366388532631536,0.5075721808607228,0.44169142279249096,svm,s-3-3-0,s-3-2-1
1014,"[[142635  49132]
 [ 21361  36872]]","(array([0.        , 0.25620675, 1.        ]), array([0.       , 0.6331805, 1.       ]), array([2, 1, 0]))",0.6331804990297598,0.33543368553544056,0.718028,0.4287242453839356,0.6884868740644635,9.739125000909512,0.5112696464846053,0.45832307849118337,svm,s-3-3-0,s-3-2-2
1015,"[[303913  29319]
 [ 61389 105379]]","(array([0.        , 0.08798375, 1.        ]), array([0.        , 0.63188981, 1.        ]), array([2, 1, 0]))",0.6318898109949151,0.578025518751337,0.818584,0.7823352982226908,0.7719530319679047,6.265933545253232,0.6991103474355318,0.7467756108622938,svm,s-3-3-0,s-3-2-3
1016,"[[127687  11874]
 [ 41064  69375]]","(array([0.        , 0.08508108, 1.        ]), array([0.        , 0.62817483, 1.        ]), array([2, 1, 0]))",0.6281748295439111,0.5758188625897098,0.788248,0.8538566628512351,0.7715468769426194,7.313692956854672,0.7238324777763866,0.7966171759275208,svm,s-3-3-0,s-3-3-0
1017,"[[23396  2204]
 [ 8927 15473]]","(array([0.        , 0.08609375, 1.        ]), array([0.        , 0.63413934, 1.        ]), array([2, 1, 0]))",0.6341393442622951,0.573022235428583,0.77738,0.8753182101035244,0.7740227971311476,7.68905764728974,0.7354611783159446,0.8134436640450856,svm,s-3-3-0,s-3-3-1
1018,"[[127663  11925]
 [ 41099  69313]]","(array([0.        , 0.08542998, 1.        ]), array([0.        , 0.62776691, 1.        ]), array([2, 1, 0]))",0.6277669093939064,0.5750219401715518,0.787904,0.853209089342426,0.7711684648697474,7.3255744590523975,0.7233289851291417,0.7960350419419154,svm,s-3-3-0,s-3-3-2
1019,"[[303994  28908]
 [ 61771 105327]]","(array([0.        , 0.08683637, 1.        ]), array([0.       , 0.6303307, 1.       ]), array([2, 1, 0]))",0.6303307041376917,0.5785020412458216,0.818642,0.7846463291987932,0.7717471689398768,6.263929638953236,0.6990737821612635,0.7480207034279399,svm,s-3-3-0,s-3-3-3
1020,"[[127328  12002]
 [ 41068  69602]]","(array([0.        , 0.08614082, 1.        ]), array([0.        , 0.62891479, 1.        ]), array([2, 1, 0]))",0.6289147917231409,0.574956092280487,0.78772,0.8529238762805745,0.7713869874785947,7.331929840185067,0.7239876426349897,0.7962048658616383,svm,s-3-3-0,s-3-4-0
1021,"[[23432  2146]
 [ 9018 15404]]","(array([0.        , 0.08390023, 1.        ]), array([0.        , 0.63074277, 1.        ]), array([2, 1, 0]))",0.6307427729096716,0.5727172851786778,0.77672,0.8777207977207977,0.7734212730761509,7.711852312177362,0.7340131516248928,0.8139756082095074,svm,s-3-3-0,s-3-4-1
1022,"[[127251  12397]
 [ 41233  69119]]","(array([0.       , 0.0887732, 1.       ]), array([0.        , 0.62635022, 1.        ]), array([2, 1, 0]))",0.6263502247353921,0.5694392519977641,0.78548,0.8479194268609843,0.7687885117719123,7.409297962673608,0.720484916713574,0.7918935144449332,svm,s-3-3-0,s-3-4-2
1023,"[[303200  29750]
 [ 61812 105238]]","(array([0.        , 0.08935276, 1.        ]), array([0.        , 0.62997905, 1.        ]), array([2, 1, 0]))",0.629979048189165,0.5743924993850819,0.816876,0.7796100394109106,0.7703131462600729,6.32492646458872,0.6968527138969268,0.7442553203527005,svm,s-3-3-0,s-3-4-3
