,confusion_matrix,roc_curve,recall,mcc,accuracy,precision,auc,log_loss,f1_score,fbeta_score,model,train,valid
0,"[[251836   3544]
 [ 80110  57529]]","(array([0.        , 0.01387736, 1.        ]), array([0.       , 0.4179702, 1.       ]), array([2, 1, 0]))",0.4179701974004461,0.5320923344430447,0.7871502395558484,0.9419710837849786,0.7020464190855312,7.351577491961334,0.5790188815974878,0.7531334193872714,xgboost,0-1-0,0-0-0
1,"[[126901  58618]
 [ 10785  89120]]","(array([0.        , 0.31596764, 1.        ]), array([0.        , 0.89204745, 1.        ]), array([2, 1, 0]))",0.8920474450728192,0.5498946108938049,0.7568424519311621,0.6032300423723077,0.7880399041674017,8.398528396133996,0.7197457630540738,0.6449959977245653,xgboost,0-1-0,0-0-1
2,"[[287716   4764]
 [ 77579  79612]]","(array([0.        , 0.01628829, 1.        ]), array([0.        , 0.50646666, 1.        ]), array([2, 1, 0]))",0.5064666552156294,0.5986661892078988,0.816881675714022,0.9435384469517398,0.7450891809994996,6.32469132758903,0.6591297652411132,0.8046574151750068,xgboost,0-1-0,0-0-2
3,"[[78071  1343]
 [23608 19330]]","(array([0.        , 0.01691138, 1.        ]), array([0.        , 0.45018399, 1.        ]), array([2, 1, 0]))",0.45018398621267874,0.5518401458404028,0.7960719890153001,0.9350360373433948,0.7166363051923695,7.043432748862014,0.6077565200987252,0.7693226140253123,xgboost,0-1-0,0-0-3
4,"[[263823   3137]
 [   900 142600]]","(array([0.        , 0.01175082, 1.        ]), array([0.        , 0.99372822, 1.        ]), array([2, 1, 0]))",0.9937282229965156,0.9785201855363198,0.9901646932709642,0.978474924006944,0.9909886994515092,0.3397055709286979,0.9860425879123349,0.9814880074003919,xgboost,0-1-0,0-1-0
5,"[[126058   2346]
 [ 43930  24907]]","(array([0.        , 0.01827046, 1.        ]), array([0.        , 0.36182576, 1.        ]), array([2, 1, 0]))",0.36182576230806107,0.47454850642941987,0.7653834648982717,0.9139177338274685,0.6717776517219257,8.103377554902165,0.5184098241232178,0.7002288458186439,xgboost,0-1-0,0-1-1
6,"[[310336   5428]
 [ 83005  86747]]","(array([0.        , 0.01719005, 1.        ]), array([0.        , 0.51102196, 1.        ]), array([2, 1, 0]))",0.5110219614496442,0.6004498257794489,0.817857701908897,0.9411120151885002,0.7469159540593379,6.290981045209609,0.6623753946710342,0.8055221263919532,xgboost,0-1-0,0-1-2
7,"[[299800  15026]
 [ 88228  81080]]","(array([0.        , 0.04772795, 1.        ]), array([0.        , 0.47889054, 1.        ]), array([2, 1, 0]))",0.4788905426796135,0.5154758522344376,0.7867243366505967,0.8436518011362454,0.7155812956834124,7.366305263896139,0.6109700317240236,0.7321231209321477,xgboost,0-1-0,0-1-3
8,"[[48338   929]
 [16357 10629]]","(array([0.        , 0.01885644, 1.        ]), array([0.       , 0.3938709, 1.       ]), array([2, 1, 0]))",0.3938708960201586,0.5000559829572963,0.773307279713585,0.9196227721059007,0.6875072303390216,7.8296989179237375,0.5515255292652553,0.7258461034171925,xgboost,0-1-0,0-2-0
9,"[[125124   2135]
 [ 36801  31908]]","(array([0.        , 0.01677681, 1.        ]), array([0.        , 0.46439331, 1.        ]), array([2, 1, 0]))",0.46439331091996683,0.5637496564322252,0.8013145003265839,0.9372851981317745,0.7238082507106139,6.862362757454052,0.6210682030520088,0.7786959259277335,xgboost,0-1-0,0-2-1
10,"[[97702 10487]
 [34648 23389]]","(array([0.        , 0.09693222, 1.        ]), array([0.        , 0.40300153, 1.        ]), array([2, 1, 0]))",0.40300153350448853,0.3622061205464366,0.7284720801799959,0.6904298028102491,0.6530346565192261,9.378292553286155,0.5089377998759697,0.6042388951178304,xgboost,0-1-0,0-2-2
11,"[[270949   5827]
 [ 46677 102444]]","(array([0.        , 0.02105313, 1.        ]), array([0.        , 0.68698574, 1.        ]), array([2, 1, 0]))",0.6869857364153942,0.7295411675995946,0.8767213669032653,0.9461813412640504,0.8329663052109055,4.25790408265993,0.796015416174551,0.8797931999896943,xgboost,0-1-0,0-2-3
12,"[[245812  11963]
 [ 76064  62130]]","(array([0.        , 0.04640869, 1.        ]), array([0.        , 0.44958537, 1.        ]), array([2, 1, 0]))",0.44958536550067296,0.4927509879079271,0.7776921930757206,0.83854075283765,0.7015883378759306,7.678263791607073,0.5853396581043587,0.7148511388373687,xgboost,0-1-0,0-3-0
13,"[[162064   2684]
 [ 35412  52892]]","(array([0.        , 0.01629155, 1.        ]), array([0.        , 0.59897626, 1.        ]), array([2, 1, 0]))",0.5989762638159086,0.6708618357970064,0.8494538671893523,0.9517057722758026,0.791342357755916,5.199687699208146,0.7352237976091188,0.8514268788955854,xgboost,0-1-0,0-3-1
14,"[[95383  3247]
 [34558 18340]]","(array([0.        , 0.03292102, 1.        ]), array([0.        , 0.34670498, 1.        ]), array([2, 1, 0]))",0.346704979394306,0.4279427135368277,0.7505081569082942,0.8495853986195395,0.656891980724224,8.617160114978448,0.49244814392159497,0.6585467446102582,xgboost,0-1-0,0-3-2
15,"[[262780    224]
 [ 75879  65387]]","(array([0.       , 0.0008517, 1.       ]), array([0.        , 0.46286438, 1.        ]), array([2, 1, 0]))",0.46286438350346154,0.5974261959746026,0.8117520468993494,0.9965859383335112,0.7310063427152143,6.501854401988058,0.6321340700029485,0.8098263605063041,xgboost,0-1-0,0-3-3
16,"[[ 26573   6802]
 [ 96690 107581]]","(array([0.        , 0.20380524, 1.        ]), array([0.        , 0.52665821, 1.        ]), array([2, 1, 0]))",0.5266582138433747,0.22450275402692202,0.5645119210927177,0.9405331211805951,0.661426485198841,15.041248266429127,0.6752214000138081,0.8127871889368892,xgboost,0-1-0,1-0-0
17,"[[ 43394  18905]
 [158540 222973]]","(array([0.        , 0.30345591, 1.        ]), array([0.        , 0.58444404, 1.        ]), array([2, 1, 0]))",0.5844440425359031,0.1960109218908863,0.6001798058637441,0.9218407626985505,0.6404940641578856,13.809334343785979,0.7153552104537922,0.8264227868275237,xgboost,0-1-0,1-0-1
18,"[[13215  5629]
 [47858 66941]]","(array([0.        , 0.29871577, 1.        ]), array([0.        , 0.58311484, 1.        ]), array([2, 1, 0]))",0.5831148354950827,0.19869208835430577,0.599777017875983,0.9224335124707179,0.6421995319483479,13.823245766471286,0.7145365562072701,0.8262709249306927,xgboost,0-1-0,1-0-2
19,"[[ 21554   1390]
 [105024  32925]]","(array([0.        , 0.06058229, 1.        ]), array([0.        , 0.23867516, 1.        ]), array([2, 1, 0]))",0.23867516256007654,0.15202649208172803,0.33860391688886404,0.959492933119627,0.5890464376259239,22.843818330992978,0.3822621093205777,0.5981817455097762,xgboost,0-1-0,1-0-3
20,"[[ 35117   2287]
 [173101  53735]]","(array([0.        , 0.06114319, 1.        ]), array([0.        , 0.23688921, 1.        ]), array([2, 1, 0]))",0.23688920629882382,0.1498863403494679,0.3362549197699061,0.9591767519902895,0.5878730065287298,22.924949829813492,0.379943293101132,0.5958321136155982,xgboost,0-1-0,1-1-0
21,"[[ 23614   7743]
 [104808  87342]]","(array([0.        , 0.24693051, 1.        ]), array([0.        , 0.45455113, 1.        ]), array([2, 1, 0]))",0.4545511319281811,0.14584186694951934,0.4964318790910352,0.9185675974128411,0.6038103109970976,17.39265442830199,0.6081570839208315,0.7628255515380182,xgboost,0-1-0,1-1-1
22,"[[15650  5108]
 [60057 66829]]","(array([0.       , 0.2460738, 1.       ]), array([0.        , 0.52668537, 1.        ]), array([2, 1, 0]))",0.5266853711205334,0.1951466041963427,0.5586342824632223,0.9289934248022576,0.6403057841246756,15.244259489840616,0.672246168702816,0.805879402075083,xgboost,0-1-0,1-1-2
23,"[[  1049  23514]
 [ 26853 124212]]","(array([0.        , 0.95729349, 1.        ]), array([0.        , 0.82224208, 1.        ]), array([2, 1, 0]))",0.8222420812233144,-0.12813731358031333,0.7132177101601112,0.8408269363551439,0.4324742955072319,9.905216437108205,0.8314306655822966,0.8370430570549443,xgboost,0-1-0,1-1-3
24,"[[ 27385   1705]
 [122815  54963]]","(array([0.        , 0.05861121, 1.        ]), array([0.        , 0.30916649, 1.        ]), array([2, 1, 0]))",0.30916648854188933,0.19530372303235358,0.3980702670301835,0.9699124726477024,0.6252776409708416,20.7899230427514,0.46887556196309604,0.6794783038694523,xgboost,0-1-0,1-2-0
25,"[[  1617  39608]
 [ 44019 204961]]","(array([0.        , 0.96077623, 1.        ]), array([0.        , 0.82320267, 1.        ]), array([2, 1, 0]))",0.823202666880874,-0.13192984527560309,0.7118347375131373,0.838049793718746,0.43121321943194696,9.95298469713551,0.8305598836184451,0.835037677550568,xgboost,0-1-0,1-2-1
26,"[[  2383  58488]
 [ 38507 328362]]","(array([0.        , 0.96085164, 1.        ]), array([0.        , 0.89503883, 1.        ]), array([2, 1, 0]))",0.8950388285736871,-0.07819721656683545,0.7732384158601019,0.848809616130283,0.46709359575256615,7.832176984333612,0.8713114569222749,0.8576694289047151,xgboost,0-1-0,1-2-2
27,"[[ 49294  16411]
 [189317 209267]]","(array([0.       , 0.2497679, 1.       ]), array([0.        , 0.52502609, 1.        ]), array([2, 1, 0]))",0.5250260923669791,0.191959472668153,0.5568966742696898,0.9272813477609692,0.6376290951904144,15.304274950226283,0.670446062710849,0.804071479509658,xgboost,0-1-0,1-2-3
28,"[[   750  35467]
 [  2985 216934]]","(array([0.        , 0.97929149, 1.        ]), array([0.        , 0.98642682, 1.        ]), array([2, 1, 0]))",0.9864268207840159,0.020740093303830778,0.849876628041353,0.8594815392965955,0.503567663919357,5.185188295511613,0.9185890921409214,0.8821876451274193,xgboost,0-1-0,1-3-0
29,"[[11862   768]
 [55495 21084]]","(array([0.       , 0.0608076, 1.       ]), array([0.        , 0.27532352, 1.        ]), array([2, 1, 0]))",0.2753235221144178,0.17389179376732508,0.36931251331143716,0.9648544755628775,0.6072579605821494,21.783180961536235,0.4284016214403999,0.6428558361333521,xgboost,0-1-0,1-3-1
30,"[[ 66190   4120]
 [327211 102060]]","(array([0.        , 0.05859764, 1.        ]), array([0.        , 0.23775191, 1.        ]), array([2, 1, 0]))",0.23775190963284265,0.15228684837589462,0.3367822235032958,0.9611979657185911,0.5895771353028386,22.906737077758283,0.38121135267279355,0.5975472809432417,xgboost,0-1-0,1-3-2
31,"[[ 52600   3335]
 [259861  81133]]","(array([0.        , 0.05962278, 1.        ]), array([0.        , 0.23793087, 1.        ]), array([2, 1, 0]))",0.23793087268397684,0.15158011711326955,0.3369191971360117,0.9605175924610503,0.5891540481235206,22.902006300099856,0.3813877620092981,0.5975627001499559,xgboost,0-1-0,1-3-3
32,"[[ 94017  97855]
 [ 49387 142455]]","(array([0.        , 0.51000146, 1.        ]), array([0.        , 0.74256419, 1.        ]), array([2, 1, 0]))",0.7425641934508606,0.24035392476178086,0.6162714938730408,0.5927968041280013,0.6162813670723282,13.25371698334168,0.659281919324682,0.6177140914522992,xgboost,0-1-0,2-0-0
33,"[[ 85980 118412]
 [ 60618 143952]]","(array([0.        , 0.57933774, 1.        ]), array([0.        , 0.70368089, 1.        ]), array([2, 1, 0]))",0.7036808916263382,0.12964585453441343,0.5622331659176159,0.5486728362122852,0.5621715742330682,15.12016231315321,0.6165839283496168,0.573959391591562,xgboost,0-1-0,2-0-1
34,"[[49952 51848]
 [30720 71717]]","(array([0.        , 0.50931238, 1.        ]), array([0.        , 0.70010836, 1.        ]), array([2, 1, 0]))",0.700108359284243,0.19514722975645202,0.5957245748811429,0.5803989802937725,0.5953979910370134,13.963381497488438,0.6346581003707931,0.6009498958432838,xgboost,0-1-0,2-0-2
35,"[[122128 126548]
 [ 63479 184874]]","(array([0.        , 0.50888707, 1.        ]), array([0.        , 0.74440011, 1.        ]), array([2, 1, 0]))",0.7444001079109172,0.2434415942501768,0.6176742202165266,0.5936446365382022,0.6177565210049527,13.205268202562204,0.6605296771024073,0.6187045737031313,xgboost,0-1-0,2-0-3
36,"[[33429  4938]
 [32945  5706]]","(array([0.        , 0.12870436, 1.        ]), array([0.        , 0.14762878, 1.        ]), array([2, 1, 0]))",0.1476287806266332,0.027417670956610483,0.5081279700849152,0.536076662908681,0.5094622126606463,16.988709322243,0.23150420935186125,0.35123788887931356,xgboost,0-1-0,2-1-0
37,"[[116554 101740]
 [ 99209 119060]]","(array([0.       , 0.4660687, 1.       ]), array([0.       , 0.5454737, 1.       ]), array([2, 1, 0]))",0.5454737044655906,0.07941029379723052,0.5397021735694505,0.5392210144927536,0.5397025040601474,15.898310046484593,0.5423293377578466,0.540460058340271,xgboost,0-1-0,2-1-1
38,"[[32301 33626]
 [19737 46034]]","(array([0.        , 0.51004899, 1.        ]), array([0.        , 0.69991334, 1.        ]), array([2, 1, 0]))",0.6999133356646546,0.1941832827004243,0.5948078178863764,0.5778809942254582,0.5949321710404212,13.995046333466007,0.6330699782027216,0.5987601811602686,xgboost,0-1-0,2-1-2
39,"[[ 85489  89313]
 [ 52342 122814]]","(array([0.        , 0.51093809, 1.        ]), array([0.        , 0.70116924, 1.        ]), array([2, 1, 0]))",0.7011692434172966,0.19466860679779804,0.5952228553140663,0.5789644882546776,0.5951155767320462,13.980711355838,0.6342338806505836,0.5998745682176964,xgboost,0-1-0,2-1-3
40,"[[104507  94258]
 [ 88003 110999]]","(array([0.       , 0.4742183, 1.       ]), array([0.        , 0.55777831, 1.        ]), array([2, 1, 0]))",0.5577783137857911,0.08360294091756382,0.541789540107651,0.5407805823918307,0.5417800078978511,15.826218094933443,0.5491479472318488,0.5440967422526788,xgboost,0-1-0,2-2-0
41,"[[ 80030  83332]
 [ 41433 122071]]","(array([0.        , 0.51010639, 1.        ]), array([0.        , 0.74659336, 1.        ]), array([2, 1, 0]))",0.7465933555142382,0.24469299035653297,0.6182992418911726,0.5942999858814136,0.6182434830117071,13.183680985370414,0.6617982309904665,0.6195767808055093,xgboost,0-1-0,2-2-1
42,"[[105647 111746]
 [ 65407 151494]]","(array([0.        , 0.51402759, 1.        ]), array([0.        , 0.69844768, 1.        ]), array([2, 1, 0]))",0.6984476788949797,0.18872056254829753,0.5920896903940649,0.5754976447348428,0.592210044155093,14.088928713042426,0.6310396321080683,0.5964983569067795,xgboost,0-1-0,2-2-2
43,"[[ 87587 121985]
 [ 53980 156635]]","(array([0.        , 0.58206726, 1.        ]), array([0.        , 0.74370297, 1.        ]), array([2, 1, 0]))",0.7437029651259407,0.1709863413105469,0.581222170129014,0.5621814657957074,0.5808178521161549,14.46430595716426,0.6403262235939784,0.5910330957403055,xgboost,0-1-0,2-2-3
44,"[[29043 31194]
 [15581 44462]]","(array([0.        , 0.51785447, 1.        ]), array([0.        , 0.74050264, 1.        ]), array([2, 1, 0]))",0.740502639774828,0.23044964447138147,0.6111157299634187,0.5876863698847414,0.6113240824751922,13.431794217776726,0.6553032815274983,0.6129865689461682,xgboost,0-1-0,2-3-0
45,"[[21311 17298]
 [12340 26208]]","(array([0.        , 0.44803025, 1.        ]), array([0.        , 0.67987963, 1.        ]), array([2, 1, 0]))",0.6798796305904327,0.23376396928486315,0.6158741267804606,0.6023996690111709,0.6159246892883268,13.267416906161596,0.6387988397884321,0.6164499557796888,xgboost,0-1-0,2-3-1
46,"[[103573 107557]
 [ 54606 157571]]","(array([0.        , 0.50943495, 1.        ]), array([0.       , 0.7426394, 1.       ]), array([2, 1, 0]))",0.7426394001234818,0.24102314985863096,0.6169139655143903,0.5943204791647808,0.6166022274145567,13.231526052790764,0.6602528781387164,0.6190475442154367,xgboost,0-1-0,2-3-2
47,"[[103727 107697]
 [ 63560 147611]]","(array([0.        , 0.50938872, 1.        ]), array([0.       , 0.6990117, 1.       ]), array([2, 1, 0]))",0.6990117014173348,0.1938750626901029,0.5947491096676487,0.5781683300170775,0.5948114924522727,13.997073659905247,0.6328730768158909,0.5988747187405419,xgboost,0-1-0,2-3-3
48,"[[57193 16718]
 [33673  2922]]","(array([0.        , 0.22619096, 1.        ]), array([0.        , 0.07984697, 1.        ]), array([2, 1, 0]))",0.07984697363027736,-0.1801643449665691,0.5439976109894485,0.14877800407331976,0.4268280071165823,15.7498855173998,0.10392104561216324,0.12687247622769313,xgboost,0-1-0,3-0-0
49,"[[159145  98769]
 [ 59135  70500]]","(array([0.        , 0.38295323, 1.        ]), array([0.        , 0.54383461, 1.        ]), array([2, 1, 0]))",0.5438346125660508,0.15304131575332705,0.5925573282346233,0.41649681867323607,0.5804406900466055,14.072775115664237,0.47172336268500925,0.43695945636045624,xgboost,0-1-0,3-0-1
50,"[[49902 31003]
 [18250 22107]]","(array([0.        , 0.38320252, 1.        ]), array([0.        , 0.54778601, 1.        ]), array([2, 1, 0]))",0.5477860098619818,0.15631689802216098,0.5938298890006762,0.4162492939182828,0.5822917441930884,14.028823074810447,0.4730439620400783,0.43724806860840915,xgboost,0-1-0,3-0-2
51,"[[121310  75850]
 [ 44699  53780]]","(array([0.        , 0.38471292, 1.        ]), array([0.        , 0.54610628, 1.        ]), array([2, 1, 0]))",0.5461062764650332,0.15330216444061126,0.5922425661025779,0.4148731003625704,0.5806966764755679,14.083647979783345,0.4715289620313096,0.43581918285118776,xgboost,0-1-0,3-0-3
52,"[[144053  91951]
 [ 53862  64432]]","(array([0.        , 0.38961628, 1.        ]), array([0.        , 0.54467682, 1.        ]), array([2, 1, 0]))",0.5446768221549698,0.14726794263796167,0.5884453200413211,0.4120140936035247,0.5775302722323806,14.214802584983303,0.46914739858087867,0.43311204502128187,xgboost,0-1-0,3-1-0
53,"[[117433  94700]
 [ 62828  43811]]","(array([0.        , 0.44641805, 1.        ]), array([0.        , 0.41083469, 1.        ]), array([2, 1, 0]))",0.4108346852464858,-0.033870072744186255,0.5058286173189616,0.3162997884644541,0.48220831809617726,17.06831242961782,0.35742198653885376,0.3315584024411102,xgboost,0-1-0,3-1-1
54,"[[78797 49374]
 [28976 34578]]","(array([0.        , 0.38521975, 1.        ]), array([0.        , 0.54407276, 1.        ]), array([2, 1, 0]))",0.5440727570255216,0.15072707601039148,0.5913417655496154,0.4118782161234991,0.5794265057646353,14.114761298029833,0.4688351660271446,0.4329155002228554,xgboost,0-1-0,3-1-2
55,"[[180535 112394]
 [ 66919  79802]]","(array([0.        , 0.38369025, 1.        ]), array([0.        , 0.54390305, 1.        ]), array([2, 1, 0]))",0.543903054095869,0.15230183824237833,0.5921460252473558,0.41521155487106914,0.5801064041683288,14.086981648252443,0.47092355945555986,0.4358359593885342,xgboost,0-1-0,3-1-3
56,"[[42893 26534]
 [15892 18632]]","(array([0.        , 0.38218561, 1.        ]), array([0.        , 0.53968254, 1.        ]), array([2, 1, 0]))",0.5396825396825397,0.14964347436006337,0.5918653981202682,0.41252269406190495,0.5787484673292788,14.096673854495805,0.4676119964863847,0.43292376898340057,xgboost,0-1-0,3-2-0
57,"[[44797 27889]
 [16619 19824]]","(array([0.        , 0.38369149, 1.        ]), array([0.        , 0.54397278, 1.        ]), array([2, 1, 0]))",0.54397277940894,0.15238988234042677,0.592152406784631,0.4154842495755874,0.5801406422427855,14.086761170334334,0.4711250534721232,0.43608526364416283,xgboost,0-1-0,3-2-1
58,"[[162768 101621]
 [ 60018  71454]]","(array([0.        , 0.38436168, 1.        ]), array([0.        , 0.54349215, 1.        ]), array([2, 1, 0]))",0.5434921504198612,0.1510882032582932,0.5916773817072154,0.41284992055467284,0.5795652356137295,14.103168873891144,0.46924776799640117,0.4337001014843913,xgboost,0-1-0,3-2-2
59,"[[131079  81595]
 [ 48270  57851]]","(array([0.        , 0.38366232, 1.        ]), array([0.        , 0.54514187, 1.        ]), array([2, 1, 0]))",0.5451418663600984,0.15339912418826146,0.5926379021000957,0.41486310112875235,0.5807397737529448,14.069993066633392,0.47116265622009473,0.4356873347843441,xgboost,0-1-0,3-2-3
60,"[[42257 26177]
 [15435 18874]]","(array([0.        , 0.38251454, 1.        ]), array([0.        , 0.55011804, 1.        ]), array([2, 1, 0]))",0.5501180448278877,0.15929900926297053,0.5949894396698558,0.41894741515171696,0.5838017526357634,13.98877290333116,0.47565524193548386,0.4399267177280631,xgboost,0-1-0,3-3-0
61,"[[138247  86719]
 [ 51742  60823]]","(array([0.        , 0.38547603, 1.        ]), array([0.        , 0.54033669, 1.        ]), array([2, 1, 0]))",0.540336694354373,0.14719030140703063,0.5897828643887525,0.4122419378888723,0.5774303334328874,14.168603354077923,0.4676767637933619,0.43276037983131577,xgboost,0-1-0,3-3-1
62,"[[101632  63211]
 [ 37265  45036]]","(array([0.        , 0.38346184, 1.        ]), array([0.        , 0.54721085, 1.        ]), array([2, 1, 0]))",0.5472108479848361,0.15554717311936322,0.5934515909753019,0.4160484817131191,0.5818745042688023,14.041889102742552,0.47269979217834873,0.43699749072850375,xgboost,0-1-0,3-3-2
63,"[[64752 40634]
 [24027 28629]]","(array([0.        , 0.38557304, 1.        ]), array([0.        , 0.54369872, 1.        ]), array([2, 1, 0]))",0.5436987237921604,0.15021456558482463,0.5908619227800205,0.41333756839871216,0.5790628437627419,14.131334147336139,0.4696396788031398,0.43415689033933064,xgboost,0-1-0,3-3-3
64,"[[ 57883 197497]
 [  9665 127974]]","(array([0.       , 0.7733456, 1.       ]), array([0.        , 0.92978008, 1.        ]), array([2, 1, 0]))",0.9297800768677482,0.19780363397546338,0.472895712421028,0.393196321638487,0.5782172371181877,18.205938933273348,0.5526721513247392,0.4445014077579865,xgboost,1-2-0,0-0-0
65,"[[ 41930 143589]
 [  7024  92881]]","(array([0.        , 0.77398541, 1.        ]), array([0.        , 0.92969321, 1.        ]), array([2, 1, 0]))",0.9296932085481208,0.19702259987396586,0.47231837546947697,0.3927813253266799,0.5778538973276021,18.225879892938526,0.5522467484206615,0.4440731125422529,xgboost,1-2-0,0-0-1
66,"[[ 66239 226241]
 [ 11028 146163]]","(array([0.        , 0.77352639, 1.        ]), array([0.        , 0.92984331, 1.        ]), array([2, 1, 0]))",0.9298433116399794,0.19758943150782038,0.4723497846203113,0.3924850431252081,0.578158458336401,18.224795101677152,0.5519802868229496,0.4437769574698189,xgboost,1-2-0,0-0-2
67,"[[18035 61379]
 [ 3026 39912]]","(array([0.        , 0.77289899, 1.        ]), array([0.        , 0.92952629, 1.        ]), array([2, 1, 0]))",0.9295262937258373,0.19802134392160672,0.4736089316071662,0.39403303353703684,0.5783136543301158,18.1813045328633,0.5534531890257853,0.4453450330505108,xgboost,1-2-0,0-0-3
68,"[[ 60461 206499]
 [ 10055 133445]]","(array([0.        , 0.77352038, 1.        ]), array([0.        , 0.92993031, 1.        ]), array([2, 1, 0]))",0.9299303135888501,0.1977269471371465,0.4724114408224918,0.39254994940343113,0.5782049680020966,18.222665544738163,0.5520598042379261,0.44384730415439344,xgboost,1-2-0,0-1-0
69,"[[29138 99266]
 [ 4827 64010]]","(array([0.        , 0.77307561, 1.        ]), array([0.        , 0.92987783, 1.        ]), array([2, 1, 0]))",0.9298778273312317,0.1979591004150662,0.472254754336066,0.3920355716700556,0.578401111104948,18.228077448978368,0.5515417059794152,0.443318775356989,xgboost,1-2-0,0-1-1
70,"[[ 71474 244290]
 [ 11915 157837]]","(array([0.        , 0.77364741, 1.        ]), array([0.        , 0.92980937, 1.        ]), array([2, 1, 0]))",0.9298093689617796,0.19743675869365165,0.4723036933901251,0.39250535278655746,0.5780809807021182,18.22638706018815,0.55199439042175,0.44379618278541944,xgboost,1-2-0,0-1-2
71,"[[ 71257 243569]
 [ 11842 157466]]","(array([0.        , 0.77366228, 1.        ]), array([0.        , 0.93005647, 1.        ]), array([2, 1, 0]))",0.930056465140454,0.19779058198308347,0.47243738303858024,0.3926490206590447,0.578197094100088,18.221769540968012,0.5521800039625278,0.44395437588246167,xgboost,1-2-0,0-1-3
72,"[[11192 38075]
 [ 1892 25094]]","(array([0.        , 0.77282968, 1.        ]), array([0.        , 0.92988957, 1.        ]), array([2, 1, 0]))",0.929889572370859,0.19920045910043283,0.47586324472479774,0.397251816555589,0.578529944607903,18.10344144948461,0.5566857079474239,0.44864872596205424,xgboost,1-2-0,0-2-0
73,"[[28645 98614]
 [ 4765 63944]]","(array([0.        , 0.77490787, 1.        ]), array([0.        , 0.93064955, 1.        ]), array([2, 1, 0]))",0.9306495510049629,0.19761209720612813,0.472469995101241,0.3933611387935383,0.577870842971187,18.22064325007375,0.5529885370588972,0.4447096493314472,xgboost,1-2-0,0-2-1
74,"[[24654 83535]
 [ 4014 54023]]","(array([0.        , 0.77212101, 1.        ]), array([0.        , 0.93083722, 1.        ]), array([2, 1, 0]))",0.9308372245291796,0.2002735988774661,0.47331344073730947,0.39272888527021327,0.5793581070376259,18.191511129241917,0.5523965336537232,0.44407161962881553,xgboost,1-2-0,0-2-2
75,"[[ 62673 214103]
 [ 10539 138582]]","(array([0.        , 0.77356057, 1.        ]), array([0.        , 0.92932585, 1.        ]), array([2, 1, 0]))",0.9293258494779407,0.19693352281597357,0.4725438310201762,0.39293420474360974,0.5778826403212463,18.218092644733634,0.5523329733004388,0.444212657409859,xgboost,1-2-0,0-2-3
76,"[[ 58376 199399]
 [  9746 128448]]","(array([0.        , 0.77353894, 1.        ]), array([0.        , 0.92947595, 1.        ]), array([2, 1, 0]))",0.9294759540935207,0.19694044114946588,0.4718147127679187,0.3917925129709895,0.5779685075481665,18.243276185867018,0.5512304711388054,0.44305185908765415,xgboost,1-2-0,0-3-0
77,"[[ 37073 127675]
 [  6169  82135]]","(array([0.        , 0.77497147, 1.        ]), array([0.        , 0.93013907, 1.        ]), array([2, 1, 0]))",0.9301390650480159,0.1964876734775665,0.471081042631554,0.3914732376912445,0.5775837967335887,18.26861702892025,0.5510308137155585,0.44275527629956096,xgboost,1-2-0,0-3-1
78,"[[22225 76405]
 [ 3731 49167]]","(array([0.        , 0.77466288, 1.        ]), array([0.        , 0.92946803, 1.        ]), array([2, 1, 0]))",0.9294680328178759,0.19585932911682166,0.4711472467134787,0.3915442933137961,0.5774025756708258,18.266330172801176,0.5509833585476551,0.442797548929548,xgboost,1-2-0,0-3-2
79,"[[ 59470 203534]
 [  9845 131421]]","(array([0.        , 0.77388177, 1.        ]), array([0.        , 0.93030878, 1.        ]), array([2, 1, 0]))",0.9303087791825351,0.19788136950915566,0.47218690479135234,0.39235419683241035,0.5782135065628725,18.230421039485996,0.551932821106167,0.4436643111878717,xgboost,1-2-0,0-3-3
80,"[[ 18916  14459]
 [ 55861 148410]]","(array([0.        , 0.43322846, 1.        ]), array([0.        , 0.72653485, 1.        ]), array([2, 1, 0]))",0.7265348483142492,0.21944832816092322,0.7040976915243682,0.9112231302457804,0.6466531919473867,10.220152316762592,0.8084654355286811,0.8671371328207986,xgboost,1-2-0,1-0-0
81,"[[ 47600  14699]
 [103265 278248]]","(array([0.        , 0.23594279, 1.        ]), array([0.       , 0.7293277, 1.       ]), array([2, 1, 0]))",0.7293277031188976,0.36181977225357853,0.734202770542482,0.9498236882439486,0.7466924555498821,9.18033755719059,0.8250985973964357,0.8956667123757727,xgboost,1-2-0,1-0-1
82,"[[  3411  15433]
 [  1094 113705]]","(array([0.        , 0.81898748, 1.        ]), array([0.       , 0.9904703, 1.       ]), array([2, 1, 0]))",0.9904703002639396,0.3306753347499647,0.876334712629917,0.8804921866530379,0.5857414120721098,4.271340045238652,0.9322489003308231,0.9004895850327314,xgboost,1-2-0,1-0-2
83,"[[  4175  18769]
 [  1228 136721]]","(array([0.        , 0.81803522, 1.        ]), array([0.        , 0.99109816, 1.        ]), array([2, 1, 0]))",0.9910981594647297,0.3359148591647628,0.8757124300000622,0.8792912727506592,0.586531471643104,4.292833866067488,0.9318529575141682,0.8995879769814545,xgboost,1-2-0,1-0-3
84,"[[ 23400  14004]
 [ 61262 165574]]","(array([0.        , 0.37439846, 1.        ]), array([0.        , 0.72992823, 1.        ]), array([2, 1, 0]))",0.7299282300869351,0.2655951616338734,0.7151604601877082,0.9220171735958748,0.6777648850145936,9.83805155049107,0.8148046081089727,0.8759157296000203,xgboost,1-2-0,1-1-0
85,"[[  5538  25819]
 [  8292 183858]]","(array([0.        , 0.82338872, 1.        ]), array([0.        , 0.95684621, 1.        ]), array([2, 1, 0]))",0.9568462138953943,0.19237291913253926,0.8473828560179323,0.8768629844951997,0.5667287484312574,5.27130177763045,0.9151102340061769,0.8917717086155417,xgboost,1-2-0,1-1-1
86,"[[17566  3192]
 [34848 92038]]","(array([0.        , 0.15377204, 1.        ]), array([0.        , 0.72535977, 1.        ]), array([2, 1, 0]))",0.7253597717636303,0.4152139745657511,0.7423532280350031,0.9664811508978263,0.7857938660340457,8.898821532723304,0.8287381368294043,0.9062319074607232,xgboost,1-2-0,1-1-2
87,"[[ 18499   6064]
 [ 41911 109154]]","(array([0.        , 0.24687538, 1.        ]), array([0.        , 0.72256314, 1.        ]), array([2, 1, 0]))",0.7225631350743058,0.34732018065934434,0.7268374063361195,0.9473693346525717,0.7378438767013429,9.434729350130143,0.8198345369400225,0.8918728561927127,xgboost,1-2-0,1-1-3
88,"[[ 29052     38]
 [  1290 176488]]","(array([0.        , 0.00130629, 1.        ]), array([0.        , 0.99274376, 1.        ]), array([2, 1, 0]))",0.9927437590703012,0.974203653893582,0.9935804474350793,0.9997847342601089,0.9957187341243565,0.22172363747483384,0.9962518063583815,0.9983685605092082,xgboost,1-2-0,1-2-0
89,"[[ 35086   6139]
 [ 68519 180461]]","(array([0.        , 0.14891449, 1.        ]), array([0.        , 0.72480119, 1.        ]), array([2, 1, 0]))",0.72480118885051,0.41961734474325574,0.7427404765596733,0.9671007502679528,0.7879433476090028,8.885446070260214,0.8286009458652831,0.9064929976491389,xgboost,1-2-0,1-2-1
90,"[[ 45157  15714]
 [100392 266477]]","(array([0.        , 0.25815249, 1.        ]), array([0.        , 0.72635464, 1.        ]), array([2, 1, 0]))",0.7263546388492895,0.3452374815791508,0.7285594052461776,0.9443143119376592,0.734101076221806,9.375255381730764,0.8211166918312637,0.8908502286322916,xgboost,1-2-0,1-2-2
91,"[[ 51922  13783]
 [126569 272015]]","(array([0.        , 0.20977095, 1.        ]), array([0.        , 0.68245338, 1.        ]), array([2, 1, 0]))",0.6824533849828393,0.33868101628612557,0.6977055239301383,0.9517736303263143,0.7363412195441552,10.440905051444007,0.7949215496608619,0.882148249810608,xgboost,1-2-0,1-2-3
92,"[[  6578  29639]
 [ 10778 209141]]","(array([0.        , 0.81837259, 1.        ]), array([0.        , 0.95099105, 1.        ]), array([2, 1, 0]))",0.950991046703559,0.18385176178356666,0.842204922384983,0.8758731887092721,0.5663092296223154,5.450141428074688,0.911887752098871,0.8899321639537071,xgboost,1-2-0,1-3-0
93,"[[ 9283  3347]
 [21556 55023]]","(array([0.        , 0.26500396, 1.        ]), array([0.        , 0.71851291, 1.        ]), array([2, 1, 0]))",0.7185129082385511,0.3324278434992854,0.7208465513569259,0.9426589001199246,0.7267544747051822,9.641648542356261,0.8154636195896228,0.8872988689249466,xgboost,1-2-0,1-3-1
94,"[[ 35032  35278]
 [ 67491 361780]]","(array([0.       , 0.5017494, 1.       ]), array([0.        , 0.84277764, 1.        ]), array([2, 1, 0]))",0.8427776393001157,0.2936479979456866,0.7942896146971162,0.9111515194253736,0.6705141218830262,7.105041463800101,0.8756318609173828,0.8966033755587973,xgboost,1-2-0,1-3-2
95,"[[ 39078  16857]
 [ 93983 247011]]","(array([0.        , 0.30136766, 1.        ]), array([0.        , 0.72438518, 1.        ]), array([2, 1, 0]))",0.724385179797885,0.31178469421121563,0.7207561049961076,0.9361157851653099,0.711508760454051,9.644776406928646,0.816751589618789,0.8844146581442011,xgboost,1-2-0,1-3-3
96,"[[ 93937  97935]
 [   415 191427]]","(array([0.       , 0.5104184, 1.       ]), array([0.        , 0.99783676, 1.        ]), array([2, 1, 0]))",0.9978367615016523,0.5659567264363032,0.743689310267543,0.6615485101706513,0.7437091787828476,8.852861680871149,0.7956168277902926,0.7093619607349051,xgboost,1-2-0,2-0-0
97,"[[102948 101444]
 [  2235 202335]]","(array([0.       , 0.4963208, 1.       ]), array([0.        , 0.98907464, 1.        ]), array([2, 1, 0]))",0.9890746443760082,0.5636782711113587,0.7464825582816985,0.6660598658893472,0.7463769245207764,8.75638057376884,0.7960475972215938,0.712604759080529,xgboost,1-2-0,2-0-1
98,"[[ 49934  51866]
 [   224 102213]]","(array([0.        , 0.50948919, 1.        ]), array([0.        , 0.99781329, 1.        ]), array([2, 1, 0]))",0.9978132901197809,0.567242337304533,0.7449531671538457,0.663380473653126,0.7441620478103816,8.809208587725104,0.7969327449359883,0.7110439886859603,xgboost,1-2-0,2-0-2
99,"[[121547 127129]
 [   563 247790]]","(array([0.        , 0.51122344, 1.        ]), array([0.        , 0.99773307, 1.        ]), array([2, 1, 0]))",0.9977330654350863,0.565065430365317,0.7430894374372522,0.6609160912090345,0.7432548130501848,8.873580993142527,0.7951263653749887,0.7087697057657509,xgboost,1-2-0,2-0-3
100,"[[18019 20348]
 [   70 38581]]","(array([0.       , 0.5303516, 1.       ]), array([0.        , 0.99818892, 1.        ]), array([2, 1, 0]))",0.998188921373315,0.5518008101439231,0.7348931418629411,0.654703117310662,0.7339186585650426,9.156677745978811,0.7907563025210085,0.7030911151851352,xgboost,1-2-0,2-1-0
101,"[[106774 111520]
 [  2321 215948]]","(array([0.        , 0.51087066, 1.        ]), array([0.        , 0.98936633, 1.        ]), array([2, 1, 0]))",0.9893663323696906,0.5525964435011459,0.7392335126888903,0.6594476406855021,0.7392478358505256,9.006759653654665,0.7913995202817474,0.7065709250651608,xgboost,1-2-0,2-1-1
102,"[[32062 33865]
 [  142 65629]]","(array([0.        , 0.51367422, 1.        ]), array([0.        , 0.99784099, 1.        ]), array([2, 1, 0]))",0.9978409937510453,0.5632361370280703,0.7417804370605476,0.6596277162441956,0.7420833891654797,8.918793354710786,0.7942274528787099,0.7075948739291035,xgboost,1-2-0,2-1-2
103,"[[ 85456  89346]
 [   342 174814]]","(array([0.        , 0.51112687, 1.        ]), array([0.        , 0.99804745, 1.        ]), array([2, 1, 0]))",0.9980474548402567,0.5659417435626299,0.7437178175666794,0.6617731677771048,0.7434602899308548,8.851877134223958,0.7958462701108087,0.709589899626237,xgboost,1-2-0,2-1-3
104,"[[ 96786 101979]
 [  2260 196742]]","(array([0.        , 0.51306317, 1.        ]), array([0.        , 0.98864333, 1.        ]), array([2, 1, 0]))",0.9886433302177867,0.5498839740548258,0.737939547524053,0.6586145600744507,0.7377900825868196,9.051452369792939,0.7905682478004834,0.705732032605249,xgboost,1-2-0,2-2-0
105,"[[ 80095  83267]
 [   339 163165]]","(array([0.       , 0.5097085, 1.       ]), array([0.        , 0.99792666, 1.        ]), array([2, 1, 0]))",0.9979266562285938,0.5667418110485124,0.7442193437065954,0.6621096286196598,0.744109078043901,8.834554586136592,0.7960510909019944,0.709887124618876,xgboost,1-2-0,2-2-1
106,"[[112096 105297]
 [  2244 214657]]","(array([0.        , 0.48436242, 1.        ]), array([0.        , 0.98965427, 1.        ]), array([2, 1, 0]))",0.9896542662320598,0.5736578984860259,0.7523774217465587,0.6708995668127293,0.7526459221294756,8.552774727478843,0.7996833409393598,0.7170928104645033,xgboost,1-2-0,2-2-2
107,"[[102012 107560]
 [  2287 208328]]","(array([0.       , 0.5132365, 1.       ]), array([0.        , 0.98914132, 1.        ]), array([2, 1, 0]))",0.9891413242171735,0.5508390848951901,0.7385759197690552,0.6594995694676594,0.7379524115789358,9.029472533303853,0.791364911500979,0.7065956570727739,xgboost,1-2-0,2-2-3
108,"[[29361 30876]
 [  140 59903]]","(array([0.        , 0.51257533, 1.        ]), array([0.        , 0.99766834, 1.        ]), array([2, 1, 0]))",0.9976683376913212,0.5637373501803247,0.7421350182906551,0.6598772843939678,0.7425465051173872,8.906546200821454,0.7943536088899498,0.7078072308517603,xgboost,1-2-0,2-3-0
109,"[[19034 19575]
 [   86 38462]]","(array([0.        , 0.50700614, 1.        ]), array([0.        , 0.99776902, 1.        ]), array([2, 1, 0]))",0.9977690152537096,0.568356045414164,0.7451819018365151,0.6627151644640488,0.7453814383942925,8.801308174501795,0.7964383703473625,0.7104279339184917,xgboost,1-2-0,2-3-1
110,"[[103547 107583]
 [   447 211730]]","(array([0.        , 0.50955809, 1.        ]), array([0.        , 0.99789327, 1.        ]), array([2, 1, 0]))",0.9978932683561367,0.5671914733471546,0.7447951486746026,0.6630797994444323,0.7441675880927181,8.814666511615764,0.7967412369000358,0.7107757402333377,xgboost,1-2-0,2-3-2
111,"[[103126 108298]
 [   474 210697]]","(array([0.        , 0.51223135, 1.        ]), array([0.        , 0.99775537, 1.        ]), array([2, 1, 0]))",0.9977553736071715,0.5643300709264023,0.7426093541097268,0.6605025157134125,0.7427620140322826,8.890162876583302,0.7948340708381904,0.7083914141872616,xgboost,1-2-0,2-3-3
112,"[[ 7306 66605]
 [ 2010 34585]]","(array([0.        , 0.90115138, 1.        ]), array([0.        , 0.94507446, 1.        ]), array([2, 1, 0]))",0.9450744637245525,0.07440029421586442,0.3790834886793477,0.34178278486016406,0.5219615394754867,21.446178483735135,0.5020140073302609,0.39180478299781357,xgboost,1-2-0,3-0-0
113,"[[131271 126643]
 [ 12623 117012]]","(array([0.        , 0.49102802, 1.        ]), array([0.        , 0.90262661, 1.        ]), array([2, 1, 0]))",0.902626605469202,0.4019420697362008,0.640649311441908,0.4802363998276251,0.7057992941891169,12.411794371372348,0.626922767821265,0.5298232745153972,xgboost,1-2-0,3-0-1
114,"[[ 8097 72808]
 [ 4003 36354]]","(array([0.        , 0.89991966, 1.        ]), array([0.        , 0.90081027, 1.        ]), array([2, 1, 0]))",0.9008102683549323,0.0014002513907837128,0.36656990648348203,0.33302797676847257,0.5004453047478883,21.878380455205942,0.4862793357365954,0.381065187995933,xgboost,1-2-0,3-0-2
115,"[[ 20121 177039]
 [  9661  88818]]","(array([0.        , 0.89794583, 1.        ]), array([0.        , 0.90189787, 1.        ]), array([2, 1, 0]))",0.901897866550229,0.006188723861205199,0.3684865663867081,0.3340818560353874,0.5019760178764535,21.81218010093143,0.48756093276535944,0.3822078703372989,xgboost,1-2-0,3-0-3
116,"[[ 20519 215485]
 [  3156 115138]]","(array([0.        , 0.91305656, 1.        ]), array([0.        , 0.97332071, 1.        ]), array([2, 1, 0]))",0.9733207094189055,0.11381213192490011,0.38288954495932803,0.34824558485041873,0.5301320755277439,21.314726334926853,0.5129589656885348,0.39956662543916993,xgboost,1-2-0,3-1-0
117,"[[ 18228 193905]
 [  2786 103853]]","(array([0.        , 0.91407278, 1.        ]), array([0.        , 0.97387447, 1.        ]), array([2, 1, 0]))",0.9738744736916137,0.11370762414427205,0.38297278305497345,0.348783240080871,0.5299008492964864,21.311851460702567,0.5136190426734125,0.4001515021912333,xgboost,1-2-0,3-1-1
118,"[[ 13102 115069]
 [  3641  59913]]","(array([0.        , 0.89777719, 1.        ]), array([0.        , 0.94271014, 1.        ]), array([2, 1, 0]))",0.9427101362620763,0.07492347592026043,0.38083192071978095,0.3423952177938302,0.5224664739872771,21.38578774138241,0.5023392695442197,0.3923668141488601,xgboost,1-2-0,3-1-2
119,"[[149131 143798]
 [ 14511 132210]]","(array([0.        , 0.49089711, 1.        ]), array([0.      , 0.901098, 1.      ]), array([2, 1, 0]))",0.9010980023309547,0.4001434371738976,0.6399203912202889,0.4790078548447871,0.7051004453720939,12.436970619386289,0.6255071215838043,0.5285216185769691,xgboost,1-2-0,3-1-3
120,"[[ 7016 62411]
 [ 1875 32649]]","(array([0.        , 0.89894421, 1.        ]), array([0.        , 0.94568995, 1.        ]), array([2, 1, 0]))",0.9456899548140424,0.07872135902327887,0.38157401083202663,0.34345676414895854,0.523372870013644,21.36015702589147,0.5039048030621065,0.39358526776673,xgboost,1-2-0,3-2-0
121,"[[36851 35835]
 [ 2055 34388]]","(array([0.        , 0.49301103, 1.        ]), array([0.        , 0.94361057, 1.        ]), array([2, 1, 0]))",0.9436105699311254,0.4436854684692376,0.6527962319823328,0.4896971077851986,0.7252997680847328,11.992255873114175,0.6447790298689366,0.5418248853735012,xgboost,1-2-0,3-2-1
122,"[[ 22654 241735]
 [  3464 128008]]","(array([0.        , 0.91431565, 1.        ]), array([0.        , 0.97365218, 1.        ]), array([2, 1, 0]))",0.973652184495558,0.11257464228917216,0.38059318801296416,0.3462080418020084,0.5296682679812627,21.394041655885506,0.5107907784084674,0.39743077064461724,xgboost,1-2-0,3-2-2
123,"[[ 21684 190990]
 [ 10420  95701]]","(array([0.        , 0.89804113, 1.        ]), array([0.       , 0.9018102, 1.       ]), array([2, 1, 0]))",0.9018101977930852,0.005902076350364264,0.36821468341724306,0.33381236243900225,0.5018845322076197,21.821570817648183,0.4872610816370171,0.3819225228173376,xgboost,1-2-0,3-2-3
124,"[[ 6864 61570]
 [ 3385 30924]]","(array([0.        , 0.89969898, 1.        ]), array([0.        , 0.90133784, 1.        ]), array([2, 1, 0]))",0.9013378413827275,0.0025791979617882615,0.3677914797115132,0.3343352001210889,0.5008194306717828,21.836187885745993,0.4877487125698919,0.3824529725317536,xgboost,1-2-0,3-3-0
125,"[[ 22858 202108]
 [ 11066 101499]]","(array([0.        , 0.89839354, 1.        ]), array([0.        , 0.90169236, 1.        ]), array([2, 1, 0]))",0.9016923555279172,0.0051726059964221065,0.3684313440839508,0.3343104737374303,0.5016494102524235,21.814087370481857,0.4877742856319021,0.3824398470828407,xgboost,1-2-0,3-3-1
126,"[[ 16584 148259]
 [  8022  74279]]","(array([0.        , 0.89939518, 1.        ]), array([0.        , 0.90252852, 1.        ]), array([2, 1, 0]))",0.9025285233472254,0.004931998195294226,0.367652057100314,0.33378119691917785,0.5015666706324402,21.84100387340352,0.4873326575667812,0.3819156298556331,xgboost,1-2-0,3-3-2
127,"[[10603 94783]
 [ 3023 49633]]","(array([0.        , 0.89938891, 1.        ]), array([0.        , 0.94258964, 1.        ]), array([2, 1, 0]))",0.9425896384077788,0.07254618560304371,0.3811391908480024,0.34368075559494793,0.5216003626347055,21.375174651825848,0.5037042299261184,0.3937127173499175,xgboost,1-2-0,3-3-3
128,"[[201486  53894]
 [ 81388  56251]]","(array([0.        , 0.21103454, 1.        ]), array([0.        , 0.40868504, 1.        ]), array([2, 1, 0]))",0.4086850383975472,0.20993420609019656,0.6557876336767433,0.5106995324345182,0.5988252508144052,11.888783600182716,0.4540325444742195,0.4864160465152477,xgboost,3-0-0,0-0-0
129,"[[146247  39272]
 [ 58910  40995]]","(array([0.        , 0.21168721, 1.        ]), array([0.        , 0.41033982, 1.        ]), array([2, 1, 0]))",0.4103398228316901,0.21075136670240072,0.6560135097258815,0.5107329288499632,0.5993263051005889,11.880982488492206,0.45506515995826213,0.4869077114209225,xgboost,3-0-0,0-0-1
130,"[[230669  61811]
 [ 93010  64181]]","(array([0.        , 0.21133411, 1.        ]), array([0.        , 0.40829946, 1.        ]), array([2, 1, 0]))",0.408299457348067,0.20913321243206442,0.6557016129570286,0.5094053590704172,0.5984826745164842,11.891754914489086,0.45328285949368424,0.48536736246500456,xgboost,3-0-0,0-0-2
131,"[[62600 16814]
 [25381 17557]]","(array([0.        , 0.21172589, 1.        ]), array([0.        , 0.40889189, 1.        ]), array([2, 1, 0]))",0.40889189063300574,0.20936830310038676,0.6551343664182032,0.5108085304471793,0.5985829992364665,11.911346887786447,0.45420326223337515,0.486553746217202,xgboost,3-0-0,0-0-3
132,"[[210788  56172]
 [ 85238  58262]]","(array([0.        , 0.21041355, 1.        ]), array([0.        , 0.40600697, 1.        ]), array([2, 1, 0]))",0.40600696864111496,0.2079987992673045,0.6554840910198314,0.509131901357988,0.5977967117703628,11.899267370733249,0.45175897710266966,0.48451855843628794,xgboost,3-0-0,0-1-0
133,"[[101358  27046]
 [ 40661  28176]]","(array([0.        , 0.21063207, 1.        ]), array([0.        , 0.40931476, 1.        ]), array([2, 1, 0]))",0.4093147580516292,0.2109264219046771,0.6567295846198306,0.5102314295027344,0.5993413452573962,11.856249761876661,0.4542354847290402,0.4862542065752006,xgboost,3-0-0,0-1-1
134,"[[249004  66760]
 [100437  69315]]","(array([0.        , 0.21142372, 1.        ]), array([0.        , 0.40833098, 1.        ]), array([2, 1, 0]))",0.4083309769546161,0.20906165061925466,0.6556302984865586,0.5093882050339886,0.5984536277205403,11.894218064954238,0.45329549058781593,0.48536381103897197,xgboost,3-0-0,0-1-2
135,"[[248338  66488]
 [100185  69123]]","(array([0.        , 0.21118967, 1.        ]), array([0.        , 0.40826777, 1.        ]), array([2, 1, 0]))",0.40826777234389394,0.209290357382384,0.6557296120495565,0.5097152885827846,0.5985390496590794,11.890787760625956,0.45338598119500584,0.4855834616551833,xgboost,3-0-0,0-1-3
136,"[[38947 10320]
 [16596 10390]]","(array([0.        , 0.20947084, 1.        ]), array([0.        , 0.38501445, 1.        ]), array([2, 1, 0]))",0.38501445193804196,0.1887242136664282,0.64701716653771,0.5016900048285853,0.5877718046931163,12.191703372862648,0.4356759476685676,0.473020960428314,xgboost,3-0-0,0-2-0
137,"[[100547  26712]
 [ 40924  27785]]","(array([0.        , 0.20990264, 1.        ]), array([0.        , 0.40438662, 1.        ]), array([2, 1, 0]))",0.40438661601827997,0.2071165881475732,0.6548620182887002,0.5098445786006569,0.5972419882596528,11.920752567218804,0.45103322890118985,0.4845708186691873,xgboost,3-0-0,0-2-1
138,"[[85386 22803]
 [34359 23678]]","(array([0.        , 0.21077004, 1.        ]), array([0.        , 0.40798112, 1.        ]), array([2, 1, 0]))",0.4079811154952875,0.2094637642205151,0.656118778049162,0.5094124480970719,0.5986055370893514,11.877346320708464,0.45308942000420976,0.48528248367566945,xgboost,3-0-0,0-2-2
139,"[[218320  58456]
 [ 88202  60919]]","(array([0.        , 0.21120328, 1.        ]), array([0.       , 0.4085206, 1.       ]), array([2, 1, 0]))",0.40852059736723867,0.20956140186172115,0.6556491358239198,0.5103162303664921,0.5986586569227731,11.893567246992092,0.45377957213515285,0.48609127367260274,xgboost,3-0-0,0-2-3
140,"[[203441  54334]
 [ 81353  56841]]","(array([0.        , 0.21078072, 1.        ]), array([0.        , 0.41131308, 1.        ]), array([2, 1, 0]))",0.4113130816099107,0.21270635919317282,0.6573292353694354,0.5112750168653024,0.6002661809950436,11.835538635658398,0.4558786376815081,0.4875757856488487,xgboost,3-0-0,0-3-0
141,"[[129758  34990]
 [ 52079  36225]]","(array([0.        , 0.21238498, 1.        ]), array([0.        , 0.41023057, 1.        ]), array([2, 1, 0]))",0.4102305671317268,0.20970064816152678,0.6559244740211498,0.5086709260689461,0.5989227956449175,11.884058216661241,0.4541778722283866,0.4853764028684439,xgboost,3-0-0,0-3-1
142,"[[77728 20902]
 [31264 21634]]","(array([0.        , 0.21192335, 1.        ]), array([0.        , 0.40897576, 1.        ]), array([2, 1, 0]))",0.40897576467919394,0.20904042004191578,0.6557335937912465,0.5086044762083882,0.5985262073928261,11.890650721994593,0.453381394471572,0.48497592381703897,xgboost,3-0-0,0-3-2
143,"[[207586  55418]
 [ 83518  57748]]","(array([0.        , 0.21071162, 1.        ]), array([0.        , 0.40878909, 1.        ]), array([2, 1, 0]))",0.4087890929169085,0.2103550822426797,0.6563286912212135,0.5102946114557376,0.5990387343795505,11.870096097394557,0.4539366117469501,0.48615156668294257,xgboost,3-0-0,0-3-3
144,"[[   985  32390]
 [ 14532 189739]]","(array([0.        , 0.97048689, 1.        ]), array([0.        , 0.92885921, 1.        ]), array([2, 1, 0]))",0.9288592115376142,-0.05854498373586165,0.8025550608888852,0.8541838301167339,0.4791861600759232,6.819615583526603,0.8899577861163227,0.8681426481098329,xgboost,3-0-0,1-0-0
145,"[[  1934  60365]
 [ 29649 351864]]","(array([0.        , 0.96895616, 1.        ]), array([0.        , 0.92228574, 1.        ]), array([2, 1, 0]))",0.9222857412460388,-0.06305811344604946,0.7971798869791714,0.8535644023103663,0.4766647891128828,7.005267289100709,0.8865953924574987,0.8664769858980541,xgboost,3-0-0,1-0-1
146,"[[   591  18253]
 [  9157 105642]]","(array([0.        , 0.96863723, 1.        ]), array([0.       , 0.9202345, 1.       ]), array([2, 1, 0]))",0.9202344968161743,-0.0647799866144001,0.7949013416340549,0.852673634932806,0.4757986324029927,7.0839659094482705,0.88516678257518,0.865380362037357,xgboost,3-0-0,1-0-2
147,"[[   725  22219]
 [  9953 127996]]","(array([0.        , 0.96840132, 1.        ]), array([0.        , 0.92785015, 1.        ]), array([2, 1, 0]))",0.9278501475182858,-0.05696337397414017,0.8000410210512576,0.8520853443397797,0.4797244112765766,6.906448884863655,0.8883552421537736,0.8662320031293609,xgboost,3-0-0,1-0-3
148,"[[  1150  36254]
 [ 17804 209032]]","(array([0.        , 0.96925463, 1.        ]), array([0.        , 0.92151158, 1.        ]), array([2, 1, 0]))",0.9215115766456824,-0.06449682591070595,0.7954208295488949,0.852197027143824,0.4761284757359521,7.066023928857537,0.8854999343390055,0.8652130002152353,xgboost,3-0-0,1-1-0
149,"[[   949  30408]
 [ 14906 177244]]","(array([0.        , 0.96973563, 1.        ]), array([0.        , 0.92242519, 1.        ]), array([2, 1, 0]))",0.9224251886546968,-0.06400195212603864,0.7972591462459788,0.8535626914260397,0.47634478171772376,7.002529798698206,0.8866588961535959,0.8665001887054415,xgboost,3-0-0,1-1-1
150,"[[   642  20116]
 [  9925 116961]]","(array([0.        , 0.96907216, 1.        ]), array([0.        , 0.92178018, 1.        ]), array([2, 1, 0]))",0.9217801806345853,-0.0637718468973538,0.79653084446371,0.8532503629347009,0.47635400784306586,7.02768460879831,0.8861923830233783,0.8661288459316877,xgboost,3-0-0,1-1-2
151,"[[   714  23849]
 [ 12583 138482]]","(array([0.        , 0.97093189, 1.        ]), array([0.        , 0.91670473, 1.        ]), array([2, 1, 0]))",0.9167047297520935,-0.07109874300729695,0.7925615505500262,0.8530841305727187,0.47288642016245314,7.164778800752152,0.8837509093925896,0.8650918490883808,xgboost,3-0-0,1-1-3
152,"[[   872  28218]
 [ 13556 164222]]","(array([0.        , 0.97002406, 1.        ]), array([0.       , 0.9237476, 1.       ]), array([2, 1, 0]))",0.9237475953155059,-0.0631568311750221,0.798064466229673,0.8533672833090834,0.4768617660317646,6.974715316826596,0.8871637791787542,0.8665721058152814,xgboost,3-0-0,1-2-0
153,"[[  1267  39958]
 [ 21015 227965]]","(array([0.        , 0.96926622, 1.        ]), array([0.        , 0.91559563, 1.        ]), array([2, 1, 0]))",0.9155956301710981,-0.07037474977881485,0.789896797091711,0.8508601351880951,0.47316470410919975,7.256817640774643,0.8820416983457245,0.8630644096338833,xgboost,3-0-0,1-2-1
154,"[[  1855  59016]
 [ 28655 338214]]","(array([0.        , 0.96952572, 1.        ]), array([0.       , 0.9218931, 1.       ]), array([2, 1, 0]))",0.9218931008071001,-0.06465811656418254,0.7950367045401412,0.85143116078846,0.47618369124237314,7.079291752840873,0.8852622500487503,0.8646484871323031,xgboost,3-0-0,1-2-2
155,"[[  1970  63735]
 [ 31088 367496]]","(array([0.       , 0.9700175, 1.       ]), array([0.        , 0.92200389, 1.        ]), array([2, 1, 0]))",0.9220038937839954,-0.06507740316920904,0.7957672914930141,0.8522021839802797,0.47599319565540993,7.054057615917735,0.8857299518567392,0.8653040158078047,xgboost,3-0-0,1-2-3
156,"[[  1082  35135]
 [ 17139 202780]]","(array([0.        , 0.97012453, 1.        ]), array([0.        , 0.92206676, 1.        ]), array([2, 1, 0]))",0.922066760943802,-0.06514096332873869,0.7959131086610238,0.8523212071538154,0.4759711168940232,7.049021188443915,0.885823245979984,0.8654132585169245,xgboost,3-0-0,1-3-0
157,"[[  409 12221]
 [ 5887 70692]]","(array([0.        , 0.96761679, 1.        ]), array([0.        , 0.92312514, 1.        ]), array([2, 1, 0]))",0.9231251387456091,-0.06056076132519048,0.7970159961438869,0.852604537286071,0.4777541766570484,7.010928660104217,0.886464524866451,0.8658333149613822,xgboost,3-0-0,1-3-1
158,"[[  2049  68261]
 [ 33234 396037]]","(array([0.        , 0.97085763, 1.        ]), array([0.        , 0.92258037, 1.        ]), array([2, 1, 0]))",0.9225803746351372,-0.06552933210000732,0.7968397517119346,0.8529801980624513,0.47586137207080426,7.017015642151409,0.8864161581254498,0.866047252896723,xgboost,3-0-0,1-3-2
159,"[[  1820  54115]
 [ 26264 314730]]","(array([0.        , 0.96746223, 1.        ]), array([0.        , 0.92297812, 1.        ]), array([2, 1, 0]))",0.9229781169170131,-0.060362709025855735,0.7974977892771755,0.8532852553240521,0.47775794198402727,6.994287588111379,0.8867644634910169,0.8663689306277231,xgboost,3-0-0,1-3-3
160,"[[145730  46142]
 [ 32167 159675]]","(array([0.        , 0.24048324, 1.        ]), array([0.        , 0.83232556, 1.        ]), array([2, 1, 0]))",0.8323255595750669,0.5934152882475674,0.7959183141610678,0.7758105501489188,0.7959211603745915,7.04882786589409,0.8030749964165278,0.7864911191890533,xgboost,3-0-0,2-0-0
161,"[[155689  48703]
 [ 20470 184100]]","(array([0.        , 0.23828232, 1.        ]), array([0.        , 0.89993645, 1.        ]), array([2, 1, 0]))",0.899936452070196,0.6680934957895501,0.8308571456516742,0.7907973694497064,0.8308270659114141,5.842082448635324,0.8418443753958292,0.8104548231967048,xgboost,3-0-0,2-0-1
162,"[[77401 24399]
 [20614 81823]]","(array([0.        , 0.23967583, 1.        ]), array([0.        , 0.79876412, 1.        ]), array([2, 1, 0]))",0.798764118433769,0.5595374977512679,0.779604087408256,0.7703018207151061,0.7795441417316192,7.612300666587415,0.7842748215988765,0.7758308443559474,xgboost,3-0-0,2-0-2
163,"[[189061  59615]
 [ 19330 229023]]","(array([0.        , 0.23972961, 1.        ]), array([0.        , 0.92216724, 1.        ]), array([2, 1, 0]))",0.9221672377623785,0.6915098569180486,0.8411662096175475,0.7934610134493726,0.8412188148791947,5.486020675849955,0.8529863628999369,0.8162455761437875,xgboost,3-0-0,2-0-3
164,"[[28882  9485]
 [ 2825 35826]]","(array([0.        , 0.24721766, 1.        ]), array([0.        , 0.92691004, 1.        ]), array([2, 1, 0]))",0.9269100411373574,0.6905454844989015,0.840167233633696,0.7906689324887997,0.8398461900632964,5.520526650951412,0.8533860555965794,0.8146160667591351,xgboost,3-0-0,2-1-0
165,"[[166133  52161]
 [ 23722 194547]]","(array([0.        , 0.23894839, 1.        ]), array([0.        , 0.89131759, 1.        ]), array([2, 1, 0]))",0.8913175943445931,0.6579725022057155,0.8261808719474624,0.7885719149764093,0.8261846018210729,6.00359553369517,0.8368026805626945,0.8071813067950322,xgboost,3-0-0,2-1-1
166,"[[50141 15786]
 [ 1656 64115]]","(array([0.        , 0.23944666, 1.        ]), array([0.        , 0.97482173, 1.        ]), array([2, 1, 0]))",0.9748217299417676,0.7527129204762898,0.8675606311409437,0.8024305077533448,0.867687534620648,4.574389590768768,0.8802652534460982,0.8318520921180669,xgboost,3-0-0,2-1-2
167,"[[132574  42228]
 [ 17644 157512]]","(array([0.        , 0.24157618, 1.        ]), array([0.        , 0.89926694, 1.        ]), array([2, 1, 0]))",0.8992669391856403,0.6643759994573828,0.828916612850685,0.7885851607089216,0.8288453779233884,5.909107337784463,0.8402970423797533,0.8084868742531691,xgboost,3-0-0,2-1-3
168,"[[151141  47624]
 [ 21536 177466]]","(array([0.        , 0.23959953, 1.        ]), array([0.        , 0.89177998, 1.        ]), array([2, 1, 0]))",0.8917799821107325,0.6579170003045385,0.8261293671923513,0.7884224088142521,0.8260902275155075,6.0053746426929315,0.8369221772634239,0.8071317727918557,xgboost,3-0-0,2-2-0
169,"[[123965  39397]
 [ 18306 145198]]","(array([0.       , 0.2411638, 1.       ]), array([0.        , 0.88803944, 1.        ]), array([2, 1, 0]))",0.888039436344065,0.6523675499385188,0.8234658851027639,0.7865760177686286,0.8234378203010466,6.097368695598467,0.8342339391954589,0.8049704840090299,xgboost,3-0-0,2-2-1
170,"[[165596  51797]
 [ 43069 173832]]","(array([0.        , 0.23826434, 1.        ]), array([0.        , 0.80143476, 1.        ]), array([2, 1, 0]))",0.8014347559485664,0.5636001790763053,0.7815627201849439,0.770432878752288,0.7815852072052152,7.544651729537339,0.7856280930106433,0.7764398789727153,xgboost,3-0-0,2-2-2
171,"[[159401  50171]
 [ 43459 167156]]","(array([0.        , 0.23939744, 1.        ]), array([0.        , 0.79365667, 1.        ]), array([2, 1, 0]))",0.7936566721268665,0.5545863319631801,0.7771706406909304,0.7691451131244622,0.777129616768871,7.696348888609493,0.781208668464418,0.7739255483955801,xgboost,3-0-0,2-2-3
172,"[[45927 14310]
 [11861 48182]]","(array([0.        , 0.23756163, 1.        ]), array([0.        , 0.80245824, 1.        ]), array([2, 1, 0]))",0.8024582382625784,0.5653283705539673,0.7824160292650483,0.7710106893682391,0.782448303353611,7.515179242354785,0.7864202064716204,0.777101457690211,xgboost,3-0-0,2-3-0
173,"[[29356  9253]
 [ 3862 34686]]","(array([0.        , 0.23965915, 1.        ]), array([0.        , 0.89981322, 1.        ]), array([2, 1, 0]))",0.8998132198817059,0.6666205294878927,0.8300219033917856,0.7894125947336079,0.830077036525328,5.870931361953876,0.8410052493120127,0.8092709422129312,xgboost,3-0-0,2-3-1
174,"[[160633  50497]
 [ 21335 190842]]","(array([0.        , 0.23917492, 1.        ]), array([0.        , 0.89944716, 1.        ]), array([2, 1, 0]))",0.8994471596827177,0.6668618943164644,0.8303075545644177,0.7907632003115949,0.8301361218770715,5.86106481411991,0.8416108803217526,0.8103467163977571,xgboost,3-0-0,2-3-2
175,"[[160774  50650]
 [ 42120 169051]]","(array([0.        , 0.23956599, 1.        ]), array([0.        , 0.80054079, 1.        ]), array([2, 1, 0]))",0.8005407939537152,0.5614188843894079,0.7804753960647902,0.7694594016413216,0.7804874016688509,7.582207044015437,0.7846924376613009,0.7754810890158031,xgboost,3-0-0,2-3-3
176,"[[73897    14]
 [  204 36391]]","(array([0.        , 0.00018942, 1.        ]), array([0.        , 0.99442547, 1.        ]), array([2, 1, 0]))",0.9944254679601039,0.9955483784630031,0.9980272564385644,0.9996154374399121,0.9971180254792875,0.06813625005388542,0.9970136986301371,0.9985731141783059,xgboost,3-0-0,3-0-0
177,"[[195079  62835]
 [ 23480 106155]]","(array([0.        , 0.24362772, 1.        ]), array([0.        , 0.81887608, 1.        ]), array([2, 1, 0]))",0.8188760751340302,0.5473172408730584,0.7772797762347471,0.6281732646902184,0.7876241771329168,7.692613649451405,0.7109585600669736,0.658860841986358,xgboost,3-0-0,3-0-1
178,"[[73451  7454]
 [14318 26039]]","(array([0.        , 0.09213275, 1.        ]), array([0.        , 0.64521644, 1.        ]), array([2, 1, 0]))",0.6452164432440469,0.582895059343121,0.8204548828157213,0.7774460334995372,0.7765418474795106,6.2013178066437975,0.7051861882193637,0.7468350073711202,xgboost,3-0-0,3-0-2
179,"[[147953  49207]
 [ 24156  74323]]","(array([0.        , 0.24957902, 1.        ]), array([0.        , 0.75470913, 1.        ]), array([2, 1, 0]))",0.7547091258034708,0.48272129712902273,0.7518493838769581,0.6016595159070671,0.7525650518447259,8.570951729814334,0.6695494326806573,0.6270935320511847,xgboost,3-0-0,3-0-3
180,"[[223963  12041]
 [ 30429  87865]]","(array([0.        , 0.05102032, 1.        ]), array([0.        , 0.74276802, 1.        ]), array([2, 1, 0]))",0.7427680186653592,0.725005417926311,0.8801291568114976,0.8794767081056193,0.8458738484879482,4.140219423887557,0.8053620531622365,0.8482520398982079,xgboost,3-0-0,3-1-0
181,"[[158380  53753]
 [ 19008  87631]]","(array([0.        , 0.25339292, 1.        ]), array([0.        , 0.82175377, 1.        ]), array([2, 1, 0]))",0.8217537673834151,0.5397890274293252,0.7717459500834453,0.6198084648899451,0.7841804243949456,7.883750423596681,0.7066360781056594,0.6518466173243576,xgboost,3-0-0,3-1-1
182,"[[128152     19]
 [ 19124  44430]]","(array([0.        , 0.00014824, 1.        ]), array([0.        , 0.69909054, 1.        ]), array([2, 1, 0]))",0.6990905371809799,0.779669718464293,0.9001538662146303,0.9995725438142591,0.8494711488598177,3.4485633679495447,0.8227549234743479,0.9204474829086389,xgboost,3-0-0,3-1-2
183,"[[222045  70884]
 [ 26505 120216]]","(array([0.        , 0.24198355, 1.        ]), array([0.        , 0.81935101, 1.        ]), array([2, 1, 0]))",0.8193510131474022,0.5492150135230387,0.7784851586489253,0.6290737833594976,0.7886837304095111,7.650980491273053,0.711714191835321,0.6597147909004402,xgboost,3-0-0,3-1-3
184,"[[60885  8542]
 [ 4338 30186]]","(array([0.        , 0.12303571, 1.        ]), array([0.        , 0.87434828, 1.        ]), array([2, 1, 0]))",0.8743482794577685,0.7318675475579118,0.8760954680570654,0.7794360669283206,0.8756562864441391,4.279576628677919,0.8241686233822967,0.796733461432885,xgboost,3-0-0,3-2-0
185,"[[55632 17054]
 [ 9095 27348]]","(array([0.        , 0.23462565, 1.        ]), array([0.        , 0.75043218, 1.        ]), array([2, 1, 0]))",0.7504321817633016,0.49519388971773737,0.7603844990790716,0.6159182018827981,0.7579032658534474,8.276151163165554,0.6765538994371947,0.6388197205338915,xgboost,3-0-0,3-2-1
186,"[[253635  10754]
 [ 53507  77965]]","(array([0.        , 0.04067491, 1.        ]), array([0.      , 0.593016, 1.      ]), array([2, 1, 0]))",0.5930160034075697,0.6238321524938242,0.8376677672213226,0.8787858294164722,0.7761705443965595,5.606778411574061,0.7081579174444005,0.8015351147737835,xgboost,3-0-0,3-2-2
187,"[[136952  75722]
 [ 19111  87010]]","(array([0.        , 0.35604728, 1.        ]), array([0.        , 0.81991312, 1.        ]), array([2, 1, 0]))",0.8199131180444964,0.437284210609696,0.7025267021126429,0.5346827913379053,0.7319329172042545,10.274553644113533,0.6472682097651877,0.5746655764686303,xgboost,3-0-0,3-2-3
188,"[[53652 14782]
 [ 8868 25441]]","(array([0.        , 0.21600374, 1.        ]), array([0.        , 0.74152555, 1.        ]), array([2, 1, 0]))",0.7415255472325046,0.5077898552829594,0.7698140019271386,0.6324988190836088,0.7627609032009617,7.950457757597606,0.6826866312456394,0.65166162058596,xgboost,3-0-0,3-3-0
189,"[[209414  15552]
 [ 38264  74301]]","(array([0.        , 0.06913045, 1.        ]), array([0.        , 0.66007196, 1.        ]), array([2, 1, 0]))",0.6600719584240217,0.6303686744090782,0.8405598300600537,0.8269172982538145,0.7954707560227289,5.506905219987938,0.7341343161181317,0.7871252200848771,xgboost,3-0-0,3-3-1
190,"[[155961   8882]
 [ 24632  57669]]","(array([0.        , 0.05388157, 1.        ]), array([0.        , 0.70070838, 1.        ]), array([2, 1, 0]))",0.7007083753538839,0.6872236071722297,0.8643948467290324,0.8665384442006882,0.8234134015956402,4.683664803205465,0.7748501867626904,0.8273769386378962,xgboost,3-0-0,3-3-2
191,"[[77516 27870]
 [12857 39799]]","(array([0.        , 0.26445638, 1.        ]), array([0.        , 0.75583029, 1.        ]), array([2, 1, 0]))",0.7558302947432392,0.46807264631484785,0.7423026790346869,0.588142280808051,0.7456869576690025,8.900691151819812,0.6615250363598588,0.6154509915504806,xgboost,3-0-0,3-3-3
192,"[[200241  55139]
 [ 24383 113256]]","(array([0.        , 0.21590962, 1.        ]), array([0.        , 0.82284818, 1.        ]), array([2, 1, 0]))",0.8228481752991521,0.5850813358126733,0.797663726181177,0.6725615368627335,0.8034692752132067,6.988559498341787,0.7401530548893261,0.6980605730388464,xgboost,2-2-0,0-0-0
193,"[[145377  40142]
 [ 17603  82302]]","(array([0.        , 0.21637676, 1.        ]), array([0.        , 0.82380261, 1.        ]), array([2, 1, 0]))",0.8238026124818577,0.5853898267289396,0.7976869499411402,0.6721603345202705,0.8037129266140444,6.987757653050059,0.7402956613252138,0.6978518894113935,xgboost,2-2-0,0-0-1
194,"[[229216  63264]
 [ 27873 129318]]","(array([0.        , 0.21630197, 1.        ]), array([0.        , 0.82268069, 1.        ]), array([2, 1, 0]))",0.8226806878256389,0.584327441634143,0.7973251555025785,0.6714957784216593,0.803189359230106,7.000253629953454,0.7394395793843436,0.6971177948915331,xgboost,2-2-0,0-0-2
195,"[[62287 17127]
 [ 7664 35274]]","(array([0.        , 0.21566726, 1.        ]), array([0.        , 0.82151008, 1.        ]), array([2, 1, 0]))",0.8215100843076063,0.5843360182365058,0.7973796913822414,0.6731550924600676,0.8029214108041671,6.99836946115648,0.7399700017831109,0.6983788835124454,xgboost,2-2-0,0-0-3
196,"[[209360  57600]
 [ 25513 117987]]","(array([0.        , 0.21576266, 1.        ]), array([0.        , 0.82220906, 1.        ]), array([2, 1, 0]))",0.8222090592334494,0.5844922290526835,0.7975125468986015,0.6719574911582292,0.8032231990803147,6.993781073240244,0.7395287178731819,0.6974480048424776,xgboost,2-2-0,0-1-0
197,"[[100493  27911]
 [ 12451  56386]]","(array([0.        , 0.21736862, 1.        ]), array([0.        , 0.81912344, 1.        ]), array([2, 1, 0]))",0.8191234365239624,0.579805297264435,0.7953670889926536,0.6688968765199236,0.8008774093619468,7.067883505028159,0.736426920213669,0.6943661104611786,xgboost,2-2-0,0-1-1
198,"[[247543  68221]
 [ 30132 139620]]","(array([0.        , 0.21605059, 1.        ]), array([0.        , 0.82249399, 1.        ]), array([2, 1, 0]))",0.8224939912342711,0.5844468562076074,0.7974258314865009,0.6717635115304488,0.8032216982431475,6.996776262996348,0.7395264213054799,0.6973217888836059,xgboost,2-2-0,0-1-2
199,"[[246849  67977]
 [ 30089 139219]]","(array([0.        , 0.21591927, 1.        ]), array([0.        , 0.82228247, 1.        ]), array([2, 1, 0]))",0.8222824674557611,0.584419786040732,0.797440378077144,0.6719193420722408,0.8031815988819657,6.996273759285285,0.7395353037417929,0.6974256882131107,xgboost,2-2-0,0-1-3
200,"[[38823 10444]
 [ 5867 21119]]","(array([0.        , 0.21198774, 1.        ]), array([0.        , 0.78259097, 1.        ]), array([2, 1, 0]))",0.7825909730971615,0.5539712544173966,0.7860936618887125,0.6691062319804835,0.785301616412384,7.388172698424315,0.721412833694854,0.689091478614965,xgboost,2-2-0,0-2-0
201,"[[99879 27380]
 [12229 56480]]","(array([0.        , 0.21515178, 1.        ]), array([0.        , 0.82201749, 1.        ]), array([2, 1, 0]))",0.8220174940691903,0.5852587826218945,0.7978802661659047,0.6735034581445266,0.8034328584923309,6.981080008999716,0.740386317010664,0.6987521928793589,xgboost,2-2-0,0-2-1
202,"[[84948 23241]
 [10329 47708]]","(array([0.        , 0.21481851, 1.        ]), array([0.        , 0.82202733, 1.        ]), array([2, 1, 0]))",0.822027327394593,0.585214290197671,0.7980460337131375,0.672426672680376,0.8036044076731166,6.9753546798998185,0.7397391965019459,0.6978261314735558,xgboost,2-2-0,0-2-2
203,"[[216982  59794]
 [ 26341 122780]]","(array([0.        , 0.21603752, 1.        ]), array([0.        , 0.82335821, 1.        ]), array([2, 1, 0]))",0.8233582124583392,0.5853837354848829,0.7977562650124326,0.6724944406103827,0.803660347377246,6.985363399846378,0.7403186662445921,0.6980761117876958,xgboost,2-2-0,0-2-3
204,"[[202292  55483]
 [ 24656 113538]]","(array([0.       , 0.2152381, 1.       ]), array([0.        , 0.82158415, 1.        ]), array([2, 1, 0]))",0.8215841498183712,0.5843217258225852,0.7976129444476714,0.6717390146786494,0.803173027290138,6.990313296182193,0.7391435965040769,0.6971697626609095,xgboost,2-2-0,0-3-0
205,"[[129111  35637]
 [ 15692  72612]]","(array([0.        , 0.21631219, 1.        ]), array([0.        , 0.82229571, 1.        ]), array([2, 1, 0]))",0.8222957057437942,0.5837949729562231,0.7971602674549104,0.6707867971066708,0.8029917599299493,7.005948772694903,0.7388541512976143,0.6964511797429505,xgboost,2-2-0,0-3-1
206,"[[77249 21381]
 [ 9255 43643]]","(array([0.        , 0.21677988, 1.        ]), array([0.        , 0.82504064, 1.        ]), array([2, 1, 0]))",0.8250406442587621,0.5858130024645424,0.7978195449025922,0.6711829478346457,0.804130379921128,6.9831783553345845,0.7402011499126542,0.6971858885473844,xgboost,2-2-0,0-3-2
207,"[[206352  56652]
 [ 25136 116130]]","(array([0.        , 0.21540357, 1.        ]), array([0.        , 0.82206617, 1.        ]), array([2, 1, 0]))",0.8220661730352669,0.5847008656227579,0.797689662849086,0.6721186234677223,0.8033313025143484,6.987663548075718,0.7395684736091299,0.6975662967296736,xgboost,2-2-0,0-3-3
208,"[[   564  32811]
 [   381 203890]]","(array([0.        , 0.98310112, 1.        ]), array([0.        , 0.99813483, 1.        ]), array([2, 1, 0]))",0.9981348306906022,0.08299733136241184,0.8603300707775431,0.8613820811910384,0.5075168535475483,4.824138852289362,0.9247299148245239,0.8856503703060182,xgboost,2-2-0,1-0-0
209,"[[  1137  61162]
 [   722 380791]]","(array([0.        , 0.98174931, 1.        ]), array([0.        , 0.99810753, 1.        ]), array([2, 1, 0]))",0.9981075349988073,0.08798401169610146,0.8605625805521256,0.8616097186804932,0.5081791146157297,4.816108044398706,0.9248493562575747,0.8858385772277344,xgboost,2-2-0,1-0-1
210,"[[   338  18506]
 [   178 114621]]","(array([0.        , 0.98206326, 1.        ]), array([0.        , 0.99844946, 1.        ]), array([2, 1, 0]))",0.9984494638455039,0.09195516552425531,0.8601946978143262,0.8609898818421508,0.5081931038183156,4.828814793985128,0.9246388035139518,0.8853681483438308,xgboost,2-2-0,1-0-2
211,"[[   421  22523]
 [   285 137664]]","(array([0.        , 0.98165098, 1.        ]), array([0.        , 0.99793402, 1.        ]), array([2, 1, 0]))",0.997934019094013,0.08614169742977527,0.8582411913507735,0.8593955814142221,0.5081415214019577,4.896287727545904,0.9234980009123354,0.883938168504566,xgboost,2-2-0,1-0-3
212,"[[   678  36726]
 [    66 226770]]","(array([0.       , 0.9818736, 1.       ]), array([0.        , 0.99970904, 1.        ]), array([2, 1, 0]))",0.99970904089298,0.11733443063611587,0.8607629427792916,0.8606202750705894,0.5089177222430893,4.80918871910678,0.9249651256699544,0.8852531971705627,xgboost,2-2-0,1-1-0
213,"[[   551  30806]
 [   342 191808]]","(array([0.        , 0.98242817, 1.        ]), array([0.        , 0.99822014, 1.        ]), array([2, 1, 0]))",0.9982201405152225,0.08694045663667592,0.860639711507917,0.8616169692831538,0.5078959872777343,4.813444051180108,0.9249018719078801,0.8858624467257709,xgboost,2-2-0,1-1-1
214,"[[   380  20378]
 [    26 126860]]","(array([0.       , 0.9816938, 1.       ]), array([0.        , 0.99979509, 1.        ]), array([2, 1, 0]))",0.999795091657078,0.12015340604824064,0.8618027146379128,0.8615982287181299,0.5090506434294639,4.7732754988905075,0.9255665319344532,0.8860943397807883,xgboost,2-2-0,1-1-2
215,"[[   439  24124]
 [   239 150826]]","(array([0.        , 0.98212759, 1.        ]), array([0.       , 0.9984179, 1.       ]), array([2, 1, 0]))",0.9984178995796511,0.09111295699939648,0.8612806613979548,0.8621091740497285,0.5081451546507953,4.79130604913576,0.925270309648329,0.8863098141303262,xgboost,2-2-0,1-1-3
216,"[[   517  28573]
 [   347 177431]]","(array([0.        , 0.98222757, 1.        ]), array([0.        , 0.99804813, 1.        ]), array([2, 1, 0]))",0.9980481274398407,0.08527818790485958,0.8602007076976623,0.8612988097318499,0.5079102789141452,4.828606938908821,0.9246447201796855,0.8855662940684412,xgboost,2-2-0,1-2-0
217,"[[   704  40521]
 [   427 248553]]","(array([0.        , 0.98292298, 1.        ]), array([0.      , 0.998285, 1.      ]), array([2, 1, 0]))",0.9982850028114708,0.08607460693915245,0.8588997432849192,0.8598248199422985,0.5076810095925153,4.873541862842721,0.9238961145163868,0.8843565249815695,xgboost,2-2-0,1-2-1
218,"[[  1124  59747]
 [   113 366756]]","(array([0.        , 0.98153472, 1.        ]), array([0.        , 0.99969199, 1.        ]), array([2, 1, 0]))",0.9996919881483581,0.11813139034769557,0.8600551737036517,0.8599142327252094,0.5090786335905333,4.833634751360677,0.9245498958874273,0.8846528093026083,xgboost,2-2-0,1-2-2
219,"[[  1194  64511]
 [   701 397883]]","(array([0.        , 0.98182787, 1.        ]), array([0.        , 0.99824127, 1.        ]), array([2, 1, 0]))",0.9982412741103507,0.08973196543971709,0.8595443786090129,0.860484781376921,0.5082067035645734,4.851276401324897,0.924258227271777,0.8849081026261475,xgboost,2-2-0,1-2-3
220,"[[   668  35549]
 [    70 219849]]","(array([0.        , 0.98155562, 1.        ]), array([0.       , 0.9996817, 1.       ]), array([2, 1, 0]))",0.9996817009899099,0.11782963401215998,0.8609371583846082,0.8608094033625948,0.5090630389699805,4.803171367161859,0.9250626424049634,0.885408989529694,xgboost,2-2-0,1-3-0
221,"[[  225 12405]
 [   21 76558]]","(array([0.        , 0.98218527, 1.        ]), array([0.        , 0.99972577, 1.        ]), array([2, 1, 0]))",0.9997257733843482,0.11660743218353799,0.8607091212770012,0.8605600080932523,0.5087702501126016,4.811047702465915,0.9249374781022338,0.885204807240924,xgboost,2-2-0,1-3-1
222,"[[  1225  69085]
 [   119 429152]]","(array([0.        , 0.98257716, 1.        ]), array([0.        , 0.99972279, 1.        ]), array([2, 1, 0]))",0.9997227858392485,0.11510921358938564,0.8614759168182937,0.861341088678681,0.5085728137701434,4.784562907360097,0.9253871664718795,0.8858653986282825,xgboost,2-2-0,1-3-2
223,"[[  1099  54836]
 [    92 340902]]","(array([0.        , 0.98035219, 1.        ]), array([0.       , 0.9997302, 1.       ]), array([2, 1, 0]))",0.9997302005313876,0.1232720216279258,0.8616175688851154,0.8614335747388424,0.5096890030099505,4.779670310167149,0.9254437163038933,0.8859448238152214,xgboost,2-2-0,1-3-3
224,"[[ 92521  99351]
 [    74 191768]]","(array([0.        , 0.51779832, 1.        ]), array([0.        , 0.99961427, 1.        ]), array([2, 1, 0]))",0.9996142659063187,0.5630277106241706,0.7408877445180525,0.658727187164012,0.7409079710118651,8.94962728456163,0.7941345160375269,0.7069433569413663,xgboost,2-2-0,2-0-0
225,"[[114159  90233]
 [   127 204443]]","(array([0.        , 0.44147031, 1.        ]), array([0.        , 0.99937919, 1.        ]), array([2, 1, 0]))",0.9993791856088381,0.6216519336822393,0.7790503763185822,0.6937891107521481,0.7789544368296255,7.631506069314626,0.819007062650477,0.738982298517864,xgboost,2-2-0,2-0-1
226,"[[61945 39855]
 [ 4383 98054]]","(array([0.        , 0.39150295, 1.        ]), array([0.        , 0.95721273, 1.        ]), array([2, 1, 0]))",0.9572127258705351,0.6040198969159658,0.783398698570778,0.7110050830620191,0.7828548894578607,7.481299951104057,0.815940352658251,0.7495646510404802,xgboost,2-2-0,2-0-2
227,"[[123598 125078]
 [   191 248162]]","(array([0.        , 0.50297576, 1.        ]), array([0.        , 0.99923093, 1.        ]), array([2, 1, 0]))",0.9992309333891678,0.5737485112541568,0.7479644044914884,0.6648858643232236,0.7481275868831023,8.705202296569093,0.7984710252528584,0.7125714905935923,xgboost,2-2-0,2-0-3
228,"[[23038 15329]
 [ 9037 29614]]","(array([0.        , 0.39953606, 1.        ]), array([0.        , 0.76618975, 1.        ]), array([2, 1, 0]))",0.766189749294973,0.37187842778251484,0.6836323976213353,0.6589235253543377,0.6833268448301955,10.927109022142892,0.7085197502213078,0.6779047994029933,xgboost,2-2-0,2-1-0
229,"[[120814  97480]
 [ 10232 208037]]","(array([0.        , 0.44655373, 1.        ]), array([0.        , 0.95312206, 1.        ]), array([2, 1, 0]))",0.9531220649748705,0.5526184654684776,0.7532727235244397,0.6809342851625277,0.753284167342264,8.521836774545976,0.7943587648390754,0.7221816838698166,xgboost,2-2-0,2-1-1
230,"[[49595 16332]
 [ 2899 62872]]","(array([0.        , 0.24772855, 1.        ]), array([0.        , 0.95592282, 1.        ]), array([2, 1, 0]))",0.9559228231287346,0.7232241169877667,0.8539765220428557,0.7937982930155043,0.8540971374429907,5.0435714124417785,0.8673495430246596,0.8216693196580124,xgboost,2-2-0,2-1-2
231,"[[ 90668  84134]
 [  7505 167651]]","(array([0.        , 0.48131028, 1.        ]), array([0.        , 0.95715248, 1.        ]), array([2, 1, 0]))",0.9571524812167439,0.5295874729153931,0.7381428628578287,0.6658498321981056,0.7379210993628484,9.044417339747662,0.7853591011404386,0.7090060357135608,xgboost,2-2-0,2-1-3
232,"[[198710     55]
 [  1354 197648]]","(array([0.        , 0.00027671, 1.        ]), array([0.        , 0.99319605, 1.        ]), array([2, 1, 0]))",0.9931960482809218,0.9929366549697388,0.9964577252512149,0.9997218049296166,0.9964596698024235,0.12234594603948595,0.9964482423967431,0.9984098022456743,xgboost,2-2-0,2-2-0
233,"[[102908  60454]
 [    57 163447]]","(array([0.        , 0.37006158, 1.        ]), array([0.        , 0.99965138, 1.        ]), array([2, 1, 0]))",0.9996513846756042,0.677679844586484,0.8148752088011602,0.7299967396304616,0.8147949018234842,6.394131654242061,0.8438042875027425,0.7716257454386143,xgboost,2-2-0,2-2-1
234,"[[119077  98316]
 [   169 216732]]","(array([0.        , 0.45225007, 1.        ]), array([0.        , 0.99922084, 1.        ]), array([2, 1, 0]))",0.9992208426885999,0.6127839759346977,0.7732296554868361,0.6879332673116477,0.7734853851195825,7.83255123596855,0.8148600711722365,0.733643717761847,xgboost,2-2-0,2-2-2
235,"[[113674  95898]
 [    83 210532]]","(array([0.        , 0.45758975, 1.        ]), array([0.        , 0.99960592, 1.        ]), array([2, 1, 0]))",0.9996059160078817,0.6099142900473259,0.7715755128073929,0.6870476128316418,0.7710080808256919,7.889684775955191,0.8143662543879161,0.7328791681606311,xgboost,2-2-0,2-2-3
236,"[[32548 27689]
 [  387 59656]]","(array([0.        , 0.45966765, 1.        ]), array([0.        , 0.99355462, 1.        ]), array([2, 1, 0]))",0.9935546191895808,0.598638059601925,0.7665779847023612,0.6829927299788197,0.7669434865292327,8.062294862959405,0.809509593725405,0.7285374783536831,xgboost,2-2-0,2-3-0
237,"[[16058 22551]
 [   11 38537]]","(array([0.        , 0.58408661, 1.        ]), array([0.        , 0.99971464, 1.        ]), array([2, 1, 0]))",0.9997146414859396,0.5117733318029201,0.7075832393690786,0.6308440282870613,0.7078140147780393,10.099950811250089,0.7735557429041713,0.6811063980205021,xgboost,2-2-0,2-3-1
238,"[[ 86772 124358]
 [  9117 203060]]","(array([0.        , 0.58901151, 1.        ]), array([0.        , 0.95703116, 1.        ]), array([2, 1, 0]))",0.9570311579483167,0.4396017998238146,0.6846851103336349,0.6201858175176685,0.684009824225899,10.8908253717702,0.7526385529888157,0.6671489747011694,xgboost,2-2-0,2-3-2
239,"[[115201  96223]
 [  8872 202299]]","(array([0.        , 0.45511862, 1.        ]), array([0.        , 0.95798666, 1.        ]), array([2, 1, 0]))",0.9579866553646097,0.5521047644978799,0.7513103562512571,0.677668647536865,0.7514340155890704,8.58961806194267,0.7938072526010755,0.7197925791615638,xgboost,2-2-0,2-3-3
240,"[[35003 38908]
 [   68 36527]]","(array([0.        , 0.52641691, 1.        ]), array([0.        , 0.99814182, 1.        ]), array([2, 1, 0]))",0.9981418226533679,0.4769729043107263,0.6472951694930592,0.484218201100285,0.7358624579165015,12.182274804126953,0.6520931893242882,0.5398052226343714,xgboost,2-2-0,3-0-0
241,"[[121970 135944]
 [   766 128869]]","(array([0.        , 0.52709043, 1.        ]), array([0.       , 0.9940911, 1.       ]), array([2, 1, 0]))",0.9940911019400624,0.47365319458314475,0.6472446064884698,0.48664151684396156,0.7335003382246975,12.184020140475887,0.6534143917575954,0.5419732909856025,xgboost,2-2-0,3-0-1
242,"[[38176 42729]
 [  232 40125]]","(array([0.        , 0.52813794, 1.        ]), array([0.        , 0.99425131, 1.        ]), array([2, 1, 0]))",0.9942513070842729,0.47214032011673474,0.6457175372334284,0.4842856108335144,0.7330566837627656,12.236764515679706,0.6513217164051912,0.5396438149085597,xgboost,2-2-0,3-0-2
243,"[[109627  87533]
 [   377  98102]]","(array([0.        , 0.44396936, 1.        ]), array([0.        , 0.99617177, 1.        ]), array([2, 1, 0]))",0.9961717726621919,0.5384499558816525,0.7026441031122416,0.5284671532846715,0.7761012038397184,10.27054557767566,0.6905819494991446,0.5832329590651341,xgboost,2-2-0,3-0-3
244,"[[130525 105479]
 [   212 118082]]","(array([0.        , 0.44693734, 1.        ]), array([0.        , 0.99820786, 1.        ]), array([2, 1, 0]))",0.9982078550053257,0.5387763525601711,0.7016889736888157,0.5281869377932645,0.7756352574801209,10.303535884176156,0.6908309078410438,0.5830991034410561,xgboost,2-2-0,3-1-0
245,"[[100806 111327]
 [   664 105975]]","(array([0.        , 0.52479812, 1.        ]), array([0.        , 0.99377338, 1.        ]), array([2, 1, 0]))",0.9937733849717271,0.4750194501032085,0.6486799342476754,0.48768534113813955,0.7344876315193944,12.134444443130368,0.6542858113051451,0.5429898334472515,xgboost,2-2-0,3-1-1
246,"[[71447 56724]
 [ 8088 55466]]","(array([0.        , 0.44256501, 1.        ]), array([0.        , 0.87273814, 1.        ]), array([2, 1, 0]))",0.8727381439405859,0.4110109545015709,0.6619533185552223,0.4943934397005081,0.7150865665673547,11.675955311365662,0.6312135833940277,0.5413281698333444,xgboost,2-2-0,3-1-2
247,"[[163288 129641]
 [ 18707 128014]]","(array([0.        , 0.44256799, 1.        ]), array([0.        , 0.87249951, 1.        ]), array([2, 1, 0]))",0.8724995058648728,0.411602103559699,0.6625770499260776,0.4968426772234189,0.7149657557863702,11.65441160296294,0.6331434110827546,0.5436572751649691,xgboost,2-2-0,3-1-3
248,"[[39411 30016]
 [  192 34332]]","(array([0.      , 0.432339, 1.      ]), array([0.        , 0.99443865, 1.        ]), array([2, 1, 0]))",0.994438651372958,0.5451380513463131,0.7094015449586825,0.5335363958475788,0.781049823907632,10.037145944280736,0.6944736629177118,0.5880458762109649,xgboost,2-2-0,3-2-0
249,"[[34248 38438]
 [  103 36340]]","(array([0.        , 0.52882261, 1.        ]), array([0.        , 0.99717367, 1.        ]), array([2, 1, 0]))",0.9971736684685674,0.4756060160687299,0.6468308149071282,0.48597180989060956,0.7341755308195959,12.198313151978617,0.6534737144963632,0.541490962733382,xgboost,2-2-0,3-2-1
250,"[[146566 117823]
 [ 16797 114675]]","(array([0.        , 0.44564259, 1.        ]), array([0.        , 0.87223896, 1.        ]), array([2, 1, 0]))",0.8722389558232931,0.40810227107920466,0.6599311374447091,0.4932300492907466,0.7132981805051736,11.745800392690603,0.6301343517322857,0.5401737600144705,xgboost,2-2-0,3-2-2
251,"[[100112 112562]
 [ 13510  92611]]","(array([0.        , 0.52927015, 1.        ]), array([0.        , 0.87269249, 1.        ]), array([2, 1, 0]))",0.8726924925321096,0.3379053695376183,0.6045358302357314,0.45138005488051547,0.6717111709865189,13.65913085821646,0.595006649662377,0.4996207433430476,xgboost,2-2-0,3-2-3
252,"[[32488 35946]
 [  188 34121]]","(array([0.        , 0.52526522, 1.        ]), array([0.        , 0.99452039, 1.        ]), array([2, 1, 0]))",0.9945203882363228,0.47520155471349085,0.6483069406188257,0.4869767508242111,0.7346275845965786,12.147327687364863,0.6538093048210316,0.5423314482622696,xgboost,2-2-0,3-3-0
253,"[[126409  98557]
 [ 10082 102483]]","(array([0.        , 0.43809731, 1.        ]), array([0.        , 0.91043397, 1.        ]), array([2, 1, 0]))",0.9104339714831431,0.45375198591591615,0.6781362304499439,0.5097642260246718,0.736168329500184,11.117014243700963,0.6535801406227579,0.5589626114701792,xgboost,2-2-0,3-3-1
254,"[[77203 87640]
 [10479 71822]]","(array([0.       , 0.5316574, 1.       ]), array([0.        , 0.87267469, 1.        ]), array([2, 1, 0]))",0.8726746941106427,0.3359157708918859,0.6029885410934516,0.45040197664647375,0.670508649446081,13.71257355149639,0.5941521241877376,0.4986606938286382,xgboost,2-2-0,3-3-2
255,"[[58981 46405]
 [  100 52556]]","(array([0.        , 0.44033363, 1.        ]), array([0.        , 0.99810088, 1.        ]), array([2, 1, 0]))",0.9981008811911273,0.5433910080535278,0.7057427772364309,0.5310778993745011,0.7788836252690498,10.163519200997642,0.693273181767216,0.5859085841694537,xgboost,2-2-0,3-3-3
256,"[[154031 101349]
 [ 19399 118240]]","(array([0.        , 0.39685567, 1.        ]), array([0.        , 0.85905884, 1.        ]), array([2, 1, 0]))",0.8590588423339315,0.44404779593043164,0.692768034115399,0.5384604875471904,0.7311015881338387,10.611622365668394,0.6619861824940934,0.5818926274243476,xgboost,3-3-0,0-0-0
257,"[[111492  74027]
 [ 13982  85923]]","(array([0.        , 0.39902651, 1.        ]), array([0.        , 0.86004704, 1.        ]), array([2, 1, 0]))",0.8600470446924579,0.44303606512780497,0.6916552217052525,0.5371866208190059,0.7305102649440222,10.650058732057074,0.6613149641146024,0.5807923428934508,xgboost,3-3-0,0-0-1
258,"[[176634 115846]
 [ 22156 135035]]","(array([0.        , 0.39608178, 1.        ]), array([0.        , 0.85905045, 1.        ]), array([2, 1, 0]))",0.8590504545425629,0.44451086025048875,0.6931045141892628,0.5382432308544689,0.7314843355863799,10.600000556438738,0.6618194828363623,0.5816888728068476,xgboost,3-3-0,0-0-2
259,"[[48237 31177]
 [ 5904 37034]]","(array([0.        , 0.39258821, 1.        ]), array([0.        , 0.86249942, 1.        ]), array([2, 1, 0]))",0.8624994177651497,0.4515386201629175,0.696931803321564,0.5429329580272977,0.7349556045684741,10.46780842608837,0.6663847627958865,0.5863855444578855,xgboost,3-3-0,0-0-3
260,"[[161310 105650]
 [ 19906 123594]]","(array([0.        , 0.39575217, 1.        ]), array([0.        , 0.86128223, 1.        ]), array([2, 1, 0]))",0.8612822299651568,0.4470432228196037,0.6941090483847391,0.5391373383818115,0.732765028677514,10.565304990761357,0.6631575558560299,0.5827288877824676,xgboost,3-3-0,0-1-0
261,"[[75057 53347]
 [ 9385 59452]]","(array([0.        , 0.41546214, 1.        ]), array([0.        , 0.86366344, 1.        ]), array([2, 1, 0]))",0.8636634368145039,0.4317590775761893,0.6819525352234069,0.5270614101188841,0.7241006508392633,10.98518653286916,0.6546279371930674,0.5716175704234155,xgboost,3-3-0,0-1-1
262,"[[190443 125321]
 [ 24046 145706]]","(array([0.        , 0.39688185, 1.        ]), array([0.        , 0.85834629, 1.        ]), array([2, 1, 0]))",0.8583462934162779,0.4431167952291511,0.6923541139735868,0.5376069542886871,0.730732222473584,10.625918857726985,0.6611295002711108,0.5810297800392388,xgboost,3-3-0,0-1-2
263,"[[190072 124754]
 [ 24037 145271]]","(array([0.        , 0.39626333, 1.        ]), array([0.        , 0.85802797, 1.        ]), array([2, 1, 0]))",0.8580279726888275,0.4433791433172538,0.6926656669434496,0.5379909267660402,0.7308823199636192,10.615157852067737,0.6613252362103462,0.5813593317795308,xgboost,3-3-0,0-1-3
264,"[[30570 18697]
 [ 4100 22886]]","(array([0.        , 0.37950352, 1.        ]), array([0.        , 0.84806937, 1.        ]), array([2, 1, 0]))",0.8480693693026014,0.4499695421538218,0.7010347133883257,0.5503691412356011,0.7342829238377744,10.326091242940356,0.6675319750907844,0.5919262562203209,xgboost,3-3-0,0-2-0
265,"[[77031 50228]
 [ 9713 58996]]","(array([0.        , 0.39469114, 1.        ]), array([0.       , 0.8586357, 1.       ]), array([2, 1, 0]))",0.8586356954692981,0.4456956413550098,0.6941286332462443,0.5401376986742841,0.7319722768909367,10.564627684453917,0.6631260081041741,0.5834198633320479,xgboost,3-3-0,0-2-1
266,"[[65086 43103]
 [ 8106 49931]]","(array([0.        , 0.39840464, 1.        ]), array([0.        , 0.86033048, 1.        ]), array([2, 1, 0]))",0.8603304788324689,0.44357149474245694,0.6919314667982145,0.5366962615817873,0.7309629175535682,10.640517521055761,0.6610269343553693,0.5803595297705807,xgboost,3-3-0,0-2-2
267,"[[166383 110393]
 [ 20963 128158]]","(array([0.        , 0.39885322, 1.        ]), array([0.        , 0.85942288, 1.        ]), array([2, 1, 0]))",0.8594228847714273,0.44260479102484307,0.6915780106457665,0.5372352243335806,0.7302848302517135,10.652725382167514,0.661167172248705,0.5807808216074138,xgboost,3-3-0,0-2-3
268,"[[155715 102060]
 [ 19560 118634]]","(array([0.        , 0.39592668, 1.        ]), array([0.        , 0.85845985, 1.        ]), array([2, 1, 0]))",0.8584598463030233,0.44386675681285476,0.6928547436794295,0.5375497294897007,0.731266583029312,10.608627423012317,0.6611199037025479,0.5809867087181798,xgboost,3-3-0,0-3-0
269,"[[96394 68354]
 [12446 75858]]","(array([0.        , 0.41490033, 1.        ]), array([0.        , 0.85905508, 1.        ]), array([2, 1, 0]))",0.8590550824424714,0.42760188223277484,0.6806980383478495,0.5260172523784429,0.7220773749066218,11.028515041934172,0.6524970324622823,0.5702305638410469,xgboost,3-3-0,0-3-1
270,"[[59731 38899]
 [ 7438 45460]]","(array([0.        , 0.39439319, 1.        ]), array([0.        , 0.85938977, 1.        ]), array([2, 1, 0]))",0.8593897689893758,0.44619402547976506,0.6942017316931525,0.5388873741983665,0.732498291166086,10.562103276961444,0.6624070174927327,0.5823218064529352,xgboost,3-3-0,0-3-2
271,"[[159033 103971]
 [ 20148 121118]]","(array([0.        , 0.39532098, 1.        ]), array([0.        , 0.85737545, 1.        ]), array([2, 1, 0]))",0.8573754477368936,0.4434759343967701,0.6929799391495782,0.5380893779793771,0.7310272320128096,10.604302872595875,0.6612056611756357,0.5813913300602329,xgboost,3-3-0,0-3-3
272,"[[   960  32415]
 [  1186 203085]]","(array([0.        , 0.97123596, 1.        ]), array([0.        , 0.99419399, 1.        ]), array([2, 1, 0]))",0.9941939873990924,0.08432150385887123,0.8586090235055502,0.8623566878980892,0.5114790161714563,4.883580386777365,0.9235943252283574,0.8858507281436938,xgboost,3-3-0,1-0-0
273,"[[  1898  60401]
 [  2222 379291]]","(array([0.        , 0.96953402, 1.        ]), array([0.        , 0.99417582, 1.        ]), array([2, 1, 0]))",0.99417582100741,0.0892575043199741,0.858897461087127,0.8626288401881317,0.5123208997972731,4.873617862209389,0.9237425490590047,0.8860775757949538,xgboost,3-3-0,1-0-1
274,"[[   573  18271]
 [   710 114089]]","(array([0.        , 0.96959244, 1.        ]), array([0.        , 0.99381528, 1.        ]), array([2, 1, 0]))",0.9938152771365604,0.0864547470239012,0.8579723591957679,0.8619598065880931,0.51211141695928,4.905570244580312,0.9232032820977589,0.8854555529857707,xgboost,3-3-0,1-0-2
275,"[[   705  22239]
 [   828 137121]]","(array([0.        , 0.96927301, 1.        ]), array([0.        , 0.99399778, 1.        ]), array([2, 1, 0]))",0.993997781788922,0.08899494812025814,0.8566314258544498,0.8604480421686747,0.5123623846183103,4.951885646663651,0.9224140540649628,0.8842077976344775,xgboost,3-3-0,1-0-3
276,"[[  1121  36283]
 [  1275 225561]]","(array([0.        , 0.97002994, 1.        ]), array([0.       , 0.9943792, 1.       ]), array([2, 1, 0]))",0.9943791990689309,0.08954389579429985,0.8578640629730548,0.8614327614915751,0.5121746278736805,4.909311140000058,0.9231439797004175,0.8850999676662911,xgboost,3-3-0,1-1-0
277,"[[   930  30427]
 [  1430 190720]]","(array([0.        , 0.97034155, 1.        ]), array([0.       , 0.9925579, 1.       ]), array([2, 1, 0]))",0.9925578974759303,0.07548550568936133,0.8574675513518593,0.8624127842566257,0.5111081734724742,4.923005225624603,0.9229198373082795,0.8856379174878197,xgboost,3-3-0,1-1-1
278,"[[   627  20131]
 [   733 126153]]","(array([0.        , 0.96979478, 1.        ]), array([0.        , 0.99422316, 1.        ]), array([2, 1, 0]))",0.9942231609476223,0.0888845873217522,0.8586871122429628,0.8623841295015175,0.5122141915153373,4.880883255664192,0.9236226525606765,0.8858785262253134,xgboost,3-3-0,1-1-2
279,"[[   696  23867]
 [   978 150087]]","(array([0.       , 0.9716647, 1.       ]), array([0.        , 0.99352597, 1.        ]), array([2, 1, 0]))",0.9935259656439281,0.07803744064894363,0.8585362242922541,0.8627970612920657,0.510930633353251,4.88609437859238,0.9235583150523508,0.886116231206037,xgboost,3-3-0,1-1-3
280,"[[   852  28238]
 [  1264 176514]]","(array([0.        , 0.97071158, 1.        ]), array([0.        , 0.99289001, 1.        ]), array([2, 1, 0]))",0.9928900088874889,0.0766248514453018,0.8573873194500841,0.8620868172227866,0.511089212075233,4.925776631643798,0.9228766371264998,0.8854157261438262,xgboost,3-3-0,1-2-0
281,"[[  1231  39994]
 [  1724 247256]]","(array([0.        , 0.97013948, 1.        ]), array([0.        , 0.99307575, 1.        ]), array([2, 1, 0]))",0.993075749056149,0.07975843166490088,0.85624644647749,0.860769364664926,0.5114681352921739,4.965182035948751,0.9222012942207635,0.8843331092004176,xgboost,3-3-0,1-2-1
282,"[[  1812  59059]
 [  2097 364772]]","(array([0.        , 0.97023213, 1.        ]), array([0.        , 0.99428406, 1.        ]), array([2, 1, 0]))",0.9942840632487345,0.08830423186211257,0.8570252957404031,0.8606543645934347,0.5120259665030451,4.938281742721719,0.9226558745415455,0.8844274032546905,xgboost,3-3-0,1-2-2
283,"[[  1925  63780]
 [  2892 395692]]","(array([0.        , 0.97070238, 1.        ]), array([0.        , 0.99274431, 1.        ]), array([2, 1, 0]))",0.9927443148746563,0.07582125526064695,0.8563997854784412,0.8611884946199115,0.5110209665081752,4.959885541388196,0.9222987777021547,0.884634370562207,xgboost,3-3-0,1-2-3
284,"[[   973  35244]
 [   131 219788]]","(array([0.        , 0.97313416, 1.        ]), array([0.        , 0.99940433, 1.        ]), array([2, 1, 0]))",0.99940432613826,0.1397231920584658,0.8618897773058063,0.8618055773393143,0.5131350813119442,4.770268123113485,0.9255186324484,0.8862083453288465,xgboost,3-3-0,1-3-0
285,"[[  403 12227]
 [  413 76166]]","(array([0.        , 0.96809184, 1.        ]), array([0.        , 0.99460688, 1.        ]), array([2, 1, 0]))",0.9946068765588477,0.0970945058580699,0.8583102601755428,0.8616745669905989,0.5132575158724563,4.8938998342033875,0.9233809373711903,0.8853402642327927,xgboost,3-3-0,1-3-1
286,"[[  1981  68329]
 [  2502 426769]]","(array([0.        , 0.97182478, 1.        ]), array([0.        , 0.99417151, 1.        ]), array([2, 1, 0]))",0.9941715140319285,0.08240593789101747,0.8582191876792752,0.8619889395634803,0.5111733690199466,4.897045136866148,0.9233736743659728,0.8855366912302673,xgboost,3-3-0,1-3-2
287,"[[  1767  54168]
 [  1909 339085]]","(array([0.        , 0.96840976, 1.        ]), array([0.        , 0.99440166, 1.        ]), array([2, 1, 0]))",0.9944016610262937,0.09441248717728536,0.8587228446397215,0.8622566134269796,0.5129959498480892,4.879649197944736,0.9236265180518272,0.8857992085709241,xgboost,3-3-0,1-3-3
288,"[[113150  78722]
 [   129 191713]]","(array([0.        , 0.41028394, 1.        ]), array([0.        , 0.99932757, 1.        ]), array([2, 1, 0]))",0.9993275716475016,0.6456824190185038,0.7945058038017899,0.7089060217797253,0.7945218161773199,7.097682136758111,0.8294291085215142,0.7526527542003578,xgboost,3-3-0,2-0-0
289,"[[116246  88146]
 [   156 204414]]","(array([0.        , 0.43125954, 1.        ]), array([0.        , 0.99923742, 1.        ]), array([2, 1, 0]))",0.9992374248423522,0.6293563958488104,0.7840826287038893,0.6987079573420837,0.7839889421757653,7.457694148939228,0.8223764407700199,0.7434263643703493,xgboost,3-3-0,2-0-1
290,"[[ 59605  42195]
 [   670 101767]]","(array([0.        , 0.41448919, 1.        ]), array([0.        , 0.99345939, 1.        ]), array([2, 1, 0]))",0.9934593945547019,0.6346963199000233,0.7901212806690266,0.7069018213139578,0.7894851000278422,7.249119352425925,0.8260341965673561,0.7501787596659222,xgboost,3-3-0,2-0-2
291,"[[142530 106146]
 [   536 247817]]","(array([0.        , 0.42684457, 1.        ]), array([0.        , 0.99784178, 1.        ]), array([2, 1, 0]))",0.99784178165756,0.6305775125823617,0.785360612761026,0.7001211991083813,0.7854986064105008,7.41355256419784,0.8228803485213741,0.744550701385947,xgboost,3-3-0,2-0-3
292,"[[28986  9381]
 [  231 38420]]","(array([0.      , 0.244507, 1.      ]), array([0.        , 0.99402344, 1.        ]), array([2, 1, 0]))",0.9940234405319397,0.7723322173709803,0.8751980056610144,0.8037488755465367,0.8747582211651801,4.3106055692354275,0.8888169157451534,0.8357442735637685,xgboost,3-3-0,2-1-0
293,"[[126908  91386]
 [   168 218101]]","(array([0.        , 0.41863725, 1.        ]), array([0.        , 0.99923031, 1.        ]), array([2, 1, 0]))",0.9992303075562723,0.639051403758044,0.7902845637399413,0.7047178072099959,0.7902965284379985,7.243481939766788,0.8265221049121185,0.7488616051041843,xgboost,3-3-0,2-1-1
294,"[[49196 16731]
 [   61 65710]]","(array([0.       , 0.2537807, 1.       ]), array([0.        , 0.99907254, 1.        ]), array([2, 1, 0]))",0.999072539569111,0.7701399331040554,0.8724961654694832,0.7970548634781237,0.8726459213688837,4.403928011723375,0.8867028310798045,0.8306470982340375,xgboost,3-3-0,2-1-2
295,"[[132695  42107]
 [  1608 173548]]","(array([0.        , 0.24088397, 1.        ]), array([0.        , 0.99081961, 1.        ]), array([2, 1, 0]))",0.9908196122313823,0.7710580561660196,0.8750850102012242,0.8047483248707427,0.8749678203260548,4.314507108717373,0.8881428618948802,0.8361534666440542,xgboost,3-3-0,2-1-3
296,"[[115698  83067]
 [   150 198852]]","(array([0.        , 0.41791563, 1.        ]), array([0.        , 0.99924624, 1.        ]), array([2, 1, 0]))",0.999246238731269,0.6397575573875796,0.7907895828462391,0.7053515371436476,0.7906653048610688,7.226038800139317,0.8269632642367457,0.7494358088398239,xgboost,3-3-0,2-2-0
297,"[[ 95899  67463]
 [  1020 162484]]","(array([0.       , 0.4129663, 1.       ]), array([0.        , 0.99376162, 1.        ]), array([2, 1, 0]))",0.9937616205108132,0.6358350835358716,0.7904860095574333,0.7066150025875528,0.7903976623997242,7.23652189917,0.825942747635665,0.7499547675049755,xgboost,3-3-0,2-2-1
298,"[[123483  93910]
 [   156 216745]]","(array([0.        , 0.43198263, 1.        ]), array([0.        , 0.99928078, 1.        ]), array([2, 1, 0]))",0.9992807778663999,0.6285618297997518,0.7834047903033429,0.6977032399285381,0.7836490736654591,7.481106417676363,0.8216947584711386,0.7425210051790965,xgboost,3-3-0,2-2-2
299,"[[118930  90642]
 [   150 210465]]","(array([0.        , 0.43251007, 1.        ]), array([0.       , 0.9992878, 1.       ]), array([2, 1, 0]))",0.999287800014244,0.6288458775013978,0.7839247763495777,0.6989707977562793,0.7833888659376853,7.463146321892392,0.8225755390622251,0.7436699803468869,xgboost,3-3-0,2-2-3
300,"[[45774 14463]
 [  522 59521]]","(array([0.       , 0.2401016, 1.       ]), array([0.        , 0.99130623, 1.        ]), array([2, 1, 0]))",0.9913062305347834,0.7719345461870818,0.875415696707682,0.8045117863321799,0.875602315924795,4.303085540866059,0.8881941698314518,0.8360184168167223,xgboost,3-3-0,2-3-0
301,"[[29490  9119]
 [  362 38186]]","(array([0.        , 0.23618845, 1.        ]), array([0.        , 0.99060911, 1.        ]), array([2, 1, 0]))",0.9906091107191034,0.7744948485721513,0.8771206760242104,0.8072296797378713,0.8772103286248525,4.244195996852057,0.8895670506563546,0.8382652523620526,xgboost,3-3-0,2-3-1
302,"[[160080  51050]
 [  2027 210150]]","(array([0.        , 0.24179416, 1.        ]), array([0.        , 0.99044666, 1.        ]), array([2, 1, 0]))",0.9904466553867761,0.7700464707286521,0.8746134602073672,0.8045558958652373,0.8743262500634917,4.330794090722539,0.8878758368066044,0.8359341499486466,xgboost,3-3-0,2-3-2
303,"[[123715  87709]
 [  1467 209704]]","(array([0.        , 0.41484883, 1.        ]), array([0.        , 0.99305302, 1.        ]), array([2, 1, 0]))",0.9930530233791571,0.633176222607684,0.7889799926643714,0.7050935903945019,0.7891020944048804,7.288538803543721,0.8246582668743021,0.748502844399328,xgboost,3-3-0,2-3-3
304,"[[45346 28565]
 [ 1590 35005]]","(array([0.        , 0.38647833, 1.        ]), array([0.        , 0.95655144, 1.        ]), array([2, 1, 0]))",0.9565514414537505,0.5427712396007875,0.7271188894720648,0.5506528236589586,0.7850365547028735,9.425186349059102,0.698946737882494,0.6017189514396218,xgboost,3-3-0,3-0-0
305,"[[152668 105246]
 [    97 129538]]","(array([0.        , 0.40806625, 1.        ]), array([0.        , 0.99925175, 1.        ]), array([2, 1, 0]))",0.9992517452848382,0.5707897693008545,0.7281814686658977,0.5517326563990732,0.7955927453209088,9.388496619008729,0.7109289032679416,0.6060138233541142,xgboost,3-3-0,3-0-1
306,"[[39806 41099]
 [   13 40344]]","(array([0.        , 0.50799085, 1.        ]), array([0.        , 0.99967787, 1.        ]), array([2, 1, 0]))",0.9996778749659291,0.4933598546114768,0.6609655126915275,0.49536485640263744,0.7458435107479049,11.710107352693768,0.6624630541871921,0.5509533525069032,xgboost,3-3-0,3-0-2
307,"[[128618  68542]
 [  4199  94280]]","(array([0.        , 0.34764658, 1.        ]), array([0.        , 0.95736147, 1.        ]), array([2, 1, 0]))",0.9573614679271722,0.5777296311711536,0.7539533011544485,0.5790372308410411,0.8048574432352437,8.498337295651988,0.7216198942981467,0.6287286583698668,xgboost,3-3-0,3-0-3
308,"[[136458  99546]
 [    88 118206]]","(array([0.        , 0.42179794, 1.        ]), array([0.        , 0.99925609, 1.        ]), array([2, 1, 0]))",0.9992560907569277,0.5595526954158074,0.7187847518190902,0.5428469084095668,0.788729077564359,9.713055236146738,0.7035108288746184,0.5974212121273383,xgboost,3-3-0,3-1-0
309,"[[132439  79694]
 [  9195  97444]]","(array([0.        , 0.37567941, 1.        ]), array([0.        , 0.91377451, 1.        ]), array([2, 1, 0]))",0.9137745102635996,0.5109537121083705,0.7211517950133638,0.5501021802210706,0.7690475507953694,9.631275702021565,0.6867646074206155,0.5976758820938898,xgboost,3-3-0,3-1-1
310,"[[73025 55146]
 [   20 63534]]","(array([0.        , 0.43025333, 1.        ]), array([0.        , 0.99968531, 1.        ]), array([2, 1, 0]))",0.999685306983038,0.5519810455117181,0.7122649628373973,0.5353387259858443,0.7847159867728385,9.938246098325873,0.6972793221901512,0.5901641171596622,xgboost,3-3-0,3-1-2
311,"[[173799 119130]
 [    93 146628]]","(array([0.        , 0.40668558, 1.        ]), array([0.        , 0.99936614, 1.        ]), array([2, 1, 0]))",0.9993661439057804,0.5715642213689891,0.7288229273285568,0.5517350371390514,0.7963402824032042,9.366340939775492,0.7109598306822894,0.6060245355870165,xgboost,3-3-0,3-1-3
312,"[[47022 22405]
 [ 1792 32732]]","(array([0.        , 0.32271307, 1.        ]), array([0.        , 0.94809408, 1.        ]), array([2, 1, 0]))",0.9480940794809408,0.5901680323062262,0.7672268665044107,0.5936485481618514,0.8126905069794408,8.03987154917295,0.7301279263001752,0.6416227574959227,xgboost,3-3-0,3-2-0
313,"[[42941 29745]
 [   29 36414]]","(array([0.        , 0.40922599, 1.        ]), array([0.        , 0.99920424, 1.        ]), array([2, 1, 0]))",0.999204236753286,0.5694968215284497,0.7271669308799678,0.5504013059447694,0.7949891255031872,9.423538311609487,0.7098107249371356,0.6047250057293934,xgboost,3-3-0,3-2-1
314,"[[123322 141067]
 [    36 131436]]","(array([0.        , 0.53355851, 1.        ]), array([0.        , 0.99972618, 1.        ]), array([2, 1, 0]))",0.9997261774370209,0.47403583510519304,0.6435541768449027,0.48232863491411104,0.7330838354212855,12.311487523301782,0.6507135342533573,0.5380176899574616,xgboost,3-3-0,3-2-2
315,"[[ 94313 118361]
 [    27 106094]]","(array([0.        , 0.55653724, 1.        ]), array([0.        , 0.99974557, 1.        ]), array([2, 1, 0]))",0.9997455734491759,0.45756543576547104,0.6286390940886777,0.4726738098950792,0.7216041690280195,12.82664816258762,0.6418735782391946,0.5283876243723485,xgboost,3-3-0,3-2-3
316,"[[68398    36]
 [  217 34092]]","(array([0.        , 0.00052605, 1.        ]), array([0.        , 0.99367513, 1.        ]), array([2, 1, 0]))",0.9936751289749045,0.9944649525467364,0.997537545136895,0.9989451476793249,0.9965745373372054,0.08505045806935746,0.9963031693382234,0.997886676696659,xgboost,3-3-0,3-3-0
317,"[[116168 108798]
 [    41 112524]]","(array([0.        , 0.48361975, 1.        ]), array([0.        , 0.99963577, 1.        ]), array([2, 1, 0]))",0.9996357660018655,0.5120249689596379,0.6775436922830792,0.50841759969637,0.7580080095089384,11.137504047470882,0.674024445396197,0.5638305441783509,xgboost,3-3-0,3-3-1
318,"[[72317 92526]
 [   27 82274]]","(array([0.        , 0.56129772, 1.        ]), array([0.        , 0.99967194, 1.        ]), array([2, 1, 0]))",0.9996719359424552,0.4540574861044184,0.6255098242320267,0.470675057208238,0.7191871081470312,12.934731796968551,0.6400130687939759,0.5263844831932397,xgboost,3-3-0,3-3-2
319,"[[61176 44210]
 [   16 52640]]","(array([0.        , 0.41950544, 1.        ]), array([0.        , 0.99969614, 1.        ]), array([2, 1, 0]))",0.9996961409905804,0.5614214770098394,0.7201629946469926,0.5435209086215798,0.79009535191787,9.665451430908927,0.7041857851858788,0.5981056956387368,xgboost,3-3-0,3-3-3
320,"[[220491  34889]
 [ 41414  96225]]","(array([0.        , 0.13661602, 1.        ]), array([0.        , 0.69911144, 1.        ]), array([2, 1, 0]))",0.6991114437041827,0.5690976056564602,0.805854169900183,0.733903320774288,0.7812477102615203,6.705630395516785,0.716085029748505,0.7266706439408241,xgboost,2-0-0,0-0-0
321,"[[160081  25438]
 [ 30805  69100]]","(array([0.        , 0.13711803, 1.        ]), array([0.        , 0.69165707, 1.        ]), array([2, 1, 0]))",0.6916570742205095,0.5619914317285295,0.802949296485229,0.7309230150838816,0.7772695215916285,6.805961450117687,0.7107481369861606,0.7227171655262866,xgboost,2-0-0,0-0-1
322,"[[253727  38753]
 [ 47350 109841]]","(array([0.        , 0.13249795, 1.        ]), array([0.       , 0.6987741, 1.       ]), array([2, 1, 0]))",0.6987741028430381,0.574051389657851,0.8085200068494521,0.7392021212161999,0.7831380771326788,6.613553577460425,0.7184198047647856,0.7307465601869162,xgboost,2-0-0,0-0-2
323,"[[68505 10909]
 [13298 29640]]","(array([0.        , 0.13736873, 1.        ]), array([0.        , 0.69029764, 1.        ]), array([2, 1, 0]))",0.6902976384554473,0.5606141453283731,0.802152805021577,0.7309674714542899,0.7764644562690513,6.833471320452211,0.7100506665708434,0.7224545906578139,xgboost,2-0-0,0-0-3
324,"[[231470  35490]
 [ 43243 100257]]","(array([0.        , 0.13294126, 1.        ]), array([0.        , 0.69865505, 1.        ]), array([2, 1, 0]))",0.6986550522648084,0.5733780784367303,0.8081835014374117,0.7385577581825012,0.7828568938279391,6.625176289073968,0.7180524768395005,0.7302166971600377,xgboost,2-0-0,0-1-0
325,"[[110794  17610]
 [ 21059  47778]]","(array([0.        , 0.13714526, 1.        ]), array([0.        , 0.69407441, 1.        ]), array([2, 1, 0]))",0.6940744076586719,0.5639052746149568,0.8039504971075994,0.7306845292714259,0.7784645736932031,6.771381332104112,0.7119091078413112,0.7230567603642979,xgboost,2-0-0,0-1-1
326,"[[273925  41839]
 [ 51484 118268]]","(array([0.        , 0.13250086, 1.        ]), array([0.       , 0.6967105, 1.       ]), array([2, 1, 0]))",0.6967104953108063,0.5722809897362027,0.8077859432026957,0.7386810070765176,0.7821048201209154,6.638907232427215,0.717082147220479,0.7298871855637019,xgboost,2-0-0,0-1-2
327,"[[273130  41696]
 [ 51152 118156]]","(array([0.        , 0.13244141, 1.        ]), array([0.        , 0.69787606, 1.        ]), array([2, 1, 0]))",0.6978760601979824,0.5733713574364318,0.8082183858188022,0.7391587218176814,0.7827173240581943,6.6239711541207935,0.7179244136590107,0.7305160278762879,xgboost,2-0-0,0-1-3
328,"[[42444  6823]
 [ 8384 18602]]","(array([0.        , 0.13849027, 1.        ]), array([0.        , 0.68932039, 1.        ]), array([2, 1, 0]))",0.6893203883495146,0.5587055766016465,0.8005717807823954,0.7316420845624385,0.7754150605153098,6.888078217128153,0.7098509854801474,0.7227670453662404,xgboost,2-0-0,0-2-0
329,"[[109854  17405]
 [ 20649  48060]]","(array([0.        , 0.13676832, 1.        ]), array([0.        , 0.69947168, 1.        ]), array([2, 1, 0]))",0.699471684932105,0.5692666519115229,0.8058152351404311,0.734132742686932,0.7813516810314978,6.706975189445235,0.7163832038994142,0.7269284173652097,xgboost,2-0-0,0-2-1
330,"[[93391 14798]
 [17954 40083]]","(array([0.        , 0.13677915, 1.        ]), array([0.        , 0.69064562, 1.        ]), array([2, 1, 0]))",0.6906456226200527,0.5614392047653879,0.8029670448666274,0.7303620560849838,0.7769332338113898,6.805348362644153,0.7099488124125471,0.7220574936680585,xgboost,2-0-0,0-2-2
331,"[[240117  36659]
 [ 44979 104142]]","(array([0.        , 0.13245007, 1.        ]), array([0.        , 0.69837246, 1.        ]), array([2, 1, 0]))",0.6983724626310177,0.573841649905357,0.8083151560118996,0.7396396332412412,0.7829611973530265,6.6206287899889205,0.7184139182262814,0.7310005966377707,xgboost,2-0-0,0-2-3
332,"[[223737  34038]
 [ 43732  94462]]","(array([0.        , 0.13204539, 1.        ]), array([0.        , 0.68354632, 1.        ]), array([2, 1, 0]))",0.6835463189429353,0.5614653379603642,0.8035957360298407,0.735112840466926,0.7757504652614008,6.783631690686729,0.7083923897800475,0.7241863617267255,xgboost,2-0-0,0-3-0
333,"[[142177  22571]
 [ 27270  61034]]","(array([0.        , 0.13700318, 1.        ]), array([0.        , 0.69118047, 1.        ]), array([2, 1, 0]))",0.691180467475992,0.5615855419009661,0.8030404817982075,0.7300281083667245,0.7770886434303748,6.80281207819871,0.7100733527622173,0.7219131158864885,xgboost,2-0-0,0-3-1
334,"[[85573 13057]
 [16961 35937]]","(array([0.        , 0.13238366, 1.        ]), array([0.        , 0.67936406, 1.        ]), array([2, 1, 0]))",0.6793640591326704,0.5574302214813582,0.8018979990496806,0.7334979793444095,0.7734902015221296,6.842269614632775,0.7053939465316218,0.7219918512982473,xgboost,2-0-0,0-3-2
335,"[[227128  35876]
 [ 42626  98640]]","(array([0.        , 0.13640857, 1.        ]), array([0.        , 0.69825719, 1.        ]), array([2, 1, 0]))",0.6982571885662509,0.568523469924877,0.8058178939817449,0.7332956674298968,0.7809243084167509,6.706883298069815,0.7153476296495057,0.7260094504879807,xgboost,2-0-0,0-3-3
336,"[[  5519  27856]
 [  1623 202648]]","(array([0.       , 0.8346367, 1.       ]), array([0.        , 0.99205467, 1.        ]), array([2, 1, 0]))",0.9920546724694156,0.32034587913393886,0.8759541502907686,0.8791517717696873,0.5787089841747828,4.284485591727139,0.9321971134494853,0.8996286026563389,xgboost,2-0-0,1-0-0
337,"[[ 10334  51965]
 [  3158 378355]]","(array([0.        , 0.83412254, 1.        ]), array([0.        , 0.99172243, 1.        ]), array([2, 1, 0]))",0.991722431476778,0.31887259479146457,0.875796508431498,0.879241029931214,0.5787999466971523,4.289930245908453,0.9321005674812431,0.8996487053171663,xgboost,2-0-0,1-0-1
338,"[[   557  18287]
 [  1262 113537]]","(array([0.        , 0.97044152, 1.        ]), array([0.        , 0.98900687, 1.        ]), array([2, 1, 0]))",0.9890068728821679,0.055762883119844356,0.853722230120545,0.8612771574220173,0.5092826765175009,5.052364598088303,0.9207332649428479,0.8841137214898108,xgboost,2-0-0,1-0-2
339,"[[  3850  19094]
 [  1322 136627]]","(array([0.        , 0.83220014, 1.        ]), array([0.        , 0.99041675, 1.        ]), array([2, 1, 0]))",0.9904167482185445,0.3136483929765974,0.8731082147762799,0.8773832687948317,0.5791083043742653,4.382781888533552,0.9304797902407463,0.8978777208664712,xgboost,2-0-0,1-0-3
340,"[[  6211  31193]
 [  1736 225100]]","(array([0.        , 0.83394824, 1.        ]), array([0.        , 0.99234689, 1.        ]), array([2, 1, 0]))",0.992346893791109,0.3232931624290518,0.8753822282773236,0.8782916427682379,0.5791993264806257,4.304239743228331,0.9318422201937785,0.8989559172145865,xgboost,2-0-0,1-1-0
341,"[[  5170  26187]
 [  1599 190551]]","(array([0.        , 0.83512453, 1.        ]), array([0.        , 0.99167838, 1.        ]), array([2, 1, 0]))",0.9916783762685402,0.31726443552256745,0.8756817459855843,0.8791767018243225,0.5782769213357881,4.293894061335406,0.9320449609673065,0.8995875751344065,xgboost,2-0-0,1-1-1
342,"[[  3417  17341]
 [  1227 125659]]","(array([0.        , 0.83538877, 1.        ]), array([0.       , 0.9903299, 1.       ]), array([2, 1, 0]))",0.9903299024321044,0.3085689484843755,0.8742380320229742,0.8787342657342657,0.5774705683275273,4.343758404809805,0.9312005809860461,0.8989949719982945,xgboost,2-0-0,1-1-2
343,"[[  4068  20495]
 [  1429 149636]]","(array([0.        , 0.83438505, 1.        ]), array([0.       , 0.9905405, 1.       ]), array([2, 1, 0]))",0.9905404958130606,0.31104639224418223,0.8751679686610335,0.8795340061482034,0.5780777225635347,4.311638926773372,0.931742611987696,0.8996992504710861,xgboost,2-0-0,1-1-3
344,"[[  4808  24282]
 [  1386 176392]]","(array([0.        , 0.83471983, 1.        ]), array([0.        , 0.99220376, 1.        ]), array([2, 1, 0]))",0.9922037597453003,0.3212298862942135,0.8759208770810372,0.8789977774898592,0.5787419623752283,4.285634937880037,0.932176339403676,0.8995241077274868,xgboost,2-0-0,1-2-0
345,"[[  6710  34515]
 [  2443 246537]]","(array([0.        , 0.83723469, 1.        ]), array([0.        , 0.99018797, 1.        ]), array([2, 1, 0]))",0.9901879669049722,0.3055246706538488,0.8726486449234162,0.8771935442551556,0.5764766396077317,4.398655075234446,0.9302721345126331,0.8976811623754357,xgboost,2-0-0,1-2-1
346,"[[ 10135  50736]
 [  2997 363872]]","(array([0.        , 0.83350035, 1.        ]), array([0.        , 0.99183087, 1.        ]), array([2, 1, 0]))",0.991830871509994,0.32065726484578033,0.8743792958339178,0.8776289893103848,0.579165259152017,4.338880255302179,0.9312417384004904,0.8983158552728705,xgboost,2-0-0,1-2-2
347,"[[ 10727  54978]
 [  3335 395249]]","(array([0.        , 0.83673997, 1.        ]), array([0.        , 0.99163288, 1.        ]), array([2, 1, 0]))",0.991632880396604,0.3150295945036494,0.8744036580664198,0.8778882652528613,0.5774464531349126,4.338038653045718,0.9313003719320321,0.8985006537873291,xgboost,2-0-0,1-2-3
348,"[[   686  35531]
 [  2969 216950]]","(array([0.        , 0.98105862, 1.        ]), array([0.        , 0.98649957, 1.        ]), array([2, 1, 0]))",0.9864995748434651,0.01598471075238484,0.8496892275978386,0.8592725789267311,0.5027204779814145,5.191661077319679,0.9185012701100762,0.8820231525487399,xgboost,2-0-0,1-3-0
349,"[[  394 12236]
 [  771 75808]]","(array([0.        , 0.96880443, 1.        ]), array([0.        , 0.98993197, 1.        ]), array([2, 1, 0]))",0.9899319656824979,0.06487725098299335,0.8541963254828548,0.8610240334378265,0.5105637658974643,5.035990185326135,0.9209891691926402,0.8840479994402397,xgboost,2-0-0,1-3-1
350,"[[ 11567  58743]
 [  3419 425852]]","(array([0.        , 0.83548571, 1.        ]), array([0.        , 0.99203533, 1.        ]), array([2, 1, 0]))",0.9920353343226074,0.3191494026482953,0.8755717291089934,0.8787791867435694,0.578274814082083,4.297694245802543,0.931979086649465,0.8993132856151518,xgboost,2-0-0,1-3-2
351,"[[  9223  46712]
 [  2772 338222]]","(array([0.        , 0.83511218, 1.        ]), array([0.        , 0.99187082, 1.        ]), array([2, 1, 0]))",0.991870824706593,0.3186056088174373,0.8753328680947978,0.878649326897598,0.5783793204609214,4.305944292104935,0.9318334600676651,0.8991774470551327,xgboost,2-0-0,1-3-3
352,"[[191820     52]
 [  1280 190562]]","(array([0.        , 0.00027101, 1.        ]), array([0.        , 0.99332784, 1.        ]), array([2, 1, 0]))",0.9933278427038917,0.9930776679159556,0.9965286645783057,0.9997271973727009,0.9965284143472761,0.11989578628115674,0.9965172464283473,0.9984407386371973,xgboost,2-0-0,2-0-0
353,"[[ 89693 114699]
 [ 18289 186281]]","(array([0.        , 0.56117167, 1.        ]), array([0.        , 0.91059784, 1.        ]), array([2, 1, 0]))",0.9105978393703866,0.39633629375283114,0.6748157530528509,0.6189148780649877,0.6747130846231557,11.231690250517232,0.7369439224606864,0.6612791003131011,xgboost,2-0-0,2-0-1
354,"[[ 60652  41148]
 [   789 101648]]","(array([0.        , 0.40420432, 1.        ]), array([0.       , 0.9922977, 1.       ]), array([2, 1, 0]))",0.9922977049308356,0.6411526600178723,0.7946650215191174,0.7118406678058209,0.7940466913652213,7.092180004154129,0.8289912042832734,0.7544895423390899,xgboost,2-0-0,2-0-2
355,"[[128271 120405]
 [  2808 245545]]","(array([0.        , 0.48418424, 1.        ]), array([0.        , 0.98869351, 1.        ]), array([2, 1, 0]))",0.9886935128627398,0.5724576447777306,0.7521009840472085,0.6709796420275994,0.7522546365645553,8.562322382546514,0.7994263417238724,0.7170650052886629,xgboost,2-0-0,2-0-3
356,"[[16570 21797]
 [  240 38411]]","(array([0.        , 0.56811844, 1.        ]), array([0.        , 0.99379059, 1.        ]), array([2, 1, 0]))",0.9937905875656516,0.5152566085922267,0.7138720818509958,0.6379716981132075,0.7128360762260713,9.882734480768557,0.7770865576224724,0.6871795422261818,xgboost,2-0-0,2-1-0
357,"[[125451  92843]
 [  1665 216604]]","(array([0.        , 0.42531174, 1.        ]), array([0.       , 0.9923718, 1.       ]), array([2, 1, 0]))",0.9923717981023416,0.6240979309296464,0.7835180718475913,0.6999712390166976,0.7835300312765182,7.477190958817926,0.8209112477165749,0.7438032989093148,xgboost,2-0-0,2-1-1
358,"[[35737 30190]
 [  441 65330]]","(array([0.        , 0.45793074, 1.        ]), array([0.        , 0.99329492, 1.        ]), array([2, 1, 0]))",0.9932949172127533,0.5996926856833313,0.7674148430500084,0.6839405360134003,0.7676820878174738,8.03339002565663,0.8100885976278901,0.7293720456133849,xgboost,2-0-0,2-1-2
359,"[[ 71993 102809]
 [  1552 173604]]","(array([0.        , 0.58814544, 1.        ]), array([0.        , 0.99113933, 1.        ]), array([2, 1, 0]))",0.9911393272282993,0.49457066537473804,0.7017899290772035,0.6280601853024279,0.7014969413340842,10.3000458602503,0.7688924616171615,0.6777128187831432,xgboost,2-0-0,2-1-3
360,"[[127464  71301]
 [  2012 196990]]","(array([0.       , 0.3587201, 1.       ]), array([0.        , 0.98988955, 1.        ]), array([2, 1, 0]))",0.9898895488487552,0.6735145146242423,0.8156885815062587,0.7342400602331051,0.815584726126136,6.366034200766926,0.8431112813588048,0.7742307214624505,xgboost,2-0-0,2-2-0
361,"[[ 90137  73225]
 [  1168 162336]]","(array([0.        , 0.44823766, 1.        ]), array([0.        , 0.99285644, 1.        ]), array([2, 1, 0]))",0.9928564438790488,0.606922664468191,0.7724052058029897,0.6891463357686544,0.7723093938154808,7.861024832403545,0.8135817473343941,0.7340551373368976,xgboost,2-0-0,2-2-1
362,"[[ 91996 125397]
 [  2794 214107]]","(array([0.       , 0.5768217, 1.       ]), array([0.        , 0.98711855, 1.        ]), array([2, 1, 0]))",0.9871185471712901,0.496647238019004,0.7048289868153831,0.6306464725010603,0.7051484231902783,10.195076496472321,0.769608468651432,0.6797405831545407,xgboost,2-0-0,2-2-2
363,"[[108013 101559]
 [  2508 208107]]","(array([0.        , 0.48460195, 1.        ]), array([0.        , 0.98809202, 1.        ]), array([2, 1, 0]))",0.9880920162381597,0.5717853436087541,0.7523316999336009,0.6720369688632268,0.7517450327979491,8.554353298423283,0.7999792419865419,0.7179673479019568,xgboost,2-0-0,2-2-3
364,"[[34818 25419]
 [  523 59520]]","(array([0.        , 0.42198317, 1.        ]), array([0.        , 0.99128958, 1.        ]), array([2, 1, 0]))",0.9912895758040071,0.624907796677173,0.7843199201862321,0.7007381768092396,0.784653204655826,7.44949502996218,0.821067442854975,0.7443740479590994,xgboost,2-0-0,2-3-0
365,"[[24039 14570]
 [  309 38239]]","(array([0.        , 0.37737315, 1.        ]), array([0.        , 0.99198402, 1.        ]), array([2, 1, 0]))",0.9919840199232126,0.6612410689771718,0.807159428178908,0.7241000587021151,0.807305434292721,6.660628382576228,0.8371334435237584,0.7654413413188995,xgboost,2-0-0,2-3-1
366,"[[116503  94627]
 [  1538 210639]]","(array([0.        , 0.44819306, 1.        ]), array([0.        , 0.99275133, 1.        ]), array([2, 1, 0]))",0.9927513349703314,0.6071735339035549,0.772824451284765,0.6900178860403714,0.7722791392797947,7.846544223276755,0.8141534429879234,0.7348345463184489,xgboost,2-0-0,2-3-2
367,"[[125838  85586]
 [  1784 209387]]","(array([0.       , 0.4048074, 1.       ]), array([0.        , 0.99155187, 1.        ]), array([2, 1, 0]))",0.9915518702852191,0.6389831110828256,0.7932535879506383,0.7098514101290626,0.7933722345220555,7.140930034593421,0.8273811405449832,0.7526150864482773,xgboost,2-0-0,2-3-3
368,"[[39208 34703]
 [ 1717 34878]]","(array([0.        , 0.46952416, 1.        ]), array([0.        , 0.95308102, 1.        ]), array([2, 1, 0]))",0.9530810219975406,0.4712737939831013,0.6704251352867717,0.5012575271985168,0.7417784322824763,11.383363661088692,0.6569846292947559,0.5537614434187837,xgboost,2-0-0,3-0-0
369,"[[139713 118201]
 [  8242 121393]]","(array([0.        , 0.45829618, 1.        ]), array([0.        , 0.93642149, 1.        ]), array([2, 1, 0]))",0.936421491109654,0.4643415436454438,0.673736740386377,0.5066612686461264,0.7390626574324296,11.268977643904481,0.6575485674202188,0.5578666024516297,xgboost,2-0-0,3-0-1
370,"[[43139 37766]
 [ 2612 37745]]","(array([0.        , 0.46679439, 1.        ]), array([0.        , 0.93527765, 1.        ]), array([2, 1, 0]))",0.9352776470005204,0.45544484192335316,0.6670185218782471,0.4998609474116354,0.734241629260102,11.501021844190698,0.6515172437601409,0.5511812173445756,xgboost,2-0-0,3-0-2
371,"[[107929  89231]
 [  1962  96517]]","(array([0.        , 0.45258166, 1.        ]), array([0.        , 0.98007697, 1.        ]), array([2, 1, 0]))",0.980076970724723,0.5144660106766843,0.6915393435913394,0.5196125934061201,0.763747655579444,10.654094976168176,0.6791543379059695,0.5735016417678089,xgboost,2-0-0,3-0-3
372,"[[124458 111546]
 [  8588 109706]]","(array([0.        , 0.47264453, 1.        ]), array([0.        , 0.92740122, 1.        ]), array([2, 1, 0]))",0.9274012206874398,0.442869348145042,0.6609238550598648,0.4958418454974418,0.7273783446194102,11.711526893522256,0.6461922684997026,0.5467247149910993,xgboost,2-0-0,3-1-0
373,"[[111627 100506]
 [  9385  97254]]","(array([0.        , 0.47378767, 1.        ]), array([0.       , 0.9119928, 1.       ]), array([2, 1, 0]))",0.9119927981320155,0.4260456716123731,0.655267714855759,0.4917779126213592,0.7191025635948647,11.906883418720746,0.6389902726355868,0.5416969763133592,xgboost,2-0-0,3-1-1
374,"[[76642 51529]
 [ 1556 61998]]","(array([0.        , 0.40203322, 1.        ]), array([0.        , 0.97551688, 1.        ]), array([2, 1, 0]))",0.97551688328036,0.5493384241912889,0.7231190507236928,0.5461079743144802,0.7867418310184325,9.56334409899499,0.7002219323360497,0.5988270338560683,xgboost,2-0-0,3-1-2
375,"[[158714 134215]
 [  8934 137787]]","(array([0.       , 0.4581827, 1.       ]), array([0.        , 0.93910892, 1.        ]), array([2, 1, 0]))",0.9391089210133519,0.46689641931139114,0.6744023655180257,0.5065661281902339,0.740463110725671,11.245987990729365,0.6581295988039827,0.5579645412070179,xgboost,2-0-0,3-1-3
376,"[[37149 32278]
 [ 2102 32422]]","(array([0.        , 0.46491999, 1.        ]), array([0.        , 0.93911482, 1.        ]), array([2, 1, 0]))",0.9391148186768624,0.46068499374141425,0.6692672509162971,0.501112828438949,0.7370974153879508,11.423352751420197,0.6535112472788842,0.5526653120781115,xgboost,2-0-0,3-2-0
377,"[[39072 33614]
 [ 2106 34337]]","(array([0.        , 0.46245494, 1.        ]), array([0.        , 0.94221112, 1.        ]), array([2, 1, 0]))",0.9422111242213869,0.4667909992709571,0.6726809555663481,0.505320010007211,0.739878090520566,11.305445578116066,0.6578347414602371,0.5569721684233747,xgboost,2-0-0,3-2-1
378,"[[139084 125305]
 [ 12110 119362]]","(array([0.        , 0.47394181, 1.        ]), array([0.        , 0.90788913, 1.        ]), array([2, 1, 0]))",0.9078891322867226,0.42064948973769606,0.6528705783090529,0.4878549211785815,0.7169736634204795,11.989678578750222,0.6346696301101454,0.5375988614048678,xgboost,2-0-0,3-2-2
379,"[[108302 104372]
 [   417 105704]]","(array([0.        , 0.49076051, 1.        ]), array([0.        , 0.99607052, 1.        ]), array([2, 1, 0]))",0.9960705232706062,0.5023134759486159,0.6712966012641353,0.5031702812315543,0.7526550082898071,11.353274973664206,0.6685958437303327,0.5584383337295612,xgboost,2-0-0,3-2-3
380,"[[37668 30766]
 [  823 33486]]","(array([0.        , 0.44957185, 1.        ]), array([0.        , 0.97601213, 1.        ]), array([2, 1, 0]))",0.9760121250983707,0.5129395393093261,0.6925435309461472,0.5211666562908548,0.7632201374242474,10.619409672224592,0.6794979758728098,0.574734739132972,xgboost,2-0-0,3-3-0
381,"[[122362 102604]
 [  7178 105387]]","(array([0.       , 0.4560867, 1.       ]), array([0.       , 0.9362324, 1.       ]), array([2, 1, 0]))",0.9362323990583219,0.46548850248857127,0.6747498748263122,0.5066901933256728,0.7400728507564576,11.23398441056025,0.6575262980571258,0.5578812296922593,xgboost,2-0-0,3-3-1
382,"[[83943 80900]
 [ 4137 78164]]","(array([0.        , 0.49077001, 1.        ]), array([0.       , 0.9497333, 1.       ]), array([2, 1, 0]))",0.9497332960717366,0.4516387106333751,0.6559212442948241,0.4913996881758286,0.72948164533633,11.884320945384568,0.6476829697760652,0.543895613013303,xgboost,2-0-0,3-3-2
383,"[[62500 42886]
 [ 3306 49350]]","(array([0.       , 0.4069421, 1.       ]), array([0.        , 0.93721513, 1.        ]), array([2, 1, 0]))",0.9372151321786691,0.5070280172912259,0.7077232634363018,0.5350405481590702,0.7651365168038506,10.095097826964386,0.6811970295116363,0.5852703984819734,xgboost,2-0-0,3-3-3
384,"[[146772 108608]
 [ 27565 110074]]","(array([0.        , 0.42527997, 1.        ]), array([0.        , 0.79972973, 1.        ]), array([2, 1, 0]))",0.7997297277661128,0.35954763888252295,0.6535205677079226,0.503351899104636,0.6872248764134032,11.967196600423568,0.6178361645819359,0.543646721001376,xgboost,1-0-0,0-0-0
385,"[[106607  78912]
 [ 19954  79951]]","(array([0.        , 0.42535805, 1.        ]), array([0.        , 0.80027026, 1.        ]), array([2, 1, 0]))",0.8002702567439067,0.3599615076066341,0.6536170749481474,0.5032701132422276,0.6874561035820397,11.963863462398576,0.6179357571260743,0.5436203095911237,xgboost,1-0-0,0-0-1
386,"[[168098 124382]
 [ 31354 125837]]","(array([0.        , 0.42526668, 1.        ]), array([0.        , 0.80053565, 1.        ]), array([2, 1, 0]))",0.8005356540768873,0.36018468263352094,0.6536667919434431,0.5029074530711097,0.6876344845876777,11.96214640518373,0.6177413416460077,0.5433062163070014,xgboost,1-0-0,0-0-2
387,"[[45736 33678]
 [ 8610 34328]]","(array([0.       , 0.4240814, 1.       ]), array([0.        , 0.79947832, 1.        ]), array([2, 1, 0]))",0.7994783175741768,0.36058091831124783,0.6543742644174186,0.5047789900891098,0.6876984606734057,11.93771009080552,0.6188347274300547,0.5449546294473618,xgboost,1-0-0,0-0-3
388,"[[153300 113660]
 [ 28689 114811]]","(array([0.        , 0.42575667, 1.        ]), array([0.        , 0.80007666, 1.        ]), array([2, 1, 0]))",0.8000766550522648,0.359297300556494,0.6531964137796619,0.5025189192501456,0.6871599936933485,11.978392933009442,0.6173115646112197,0.5429011598435385,xgboost,1-0-0,0-1-0
389,"[[73809 54595]
 [13834 55003]]","(array([0.        , 0.42518146, 1.        ]), array([0.       , 0.7990325, 1.       ]), array([2, 1, 0]))",0.7990324970582681,0.35862363102721756,0.6530690880699246,0.5018613478348145,0.6869255192683633,11.982790514898248,0.6165046095216745,0.5421910024860567,xgboost,1-0-0,0-1-1
390,"[[181498 134266]
 [ 33994 135758]]","(array([0.        , 0.42520997, 1.        ]), array([0.        , 0.79974315, 1.        ]), array([2, 1, 0]))",0.7997431547198266,0.3594697132690253,0.6534408752749652,0.502762717388084,0.6872665938912468,11.969949239481776,0.6173961289383686,0.5430980407217517,xgboost,1-0-0,0-1-2
391,"[[181006 133820]
 [ 33916 135392]]","(array([0.        , 0.42506019, 1.        ]), array([0.        , 0.79967869, 1.        ]), array([2, 1, 0]))",0.7996786920877926,0.35956351085855615,0.6535339389507864,0.5029196321114958,0.6873092500543655,11.96673482859053,0.6174952111648272,0.5432385672419825,xgboost,1-0-0,0-1-3
392,"[[28361 20906]
 [ 5354 21632]]","(array([0.        , 0.42434084, 1.        ]), array([0.        , 0.80160083, 1.        ]), array([2, 1, 0]))",0.8016008300600311,0.3632352219046045,0.6556201067498983,0.508533546476092,0.6886299966972573,11.89467935050726,0.6222887060583395,0.5486511986527204,xgboost,1-0-0,0-2-0
393,"[[73300 53959]
 [13822 54887]]","(array([0.       , 0.4240093, 1.       ]), array([0.        , 0.79883276, 1.        ]), array([2, 1, 0]))",0.7988327584450363,0.35992140118654253,0.6541221015676029,0.5042629035518071,0.6874117272922028,11.946419559832098,0.6182534989158288,0.5444134316485252,xgboost,1-0-0,0-2-1
394,"[[62186 46003]
 [11580 46457]]","(array([0.        , 0.42520959, 1.        ]), array([0.        , 0.80047211, 1.        ]), array([2, 1, 0]))",0.8004721126178128,0.36005941077664144,0.6535860815997497,0.5024551157257192,0.6876312628456154,11.964934156081013,0.6173810773636683,0.5428779766147748,xgboost,1-0-0,0-2-2
395,"[[159023 117753]
 [ 29819 119302]]","(array([0.        , 0.42544513, 1.        ]), array([0.        , 0.80003487, 1.        ]), array([2, 1, 0]))",0.8000348710107898,0.3596794677073109,0.6535030770350577,0.5032671742844488,0.6872948728554542,11.967800818380875,0.6178633576400397,0.5435958375746464,xgboost,1-0-0,0-2-3
396,"[[148237 109538]
 [ 27831 110363]]","(array([0.        , 0.42493648, 1.        ]), array([0.       , 0.7986092, 1.       ]), array([2, 1, 0]))",0.7986092015572311,0.35842853249126416,0.653081428091593,0.5018758441298584,0.6868363629743288,11.982364177235578,0.6163895055781287,0.5421655377589659,xgboost,1-0-0,0-3-0
397,"[[94689 70059]
 [17704 70600]]","(array([0.        , 0.42524947, 1.        ]), array([0.        , 0.79951078, 1.        ]), array([2, 1, 0]))",0.7995107809385759,0.3590226114816689,0.6531819546970583,0.5019230905949851,0.6871306545089121,11.97889228989658,0.6166935269017265,0.5422926844256,xgboost,1-0-0,0-3-1
398,"[[56523 42107]
 [10579 42319]]","(array([0.        , 0.42691879, 1.        ]), array([0.        , 0.80001134, 1.        ]), array([2, 1, 0]))",0.8000113425838405,0.35804275214557985,0.6523018848001689,0.5012555373936939,0.6865462775983179,12.009289648060145,0.6163380035536395,0.5417150961848635,xgboost,1-0-0,0-3-2
399,"[[151256 111748]
 [ 28384 112882]]","(array([0.        , 0.42489088, 1.        ]), array([0.        , 0.79907409, 1.        ]), array([2, 1, 0]))",0.7990740871830447,0.359045011128727,0.6533702723427413,0.5025241508258025,0.6870916054993261,11.972387679484635,0.6170168572490544,0.5428136174174302,xgboost,1-0-0,0-3-3
400,"[[ 33316     59]
 [  1329 202942]]","(array([0.        , 0.00176779, 1.        ]), array([0.        , 0.99349394, 1.        ]), array([2, 1, 0]))",0.9934939369758801,0.9764193709343563,0.9941593799180294,0.9997093610376303,0.9958630733568539,0.2017280695336115,0.9965919581999254,0.9984600624830876,xgboost,1-0-0,1-0-0
401,"[[ 33854  28445]
 [119984 261529]]","(array([0.        , 0.45658839, 1.        ]), array([0.        , 0.68550482, 1.        ]), array([2, 1, 0]))",0.6855048189707821,0.167093990852419,0.6655588402296468,0.901904998379165,0.6144582153570745,11.55123968272399,0.7789547675532065,0.8483439502429271,xgboost,1-0-0,1-0-1
402,"[[  1717  17127]
 [  1193 113606]]","(array([0.        , 0.90888346, 1.        ]), array([0.        , 0.98960792, 1.        ]), array([2, 1, 0]))",0.989607923413967,0.19249596755984658,0.8629183720808422,0.8689925267530004,0.54036222959066,4.7347341668471286,0.9253865076649888,0.8907047015120795,xgboost,1-0-0,1-0-2
403,"[[  2077  20867]
 [  3571 134378]]","(array([0.        , 0.90947524, 1.        ]), array([0.        , 0.97411362, 1.        ]), array([2, 1, 0]))",0.9741136217007734,0.12280841828429377,0.8481102347522887,0.8655866533543753,0.5323191888141245,5.246190342267242,0.9166490446598499,0.8853133824112664,xgboost,1-0-0,1-0-3
404,"[[ 18707  18697]
 [ 61025 165811]]","(array([0.        , 0.49986632, 1.        ]), array([0.        , 0.73097304, 1.        ]), array([2, 1, 0]))",0.7309730377894161,0.17551071925276576,0.6982970027247957,0.8986656405142325,0.6155533566660694,10.420508938193393,0.8061914115679334,0.8592418859367291,xgboost,1-0-0,1-1-0
405,"[[  2797  28560]
 [ 20135 172015]]","(array([0.        , 0.91080142, 1.        ]), array([0.        , 0.89521207, 1.        ]), array([2, 1, 0]))",0.8952120739005985,-0.017842506620270666,0.7821321032450885,0.8576093730524741,0.4922053289744087,7.524992743192752,0.8760073843019924,0.8648750565639298,xgboost,1-0-0,1-1-1
406,"[[11263  9495]
 [35690 91196]]","(array([0.        , 0.45741401, 1.        ]), array([0.        , 0.71872389, 1.        ]), array([2, 1, 0]))",0.7187238938890027,0.19504213651826638,0.6939597951830078,0.9057016019306592,0.6306549424161267,10.57030562421527,0.8014518163083265,0.8609081468894553,xgboost,1-0-0,1-1-2
407,"[[ 15318   9245]
 [ 41570 109495]]","(array([0.        , 0.37637911, 1.        ]), array([0.        , 0.72482044, 1.        ]), array([2, 1, 0]))",0.7248204415317909,0.2582518523242169,0.7106668640535677,0.9221408118578407,0.6742206673725804,9.993254576637145,0.8116602731602452,0.8745257777245317,xgboost,1-0-0,1-1-3
408,"[[  3839  25251]
 [ 20014 157764]]","(array([0.        , 0.86803025, 1.        ]), array([0.        , 0.88742139, 1.        ]), array([2, 1, 0]))",0.8874213907232616,0.02110568044860186,0.7811889707446295,0.862027702647324,0.5096955698889598,7.5575628137282775,0.874540248840748,0.8669895080223071,xgboost,1-0-0,1-2-0
409,"[[ 24009  17216]
 [ 78419 170561]]","(array([0.        , 0.41761067, 1.        ]), array([0.        , 0.68503896, 1.        ]), array([2, 1, 0]))",0.6850389589525263,0.1953616701756632,0.6704570906772799,0.9083167800103314,0.6337141429086464,11.38205629260916,0.781033847196496,0.8527299597635408,xgboost,1-0-0,1-2-1
410,"[[ 32488  28383]
 [117573 249296]]","(array([0.        , 0.46628115, 1.        ]), array([0.        , 0.67952321, 1.        ]), array([2, 1, 0]))",0.6795232085567328,0.15610907564524942,0.6587740216019077,0.8977848522934756,0.6066210283062287,11.785580825897615,0.7735529394242167,0.8435927543931484,xgboost,1-0-0,1-2-2
411,"[[ 34575  31130]
 [125663 272921]]","(array([0.        , 0.47378434, 1.        ]), array([0.        , 0.68472643, 1.        ]), array([2, 1, 0]))",0.6847264315677498,0.1546558720914803,0.6622943899166253,0.8976158604970876,0.6054710462381783,11.663992165989791,0.7768500003558035,0.8450675878195776,xgboost,1-0-0,1-2-3
412,"[[  3377  32840]
 [ 11930 207989]]","(array([0.       , 0.9067565, 1.       ]), array([0.        , 0.94575275, 1.        ]), array([2, 1, 0]))",0.9457527544232195,0.057320652418476496,0.8252100446637723,0.8636376848303153,0.51949812942742,6.037133702329071,0.9028319167961661,0.8788997958985325,xgboost,1-0-0,1-3-0
413,"[[ 7889  4741]
 [20936 55643]]","(array([0.        , 0.37537609, 1.        ]), array([0.        , 0.72660912, 1.        ]), array([2, 1, 0]))",0.726609122605414,0.26182208595881973,0.7121702967189409,0.9214858240593534,0.6756165169638314,9.941328255933124,0.8125260106744157,0.8745736604686983,xgboost,1-0-0,1-3-1
414,"[[ 44344  25966]
 [152575 276696]]","(array([0.        , 0.36930735, 1.        ]), array([0.        , 0.64457184, 1.        ]), array([2, 1, 0]))",0.6445718438934845,0.19588525901919362,0.642618514314996,0.9142079283160753,0.6376322453715751,12.34356078127595,0.756069203055471,0.8436270327985712,xgboost,1-0-0,1-3-2
415,"[[ 35345  20590]
 [135892 205102]]","(array([0.        , 0.36810584, 1.        ]), array([0.        , 0.60148272, 1.        ]), array([2, 1, 0]))",0.6014827240362001,0.16395178313025865,0.605768286015887,0.9087694734416816,0.6166884434519071,13.616322494802594,0.7238647152038343,0.8245226980724609,xgboost,1-0-0,1-3-3
416,"[[ 89024 102848]
 [   777 191065]]","(array([0.        , 0.53602402, 1.        ]), array([0.        , 0.99594979, 1.        ]), array([2, 1, 0]))",0.9959497920163468,0.5431445341695055,0.729942092287485,0.6500733210167635,0.7299628880028366,9.327684006627644,0.7866722936459738,0.6985953868901801,xgboost,1-0-0,2-0-0
417,"[[131279  73113]
 [  1215 203355]]","(array([0.       , 0.3577097, 1.       ]), array([0.        , 0.99406071, 1.        ]), array([2, 1, 0]))",0.9940607127144743,0.6798750769037981,0.8182520625388178,0.7355462476669994,0.8181755088093879,6.277494321838789,0.8454841405460691,0.7759023291378022,xgboost,1-0-0,2-0-1
418,"[[ 47288  54512]
 [   422 102015]]","(array([0.        , 0.53548134, 1.        ]), array([0.        , 0.99588039, 1.        ]), array([2, 1, 0]))",0.9958803947792302,0.5440482311296965,0.7310281682555071,0.6517405942744702,0.7301995294131908,9.290171370188252,0.7878701286665327,0.7001283379887309,xgboost,1-0-0,2-0-2
419,"[[115182 133494]
 [  1003 247350]]","(array([0.        , 0.53681899, 1.        ]), array([0.        , 0.99596139, 1.        ]), array([2, 1, 0]))",0.9959613936614415,0.5424384320051611,0.7293980834116319,0.6494785266408293,0.7295712001362267,9.34647384809669,0.7862402395434179,0.6980469360720517,xgboost,1-0-0,2-0-3
420,"[[22399 15968]
 [  163 38488]]","(array([0.      , 0.416191, 1.      ]), array([0.        , 0.99578277, 1.        ]), array([2, 1, 0]))",0.995782774055005,0.6367512953113121,0.7905554545690617,0.706772440135155,0.7897958882916097,7.234124100834477,0.8267477203647415,0.7503265425480067,xgboost,1-0-0,2-1-0
421,"[[139693  78601]
 [  1226 217043]]","(array([0.        , 0.36006945, 1.        ]), array([0.        , 0.99438308, 1.        ]), array([2, 1, 0]))",0.9943830777618443,0.6783466136858949,0.8171466661169179,0.7341363261219574,0.8171568150680826,6.3156743755979,0.8446682609702421,0.7746859930970236,xgboost,1-0-0,2-1-1
422,"[[30333 35594]
 [  280 65491]]","(array([0.        , 0.53990019, 1.        ]), array([0.       , 0.9957428, 1.       ]), array([2, 1, 0]))",0.9957428045795259,0.5395944775678188,0.7276040638430348,0.6478804966117624,0.7279213059711076,9.408438436893166,0.7850002397276694,0.696548262006207,xgboost,1-0-0,2-1-2
423,"[[ 74210 100592]
 [   690 174466]]","(array([0.        , 0.57546252, 1.        ]), array([0.        , 0.99606065, 1.        ]), array([2, 1, 0]))",0.9960606545022722,0.5127433038831719,0.7105881277181834,0.6342880410677021,0.7102990655950909,9.996161779225059,0.7750358718298409,0.6839722500133292,xgboost,1-0-0,2-1-3
424,"[[127230  71535]
 [  1274 197728]]","(array([0.        , 0.35989737, 1.        ]), array([0.        , 0.99359805, 1.        ]), array([2, 1, 0]))",0.9935980542909116,0.6775419543395236,0.8169556549437234,0.7343303758778592,0.8168503440272007,6.322271505024855,0.844513256382604,0.7747634504495893,xgboost,1-0-0,2-2-0
425,"[[ 75919  87443]
 [   634 162870]]","(array([0.        , 0.53527136, 1.        ]), array([0.        , 0.99612242, 1.        ]), array([2, 1, 0]))",0.9961224190233878,0.5440984529781688,0.7305409556209578,0.6506653669605653,0.7304255292433328,9.306999589228115,0.7871595415364762,0.6991593089024652,xgboost,1-0-0,2-2-1
426,"[[139378  78015]
 [  1265 215636]]","(array([0.       , 0.3588662, 1.       ]), array([0.        , 0.99416785, 1.        ]), array([2, 1, 0]))",0.9941678461602298,0.6788264129695001,0.8174508512666535,0.7343274839860924,0.8176508226582981,6.305167865966454,0.8447170905216316,0.7748301299671939,xgboost,1-0-0,2-2-2
427,"[[133847  75725]
 [  1279 209336]]","(array([0.        , 0.36133167, 1.        ]), array([0.        , 0.99392731, 1.        ]), array([2, 1, 0]))",0.9939273081214538,0.6771721849637601,0.8167387377524769,0.7343551029428789,0.8162978208387317,6.329763859969736,0.8446485204044577,0.7748254999226419,xgboost,1-0-0,2-2-3
428,"[[27775 32462]
 [  250 59793]]","(array([0.        , 0.53890466, 1.        ]), array([0.        , 0.99583632, 1.        ]), array([2, 1, 0]))",0.9958363173059307,0.5404385744603707,0.7280345859660792,0.6481274727657037,0.7284658286896537,9.393568423362963,0.7852105740062245,0.6967857867026519,xgboost,1-0-0,2-3-0
429,"[[17987 20622]
 [  142 38406]]","(array([0.        , 0.53412417, 1.        ]), array([0.        , 0.99631628, 1.        ]), array([2, 1, 0]))",0.9963162810003113,0.5450693645187886,0.7308863745350389,0.6506403740597683,0.7310960565300968,9.295069045739607,0.7872017709272773,0.6991553193038665,xgboost,1-0-0,2-3-1
430,"[[ 98183 112947]
 [   799 211378]]","(array([0.        , 0.53496424, 1.        ]), array([0.        , 0.99623428, 1.        ]), array([2, 1, 0]))",0.9962342760996715,0.5448927685368687,0.7312919465069087,0.6517474755260927,0.7306350180289956,9.281060724123293,0.7879858788970032,0.700169661412529,xgboost,1-0-0,2-3-2
431,"[[ 97857 113567]
 [   910 210261]]","(array([0.        , 0.53715283, 1.        ]), array([0.       , 0.9956907, 1.       ]), array([2, 1, 0]))",0.9956906961656666,0.541759276072913,0.7291094310155113,0.6492983929740479,0.7292689329171,9.356443671225511,0.7860238991100916,0.6978538755498734,xgboost,1-0-0,2-3-3
432,"[[30480 43431]
 [  185 36410]]","(array([0.        , 0.58761213, 1.        ]), array([0.        , 0.99494466, 1.        ]), array([2, 1, 0]))",0.9949446645716628,0.4281343249180905,0.6053064991946139,0.45603136233263614,0.7036662682358252,13.632544826130845,0.6254079494314474,0.5114353057515051,xgboost,1-0-0,3-0-0
433,"[[106295 151619]
 [   664 128971]]","(array([0.       , 0.5878665, 1.       ]), array([0.        , 0.99487793, 1.        ]), array([2, 1, 0]))",0.9948779264859027,0.4295962056416659,0.6070613006355325,0.4596421825439253,0.7035057141754327,13.571934697054958,0.6287817661039674,0.5150619611100683,xgboost,1-0-0,3-0-1
434,"[[33399 47506]
 [  194 40163]]","(array([0.       , 0.5871825, 1.       ]), array([0.       , 0.9951929, 1.       ]), array([2, 1, 0]))",0.9951929033377109,0.4296065913743758,0.6066368689284359,0.4581208865163285,0.7040052026731197,13.586594479002146,0.6274194304281944,0.5135500072883874,xgboost,1-0-0,3-0-2
435,"[[ 81390 115770]
 [   482  97997]]","(array([0.        , 0.58718807, 1.        ]), array([0.        , 0.99510556, 1.        ]), array([2, 1, 0]))",0.9951055554991419,0.4296506863698664,0.606777184336302,0.45842903722277056,0.7039587424482928,13.58174801990147,0.6276909872344241,0.513855111494242,xgboost,1-0-0,3-0-3
436,"[[146113  89891]
 [  2561 115733]]","(array([0.        , 0.38088761, 1.        ]), array([0.        , 0.97835055, 1.        ]), array([2, 1, 0]))",0.9783505503237696,0.5709493676287504,0.7390558230642001,0.56283799556472,0.798731469124699,9.012895449240128,0.7145820855895628,0.6150841314214649,xgboost,1-0-0,3-1-0
437,"[[131546  80587]
 [  2297 104342]]","(array([0.        , 0.37988903, 1.        ]), array([0.        , 0.97846004, 1.        ]), array([2, 1, 0]))",0.978460038072375,0.5722390400348356,0.7399897105140979,0.5642273521189213,0.7992855030957161,8.980639390767958,0.7157301212753114,0.6164198238327888,xgboost,1-0-0,3-1-1
438,"[[53169 75002]
 [  312 63242]]","(array([0.        , 0.58517137, 1.        ]), array([0.        , 0.99509079, 1.        ]), array([2, 1, 0]))",0.9950907889353935,0.4302708411791105,0.6071769461468248,0.45746650849223114,0.7049597081580011,13.567940418895617,0.6267852010426268,0.5128866397417807,xgboost,1-0-0,3-1-2
439,"[[120937 171992]
 [   746 145975]]","(array([0.        , 0.58714569, 1.        ]), array([0.        , 0.99491552, 1.        ]), array([2, 1, 0]))",0.9949155199323887,0.42977033433430184,0.6071011031502331,0.4590885217648372,0.7038849146692111,13.570559948289084,0.6282710119478015,0.5145077256344156,xgboost,1-0-0,3-1-3
440,"[[28576 40851]
 [  168 34356]]","(array([0.        , 0.58840221, 1.        ]), array([0.        , 0.99513382, 1.        ]), array([2, 1, 0]))",0.9951338199513382,0.42828212458490483,0.6054006214466431,0.45681917906577846,0.7033658066585158,13.629293929807911,0.6261858544987287,0.5122378873541831,xgboost,1-0-0,3-2-0
441,"[[29938 42748]
 [  194 36249]]","(array([0.        , 0.58811876, 1.        ]), array([0.        , 0.99467662, 1.        ]), array([2, 1, 0]))",0.9946766182806026,0.42887973837346066,0.6065023962466439,0.4588655265389825,0.7032789304428906,13.59123896618864,0.628014553014553,0.5142708785549512,xgboost,1-0-0,3-2-1
442,"[[163822 100567]
 [  2818 128654]]","(array([0.        , 0.38037513, 1.        ]), array([0.        , 0.97856578, 1.        ]), array([2, 1, 0]))",0.9785657782645735,0.5706385611616499,0.7388350961574897,0.5612662016132902,0.7990953245966971,9.020519350738269,0.7133712048750599,0.6135988156694864,xgboost,1-0-0,3-2-2
443,"[[ 88023 124651]
 [   537 105584]]","(array([0.        , 0.58611302, 1.        ]), array([0.        , 0.99493974, 1.        ]), array([2, 1, 0]))",0.9949397386002771,0.4301229970368837,0.60730877209492,0.4585923078593611,0.7044133602769387,13.563387160856822,0.6278110097634649,0.5140103654992254,xgboost,1-0-0,3-2-3
444,"[[28353 40081]
 [  151 34158]]","(array([0.       , 0.5856884, 1.       ]), array([0.        , 0.99559882, 1.        ]), array([2, 1, 0]))",0.9955988224664082,0.4317774844136823,0.6084210116504287,0.46010856827274077,0.7049552109818671,13.524971049946432,0.6293621255112946,0.5155691063046202,xgboost,1-0-0,3-3-0
445,"[[ 93049 131917]
 [   556 112009]]","(array([0.        , 0.58638639, 1.        ]), array([0.        , 0.99506063, 1.        ]), array([2, 1, 0]))",0.9950606316350553,0.4303866865031459,0.6075234571046808,0.45919254200044274,0.7043371221793779,13.555972061402363,0.6283973508447619,0.514620006634389,xgboost,1-0-0,3-3-1
446,"[[67790 97053]
 [  388 81913]]","(array([0.        , 0.58876021, 1.        ]), array([0.       , 0.9952856, 1.       ]), array([2, 1, 0]))",0.9952855979878737,0.4286650589993621,0.6057318810086427,0.45770146284769175,0.7032626918616959,13.617852401943338,0.6270443645772332,0.5131332493907902,xgboost,1-0-0,3-3-2
447,"[[43620 61766]
 [  261 52395]]","(array([0.        , 0.58609303, 1.        ]), array([0.       , 0.9950433, 1.       ]), array([2, 1, 0]))",0.9950432999088423,0.43041634222441083,0.6075283785322889,0.45895708692110265,0.7044751352370963,13.55580207401829,0.6281733876043809,0.5143824857647752,xgboost,1-0-0,3-3-3
448,"[[192066  63314]
 [ 31448 106191]]","(array([0.        , 0.24792075, 1.        ]), array([0.        , 0.77151825, 1.        ]), array([2, 1, 0]))",0.7715182470084787,0.5043338741881523,0.7588869749299653,0.6264770950709418,0.7617987507264181,8.327877671171677,0.6914737061443491,0.6509521748671933,xgboost,0-2-0,0-0-0
449,"[[143649  41870]
 [ 31714  68191]]","(array([0.        , 0.22569117, 1.        ]), array([0.        , 0.68255843, 1.        ]), array([2, 1, 0]))",0.6825584305089836,0.44770519835500566,0.7421940691742811,0.619574599540255,0.7284336307052003,8.904418694249646,0.6495432593848527,0.6312239770878035,xgboost,0-2-0,0-0-1
450,"[[225799  66681]
 [  4691 152500]]","(array([0.        , 0.22798482, 1.        ]), array([0.        , 0.97015732, 1.        ]), array([2, 1, 0]))",0.970157324528758,0.7080098351716589,0.8412795132441274,0.6957719875354159,0.871086252526961,5.482129972388274,0.8103684652418353,0.7374880913808195,xgboost,0-2-0,0-0-2
451,"[[78154  1260]
 [27813 15125]]","(array([0.        , 0.01586622, 1.        ]), array([0.        , 0.35225208, 1.        ]), array([2, 1, 0]))",0.3522520844007639,0.47140983243970935,0.7623823067869753,0.9231003967043027,0.6681929321694051,8.20703260773833,0.5099202670127944,0.6971459650804771,xgboost,0-2-0,0-0-3
452,"[[230188  36772]
 [  5241 138259]]","(array([0.        , 0.13774348, 1.        ]), array([0.        , 0.96347735, 1.        ]), array([2, 1, 0]))",0.9634773519163763,0.7961624304574068,0.8976441066120937,0.7899115013911822,0.9128669348733814,3.5353189481949165,0.8681038894173565,0.8194349615468501,xgboost,0-2-0,0-1-0
453,"[[125804   2600]
 [ 40455  28382]]","(array([0.        , 0.02024859, 1.        ]), array([0.        , 0.41230733, 1.        ]), array([2, 1, 0]))",0.41230733471824743,0.5135752447573724,0.7817137410578936,0.9160803046930476,0.6960293721658276,7.539350827851198,0.5686692914174656,0.7361813607241978,xgboost,0-2-0,0-1-1
454,"[[286733  29031]
 [  6363 163389]]","(array([0.        , 0.09193892, 1.        ]), array([0.        , 0.96251591, 1.        ]), array([2, 1, 0]))",0.962515905556341,0.8487228412541925,0.9271002397449312,0.8491269098846274,0.9352884945752088,2.517916329913876,0.9022729531824658,0.869615895562425,xgboost,0-2-0,0-1-2
455,"[[289434  25392]
 [  6502 162806]]","(array([0.        , 0.08065408, 1.        ]), array([0.        , 0.96159662, 1.        ]), array([2, 1, 0]))",0.9615966168166891,0.8618173177067388,0.9341215448615466,0.8650782686319727,0.9404712706160402,2.2754031687863887,0.9107875112585523,0.8828001301377291,xgboost,0-2-0,0-1-3
456,"[[48656   611]
 [  155 26831]]","(array([0.        , 0.01240181, 1.        ]), array([0.        , 0.99425628, 1.        ]), array([2, 1, 0]))",0.9942562810346105,0.9782001072901605,0.9899544935936947,0.9777348589752933,0.9909272352460283,0.34696590655490933,0.9859263614316162,0.9809950714421515,xgboost,0-2-0,0-2-0
457,"[[118199   9060]
 [ 28157  40552]]","(array([0.        , 0.07119339, 1.        ]), array([0.        , 0.59019925, 1.        ]), array([2, 1, 0]))",0.5901992460958535,0.5695406013035946,0.8100863406270411,0.8173828912359913,0.75950292654709,6.559422382440545,0.6854573575274043,0.7589544724637572,xgboost,0-2-0,0-2-1
458,"[[105979   2210]
 [ 35999  22038]]","(array([0.        , 0.02042722, 1.        ]), array([0.        , 0.37972328, 1.        ]), array([2, 1, 0]))",0.3797232799765667,0.48523040075742957,0.770138245521158,0.9088584625536127,0.6796480323202209,7.939154370456263,0.5356504830771102,0.7107702429867961,xgboost,0-2-0,0-2-2
459,"[[244459  32317]
 [  5512 143609]]","(array([0.        , 0.11676229, 1.        ]), array([0.        , 0.96303673, 1.        ]), array([2, 1, 0]))",0.9630367285627108,0.8198511545229071,0.9111780547878947,0.8163034457669702,0.9231372185172718,3.0678619779740823,0.883619907274948,0.8419605429015332,xgboost,0-2-0,0-2-3
460,"[[251145   6630]
 [ 21349 116845]]","(array([0.       , 0.0257201, 1.       ]), array([0.        , 0.84551428, 1.        ]), array([2, 1, 0]))",0.8455142770308407,0.8435325172292899,0.9293404281648311,0.9463049200242964,0.9098970861441663,2.440508540022498,0.8930748388230934,0.9242691751543283,xgboost,0-2-0,0-3-0
461,"[[162141   2607]
 [ 60475  27829]]","(array([0.        , 0.01582417, 1.        ]), array([0.        , 0.31514994, 1.        ]), array([2, 1, 0]))",0.3151499365827143,0.43860380528696685,0.7507152680081565,0.9143448547772375,0.6496628843813856,8.609997854568457,0.46873842007748023,0.6624438223644119,xgboost,0-2-0,0-3-1
462,"[[88355 10275]
 [31439 21459]]","(array([0.        , 0.10417723, 1.        ]), array([0.        , 0.40566751, 1.        ]), array([2, 1, 0]))",0.40566751105901927,0.3531974181214986,0.7247109445119054,0.676214785403668,0.6507451415175457,9.508201351571323,0.5071131486908025,0.5966335620627913,xgboost,0-2-0,0-3-2
463,"[[214940  48064]
 [ 50663  90603]]","(array([0.        , 0.18275007, 1.        ]), array([0.        , 0.64136452, 1.        ]), array([2, 1, 0]))",0.6413645180015007,0.4606220069454261,0.7557894476463749,0.6533854485926717,0.7293072228796267,8.434828725829844,0.6473191799466301,0.6509453482657839,xgboost,0-2-0,0-3-3
464,"[[ 31489   1886]
 [198599   5672]]","(array([0.        , 0.05650936, 1.        ]), array([0.        , 0.02776703, 1.        ]), array([2, 1, 0]))",0.027767034968252956,-0.05690959729108121,0.1563712412580056,0.7504630854723472,0.48562883583618643,29.1379114042501,0.05355262971547805,0.12093661914772946,xgboost,0-2-0,1-0-0
465,"[[ 58746   3553]
 [371052  10461]]","(array([0.        , 0.05703141, 1.        ]), array([0.        , 0.02741977, 1.        ]), array([2, 1, 0]))",0.027419773376005537,-0.058822626494593154,0.1559376492749182,0.7464678178963893,0.4851941801758597,29.15288719634707,0.052896515282142564,0.11953543326881018,xgboost,0-2-0,1-0-1
466,"[[ 17764   1080]
 [111807   2992]]","(array([0.        , 0.05731267, 1.        ]), array([0.        , 0.02606294, 1.        ]), array([2, 1, 0]))",0.026062944799170724,-0.06327673285593907,0.15530929416430342,0.7347740667976425,0.4843751361652402,29.174589873450206,0.050340284846598415,0.11412268188302424,xgboost,0-2-0,1-0-2
467,"[[ 21655   1289]
 [118624  19325]]","(array([0.        , 0.05618026, 1.        ]), array([0.      , 0.140088, 1.      ]), array([2, 1, 0]))",0.14008800353753922,0.08778461223057468,0.25470343644533944,0.9374696807994567,0.5419538692722563,25.741637762513047,0.24375169490990964,0.43839749551961166,xgboost,0-2-0,1-0-3
468,"[[ 35217   2187]
 [194660  32176]]","(array([0.        , 0.05846968, 1.        ]), array([0.        , 0.14184697, 1.        ]), array([2, 1, 0]))",0.14184697314359274,0.0864110927169134,0.2550446563729942,0.9363559642638885,0.541688645378341,25.72985265564851,0.24637154047297277,0.4416286015460295,xgboost,0-2-0,1-1-0
469,"[[ 29570   1787]
 [186942   5208]]","(array([0.        , 0.05698887, 1.        ]), array([0.        , 0.02710383, 1.        ]), array([2, 1, 0]))",0.027103825136612022,-0.0596082697596795,0.15560139056047462,0.7445318084345961,0.4850574775139322,29.164501152606864,0.05230359788094103,0.11829373551992005,xgboost,0-2-0,1-1-1
470,"[[ 19541   1217]
 [123360   3526]]","(array([0.      , 0.058628, 1.      ]), array([0.        , 0.02778872, 1.        ]), array([2, 1, 0]))",0.0277887237362672,-0.06079383942952938,0.1562339140093739,0.7434113430318364,0.48458036244622404,29.142654764561104,0.05357482013841935,0.12087098410783091,xgboost,0-2-0,1-1-2
471,"[[17364  7199]
 [89953 61112]]","(array([0.        , 0.29308309, 1.        ]), array([0.        , 0.40454109, 1.        ]), array([2, 1, 0]))",0.40454109158309337,0.07929654965113314,0.44683080146673654,0.8946143373687986,0.5557289995634801,19.105820032228703,0.5571438990591495,0.7201355615836573,xgboost,0-2-0,1-1-3
472,"[[ 27470   1620]
 [152542  25236]]","(array([0.        , 0.05568924, 1.        ]), array([0.        , 0.14195232, 1.        ]), array([2, 1, 0]))",0.1419523225595968,0.08922045791430849,0.2547808264207127,0.9396782841823056,0.543131541135419,25.738964663167124,0.24664523002042674,0.44242326491399075,xgboost,0-2-0,1-2-0
473,"[[ 29034  12191]
 [148462 100518]]","(array([0.        , 0.29571862, 1.        ]), array([0.        , 0.40371917, 1.        ]), array([2, 1, 0]))",0.4037191742308619,0.07735973526354471,0.4464154649299633,0.8918364993035162,0.5540002784435086,19.120166062141784,0.5558255849638778,0.7181744915806441,xgboost,0-2-0,1-2-1
474,"[[ 43096  17775]
 [218468 148401]]","(array([0.        , 0.29201097, 1.        ]), array([0.        , 0.40450679, 1.        ]), array([2, 1, 0]))",0.4045067858009262,0.0806350657787548,0.44769486136438025,0.8930350953206239,0.5562479058869427,19.075976912861094,0.5568047725801761,0.7192947081786747,xgboost,0-2-0,1-2-2
475,"[[ 61943   3762]
 [387668  10916]]","(array([0.        , 0.05725592, 1.        ]), array([0.        , 0.02738695, 1.        ]), array([2, 1, 0]))",0.027386949802300144,-0.05950143432423252,0.15692596637008416,0.7436980515056547,0.4850655166026948,29.118752010806656,0.052828472010492136,0.11935376648822645,xgboost,0-2-0,1-2-3
476,"[[ 12516  23701]
 [ 96660 123259]]","(array([0.        , 0.65441643, 1.        ]), array([0.        , 0.56047454, 1.        ]), array([2, 1, 0]))",0.5604745383527572,-0.06618868798612068,0.5300894837117781,0.8387248230811105,0.45302905204077937,16.23020823674352,0.6719327080590604,0.7629689053294361,xgboost,0-2-0,1-3-0
477,"[[11900   730]
 [74489  2090]]","(array([0.        , 0.05779889, 1.        ]), array([0.        , 0.02729208, 1.        ]), array([2, 1, 0]))",0.027292077462489718,-0.06078544469031776,0.15682274210001232,0.7411347517730497,0.48474659296719097,29.122317315012054,0.05264549931359337,0.11894057523987299,xgboost,0-2-0,1-3-1
478,"[[ 66354   3956]
 [417505  11766]]","(array([0.        , 0.05626511, 1.        ]), array([0.        , 0.02740926, 1.        ]), array([2, 1, 0]))",0.027409258952969102,-0.05747711070027135,0.15637103893062387,0.748378068947971,0.48557207365227745,29.137918378366827,0.05288173072385408,0.11953454066673574,xgboost,0-2-0,1-3-2
479,"[[ 52739   3196]
 [292198  48796]]","(array([0.        , 0.05713775, 1.        ]), array([0.        , 0.14309929, 1.        ]), array([2, 1, 0]))",0.1430992920696552,0.08865051009639738,0.2558014153664761,0.938529004462225,0.542980771448254,25.703714946279142,0.24833454626882384,0.4444387771831202,xgboost,0-2-0,1-3-3
480,"[[101977  89895]
 [ 88953 102889]]","(array([0.        , 0.46851547, 1.        ]), array([0.        , 0.53632156, 1.        ]), array([2, 1, 0]))",0.5363215562806893,0.06780687892685873,0.533902854730346,0.533700929537721,0.5339030438174628,16.098612405301797,0.5350080337782678,0.5342230040561674,xgboost,0-2-0,2-0-0
481,"[[111209  93183]
 [ 94614 109956]]","(array([0.        , 0.45590336, 1.        ]), array([0.        , 0.53749817, 1.        ]), array([2, 1, 0]))",0.5374981668866403,0.08159655428991591,0.5407959663734039,0.5412845391579165,0.5407974023599118,15.860527627315934,0.5393847082110034,0.5405230030497697,xgboost,0-2-0,2-0-1
482,"[[54352 47448]
 [47368 55069]]","(array([0.        , 0.46609037, 1.        ]), array([0.        , 0.53758896, 1.        ]), array([2, 1, 0]))",0.5375889571151049,0.07149878047501483,0.5357550296958925,0.5371694450676473,0.535749291917081,16.03463898294001,0.5373791192169951,0.537253295089804,xgboost,0-2-0,2-0-2
483,"[[132101 116575]
 [114596 133757]]","(array([0.        , 0.46878267, 1.        ]), array([0.        , 0.53857614, 1.        ]), array([2, 1, 0]))",0.5385761396077358,0.0697953184174804,0.5348943421812409,0.5343184251314255,0.5348967332856676,16.064367855916498,0.5364388341337718,0.5351645739992846,xgboost,0-2-0,2-0-3
484,"[[32720  5647]
 [37778   873]]","(array([0.        , 0.14718378, 1.        ]), array([0.        , 0.02258674, 1.        ]), array([2, 1, 0]))",0.022586737729942304,-0.22379728697391482,0.43617076527564985,0.1338957055214724,0.43770148000214637,19.47403048995929,0.0386531181510261,0.06743291467766604,xgboost,0-2-0,2-1-0
485,"[[113785 104509]
 [101765 116504]]","(array([0.        , 0.47875342, 1.        ]), array([0.        , 0.53376338, 1.        ]), array([2, 1, 0]))",0.5337633837145908,0.05501426689893673,0.5275046213261316,0.5271364127901979,0.5275049797167877,16.319603647610162,0.5304292003769788,0.5284486097969648,xgboost,0-2-0,2-1-1
486,"[[33803 32124]
 [30542 35229]]","(array([0.        , 0.48726622, 1.        ]), array([0.        , 0.53563121, 1.        ]), array([2, 1, 0]))",0.5356312052424321,0.048377572867599514,0.5241689319503713,0.5230501982094339,0.5241824932729976,16.43481790028186,0.5292659475376341,0.525518895648049,xgboost,0-2-0,2-1-2
487,"[[89154 85648]
 [81279 93877]]","(array([0.        , 0.48997151, 1.        ]), array([0.        , 0.53596223, 1.        ]), array([2, 1, 0]))",0.5359622279567928,0.046006222925264045,0.5230084753027506,0.5229188135357192,0.5229953586666722,16.47489930561369,0.5293601856315957,0.5254764591561658,xgboost,0-2-0,2-1-3
488,"[[136157  62608]
 [119963  79039]]","(array([0.        , 0.31498503, 1.        ]), array([0.        , 0.39717691, 1.        ]), array([2, 1, 0]))",0.3971769127948463,0.08582269647326837,0.5410101893822262,0.5579998164451065,0.5410959401093443,15.853072292048239,0.46404950550273155,0.5161966587860344,xgboost,0-2-0,2-2-0
489,"[[83393 79969]
 [75566 87938]]","(array([0.        , 0.48952021, 1.        ]), array([0.        , 0.53783394, 1.        ]), array([2, 1, 0]))",0.5378339367844212,0.04833183885040699,0.524162806777089,0.5237303983752911,0.5241568650634072,16.435030041635798,0.5306884804668524,0.5264916204863423,xgboost,0-2-0,2-2-1
490,"[[115685 101708]
 [100743 116158]]","(array([0.        , 0.46785315, 1.        ]), array([0.        , 0.53553464, 1.        ]), array([2, 1, 0]))",0.5355346448379675,0.06768182167786872,0.5338388280749907,0.5331625861768243,0.5338407470462717,16.10082374009656,0.5343459830207904,0.5336353153583586,xgboost,0-2-0,2-2-2
491,"[[113521  96051]
 [ 97162 113453]]","(array([0.        , 0.45831981, 1.        ]), array([0.        , 0.53867483, 1.        ]), array([2, 1, 0]))",0.5386748332265033,0.0803550882785497,0.5401737797694836,0.5415314266076066,0.5401775097554653,15.882017781898643,0.5400993528024204,0.5409576867363257,xgboost,0-2-0,2-2-3
492,"[[31992 28245]
 [28071 31972]]","(array([0.        , 0.46889785, 1.        ]), array([0.        , 0.53248505, 1.        ]), array([2, 1, 0]))",0.5324850523791282,0.06358716830942311,0.5317924842035251,0.5309464104820898,0.5317935994501847,16.1715024616329,0.5317146183269583,0.5312534270930608,xgboost,0-2-0,2-3-0
493,"[[29854  8755]
 [20481 18067]]","(array([0.       , 0.2267606, 1.       ]), array([0.        , 0.46868839, 1.        ]), array([2, 1, 0]))",0.46868838850264605,0.2540097236331263,0.6210842826963205,0.6735888449780031,0.6209638943212549,13.087375962739738,0.5527612054459233,0.6194286733042595,xgboost,0-2-0,2-3-1
494,"[[112700  98430]
 [ 98014 114163]]","(array([0.        , 0.46620566, 1.        ]), array([0.        , 0.53805549, 1.        ]), array([2, 1, 0]))",0.5380554914057603,0.07185032420071676,0.5359301877833346,0.5370026294374697,0.5359249180611428,16.028589403191745,0.537528544859571,0.5372128720651942,xgboost,0-2-0,2-3-2
495,"[[112571  98853]
 [ 97836 113335]]","(array([0.        , 0.46755808, 1.        ]), array([0.        , 0.53669775, 1.        ]), array([2, 1, 0]))",0.5366977473232594,0.06914026661524901,0.5345685585489653,0.5341253982317568,0.534569832493172,16.075619524469897,0.5354084831077172,0.5346378935073586,xgboost,0-2-0,2-3-3
496,"[[59800 14111]
 [35624   971]]","(array([0.        , 0.19091881, 1.        ]), array([0.        , 0.02653368, 1.        ]), array([2, 1, 0]))",0.026533679464407704,-0.22535627885183598,0.549933940238539,0.06438138177960483,0.41780743585456726,15.544833105172753,0.037579580858021946,0.050091309596277465,xgboost,0-2-0,3-0-0
497,"[[121642 136272]
 [ 69262  60373]]","(array([0.        , 0.52836217, 1.        ]), array([0.        , 0.46571528, 1.        ]), array([2, 1, 0]))",0.46571527750993175,-0.059122003168907054,0.46965674017995146,0.3070151796384347,0.46867655513794626,18.317688422090054,0.3700686526909403,0.32946961139033953,xgboost,0-2-0,3-0-1
498,"[[38369 42536]
 [23410 16947]]","(array([0.        , 0.52575243, 1.        ]), array([0.        , 0.41992715, 1.        ]), array([2, 1, 0]))",0.4199271501846024,-0.09975155103448695,0.45616928633867165,0.28490493082057056,0.4470873622500789,18.783527896744822,0.3394831730769231,0.30448562465638235,xgboost,0-2-0,3-0-2
499,"[[ 93344 103816]
 [ 52425  46054]]","(array([0.        , 0.52655711, 1.        ]), array([0.      , 0.467653, 1.      ]), array([2, 1, 0]))",0.4676530021628977,-0.055531175719355376,0.47151424541417064,0.30729298725562154,0.47054794559352026,18.253532090570094,0.3708813001058994,0.3299190926687671,xgboost,0-2-0,3-0-3
500,"[[111652 124352]
 [ 63167  55127]]","(array([0.        , 0.52690632, 1.        ]), array([0.        , 0.46601687, 1.        ]), array([2, 1, 0]))",0.46601687321419516,-0.05743570527157281,0.4707308536881382,0.3071501401278144,0.46955527479628084,18.280589340997963,0.37026191091871996,0.3296241374774279,xgboost,0-2-0,3-1-0
501,"[[137413  74720]
 [ 71907  34732]]","(array([0.        , 0.35223185, 1.        ]), array([0.        , 0.32569698, 1.        ]), array([2, 1, 0]))",0.3256969776535789,-0.02636707848751992,0.5400254727516846,0.31732631655885685,0.48673256155474787,15.887144769228643,0.32145716388003204,0.3189658497521338,xgboost,0-2-0,3-1-1
502,"[[60864 67307]
 [33974 29580]]","(array([0.        , 0.52513439, 1.        ]), array([0.        , 0.46543097, 1.        ]), array([2, 1, 0]))",0.4654309720867294,-0.05621362388211426,0.4717381666449342,0.30530411716742184,0.47014829065595254,18.245798046979704,0.36873367780056215,0.3278637647361351,xgboost,0-2-0,3-1-2
503,"[[138482 154447]
 [ 78432  68289]]","(array([0.        , 0.52725063, 1.        ]), array([0.       , 0.4654344, 1.       ]), array([2, 1, 0]))",0.4654343958942483,-0.05830299608998632,0.47030819970431026,0.30659166008189065,0.4690918825976708,18.295187543488467,0.36967224873259946,0.32905128341034917,xgboost,0-2-0,3-1-3
504,"[[32796 36631]
 [18504 16020]]","(array([0.        , 0.52761894, 1.        ]), array([0.        , 0.46402503, 1.        ]), array([2, 1, 0]))",0.4640250260688217,-0.05990710036753377,0.4696058719973834,0.3042677252093977,0.4682030440958135,18.319445956141507,0.3675365643819902,0.32676805587285007,xgboost,0-2-0,3-2-0
505,"[[34215 38471]
 [19347 17096]]","(array([0.        , 0.52927661, 1.        ]), array([0.        , 0.46911615, 1.        ]), array([2, 1, 0]))",0.46911615399390827,-0.05675533996576432,0.4701866598246112,0.30766462108805587,0.46991976975759586,18.299386367635396,0.37161178132811645,0.3304072884415428,xgboost,0-2-0,3-2-1
506,"[[125004 139385]
 [ 70578  60894]]","(array([0.        , 0.52719667, 1.        ]), array([0.        , 0.46317087, 1.        ]), array([2, 1, 0]))",0.463170865279299,-0.06031303918040965,0.4696042297675194,0.304045856030837,0.4679870983670436,18.319502451851626,0.3671066552926744,0.3264785736037779,xgboost,0-2-0,3-2-2
507,"[[100628 112046]
 [ 56631  49490]]","(array([0.       , 0.5268439, 1.       ]), array([0.        , 0.46635444, 1.        ]), array([2, 1, 0]))",0.4663544444549147,-0.05701578903850659,0.47089195250866545,0.3063713351822504,0.4697552712602493,18.275025573355958,0.36980164912555996,0.3289399347304474,xgboost,0-2-0,3-2-3
508,"[[32393 36041]
 [18125 16184]]","(array([0.        , 0.52665342, 1.        ]), array([0.        , 0.47171296, 1.        ]), array([2, 1, 0]))",0.4717129616135708,-0.05182865706656668,0.4728010667393399,0.30988989947343226,0.4725297718609397,18.20908656061935,0.3740495065523378,0.3327179504047959,xgboost,0-2-0,3-3-0
509,"[[106342 118624]
 [ 60537  52028]]","(array([0.        , 0.52729746, 1.        ]), array([0.        , 0.46220406, 1.        ]), array([2, 1, 0]))",0.4622040598765158,-0.061381930246618074,0.4692013474317914,0.30487776293275204,0.46745330079696545,18.333416987281616,0.3674073237129127,0.3271489348858676,xgboost,0-2-0,3-3-1
510,"[[77565 87278]
 [43649 38652]]","(array([0.        , 0.52946137, 1.        ]), array([0.        , 0.46964192, 1.        ]), array([2, 1, 0]))",0.4696419241564501,-0.056394814981492784,0.4702400220114589,0.3069324227745573,0.47009027894336347,18.29754379762803,0.3712415538512518,0.3297834036664215,xgboost,0-2-0,3-3-2
511,"[[49793 55593]
 [28042 24614]]","(array([0.        , 0.52751789, 1.        ]), array([0.       , 0.4674491, 1.       ]), array([2, 1, 0]))",0.46744910361592223,-0.05663313783711247,0.47080522898976224,0.30688094555338064,0.46996560849480756,18.27802113240969,0.37051699871296,0.3295188013408874,xgboost,0-2-0,3-3-3
512,"[[ 89174 166206]
 [  7795 129844]]","(array([0.        , 0.65081839, 1.        ]), array([0.        , 0.94336634, 1.        ]), array([2, 1, 0]))",0.9433663423884219,0.3237145870132804,0.5572707680799147,0.43858807633845637,0.6462739770521482,15.29166409100155,0.5987885327965432,0.4911490733742915,xgboost,1-1-0,0-0-0
513,"[[ 64558 120961]
 [  5649  94256]]","(array([0.        , 0.65201408, 1.        ]), array([0.        , 0.94345628, 1.        ]), array([2, 1, 0]))",0.9434562834692958,0.3227838204273994,0.5564143169460172,0.43795796800438624,0.6457211020244296,15.321245583638358,0.5982191024428634,0.49052169451056593,xgboost,1-1-0,0-0-1
514,"[[101794 190686]
 [  8923 148268]]","(array([0.        , 0.65196253, 1.        ]), array([0.        , 0.94323466, 1.        ]), array([2, 1, 0]))",0.9432346635621632,0.3223913121875515,0.5560999041521468,0.4374280875871062,0.6456360681049329,15.332105226815383,0.5976801136764454,0.48997790492707566,xgboost,1-1-0,0-0-2
515,"[[27916 51498]
 [ 2347 40591]]","(array([0.        , 0.64847508, 1.        ]), array([0.        , 0.94533979, 1.        ]), array([2, 1, 0]))",0.9453397922586054,0.328373537200744,0.5599172878252909,0.44078011488885754,0.6484323561489467,15.200254941908803,0.6012279025676347,0.4934548036197951,xgboost,1-1-0,0-0-3
516,"[[ 92756 174204]
 [  8159 135341]]","(array([0.       , 0.6525472, 1.       ]), array([0.        , 0.94314286, 1.        ]), array([2, 1, 0]))",0.9431428571428572,0.32180916679144206,0.5557106660819568,0.4372256053239432,0.6452978295303737,15.345549317292368,0.5974726572415543,0.489769700654276,xgboost,1-1-0,0-1-0
517,"[[67483 60921]
 [ 6518 62319]]","(array([0.        , 0.47444784, 1.        ]), array([0.        , 0.90531255, 1.        ]), array([2, 1, 0]))",0.9053125499368072,0.4241764303195053,0.6580883284915408,0.5056718597857839,0.7154323567104055,11.809457737343788,0.6488960156603862,0.5546398432173899,xgboost,1-1-0,0-1-1
518,"[[109944 205820]
 [  9681 160071]]","(array([0.        , 0.65181591, 1.        ]), array([0.        , 0.94296974, 1.        ]), array([2, 1, 0]))",0.9429697440972713,0.32219917739037485,0.5561402713813757,0.4374827475942289,0.6455769154734718,15.330710882901341,0.5976779310100198,0.49001846550208294,xgboost,1-1-0,0-1-2
519,"[[109592 205234]
 [  9609 159699]]","(array([0.       , 0.6518966, 1.       ]), array([0.        , 0.94324545, 1.        ]), array([2, 1, 0]))",0.9432454461691119,0.3225082399556255,0.5562323654194913,0.4376118355972192,0.6456744214830364,15.327530067276385,0.5978537776022431,0.49016291803761725,xgboost,1-1-0,0-1-3
520,"[[17236 32031]
 [ 1570 25416]]","(array([0.        , 0.65015122, 1.        ]), array([0.        , 0.94182169, 1.        ]), array([2, 1, 0]))",0.9418216853183132,0.3235622771827754,0.5593484846497843,0.44242519191602697,0.6458352342397278,15.219900037384498,0.6020394869304656,0.49490992078637247,xgboost,1-1-0,0-2-0
521,"[[44386 82873]
 [ 3863 64846]]","(array([0.        , 0.65121524, 1.        ]), array([0.        , 0.94377738, 1.        ]), array([2, 1, 0]))",0.943777379964779,0.3240461424672423,0.5573971260613978,0.4389821214603402,0.6462810708749,15.28729983684482,0.5992385458443453,0.49156666691935075,xgboost,1-1-0,0-2-1
522,"[[37921 70268]
 [ 3380 54657]]","(array([0.        , 0.64949302, 1.        ]), array([0.        , 0.94176129, 1.        ]), array([2, 1, 0]))",0.9417612902114169,0.3224190857327415,0.5569405508163584,0.437518511106664,0.6461341366806375,15.30306925537886,0.5974683267563756,0.48998900915664556,xgboost,1-1-0,0-2-2
523,"[[ 96706 180070]
 [  8516 140605]]","(array([0.        , 0.65059832, 1.        ]), array([0.        , 0.94289201, 1.        ]), array([2, 1, 0]))",0.9428920138679328,0.32327136655346767,0.5572027978595764,0.43846573633741326,0.6461468480473577,15.294011624218715,0.5985789576752463,0.49100062088766677,xgboost,1-1-0,0-2-3
524,"[[ 90116 167659]
 [  7874 130320]]","(array([0.       , 0.6504083, 1.       ]), array([0.        , 0.94302213, 1.        ]), array([2, 1, 0]))",0.9430221283123724,0.32320355345504803,0.5567001457184779,0.43734625594421084,0.6463069132493877,15.311373104039474,0.5975610594878638,0.4898842952838487,xgboost,1-1-0,0-3-0
525,"[[ 57427 107321]
 [  5045  83259]]","(array([0.        , 0.65142521, 1.        ]), array([0.        , 0.94286782, 1.        ]), array([2, 1, 0]))",0.942867820257293,0.3221602474008619,0.5559568784281491,0.4368716549480533,0.6457213066372536,15.337045200142027,0.5970869608869638,0.48939954668572716,xgboost,1-1-0,0-3-1
526,"[[34284 64346]
 [ 2988 49910]]","(array([0.        , 0.65239785, 1.        ]), array([0.        , 0.94351393, 1.        ]), array([2, 1, 0]))",0.9435139324738175,0.3222251864361229,0.5556332822976612,0.43682607477944263,0.6455580409606236,15.348222247183092,0.597173863622767,0.48938857315432555,xgboost,1-1-0,0-3-2
527,"[[ 91620 171384]
 [  8001 133265]]","(array([0.        , 0.65164028, 1.        ]), array([0.        , 0.94336217, 1.        ]), array([2, 1, 0]))",0.9433621678252375,0.32277039261242313,0.5562742721448537,0.4374378382991574,0.6458609442949703,15.326082671994035,0.5977148111187109,0.48999457297872867,xgboost,1-1-0,0-3-3
528,"[[  5835  27540]
 [ 10360 193911]]","(array([0.        , 0.82516854, 1.        ]), array([0.        , 0.94928306, 1.        ]), array([2, 1, 0]))",0.9492830602483955,0.1711225687498424,0.8405190914216945,0.8756384030778818,0.5620572604612764,5.508368103314772,0.910974767571326,0.8894388000825633,xgboost,1-1-0,1-0-0
529,"[[ 56023   6276]
 [ 18215 363298]]","(array([0.        , 0.10073998, 1.        ]), array([0.        , 0.95225589, 1.        ]), array([2, 1, 0]))",0.9522558864311308,0.7925453762332706,0.9448167241985345,0.9830182859183817,0.9257579533280873,1.9059741308509681,0.967392592336174,0.9767078232227072,xgboost,1-1-0,1-0-1
530,"[[  3239  15605]
 [  2118 112681]]","(array([0.        , 0.82811505, 1.        ]), array([0.        , 0.98155036, 1.        ]), array([2, 1, 0]))",0.9815503619369507,0.2722265417266487,0.867385497182793,0.8783577319426905,0.5767176560268494,4.580436025567371,0.9270913466482917,0.8972231556048877,xgboost,1-1-0,1-0-2
531,"[[  3941  19003]
 [  1204 136745]]","(array([0.        , 0.82823396, 1.        ]), array([0.        , 0.99127214, 1.        ]), array([2, 1, 0]))",0.9912721368041812,0.32402552586541133,0.8744072147327727,0.8779888024244292,0.5815190879278926,4.3379155672523115,0.9311977990922617,0.8985256412783644,xgboost,1-1-0,1-0-3
532,"[[ 37320     84]
 [  1507 225329]]","(array([0.        , 0.00224575, 1.        ]), array([0.        , 0.99335643, 1.        ]), array([2, 1, 0]))",0.9933564337230422,0.9758448512111547,0.9939789585225552,0.9996273506851867,0.9955553423026504,0.20795965944023348,0.9964820264942543,0.9983668412956098,xgboost,1-1-0,1-1-0
533,"[[  5463  25894]
 [  9775 182375]]","(array([0.        , 0.82578053, 1.        ]), array([0.        , 0.94912829, 1.        ]), array([2, 1, 0]))",0.949128285193859,0.16995831077279397,0.8404121571136475,0.8756704070216883,0.5616738788599649,5.512061456714673,0.9109208104510526,0.8894380361013084,xgboost,1-1-0,1-1-1
534,"[[15674  5084]
 [34862 92024]]","(array([0.        , 0.24491762, 1.        ]), array([0.        , 0.72524944, 1.        ]), array([2, 1, 0]))",0.725249436502057,0.35189494089650836,0.7294437972420146,0.9476459200065906,0.7401659071902327,9.344707722795624,0.8216648660231971,0.8928855580437712,xgboost,1-1-0,1-1-2
535,"[[ 19569   4994]
 [ 44816 106249]]","(array([0.        , 0.20331393, 1.        ]), array([0.      , 0.703333, 1.      ]), array([2, 1, 0]))",0.7033330023499818,0.35989889039257994,0.7163891862345412,0.95510728764956,0.7500095374490616,9.795593216457899,0.8101087271451881,0.8912953390477436,xgboost,1-1-0,1-1-3
536,"[[  5083  24007]
 [  8847 168931]]","(array([0.        , 0.82526641, 1.        ]), array([0.        , 0.95023569, 1.        ]), array([2, 1, 0]))",0.950235687205391,0.17335232323658764,0.84118375002417,0.8755714270905679,0.5624846363149678,5.485411738953838,0.9113769030740513,0.8895506197803124,xgboost,1-1-0,1-2-0
537,"[[  7068  34157]
 [ 12465 236515]]","(array([0.        , 0.82855064, 1.        ]), array([0.        , 0.94993574, 1.        ]), array([2, 1, 0]))",0.9499357378102659,0.16913045089374626,0.8393480470701745,0.873806673760123,0.5606925505303604,5.548815991912438,0.9102822658240515,0.8880404124751815,xgboost,1-1-0,1-2-1
538,"[[ 48047  12824]
 [105558 261311]]","(array([0.        , 0.21067503, 1.        ]), array([0.        , 0.71227332, 1.        ]), array([2, 1, 0]))",0.7122733182689189,0.36528500812512876,0.723238415860102,0.9532201287686723,0.7507991420902184,9.559030441903401,0.8153178451304516,0.892816020675013,xgboost,1-1-0,1-2-2
539,"[[ 58775   6930]
 [ 99258 299326]]","(array([0.        , 0.10547143, 1.        ]), array([0.        , 0.75097345, 1.        ]), array([2, 1, 0]))",0.7509734459988359,0.4748326253495527,0.771289003185516,0.97737187189802,0.8227510103443688,7.899409912862389,0.8493445320923897,0.9217926987302355,xgboost,1-1-0,1-2-3
540,"[[  6282  29935]
 [ 10512 209407]]","(array([0.        , 0.82654554, 1.        ]), array([0.        , 0.95220058, 1.        ]), array([2, 1, 0]))",0.9522005829419014,0.17688091908867354,0.8420877971077865,0.8749279274009576,0.5628275190160262,5.454187715877603,0.9119302531675888,0.8893625768398019,xgboost,1-1-0,1-3-0
541,"[[ 9444  3186]
 [19113 57466]]","(array([0.        , 0.25225653, 1.        ]), array([0.       , 0.7504146, 1.       ]), array([2, 1, 0]))",0.750414604526045,0.37225868516949817,0.7500364313017744,0.9474708171206225,0.7490790362297682,8.63346436287287,0.8375075602451341,0.9001933036119892,xgboost,1-1-0,1-3-1
542,"[[ 55786  14524]
 [110117 319154]]","(array([0.       , 0.2065709, 1.       ]), array([0.        , 0.74347906, 1.        ]), array([2, 1, 0]))",0.7434790610127402,0.39644543601112936,0.7505089264803906,0.9564730069108541,0.7684540803570314,8.617139647006468,0.8366325927421098,0.904640237462606,xgboost,1-1-0,1-3-2
543,"[[ 44517  11418]
 [100812 240182]]","(array([0.        , 0.20412979, 1.        ]), array([0.        , 0.70435843, 1.        ]), array([2, 1, 0]))",0.7043584344592574,0.3612869567383249,0.7172542192684334,0.9546184419713831,0.7501143204744666,9.76571629839161,0.8106123247957286,0.8912834701653711,xgboost,1-1-0,1-3-3
544,"[[119506  72366]
 [  8408 183434]]","(array([0.        , 0.37715769, 1.        ]), array([0.        , 0.95617227, 1.        ]), array([2, 1, 0]))",0.9561722667611889,0.6141264977692986,0.7894942587447943,0.7170992963252542,0.7895072891511081,7.270761526006737,0.8195566993266943,0.7548463345299998,xgboost,1-1-0,2-0-0
545,"[[ 97809 106583]
 [   256 204314]]","(array([0.        , 0.52146366, 1.        ]), array([0.        , 0.99874859, 1.        ]), array([2, 1, 0]))",0.9987485946130908,0.5589402246770208,0.7387556790117419,0.6571758492362423,0.7386424682721409,9.02326757681341,0.792733579453195,0.7054271702397115,xgboost,1-1-0,2-0-1
546,"[[63490 38310]
 [ 4737 97700]]","(array([0.        , 0.37632613, 1.        ]), array([0.        , 0.95375694, 1.        ]), array([2, 1, 0]))",0.9537569432919746,0.6121230198123824,0.7892301590798925,0.7183295345930446,0.7887154068129814,7.279882391776569,0.8194693160324936,0.7556339978065733,xgboost,1-1-0,2-0-2
547,"[[154752  93924]
 [ 10978 237375]]","(array([0.        , 0.37769628, 1.        ]), array([0.        , 0.95579679, 1.        ]), array([2, 1, 0]))",0.955796789247563,0.6131184235347334,0.7889418927265813,0.716497785987884,0.7890502548756754,7.289839874067616,0.8190258982975993,0.7542663113763856,xgboost,1-1-0,2-0-3
548,"[[21075 17292]
 [ 1707 36944]]","(array([0.        , 0.45069982, 1.        ]), array([0.        , 0.95583555, 1.        ]), array([2, 1, 0]))",0.955835554060697,0.5533853156117321,0.7533174063206004,0.6811711778154731,0.7525678669513743,8.520294468379742,0.7954611517219848,0.7227058432285451,xgboost,1-1-0,2-1-0
549,"[[101380 116914]
 [   243 218026]]","(array([0.        , 0.53558046, 1.        ]), array([0.        , 0.99888669, 1.        ]), array([2, 1, 0]))",0.9988866948581796,0.5481577564463579,0.7316378163060085,0.6509404669493044,0.7316531195712468,9.269115592096684,0.7882228958675654,0.6996853075263683,xgboost,1-1-0,2-1-1
550,"[[41007 24920]
 [ 2774 62997]]","(array([0.        , 0.37799384, 1.        ]), array([0.        , 0.95782336, 1.        ]), array([2, 1, 0]))",0.9578233567985891,0.6154176241062193,0.7897158650852708,0.7165508377219423,0.7899147575626116,7.263108015676904,0.8198037582634948,0.7545653376900577,xgboost,1-1-0,2-1-2
551,"[[ 96883  77919]
 [  7534 167622]]","(array([0.        , 0.44575577, 1.        ]), array([0.        , 0.95698691, 1.        ]), array([2, 1, 0]))",0.9569869145219119,0.5586700583761881,0.7558192697409404,0.6826639950150891,0.755615572568561,8.433881674676577,0.7968775627114051,0.724181730204265,xgboost,1-1-0,2-1-3
552,"[[ 94013 104752]
 [   245 198757]]","(array([0.        , 0.52701431, 1.        ]), array([0.        , 0.99876886, 1.        ]), array([2, 1, 0]))",0.9987688565944061,0.5547149508147939,0.7360339092986597,0.6548636119521991,0.7358772716046263,9.117276356677264,0.7910553201820458,0.7032967266273092,xgboost,1-1-0,2-2-0
553,"[[101952  61410]
 [  6970 156534]]","(array([0.        , 0.37591362, 1.        ]), array([0.        , 0.95737107, 1.        ]), array([2, 1, 0]))",0.9573710734905568,0.6167758991259683,0.7908011233961317,0.7182303711045039,0.7907287291645682,7.225623445577641,0.8207357228246053,0.7559983772505988,xgboost,1-1-0,2-2-1
554,"[[100773 116620]
 [   279 216622]]","(array([0.        , 0.53644782, 1.        ]), array([0.       , 0.9987137, 1.       ]), array([2, 1, 0]))",0.9987136988764459,0.5470072397913759,0.7308298065365858,0.6500441120867118,0.7311329415847043,9.297023838323751,0.787511610617603,0.6988397083882574,xgboost,1-1-0,2-2-2
555,"[[ 98988 110584]
 [   238 210377]]","(array([0.        , 0.52766591, 1.        ]), array([0.        , 0.99886998, 1.        ]), array([2, 1, 0]))",0.9988699760226005,0.5547297192085878,0.7362555243260739,0.655459697595658,0.7356020332272643,9.109621907196113,0.7915218143783768,0.7038567133658401,xgboost,1-1-0,2-2-3
556,"[[33294 26943]
 [ 2685 57358]]","(array([0.        , 0.44728323, 1.        ]), array([0.        , 0.95528205, 1.        ]), array([2, 1, 0]))",0.9552820478656963,0.554733830381193,0.7536747588959095,0.680395250352902,0.7539994083145405,8.50795153460239,0.7947403425151027,0.7219437780524459,xgboost,1-1-0,2-3-0
557,"[[24099 14510]
 [ 1626 36922]]","(array([0.        , 0.37581911, 1.        ]), array([0.        , 0.95781882, 1.        ]), array([2, 1, 0]))",0.9578188232852547,0.6172677322064267,0.7908679705017043,0.7178799191165034,0.7909998568756041,7.223314774641198,0.8206712602800623,0.7557435032504216,xgboost,1-1-0,2-3-1
558,"[[131473  79657]
 [  9247 202930]]","(array([0.        , 0.37728887, 1.        ]), array([0.        , 0.95641846, 1.        ]), array([2, 1, 0]))",0.9564184619445086,0.6146754631235263,0.7899774867885483,0.7181151291460683,0.7895647938955717,7.254071088230617,0.820310289350074,0.7557773598257016,xgboost,1-1-0,2-3-2
559,"[[131680  79744]
 [  9361 201810]]","(array([0.        , 0.37717572, 1.        ]), array([0.      , 0.955671, 1.      ]), array([2, 1, 0]))",0.9556709964909954,0.6133954580883523,0.7891480022243519,0.7167719158669384,0.7892476368863333,7.2827208882404895,0.8191587599573799,0.7544936506785245,xgboost,1-1-0,2-3-3
560,"[[37679 36232]
 [ 2173 34422]]","(array([0.       , 0.4902112, 1.       ]), array([0.       , 0.9406203, 1.       ]), array([2, 1, 0]))",0.9406203033201257,0.4414475762030224,0.6524623097388377,0.4871911002915617,0.7252045516817105,12.0037887396217,0.6419080830590496,0.5391731487949977,xgboost,1-1-0,3-0-0
561,"[[134355 123559]
 [  7697 121938]]","(array([0.        , 0.47907054, 1.        ]), array([0.       , 0.9406256, 1.       ]), array([2, 1, 0]))",0.9406256026536044,0.4519343374007245,0.6613176656371195,0.4966985339943054,0.7307775298797307,11.69792834441393,0.6501071622788779,0.5484683206446791,xgboost,1-1-0,3-0-1
562,"[[40950 39955]
 [ 2495 37862]]","(array([0.        , 0.49385081, 1.        ]), array([0.        , 0.93817677, 1.        ]), array([2, 1, 0]))",0.9381767723071586,0.4366582433736252,0.6499315531658723,0.48655178174434893,0.7221629798128092,12.091199270004468,0.640783928782981,0.5383860646996089,xgboost,1-1-0,3-0-2
563,"[[99878 97282]
 [ 6027 92452]]","(array([0.        , 0.49341651, 1.        ]), array([0.        , 0.93879913, 1.        ]), array([2, 1, 0]))",0.9387991348409306,0.4378079788608338,0.6505569292278759,0.48727165399981026,0.7226913101674728,12.069599197058004,0.6415532956528679,0.5391321588728912,xgboost,1-1-0,3-0-3
564,"[[ 80721 155283]
 [  2062 116232]]","(array([0.        , 0.65796766, 1.        ]), array([0.        , 0.98256885, 1.        ]), array([2, 1, 0]))",0.9825688538725548,0.3617625923558896,0.5558964487521804,0.42808684603060604,0.6623005961537483,15.339143703167878,0.596353598813778,0.482549150831068,xgboost,1-1-0,3-1-0
565,"[[ 72629 139504]
 [  1814 104825]]","(array([0.        , 0.65762517, 1.        ]), array([0.        , 0.98298934, 1.        ]), array([2, 1, 0]))",0.9829893378595073,0.3628544308508491,0.5566800095365967,0.42903216564550256,0.6626820843719526,15.31207994935531,0.5973479063618334,0.48353022035047577,xgboost,1-1-0,3-1-1
566,"[[66605 61566]
 [ 3862 59692]]","(array([0.        , 0.48034267, 1.        ]), array([0.        , 0.93923278, 1.        ]), array([2, 1, 0]))",0.9392327784246468,0.4480504713003135,0.6587403833615856,0.492272674792591,0.7294450556033167,11.786946355361083,0.6459753695647469,0.5440532569186964,xgboost,1-1-0,3-1-2
567,"[[148732 144197]
 [  8946 137775]]","(array([0.        , 0.49225922, 1.        ]), array([0.        , 0.93902713, 1.        ]), array([2, 1, 0]))",0.9390271331302268,0.43925909048178613,0.6516706471056523,0.4886123444881052,0.7233839583665396,12.031131884445466,0.6427676682381097,0.5404598586703845,xgboost,1-1-0,3-1-3
568,"[[35159 34268]
 [ 2080 32444]]","(array([0.        , 0.49358319, 1.        ]), array([0.        , 0.93975206, 1.        ]), array([2, 1, 0]))",0.9397520565403777,0.43825111752208057,0.6503352541101096,0.4863292960786665,0.7230844342217638,12.07725606301961,0.640957762060927,0.5382716377102053,xgboost,1-1-0,3-2-0
569,"[[36795 35891]
 [ 2194 34249]]","(array([0.        , 0.49378147, 1.        ]), array([0.        , 0.93979639, 1.        ]), array([2, 1, 0]))",0.9397963943692891,0.43896299120364024,0.6510093558998983,0.4882948388936413,0.7230074616922526,12.05397279688754,0.6426728465139845,0.5401999350163877,xgboost,1-1-0,3-2-1
570,"[[ 90775 173614]
 [  2225 129247]]","(array([0.        , 0.65666121, 1.        ]), array([0.        , 0.98307624, 1.        ]), array([2, 1, 0]))",0.983076244371425,0.36261463882162714,0.555806204703166,0.4267535271956442,0.6632075184162667,15.34226085371619,0.595151646317457,0.4812177381161591,xgboost,1-1-0,3-2-2
571,"[[110644 102030]
 [  6431  99690]]","(array([0.        , 0.47974835, 1.        ]), array([0.        , 0.93939936, 1.        ]), array([2, 1, 0]))",0.9393993648759434,0.4493446027502639,0.659778227387506,0.49419988102320045,0.7298255088201341,11.751099639248451,0.6476720124999594,0.545946828097669,xgboost,1-1-0,3-2-3
572,"[[34864 33570]
 [ 2074 32235]]","(array([0.        , 0.49054564, 1.        ]), array([0.        , 0.93954939, 1.        ]), array([2, 1, 0]))",0.9395493893730508,0.4412897394586065,0.6530761219742465,0.48985639389104174,0.7245018770812415,11.982587507722457,0.6439658788980562,0.5417119003525707,xgboost,1-1-0,3-3-0
573,"[[113915 111051]
 [  6787 105778]]","(array([0.        , 0.49363459, 1.        ]), array([0.        , 0.93970595, 1.        ]), array([2, 1, 0]))",0.9397059476746769,0.43878174291387806,0.6508824374650032,0.48784064862172494,0.7230356770013722,12.058356503306975,0.6422582074961899,0.5397492144454276,xgboost,1-1-0,3-3-1
574,"[[83756 81087]
 [ 5094 77207]]","(array([0.        , 0.49190442, 1.        ]), array([0.        , 0.93810525, 1.        ]), array([2, 1, 0]))",0.9381052478098687,0.43823518328017397,0.651292363965947,0.48774432385308353,0.7231004148332723,12.044197413032968,0.6418005361707434,0.5395491399444008,xgboost,1-1-0,3-3-2
575,"[[55033 50353]
 [ 3188 49468]]","(array([0.        , 0.47779591, 1.        ]), array([0.        , 0.93945609, 1.        ]), array([2, 1, 0]))",0.9394560923731389,0.45111474363584053,0.6612229660470001,0.4955670650464331,0.7308300901013209,11.70119897931762,0.6488585163664028,0.547285037836881,xgboost,1-1-0,3-3-3
576,"[[244677  10703]
 [ 45462  92177]]","(array([0.        , 0.04191009, 1.        ]), array([0.        , 0.66970117, 1.        ]), array([2, 1, 0]))",0.6697011748123715,0.6812567269401427,0.8570934229642841,0.8959661741835148,0.8138955400258114,4.935840084859647,0.7664841447037448,0.8392560260325335,xgboost,0-3-0,0-0-0
577,"[[179482   6037]
 [ 48497  51408]]","(array([0.        , 0.03254114, 1.        ]), array([0.        , 0.51456884, 1.        ]), array([2, 1, 0]))",0.5145688403983785,0.5734377312864772,0.8089368798699479,0.8949081730350771,0.7410138495298778,6.599103295762604,0.6534223069590086,0.7796533054279087,xgboost,0-3-0,0-0-1
578,"[[275792  16688]
 [ 13537 143654]]","(array([0.        , 0.05705689, 1.        ]), array([0.        , 0.91388184, 1.        ]), array([2, 1, 0]))",0.913881838018716,0.8529712556843473,0.9327841911086105,0.8959224657295032,0.9284124726198614,2.3215814678244553,0.9048130430537928,0.8994576480886196,xgboost,0-3-0,0-0-2
579,"[[78168  1246]
 [19450 23488]]","(array([0.        , 0.01568993, 1.        ]), array([0.        , 0.54702129, 1.        ]), array([2, 1, 0]))",0.5470212865061251,0.6314264324715261,0.8308486988361449,0.9496239993531171,0.7656656788890965,5.84228711069267,0.6941718879300154,0.82777675965998,xgboost,0-3-0,0-0-3
580,"[[237593  29367]
 [ 14760 128740]]","(array([0.        , 0.11000524, 1.        ]), array([0.        , 0.89714286, 1.        ]), array([2, 1, 0]))",0.8971428571428571,0.771293955037026,0.892493787457974,0.8142586982233551,0.8935688064557559,3.713190244496313,0.8536937140053116,0.8295872812941407,xgboost,0-3-0,0-1-0
581,"[[122791   5613]
 [ 29050  39787]]","(array([0.        , 0.04371359, 1.        ]), array([0.        , 0.57798858, 1.        ]), array([2, 1, 0]))",0.577988581722039,0.604982253040695,0.8242606760257756,0.8763656387665198,0.767137495122569,6.069843969140113,0.6965694127121687,0.7943514736241052,xgboost,0-3-0,0-1-1
582,"[[307559   8205]
 [ 57744 112008]]","(array([0.       , 0.0259846, 1.       ]), array([0.        , 0.65983317, 1.        ]), array([2, 1, 0]))",0.6598331683868232,0.7002803444571526,0.8641671953138517,0.9317461505827157,0.8169242861480359,4.691512380982047,0.7725622057834567,0.8608001180441559,xgboost,0-3-0,0-1-2
583,"[[305648   9178]
 [ 52645 116663]]","(array([0.        , 0.02915261, 1.        ]), array([0.        , 0.68905781, 1.        ]), array([2, 1, 0]))",0.6890578117986156,0.71750568151423,0.8723018833628706,0.9270666952741952,0.8299526002574612,4.410551854998362,0.7905363053915142,0.8671611126968269,xgboost,0-3-0,0-1-3
584,"[[46808  2459]
 [11548 15438]]","(array([0.        , 0.04991171, 1.        ]), array([0.        , 0.57207441, 1.        ]), array([2, 1, 0]))",0.5720744089527904,0.5891424115844455,0.8163088665363986,0.862602670838688,0.7610813516743168,6.344492769774236,0.6879219303522491,0.7830665286992514,xgboost,0-3-0,0-2-0
585,"[[123703   3556]
 [ 28501  40208]]","(array([0.        , 0.02794301, 1.        ]), array([0.        , 0.58519262, 1.        ]), array([2, 1, 0]))",0.5851926239648372,0.6384535448159417,0.8364171701502287,0.9187460012795905,0.7786248050556,5.649965291578797,0.7149804842050982,0.8247287346419706,xgboost,0-3-0,0-2-1
586,"[[98569  9620]
 [ 8885 49152]]","(array([0.        , 0.08891847, 1.        ]), array([0.        , 0.84690801, 1.        ]), array([2, 1, 0]))",0.8469080069610766,0.7558066611510201,0.8886756584409178,0.8363166133532974,0.8789947701019138,3.8450528155348787,0.8415789879204513,0.8384136460554371,xgboost,0-3-0,0-2-2
587,"[[244831  31945]
 [  7766 141355]]","(array([0.        , 0.11541824, 1.        ]), array([0.        , 0.94792149, 1.        ]), array([2, 1, 0]))",0.9479214865780138,0.8083625328938986,0.9067591459906973,0.815666474321985,0.9162516211107834,3.220484982421117,0.8768349456145846,0.8390803506026799,xgboost,0-3-0,0-2-3
588,"[[254983   2792]
 [  1053 137141]]","(array([0.        , 0.01083115, 1.        ]), array([0.        , 0.99238028, 1.        ]), array([2, 1, 0]))",0.9923802770018959,0.978737983017844,0.9902896438862638,0.9800475942057985,0.9907745629020729,0.33538945653436775,0.9861753803118719,0.9824895476024678,xgboost,0-3-0,0-3-0
589,"[[162542   2206]
 [ 51907  36397]]","(array([0.        , 0.01339015, 1.        ]), array([0.        , 0.41217838, 1.        ]), array([2, 1, 0]))",0.41217838376517485,0.5286522216003012,0.7861585761029354,0.9428541823174365,0.6993941181942878,7.385828094501259,0.5736011409930106,0.7497857578404391,xgboost,0-3-0,0-3-1
590,"[[95654  2976]
 [23875 29023]]","(array([0.        , 0.03017338, 1.        ]), array([0.        , 0.54865968, 1.        ]), array([2, 1, 0]))",0.5486596846761692,0.6055591766422294,0.8227984266934164,0.9069970936591768,0.7592431547176851,6.120341221303646,0.6837226285970057,0.8022101341116896,xgboost,0-3-0,0-3-2
591,"[[254339   8665]
 [ 45029  96237]]","(array([0.        , 0.03294627, 1.        ]), array([0.        , 0.68124673, 1.        ]), array([2, 1, 0]))",0.681246726034573,0.7051504021351314,0.8671828233606254,0.9173990962994033,0.8241502295288224,4.587359903678402,0.7818806668616555,0.8579199606328695,xgboost,0-3-0,0-3-3
592,"[[ 16067  17308]
 [ 31715 172556]]","(array([0.        , 0.51859176, 1.        ]), array([0.        , 0.84474057, 1.        ]), array([2, 1, 0]))",0.8447405652295236,0.28273287612639264,0.793714179914663,0.9088400117979185,0.663074402464949,7.124918048862713,0.8756187600695192,0.8952535313423823,xgboost,0-3-0,1-0-0
593,"[[  1052  61247]
 [  5344 376169]]","(array([0.        , 0.98311369, 1.        ]), array([0.        , 0.98599261, 1.        ]), array([2, 1, 0]))",0.9859926136199815,0.008391183961901097,0.8499567384387984,0.8599799732977303,0.5014394599906197,5.182421006771573,0.9186852584289968,0.8825381467611559,xgboost,0-3-0,1-0-1
594,"[[   319  18525]
 [  1654 113145]]","(array([0.        , 0.98307153, 1.        ]), array([0.        , 0.98559221, 1.        ]), array([2, 1, 0]))",0.9855922089913676,0.007273867250423221,0.8490081785054212,0.8593073593073594,0.5012603371426803,5.215183596711366,0.9181276347126819,0.8819072798953669,xgboost,0-3-0,1-0-2
595,"[[  7416  15528]
 [  2866 135083]]","(array([0.        , 0.67677824, 1.        ]), array([0.        , 0.97922421, 1.        ]), array([2, 1, 0]))",0.9792242060471623,0.43238885569712326,0.8856755732070383,0.8968999608262345,0.6512229816846691,3.9487029837027294,0.9362558913224286,0.9122385003639958,xgboost,0-3-0,1-0-3
596,"[[ 12054  25350]
 [  4713 222123]]","(array([0.      , 0.677735, 1.      ]), array([0.        , 0.97922287, 1.        ]), array([2, 1, 0]))",0.9792228746759774,0.43111513384306704,0.8862284287011808,0.8975645828029725,0.6507439365359355,3.929607570977352,0.936617268489529,0.9127882320452887,xgboost,0-3-0,1-1-0
597,"[[ 14949  16408]
 [ 38352 153798]]","(array([0.        , 0.52326434, 1.        ]), array([0.        , 0.80040593, 1.        ]), array([2, 1, 0]))",0.8004059328649492,0.22585725227734502,0.754996487805751,0.9035991680669306,0.6385707949875022,8.462180223348456,0.8488778990826701,0.8808853413732827,xgboost,0-3-0,1-1-1
598,"[[  9938  10820]
 [ 25359 101527]]","(array([0.        , 0.52124482, 1.        ]), array([0.        , 0.80014344, 1.        ]), array([2, 1, 0]))",0.8001434358400454,0.22729837278003776,0.7549578716371813,0.9036912423117662,0.6394493072831597,8.463513876863727,0.8487708635514332,0.8808917285874428,xgboost,0-3-0,1-1-2
599,"[[  4122  20441]
 [  2094 148971]]","(array([0.        , 0.83218662, 1.        ]), array([0.        , 0.98613842, 1.        ]), array([2, 1, 0]))",0.986138417237613,0.28898799448232393,0.8716890245291183,0.8793414870257125,0.5769758975411694,4.431797154385309,0.929682941365527,0.8988093586078654,xgboost,0-3-0,1-1-3
600,"[[  9855  19235]
 [ 46700 131078]]","(array([0.        , 0.66122379, 1.        ]), array([0.        , 0.73731283, 1.        ]), array([2, 1, 0]))",0.7373128283589645,0.05934705864489174,0.681270181951776,0.8720336897008243,0.538044520057791,11.008612264124976,0.7990344142326365,0.8412898091215999,xgboost,0-3-0,1-2-0
601,"[[   827  40398]
 [  3666 245314]]","(array([0.        , 0.97993936, 1.        ]), array([0.        , 0.98527593, 1.        ]), array([2, 1, 0]))",0.9852759257771708,0.015090103180011678,0.848162505814855,0.8586058688469508,0.5026682842954987,5.244392568020294,0.9175899396287955,0.8812655011969871,xgboost,0-3-0,1-2-1
602,"[[ 10291  50580]
 [  5308 361561]]","(array([0.        , 0.83093756, 1.        ]), array([0.        , 0.98553162, 1.        ]), array([2, 1, 0]))",0.9855316202786281,0.2881258676309192,0.8693411885724973,0.877275010251346,0.5772970319033724,4.512890023838753,0.9282576603637951,0.896980946526131,xgboost,0-3-0,1-2-2
603,"[[ 31349  34356]
 [ 79579 319005]]","(array([0.        , 0.52288258, 1.        ]), array([0.        , 0.80034572, 1.        ]), array([2, 1, 0]))",0.8003457238624732,0.22679555696628836,0.7546032751152838,0.9027736507424419,0.6387315713140841,8.475761776659496,0.848479609545911,0.8802430205272765,xgboost,0-3-0,1-2-3
604,"[[   579  35638]
 [  1805 218114]]","(array([0.        , 0.98401303, 1.        ]), array([0.        , 0.99179243, 1.        ]), array([2, 1, 0]))",0.9917924326683916,0.02822772378009934,0.8538159415310617,0.8595557867524197,0.5038897000573093,5.0491297615636155,0.9209514620907762,0.8831048312977204,xgboost,0-3-0,1-3-0
605,"[[  233 12397]
 [ 1036 75543]]","(array([0.        , 0.98155186, 1.        ]), array([0.        , 0.98647149, 1.        ]), array([2, 1, 0]))",0.9864714869611774,0.014483202223802623,0.8494210225425686,0.8590288833295429,0.5024598131559648,5.200924748872618,0.9183498562476067,0.8818132367120436,xgboost,0-3-0,1-3-1
606,"[[  1094  69216]
 [  5917 423354]]","(array([0.        , 0.98444034, 1.        ]), array([0.        , 0.98621617, 1.        ]), array([2, 1, 0]))",0.9862161664775864,0.0052499111203901435,0.8496079714801004,0.8594798708812961,0.5008879154106037,5.194467427333211,0.9184967906612962,0.8821525360369503,xgboost,0-3-0,1-3-2
607,"[[ 27226  28709]
 [104476 236518]]","(array([0.        , 0.51325646, 1.        ]), array([0.        , 0.69361338, 1.        ]), array([2, 1, 0]))",0.6936133773614785,0.1332732369472254,0.664461402417057,0.8917568724149502,0.5901784594861383,11.589150426899527,0.7803028928394101,0.8435611048418507,xgboost,0-3-0,1-3-3
608,"[[ 82968 108904]
 [ 13807 178035]]","(array([0.        , 0.56758672, 1.        ]), array([0.        , 0.92802932, 1.        ]), array([2, 1, 0]))",0.9280293157911198,0.41498975094287965,0.6802019212225773,0.6204628858398475,0.6802212956540656,11.045661272599965,0.7437011911500248,0.6645090542087999,xgboost,0-3-0,2-0-0
609,"[[ 80333 124059]
 [ 28295 176275]]","(array([0.        , 0.60696603, 1.        ]), array([0.        , 0.86168549, 1.        ]), array([2, 1, 0]))",0.8616854866304933,0.2883645726583368,0.6274617201598193,0.5869298847283357,0.6273597302814684,12.867258904562808,0.6982515488092786,0.6269089114065947,xgboost,0-3-0,2-0-1
610,"[[43918 57882]
 [11675 90762]]","(array([0.        , 0.56858546, 1.        ]), array([0.        , 0.88602751, 1.        ]), array([2, 1, 0]))",0.886027509591261,0.35660138005770875,0.6594299759593022,0.6105998223944458,0.6587210239508368,11.763098517894683,0.7229698782464623,0.6510782438778042,xgboost,0-3-0,2-0-2
611,"[[109567 139109]
 [ 34816 213537]]","(array([0.        , 0.55939857, 1.        ]), array([0.        , 0.85981244, 1.        ]), array([2, 1, 0]))",0.8598124443835992,0.3308598811164081,0.6500707202195445,0.6055279231864249,0.6502069347655903,12.086352940540207,0.7106068396120458,0.6435958689208812,xgboost,0-3-0,2-0-3
612,"[[26413 11954]
 [18063 20588]]","(array([0.        , 0.31156984, 1.        ]), array([0.       , 0.5326641, 1.       ]), array([2, 1, 0]))",0.5326640966598536,0.22379571711848875,0.610259939234984,0.6326593325548522,0.6105471289982094,13.461268916794962,0.5783714691051086,0.6097654884817468,xgboost,0-3-0,2-1-0
613,"[[128302  89992]
 [ 24776 193493]]","(array([0.        , 0.41225137, 1.        ]), array([0.        , 0.88648869, 1.        ]), array([2, 1, 0]))",0.8864886905607301,0.49692543622449215,0.7371101078194899,0.682551104996737,0.7371186615694064,9.080060029510168,0.7712663974776484,0.7154700197972353,xgboost,0-3-0,2-1-1
614,"[[28613 37314]
 [ 7473 58298]]","(array([0.        , 0.56598966, 1.        ]), array([0.       , 0.8863785, 1.       ]), array([2, 1, 0]))",0.8863784950814189,0.3591705216309354,0.6599264985041534,0.6097351796845584,0.6601944199283503,11.74594917597363,0.7224800629558257,0.6503294148619313,xgboost,0-3-0,2-1-2
615,"[[ 75594  99208]
 [ 19939 155217]]","(array([0.        , 0.56754499, 1.        ]), array([0.        , 0.88616433, 1.        ]), array([2, 1, 0]))",0.8861643335084154,0.3576030726574801,0.6595391446973636,0.610069765156726,0.6593096698720211,11.759328026752573,0.7226436923420729,0.65061080298041,xgboost,0-3-0,2-1-3
616,"[[116977  81788]
 [ 31252 167750]]","(array([0.        , 0.41148089, 1.        ]), array([0.        , 0.84295635, 1.        ]), array([2, 1, 0]))",0.8429563521974653,0.4461900083890006,0.7158135290257864,0.6722423037773806,0.7157377288368909,9.815617386950965,0.7479823427119098,0.7006199703630444,xgboost,0-3-0,2-2-0
617,"[[ 72434  90928]
 [ 22858 140646]]","(array([0.        , 0.55660435, 1.        ]), array([0.        , 0.86019914, 1.        ]), array([2, 1, 0]))",0.8601991388589881,0.3340111027232183,0.6518879296102991,0.6073479751612876,0.6517973938929555,12.023587392590356,0.7119910498686336,0.6452835382639017,xgboost,0-3-0,2-2-1
618,"[[ 95573 121820]
 [ 30455 186446]]","(array([0.        , 0.56036763, 1.        ]), array([0.        , 0.85959032, 1.        ]), array([2, 1, 0]))",0.8595903200077455,0.32964898548703325,0.6493734659009796,0.6048218097357477,0.6496113454376264,12.110435747429094,0.7100446143798069,0.6429327604459417,xgboost,0-3-0,2-2-2
619,"[[ 81553 128019]
 [ 20154 190461]]","(array([0.        , 0.61085928, 1.        ]), array([0.        , 0.90430881, 1.        ]), array([2, 1, 0]))",0.9043088099138238,0.34255333429314955,0.6473641497714113,0.5980312735493595,0.6467247674099114,12.179854394416092,0.7199501034785815,0.6414836969151957,xgboost,0-3-0,2-2-3
620,"[[25787 34450]
 [10424 49619]]","(array([0.        , 0.57190763, 1.        ]), array([0.        , 0.82639109, 1.        ]), array([2, 1, 0]))",0.8263910863880886,0.27738579119388984,0.6269205187894912,0.5902175593857427,0.6272417274329671,12.885937795782278,0.6886171866326191,0.6259982488853676,xgboost,0-3-0,2-3-0
621,"[[26638 11971]
 [18008 20540]]","(array([0.        , 0.31005724, 1.        ]), array([0.        , 0.53284217, 1.        ]), array([2, 1, 0]))",0.5328421708000415,0.2255924552719932,0.6114545666627785,0.6317861646827228,0.6113924651301355,13.420007899786983,0.5781111470749659,0.6091629496061497,xgboost,0-3-0,2-3-1
622,"[[ 90698 120432]
 [  3466 208711]]","(array([0.        , 0.57041633, 1.        ]), array([0.        , 0.98366458, 1.        ]), array([2, 1, 0]))",0.9836645819292383,0.49682150846276896,0.7073093523140416,0.6341043254755532,0.7066241253794348,10.109404320964117,0.7711187467671617,0.6826202339298341,xgboost,0-3-0,2-3-2
623,"[[ 90682 120742]
 [ 12676 198495]]","(array([0.        , 0.57108937, 1.        ]), array([0.        , 0.93997282, 1.        ]), array([2, 1, 0]))",0.9399728182373527,0.4290963150832098,0.6842887398099835,0.6217794303291911,0.6844417216659746,10.904509078548275,0.7484615616657365,0.6669325504210347,xgboost,0-3-0,2-3-3
624,"[[49939 23972]
 [26490 10105]]","(array([0.        , 0.32433603, 1.        ]), array([0.        , 0.27613062, 1.        ]), array([2, 1, 0]))",0.27613061893701324,-0.049124868570940436,0.5433551119396232,0.29653431933562224,0.47589729658815055,15.772129136785146,0.28596898347294547,0.2922158666998259,xgboost,0-3-0,3-0-0
625,"[[ 55771 202143]
 [  2586 127049]]","(array([0.        , 0.78376125, 1.        ]), array([0.        , 0.98005168, 1.        ]), array([2, 1, 0]))",0.9800516835731091,0.2589563740792114,0.4717338968749758,0.3859419426960558,0.5981452149109294,18.24608187758709,0.5537991443398056,0.4391894928315276,xgboost,0-3-0,3-0-1
626,"[[16547 64358]
 [  782 39575]]","(array([0.        , 0.79547618, 1.        ]), array([0.        , 0.98062294, 1.        ]), array([2, 1, 0]))",0.9806229402581956,0.24928707567640407,0.4628160511949333,0.3807741525790654,0.59257338224825,18.554100665137423,0.548548062928824,0.43385172630780394,xgboost,0-3-0,3-0-2
627,"[[ 42972 154188]
 [  1992  96487]]","(array([0.        , 0.78204504, 1.        ]), array([0.        , 0.97977234, 1.        ]), array([2, 1, 0]))",0.9797723372495659,0.25951344880848437,0.4717205781375258,0.38490874638476114,0.5988636488438943,18.246541848963492,0.5526902169243371,0.4381077009278237,xgboost,0-3-0,3-0-3
628,"[[ 52221 183783]
 [  2324 115970]]","(array([0.        , 0.77872833, 1.        ]), array([0.        , 0.98035403, 1.        ]), array([2, 1, 0]))",0.9803540331715894,0.263467894385679,0.4747161993576029,0.38688520214976996,0.6008128532665289,18.143074504914374,0.5548179989331342,0.4401786676747847,xgboost,0-3-0,3-1-0
629,"[[126890  85243]
 [ 13116  93523]]","(array([0.        , 0.40183753, 1.        ]), array([0.       , 0.8770056, 1.       ]), array([2, 1, 0]))",0.877005598327066,0.4517452708867724,0.691444041509292,0.5231587662083393,0.7375840359348039,10.657359076426923,0.6553704384996758,0.5690803124729982,xgboost,0-3-0,3-1-1
630,"[[28915 99256]
 [ 1349 62205]]","(array([0.        , 0.77440295, 1.        ]), array([0.        , 0.97877396, 1.        ]), array([2, 1, 0]))",0.9787739560059162,0.26386916281290523,0.4752640500717173,0.38526331436074346,0.6021855049708369,18.12415159239807,0.5528964735684287,0.4384351238655874,xgboost,0-3-0,3-1-2
631,"[[ 66268 226661]
 [  2933 143788]]","(array([0.        , 0.77377453, 1.        ]), array([0.        , 0.98000968, 1.        ]), array([2, 1, 0]))",0.9800096782328365,0.2670358704250995,0.47778005231434095,0.3881451967747247,0.6031175729188072,18.03725023351813,0.5560570025330162,0.4414691403282864,xgboost,0-3-0,3-1-3
632,"[[14996 54431]
 [  675 33849]]","(array([0.        , 0.78400334, 1.        ]), array([0.        , 0.98044838, 1.        ]), array([2, 1, 0]))",0.9804483837330553,0.25857486620317166,0.4698848495925965,0.3834277299501586,0.5982225210468177,18.30994733004657,0.5512686883163416,0.4365990444841144,xgboost,0-3-0,3-2-0
633,"[[16158 56528]
 [  719 35724]]","(array([0.        , 0.77770135, 1.        ]), array([0.        , 0.98027056, 1.        ]), array([2, 1, 0]))",0.9802705595038828,0.26422284713111693,0.4754189995326632,0.3872436369943199,0.601284606995152,18.11880006160586,0.5551730836473833,0.4405464532088958,xgboost,0-3-0,3-2-1
634,"[[ 59650 204739]
 [  2659 128813]]","(array([0.        , 0.77438547, 1.        ]), array([0.        , 0.97977516, 1.        ]), array([2, 1, 0]))",0.9797751612510649,0.26561940714206184,0.476083776881279,0.38618566220559314,0.6026948456781632,18.095838831129985,0.5540058147536472,0.4394308443862235,xgboost,0-3-0,3-2-2
635,"[[ 48476 164198]
 [  2128 103993]]","(array([0.        , 0.77206429, 1.        ]), array([0.        , 0.97994742, 1.        ]), array([2, 1, 0]))",0.9799474185128297,0.268078876840112,0.4782665976568014,0.387757232718473,0.6039415661641704,18.020445160553827,0.5556487635982816,0.44106507420147006,xgboost,0-3-0,3-2-3
636,"[[14832 53602]
 [  659 33650]]","(array([0.        , 0.78326563, 1.        ]), array([0.        , 0.98079221, 1.        ]), array([2, 1, 0]))",0.9807922119560465,0.26033833501549497,0.47187642953777875,0.3856645119882639,0.5987632918797681,18.241159066658575,0.5536315101060373,0.4389317457874292,xgboost,0-3-0,3-3-0
637,"[[ 51133 173833]
 [  2219 110346]]","(array([0.        , 0.77270788, 1.        ]), array([0.        , 0.98028695, 1.        ]), array([2, 1, 0]))",0.9802869453204816,0.26827014795116666,0.4784123532357028,0.3882975167060198,0.6037895347318427,18.015410905359506,0.5562579396285766,0.4416380301949682,xgboost,0-3-0,3-3-1
638,"[[ 37400 127443]
 [  1662  80639]]","(array([0.        , 0.77311745, 1.        ]), array([0.        , 0.97980583, 1.        ]), array([2, 1, 0]))",0.979805834680016,0.2670295876343937,0.4776122422555271,0.38753472188848626,0.6033441917647637,18.043046278931477,0.5553975267147181,0.4408290137312506,xgboost,0-3-0,3-3-2
639,"[[23767 81619]
 [ 1055 51601]]","(array([0.        , 0.77447669, 1.        ]), array([0.       , 0.9799643, 1.       ]), array([2, 1, 0]))",0.9799642965663932,0.26619379963527817,0.4768858910922413,0.3873367362257919,0.6027438054293071,18.068134179619978,0.555219608771439,0.4406304650781505,xgboost,0-3-0,3-3-3
640,"[[185134  70246]
 [ 25412 112227]]","(array([0.        , 0.27506461, 1.        ]), array([0.       , 0.8153721, 1.       ]), array([2, 1, 0]))",0.8153720965714659,0.5168117482445952,0.7566071869298939,0.615033457004598,0.7701537434850437,8.406632862292781,0.701173339331234,0.646818384587986,xgboost,3-2-0,0-0-0
641,"[[134270  51249]
 [ 18498  81407]]","(array([0.        , 0.27624664, 1.        ]), array([0.       , 0.8148441, 1.       ]), array([2, 1, 0]))",0.814844101896802,0.5150773685337209,0.7556372274230618,0.6136699433120251,0.7692987320430598,8.440134732133723,0.7000915888734569,0.6455452485135498,xgboost,3-2-0,0-0-1
642,"[[212057  80423]
 [ 28969 128222]]","(array([0.        , 0.27496923, 1.        ]), array([0.        , 0.81570828, 1.        ]), array([2, 1, 0]))",0.8157082784637797,0.5170275930876662,0.7567288083954714,0.6145462388267152,0.7703695248992859,8.402432296982012,0.7009807673383701,0.6464294680929368,xgboost,3-2-0,0-0-2
643,"[[57569 21845]
 [ 7860 35078]]","(array([0.        , 0.27507744, 1.        ]), array([0.        , 0.81694536, 1.        ]), array([2, 1, 0]))",0.8169453630816527,0.5184821997657962,0.7572168824375572,0.6162359678864431,0.7709339604085323,8.38557457186384,0.7025365257708214,0.6480804049809703,xgboost,3-2-0,0-0-3
644,"[[193858  73102]
 [ 26178 117322]]","(array([0.        , 0.27383129, 1.        ]), array([0.        , 0.81757491, 1.        ]), array([2, 1, 0]))",0.817574912891986,0.5199187920147833,0.7581250304536373,0.6161093139520228,0.7718718136530652,8.354207895186073,0.7026868389214311,0.6480474946862337,xgboost,3-2-0,0-1-0
645,"[[93192 35212]
 [12578 56259]]","(array([0.        , 0.27422822, 1.        ]), array([0.       , 0.8172785, 1.       ]), array([2, 1, 0]))",0.817278498481921,0.5190597118145774,0.7577075760110727,0.6150473920696177,0.7715251406462127,8.36862660064334,0.7018863687401751,0.6470701898459011,xgboost,3-2-0,0-1-1
646,"[[228849  86915]
 [ 31330 138422]]","(array([0.        , 0.27525304, 1.        ]), array([0.        , 0.81543664, 1.        ]), array([2, 1, 0]))",0.8154366369762949,0.5165088628198763,0.75645498809514,0.6142888207440411,0.7700917999489851,8.411889848793573,0.7007130039054492,0.6461674913640182,xgboost,3-2-0,0-1-2
647,"[[228210  86616]
 [ 31268 138040]]","(array([0.       , 0.2751234, 1.       ]), array([0.        , 0.81531883, 1.        ]), array([2, 1, 0]))",0.8153188272261205,0.5165539132138951,0.7565054303147476,0.6144505377109892,0.7700977128640751,8.410147551026503,0.7007746900732046,0.6462958315698003,xgboost,3-2-0,0-1-3
648,"[[35802 13465]
 [ 5732 21254]]","(array([0.        , 0.27330668, 1.        ]), array([0.        , 0.78759357, 1.        ]), array([2, 1, 0]))",0.7875935670347588,0.4938184230305641,0.748245970650335,0.6121720095624874,0.7571434455832653,8.695417321711906,0.6888906895713475,0.640713364121981,xgboost,3-2-0,0-2-0
649,"[[92488 34771]
 [12600 56109]]","(array([0.        , 0.27323018, 1.        ]), array([0.        , 0.81661791, 1.        ]), array([2, 1, 0]))",0.8166179103174257,0.5199363355522776,0.7582717586544742,0.6173965669014084,0.7716938631023554,8.349139550363118,0.7031687647644888,0.649065657325168,xgboost,3-2-0,0-2-1
650,"[[78204 29985]
 [10783 47254]]","(array([0.        , 0.27715387, 1.        ]), array([0.        , 0.81420473, 1.        ]), array([2, 1, 0]))",0.8142047314644106,0.5133077775541965,0.7547435419248493,0.6117893810121829,0.7685254309236758,8.471002201801543,0.6986309471007423,0.6437997454992329,xgboost,3-2-0,0-2-2
651,"[[200380  76396]
 [ 27543 121578]]","(array([0.        , 0.27602104, 1.        ]), array([0.        , 0.81529764, 1.        ]), array([2, 1, 0]))",0.8152976441949826,0.5157592673287749,0.7559527303549919,0.6141109438613152,0.7696383009540396,8.429237505208766,0.7005459600397586,0.6459925803678361,xgboost,3-2-0,0-2-3
652,"[[187013  70762]
 [ 25476 112718]]","(array([0.        , 0.27451072, 1.        ]), array([0.        , 0.81565046, 1.        ]), array([2, 1, 0]))",0.8156504623934469,0.5172634983417218,0.7569557212812114,0.6143339873555701,0.7705698728415687,8.394594889516023,0.7008213284256731,0.6462343225770942,xgboost,3-2-0,0-3-0
653,"[[119381  45367]
 [ 16096  72208]]","(array([0.        , 0.27537208, 1.        ]), array([0.       , 0.8177206, 1.       ]), array([2, 1, 0]))",0.8177206015582533,0.5183086329587674,0.7571131625120529,0.6141441633000213,0.7711742590669359,8.38915752057684,0.701460566643514,0.646325482810721,xgboost,3-2-0,0-3-1
654,"[[71683 26947]
 [ 9608 43290]]","(array([0.        , 0.27321302, 1.        ]), array([0.        , 0.81836742, 1.        ]), array([2, 1, 0]))",0.8183674240992098,0.5211220614300809,0.7587574573676152,0.6163418141435426,0.7725772028738978,8.332364433424264,0.7031307101961262,0.6483528333423195,xgboost,3-2-0,0-3-2
655,"[[190754  72250]
 [ 26134 115132]]","(array([0.        , 0.27471065, 1.        ]), array([0.        , 0.81500149, 1.        ]), array([2, 1, 0]))",0.8150014865572749,0.5165898931404755,0.7566378905187128,0.6144240108441579,0.770145417884347,8.405572384176972,0.700640198631971,0.6462324622752287,xgboost,3-2-0,0-3-3
656,"[[   971  32404]
 [  2505 201766]]","(array([0.        , 0.97090637, 1.        ]), array([0.        , 0.98773688, 1.        ]), array([2, 1, 0]))",0.9877368789500223,0.048708618077342725,0.8531050385868055,0.8616218986206602,0.508415255954412,5.073681254155615,0.9203792528527213,0.8842009867207269,xgboost,3-2-0,1-0-0
657,"[[  1916  60383]
 [  4860 376653]]","(array([0.        , 0.96924509, 1.        ]), array([0.        , 0.98726125, 1.        ]), array([2, 1, 0]))",0.9872612466678724,0.05104015677797019,0.8529940605481601,0.8618351806258523,0.509008077225652,5.0775140609645195,0.9202943256909483,0.8843043738968294,xgboost,3-2-0,1-0-1
658,"[[   582  18262]
 [  1523 113276]]","(array([0.        , 0.96911484, 1.        ]), array([0.        , 0.98673333, 1.        ]), array([2, 1, 0]))",0.9867333339140585,0.04924620545684744,0.8519563314202764,0.861165594733081,0.5088092481499819,5.113356428855819,0.9196831982203242,0.8836556928688776,xgboost,3-2-0,1-0-2
659,"[[   715  22229]
 [  1705 136244]]","(array([0.        , 0.96883717, 1.        ]), array([0.        , 0.98764036, 1.        ]), array([2, 1, 0]))",0.9876403598431305,0.054018196714988205,0.8512427513937835,0.8597300486518208,0.5094015955422069,5.13800381922811,0.9192570052155373,0.8825911036081264,xgboost,3-2-0,1-0-3
660,"[[  1133  36271]
 [  2769 224067]]","(array([0.        , 0.96970912, 1.        ]), array([0.        , 0.98779294, 1.        ]), array([2, 1, 0]))",0.9877929429191133,0.05226281485340989,0.8522555252800484,0.8606772733907458,0.509041910450039,5.1030231329689055,0.9198643605775348,0.8834139733225673,xgboost,3-2-0,1-1-0
661,"[[   940  30417]
 [  2425 189725]]","(array([0.        , 0.97002264, 1.        ]), array([0.        , 0.98737965, 1.        ]), array([2, 1, 0]))",0.9873796513140776,0.0495014982646608,0.8530605305426676,0.8618300914864042,0.5086785044209511,5.075218296145941,0.9203428637955624,0.8843190847920888,xgboost,3-2-0,1-1-1
662,"[[   636  20122]
 [  1597 125289]]","(array([0.        , 0.96936121, 1.        ]), array([0.       , 0.9874139, 1.       ]), array([2, 1, 0]))",0.9874138990905222,0.051416026941157045,0.8528961556175666,0.8616198224343413,0.5090263444773355,5.080895762919968,0.9202378285475051,0.8841474602345702,xgboost,3-2-0,1-1-2
663,"[[   706  23857]
 [  1850 149215]]","(array([0.        , 0.97125758, 1.        ]), array([0.        , 0.98775362, 1.        ]), array([2, 1, 0]))",0.9877536159931155,0.04777583974556288,0.8536281230783246,0.8621556346491633,0.5082480167251332,5.055614143415976,0.9206909424101538,0.8846532827890575,xgboost,3-2-0,1-1-3
664,"[[   869  28221]
 [  2128 175650]]","(array([0.        , 0.97012719, 1.        ]), array([0.        , 0.98803001, 1.        ]), array([2, 1, 0]))",0.9880300149624813,0.05208483592244451,0.8532929210897771,0.8615742307635711,0.5089514117438738,5.06719207537281,0.9204792885609553,0.8842077921031912,xgboost,3-2-0,1-2-0
665,"[[  1252  39973]
 [  3166 245814]]","(array([0.        , 0.96963008, 1.        ]), array([0.        , 0.98728412, 1.        ]), array([2, 1, 0]))",0.9872841192063619,0.050335291532854994,0.8513499078237797,0.8601300968903414,0.508827020185352,5.134302431757305,0.9193312227568268,0.8828714026296431,xgboost,3-2-0,1-2-1
666,"[[  1837  59034]
 [  4583 362286]]","(array([0.        , 0.96982143, 1.        ]), array([0.       , 0.9875078, 1.       ]), array([2, 1, 0]))",0.9875078025126135,0.05081899234492346,0.8512718006265488,0.859883224152663,0.5088431884373946,5.137000377214492,0.91928712529609,0.8826990632746452,xgboost,3-2-0,1-2-2
667,"[[  1945  63760]
 [  5139 393445]]","(array([0.        , 0.97039799, 1.        ]), array([0.        , 0.98710686, 1.        ]), array([2, 1, 0]))",0.9871068582783052,0.047512883429563925,0.8516032040388637,0.8605439573058038,0.5083544336289174,5.1255535607457885,0.9194906688447738,0.8831918233064142,xgboost,3-2-0,1-2-3
668,"[[  1067  35150]
 [  2700 217219]]","(array([0.       , 0.9705387, 1.       ]), array([0.        , 0.98772275, 1.        ]), array([2, 1, 0]))",0.9877227524679542,0.04973904671198121,0.8522269419370959,0.8607198189952014,0.5085920275855523,5.104010339807917,0.9198582221017685,0.8834386019139496,xgboost,3-2-0,1-3-0
669,"[[  402 12228]
 [  924 75655]]","(array([0.        , 0.96817102, 1.        ]), array([0.        , 0.98793403, 1.        ]), array([2, 1, 0]))",0.9879340289113203,0.05693579092144827,0.8525709289421471,0.8608604622054322,0.5098815037668241,5.092129321293163,0.9200301589424913,0.8835909378642456,xgboost,3-2-0,1-3-1
670,"[[  2021  68289]
 [  5320 423951]]","(array([0.        , 0.97125587, 1.        ]), array([0.       , 0.9876069, 1.       ]), array([2, 1, 0]))",0.9876068963428697,0.047255608751273916,0.8526585278463352,0.8612688932228182,0.5081755147338015,5.089103459422781,0.9201214092940833,0.8838827452401374,xgboost,3-2-0,1-3-2
671,"[[  1794  54141]
 [  4193 336801]]","(array([0.        , 0.96792706, 1.        ]), array([0.       , 0.9877036, 1.       ]), array([2, 1, 0]))",0.9877035959577002,0.05645529206987696,0.8530366891811886,0.8615114262473718,0.5098882688825777,5.076041995483294,0.9203017750185809,0.8841025807948708,xgboost,3-2-0,1-3-3
672,"[[112720  79152]
 [  2128 189714]]","(array([0.        , 0.41252502, 1.        ]), array([0.        , 0.98890754, 1.        ]), array([2, 1, 0]))",0.9889075384952201,0.6293015325602968,0.7881755682617783,0.7056079980361964,0.7881912609087175,7.316321622651596,0.8235758875469928,0.7484932605069335,xgboost,3-2-0,2-0-0
673,"[[102500 101892]
 [  2184 202386]]","(array([0.        , 0.49851266, 1.        ]), array([0.        , 0.98932395, 1.        ]), array([2, 1, 0]))",0.9893239477929315,0.5623310038658259,0.7455118079430363,0.6651351724409914,0.7454056429246078,8.789909978575228,0.795467408735025,0.7117836478199766,xgboost,3-2-0,2-0-1
674,"[[ 59798  42002]
 [  1175 101262]]","(array([0.        , 0.41259332, 1.        ]), array([0.        , 0.98852954, 1.        ]), array([2, 1, 0]))",0.9885295352265295,0.6292734147210342,0.7885936436590824,0.7068209738664284,0.7879681074953866,7.301881309920936,0.8242701494906411,0.7495414460253474,xgboost,3-2-0,2-0-2
675,"[[125003 123673]
 [  2810 245543]]","(array([0.        , 0.49732584, 1.        ]), array([0.        , 0.98868546, 1.        ]), array([2, 1, 0]))",0.9886854598092232,0.5621126204647799,0.7455218910767782,0.6650388932223955,0.7456798110865511,8.78956146094186,0.7951921161845883,0.7116293196739888,xgboost,3-2-0,2-0-3
676,"[[25710 12657]
 [  433 38218]]","(array([0.        , 0.32989288, 1.        ]), array([0.        , 0.98879719, 1.        ]), array([2, 1, 0]))",0.988797185066363,0.6957475939226239,0.8300397309719806,0.7512137592137592,0.8294521541877284,5.870351132385349,0.8537854924826307,0.7891357045810259,xgboost,3-2-0,2-1-0
677,"[[109473 108821]
 [  2257 216012]]","(array([0.       , 0.4985066, 1.       ]), array([0.        , 0.98965955, 1.        ]), array([2, 1, 0]))",0.9896595485387297,0.5627541578701888,0.7455624961345785,0.6649940123078628,0.7455764736747539,8.788159366198785,0.795474883171117,0.7116890407953078,xgboost,3-2-0,2-1-1
678,"[[33363 32564]
 [  809 64962]]","(array([0.        , 0.49394027, 1.        ]), array([0.        , 0.98769975, 1.        ]), array([2, 1, 0]))",0.9876997460887017,0.5632081366598547,0.7465944813133077,0.6660992965978303,0.7468797394116965,8.752514257756921,0.7956300483168706,0.7124979435152179,xgboost,3-2-0,2-1-2
679,"[[ 88752  86050]
 [  1896 173260]]","(array([0.        , 0.49227126, 1.        ]), array([0.        , 0.98917536, 1.        ]), array([2, 1, 0]))",0.9891753636758089,0.5671129304199496,0.7486955577526446,0.6681578034013343,0.7484520540990914,8.67994454816202,0.7975767954224268,0.7145355147987951,xgboost,3-2-0,2-1-3
680,"[[ 99246  99519]
 [  2046 196956]]","(array([0.        , 0.50068674, 1.        ]), array([0.       , 0.9897187, 1.       ]), array([2, 1, 0]))",0.9897186962945096,0.5612473507035224,0.7446620760394904,0.6643258284846951,0.7445159778355802,8.819259515459452,0.7950157121319454,0.711082805859187,xgboost,3-2-0,2-2-0
681,"[[ 82319  81043]
 [  1769 161735]]","(array([0.        , 0.49609456, 1.        ]), array([0.        , 0.98918069, 1.        ]), array([2, 1, 0]))",0.9891806928270868,0.5640152176919156,0.7466484736864648,0.6661847449109887,0.7465430649160103,8.750649968457651,0.7961711323661891,0.7127301219090865,xgboost,3-2-0,2-2-1
682,"[[108733 108660]
 [  2402 214499]]","(array([0.       , 0.4998321, 1.       ]), array([0.        , 0.98892582, 1.        ]), array([2, 1, 0]))",0.9889258233018751,0.5604180163998095,0.744270010637955,0.66375685034302,0.7445468609961327,8.832800978664993,0.7943524793541459,0.7104794383973365,xgboost,3-2-0,2-2-2
683,"[[104511 105061]
 [  2282 208333]]","(array([0.       , 0.5013122, 1.       ]), array([0.        , 0.98916506, 1.        ]), array([2, 1, 0]))",0.9891650642166987,0.5602519886402624,0.7445351712451836,0.6647638435962399,0.7439264330111417,8.823642523601421,0.7951504649729298,0.711426992789875,xgboost,3-2-0,2-2-3
684,"[[45915 14322]
 [  617 59426]]","(array([0.        , 0.23776084, 1.        ]), array([0.        , 0.98972403, 1.        ]), array([2, 1, 0]))",0.9897240311110371,0.7719842770549821,0.8757981376787496,0.805798123338938,0.8759815932237291,4.289875560342252,0.8883407703059248,0.8369034038897573,xgboost,3-2-0,2-3-0
685,"[[26174 12435]
 [  413 38135]]","(array([0.        , 0.32207516, 1.        ]), array([0.        , 0.98928608, 1.        ]), array([2, 1, 0]))",0.9892860848811871,0.7019839837192756,0.8334823800821701,0.7541032232548942,0.8336054605296401,5.751443707192569,0.8558315940662942,0.7917476373179199,xgboost,3-2-0,2-3-1
686,"[[107049 104081]
 [  2373 209804]]","(array([0.        , 0.49297116, 1.        ]), array([0.        , 0.98881594, 1.        ]), array([2, 1, 0]))",0.9888159414074098,0.5662813671082298,0.7485182149125812,0.6684104050846648,0.7479223930974908,8.686069744284772,0.7976398219221307,0.714729065616873,xgboost,3-2-0,2-3-2
687,"[[124065  87359]
 [  2437 208734]]","(array([0.        , 0.41319339, 1.        ]), array([0.        , 0.98845959, 1.        ]), array([2, 1, 0]))",0.988459589621681,0.6280588933248372,0.7875128669293295,0.7049609413258672,0.7876330981255067,7.339210869010053,0.8229797501892505,0.7478594353595698,xgboost,3-2-0,2-3-3
688,"[[37875 36036]
 [  416 36179]]","(array([0.        , 0.48755936, 1.        ]), array([0.        , 0.98863233, 1.        ]), array([2, 1, 0]))",0.9886323268206039,0.4955692197317631,0.6701355582502307,0.500990099009901,0.7505364824426516,11.39337494290155,0.6649940262843488,0.5558218494108249,xgboost,3-2-0,3-0-0
689,"[[131892 126022]
 [  1502 128133]]","(array([0.        , 0.48862024, 1.        ]), array([0.        , 0.98841362, 1.        ]), array([2, 1, 0]))",0.9884136228641957,0.4963312516105422,0.67094741568163,0.5041529775137219,0.749896692555263,11.36533364258955,0.6677245368560931,0.5589201355719278,xgboost,3-2-0,3-0-1
690,"[[36400 44505]
 [  463 39894]]","(array([0.        , 0.55008961, 1.        ]), array([0.        , 0.98852739, 1.        ]), array([2, 1, 0]))",0.9885273930173204,0.4491496873600202,0.6291665979449457,0.4726833256318203,0.7192188908724202,12.808425417772877,0.639552406297092,0.5277640341523946,xgboost,3-2-0,3-0-2
691,"[[ 87968 109192]
 [  1091  97388]]","(array([0.        , 0.55382431, 1.        ]), array([0.       , 0.9889215, 1.       ]), array([2, 1, 0]))",0.988921495953452,0.4469762579299648,0.626967348692155,0.47142995449704717,0.7175485954102825,12.884386656708122,0.6384863255960321,0.5265360364792782,xgboost,3-2-0,3-0-3
692,"[[138428  97576]
 [  1271 117023]]","(array([0.        , 0.41345062, 1.        ]), array([0.        , 0.98925558, 1.        ]), array([2, 1, 0]))",0.9892555835460801,0.5556559249742543,0.7210060457580907,0.54531008998178,0.7879024820325272,9.63633001548579,0.7030667511783066,0.5990795441747125,xgboost,3-2-0,3-1-0
693,"[[ 94298 117835]
 [  1016 105623]]","(array([0.        , 0.55547699, 1.        ]), array([0.        , 0.99047253, 1.        ]), array([2, 1, 0]))",0.9904725288121606,0.4483019745625046,0.6271598509279359,0.472674954577594,0.7174977701595464,12.877738113368538,0.639951287045929,0.5278663749374045,xgboost,3-2-0,3-1-1
694,"[[75672 52499]
 [  789 62765]]","(array([0.        , 0.40960124, 1.        ]), array([0.        , 0.98758536, 1.        ]), array([2, 1, 0]))",0.9875853604808509,0.5556680302614961,0.7220602425348807,0.5445325513603554,0.7889920623159339,9.599918083700551,0.701998680222349,0.5982062865747888,xgboost,3-2-0,3-1-2
695,"[[149882 143047]
 [  1643 145078]]","(array([0.        , 0.48833335, 1.        ]), array([0.        , 0.98880188, 1.        ]), array([2, 1, 0]))",0.9888018756687863,0.4965597064381544,0.6708973046741726,0.5035245119305857,0.7502342626332351,11.367064566344188,0.667261513271365,0.5583268743346974,xgboost,3-2-0,3-1-3
696,"[[69413    14]
 [  229 34295]]","(array([0.        , 0.00020165, 1.        ]), array([0.        , 0.99336693, 1.        ]), array([2, 1, 0]))",0.9933669331479551,0.9947332526249462,0.9976623601504555,0.9995919438048325,0.9965826412466553,0.08073932774410462,0.9964697165603708,0.998340707964602,xgboost,3-2-0,3-2-0
697,"[[40828 31858]
 [  457 35986]]","(array([0.        , 0.43829623, 1.        ]), array([0.        , 0.98745987, 1.        ]), array([2, 1, 0]))",0.9874598688362648,0.5340505292433639,0.7038825610057822,0.5304227345085785,0.7745818178619868,10.227767438320427,0.6901339572525819,0.584531819023517,xgboost,3-2-0,3-2-1
698,"[[118034 146355]
 [  1427 130045]]","(array([0.        , 0.55355934, 1.        ]), array([0.        , 0.98914598, 1.        ]), array([2, 1, 0]))",0.9891459778507972,0.4469210224953203,0.6266820929568713,0.47049565846599134,0.7177933195745557,12.894239337228436,0.6376755452691041,0.5256161322865606,xgboost,3-2-0,3-2-2
699,"[[ 95268 117406]
 [  1171 104950]]","(array([0.        , 0.55204679, 1.        ]), array([0.        , 0.98896543, 1.        ]), array([2, 1, 0]))",0.9889654262587046,0.4482369515081214,0.6280462366097336,0.47199086150137615,0.7184593158170339,12.847122339168479,0.6390097327971213,0.5270982225816009,xgboost,3-2-0,3-2-3
700,"[[40272 28162]
 [  365 33944]]","(array([0.        , 0.41152059, 1.        ]), array([0.        , 0.98936139, 1.        ]), array([2, 1, 0]))",0.989361392054563,0.557340495030844,0.72234604790594,0.5465494477184168,0.7889204014368733,9.590046937313941,0.7041228024684955,0.6002836598486911,xgboost,3-2-0,3-3-0
701,"[[115316 109650]
 [  1213 111352]]","(array([0.        , 0.48740699, 1.        ]), array([0.      , 0.989224, 1.      ]), array([2, 1, 0]))",0.9892240039088527,0.49761149555667833,0.6715472060344087,0.5038506438855757,0.750908508982155,11.344617363522769,0.6676439815689201,0.5586745777780453,xgboost,3-2-0,3-3-1
702,"[[97087 67756]
 [  977 81324]]","(array([0.        , 0.41103353, 1.        ]), array([0.        , 0.98812894, 1.        ]), array([2, 1, 0]))",0.9881289413251357,0.5559310599797821,0.72189088142945,0.545505768714784,0.788547706226104,9.605767874093145,0.7029444941460189,0.5991857015919047,xgboost,3-2-0,3-3-2
703,"[[46031 59355]
 [  641 52015]]","(array([0.        , 0.56321523, 1.        ]), array([0.        , 0.98782665, 1.        ]), array([2, 1, 0]))",0.9878266484351261,0.4387273897207648,0.6203793928196302,0.46704678100026936,0.7123057103030014,13.11193156689064,0.6342287198370989,0.5220963752870701,xgboost,3-2-0,3-3-3
704,"[[208076  47304]
 [ 20406 117233]]","(array([0.        , 0.18522985, 1.        ]), array([0.       , 0.8517426, 1.       ]), array([2, 1, 0]))",0.8517426020241357,0.6444880559543611,0.8277182528071162,0.7125023550933832,0.8332563742362827,5.950496983240609,0.7759252885735465,0.7365852922955515,xgboost,3-1-0,0-0-0
705,"[[151622  33897]
 [ 13417  86488]]","(array([0.        , 0.18271444, 1.        ]), array([0.        , 0.86570242, 1.        ]), array([2, 1, 0]))",0.8657024172964316,0.6596618806650516,0.8342325803015864,0.7184283756281928,0.8414939891720435,5.725498802843823,0.7852194834082347,0.7437332851774457,xgboost,3-1-0,0-0-1
706,"[[238343  54137]
 [ 23220 133971]]","(array([0.        , 0.18509642, 1.        ]), array([0.        , 0.85228162, 1.        ]), array([2, 1, 0]))",0.8522816191766704,0.6449358859767327,0.8279697823519863,0.7122025644842325,0.8335926011638276,5.941809486017966,0.7759709700867944,0.7364094795316302,xgboost,3-1-0,0-0-2
707,"[[64773 14641]
 [ 6290 36648]]","(array([0.        , 0.18436296, 1.        ]), array([0.        , 0.85350971, 1.        ]), array([2, 1, 0]))",0.8535097116773022,0.6472274555295658,0.8289280109846999,0.7145391799411179,0.834573376502514,5.908712858211154,0.7778662166894839,0.7385910179206269,xgboost,3-1-0,0-0-3
708,"[[217479  49481]
 [ 19116 124384]]","(array([0.        , 0.18534987, 1.        ]), array([0.        , 0.86678746, 1.        ]), array([2, 1, 0]))",0.866787456445993,0.6576067635927383,0.8328777469180919,0.71540563080551,0.840718795648828,5.772294521371466,0.7838545523293368,0.7412987508343664,xgboost,3-1-0,0-1-0
709,"[[103848  24556]
 [  9950  58887]]","(array([0.        , 0.19124015, 1.        ]), array([0.        , 0.85545564, 1.        ]), array([2, 1, 0]))",0.8554556415880994,0.6408361107360299,0.8250566565774864,0.7057152786932397,0.8321077466530572,6.042428568083127,0.7734042553191488,0.7313174817254458,xgboost,3-1-0,0-1-1
710,"[[258307  57457]
 [ 25158 144594]]","(array([0.        , 0.18196184, 1.        ]), array([0.        , 0.85179556, 1.        ]), array([2, 1, 0]))",0.8517955605824968,0.6480007929200804,0.8298408291384836,0.7156312020232516,0.83491685783017,5.877184179996319,0.7777989957047146,0.7392663882628665,xgboost,3-1-0,0-1-2
711,"[[257516  57310]
 [ 25044 144264]]","(array([0.        , 0.18203706, 1.        ]), array([0.        , 0.85208023, 1.        ]), array([2, 1, 0]))",0.8520802324757247,0.6481928298772538,0.829894202844667,0.7156875390675385,0.8350215853668417,5.875340744825192,0.7779509385734547,0.7393573622084371,xgboost,3-1-0,0-1-3
712,"[[40139  9128]
 [ 4723 22263]]","(array([0.        , 0.18527615, 1.        ]), array([0.        , 0.82498332, 1.        ]), array([2, 1, 0]))",0.8249833246868746,0.621565138901324,0.818354687684419,0.7092160173298079,0.8198535881761448,6.273902542473748,0.7627318978364767,0.7296951819075712,xgboost,3-1-0,0-2-0
713,"[[103666  23593]
 [ 10172  58537]]","(array([0.        , 0.18539357, 1.        ]), array([0.        , 0.85195535, 1.        ]), array([2, 1, 0]))",0.8519553479165757,0.6446098468657111,0.827701461463096,0.7127359064897114,0.8332808902337576,5.95107696091367,0.7761520561658457,0.736816798370713,xgboost,3-1-0,0-2-1
714,"[[88039 20150]
 [ 8740 49297]]","(array([0.        , 0.18624814, 1.        ]), array([0.        , 0.84940641, 1.        ]), array([2, 1, 0]))",0.8494064131502318,0.6409791649516012,0.8262004740533971,0.7098506774950681,0.8315791366604296,6.0029198918170925,0.7733833265350947,0.7339685848284077,xgboost,3-1-0,0-2-2
715,"[[226531  50245]
 [ 20061 129060]]","(array([0.        , 0.18153669, 1.        ]), array([0.        , 0.86547166, 1.        ]), array([2, 1, 0]))",0.8654716639507514,0.660788895977213,0.8349225282169163,0.7197791472630434,0.8419674850088757,5.701668217887121,0.7859304683551241,0.7448568173502119,xgboost,3-1-0,0-2-3
716,"[[210701  47074]
 [ 20486 117708]]","(array([0.        , 0.18261662, 1.        ]), array([0.        , 0.85175912, 1.        ]), array([2, 1, 0]))",0.8517591212353648,0.6470636682284908,0.8293805828234029,0.7143255938148584,0.8345712491057049,5.893080957068848,0.7770120405576679,0.7381459435460203,xgboost,3-1-0,0-3-0
717,"[[133086  31662]
 [ 12903  75401]]","(array([0.        , 0.19218443, 1.        ]), array([0.        , 0.85387978, 1.        ]), array([2, 1, 0]))",0.8538797789454612,0.6383789772799506,0.8238899514724246,0.7042675807702007,0.8308476759101987,6.082725633043917,0.7718908515767761,0.7298434245270599,xgboost,3-1-0,0-3-1
718,"[[74893 23737]
 [ 8724 44174]]","(array([0.        , 0.24066714, 1.        ]), array([0.        , 0.83507883, 1.        ]), array([2, 1, 0]))",0.8350788309576922,0.5697628538863402,0.7857755662319835,0.6504689961861848,0.7972058455711102,7.399175073909747,0.7313031313892178,0.6805590647743589,xgboost,3-1-0,0-3-2
719,"[[214276  48728]
 [ 20939 120327]]","(array([0.        , 0.18527475, 1.        ]), array([0.        , 0.85177608, 1.        ]), array([2, 1, 0]))",0.8517760820013308,0.6442501175831372,0.8276721003289881,0.7117624441749727,0.8332506666641534,5.952091171464172,0.7755002078492916,0.735957557682945,xgboost,3-1-0,0-3-3
720,"[[   913  32462]
 [   714 203557]]","(array([0.        , 0.97264419, 1.        ]), array([0.        , 0.99650464, 1.        ]), array([2, 1, 0]))",0.9965046433414435,0.100536865198066,0.8603973978101883,0.8624602256597986,0.5119302242924446,4.821812284697979,0.9246496627222967,0.8863044010216425,xgboost,3-1-0,1-0-0
721,"[[  1835  60464]
 [   844 380669]]","(array([0.        , 0.97054527, 1.        ]), array([0.        , 0.99778776, 1.        ]), array([2, 1, 0]))",0.9977877555941738,0.12217173749197652,0.8618604273881734,0.8629347611718008,0.5136212409971382,4.771280745176342,0.9254746269963022,0.8869082428374054,xgboost,3-1-0,1-0-1
722,"[[   544  18300]
 [   488 114311]]","(array([0.        , 0.97113139, 1.        ]), array([0.        , 0.99574909, 1.        ]), array([2, 1, 0]))",0.9957490918910443,0.09787536701666794,0.8594165051667503,0.8620023979911169,0.5123088486413404,4.855691383316407,0.9240612748070005,0.8857980636752355,xgboost,3-1-0,1-0-2
723,"[[   682  22262]
 [   484 137465]]","(array([0.        , 0.97027545, 1.        ]), array([0.        , 0.99649146, 1.        ]), array([2, 1, 0]))",0.9964914569877273,0.10807416593030207,0.8586265406201637,0.860624690878812,0.513108001855091,4.8829769381926456,0.9235880621884196,0.884750990207979,xgboost,3-1-0,1-0-3
724,"[[  1075  36329]
 [   463 226373]]","(array([0.        , 0.97125976, 1.        ]), array([0.        , 0.99795888, 1.        ]), array([2, 1, 0]))",0.9979588777795412,0.12234947091446939,0.8607629427792916,0.8617102267969029,0.5133495597324612,4.809187517773977,0.9248434237995823,0.8859001411973914,xgboost,3-1-0,1-1-0
725,"[[   888  30469]
 [   700 191450]]","(array([0.        , 0.97168096, 1.        ]), array([0.        , 0.99635701, 1.        ]), array([2, 1, 0]))",0.9963570127504554,0.10203297928507274,0.8605457547190916,0.8627021570933538,0.5123380241862429,4.816687998080918,0.9247251062021065,0.8864854152428261,xgboost,3-1-0,1-1-1
726,"[[   600  20158]
 [   272 126614]]","(array([0.        , 0.97109548, 1.        ]), array([0.        , 0.99785634, 1.        ]), array([2, 1, 0]))",0.9978563434894314,0.12140032818975674,0.8616266153721113,0.8626577276319733,0.5133804311145972,4.779356560598625,0.9253447734032989,0.8866849493118796,xgboost,3-1-0,1-1-2
727,"[[   661  23902]
 [   360 150705]]","(array([0.        , 0.97308961, 1.        ]), array([0.        , 0.99761692, 1.        ]), array([2, 1, 0]))",0.9976169198689306,0.11189969899588173,0.8618557405425104,0.8631097264141758,0.5122636567752421,4.7714425084331635,0.9255017318037781,0.8870290867611623,xgboost,3-1-0,1-1-3
728,"[[   811  28279]
 [   616 177162]]","(array([0.      , 0.972121, 1.      ]), array([0.      , 0.996535, 1.      ]), array([2, 1, 0]))",0.9965350043312445,0.102540226390235,0.8603215577082971,0.8623497743877805,0.5122070002749382,4.824431791029414,0.924599250037185,0.8862158868761892,xgboost,3-1-0,1-2-0
729,"[[  1174  40051]
 [   583 248397]]","(array([0.        , 0.97152213, 1.        ]), array([0.        , 0.99765845, 1.        ]), array([2, 1, 0]))",0.9976584464615632,0.11762163710355433,0.8599817370479489,0.8611500166407811,0.5130681559172582,4.836169827216892,0.9243917324739315,0.8853790922544791,xgboost,3-1-0,1-2-1
730,"[[  1745  59126]
 [   808 366061]]","(array([0.        , 0.97133282, 1.        ]), array([0.        , 0.99779758, 1.        ]), array([2, 1, 0]))",0.9977975789723307,0.12003649237011935,0.8598821714125403,0.8609411858782136,0.5132323801943843,4.839608877940419,0.9243311079014614,0.8852243911710921,xgboost,3-1-0,1-2-2
731,"[[  1848  63857]
 [  1523 397061]]","(array([0.        , 0.97187429, 1.        ]), array([0.        , 0.99617897, 1.        ]), array([2, 1, 0]))",0.9961789735664252,0.09978332282103722,0.859182535015906,0.8614569185842167,0.5121523434912257,4.863772909959876,0.9239326959099571,0.885405145532,xgboost,3-1-0,1-2-3
732,"[[  1972  34245]
 [  1130 218789]]","(array([0.        , 0.94555043, 1.        ]), array([0.        , 0.99486174, 1.        ]), array([2, 1, 0]))",0.994861744551403,0.15708106493472349,0.8618897773058063,0.8646624564287804,0.5246556562169445,4.77026500446623,0.9252039843282525,0.8879027316150658,xgboost,3-1-0,1-3-0
733,"[[  388 12242]
 [  257 76322]]","(array([0.        , 0.96927949, 1.        ]), array([0.        , 0.99664399, 1.        ]), array([2, 1, 0]))",0.9966439885608326,0.11259924907373885,0.8598908181909897,0.8617722776749017,0.5136822476454203,4.839309428776572,0.9243140793130802,0.8857451228428517,xgboost,3-1-0,1-3-1
734,"[[  1905  68405]
 [  1581 427690]]","(array([0.       , 0.9729057, 1.       ]), array([0.        , 0.99631701, 1.        ]), array([2, 1, 0]))",0.9963170118643002,0.0978033873386675,0.859910605087063,0.8621131033370625,0.5117056542752023,4.838625770868851,0.9243693846542882,0.8859814447076235,xgboost,3-1-0,1-3-2
735,"[[  1697  54238]
 [   747 340247]]","(array([0.        , 0.96966121, 1.        ]), array([0.        , 0.99780935, 1.        ]), array([2, 1, 0]))",0.9978093456189845,0.12519843972386882,0.8614739663768584,0.862509347630455,0.5140740658549915,4.784628960442758,0.925239197856091,0.8865521169566019,xgboost,3-1-0,1-3-3
736,"[[146888  44984]
 [   654 191188]]","(array([0.        , 0.23444797, 1.        ]), array([0.        , 0.99659094, 1.        ]), array([2, 1, 0]))",0.9965909446315196,0.7833251391294719,0.8810624579765137,0.8095286486120286,0.8810714896606564,4.108050908233043,0.8933726466891269,0.8411040623652697,xgboost,3-1-0,2-0-0
737,"[[120461  83931]
 [  8875 195695]]","(array([0.       , 0.4106374, 1.       ]), array([0.        , 0.95661632, 1.        ]), array([2, 1, 0]))",0.9566163171530527,0.5870570423341929,0.7730693805292423,0.6998455079284472,0.7729894572574922,7.8380700239092995,0.8083296846731489,0.7395466920217614,xgboost,3-1-0,2-0-1
738,"[[ 77106  24694]
 [   289 102148]]","(array([0.        , 0.24257367, 1.        ]), array([0.        , 0.99717875, 1.        ]), array([2, 1, 0]))",0.9971787537706103,0.7777393022769157,0.8776764249376949,0.8053168508853534,0.8773025399501382,4.225003285070752,0.8910366845633486,0.8375464287764122,xgboost,3-1-0,2-0-2
739,"[[148561 100115]
 [  1012 247341]]","(array([0.        , 0.40259213, 1.        ]), array([0.        , 0.99592515, 1.        ]), array([2, 1, 0]))",0.9959251549206171,0.6468054268630161,0.7965370229906102,0.7118627970160251,0.7966665135056044,7.027523327984598,0.830269431982397,0.7549275810855604,xgboost,3-1-0,2-0-3
740,"[[25678 12689]
 [   17 38634]]","(array([0.        , 0.33072693, 1.        ]), array([0.        , 0.99956017, 1.        ]), array([2, 1, 0]))",0.9995601666192336,0.7092458590283595,0.8350255784362097,0.7527619196071936,0.8344166199165968,5.698146393901775,0.8587814257452152,0.7918653127984815,xgboost,3-1-0,2-1-0
741,"[[128312  89982]
 [  9695 208574]]","(array([0.        , 0.41220556, 1.        ]), array([0.        , 0.95558233, 1.        ]), array([2, 1, 0]))",0.9555823318932143,0.5843250981695134,0.7716778563460486,0.6986093061268238,0.7716883871253843,7.886132274360117,0.8071358777148938,0.7383187031723343,xgboost,3-1-0,2-1-1
742,"[[46358 19569]
 [   68 65703]]","(array([0.        , 0.29682831, 1.        ]), array([0.        , 0.99896611, 1.        ]), array([2, 1, 0]))",0.9989661096835991,0.7348308404667628,0.8508937113699525,0.7705108359133127,0.8510688997915167,5.150067574215043,0.8699906649099926,0.8074418901880013,xgboost,3-1-0,2-1-2
743,"[[122755  52047]
 [   153 175003]]","(array([0.        , 0.29774831, 1.        ]), array([0.        , 0.99912649, 1.        ]), array([2, 1, 0]))",0.9991264929548517,0.7346612475147695,0.8508392435663709,0.7707685531821185,0.850689091719471,5.15194893233413,0.8702157600831415,0.8076892545017519,xgboost,3-1-0,2-1-3
744,"[[116584  82181]
 [  8628 190374]]","(array([0.       , 0.4134581, 1.       ]), array([0.        , 0.95664365, 1.        ]), array([2, 1, 0]))",0.9566436518225947,0.584785816554041,0.7717030321771288,0.6984792060318101,0.7715927740158429,7.885263124798829,0.8074273099540459,0.7383290077271409,xgboost,3-1-0,2-2-0
745,"[[ 87726  75636]
 [   137 163367]]","(array([0.        , 0.46299629, 1.        ]), array([0.       , 0.9991621, 1.       ]), array([2, 1, 0]))",0.9991621000097857,0.604691881674933,0.7681832922359622,0.6835353531127224,0.7680829047814015,8.006850458973393,0.8117473733376066,0.7296322696593885,xgboost,3-1-0,2-2-1
746,"[[130807  86586]
 [   727 216174]]","(array([0.        , 0.39829249, 1.        ]), array([0.        , 0.99664824, 1.        ]), array([2, 1, 0]))",0.9966482404414917,0.6510955989991697,0.7989541646902789,0.7140110978993262,0.7991778735614697,6.944036568112679,0.8319808490535175,0.7569430389630943,xgboost,3-1-0,2-2-2
747,"[[124206  85366]
 [ 10397 200218]]","(array([0.        , 0.40733495, 1.        ]), array([0.        , 0.95063504, 1.        ]), array([2, 1, 0]))",0.9506350449872991,0.5821792923597305,0.772094329429516,0.701082693708331,0.7716500478310038,7.871745442719689,0.8070068661968283,0.739930714416117,xgboost,3-1-0,2-2-3
748,"[[45854 14383]
 [   24 60019]]","(array([0.        , 0.23877351, 1.        ]), array([0.        , 0.99960029, 1.        ]), array([2, 1, 0]))",0.9996002864613693,0.7831665019949535,0.8802211506484868,0.8066853041584904,0.8804133875821629,4.13711050990453,0.8928409386738072,0.8390721681192,xgboost,3-1-0,2-3-0
749,"[[26283 12326]
 [   14 38534]]","(array([0.        , 0.31925199, 1.        ]), array([0.        , 0.99963682, 1.        ]), array([2, 1, 0]))",0.9996368164366504,0.7177257729594844,0.8400663582046995,0.7576484467164766,0.8401924142790884,5.5240400294350795,0.8619810307802434,0.7961965056118485,xgboost,3-1-0,2-3-1
750,"[[147966  63164]
 [   598 211579]]","(array([0.        , 0.29917113, 1.        ]), array([0.       , 0.9971816, 1.       ]), array([2, 1, 0]))",0.9971815983824825,0.7312501262026477,0.8493717325723411,0.7700978732852156,0.849005235794282,5.202635359831934,0.8690503573482297,0.8068457513219321,xgboost,3-1-0,2-3-2
751,"[[160682  50742]
 [   235 210936]]","(array([0.        , 0.24000114, 1.        ]), array([0.        , 0.99888716, 1.        ]), array([2, 1, 0]))",0.9988871578010238,0.7814231355117616,0.8793715022657628,0.8060899273152501,0.8794430113206723,4.166456719687088,0.8921917990732771,0.8384563588187454,xgboost,3-1-0,2-3-3
752,"[[35841 38070]
 [    7 36588]]","(array([0.        , 0.51507895, 1.        ]), array([0.        , 0.99980872, 1.        ]), array([2, 1, 0]))",0.9998087170378467,0.4872978186956336,0.655430474363383,0.4900747408181307,0.7423648853687833,11.901285264720302,0.6577440608343146,0.5457197660093012,xgboost,3-1-0,3-0-0
753,"[[181379  76535]
 [   111 129524]]","(array([0.       , 0.2967462, 1.       ]), array([0.        , 0.99914375, 1.        ]), array([2, 1, 0]))",0.9991437497589386,0.6641396925599483,0.8022288794449218,0.62857725214623,0.851198773768246,6.8309304184855195,0.7716789695377337,0.6789387663531022,xgboost,3-1-0,3-0-1
754,"[[71536  9369]
 [  724 39633]]","(array([0.        , 0.11580248, 1.        ]), array([0.        , 0.98206011, 1.        ]), array([2, 1, 0]))",0.9820601134871274,0.8318371446952668,0.9167670003793439,0.8088037222970491,0.9331288145459246,2.874827741437195,0.8870511084501841,0.8383855477756861,xgboost,3-1-0,3-0-2
755,"[[148928  48232]
 [   259  98220]]","(array([0.       , 0.2446338, 1.       ]), array([0.     , 0.99737, 1.     ]), array([2, 1, 0]))",0.9973699976644766,0.7095955393728415,0.8359790149472837,0.6706634255592276,0.8763680988525264,5.665214577064822,0.802021793892974,0.7176813237720431,xgboost,3-1-0,3-0-3
756,"[[235934     70]
 [   761 117533]]","(array([0.        , 0.00029661, 1.        ]), array([0.        , 0.99356688, 1.        ]), array([2, 1, 0]))",0.9935668757502494,0.9947288988175639,0.9976545168191748,0.9994047770890199,0.9966351353039818,0.08101027710004358,0.9964772760993146,0.9982317149816716,xgboost,3-1-0,3-1-0
757,"[[143274  68859]
 [   118 106521]]","(array([0.        , 0.32460296, 1.        ]), array([0.        , 0.99889346, 1.        ]), array([2, 1, 0]))",0.9988934629919636,0.639523778564296,0.7836165033315348,0.6073725624358536,0.8371452508211222,7.473793930681491,0.7554171882036318,0.6590349176337825,xgboost,3-1-0,3-1-1
758,"[[109767  18404]
 [   491  63063]]","(array([0.        , 0.14358942, 1.        ]), array([0.        , 0.99227429, 1.        ]), array([2, 1, 0]))",0.9922742864335841,0.8081963230591769,0.9014473855783023,0.774092577362613,0.9243424314645234,3.403963467325298,0.8697085249722455,0.8097000169481949,xgboost,3-1-0,3-1-2
759,"[[205987  86942]
 [   115 146606]]","(array([0.       , 0.2968023, 1.       ]), array([0.       , 0.9992162, 1.       ]), array([2, 1, 0]))",0.9992161994533844,0.6637296872326398,0.801985670419652,0.6277339133711272,0.8512069513255439,6.839330774960796,0.7710646936773706,0.6781581866440686,xgboost,3-1-0,3-1-3
760,"[[52426 17001]
 [   34 34490]]","(array([0.        , 0.24487591, 1.        ]), array([0.        , 0.99901518, 1.        ]), array([2, 1, 0]))",0.9990151778472947,0.7103894461723984,0.8361247126049773,0.6698257947990911,0.8770696325089959,5.660182680717014,0.8019531477067953,0.7170835966867369,xgboost,3-1-0,3-2-0
761,"[[50195 22491]
 [ 2910 33533]]","(array([0.        , 0.30942685, 1.        ]), array([0.        , 0.92014927, 1.        ]), array([2, 1, 0]))",0.9201492742090388,0.5762640787785341,0.7672387724619487,0.5985470512637441,0.8053612122359065,8.039452784804487,0.7252965922977928,0.6435312947389835,xgboost,3-1-0,3-2-1
762,"[[199514  64875]
 [   109 131363]]","(array([0.        , 0.24537708, 1.        ]), array([0.        , 0.99917093, 1.        ]), array([2, 1, 0]))",0.9991709261287575,0.7100584036918239,0.8358413685611868,0.6694065369602218,0.8768969245850926,5.669969305211073,0.8017027249702481,0.7167151886026555,xgboost,3-1-0,3-2-2
763,"[[137437  75237]
 [   156 105965]]","(array([0.       , 0.3537668, 1.       ]), array([0.        , 0.99852998, 1.        ]), array([2, 1, 0]))",0.9985299799285721,0.6134489580001553,0.7635063285183268,0.5847893511109149,0.822381590959236,8.1683907465718,0.737601932320072,0.6376296891792199,xgboost,3-1-0,3-2-3
764,"[[48930 19504]
 [  696 33613]]","(array([0.        , 0.28500453, 1.        ]), array([0.        , 0.97971378, 1.        ]), array([2, 1, 0]))",0.9797137777259611,0.6556493997983076,0.8033929318785707,0.6328105879473614,0.8473546239069646,6.790719353391223,0.7689474527028572,0.6810399672578887,xgboost,3-1-0,3-3-0
765,"[[171471  53495]
 [   111 112454]]","(array([0.        , 0.23779149, 1.        ]), array([0.       , 0.9990139, 1.       ]), array([2, 1, 0]))",0.9990139030782215,0.717874482390062,0.8411819951352616,0.6776419261339327,0.8806112072933135,5.485506285023035,0.8075285263936461,0.724237822353261,xgboost,3-1-0,3-3-1
766,"[[88458 76385]
 [   48 82253]]","(array([0.        , 0.46338031, 1.        ]), array([0.        , 0.99941678, 1.        ]), array([2, 1, 0]))",0.9994167750088091,0.5269169604698463,0.6907349561389311,0.5184949381610964,0.7680182338430419,10.6818833289172,0.6827703277593085,0.5737089752013314,xgboost,3-1-0,3-3-2
767,"[[72779 32607]
 [  351 52305]]","(array([0.        , 0.30940542, 1.        ]), array([0.        , 0.99333409, 1.        ]), array([2, 1, 0]))",0.9933340929808568,0.6465377388858163,0.7914604978423457,0.6159906726964387,0.8419643345552567,7.202864206330423,0.760423935799023,0.6666386271870794,xgboost,3-1-0,3-3-3
768,"[[128094 127286]
 [101482  36157]]","(array([0.        , 0.49841804, 1.        ]), array([0.        , 0.26269444, 1.        ]), array([2, 1, 0]))",0.2626944398026722,-0.22815020479216916,0.41792127098181003,0.22122085375329625,0.3821381980515437,20.104546029249036,0.24018041596641446,0.22843377208555352,xgboost,1-3-0,0-0-0
769,"[[94751 90768]
 [73969 25936]]","(array([0.        , 0.48926525, 1.        ]), array([0.        , 0.25960663, 1.        ]), array([2, 1, 0]))",0.2596066262949802,-0.22281499465371138,0.42283409944503614,0.22223745544282972,0.3851706879177293,19.9348582628929,0.23947296742055962,0.22882511853275245,xgboost,1-3-0,0-0-1
770,"[[146679 145801]
 [116082  41109]]","(array([0.        , 0.49849904, 1.        ]), array([0.        , 0.26152261, 1.        ]), array([2, 1, 0]))",0.26152260625608337,-0.229282214713065,0.4176119874308105,0.21994007811246055,0.38151178179324957,20.115228602096455,0.23893566133199268,0.2271639676359453,xgboost,1-3-0,0-0-2
771,"[[40587 38827]
 [31849 11089]]","(array([0.        , 0.48891883, 1.        ]), array([0.        , 0.25825609, 1.        ]), array([2, 1, 0]))",0.2582560901765336,-0.22400090381163393,0.42235517196286126,0.2221532174052408,0.3846686298718062,19.951399294299474,0.23884808408899993,0.2285430458116586,xgboost,1-3-0,0-0-3
772,"[[136748 130212]
 [106632  36868]]","(array([0.        , 0.48775847, 1.        ]), array([0.        , 0.25691986, 1.        ]), array([2, 1, 0]))",0.2569198606271777,-0.22405405685642743,0.4229790966233007,0.22066076131194637,0.38458069746971707,19.92984961666619,0.2374138708223324,0.22707004015668497,xgboost,1-3-0,0-1-0
773,"[[64528 63876]
 [50716 18121]]","(array([0.        , 0.49746114, 1.        ]), array([0.        , 0.26324506, 1.        ]), array([2, 1, 0]))",0.2632450571640252,-0.2265211775318522,0.41902545616783526,0.22099589009354,0.3828919594408644,20.066408808163896,0.24027739103915566,0.22832482832482828,xgboost,1-3-0,0-1-1
774,"[[161633 154131]
 [125855  43897]]","(array([0.        , 0.48812088, 1.        ]), array([0.        , 0.25859489, 1.        ]), array([2, 1, 0]))",0.25859489137094116,-0.22271396681171227,0.42332281531401644,0.22167067283414466,0.3852370081435088,19.917978172618355,0.2387133612485725,0.22818714496020226,xgboost,1-3-0,0-1-2
775,"[[161183 153643]
 [125433  43875]]","(array([0.        , 0.48802513, 1.        ]), array([0.       , 0.2591431, 1.       ]), array([2, 1, 0]))",0.2591431001488412,-0.22209162377408745,0.4235562881351031,0.22213165382395528,0.38555898440322445,19.909914225677312,0.23921423236084685,0.2286633033834351,xgboost,1-3-0,0-1-3
776,"[[23222 26045]
 [20076  6910]]","(array([0.        , 0.52865001, 1.        ]), array([0.       , 0.2560587, 1.       ]), array([2, 1, 0]))",0.25605869710220114,-0.2631265980661081,0.39515822328301836,0.2096798664846002,0.3637043439841491,20.89076799109209,0.23056005071653796,0.21756104933062978,xgboost,1-3-0,0-2-0
777,"[[63766 63493]
 [50702 18007]]","(array([0.        , 0.49892738, 1.        ]), array([0.        , 0.26207629, 1.        ]), array([2, 1, 0]))",0.2620762927709616,-0.22930081892260432,0.4172773105813194,0.2209447852760736,0.38157445423011266,20.12678773706146,0.2397592687522053,0.22810475565543226,xgboost,1-3-0,0-2-1
778,"[[54336 53853]
 [42927 15110]]","(array([0.       , 0.4977678, 1.       ]), array([0.        , 0.26035116, 1.        ]), array([2, 1, 0]))",0.26035115529748265,-0.22970649856528597,0.41778061193796395,0.21910299725939997,0.3812916800251382,20.109404306305052,0.23795275590551182,0.2262728032370039,xgboost,1-3-0,0-2-2
779,"[[141685 135091]
 [110529  38592]]","(array([0.        , 0.48808784, 1.        ]), array([0.        , 0.25879655, 1.        ]), array([2, 1, 0]))",0.2587965477699318,-0.22256554298931047,0.4232877902403633,0.2221979122884796,0.385354353891903,19.919187682783406,0.2391048438061486,0.22866541921400999,xgboost,1-3-0,0-2-3
780,"[[132039 125736]
 [102417  35777]]","(array([0.        , 0.48777422, 1.        ]), array([0.        , 0.25888968, 1.        ]), array([2, 1, 0]))",0.25888967683112146,-0.2219969677265081,0.4238109548979844,0.221511581111118,0.38555772756307316,19.901118494151163,0.2387465090905451,0.22809807126845405,xgboost,1-3-0,0-3-0
781,"[[82863 81885]
 [65247 23057]]","(array([0.        , 0.49703183, 1.        ]), array([0.        , 0.26110935, 1.        ]), array([2, 1, 0]))",0.26110934951984055,-0.22824576653091566,0.41857009626479935,0.21971184082636122,0.3820387595439541,20.08213617585149,0.23862848390134855,0.22690681635673685,xgboost,1-3-0,0-3-1
782,"[[50535 48095]
 [39432 13466]]","(array([0.        , 0.48763054, 1.        ]), array([0.        , 0.25456539, 1.        ]), array([2, 1, 0]))",0.25456538999584105,-0.2262075135293921,0.4223707829576052,0.21874238560127354,0.38346742581004667,19.950860158886492,0.23529822906018752,0.22507705370693515,xgboost,1-3-0,0-3-2
783,"[[132024 130980]
 [104087  37179]]","(array([0.        , 0.49801524, 1.        ]), array([0.        , 0.26318435, 1.        ]), array([2, 1, 0]))",0.2631843472597794,-0.22716272013414188,0.4185395898780518,0.22109432144577454,0.3825845539739149,20.08319015037939,0.2403102528884221,0.22839973362886437,xgboost,1-3-0,0-3-3
784,"[[ 27871   5504]
 [ 58296 145975]]","(array([0.        , 0.16491386, 1.        ]), array([0.        , 0.71461441, 1.        ]), array([2, 1, 0]))",0.7146144092896202,0.3972770399365045,0.7315334573272851,0.963664930452406,0.7748502758058589,9.272524405963312,0.8206605762473648,0.9008722677604059,xgboost,1-3-0,1-0-0
785,"[[ 43130  19169]
 [104817 276696]]","(array([0.        , 0.30769354, 1.        ]), array([0.        , 0.72525969, 1.        ]), array([2, 1, 0]))",0.7252596897091318,0.30769512326157594,0.7206339621281083,0.9352103155155223,0.7087830736383347,9.648995650371182,0.8169618735772345,0.8840280311545312,xgboost,1-3-0,1-0-1
786,"[[ 10171   8673]
 [ 11177 103622]]","(array([0.       , 0.4602526, 1.       ]), array([0.        , 0.90263852, 1.        ]), array([2, 1, 0]))",0.9026385247258252,0.4202406832240574,0.8514699610155414,0.9227659290262256,0.7211929622143243,5.130097695707887,0.9125912617682546,0.9186689575321068,xgboost,1-3-0,1-0-2
787,"[[  8350  14594]
 [ 16393 121556]]","(array([0.        , 0.63607043, 1.        ]), array([0.        , 0.88116623, 1.        ]), array([2, 1, 0]))",0.8811662280987901,0.23757170061802035,0.807406164345248,0.8928094013955197,0.6225478978708734,6.65202795319867,0.8869496057993645,0.8904562163302561,xgboost,1-3-0,1-0-3
788,"[[ 25733  11671]
 [ 62720 164116]]","(array([0.        , 0.31202545, 1.        ]), array([0.        , 0.72350068, 1.        ]), array([2, 1, 0]))",0.723500678904583,0.30395482871803003,0.7184718437783832,0.9336071495616854,0.7057376135406244,9.72367335337348,0.8152341023736845,0.882359266395981,xgboost,1-3-0,1-1-0
789,"[[ 23293   8064]
 [ 54825 137325]]","(array([0.        , 0.25716746, 1.        ]), array([0.        , 0.71467603, 1.        ]), array([2, 1, 0]))",0.7146760343481655,0.33323096733947555,0.7186262622647165,0.944535006087118,0.728754287863243,9.718333460040245,0.8136837520997574,0.8874494963203079,xgboost,1-3-0,1-1-1
790,"[[  1538  19220]
 [ 10128 116758]]","(array([0.        , 0.92590808, 1.        ]), array([0.        , 0.92018032, 1.        ]), array([2, 1, 0]))",0.9201803193417714,-0.007380562018571255,0.801224567202189,0.8586536057303388,0.4971361178556819,6.865564316196034,0.8883529125327165,0.8702918017048352,xgboost,1-3-0,1-1-2
791,"[[  1717  22846]
 [  1241 149824]]","(array([0.        , 0.93009812, 1.        ]), array([0.        , 0.99178499, 1.        ]), array([2, 1, 0]))",0.9917849932148413,0.16626770200168106,0.8628521648028789,0.8676898129379742,0.5308434390818741,4.737022425963421,0.9255965527360341,0.88996073632751,xgboost,1-3-0,1-1-3
792,"[[ 21607   7483]
 [ 50842 126936]]","(array([0.        , 0.25723616, 1.        ]), array([0.        , 0.71401411, 1.        ]), array([2, 1, 0]))",0.7140141074823656,0.3328660221853251,0.7180569251890094,0.944330786570351,0.7283889719261261,9.737997740688437,0.8131788582209311,0.8871010575103362,xgboost,1-3-0,1-2-0
793,"[[ 30578  10647]
 [ 70972 178008]]","(array([0.        , 0.25826562, 1.        ]), array([0.        , 0.71494899, 1.        ]), array([2, 1, 0]))",0.7149489918868985,0.33427480400166054,0.7187539842525111,0.9435636479287588,0.7283416881811691,9.713922585379489,0.8134998343368333,0.88684734954165,xgboost,1-3-0,1-2-1
794,"[[ 43924  16947]
 [129386 237483]]","(array([0.        , 0.27840844, 1.        ]), array([0.       , 0.6473237, 1.       ]), array([2, 1, 0]))",0.647323704101464,0.2625375232517131,0.657892645064759,0.933392288645207,0.6844576332930312,11.8160011151029,0.7644725003581206,0.8575938419270991,xgboost,1-3-0,1-2-2
795,"[[ 45464  20241]
 [127729 270855]]","(array([0.        , 0.30805875, 1.        ]), array([0.        , 0.67954308, 1.        ]), array([2, 1, 0]))",0.6795430825120928,0.2677419111038686,0.6812976400474704,0.9304662379421221,0.6857421675401953,11.007624405933631,0.7854512237559448,0.8664764729668171,xgboost,1-3-0,1-2-3
796,"[[ 36178     39]
 [  1587 218332]]","(array([0.        , 0.00107684, 1.        ]), array([0.        , 0.99278371, 1.        ]), array([2, 1, 0]))",0.9927837067283863,0.9746051589622696,0.9936518099759503,0.999821404856872,0.9958534321807709,0.2192588375020489,0.9962901275411257,0.9984058942585671,xgboost,1-3-0,1-3-0
797,"[[  347 12283]
 [   59 76520]]","(array([0.        , 0.97252573, 1.        ]), array([0.        , 0.99922955, 1.        ]), array([2, 1, 0]))",0.9992295537941212,0.1383098467056019,0.8616507303074802,0.8616826008130356,0.5133519107054533,4.778524585201299,0.9253727733368807,0.8860768288361731,xgboost,1-3-0,1-3-1
798,"[[  4740  65570]
 [ 33931 395340]]","(array([0.        , 0.93258427, 1.        ]), array([0.        , 0.92095669, 1.        ]), array([2, 1, 0]))",0.9209566916935922,-0.015130832292539406,0.8008310964588325,0.8577379531795796,0.49418621101533544,6.879155171380629,0.8882238555979065,0.8696776952551156,xgboost,1-3-0,1-3-2
799,"[[ 30963  24972]
 [ 99326 241668]]","(array([0.        , 0.44644677, 1.        ]), array([0.        , 0.70871628, 1.        ]), array([2, 1, 0]))",0.7087162823979307,0.19433296432224353,0.6868507969939208,0.9063456345634563,0.6311347569136342,10.815840605956314,0.7954393598778211,0.8584679522064518,xgboost,1-3-0,1-3-3
800,"[[118737  73135]
 [ 10176 181666]]","(array([0.        , 0.38116557, 1.        ]), array([0.        , 0.94695635, 1.        ]), array([2, 1, 0]))",0.9469563494959393,0.5989417578789316,0.7828825635759967,0.7129720840970012,0.7828953903917322,7.4991229895038,0.8134729526713729,0.7500375708272021,xgboost,1-3-0,2-0-0
801,"[[147252  57140]
 [ 17265 187305]]","(array([0.        , 0.27956084, 1.        ]), array([0.        , 0.91560346, 1.        ]), array([2, 1, 0]))",0.9156034609180231,0.6485495542033588,0.8180637809869865,0.7662459858045777,0.8180213085246894,6.283966106045283,0.8342928409964032,0.7920877912631623,xgboost,1-3-0,2-0-1
802,"[[63432 38368]
 [ 5802 96635]]","(array([0.        , 0.37689587, 1.        ]), array([0.        , 0.94336031, 1.        ]), array([2, 1, 0]))",0.9433603092632545,0.5983338059439446,0.7837316450985864,0.715798908172411,0.7832322174999966,7.469794563753907,0.8139740566037736,0.7520830447241728,xgboost,1-3-0,2-0-2
803,"[[ 54997 193679]
 [ 11143 237210]]","(array([0.        , 0.77884074, 1.        ]), array([0.        , 0.95513241, 1.        ]), array([2, 1, 0]))",0.9551324123324462,0.2595186892270353,0.5879073454466439,0.5505130091508486,0.5881458358852149,14.233487631484431,0.6984550425327055,0.6014729888651048,xgboost,1-3-0,2-0-3
804,"[[17282 21085]
 [ 6103 32548]]","(array([0.        , 0.54956082, 1.        ]), array([0.        , 0.84209982, 1.        ]), array([2, 1, 0]))",0.8420998163048822,0.31809608384032906,0.6469916123503596,0.6068651762907166,0.6462694979040505,12.19269667008553,0.7053877161804865,0.6427761737557419,xgboost,1-3-0,2-1-0
805,"[[151207  67087]
 [ 17760 200509]]","(array([0.        , 0.30732407, 1.        ]), array([0.        , 0.91863251, 1.        ]), array([2, 1, 0]))",0.9186325130916438,0.6275330005870993,0.8056477530161741,0.7492974483923527,0.8056542227748525,6.712811675226224,0.8253691869140606,0.7779790215054015,xgboost,1-3-0,2-1-1
806,"[[40573 25354]
 [ 3341 62430]]","(array([0.        , 0.38457688, 1.        ]), array([0.        , 0.94920254, 1.        ]), array([2, 1, 0]))",0.949202536072129,0.5988255269369425,0.78211514221932,0.7111774355235578,0.7823128277915516,7.5256303181916735,0.8131288463417017,0.7487281336125323,xgboost,1-3-0,2-1-2
807,"[[ 89383  85419]
 [ 19671 155485]]","(array([0.        , 0.48866146, 1.        ]), array([0.       , 0.8876944, 1.       ]), array([2, 1, 0]))",0.8876943981365183,0.4307761513561643,0.6997068219614925,0.6454230730913559,0.6995164705868917,10.37195409778903,0.7474162380425899,0.6826871401825827,xgboost,1-3-0,2-1-3
808,"[[140545  58220]
 [ 17456 181546]]","(array([0.        , 0.29290871, 1.        ]), array([0.        , 0.91228229, 1.        ]), array([2, 1, 0]))",0.9122822886202149,0.6328891269264565,0.8097479177508441,0.7571799170858253,0.8096867886639927,6.571191162222223,0.8275261641687635,0.783832700381498,xgboost,1-3-0,2-2-0
809,"[[105854  57508]
 [  9143 154361]]","(array([0.        , 0.35202801, 1.        ]), array([0.        , 0.94408088, 1.        ]), array([2, 1, 0]))",0.9440808787552598,0.6199022843875676,0.7960907527855452,0.7285681246430578,0.7960264336725087,7.042916573599602,0.8224406124041953,0.7634226196363925,xgboost,1-3-0,2-2-1
810,"[[ 48341 169052]
 [  9664 207237]]","(array([0.        , 0.77763313, 1.        ]), array([0.        , 0.95544511, 1.        ]), array([2, 1, 0]))",0.9554451109031309,0.261349147246054,0.5884907459002426,0.5507389267291896,0.5889059882207899,14.21333736072252,0.6987204774187021,0.6017135321304695,xgboost,1-3-0,2-2-2
811,"[[145200  64372]
 [ 17223 193392]]","(array([0.        , 0.30715935, 1.        ]), array([0.       , 0.9182252, 1.       ]), array([2, 1, 0]))",0.918225197635496,0.6274287173306318,0.8058126500819873,0.7502676867211868,0.8055329221433831,6.707115954630946,0.8257927874648522,0.7787570137339118,xgboost,1-3-0,2-2-3
812,"[[23096 37141]
 [ 7094 52949]]","(array([0.        , 0.61658117, 1.        ]), array([0.        , 0.88185134, 1.        ]), array([2, 1, 0]))",0.881851339873091,0.305901370481828,0.6322331227136682,0.5877344877344878,0.6326350844160182,12.702464846001238,0.7053612463615594,0.6297409866247387,xgboost,1-3-0,2-3-0
813,"[[13757 24852]
 [ 1711 36837]]","(array([0.        , 0.64368412, 1.        ]), array([0.        , 0.95561378, 1.        ]), array([2, 1, 0]))",0.9556137802220608,0.3895658993733065,0.655727931360732,0.5971404950639498,0.6559648325596823,11.890993545282315,0.734998054610573,0.645574545046687,xgboost,1-3-0,2-3-1
814,"[[136165  74965]
 [ 11691 200486]]","(array([0.       , 0.3550656, 1.       ]), array([0.        , 0.94489978, 1.        ]), array([2, 1, 0]))",0.9448997770729155,0.6186035485288598,0.7952880533513502,0.7278463320154945,0.7949170888395887,7.070641754326611,0.8222907626305299,0.7628953538902008,xgboost,1-3-0,2-3-2
815,"[[136636  74788]
 [ 12186 198985]]","(array([0.        , 0.35373468, 1.        ]), array([0.        , 0.94229321, 1.        ]), array([2, 1, 0]))",0.942293212609686,0.6161054757650698,0.7941906553556005,0.7268247781921519,0.7942792686326772,7.108544441991909,0.8206514566630373,0.7616574916383607,xgboost,1-3-0,2-3-3
816,"[[54964 18947]
 [14661 21934]]","(array([0.        , 0.25634885, 1.        ]), array([0.       , 0.5993715, 1.       ]), array([2, 1, 0]))",0.5993714988386392,0.33438350765600217,0.6958717173728123,0.536532863677503,0.6715113234204831,10.504355845408107,0.5662140533842739,0.5480239257641704,xgboost,1-3-0,3-0-0
817,"[[193612  64302]
 [ 53154  76481]]","(array([0.        , 0.24931566, 1.        ]), array([0.        , 0.58997184, 1.        ]), array([2, 1, 0]))",0.5899718440236047,0.3341928076746887,0.6969260661232515,0.5432545122635546,0.6703280903314748,10.467935502232194,0.5656502155921573,0.5519965587275375,xgboost,1-3-0,3-0-1
818,"[[60765 20140]
 [16513 23844]]","(array([0.        , 0.24893393, 1.        ]), array([0.        , 0.59082687, 1.        ]), array([2, 1, 0]))",0.5908268701836112,0.3350903701793361,0.6977371311705234,0.5421062204437977,0.6709464676608681,10.439922441448312,0.5654189540081336,0.551196756251936,xgboost,1-3-0,3-0-2
819,"[[146999  50161]
 [ 39969  58510]]","(array([0.        , 0.25441773, 1.        ]), array([0.        , 0.59413682, 1.        ]), array([2, 1, 0]))",0.5941368210481422,0.3320937466518884,0.695134944983578,0.5384141123206744,0.6698595446283518,10.529801633343352,0.5649046584600532,0.5487064931362454,xgboost,1-3-0,3-0-3
820,"[[172132  63872]
 [ 42411  75883]]","(array([0.        , 0.27063948, 1.        ]), array([0.        , 0.64147801, 1.        ]), array([2, 1, 0]))",0.6414780124097588,0.3578368330816532,0.70001806388972,0.5429716289220421,0.6854192658614954,10.36115316334654,0.5881286112327504,0.5601759302184806,xgboost,1-3-0,3-1-0
821,"[[147316  64817]
 [ 32101  74538]]","(array([0.        , 0.30554888, 1.        ]), array([0.        , 0.69897505, 1.        ]), array([2, 1, 0]))",0.6989750466527256,0.3742245888931207,0.6959645138217911,0.5348785475942737,0.6967130846487407,10.501176258104811,0.6060147808483134,0.5612302521312112,xgboost,1-3-0,3-1-1
822,"[[95951 32220]
 [26091 37463]]","(array([0.        , 0.25138292, 1.        ]), array([0.        , 0.58946722, 1.        ]), array([2, 1, 0]))",0.5894672247222834,0.3308820936941195,0.6958612596166384,0.537620366516941,0.6690421532947383,10.504714322038533,0.5623512988133926,0.5472470390258439,xgboost,1-3-0,3-1-2
823,"[[219836  73093]
 [ 60193  86528]]","(array([0.        , 0.24952463, 1.        ]), array([0.        , 0.58974516, 1.        ]), array([2, 1, 0]))",0.589745162587496,0.333611741185473,0.6968361196406232,0.5420840616209647,0.6701102668762611,10.47104240997846,0.5649111124168413,0.5509898688877427,xgboost,1-3-0,3-1-3
824,"[[51977 17450]
 [14187 20337]]","(array([0.        , 0.25134314, 1.        ]), array([0.        , 0.58906847, 1.        ]), array([2, 1, 0]))",0.5890684741049704,0.33067877013994246,0.6956546834566286,0.5382009685870802,0.6688626683544283,10.511849061393791,0.5624870351675402,0.5476593131974665,xgboost,1-3-0,3-2-0
825,"[[54442 18244]
 [15009 21434]]","(array([0.        , 0.25099744, 1.        ]), array([0.        , 0.58815136, 1.        ]), array([2, 1, 0]))",0.5881513596575474,0.3305571221393778,0.6952872288759175,0.5401985987196936,0.6685769593048764,10.524539941862212,0.5631560279029441,0.5491532371704543,xgboost,1-3-0,3-2-1
826,"[[183143  81246]
 [ 39134  92338]]","(array([0.       , 0.3072972, 1.       ]), array([0.        , 0.70233966, 1.        ]), array([2, 1, 0]))",0.7023396616770111,0.37495572854170045,0.695903360017784,0.5319499493040833,0.6975212297242382,10.503289959132527,0.6053839295080248,0.5590766861062135,xgboost,1-3-0,3-2-2
827,"[[158763  53911]
 [ 43141  62980]]","(array([0.        , 0.25349126, 1.        ]), array([0.        , 0.59347349, 1.        ]), array([2, 1, 0]))",0.5934734878110836,0.3324689446476798,0.6955661161561505,0.5387925503246614,0.6699911144444887,10.514909059978761,0.5648126558212114,0.5489075015034384,xgboost,1-3-0,3-2-3
828,"[[51381 17053]
 [14212 20097]]","(array([0.      , 0.249189, 1.      ]), array([0.        , 0.58576467, 1.        ]), array([2, 1, 0]))",0.5857646681628728,0.3303806121232082,0.6956970304546295,0.5409690444145356,0.6682878342714005,10.510384936412791,0.5624763850599644,0.5493715454132929,xgboost,1-3-0,3-3-0
829,"[[168872  56094]
 [ 46175  66390]]","(array([0.        , 0.24934435, 1.        ]), array([0.        , 0.58979256, 1.        ]), array([2, 1, 0]))",0.5897925642961844,0.3338142122517739,0.6970085710645837,0.5420299794258842,0.6702241094642201,10.465086098015796,0.5649034882088415,0.5509534424009255,xgboost,1-3-0,3-3-1
830,"[[123686  41157]
 [ 33745  48556]]","(array([0.        , 0.24967393, 1.        ]), array([0.        , 0.58998068, 1.        ]), array([2, 1, 0]))",0.5899806806721668,0.3335305007904854,0.6969297251804616,0.5412370559450693,0.6701533742532045,10.46780961125107,0.5645586987105702,0.5503306109218344,xgboost,1-3-0,3-3-2
831,"[[79433 25953]
 [21683 30973]]","(array([0.        , 0.24626611, 1.        ]), array([0.        , 0.58821407, 1.        ]), array([2, 1, 0]))",0.5882140686721361,0.33574545071024253,0.6985864517027119,0.5440923303938446,0.6709739806097668,10.410586453601391,0.5652935701118798,0.5523790840348124,xgboost,1-3-0,3-3-3
832,"[[188458  66922]
 [ 64300  73339]]","(array([0.        , 0.26204871, 1.        ]), array([0.       , 0.5328359, 1.       ]), array([2, 1, 0]))",0.5328358968025051,0.2696319687026093,0.6661179230520662,0.5228752112133808,0.6353935925393998,11.53201455082882,0.527808564231738,0.5248374441628034,xgboost,2-1-0,0-0-0
833,"[[136789  48730]
 [ 49297  50608]]","(array([0.        , 0.26266851, 1.        ]), array([0.        , 0.50656123, 1.        ]), array([2, 1, 0]))",0.5065612331715129,0.2442148616154477,0.6565565614664499,0.509452576053474,0.6219463597171877,11.862252641847505,0.5080027905622783,0.5088716699815186,xgboost,2-1-0,0-0-1
834,"[[215708  76772]
 [ 73826  83365]]","(array([0.        , 0.26248632, 1.        ]), array([0.        , 0.53034207, 1.        ]), array([2, 1, 0]))",0.5303420679300977,0.2667271719734536,0.6650929234929538,0.5205854986667666,0.6339278720394471,11.567417143232872,0.5254184944284779,0.522507988201655,xgboost,2-1-0,0-0-2
835,"[[58799 20615]
 [20317 22621]]","(array([0.        , 0.25958899, 1.        ]), array([0.        , 0.52682938, 1.        ]), array([2, 1, 0]))",0.526829381899483,0.2668189234956866,0.665457041977246,0.5231982607086687,0.6336201962762582,11.55483914523267,0.5250075428783624,0.5239204750743461,xgboost,2-1-0,0-0-3
836,"[[197102  69858]
 [ 67942  75558]]","(array([0.        , 0.26167965, 1.        ]), array([0.        , 0.52653659, 1.        ]), array([2, 1, 0]))",0.5265365853658537,0.26405555440569434,0.6642791014958827,0.5195989437200859,0.632428466491737,11.595525131549893,0.5230447604147919,0.5209718077565902,xgboost,2-1-0,0-1-0
837,"[[94658 33746]
 [31881 36956]]","(array([0.        , 0.26281113, 1.        ]), array([0.        , 0.53686244, 1.        ]), array([2, 1, 0]))",0.5368624431628339,0.27239810809631265,0.6672750594450444,0.5227009136940963,0.6370256578918123,11.492049126113145,0.5296870408989601,0.5254731334158028,xgboost,2-1-0,0-1-1
838,"[[232974  82790]
 [ 80537  89215]]","(array([0.        , 0.26218948, 1.        ]), array([0.        , 0.52556082, 1.        ]), array([2, 1, 0]))",0.5255608181346906,0.2625792084606746,0.6636011995485216,0.5186767826516671,0.6316856674248529,11.618939295353442,0.5220961092238052,0.5200391246158652,xgboost,2-1-0,0-1-2
839,"[[232358  82468]
 [ 80388  88920]]","(array([0.        , 0.26194787, 1.        ]), array([0.        , 0.52519668, 1.        ]), array([2, 1, 0]))",0.5251966829683181,0.26251514901068634,0.6636137928755262,0.5188227880598408,0.6316244066757252,11.61850419464538,0.5219902787235542,0.5200851601431814,xgboost,2-1-0,0-1-3
840,"[[37165 12102]
 [13258 13728]]","(array([0.       , 0.2456411, 1.       ]), array([0.        , 0.50870822, 1.        ]), array([2, 1, 0]))",0.5087082190765582,0.2657892088341846,0.6674229210654007,0.5314750290360046,0.6315335602862442,11.486932266311294,0.5198424719781883,0.5267600877933479,xgboost,2-1-0,0-2-0
841,"[[94055 33204]
 [32156 36553]]","(array([0.        , 0.26091671, 1.        ]), array([0.        , 0.53199726, 1.        ]), array([2, 1, 0]))",0.5319972638227889,0.27015121485585103,0.6664761593729589,0.524004759378987,0.6355402753315063,11.51964083424046,0.5279707653864487,0.5255839901994899,xgboost,2-1-0,0-2-1
842,"[[79981 28208]
 [27194 30843]]","(array([0.        , 0.26072891, 1.        ]), array([0.        , 0.53143684, 1.        ]), array([2, 1, 0]))",0.5314368420145769,0.2696401986177181,0.6667067727070374,0.5223112225025826,0.6353539662105901,11.511675940437431,0.5268345176277672,0.5241111877678503,xgboost,2-1-0,0-2-2
843,"[[204227  72549]
 [ 69987  79134]]","(array([0.        , 0.26212172, 1.        ]), array([0.        , 0.53066972, 1.        ]), array([2, 1, 0]))",0.5306697245860744,0.2675113960637534,0.6653275322437116,0.5217064535907122,0.6342740044151864,11.55931373599474,0.5261499182191726,0.523474802640196,xgboost,2-1-0,0-2-3
844,"[[190307  67468]
 [ 67509  70685]]","(array([0.        , 0.26173213, 1.        ]), array([0.        , 0.51149109, 1.        ]), array([2, 1, 0]))",0.5114910922326584,0.24977615644640339,0.659122305028929,0.5116428886813895,0.6248794807492456,11.773634725686303,0.5115669791964451,0.5116125221842313,xgboost,2-1-0,0-3-0
845,"[[121499  43249]
 [ 40953  47351]]","(array([0.        , 0.26251609, 1.        ]), array([0.        , 0.53622712, 1.        ]), array([2, 1, 0]))",0.5362271244790723,0.2721234369716607,0.6672541612000695,0.5226379690949228,0.6368555196532831,11.492770781473878,0.5293453472253276,0.5253004189002096,xgboost,2-1-0,0-3-1
846,"[[72813 25817]
 [25752 27146]]","(array([0.        , 0.26175606, 1.        ]), array([0.       , 0.5131763, 1.       ]), array([2, 1, 0]))",0.5131763015614957,0.2513487523758342,0.6596734596906182,0.512546494722731,0.6257101217834853,11.754598510611928,0.51286120478741,0.5126723323890462,xgboost,2-1-0,0-3-2
847,"[[194191  68813]
 [ 65613  75653]]","(array([0.        , 0.26164241, 1.        ]), array([0.       , 0.5355358, 1.       ]), array([2, 1, 0]))",0.5355357977149491,0.2725058377180832,0.6674846018749846,0.5236733902786815,0.6369466946172349,11.484811087541065,0.5295381686335447,0.5260036432911991,xgboost,2-1-0,0-3-3
848,"[[  5906  27469]
 [   862 203409]]","(array([0.       , 0.8230412, 1.       ]), array([0.        , 0.99578012, 1.        ]), array([2, 1, 0]))",0.9957801156307062,0.3608134651761431,0.8807848648830614,0.8810237441419277,0.5863694585644168,4.1176373184738,0.9348935651926121,0.9018091246276987,xgboost,2-1-0,1-0-0
849,"[[ 11134  51165]
 [  1617 379896]]","(array([0.        , 0.82128124, 1.        ]), array([0.        , 0.99576161, 1.        ]), array([2, 1, 0]))",0.9957616123172736,0.36282758451545466,0.8810712644092543,0.8813045021470279,0.5872401859239621,4.107745187328626,0.935043454503836,0.9020414036377417,xgboost,2-1-0,1-0-1
850,"[[  3321  15523]
 [   527 114272]]","(array([0.        , 0.82376353, 1.        ]), array([0.        , 0.99540937, 1.        ]), array([2, 1, 0]))",0.9954093676774188,0.35722542222626363,0.8799039231385108,0.8804037135482877,0.5858229177593208,4.148064420053616,0.9343810559539483,0.9012285895905069,xgboost,2-1-0,1-0-2
851,"[[  4006  18938]
 [   161 137788]]","(array([0.        , 0.82540098, 1.        ]), array([0.       , 0.9988329, 1.       ]), array([2, 1, 0]))",0.9988329020145126,0.3818041254091905,0.8812937790954236,0.8791649120120465,0.5867159628622074,4.100061737568025,0.9351862221091032,0.9007482483562199,xgboost,2-1-0,1-0-3
852,"[[  6688  30716]
 [   942 225894]]","(array([0.        , 0.82119559, 1.        ]), array([0.        , 0.99584722, 1.        ]), array([2, 1, 0]))",0.9958472200179865,0.363570460446243,0.8801922494701786,0.8803008456412454,0.5873258129819373,4.138106053378552,0.9345159542120526,0.9012140980917213,xgboost,2-1-0,1-1-0
853,"[[  5382  25975]
 [   258 191892]]","(array([0.        , 0.82836368, 1.        ]), array([0.       , 0.9986573, 1.       ]), array([2, 1, 0]))",0.9986572989851679,0.37709479395617507,0.8826300742258631,0.8807758862058045,0.5851468081174525,4.053906547494895,0.9360197260113604,0.9020719844906724,xgboost,2-1-0,1-1-1
854,"[[  3558  17200]
 [   184 126702]]","(array([0.       , 0.8285962, 1.       ]), array([0.        , 0.99854988, 1.        ]), array([2, 1, 0]))",0.9985498794193213,0.3758762297783915,0.8822573216656281,0.8804742116162388,0.5849768377730579,4.066781189380719,0.9358021773490701,0.9018012965235291,xgboost,2-1-0,1-1-2
855,"[[  4338  20225]
 [   741 150324]]","(array([0.        , 0.82339291, 1.        ]), array([0.        , 0.99509483, 1.        ]), array([2, 1, 0]))",0.9950948267302154,0.3553727187311811,0.8806226797549366,0.8814123800198184,0.5858509593489045,4.123238650748874,0.9348100518012276,0.9020222955352524,xgboost,2-1-0,1-1-3
856,"[[  5011  24079]
 [   244 177534]]","(array([0.        , 0.82774149, 1.        ]), array([0.       , 0.9986275, 1.       ]), array([2, 1, 0]))",0.9986275017156229,0.37754763276534414,0.8824226076531895,0.8805682173272557,0.5854430048970002,4.061072334821889,0.935889359526188,0.9018928502484175,xgboost,2-1-0,1-2-0
857,"[[  7245  33980]
 [  1243 247737]]","(array([0.        , 0.82425713, 1.        ]), array([0.        , 0.99500763, 1.        ]), array([2, 1, 0]))",0.9950076311350309,0.3537653954070162,0.878627177340156,0.8793825008785412,0.5853752528022031,4.192162406845566,0.9336287938315083,0.9003065745634691,xgboost,2-1-0,1-2-1
858,"[[ 10866  50005]
 [  1622 365247]]","(array([0.        , 0.82149135, 1.        ]), array([0.       , 0.9955788, 1.       ]), array([2, 1, 0]))",0.9955788033330698,0.36126499763879216,0.879302847524197,0.8795791471203028,0.5870437263860236,4.168825437905154,0.9339910320781567,0.9005649750946433,xgboost,2-1-0,1-2-2
859,"[[ 11512  54193]
 [  1758 396826]]","(array([0.        , 0.82479263, 1.        ]), array([0.        , 0.99558939, 1.        ]), array([2, 1, 0]))",0.9955893864279549,0.3572776666881791,0.8794910066790297,0.8798431995104419,0.5853983763431152,4.162326504946664,0.9341445357419876,0.900788137978626,xgboost,2-1-0,1-2-3
860,"[[  6595  29622]
 [  1095 218824]]","(array([0.        , 0.81790319, 1.        ]), array([0.        , 0.99502089, 1.        ]), array([2, 1, 0]))",0.995020894056448,0.36163495396313466,0.8800754286785145,0.8807708717387279,0.5885588497120465,4.142140426170274,0.9344165341133517,0.9014726007927804,xgboost,2-1-0,1-3-0
861,"[[ 2279 10351]
 [  322 76257]]","(array([0.        , 0.81955661, 1.        ]), array([0.        , 0.99579519, 1.        ]), array([2, 1, 0]))",0.9957951918933389,0.3651811284191562,0.8803596049725925,0.8804844818030667,0.5881192903251334,4.132325629654875,0.9345965058491179,0.9013595391136401,xgboost,2-1-0,1-3-1
862,"[[ 11977  58333]
 [   562 428709]]","(array([0.        , 0.82965439, 1.        ]), array([0.       , 0.9986908, 1.       ]), array([2, 1, 0]))",0.9986908037114084,0.37578543361665745,0.882111209193304,0.8802300417623121,0.5845182079999227,4.071827949211761,0.9357261110559383,0.9016193475416194,xgboost,2-1-0,1-3-2
863,"[[  9612  46323]
 [   459 340535]]","(array([0.        , 0.82815768, 1.        ]), array([0.        , 0.99865394, 1.        ]), array([2, 1, 0]))",0.9986539352598579,0.3772401751112336,0.8821401308546365,0.8802583893831846,0.5852481261174591,4.0708289821566845,0.9357259442853767,0.9016371306050648,xgboost,2-1-0,1-3-3
864,"[[145008  46864]
 [  8402 183440]]","(array([0.        , 0.24424616, 1.        ]), array([0.        , 0.95620354, 1.        ]), array([2, 1, 0]))",0.9562035424985144,0.7266981719181104,0.8559708532917746,0.7965124357371127,0.8559786891945541,4.974688149442299,0.8690832081791608,0.8240361239036961,xgboost,2-1-0,2-0-0
865,"[[155657  48735]
 [   577 203993]]","(array([0.        , 0.23843888, 1.        ]), array([0.        , 0.99717945, 1.        ]), array([2, 1, 0]))",0.9971794495771619,0.7807855513571096,0.8794215599493351,0.8071642239878446,0.8793702837145663,4.164727065024614,0.8921665959614956,0.8391444710822538,xgboost,2-1-0,2-0-1
866,"[[ 77395  24405]
 [   305 102132]]","(array([0.        , 0.23973477, 1.        ]), array([0.        , 0.99702256, 1.        ]), array([2, 1, 0]))",0.9970225602077374,0.7799091052561842,0.8790131073213963,0.8071315109414637,0.8786438930704699,4.1788347796605265,0.8920838173766453,0.8390939638670031,xgboost,2-1-0,2-0-2
867,"[[188123  60553]
 [ 10919 237434]]","(array([0.        , 0.24350158, 1.        ]), array([0.        , 0.95603435, 1.        ]), array([2, 1, 0]))",0.9560343543263017,0.7270854636229634,0.8562015496077694,0.7967931486944061,0.8562663849676837,4.966719938917543,0.8691803638759746,0.824251319689426,xgboost,2-1-0,2-0-3
868,"[[38353    14]
 [  246 38405]]","(array([0.       , 0.0003649, 1.       ]), array([0.        , 0.99363535, 1.        ]), array([2, 1, 0]))",0.9936353522547929,0.9932664150938937,0.9966241657794281,0.9996355969702491,0.996635227669086,0.1165973286379921,0.9966264434929285,0.9984297576523317,xgboost,2-1-0,2-1-0
869,"[[166110  52184]
 [   624 217645]]","(array([0.        , 0.23905375, 1.        ]), array([0.        , 0.99714114, 1.        ]), array([2, 1, 0]))",0.9971411423518686,0.7801530388467693,0.8790369316685106,0.8066034414388372,0.8790436945783182,4.178011948000039,0.891808612204926,0.8386541151446726,xgboost,2-1-0,2-1-1
870,"[[49887 16040]
 [ 2961 62810]]","(array([0.        , 0.24329941, 1.        ]), array([0.        , 0.95498016, 1.        ]), array([2, 1, 0]))",0.9549801584284867,0.725970497980214,0.855722941882185,0.796575776791376,0.8558403757543559,4.983250435257014,0.8686152080264968,0.823908429549992,xgboost,2-1-0,2-1-2
871,"[[125668  49134]
 [   415 174741]]","(array([0.        , 0.28108374, 1.        ]), array([0.        , 0.99763068, 1.        ]), array([2, 1, 0]))",0.9976306835049898,0.746275680671766,0.8584144383040251,0.7805293132328308,0.8582734715221773,4.890304319408515,0.8758266901569051,0.8160464238747086,xgboost,2-1-0,2-1-3
872,"[[151110  47655]
 [   587 198415]]","(array([0.        , 0.23975549, 1.        ]), array([0.        , 0.99705028, 1.        ]), array([2, 1, 0]))",0.9970502809016994,0.7795533026654754,0.8787179429163304,0.8063355955622384,0.8786473953750064,4.189029647152271,0.8916085487291945,0.8384096098816681,xgboost,2-1-0,2-2-0
873,"[[124399  38963]
 [   453 163051]]","(array([0.        , 0.23850712, 1.        ]), array([0.        , 0.99722943, 1.        ]), array([2, 1, 0]))",0.9972294255798023,0.7807897050931917,0.8794123585811923,0.8071272288059244,0.8793611532105621,4.165044896368763,0.892163997395477,0.8391195602947839,xgboost,2-1-0,2-2-1
874,"[[129546  87847]
 [   598 216303]]","(array([0.        , 0.40409305, 1.        ]), array([0.        , 0.99724298, 1.        ]), array([2, 1, 0]))",0.9972429818211995,0.6473841398792882,0.7963476354727442,0.7111721190202203,0.7965749668734872,7.034065219605443,0.8302565391871429,0.7544570949026195,xgboost,2-1-0,2-2-2
875,"[[159353  50219]
 [   596 210019]]","(array([0.        , 0.23962648, 1.        ]), array([0.        , 0.99717019, 1.        ]), array([2, 1, 0]))",0.9971701920565962,0.7800866700162281,0.8790657492973366,0.8070266448404921,0.8787718576185868,4.177016608059587,0.8920788441403156,0.839024199263803,xgboost,2-1-0,2-2-3
876,"[[45921 14316]
 [  136 59907]]","(array([0.        , 0.23766124, 1.        ]), array([0.        , 0.99773496, 1.        ]), array([2, 1, 0]))",0.9977349566144263,0.7818105016531588,0.879847023611573,0.8071217816579767,0.8800368592524793,4.150031954573162,0.8923629213650515,0.8391864064885763,xgboost,2-1-0,2-3-0
877,"[[29572  9037]
 [   80 38468]]","(array([0.       , 0.2340646, 1.       ]), array([0.        , 0.99792467, 1.        ]), array([2, 1, 0]))",0.9979246653522881,0.7851675683563738,0.8818383296395661,0.8097673929060099,0.8819300345073233,4.081253163735986,0.8940536646020476,0.8415001225018377,xgboost,2-1-0,2-3-1
878,"[[160600  50530]
 [   575 211602]]","(array([0.        , 0.23933122, 1.        ]), array([0.     , 0.99729, 1.     ]), array([2, 1, 0]))",0.9972899984446948,0.7804783394795758,0.8792720177081882,0.8072345230647154,0.8789793903557723,4.169892232635082,0.8922537839256687,0.8392209121087011,xgboost,2-1-0,2-3-2
879,"[[125860  85564]
 [   612 210559]]","(array([0.        , 0.40470334, 1.        ]), array([0.        , 0.99710187, 1.        ]), array([2, 1, 0]))",0.9971018747839429,0.6468074140829129,0.7960789881565092,0.711052501832009,0.7961992649233774,7.04334412703023,0.8301261201591188,0.7543332452031757,xgboost,2-1-0,2-3-3
880,"[[37360 36551]
 [  182 36413]]","(array([0.       , 0.4945272, 1.       ]), array([0.        , 0.99502664, 1.        ]), array([2, 1, 0]))",0.9950266429840142,0.4973429796065719,0.667592709898105,0.49905432816183326,0.7502497206748081,11.481205539970002,0.6647194662236786,0.5543140377103435,xgboost,2-1-0,3-0-0
881,"[[132167 125747]
 [  2595 127040]]","(array([0.        , 0.48755399, 1.        ]), array([0.        , 0.97998226, 1.        ]), array([2, 1, 0]))",0.979982257877888,0.4878434492206753,0.6688367148412201,0.5025574891113863,0.7462141335063581,11.438234099568522,0.6643969227711796,0.5568105415315622,xgboost,2-1-0,3-0-1
882,"[[37015 43890]
 [  785 39572]]","(array([0.       , 0.5424881, 1.       ]), array([0.       , 0.9805486, 1.       ]), array([2, 1, 0]))",0.9805486037118716,0.44564693069529254,0.6315828536557206,0.4741319402842012,0.7190302501904021,12.72496684677678,0.6391910772983145,0.5287476116032656,xgboost,2-1-0,3-0-2
883,"[[100927  96233]
 [  2106  96373]]","(array([0.        , 0.48809596, 1.        ]), array([0.        , 0.97861473, 1.        ]), array([2, 1, 0]))",0.9786147300439688,0.48519215398447785,0.6673679724258301,0.5003634362377081,0.7452593836870279,11.488963497910024,0.6621639727227442,0.5545670805602008,xgboost,2-1-0,3-0-3
884,"[[130216 105788]
 [  2600 115694]]","(array([0.        , 0.44824664, 1.        ]), array([0.        , 0.97802086, 1.        ]), array([2, 1, 0]))",0.9780208632728625,0.516104264414875,0.6940767376615166,0.5223629911234322,0.7648871116927014,10.566453899554965,0.6810016010548126,0.5760379677003692,xgboost,2-1-0,3-1-0
885,"[[106623 105510]
 [  2320 104319]]","(array([0.        , 0.49737665, 1.        ]), array([0.        , 0.97824436, 1.        ]), array([2, 1, 0]))",0.9782443571301306,0.4783605370931818,0.6617331509668353,0.49716197475086854,0.7404338556732946,11.68358771845733,0.6592704475649986,0.5513951509321268,xgboost,2-1-0,3-1-1
886,"[[62165 66006]
 [ 1226 62328]]","(array([0.        , 0.51498389, 1.        ]), array([0.        , 0.98070932, 1.        ]), array([2, 1, 0]))",0.9807093180602322,0.4660275763691781,0.6493310731516495,0.48567020431062696,0.7328627146745286,12.11195093394504,0.6496289502209622,0.5402069718663871,xgboost,2-1-0,3-1-2
887,"[[150186 142743]
 [  3006 143715]]","(array([0.        , 0.48729556, 1.        ]), array([0.        , 0.97951214, 1.        ]), array([2, 1, 0]))",0.9795121352771586,0.487118967554705,0.6684885704537701,0.5016965837923885,0.7461082895080425,11.450258746088517,0.6635363210127915,0.5559346502619236,xgboost,2-1-0,3-1-3
888,"[[35304 34123]
 [  688 33836]]","(array([0.        , 0.49149466, 1.        ]), array([0.        , 0.98007183, 1.        ]), array([2, 1, 0]))",0.9800718340864326,0.48365028042111874,0.6651210666564055,0.49788843273149985,0.7442885853134857,11.56657107431719,0.6603241513226583,0.552226139182661,xgboost,2-1-0,3-2-0
889,"[[33161 39525]
 [  748 35695]]","(array([0.        , 0.54377734, 1.        ]), array([0.       , 0.9794748, 1.       ]), array([2, 1, 0]))",0.9794747962571687,0.44401057154965395,0.6309596899082737,0.4745413453868652,0.7178487263073259,12.74649035399084,0.6393344259065223,0.5290922943291742,xgboost,2-1-0,3-2-1
890,"[[145444 118945]
 [  2909 128563]]","(array([0.        , 0.44988634, 1.        ]), array([0.        , 0.97787362, 1.        ]), array([2, 1, 0]))",0.9778736156748205,0.5137111520741877,0.6921798307991947,0.519429675000404,0.7639936369793185,10.631972250213536,0.6784685207662674,0.5731722758010672,xgboost,2-1-0,3-2-2
891,"[[108953 103721]
 [  2087 104034]]","(array([0.        , 0.48769948, 1.        ]), array([0.        , 0.98033377, 1.        ]), array([2, 1, 0]))",0.9803337699418588,0.4872670361794901,0.6681001897771295,0.500753291136194,0.7463171431124982,11.463673482450373,0.6628987243369994,0.5550605511870679,xgboost,2-1-0,3-2-3
892,"[[31226 37208]
 [  676 33633]]","(array([0.        , 0.54370634, 1.        ]), array([0.        , 0.98029672, 1.        ]), array([2, 1, 0]))",0.980296715147629,0.44500290721536306,0.6312741500637513,0.47476743693623746,0.7182951851741302,12.735629253243326,0.6397146932952924,0.5293651018500155,xgboost,2-1-0,3-3-0
893,"[[115707 109259]
 [  2265 110300]]","(array([0.        , 0.48566895, 1.        ]), array([0.        , 0.97987829, 1.        ]), array([2, 1, 0]))",0.9798782925420868,0.48865910241033605,0.6695888673929209,0.5023706611890199,0.7471046735062701,11.412255057703277,0.6642097529838253,0.5566203506052174,xgboost,2-1-0,3-3-1
894,"[[74661 90182]
 [ 1598 80703]]","(array([0.        , 0.54707813, 1.        ]), array([0.        , 0.98058347, 1.        ]), array([2, 1, 0]))",0.9805834680016039,0.4423181263194215,0.6286375554332697,0.47226497352020363,0.7167526695576651,12.826696204724174,0.6374997037750902,0.5268913521213934,xgboost,2-1-0,3-3-2
895,"[[51091 54295]
 [ 1018 51638]]","(array([0.        , 0.51520126, 1.        ]), array([0.        , 0.98066697, 1.        ]), array([2, 1, 0]))",0.9806669705256761,0.4666927786072443,0.6500107566343124,0.4874590543079116,0.7327328551981236,12.088474917263555,0.6512179281034624,0.5419741891063586,xgboost,2-1-0,3-3-3
896,"[[252537   2843]
 [   947 136692]]","(array([0.        , 0.01113243, 1.        ]), array([0.        , 0.99311968, 1.        ]), array([2, 1, 0]))",0.9931196826480867,0.9789335018716591,0.9903567003121987,0.9796251836456803,0.9909936262719641,0.3330735557115708,0.9863262787995989,0.9822946654038135,xgboost,0-0-0,0-0-0
897,"[[178461   7058]
 [ 11337  88568]]","(array([0.        , 0.03804462, 1.        ]), array([0.       , 0.8865222, 1.       ]), array([2, 1, 0]))",0.886522196086282,0.857421496102296,0.9355520208531868,0.9261916215255265,0.924238787659838,2.22597411339987,0.9059228459937299,0.9179762400784396,xgboost,0-0-0,0-0-1
898,"[[227328  65152]
 [ 18200 138991]]","(array([0.        , 0.22275711, 1.        ]), array([0.        , 0.88421729, 1.        ]), array([2, 1, 0]))",0.884217289793945,0.6335018237952355,0.8146378129788223,0.6808511680537662,0.8307300890982853,6.402298981789724,0.7693214588164966,0.7136798173682918,xgboost,0-0-0,0-0-2
899,"[[76208  3206]
 [ 7414 35524]]","(array([0.        , 0.04037072, 1.        ]), array([0.        , 0.82733243, 1.        ]), array([2, 1, 0]))",0.8273324328100983,0.8074934793153767,0.9132012553942722,0.9172217918925897,0.8934808586595634,2.997943383216561,0.8699613067541754,0.8977145225363644,xgboost,0-0-0,0-0-3
900,"[[194789  72171]
 [  7410 136090]]","(array([0.        , 0.27034387, 1.        ]), array([0.        , 0.94836237, 1.        ]), array([2, 1, 0]))",0.9483623693379791,0.6466914414026839,0.8061175266773863,0.6534588809234566,0.8390092487984471,6.696603985843984,0.7737640045371714,0.6967940000655372,xgboost,0-0-0,0-1-0
901,"[[123360   5044]
 [  9983  58854]]","(array([0.        , 0.03928227, 1.        ]), array([0.        , 0.85497625, 1.        ]), array([2, 1, 0]))",0.8549762482385926,0.8308043450977223,0.92381401432765,0.9210616920717394,0.9078469914443017,2.631391171489502,0.8867894677364675,0.9070397529197451,xgboost,0-0-0,0-1-1
902,"[[235498  80266]
 [  1164 168588]]","(array([0.        , 0.25419617, 1.        ]), array([0.        , 0.99314294, 1.        ]), array([2, 1, 0]))",0.9931429379329846,0.7049613905187514,0.8322815314016427,0.6774574650196501,0.8694733830542287,5.792922874477689,0.8054734045856963,0.7234493223294838,xgboost,0-0-0,0-1-2
903,"[[239075  75751]
 [  3213 166095]]","(array([0.        , 0.24061227, 1.        ]), array([0.        , 0.98102275, 1.        ]), array([2, 1, 0]))",0.9810227514352541,0.706173122494315,0.8368963964522219,0.6867800170356343,0.8702052383592132,5.633524002760936,0.8079454413674682,0.7306068838348473,xgboost,0-0-0,0-1-3
904,"[[46643  2624]
 [ 2188 24798]]","(array([0.       , 0.0532608, 1.       ]), array([0.        , 0.91892092, 1.        ]), array([2, 1, 0]))",0.9189209219595346,0.8625759682141295,0.9368942861264474,0.9043104077018452,0.93283005929101,2.179621656275387,0.91155712395236,0.9071952236709249,xgboost,0-0-0,0-2-0
905,"[[120949   6310]
 [  6576  62133]]","(array([0.        , 0.04958392, 1.        ]), array([0.        , 0.90429201, 1.        ]), array([2, 1, 0]))",0.9042920141466183,0.8554737725978593,0.9342443664271718,0.9078064959163099,0.927354047369084,2.271144871022839,0.9060458469435372,0.9071014158449664,xgboost,0-0-0,0-2-1
906,"[[104274   3915]
 [  6056  51981]]","(array([0.        , 0.03618667, 1.        ]), array([0.        , 0.89565277, 1.        ]), array([2, 1, 0]))",0.89565277323087,0.8672326260920572,0.9400154007195024,0.9299592099613568,0.9297330499545916,2.071813494023761,0.9124836526730623,0.9228892731721001,xgboost,0-0-0,0-2-2
907,"[[202618  74158]
 [  4224 144897]]","(array([0.        , 0.26793508, 1.        ]), array([0.        , 0.97167401, 1.        ]), array([2, 1, 0]))",0.9716740096968234,0.6716596270844906,0.8159601969490275,0.6614640158864212,0.8518694643102148,6.356648832774397,0.7871072530528878,0.7065795671878916,xgboost,0-0-0,0-2-3
908,"[[210628  47147]
 [ 14077 124117]]","(array([0.        , 0.18289982, 1.        ]), array([0.        , 0.89813595, 1.        ]), array([2, 1, 0]))",0.8981359538040725,0.6881371928083647,0.8453818354467143,0.7247115564275037,0.8576180690366497,5.340417418085893,0.8021573202179294,0.7538232614637108,xgboost,0-0-0,0-3-0
909,"[[162128   2620]
 [ 37968  50336]]","(array([0.        , 0.01590308, 1.        ]), array([0.       , 0.5700308, 1.       ]), array([2, 1, 0]))",0.5700308026816452,0.6492819875780202,0.8396060888671103,0.9505249641211572,0.7770638632341385,5.539817710438575,0.712671669262353,0.8385755411024629,xgboost,0-0-0,0-3-1
910,"[[90592  8038]
 [ 5014 47884]]","(array([0.       , 0.0814965, 1.       ]), array([0.        , 0.90521381, 1.        ]), array([2, 1, 0]))",0.9052138077053953,0.8137076728071672,0.9138641043239534,0.8562640821143735,0.91185865281346,2.9750708560168295,0.8800588127182503,0.8656258812810482,xgboost,0-0-0,0-3-2
911,"[[242135  20869]
 [  5592 135674]]","(array([0.       , 0.0793486, 1.       ]), array([0.       , 0.9604151, 1.       ]), array([2, 1, 0]))",0.9604151034219133,0.8623929389665232,0.9345462191109902,0.8666883859386878,0.9405332501794211,2.2607347786986485,0.9111477490606396,0.8839411131583269,xgboost,0-0-0,0-3-3
912,"[[ 16345  17030]
 [ 95208 109063]]","(array([0.        , 0.51026217, 1.        ]), array([0.        , 0.53391328, 1.        ]), array([2, 1, 0]))",0.5339132818657568,0.016465669691691966,0.527709281873038,0.8649409562783025,0.5118255547905564,16.312400806898587,0.6602595924495406,0.7695200545267503,xgboost,0-0-0,1-0-0
913,"[[ 30236  32063]
 [177866 203647]]","(array([0.        , 0.51466316, 1.        ]), array([0.        , 0.53378784, 1.        ]), array([2, 1, 0]))",0.5337878394707388,0.013312582651858718,0.5269866520058043,0.8639726782911205,0.5095623413793766,16.337360024739326,0.6598814366930591,0.7688546784731864,xgboost,0-0-0,1-0-1
914,"[[ 9124  9720]
 [53844 60955]]","(array([0.        , 0.51581405, 1.        ]), array([0.        , 0.53097152, 1.        ]), array([2, 1, 0]))",0.5309715241421964,0.010567919939128876,0.5243746398988349,0.8624690484612664,0.5075787359619919,16.42757611586932,0.6572888922436568,0.7667314886326758,xgboost,0-0-0,1-0-2
915,"[[13305  9639]
 [47770 90179]]","(array([0.        , 0.42010983, 1.        ]), array([0.       , 0.6537126, 1.       ]), array([2, 1, 0]))",0.6537126039333376,0.1683199781740285,0.64318522247705,0.9034342503356109,0.6168013856486771,12.32399371865188,0.7585493361147678,0.8393100790922173,xgboost,0-0-0,1-0-3
916,"[[ 21716  15688]
 [ 62117 164719]]","(array([0.        , 0.41942038, 1.        ]), array([0.        , 0.72615899, 1.        ]), array([2, 1, 0]))",0.7261589871096299,0.22974668579145519,0.7055517711171662,0.913041068251232,0.6533693021314377,10.169929009576562,0.8089469923362711,0.868346083773343,xgboost,0-0-0,1-1-0
917,"[[ 15212  16145]
 [ 89317 102833]]","(array([0.        , 0.51487706, 1.        ]), array([0.        , 0.53517044, 1.        ]), array([2, 1, 0]))",0.5351704397606037,0.014125052799793201,0.5281490065188115,0.8643026441863202,0.5101466894086368,16.29721371438291,0.6610334010439433,0.7696366504905235,xgboost,0-0-0,1-1-1
918,"[[10106 10652]
 [58996 67890]]","(array([0.        , 0.51315156, 1.        ]), array([0.        , 0.53504721, 1.        ]), array([2, 1, 0]))",0.5350472077297732,0.015253208144355936,0.528270705209829,0.8643782944157267,0.5109478258515905,16.293010319854282,0.6609615047607922,0.7696336503013237,xgboost,0-0-0,1-1-2
919,"[[11949 12614]
 [52985 98080]]","(array([0.        , 0.51353662, 1.        ]), array([0.        , 0.64925694, 1.        ]), array([2, 1, 0]))",0.6492569423757985,0.09751454413343813,0.6264889425376363,0.8860462175004968,0.5678601611280532,12.900672323614286,0.749391615952078,0.8258102758145699,xgboost,0-0-0,1-1-3
920,"[[ 16862  12228]
 [ 48495 129283]]","(array([0.        , 0.42035064, 1.        ]), array([0.        , 0.72721597, 1.        ]), array([2, 1, 0]))",0.7272159659800426,0.22946557365818587,0.7064649921689193,0.9135897562733639,0.6534326650113345,10.13838726388585,0.8098180645120878,0.8690452823390543,xgboost,0-0-0,1-2-0
921,"[[ 19961  21264]
 [111582 137398]]","(array([0.        , 0.51580352, 1.        ]), array([0.        , 0.55184352, 1.        ]), array([2, 1, 0]))",0.5518435215679974,0.02527417941136813,0.542233938078255,0.8659792514905901,0.5180200021423977,15.810738242270324,0.6741111072951266,0.7774651776539449,xgboost,0-0-0,1-2-1
922,"[[ 29675  31196]
 [128914 237955]]","(array([0.        , 0.51249363, 1.        ]), array([0.        , 0.64861027, 1.        ]), array([2, 1, 0]))",0.6486102668800034,0.09845491332479453,0.6256838266236499,0.8840948018027055,0.5680583164006892,12.928480929608128,0.7482626332505267,0.8242447208919044,xgboost,0-0-0,1-2-2
923,"[[ 31903  33802]
 [185412 213172]]","(array([0.        , 0.51445096, 1.        ]), array([0.        , 0.53482327, 1.        ]), array([2, 1, 0]))",0.5348232743913454,0.0142307944667676,0.5278501105992173,0.8631353907698787,0.5101861596825459,16.307537668620807,0.6604271033741353,0.7687525243782816,xgboost,0-0-0,1-2-3
924,"[[   719  35498]
 [  3229 216690]]","(array([0.        , 0.98014744, 1.        ]), array([0.        , 0.98531732, 1.        ]), array([2, 1, 0]))",0.9853173213774162,0.014622344994420888,0.8488029796670519,0.8592399321141371,0.5025849384035934,5.2222708934131985,0.9179698670004893,0.8818064396408803,xgboost,0-0-0,1-3-0
925,"[[ 6144  6486]
 [35457 41122]]","(array([0.        , 0.51353919, 1.        ]), array([0.        , 0.53698795, 1.        ]), array([2, 1, 0]))",0.5369879470873216,0.016386433889603987,0.5298344337454741,0.863762392875147,0.5117243773441359,16.239001496717496,0.6622593347129732,0.7700431817415762,xgboost,0-0-0,1-3-1
926,"[[ 34023  36287]
 [199157 230114]]","(array([0.        , 0.51610013, 1.        ]), array([0.        , 0.53605764, 1.        ]), array([2, 1, 0]))",0.5360576419091903,0.013911283145695213,0.5287170649003865,0.8637880488436604,0.5099787569523195,16.27759399279657,0.6615588955714763,0.7696763943473535,xgboost,0-0-0,1-3-2
927,"[[ 32501  23434]
 [ 92647 248347]]","(array([0.        , 0.41895057, 1.        ]), array([0.        , 0.72830314, 1.        ]), array([2, 1, 0]))",0.7283031372986035,0.2316580599161976,0.7075522322632007,0.9137761653684401,0.6546762848377348,10.100835263898098,0.8105650524254416,0.8694904762771702,xgboost,0-0-0,1-3-3
928,"[[ 95256  96616]
 [ 58604 133238]]","(array([0.        , 0.50354403, 1.        ]), array([0.        , 0.69451945, 1.        ]), array([2, 1, 0]))",0.6945194482959935,0.1948346619656734,0.5954799668503103,0.5796636125540561,0.5954877094715458,13.97182830421447,0.6319149339808772,0.5994917471910213,xgboost,0-0-0,2-0-0
929,"[[ 89601 114791]
 [ 62296 142274]]","(array([0.        , 0.56162179, 1.        ]), array([0.        , 0.69547832, 1.        ]), array([2, 1, 0]))",0.6954783203793322,0.1385148779727932,0.5669842185826556,0.5534553517592826,0.5669282673954276,14.956059687780666,0.6163917380614554,0.577021973832564,xgboost,0-0-0,2-0-1
930,"[[50502 51298]
 [31191 71246]]","(array([0.        , 0.50390963, 1.        ]), array([0.        , 0.69551041, 1.        ]), array([2, 1, 0]))",0.6955104112771753,0.19555149887021703,0.5961113804060968,0.5813911737824782,0.5958003922790592,13.950019554677954,0.6333512607731321,0.6011174240187104,xgboost,0-0-0,2-0-2
931,"[[123613 125063]
 [ 75408 172945]]","(array([0.        , 0.50291544, 1.        ]), array([0.        , 0.69636767, 1.        ]), array([2, 1, 0]))",0.6963676702113524,0.19740673644938922,0.5966613618118862,0.5803367694826984,0.596726115020103,13.931024231418187,0.633079593894879,0.6003429638603567,xgboost,0-0-0,2-0-3
932,"[[31877  6490]
 [27542 11109]]","(array([0.        , 0.16915578, 1.        ]), array([0.        , 0.28741818, 1.        ]), array([2, 1, 0]))",0.28741817805490155,0.1408313318812305,0.5581292684826924,0.6312290471049491,0.559131196567785,15.261741770221535,0.39498666666666665,0.5093675204269719,xgboost,0-0-0,2-1-0
933,"[[127833  90461]
 [ 73868 144401]]","(array([0.        , 0.41439985, 1.        ]), array([0.        , 0.66157356, 1.        ]), array([2, 1, 0]))",0.661573562897159,0.2478898895281302,0.6235846830812506,0.614833391523533,0.623586858409009,13.001090148689673,0.6373476985684051,0.6236455023118775,xgboost,0-0-0,2-1-1
934,"[[32742 33185]
 [20114 45657]]","(array([0.        , 0.50335978, 1.        ]), array([0.        , 0.69418133, 1.        ]), array([2, 1, 0]))",0.6941813261163735,0.19464817402104354,0.5952937781894941,0.5790948986580756,0.5954107746968174,13.978259181711683,0.6314370077378936,0.5989547120604294,xgboost,0-0-0,2-1-2
935,"[[ 86816  87986]
 [ 53372 121784]]","(array([0.        , 0.50334664, 1.        ]), array([0.        , 0.69528877, 1.        ]), array([2, 1, 0]))",0.6952887711525726,0.19585240245946525,0.59607152858343,0.5805596605806359,0.5959710637607464,13.951396187574732,0.6327657783573984,0.6003730887091366,xgboost,0-0-0,2-1-3
936,"[[114883  83882]
 [ 75913 123089]]","(array([0.        , 0.42201595, 1.        ]), array([0.        , 0.61853147, 1.        ]), array([2, 1, 0]))",0.6185314720455071,0.1966781697026297,0.5982698413895572,0.5947161679655604,0.5982577617818158,13.875436740243385,0.6063900801284814,0.5993313766085038,xgboost,0-0-0,2-2-0
937,"[[ 81234  82128]
 [ 49648 113856]]","(array([0.        , 0.50273625, 1.        ]), array([0.        , 0.69634994, 1.        ]), array([2, 1, 0]))",0.6963499363929935,0.1975720407255048,0.5968500853560786,0.5809453832965956,0.5968068409698467,13.924505661505009,0.6334342175538543,0.6008612682597315,xgboost,0-0-0,2-2-1
938,"[[107359 110034]
 [ 66359 150542]]","(array([0.        , 0.50615245, 1.        ]), array([0.        , 0.69405858, 1.        ]), array([2, 1, 0]))",0.6940585797207021,0.1917806918487841,0.593839657006544,0.5777278030209997,0.593953063854914,14.028483855478349,0.6305727815161778,0.5977660508018949,xgboost,0-0-0,2-2-2
939,"[[ 91149 118423]
 [ 54986 155629]]","(array([0.        , 0.56507072, 1.        ]), array([0.        , 0.73892648, 1.        ]), array([2, 1, 0]))",0.7389264772214704,0.1825184434265088,0.5873051760287682,0.5678812780056339,0.586927880833933,14.254199598253974,0.6422100122352047,0.5954478915660346,xgboost,0-0-0,2-2-3
940,"[[30105 30132]
 [18416 41627]]","(array([0.        , 0.50022411, 1.        ]), array([0.        , 0.69328648, 1.        ]), array([2, 1, 0]))",0.6932864780240827,0.19676933437534427,0.5963751247090123,0.5800944829220028,0.5965311816386661,13.940909626620307,0.6316596106280633,0.5996761544201753,xgboost,0-0-0,2-3-0
941,"[[32047  6562]
 [27478 11070]]","(array([0.        , 0.16996037, 1.        ]), array([0.        , 0.28717443, 1.        ]), array([2, 1, 0]))",0.2871744318771402,0.13958039403824188,0.5588216234431095,0.6278357531760436,0.5586070299715675,15.237829301827398,0.3940904236383055,0.5074443507279328,xgboost,0-0-0,2-3-1
942,"[[105085 106045]
 [ 64556 147621]]","(array([0.        , 0.50227348, 1.        ]), array([0.        , 0.69574459, 1.        ]), array([2, 1, 0]))",0.6957445906012433,0.1973984357102641,0.5969804420904923,0.5819502810782683,0.5967355549037098,13.920002705028836,0.6337800503603145,0.6016305291394729,xgboost,0-0-0,2-3-2
943,"[[104976 106448]
 [ 64516 146655]]","(array([0.        , 0.50348116, 1.        ]), array([0.        , 0.69448456, 1.        ]), array([2, 1, 0]))",0.6944845646419253,0.19485526688702418,0.5954424448940475,0.579428137951743,0.5955017041462994,13.973124346304994,0.6317605551893924,0.5992850505441806,xgboost,0-0-0,2-3-3
944,"[[61179 12732]
 [33610  2985]]","(array([0.        , 0.17226123, 1.        ]), array([0.        , 0.08156852, 1.        ]), array([2, 1, 0]))",0.08156852028965705,-0.12220078907975034,0.5806381553942772,0.18992174079022714,0.4546536435924885,14.484337105382803,0.11412295458021106,0.15005579964408874,xgboost,0-0-0,3-0-0
945,"[[128848 129066]
 [ 47161  82474]]","(array([0.        , 0.50042262, 1.        ]), array([0.        , 0.63620164, 1.        ]), array([2, 1, 0]))",0.6362016430747869,0.12866712044155965,0.5452781454732176,0.3898742554599603,0.5678895107904003,15.705802746460066,0.4834703597860336,0.4225990090131637,xgboost,0-0-0,3-0-1
946,"[[39829 41076]
 [14495 25862]]","(array([0.        , 0.50770657, 1.        ]), array([0.        , 0.64083059, 1.        ]), array([2, 1, 0]))",0.6408305870109274,0.12614536506791646,0.5417278289983671,0.3863575248737638,0.5665620087888208,15.828430895957712,0.48207278997157366,0.41968913598758883,xgboost,0-0-0,3-0-2
947,"[[98613 98547]
 [35655 62824]]","(array([0.        , 0.49983262, 1.        ]), array([0.        , 0.63794311, 1.        ]), array([2, 1, 0]))",0.637943114775739,0.13074012188325834,0.5460612436112962,0.3893140651046347,0.5690552457627933,15.678755738173098,0.4835405041370021,0.42222529883878634,xgboost,0-0-0,3-0-3
948,"[[117973 118031]
 [ 43235  75059]]","(array([0.        , 0.50012288, 1.        ]), array([0.        , 0.63451232, 1.        ]), array([2, 1, 0]))",0.6345123167700814,0.12727203563758638,0.5448294938159403,0.3887254648091564,0.5671947187484243,15.721298712908201,0.4820992729234643,0.4213701392459923,xgboost,0-0-0,3-1-0
949,"[[158553  53580]
 [ 55360  51279]]","(array([0.        , 0.25257739, 1.        ]), array([0.        , 0.48086535, 1.        ]), array([2, 1, 0]))",0.4808653494500136,0.2292575807620641,0.6582510383597053,0.48902812348010183,0.6141439784825552,11.803725367635423,0.4849123868783629,0.48737347336406406,xgboost,0-0-0,3-1-1
950,"[[64072 64099]
 [23176 40378]]","(array([0.        , 0.50010533, 1.        ]), array([0.        , 0.63533373, 1.        ]), array([2, 1, 0]))",0.6353337319444882,0.1278339375603389,0.5447907158690833,0.38647740651052387,0.5676142019530822,15.722639005145433,0.4806017937166357,0.4193269666141876,xgboost,0-0-0,3-1-2
951,"[[146448 146481]
 [ 53326  93395]]","(array([0.        , 0.50005633, 1.        ]), array([0.        , 0.63654828, 1.        ]), array([2, 1, 0]))",0.6365482787058431,0.12926218226414093,0.5455316729216422,0.3893469959479064,0.5682459755316542,15.697046334514024,0.48316463914619096,0.42213383353296113,xgboost,0-0-0,3-1-3
952,"[[34165 35262]
 [12295 22229]]","(array([0.        , 0.50790038, 1.        ]), array([0.        , 0.64387093, 1.        ]), array([2, 1, 0]))",0.6438709303672807,0.1288042106135238,0.542505603601697,0.38665182376371954,0.5679852728953375,15.801567896579648,0.48316035429006143,0.4202270046278092,xgboost,0-0-0,3-2-0
953,"[[36249 36437]
 [13228 23215]]","(array([0.        , 0.50129323, 1.        ]), array([0.       , 0.6370222, 1.       ]), array([2, 1, 0]))",0.6370221990505721,0.1285851451161921,0.5448964070045542,0.38917387514249313,0.567864482570164,15.71898821197668,0.48316769863156256,0.422012644927668,xgboost,0-0-0,3-2-1
954,"[[132149 132240]
 [ 47904  83568]]","(array([0.        , 0.50017209, 1.        ]), array([0.        , 0.63563344, 1.        ]), array([2, 1, 0]))",0.6356334428623586,0.12812083720829376,0.5449311753367975,0.38723309608540923,0.567730673978373,15.717787490177008,0.48127159640635797,0.42006466245234764,xgboost,0-0-0,3-2-2
955,"[[106410 106264]
 [ 38534  67587]]","(array([0.        , 0.49965675, 1.        ]), array([0.       , 0.6368862, 1.       ]), array([2, 1, 0]))",0.6368861959461369,0.12987227660036135,0.5457958876393921,0.388763941536143,0.5686147221490373,15.687920804440468,0.4828125669709828,0.4216150463179564,xgboost,0-0-0,3-2-3
956,"[[34250 34184]
 [12250 22059]]","(array([0.        , 0.49951778, 1.        ]), array([0.        , 0.64295083, 1.        ]), array([2, 1, 0]))",0.6429508292284823,0.1359028291290267,0.5480568019232454,0.3922088082072436,0.5717165228353008,15.609831098564735,0.4872117678240127,0.42538789961470375,xgboost,0-0-0,3-3-0
957,"[[112308 112658]
 [ 41385  71180]]","(array([0.       , 0.5007779, 1.       ]), array([0.        , 0.63234576, 1.        ]), array([2, 1, 0]))",0.6323457557855461,0.12455617302736467,0.5436182158083257,0.38718872050392195,0.5657839302295706,15.76313527719977,0.4802920348309565,0.4197344787284605,xgboost,0-0-0,3-3-1
958,"[[82030 82813]
 [29695 52606]]","(array([0.        , 0.50237499, 1.        ]), array([0.        , 0.63919029, 1.        ]), array([2, 1, 0]))",0.6391902893038967,0.12955599142329044,0.5447674230408183,0.38846838331401057,0.5684076510974752,15.723444112341783,0.4832445342641925,0.4215379733547871,xgboost,0-0-0,3-3-2
959,"[[52511 52875]
 [19123 33533]]","(array([0.        , 0.50172698, 1.        ]), array([0.        , 0.63683151, 1.        ]), array([2, 1, 0]))",0.6368315101792769,0.1279230224061741,0.5444375545741006,0.38807749282473847,0.5675522627851578,15.734836952170314,0.48226715756773864,0.42096422689109386,xgboost,0-0-0,3-3-3
960,"[[165462  89918]
 [ 22512 115127]]","(array([0.        , 0.35209492, 1.        ]), array([0.        , 0.83644171, 1.        ]), array([2, 1, 0]))",0.8364417062024572,0.46253770060426047,0.7139324053035604,0.5614718720280913,0.7421733944122161,9.88060762528411,0.6719134829755693,0.6009851548152625,xgboost,2-3-0,0-0-0
961,"[[119139  66380]
 [ 16393  83512]]","(array([0.        , 0.35780702, 1.        ]), array([0.        , 0.83591412, 1.        ]), array([2, 1, 0]))",0.8359141184124919,0.45667038961246104,0.7099998598576154,0.5571478130920929,0.7390535506707321,10.016435954276297,0.6686389348150698,0.5969637141104803,xgboost,2-3-0,0-0-1
962,"[[187981 104499]
 [ 25672 131519]]","(array([0.        , 0.35728597, 1.        ]), array([0.        , 0.83668276, 1.        ]), array([2, 1, 0]))",0.8366827617357228,0.45775172510772144,0.7105194686782114,0.5572413968426136,0.7396983967321941,9.99848916037231,0.6689521348697511,0.5971280248224085,xgboost,2-3-0,0-0-2
963,"[[51112 28302]
 [ 6896 36042]]","(array([0.        , 0.35638552, 1.        ]), array([0.        , 0.83939634, 1.        ]), array([2, 1, 0]))",0.8393963389072616,0.4616664583348919,0.7123218255525042,0.5601454681089146,0.7415054074721164,9.936237100779193,0.6719114110475196,0.6000719247187944,xgboost,2-3-0,0-0-3
964,"[[171407  95553]
 [ 23065 120435]]","(array([0.        , 0.35793003, 1.        ]), array([0.        , 0.83926829, 1.        ]), array([2, 1, 0]))",0.8392682926829268,0.45968050355304163,0.7110120352774936,0.5576004222456803,0.740669132856297,9.981476836585207,0.6700362738116433,0.5977207847123237,xgboost,2-3-0,0-1-0
965,"[[83121 45283]
 [11097 57740]]","(array([0.        , 0.35266035, 1.        ]), array([0.        , 0.83879309, 1.        ]), array([2, 1, 0]))",0.8387930909249386,0.46389647885749263,0.7141567929588676,0.5604573735961873,0.7430663688324578,9.872858185242904,0.6719422785988596,0.600296509463975,xgboost,2-3-0,0-1-1
966,"[[203004 112760]
 [ 27792 141960]]","(array([0.        , 0.35710214, 1.        ]), array([0.        , 0.83627881, 1.        ]), array([2, 1, 0]))",0.8362788067298176,0.45755020897098675,0.7105100552813913,0.5573178391959799,0.7395883335786126,9.99881417391747,0.6688780414255828,0.5971570679571135,xgboost,2-3-0,0-1-2
967,"[[202397 112429]
 [ 27725 141583]]","(array([0.        , 0.35711472, 1.        ]), array([0.        , 0.83624519, 1.        ]), array([2, 1, 0]))",0.8362451862877124,0.4575321665462593,0.7105057690639368,0.557387052580193,0.7395652312995358,9.998962198052178,0.6689171312482284,0.5972172073199951,xgboost,2-3-0,0-1-3
968,"[[32873 16394]
 [ 5446 21540]]","(array([0.        , 0.33275824, 1.        ]), array([0.        , 0.79819165, 1.        ]), array([2, 1, 0]))",0.798191654932187,0.4451265273965532,0.7135850392771432,0.5678283334212052,0.7327167095981495,9.892594193869355,0.6635859519408503,0.602611877664753,xgboost,2-3-0,0-2-0
969,"[[82362 44897]
 [11053 57656]]","(array([0.        , 0.35280019, 1.        ]), array([0.        , 0.83913316, 1.        ]), array([2, 1, 0]))",0.8391331557728973,0.4646246830539542,0.7144942031352057,0.5622068588924751,0.7431664804473677,9.861204068118651,0.6733075638495405,0.6019364362807227,xgboost,2-3-0,0-2-1
970,"[[70092 38097]
 [ 9524 48513]]","(array([0.        , 0.35213377, 1.        ]), array([0.        , 0.83589779, 1.        ]), array([2, 1, 0]))",0.8358977893412823,0.4616293382203024,0.7135165377257469,0.560131624523727,0.741882011715812,9.894971502444504,0.6707778246351462,0.5997003537902031,xgboost,2-3-0,0-2-2
971,"[[177860  98916]
 [ 24328 124793]]","(array([0.        , 0.35738648, 1.        ]), array([0.        , 0.83685732, 1.        ]), array([2, 1, 0]))",0.8368573172121968,0.45801151842624205,0.710624869393304,0.5578362962598733,0.7397354193078933,9.994848639445165,0.6694364723868786,0.5976922421134204,xgboost,2-3-0,0-2-3
972,"[[164993  92782]
 [ 22643 115551]]","(array([0.        , 0.35993405, 1.        ]), array([0.        , 0.83615063, 1.        ]), array([2, 1, 0]))",0.836150628826143,0.45460309107428104,0.7084999078210668,0.5546456874330999,0.7381082889063311,10.068243861593546,0.6669090720203621,0.5946881503943282,xgboost,2-3-0,0-3-0
973,"[[106187  58561]
 [ 14128  74176]]","(array([0.        , 0.35545803, 1.        ]), array([0.        , 0.84000725, 1.        ]), array([2, 1, 0]))",0.8400072476897988,0.46246862173342546,0.7127507389785499,0.5588193194060436,0.742274607407674,9.921423037932012,0.6711515058292353,0.5989161116960462,xgboost,2-3-0,0-3-1
974,"[[63133 35497]
 [ 8592 44306]]","(array([0.        , 0.35990064, 1.        ]), array([0.       , 0.8375742, 1.       ]), array([2, 1, 0]))",0.8375741994026239,0.4560478986279258,0.7090372736391954,0.5551921606957132,0.7388367803258684,10.049683858991056,0.6677568367985169,0.5953347128537261,xgboost,2-3-0,0-3-2
975,"[[170492  92512]
 [ 23058 118208]]","(array([0.       , 0.3517513, 1.       ]), array([0.        , 0.83677601, 1.        ]), array([2, 1, 0]))",0.8367760112128891,0.4629290090154599,0.7141266975041433,0.5609719058466212,0.7425123535251075,9.873897049786748,0.6716630775087645,0.6005612988316774,xgboost,2-3-0,0-3-3
976,"[[   821  32554]
 [  1286 202985]]","(array([0.        , 0.97540075, 1.        ]), array([0.        , 0.99370444, 1.        ]), array([2, 1, 0]))",0.9937044416485943,0.06784049787623622,0.8576033259554127,0.8617893427415417,0.5091518462924619,4.9183164172698906,0.9230576839999091,0.8852940483781347,xgboost,2-3-0,1-0-0
977,"[[  1823  60476]
 [  3390 378123]]","(array([0.        , 0.97073789, 1.        ]), array([0.        , 0.99111433, 1.        ]), array([2, 1, 0]))",0.9911143263794419,0.06569702367772344,0.8560967256405866,0.8621155086992902,0.5101882166576739,4.970351972663097,0.9221252706947343,0.8851570923667627,xgboost,2-3-0,1-0-1
978,"[[   549  18295]
 [  1603 113196]]","(array([0.        , 0.97086606, 1.        ]), array([0.        , 0.98603646, 1.        ]), array([2, 1, 0]))",0.9860364637322625,0.04194533276898467,0.8511107951781987,0.8608650021674488,0.5075852027852567,5.1425604134965415,0.9192090624873118,0.8832907018663686,xgboost,2-3-0,1-0-2
979,"[[   632  22312]
 [   884 137065]]","(array([0.        , 0.97245467, 1.        ]), array([0.        , 0.99359183, 1.        ]), array([2, 1, 0]))",0.9935918346635351,0.07650293647012031,0.8558296507616864,0.8600048940562315,0.5105685812090339,4.979578340103116,0.9219846229391307,0.8837691838490077,xgboost,2-3-0,1-0-3
980,"[[  1071  36333]
 [  1530 225306]]","(array([0.       , 0.9713667, 1.       ]), array([0.        , 0.99325504, 1.        ]), array([2, 1, 0]))",0.993255038882717,0.07728699588775403,0.8567098092643052,0.8611330879570707,0.5109441700669601,4.949177802050918,0.9224873330262552,0.8846686644803801,xgboost,2-3-0,1-1-0
981,"[[   810  30547]
 [  1228 190922]]","(array([0.        , 0.97416845, 1.        ]), array([0.        , 0.99360916, 1.        ]), array([2, 1, 0]))",0.9936091595107989,0.07102987622851507,0.8578344302415585,0.8620709896193147,0.5097203561370686,4.910334106989882,0.9231780938496539,0.8855166758501187,xgboost,2-3-0,1-1-1
982,"[[   563  20195]
 [   931 125955]]","(array([0.        , 0.97287793, 1.        ]), array([0.        , 0.99266271, 1.        ]), array([2, 1, 0]))",0.9926627051053701,0.06871571845226633,0.8569125734875782,0.8618200478959973,0.5098923892614239,4.942173999546111,0.9226255878345713,0.8851544513876591,xgboost,2-3-0,1-1-2
983,"[[   611  23952]
 [   914 150151]]","(array([0.        , 0.97512519, 1.        ]), array([0.        , 0.99394962, 1.        ]), array([2, 1, 0]))",0.993949624333896,0.07037307959876787,0.8584166533810098,0.8624262649121497,0.5094122180212818,4.890224598546344,0.9235287605176401,0.8858706489969641,xgboost,2-3-0,1-1-3
984,"[[   737  28353]
 [  1139 176639]]","(array([0.        , 0.97466483, 1.        ]), array([0.        , 0.99359313, 1.        ]), array([2, 1, 0]))",0.9935931330085838,0.06941248614259056,0.8574356594543381,0.8616872853574774,0.509464149866272,4.924107471550188,0.922951119471223,0.8851902187530695,xgboost,2-3-0,1-2-0
985,"[[  1112  40113]
 [  1617 247363]]","(array([0.        , 0.97302608, 1.        ]), array([0.       , 0.9935055, 1.       ]), array([2, 1, 0]))",0.993505502449996,0.07407604379975971,0.8562050963973743,0.8604648735894475,0.5102397130200252,4.966610544998674,0.92221170049361,0.8841440748482361,xgboost,2-3-0,1-2-1
986,"[[  1741  59130]
 [  2633 364236]]","(array([0.        , 0.97139853, 1.        ]), array([0.        , 0.99282305, 1.        ]), array([2, 1, 0]))",0.9928230512798847,0.07440025910057055,0.8556062093795296,0.8603336120519834,0.5107122599797758,4.987295381949119,0.9218422368029764,0.8839250742477067,xgboost,2-3-0,1-2-2
987,"[[  1716  63989]
 [   772 397812]]","(array([0.        , 0.97388327, 1.        ]), array([0.        , 0.99806314, 1.        ]), array([2, 1, 0]))",0.9980631435280894,0.11544114155357407,0.860515756350032,0.861435986496348,0.5120899387071998,4.817725303745666,0.9247302079882843,0.8856846683658476,xgboost,2-3-0,1-2-3
988,"[[  2912  33305]
 [  4156 215763]]","(array([0.        , 0.91959577, 1.        ]), array([0.        , 0.98110213, 1.        ]), array([2, 1, 0]))",0.9811021330580805,0.13082791596386154,0.8537456663647437,0.8662814974223907,0.5307531815578941,5.051549696732054,0.9201235855151636,0.8870440580468035,xgboost,2-3-0,1-3-0
989,"[[  377 12253]
 [  535 76044]]","(array([0.        , 0.97015044, 1.        ]), array([0.        , 0.99301375, 1.        ]), array([2, 1, 0]))",0.9930137505060134,0.0792365080649602,0.8566512347408893,0.8612297133537946,0.5114316575174565,4.951200775767355,0.922438681190713,0.8847119485674797,xgboost,2-3-0,1-3-1
990,"[[  1748  68562]
 [  1997 427274]]","(array([0.        , 0.97513867, 1.        ]), array([0.        , 0.99534793, 1.        ]), array([2, 1, 0]))",0.9953479270670509,0.08147599995360306,0.8587636439336164,0.8617244411458628,0.5101046277349193,4.878240656965563,0.9237288227199666,0.8854997585607318,xgboost,2-3-0,1-3-2
991,"[[  1541  54394]
 [   147 340847]]","(array([0.        , 0.97245017, 1.        ]), array([0.        , 0.99956891, 1.        ]), array([2, 1, 0]))",0.9995689073708042,0.14499983678991887,0.862592554335914,0.8623776379474801,0.5135593710001425,4.74599461530259,0.9259190340040883,0.8867181280756394,xgboost,2-3-0,1-3-3
992,"[[147500  44372]
 [  1263 190579]]","(array([0.        , 0.23125834, 1.        ]), array([0.        , 0.99341646, 1.        ]), array([2, 1, 0]))",0.9934164572929807,0.782143814594692,0.8810702762995356,0.8111436001549259,0.8810790592001928,4.107779597614164,0.893074628684163,0.8420433598492816,xgboost,2-3-0,2-0-0
993,"[[153415  50977]
 [   343 204227]]","(array([0.      , 0.249408, 1.      ]), array([0.        , 0.99832331, 1.        ]), array([2, 1, 0]))",0.9983233123136335,0.7730774938615586,0.8745115683119703,0.8002499960815661,0.8744576560002548,4.3343165518190325,0.88837994318948,0.8333170119456238,xgboost,2-3-0,2-0-1
994,"[[ 78513  23287]
 [   722 101715]]","(array([0.        , 0.22875246, 1.        ]), array([0.        , 0.99295177, 1.        ]), array([2, 1, 0]))",0.9929517654753653,0.7841369942861696,0.8824453943213032,0.8137069806883089,0.8820996548398439,4.060283409425165,0.8944376294303087,0.8441849463436495,xgboost,2-3-0,2-0-2
995,"[[191592  57084]
 [  1771 246582]]","(array([0.        , 0.22955171, 1.        ]), array([0.        , 0.99286902, 1.        ]), array([2, 1, 0]))",0.9928690211110798,0.7828381532488861,0.8815863863074388,0.8120171504218451,0.8816586576384912,4.089953159558445,0.8933822930007843,0.8427174803847121,xgboost,2-3-0,2-0-3
996,"[[28237 10130]
 [ 7006 31645]]","(array([0.        , 0.26402898, 1.        ]), array([0.       , 0.8187369, 1.       ]), array([2, 1, 0]))",0.8187369020206463,0.5567099582541091,0.7775065569087746,0.757510472770796,0.7773539593899201,7.6847564494684,0.7869345733966628,0.7690120582646014,xgboost,2-3-0,2-1-0
997,"[[161345  56949]
 [   192 218077]]","(array([0.        , 0.26088211, 1.        ]), array([0.        , 0.99912035, 1.        ]), array([2, 1, 0]))",0.9991203514928826,0.7645230479666947,0.8691116746036655,0.7929323045821123,0.8691191191896875,4.520826909874734,0.8841646479287243,0.8270686672133002,xgboost,2-3-0,2-1-1
998,"[[50812 15115]
 [  505 65266]]","(array([0.        , 0.22926874, 1.        ]), array([0.        , 0.99232184, 1.        ]), array([2, 1, 0]))",0.9923218439737879,0.7823413991747921,0.8813953135203269,0.8119580497878852,0.8815265536704227,4.09655251563169,0.8931249657890415,0.8425876915529507,xgboost,2-3-0,2-1-2
999,"[[123870  50932]
 [  8376 166780]]","(array([0.        , 0.29136966, 1.        ]), array([0.        , 0.95217977, 1.        ]), array([2, 1, 0]))",0.9521797711754093,0.6814436184207918,0.8305282348167494,0.7660579113691482,0.8304050536063773,5.853463774297707,0.84903835384913,0.7972244848012052,xgboost,2-3-0,2-1-3
1000,"[[113669  85096]
 [   292 198710]]","(array([0.        , 0.42812366, 1.        ]), array([0.        , 0.99853268, 1.        ]), array([2, 1, 0]))",0.9985326780635371,0.6308064789065296,0.7853316137336682,0.7001613778426108,0.7852045072203329,7.414554453616195,0.8231429470928403,0.7446639474871574,xgboost,2-3-0,2-2-0
1001,"[[125765  37597]
 [  1030 162474]]","(array([0.        , 0.23014532, 1.        ]), array([0.        , 0.99370046, 1.        ]), array([2, 1, 0]))",0.9937004599275858,0.7834963552272357,0.8818261917727754,0.8120817109925976,0.8817775692471024,4.081670709926388,0.8937578216324004,0.8428928353538331,xgboost,2-3-0,2-2-1
1002,"[[162282  55111]
 [   326 216575]]","(array([0.        , 0.25350862, 1.        ]), array([0.        , 0.99849701, 1.        ]), array([2, 1, 0]))",0.9984970101567074,0.7696592164561206,0.8723514485578894,0.7971518591314974,0.8724941937619821,4.408926242634343,0.8865360723883362,0.8306517495176985,xgboost,2-3-0,2-2-2
1003,"[[154757  54815]
 [   327 210288]]","(array([0.        , 0.26155689, 1.        ]), array([0.       , 0.9984474, 1.       ]), array([2, 1, 0]))",0.9984474040310519,0.7635252914479551,0.8687679533160236,0.793231310094567,0.8684452583303007,4.532698626804975,0.8840867909139449,0.8272365575239551,xgboost,2-3-0,2-2-3
1004,"[[60212    25]
 [  388 59655]]","(array([0.        , 0.00041503, 1.        ]), array([0.        , 0.99353796, 1.        ]), array([2, 1, 0]))",0.9935379644588045,0.9931506976528548,0.996566345194546,0.9995810991957105,0.9965614685750037,0.11859440173789478,0.9965503704384286,0.998366598273548,xgboost,2-3-0,2-3-0
1005,"[[29195  9414]
 [   13 38535]]","(array([0.        , 0.24382916, 1.        ]), array([0.        , 0.99966276, 1.        ]), array([2, 1, 0]))",0.9996627581197468,0.7791672831555815,0.8778205477144005,0.8036663955452669,0.8779167995576849,4.220026342198776,0.891013561163971,0.8364663286215401,xgboost,2-3-0,2-3-1
1006,"[[159992  51138]
 [  1537 210640]]","(array([0.        , 0.24221096, 1.        ]), array([0.        , 0.99275605, 1.        ]), array([2, 1, 0]))",0.9927560480165145,0.7725188552034785,0.8755631255802526,0.8046512693962059,0.8752725439722606,4.297993976984331,0.8888607568229051,0.8363449533824245,xgboost,2-3-0,2-3-2
1007,"[[159415  52009]
 [  9120 202051]]","(array([0.        , 0.24599383, 1.        ]), array([0.        , 0.95681225, 1.        ]), array([2, 1, 0]))",0.9568122516822859,0.725838088884127,0.8553485015203682,0.7952885145241282,0.8554092096916047,4.9961841680740235,0.8686050585623056,0.8230780072852534,xgboost,2-3-0,2-3-3
1008,"[[39825 34086]
 [   66 36529]]","(array([0.        , 0.46117628, 1.        ]), array([0.        , 0.99819647, 1.        ]), array([2, 1, 0]))",0.9981964749282689,0.526223319202914,0.6909489077516153,0.5172980244990442,0.7685100976743873,10.674493208667359,0.6814476261542766,0.5724561595963078,xgboost,2-3-0,3-0-0
1009,"[[141174 116740]
 [   633 129002]]","(array([0.       , 0.4526315, 1.       ]), array([0.        , 0.99511706, 1.        ]), array([2, 1, 0]))",0.9951170594361091,0.5313714906710295,0.6971402325899435,0.5249489301788054,0.7712427810576483,10.460646645466385,0.6873196812804194,0.5797305957291145,xgboost,2-3-0,3-0-1
1010,"[[43152 37753]
 [  194 40163]]","(array([0.        , 0.46663371, 1.        ]), array([0.       , 0.9951929, 1.       ]), array([2, 1, 0]))",0.9951929033377109,0.5197002369748028,0.6870660223318105,0.515465372965758,0.7642795985695414,10.80860562302665,0.6791575422962132,0.5704631257794279,xgboost,2-3-0,3-0-2
1011,"[[108575  88585]
 [   519  97960]]","(array([0.        , 0.44930513, 1.        ]), array([0.        , 0.99472984, 1.        ]), array([2, 1, 0]))",0.9947298408797814,0.5327504044669525,0.6986053937403387,0.5251279852046423,0.772712353996393,10.410040502878424,0.687380711799708,0.5798789807484441,xgboost,2-3-0,3-0-3
1012,"[[117065 118939]
 [   161 118133]]","(array([0.        , 0.50397027, 1.        ]), array([0.        , 0.99863898, 1.        ]), array([2, 1, 0]))",0.9986389842257426,0.4957964103756133,0.6638423022427448,0.4983000944860633,0.7473343562677162,11.610743983744229,0.6648525745287956,0.553792394771335,xgboost,2-3-0,3-1-0
1013,"[[ 97187 114946]
 [   159 106480]]","(array([0.        , 0.54185817, 1.        ]), array([0.        , 0.99850899, 1.        ]), array([2, 1, 0]))",0.9985089882688323,0.4678137932145588,0.638911196717403,0.48088300380262483,0.7283254071936761,12.471853762132199,0.6491396522030696,0.5365080420781928,xgboost,2-3-0,3-1-1
1014,"[[72986 55185]
 [  350 63204]]","(array([0.        , 0.43055761, 1.        ]), array([0.        , 0.99449287, 1.        ]), array([2, 1, 0]))",0.9944928722031658,0.5462372258991388,0.7103403312035468,0.5338671667131237,0.7819676288831012,10.004720682621205,0.6947670424253751,0.5883710971681778,xgboost,2-3-0,3-1-2
1015,"[[162604 130325]
 [   814 145907]]","(array([0.        , 0.44490303, 1.        ]), array([0.        , 0.99445206, 1.        ]), array([2, 1, 0]))",0.9944520552613464,0.536224712736079,0.7017195496417605,0.5282045526948362,0.7747745120757095,10.302478801745213,0.6899442727678962,0.582859092285457,xgboost,2-3-0,3-1-3
1016,"[[38262 31165]
 [  180 34344]]","(array([0.        , 0.44888876, 1.        ]), array([0.        , 0.99478624, 1.        ]), array([2, 1, 0]))",0.9947862356621481,0.5325769508589566,0.6984636992429125,0.5242638416095499,0.7729487374027104,10.414934589877802,0.6866534043765558,0.5790396547073106,xgboost,2-3-0,3-2-0
1017,"[[40563 32123]
 [  223 36220]]","(array([0.        , 0.44194205, 1.        ]), array([0.        , 0.99388086, 1.        ]), array([2, 1, 0]))",0.9938808550338886,0.5380477205998301,0.7035984935260104,0.529973808583176,0.7759694014596566,10.237580723162782,0.6913137251159507,0.5845423881994093,xgboost,2-3-0,3-2-1
1018,"[[130883 133506]
 [   914 130558]]","(array([0.        , 0.50496049, 1.        ]), array([0.        , 0.99304795, 1.        ]), array([2, 1, 0]))",0.9930479493732506,0.4877851903849087,0.6604363652898366,0.49441801987396994,0.7440437277777145,11.728382119123658,0.6601573560940092,0.549612369161963,xgboost,2-3-0,3-2-2
1019,"[[118104  94570]
 [   609 105512]]","(array([0.        , 0.44467119, 1.        ]), array([0.        , 0.99426127, 1.        ]), array([2, 1, 0]))",0.9942612677980796,0.5357270833928889,0.7014413651406076,0.5273437890464909,0.7747950404555535,10.312087129409742,0.689163724718569,0.5820073716226727,xgboost,2-3-0,3-2-3
1020,"[[37555 30879]
 [  154 34155]]","(array([0.        , 0.45122308, 1.        ]), array([0.        , 0.99551138, 1.        ]), array([2, 1, 0]))",0.995511381853158,0.5325694557370257,0.6979550918310736,0.5251868253528923,0.7721441528022548,10.432501860295204,0.6876176479470117,0.5799894717179779,xgboost,2-3-0,3-3-0
1021,"[[125375  99591]
 [   599 111966]]","(array([0.        , 0.44269356, 1.        ]), array([0.        , 0.99467863, 1.        ]), array([2, 1, 0]))",0.9946786301248167,0.5380632129198815,0.703168005309142,0.5292474368609879,0.7759925337710132,10.252449818575988,0.6908879989633533,0.5838903704970729,xgboost,2-3-0,3-3-1
1022,"[[91136 73707]
 [  454 81847]]","(array([0.        , 0.44713455, 1.        ]), array([0.        , 0.99448366, 1.        ]), array([2, 1, 0]))",0.9944836636249863,0.5341184892343908,0.6999279772116661,0.5261645473597593,0.773674558710208,10.364358965424039,0.6882092030859136,0.5808731371989604,xgboost,2-3-0,3-3-2
1023,"[[59941 45445]
 [  311 52345]]","(array([0.        , 0.43122426, 1.        ]), array([0.        , 0.99409374, 1.        ]), array([2, 1, 0]))",0.9940937405044059,0.5462483478563827,0.7104820237658344,0.5352796809489723,0.7814347396086638,9.999826567815825,0.6958642968241097,0.5897151071615264,xgboost,2-3-0,3-3-3
